[0.084s] DEBUG:colcon:Command line arguments: ['/usr/bin/colcon', 'build']
[0.084s] DEBUG:colcon:Parsed command line arguments: Namespace(log_base=None, log_level=None, verb_name='build', build_base='build', install_base='install', merge_install=False, symlink_install=False, test_result_base=None, continue_on_error=False, executor='parallel', parallel_workers=8, event_handlers=None, ignore_user_meta=False, metas=['./colcon.meta'], base_paths=['.'], packages_ignore=None, packages_ignore_regex=None, paths=None, packages_up_to=None, packages_up_to_regex=None, packages_above=None, packages_above_and_dependencies=None, packages_above_depth=None, packages_select_by_dep=None, packages_skip_by_dep=None, packages_skip_up_to=None, packages_select_build_failed=False, packages_skip_build_finished=False, packages_select_test_failures=False, packages_skip_test_passed=False, packages_select=None, packages_skip=None, packages_select_regex=None, packages_skip_regex=None, packages_start=None, packages_end=None, cmake_args=None, cmake_target=None, cmake_target_skip_unavailable=False, cmake_clean_cache=False, cmake_clean_first=False, cmake_force_configure=False, ament_cmake_args=None, catkin_cmake_args=None, catkin_skip_building_tests=False, mixin_files=None, mixin=None, verb_parser=<colcon_mixin.mixin.mixin_argument.MixinArgumentDecorator object at 0x757a6a4983d0>, verb_extension=<colcon_core.verb.build.BuildVerb object at 0x757a6a426170>, main=<bound method BuildVerb.main of <colcon_core.verb.build.BuildVerb object at 0x757a6a426170>>, mixin_verb=('build',))
[0.193s] Level 1:colcon.colcon_core.package_discovery:discover_packages(colcon_meta) check parameters
[0.193s] INFO:colcon.colcon_metadata.package_discovery.colcon_meta:Using configuration from '/root/.colcon/metadata/default/Gazebo.meta'
[0.194s] INFO:colcon.colcon_metadata.package_discovery.colcon_meta:Using configuration from '/root/.colcon/metadata/default/fastdds.meta'
[0.194s] INFO:colcon.colcon_metadata.package_discovery.colcon_meta:Using configuration from '/root/.colcon/metadata/default/fastrtps.meta'
[0.194s] Level 1:colcon.colcon_core.package_discovery:discover_packages(recursive) check parameters
[0.194s] Level 1:colcon.colcon_core.package_discovery:discover_packages(ignore) check parameters
[0.194s] Level 1:colcon.colcon_core.package_discovery:discover_packages(path) check parameters
[0.194s] Level 1:colcon.colcon_core.package_discovery:discover_packages(colcon_meta) discover
[0.194s] Level 1:colcon.colcon_core.package_discovery:discover_packages(recursive) discover
[0.194s] INFO:colcon.colcon_core.package_discovery:Crawling recursively for packages in '/root/aerostack2_ws'
[0.194s] Level 1:colcon.colcon_core.package_identification:_identify(.) by extensions ['ignore', 'ignore_ament_install']
[0.194s] Level 1:colcon.colcon_core.package_identification:_identify(.) by extension 'ignore'
[0.194s] Level 1:colcon.colcon_core.package_identification:_identify(.) by extension 'ignore_ament_install'
[0.194s] Level 1:colcon.colcon_core.package_identification:_identify(.) by extensions ['colcon_pkg']
[0.194s] Level 1:colcon.colcon_core.package_identification:_identify(.) by extension 'colcon_pkg'
[0.194s] Level 1:colcon.colcon_core.package_identification:_identify(.) by extensions ['colcon_meta']
[0.194s] Level 1:colcon.colcon_core.package_identification:_identify(.) by extension 'colcon_meta'
[0.194s] Level 1:colcon.colcon_core.package_identification:_identify(.) by extensions ['ros']
[0.194s] Level 1:colcon.colcon_core.package_identification:_identify(.) by extension 'ros'
[0.202s] Level 1:colcon.colcon_core.package_identification:_identify(.) by extensions ['cmake', 'python']
[0.202s] Level 1:colcon.colcon_core.package_identification:_identify(.) by extension 'cmake'
[0.202s] Level 1:colcon.colcon_core.package_identification:_identify(.) by extension 'python'
[0.202s] Level 1:colcon.colcon_core.package_identification:_identify(.) by extensions ['python_setup_py']
[0.202s] Level 1:colcon.colcon_core.package_identification:_identify(.) by extension 'python_setup_py'
[0.202s] Level 1:colcon.colcon_core.package_identification:_identify(build) by extensions ['ignore', 'ignore_ament_install']
[0.202s] Level 1:colcon.colcon_core.package_identification:_identify(build) by extension 'ignore'
[0.202s] Level 1:colcon.colcon_core.package_identification:_identify(build) ignored
[0.202s] Level 1:colcon.colcon_core.package_identification:_identify(install) by extensions ['ignore', 'ignore_ament_install']
[0.202s] Level 1:colcon.colcon_core.package_identification:_identify(install) by extension 'ignore'
[0.202s] Level 1:colcon.colcon_core.package_identification:_identify(install) ignored
[0.202s] Level 1:colcon.colcon_core.package_identification:_identify(log) by extensions ['ignore', 'ignore_ament_install']
[0.202s] Level 1:colcon.colcon_core.package_identification:_identify(log) by extension 'ignore'
[0.202s] Level 1:colcon.colcon_core.package_identification:_identify(log) ignored
[0.202s] Level 1:colcon.colcon_core.package_identification:_identify(src) by extensions ['ignore', 'ignore_ament_install']
[0.202s] Level 1:colcon.colcon_core.package_identification:_identify(src) by extension 'ignore'
[0.202s] Level 1:colcon.colcon_core.package_identification:_identify(src) by extension 'ignore_ament_install'
[0.202s] Level 1:colcon.colcon_core.package_identification:_identify(src) by extensions ['colcon_pkg']
[0.202s] Level 1:colcon.colcon_core.package_identification:_identify(src) by extension 'colcon_pkg'
[0.202s] Level 1:colcon.colcon_core.package_identification:_identify(src) by extensions ['colcon_meta']
[0.202s] Level 1:colcon.colcon_core.package_identification:_identify(src) by extension 'colcon_meta'
[0.202s] Level 1:colcon.colcon_core.package_identification:_identify(src) by extensions ['ros']
[0.202s] Level 1:colcon.colcon_core.package_identification:_identify(src) by extension 'ros'
[0.202s] Level 1:colcon.colcon_core.package_identification:_identify(src) by extensions ['cmake', 'python']
[0.202s] Level 1:colcon.colcon_core.package_identification:_identify(src) by extension 'cmake'
[0.203s] Level 1:colcon.colcon_core.package_identification:_identify(src) by extension 'python'
[0.203s] Level 1:colcon.colcon_core.package_identification:_identify(src) by extensions ['python_setup_py']
[0.203s] Level 1:colcon.colcon_core.package_identification:_identify(src) by extension 'python_setup_py'
[0.203s] Level 1:colcon.colcon_core.package_identification:_identify(src/aerostack2) by extensions ['ignore', 'ignore_ament_install']
[0.203s] Level 1:colcon.colcon_core.package_identification:_identify(src/aerostack2) by extension 'ignore'
[0.203s] Level 1:colcon.colcon_core.package_identification:_identify(src/aerostack2) by extension 'ignore_ament_install'
[0.203s] Level 1:colcon.colcon_core.package_identification:_identify(src/aerostack2) by extensions ['colcon_pkg']
[0.203s] Level 1:colcon.colcon_core.package_identification:_identify(src/aerostack2) by extension 'colcon_pkg'
[0.203s] Level 1:colcon.colcon_core.package_identification:_identify(src/aerostack2) by extensions ['colcon_meta']
[0.203s] Level 1:colcon.colcon_core.package_identification:_identify(src/aerostack2) by extension 'colcon_meta'
[0.203s] Level 1:colcon.colcon_core.package_identification:_identify(src/aerostack2) by extensions ['ros']
[0.203s] Level 1:colcon.colcon_core.package_identification:_identify(src/aerostack2) by extension 'ros'
[0.203s] Level 1:colcon.colcon_core.package_identification:_identify(src/aerostack2) by extensions ['cmake', 'python']
[0.203s] Level 1:colcon.colcon_core.package_identification:_identify(src/aerostack2) by extension 'cmake'
[0.203s] Level 1:colcon.colcon_core.package_identification:_identify(src/aerostack2) by extension 'python'
[0.203s] Level 1:colcon.colcon_core.package_identification:_identify(src/aerostack2) by extensions ['python_setup_py']
[0.203s] Level 1:colcon.colcon_core.package_identification:_identify(src/aerostack2) by extension 'python_setup_py'
[0.203s] Level 1:colcon.colcon_core.package_identification:_identify(src/aerostack2/aerostack2) by extensions ['ignore', 'ignore_ament_install']
[0.203s] Level 1:colcon.colcon_core.package_identification:_identify(src/aerostack2/aerostack2) by extension 'ignore'
[0.203s] Level 1:colcon.colcon_core.package_identification:_identify(src/aerostack2/aerostack2) by extension 'ignore_ament_install'
[0.203s] Level 1:colcon.colcon_core.package_identification:_identify(src/aerostack2/aerostack2) by extensions ['colcon_pkg']
[0.203s] Level 1:colcon.colcon_core.package_identification:_identify(src/aerostack2/aerostack2) by extension 'colcon_pkg'
[0.203s] Level 1:colcon.colcon_core.package_identification:_identify(src/aerostack2/aerostack2) by extensions ['colcon_meta']
[0.203s] Level 1:colcon.colcon_core.package_identification:_identify(src/aerostack2/aerostack2) by extension 'colcon_meta'
[0.203s] Level 1:colcon.colcon_core.package_identification:_identify(src/aerostack2/aerostack2) by extensions ['ros']
[0.203s] Level 1:colcon.colcon_core.package_identification:_identify(src/aerostack2/aerostack2) by extension 'ros'
[0.205s] DEBUG:colcon.colcon_core.package_identification:Package 'src/aerostack2/aerostack2' with type 'ros.ament_cmake' and name 'aerostack2'
[0.205s] Level 1:colcon.colcon_core.package_identification:_identify(src/aerostack2/as2_aerial_platforms) by extensions ['ignore', 'ignore_ament_install']
[0.205s] Level 1:colcon.colcon_core.package_identification:_identify(src/aerostack2/as2_aerial_platforms) by extension 'ignore'
[0.205s] Level 1:colcon.colcon_core.package_identification:_identify(src/aerostack2/as2_aerial_platforms) by extension 'ignore_ament_install'
[0.205s] Level 1:colcon.colcon_core.package_identification:_identify(src/aerostack2/as2_aerial_platforms) by extensions ['colcon_pkg']
[0.205s] Level 1:colcon.colcon_core.package_identification:_identify(src/aerostack2/as2_aerial_platforms) by extension 'colcon_pkg'
[0.205s] Level 1:colcon.colcon_core.package_identification:_identify(src/aerostack2/as2_aerial_platforms) by extensions ['colcon_meta']
[0.205s] Level 1:colcon.colcon_core.package_identification:_identify(src/aerostack2/as2_aerial_platforms) by extension 'colcon_meta'
[0.205s] Level 1:colcon.colcon_core.package_identification:_identify(src/aerostack2/as2_aerial_platforms) by extensions ['ros']
[0.205s] Level 1:colcon.colcon_core.package_identification:_identify(src/aerostack2/as2_aerial_platforms) by extension 'ros'
[0.205s] Level 1:colcon.colcon_core.package_identification:_identify(src/aerostack2/as2_aerial_platforms) by extensions ['cmake', 'python']
[0.205s] Level 1:colcon.colcon_core.package_identification:_identify(src/aerostack2/as2_aerial_platforms) by extension 'cmake'
[0.205s] Level 1:colcon.colcon_core.package_identification:_identify(src/aerostack2/as2_aerial_platforms) by extension 'python'
[0.205s] Level 1:colcon.colcon_core.package_identification:_identify(src/aerostack2/as2_aerial_platforms) by extensions ['python_setup_py']
[0.205s] Level 1:colcon.colcon_core.package_identification:_identify(src/aerostack2/as2_aerial_platforms) by extension 'python_setup_py'
[0.206s] Level 1:colcon.colcon_core.package_identification:_identify(src/aerostack2/as2_aerial_platforms/as2_platform_gazebo) by extensions ['ignore', 'ignore_ament_install']
[0.206s] Level 1:colcon.colcon_core.package_identification:_identify(src/aerostack2/as2_aerial_platforms/as2_platform_gazebo) by extension 'ignore'
[0.206s] Level 1:colcon.colcon_core.package_identification:_identify(src/aerostack2/as2_aerial_platforms/as2_platform_gazebo) by extension 'ignore_ament_install'
[0.206s] Level 1:colcon.colcon_core.package_identification:_identify(src/aerostack2/as2_aerial_platforms/as2_platform_gazebo) by extensions ['colcon_pkg']
[0.206s] Level 1:colcon.colcon_core.package_identification:_identify(src/aerostack2/as2_aerial_platforms/as2_platform_gazebo) by extension 'colcon_pkg'
[0.206s] Level 1:colcon.colcon_core.package_identification:_identify(src/aerostack2/as2_aerial_platforms/as2_platform_gazebo) by extensions ['colcon_meta']
[0.206s] Level 1:colcon.colcon_core.package_identification:_identify(src/aerostack2/as2_aerial_platforms/as2_platform_gazebo) by extension 'colcon_meta'
[0.206s] Level 1:colcon.colcon_core.package_identification:_identify(src/aerostack2/as2_aerial_platforms/as2_platform_gazebo) by extensions ['ros']
[0.206s] Level 1:colcon.colcon_core.package_identification:_identify(src/aerostack2/as2_aerial_platforms/as2_platform_gazebo) by extension 'ros'
[0.206s] DEBUG:colcon.colcon_core.package_identification:Package 'src/aerostack2/as2_aerial_platforms/as2_platform_gazebo' with type 'ros.ament_cmake' and name 'as2_platform_gazebo'
[0.206s] Level 1:colcon.colcon_core.package_identification:_identify(src/aerostack2/as2_aerial_platforms/as2_platform_multirotor_simulator) by extensions ['ignore', 'ignore_ament_install']
[0.206s] Level 1:colcon.colcon_core.package_identification:_identify(src/aerostack2/as2_aerial_platforms/as2_platform_multirotor_simulator) by extension 'ignore'
[0.207s] Level 1:colcon.colcon_core.package_identification:_identify(src/aerostack2/as2_aerial_platforms/as2_platform_multirotor_simulator) by extension 'ignore_ament_install'
[0.207s] Level 1:colcon.colcon_core.package_identification:_identify(src/aerostack2/as2_aerial_platforms/as2_platform_multirotor_simulator) by extensions ['colcon_pkg']
[0.207s] Level 1:colcon.colcon_core.package_identification:_identify(src/aerostack2/as2_aerial_platforms/as2_platform_multirotor_simulator) by extension 'colcon_pkg'
[0.207s] Level 1:colcon.colcon_core.package_identification:_identify(src/aerostack2/as2_aerial_platforms/as2_platform_multirotor_simulator) by extensions ['colcon_meta']
[0.207s] Level 1:colcon.colcon_core.package_identification:_identify(src/aerostack2/as2_aerial_platforms/as2_platform_multirotor_simulator) by extension 'colcon_meta'
[0.207s] Level 1:colcon.colcon_core.package_identification:_identify(src/aerostack2/as2_aerial_platforms/as2_platform_multirotor_simulator) by extensions ['ros']
[0.207s] Level 1:colcon.colcon_core.package_identification:_identify(src/aerostack2/as2_aerial_platforms/as2_platform_multirotor_simulator) by extension 'ros'
[0.207s] DEBUG:colcon.colcon_core.package_identification:Package 'src/aerostack2/as2_aerial_platforms/as2_platform_multirotor_simulator' with type 'ros.ament_cmake' and name 'as2_platform_multirotor_simulator'
[0.207s] Level 1:colcon.colcon_core.package_identification:_identify(src/aerostack2/as2_behavior_tree) by extensions ['ignore', 'ignore_ament_install']
[0.207s] Level 1:colcon.colcon_core.package_identification:_identify(src/aerostack2/as2_behavior_tree) by extension 'ignore'
[0.207s] Level 1:colcon.colcon_core.package_identification:_identify(src/aerostack2/as2_behavior_tree) by extension 'ignore_ament_install'
[0.207s] Level 1:colcon.colcon_core.package_identification:_identify(src/aerostack2/as2_behavior_tree) by extensions ['colcon_pkg']
[0.207s] Level 1:colcon.colcon_core.package_identification:_identify(src/aerostack2/as2_behavior_tree) by extension 'colcon_pkg'
[0.207s] Level 1:colcon.colcon_core.package_identification:_identify(src/aerostack2/as2_behavior_tree) by extensions ['colcon_meta']
[0.207s] Level 1:colcon.colcon_core.package_identification:_identify(src/aerostack2/as2_behavior_tree) by extension 'colcon_meta'
[0.207s] Level 1:colcon.colcon_core.package_identification:_identify(src/aerostack2/as2_behavior_tree) by extensions ['ros']
[0.207s] Level 1:colcon.colcon_core.package_identification:_identify(src/aerostack2/as2_behavior_tree) by extension 'ros'
[0.208s] DEBUG:colcon.colcon_core.package_identification:Package 'src/aerostack2/as2_behavior_tree' with type 'ros.ament_cmake' and name 'as2_behavior_tree'
[0.208s] Level 1:colcon.colcon_core.package_identification:_identify(src/aerostack2/as2_behaviors) by extensions ['ignore', 'ignore_ament_install']
[0.208s] Level 1:colcon.colcon_core.package_identification:_identify(src/aerostack2/as2_behaviors) by extension 'ignore'
[0.208s] Level 1:colcon.colcon_core.package_identification:_identify(src/aerostack2/as2_behaviors) by extension 'ignore_ament_install'
[0.208s] Level 1:colcon.colcon_core.package_identification:_identify(src/aerostack2/as2_behaviors) by extensions ['colcon_pkg']
[0.208s] Level 1:colcon.colcon_core.package_identification:_identify(src/aerostack2/as2_behaviors) by extension 'colcon_pkg'
[0.208s] Level 1:colcon.colcon_core.package_identification:_identify(src/aerostack2/as2_behaviors) by extensions ['colcon_meta']
[0.208s] Level 1:colcon.colcon_core.package_identification:_identify(src/aerostack2/as2_behaviors) by extension 'colcon_meta'
[0.208s] Level 1:colcon.colcon_core.package_identification:_identify(src/aerostack2/as2_behaviors) by extensions ['ros']
[0.208s] Level 1:colcon.colcon_core.package_identification:_identify(src/aerostack2/as2_behaviors) by extension 'ros'
[0.208s] Level 1:colcon.colcon_core.package_identification:_identify(src/aerostack2/as2_behaviors) by extensions ['cmake', 'python']
[0.208s] Level 1:colcon.colcon_core.package_identification:_identify(src/aerostack2/as2_behaviors) by extension 'cmake'
[0.208s] Level 1:colcon.colcon_core.package_identification:_identify(src/aerostack2/as2_behaviors) by extension 'python'
[0.208s] Level 1:colcon.colcon_core.package_identification:_identify(src/aerostack2/as2_behaviors) by extensions ['python_setup_py']
[0.208s] Level 1:colcon.colcon_core.package_identification:_identify(src/aerostack2/as2_behaviors) by extension 'python_setup_py'
[0.208s] Level 1:colcon.colcon_core.package_identification:_identify(src/aerostack2/as2_behaviors/as2_behavior) by extensions ['ignore', 'ignore_ament_install']
[0.209s] Level 1:colcon.colcon_core.package_identification:_identify(src/aerostack2/as2_behaviors/as2_behavior) by extension 'ignore'
[0.209s] Level 1:colcon.colcon_core.package_identification:_identify(src/aerostack2/as2_behaviors/as2_behavior) by extension 'ignore_ament_install'
[0.209s] Level 1:colcon.colcon_core.package_identification:_identify(src/aerostack2/as2_behaviors/as2_behavior) by extensions ['colcon_pkg']
[0.209s] Level 1:colcon.colcon_core.package_identification:_identify(src/aerostack2/as2_behaviors/as2_behavior) by extension 'colcon_pkg'
[0.209s] Level 1:colcon.colcon_core.package_identification:_identify(src/aerostack2/as2_behaviors/as2_behavior) by extensions ['colcon_meta']
[0.209s] Level 1:colcon.colcon_core.package_identification:_identify(src/aerostack2/as2_behaviors/as2_behavior) by extension 'colcon_meta'
[0.209s] Level 1:colcon.colcon_core.package_identification:_identify(src/aerostack2/as2_behaviors/as2_behavior) by extensions ['ros']
[0.209s] Level 1:colcon.colcon_core.package_identification:_identify(src/aerostack2/as2_behaviors/as2_behavior) by extension 'ros'
[0.209s] DEBUG:colcon.colcon_core.package_identification:Package 'src/aerostack2/as2_behaviors/as2_behavior' with type 'ros.ament_cmake' and name 'as2_behavior'
[0.209s] Level 1:colcon.colcon_core.package_identification:_identify(src/aerostack2/as2_behaviors/as2_behaviors_motion) by extensions ['ignore', 'ignore_ament_install']
[0.209s] Level 1:colcon.colcon_core.package_identification:_identify(src/aerostack2/as2_behaviors/as2_behaviors_motion) by extension 'ignore'
[0.209s] Level 1:colcon.colcon_core.package_identification:_identify(src/aerostack2/as2_behaviors/as2_behaviors_motion) by extension 'ignore_ament_install'
[0.209s] Level 1:colcon.colcon_core.package_identification:_identify(src/aerostack2/as2_behaviors/as2_behaviors_motion) by extensions ['colcon_pkg']
[0.209s] Level 1:colcon.colcon_core.package_identification:_identify(src/aerostack2/as2_behaviors/as2_behaviors_motion) by extension 'colcon_pkg'
[0.209s] Level 1:colcon.colcon_core.package_identification:_identify(src/aerostack2/as2_behaviors/as2_behaviors_motion) by extensions ['colcon_meta']
[0.209s] Level 1:colcon.colcon_core.package_identification:_identify(src/aerostack2/as2_behaviors/as2_behaviors_motion) by extension 'colcon_meta'
[0.209s] Level 1:colcon.colcon_core.package_identification:_identify(src/aerostack2/as2_behaviors/as2_behaviors_motion) by extensions ['ros']
[0.209s] Level 1:colcon.colcon_core.package_identification:_identify(src/aerostack2/as2_behaviors/as2_behaviors_motion) by extension 'ros'
[0.210s] DEBUG:colcon.colcon_core.package_identification:Package 'src/aerostack2/as2_behaviors/as2_behaviors_motion' with type 'ros.ament_cmake' and name 'as2_behaviors_motion'
[0.210s] Level 1:colcon.colcon_core.package_identification:_identify(src/aerostack2/as2_behaviors/as2_behaviors_path_planning) by extensions ['ignore', 'ignore_ament_install']
[0.210s] Level 1:colcon.colcon_core.package_identification:_identify(src/aerostack2/as2_behaviors/as2_behaviors_path_planning) by extension 'ignore'
[0.210s] Level 1:colcon.colcon_core.package_identification:_identify(src/aerostack2/as2_behaviors/as2_behaviors_path_planning) by extension 'ignore_ament_install'
[0.210s] Level 1:colcon.colcon_core.package_identification:_identify(src/aerostack2/as2_behaviors/as2_behaviors_path_planning) by extensions ['colcon_pkg']
[0.210s] Level 1:colcon.colcon_core.package_identification:_identify(src/aerostack2/as2_behaviors/as2_behaviors_path_planning) by extension 'colcon_pkg'
[0.210s] Level 1:colcon.colcon_core.package_identification:_identify(src/aerostack2/as2_behaviors/as2_behaviors_path_planning) by extensions ['colcon_meta']
[0.210s] Level 1:colcon.colcon_core.package_identification:_identify(src/aerostack2/as2_behaviors/as2_behaviors_path_planning) by extension 'colcon_meta'
[0.210s] Level 1:colcon.colcon_core.package_identification:_identify(src/aerostack2/as2_behaviors/as2_behaviors_path_planning) by extensions ['ros']
[0.210s] Level 1:colcon.colcon_core.package_identification:_identify(src/aerostack2/as2_behaviors/as2_behaviors_path_planning) by extension 'ros'
[0.211s] DEBUG:colcon.colcon_core.package_identification:Package 'src/aerostack2/as2_behaviors/as2_behaviors_path_planning' with type 'ros.ament_cmake' and name 'as2_behaviors_path_planning'
[0.211s] Level 1:colcon.colcon_core.package_identification:_identify(src/aerostack2/as2_behaviors/as2_behaviors_perception) by extensions ['ignore', 'ignore_ament_install']
[0.211s] Level 1:colcon.colcon_core.package_identification:_identify(src/aerostack2/as2_behaviors/as2_behaviors_perception) by extension 'ignore'
[0.211s] Level 1:colcon.colcon_core.package_identification:_identify(src/aerostack2/as2_behaviors/as2_behaviors_perception) by extension 'ignore_ament_install'
[0.211s] Level 1:colcon.colcon_core.package_identification:_identify(src/aerostack2/as2_behaviors/as2_behaviors_perception) by extensions ['colcon_pkg']
[0.211s] Level 1:colcon.colcon_core.package_identification:_identify(src/aerostack2/as2_behaviors/as2_behaviors_perception) by extension 'colcon_pkg'
[0.211s] Level 1:colcon.colcon_core.package_identification:_identify(src/aerostack2/as2_behaviors/as2_behaviors_perception) by extensions ['colcon_meta']
[0.211s] Level 1:colcon.colcon_core.package_identification:_identify(src/aerostack2/as2_behaviors/as2_behaviors_perception) by extension 'colcon_meta'
[0.211s] Level 1:colcon.colcon_core.package_identification:_identify(src/aerostack2/as2_behaviors/as2_behaviors_perception) by extensions ['ros']
[0.211s] Level 1:colcon.colcon_core.package_identification:_identify(src/aerostack2/as2_behaviors/as2_behaviors_perception) by extension 'ros'
[0.212s] DEBUG:colcon.colcon_core.package_identification:Package 'src/aerostack2/as2_behaviors/as2_behaviors_perception' with type 'ros.ament_cmake' and name 'as2_behaviors_perception'
[0.212s] Level 1:colcon.colcon_core.package_identification:_identify(src/aerostack2/as2_behaviors/as2_behaviors_platform) by extensions ['ignore', 'ignore_ament_install']
[0.212s] Level 1:colcon.colcon_core.package_identification:_identify(src/aerostack2/as2_behaviors/as2_behaviors_platform) by extension 'ignore'
[0.212s] Level 1:colcon.colcon_core.package_identification:_identify(src/aerostack2/as2_behaviors/as2_behaviors_platform) by extension 'ignore_ament_install'
[0.212s] Level 1:colcon.colcon_core.package_identification:_identify(src/aerostack2/as2_behaviors/as2_behaviors_platform) by extensions ['colcon_pkg']
[0.212s] Level 1:colcon.colcon_core.package_identification:_identify(src/aerostack2/as2_behaviors/as2_behaviors_platform) by extension 'colcon_pkg'
[0.212s] Level 1:colcon.colcon_core.package_identification:_identify(src/aerostack2/as2_behaviors/as2_behaviors_platform) by extensions ['colcon_meta']
[0.212s] Level 1:colcon.colcon_core.package_identification:_identify(src/aerostack2/as2_behaviors/as2_behaviors_platform) by extension 'colcon_meta'
[0.212s] Level 1:colcon.colcon_core.package_identification:_identify(src/aerostack2/as2_behaviors/as2_behaviors_platform) by extensions ['ros']
[0.212s] Level 1:colcon.colcon_core.package_identification:_identify(src/aerostack2/as2_behaviors/as2_behaviors_platform) by extension 'ros'
[0.213s] DEBUG:colcon.colcon_core.package_identification:Package 'src/aerostack2/as2_behaviors/as2_behaviors_platform' with type 'ros.ament_cmake' and name 'as2_behaviors_platform'
[0.213s] Level 1:colcon.colcon_core.package_identification:_identify(src/aerostack2/as2_behaviors/as2_behaviors_swarm_flocking) by extensions ['ignore', 'ignore_ament_install']
[0.213s] Level 1:colcon.colcon_core.package_identification:_identify(src/aerostack2/as2_behaviors/as2_behaviors_swarm_flocking) by extension 'ignore'
[0.213s] Level 1:colcon.colcon_core.package_identification:_identify(src/aerostack2/as2_behaviors/as2_behaviors_swarm_flocking) by extension 'ignore_ament_install'
[0.213s] Level 1:colcon.colcon_core.package_identification:_identify(src/aerostack2/as2_behaviors/as2_behaviors_swarm_flocking) by extensions ['colcon_pkg']
[0.213s] Level 1:colcon.colcon_core.package_identification:_identify(src/aerostack2/as2_behaviors/as2_behaviors_swarm_flocking) by extension 'colcon_pkg'
[0.213s] Level 1:colcon.colcon_core.package_identification:_identify(src/aerostack2/as2_behaviors/as2_behaviors_swarm_flocking) by extensions ['colcon_meta']
[0.213s] Level 1:colcon.colcon_core.package_identification:_identify(src/aerostack2/as2_behaviors/as2_behaviors_swarm_flocking) by extension 'colcon_meta'
[0.213s] Level 1:colcon.colcon_core.package_identification:_identify(src/aerostack2/as2_behaviors/as2_behaviors_swarm_flocking) by extensions ['ros']
[0.213s] Level 1:colcon.colcon_core.package_identification:_identify(src/aerostack2/as2_behaviors/as2_behaviors_swarm_flocking) by extension 'ros'
[0.214s] DEBUG:colcon.colcon_core.package_identification:Package 'src/aerostack2/as2_behaviors/as2_behaviors_swarm_flocking' with type 'ros.ament_cmake' and name 'as2_behaviors_swarm_flocking'
[0.215s] Level 1:colcon.colcon_core.package_identification:_identify(src/aerostack2/as2_behaviors/as2_behaviors_trajectory_generation) by extensions ['ignore', 'ignore_ament_install']
[0.215s] Level 1:colcon.colcon_core.package_identification:_identify(src/aerostack2/as2_behaviors/as2_behaviors_trajectory_generation) by extension 'ignore'
[0.215s] Level 1:colcon.colcon_core.package_identification:_identify(src/aerostack2/as2_behaviors/as2_behaviors_trajectory_generation) by extension 'ignore_ament_install'
[0.215s] Level 1:colcon.colcon_core.package_identification:_identify(src/aerostack2/as2_behaviors/as2_behaviors_trajectory_generation) by extensions ['colcon_pkg']
[0.215s] Level 1:colcon.colcon_core.package_identification:_identify(src/aerostack2/as2_behaviors/as2_behaviors_trajectory_generation) by extension 'colcon_pkg'
[0.215s] Level 1:colcon.colcon_core.package_identification:_identify(src/aerostack2/as2_behaviors/as2_behaviors_trajectory_generation) by extensions ['colcon_meta']
[0.215s] Level 1:colcon.colcon_core.package_identification:_identify(src/aerostack2/as2_behaviors/as2_behaviors_trajectory_generation) by extension 'colcon_meta'
[0.215s] Level 1:colcon.colcon_core.package_identification:_identify(src/aerostack2/as2_behaviors/as2_behaviors_trajectory_generation) by extensions ['ros']
[0.215s] Level 1:colcon.colcon_core.package_identification:_identify(src/aerostack2/as2_behaviors/as2_behaviors_trajectory_generation) by extension 'ros'
[0.216s] DEBUG:colcon.colcon_core.package_identification:Package 'src/aerostack2/as2_behaviors/as2_behaviors_trajectory_generation' with type 'ros.ament_cmake' and name 'as2_behaviors_trajectory_generation'
[0.216s] Level 1:colcon.colcon_core.package_identification:_identify(src/aerostack2/as2_cli) by extensions ['ignore', 'ignore_ament_install']
[0.216s] Level 1:colcon.colcon_core.package_identification:_identify(src/aerostack2/as2_cli) by extension 'ignore'
[0.216s] Level 1:colcon.colcon_core.package_identification:_identify(src/aerostack2/as2_cli) by extension 'ignore_ament_install'
[0.216s] Level 1:colcon.colcon_core.package_identification:_identify(src/aerostack2/as2_cli) by extensions ['colcon_pkg']
[0.216s] Level 1:colcon.colcon_core.package_identification:_identify(src/aerostack2/as2_cli) by extension 'colcon_pkg'
[0.216s] Level 1:colcon.colcon_core.package_identification:_identify(src/aerostack2/as2_cli) by extensions ['colcon_meta']
[0.216s] Level 1:colcon.colcon_core.package_identification:_identify(src/aerostack2/as2_cli) by extension 'colcon_meta'
[0.216s] Level 1:colcon.colcon_core.package_identification:_identify(src/aerostack2/as2_cli) by extensions ['ros']
[0.216s] Level 1:colcon.colcon_core.package_identification:_identify(src/aerostack2/as2_cli) by extension 'ros'
[0.216s] DEBUG:colcon.colcon_core.package_identification:Package 'src/aerostack2/as2_cli' with type 'ros.ament_cmake' and name 'as2_cli'
[0.216s] Level 1:colcon.colcon_core.package_identification:_identify(src/aerostack2/as2_core) by extensions ['ignore', 'ignore_ament_install']
[0.216s] Level 1:colcon.colcon_core.package_identification:_identify(src/aerostack2/as2_core) by extension 'ignore'
[0.216s] Level 1:colcon.colcon_core.package_identification:_identify(src/aerostack2/as2_core) by extension 'ignore_ament_install'
[0.216s] Level 1:colcon.colcon_core.package_identification:_identify(src/aerostack2/as2_core) by extensions ['colcon_pkg']
[0.216s] Level 1:colcon.colcon_core.package_identification:_identify(src/aerostack2/as2_core) by extension 'colcon_pkg'
[0.216s] Level 1:colcon.colcon_core.package_identification:_identify(src/aerostack2/as2_core) by extensions ['colcon_meta']
[0.216s] Level 1:colcon.colcon_core.package_identification:_identify(src/aerostack2/as2_core) by extension 'colcon_meta'
[0.216s] Level 1:colcon.colcon_core.package_identification:_identify(src/aerostack2/as2_core) by extensions ['ros']
[0.216s] Level 1:colcon.colcon_core.package_identification:_identify(src/aerostack2/as2_core) by extension 'ros'
[0.225s] DEBUG:colcon.colcon_core.package_identification:Package 'src/aerostack2/as2_core' with type 'ros.ament_cmake' and name 'as2_core'
[0.225s] Level 1:colcon.colcon_core.package_identification:_identify(src/aerostack2/as2_hardware_drivers) by extensions ['ignore', 'ignore_ament_install']
[0.225s] Level 1:colcon.colcon_core.package_identification:_identify(src/aerostack2/as2_hardware_drivers) by extension 'ignore'
[0.226s] Level 1:colcon.colcon_core.package_identification:_identify(src/aerostack2/as2_hardware_drivers) by extension 'ignore_ament_install'
[0.226s] Level 1:colcon.colcon_core.package_identification:_identify(src/aerostack2/as2_hardware_drivers) by extensions ['colcon_pkg']
[0.226s] Level 1:colcon.colcon_core.package_identification:_identify(src/aerostack2/as2_hardware_drivers) by extension 'colcon_pkg'
[0.226s] Level 1:colcon.colcon_core.package_identification:_identify(src/aerostack2/as2_hardware_drivers) by extensions ['colcon_meta']
[0.226s] Level 1:colcon.colcon_core.package_identification:_identify(src/aerostack2/as2_hardware_drivers) by extension 'colcon_meta'
[0.226s] Level 1:colcon.colcon_core.package_identification:_identify(src/aerostack2/as2_hardware_drivers) by extensions ['ros']
[0.226s] Level 1:colcon.colcon_core.package_identification:_identify(src/aerostack2/as2_hardware_drivers) by extension 'ros'
[0.226s] Level 1:colcon.colcon_core.package_identification:_identify(src/aerostack2/as2_hardware_drivers) by extensions ['cmake', 'python']
[0.226s] Level 1:colcon.colcon_core.package_identification:_identify(src/aerostack2/as2_hardware_drivers) by extension 'cmake'
[0.226s] Level 1:colcon.colcon_core.package_identification:_identify(src/aerostack2/as2_hardware_drivers) by extension 'python'
[0.226s] Level 1:colcon.colcon_core.package_identification:_identify(src/aerostack2/as2_hardware_drivers) by extensions ['python_setup_py']
[0.226s] Level 1:colcon.colcon_core.package_identification:_identify(src/aerostack2/as2_hardware_drivers) by extension 'python_setup_py'
[0.226s] Level 1:colcon.colcon_core.package_identification:_identify(src/aerostack2/as2_hardware_drivers/as2_realsense_interface) by extensions ['ignore', 'ignore_ament_install']
[0.226s] Level 1:colcon.colcon_core.package_identification:_identify(src/aerostack2/as2_hardware_drivers/as2_realsense_interface) by extension 'ignore'
[0.226s] Level 1:colcon.colcon_core.package_identification:_identify(src/aerostack2/as2_hardware_drivers/as2_realsense_interface) by extension 'ignore_ament_install'
[0.226s] Level 1:colcon.colcon_core.package_identification:_identify(src/aerostack2/as2_hardware_drivers/as2_realsense_interface) by extensions ['colcon_pkg']
[0.226s] Level 1:colcon.colcon_core.package_identification:_identify(src/aerostack2/as2_hardware_drivers/as2_realsense_interface) by extension 'colcon_pkg'
[0.226s] Level 1:colcon.colcon_core.package_identification:_identify(src/aerostack2/as2_hardware_drivers/as2_realsense_interface) by extensions ['colcon_meta']
[0.226s] Level 1:colcon.colcon_core.package_identification:_identify(src/aerostack2/as2_hardware_drivers/as2_realsense_interface) by extension 'colcon_meta'
[0.226s] Level 1:colcon.colcon_core.package_identification:_identify(src/aerostack2/as2_hardware_drivers/as2_realsense_interface) by extensions ['ros']
[0.226s] Level 1:colcon.colcon_core.package_identification:_identify(src/aerostack2/as2_hardware_drivers/as2_realsense_interface) by extension 'ros'
[0.227s] DEBUG:colcon.colcon_core.package_identification:Package 'src/aerostack2/as2_hardware_drivers/as2_realsense_interface' with type 'ros.ament_cmake' and name 'as2_realsense_interface'
[0.227s] Level 1:colcon.colcon_core.package_identification:_identify(src/aerostack2/as2_hardware_drivers/as2_usb_camera_interface) by extensions ['ignore', 'ignore_ament_install']
[0.227s] Level 1:colcon.colcon_core.package_identification:_identify(src/aerostack2/as2_hardware_drivers/as2_usb_camera_interface) by extension 'ignore'
[0.227s] Level 1:colcon.colcon_core.package_identification:_identify(src/aerostack2/as2_hardware_drivers/as2_usb_camera_interface) by extension 'ignore_ament_install'
[0.227s] Level 1:colcon.colcon_core.package_identification:_identify(src/aerostack2/as2_hardware_drivers/as2_usb_camera_interface) by extensions ['colcon_pkg']
[0.227s] Level 1:colcon.colcon_core.package_identification:_identify(src/aerostack2/as2_hardware_drivers/as2_usb_camera_interface) by extension 'colcon_pkg'
[0.227s] Level 1:colcon.colcon_core.package_identification:_identify(src/aerostack2/as2_hardware_drivers/as2_usb_camera_interface) by extensions ['colcon_meta']
[0.227s] Level 1:colcon.colcon_core.package_identification:_identify(src/aerostack2/as2_hardware_drivers/as2_usb_camera_interface) by extension 'colcon_meta'
[0.227s] Level 1:colcon.colcon_core.package_identification:_identify(src/aerostack2/as2_hardware_drivers/as2_usb_camera_interface) by extensions ['ros']
[0.227s] Level 1:colcon.colcon_core.package_identification:_identify(src/aerostack2/as2_hardware_drivers/as2_usb_camera_interface) by extension 'ros'
[0.228s] DEBUG:colcon.colcon_core.package_identification:Package 'src/aerostack2/as2_hardware_drivers/as2_usb_camera_interface' with type 'ros.ament_cmake' and name 'as2_usb_camera_interface'
[0.228s] Level 1:colcon.colcon_core.package_identification:_identify(src/aerostack2/as2_map_server) by extensions ['ignore', 'ignore_ament_install']
[0.228s] Level 1:colcon.colcon_core.package_identification:_identify(src/aerostack2/as2_map_server) by extension 'ignore'
[0.228s] Level 1:colcon.colcon_core.package_identification:_identify(src/aerostack2/as2_map_server) by extension 'ignore_ament_install'
[0.228s] Level 1:colcon.colcon_core.package_identification:_identify(src/aerostack2/as2_map_server) by extensions ['colcon_pkg']
[0.228s] Level 1:colcon.colcon_core.package_identification:_identify(src/aerostack2/as2_map_server) by extension 'colcon_pkg'
[0.228s] Level 1:colcon.colcon_core.package_identification:_identify(src/aerostack2/as2_map_server) by extensions ['colcon_meta']
[0.228s] Level 1:colcon.colcon_core.package_identification:_identify(src/aerostack2/as2_map_server) by extension 'colcon_meta'
[0.228s] Level 1:colcon.colcon_core.package_identification:_identify(src/aerostack2/as2_map_server) by extensions ['ros']
[0.228s] Level 1:colcon.colcon_core.package_identification:_identify(src/aerostack2/as2_map_server) by extension 'ros'
[0.229s] DEBUG:colcon.colcon_core.package_identification:Package 'src/aerostack2/as2_map_server' with type 'ros.ament_cmake' and name 'as2_map_server'
[0.229s] Level 1:colcon.colcon_core.package_identification:_identify(src/aerostack2/as2_motion_controller) by extensions ['ignore', 'ignore_ament_install']
[0.229s] Level 1:colcon.colcon_core.package_identification:_identify(src/aerostack2/as2_motion_controller) by extension 'ignore'
[0.229s] Level 1:colcon.colcon_core.package_identification:_identify(src/aerostack2/as2_motion_controller) by extension 'ignore_ament_install'
[0.229s] Level 1:colcon.colcon_core.package_identification:_identify(src/aerostack2/as2_motion_controller) by extensions ['colcon_pkg']
[0.229s] Level 1:colcon.colcon_core.package_identification:_identify(src/aerostack2/as2_motion_controller) by extension 'colcon_pkg'
[0.229s] Level 1:colcon.colcon_core.package_identification:_identify(src/aerostack2/as2_motion_controller) by extensions ['colcon_meta']
[0.229s] Level 1:colcon.colcon_core.package_identification:_identify(src/aerostack2/as2_motion_controller) by extension 'colcon_meta'
[0.229s] Level 1:colcon.colcon_core.package_identification:_identify(src/aerostack2/as2_motion_controller) by extensions ['ros']
[0.229s] Level 1:colcon.colcon_core.package_identification:_identify(src/aerostack2/as2_motion_controller) by extension 'ros'
[0.230s] DEBUG:colcon.colcon_core.package_identification:Package 'src/aerostack2/as2_motion_controller' with type 'ros.ament_cmake' and name 'as2_motion_controller'
[0.230s] Level 1:colcon.colcon_core.package_identification:_identify(src/aerostack2/as2_motion_reference_handlers) by extensions ['ignore', 'ignore_ament_install']
[0.230s] Level 1:colcon.colcon_core.package_identification:_identify(src/aerostack2/as2_motion_reference_handlers) by extension 'ignore'
[0.230s] Level 1:colcon.colcon_core.package_identification:_identify(src/aerostack2/as2_motion_reference_handlers) by extension 'ignore_ament_install'
[0.230s] Level 1:colcon.colcon_core.package_identification:_identify(src/aerostack2/as2_motion_reference_handlers) by extensions ['colcon_pkg']
[0.230s] Level 1:colcon.colcon_core.package_identification:_identify(src/aerostack2/as2_motion_reference_handlers) by extension 'colcon_pkg'
[0.230s] Level 1:colcon.colcon_core.package_identification:_identify(src/aerostack2/as2_motion_reference_handlers) by extensions ['colcon_meta']
[0.230s] Level 1:colcon.colcon_core.package_identification:_identify(src/aerostack2/as2_motion_reference_handlers) by extension 'colcon_meta'
[0.230s] Level 1:colcon.colcon_core.package_identification:_identify(src/aerostack2/as2_motion_reference_handlers) by extensions ['ros']
[0.230s] Level 1:colcon.colcon_core.package_identification:_identify(src/aerostack2/as2_motion_reference_handlers) by extension 'ros'
[0.231s] DEBUG:colcon.colcon_core.package_identification:Package 'src/aerostack2/as2_motion_reference_handlers' with type 'ros.ament_cmake' and name 'as2_motion_reference_handlers'
[0.231s] Level 1:colcon.colcon_core.package_identification:_identify(src/aerostack2/as2_msgs) by extensions ['ignore', 'ignore_ament_install']
[0.231s] Level 1:colcon.colcon_core.package_identification:_identify(src/aerostack2/as2_msgs) by extension 'ignore'
[0.231s] Level 1:colcon.colcon_core.package_identification:_identify(src/aerostack2/as2_msgs) by extension 'ignore_ament_install'
[0.231s] Level 1:colcon.colcon_core.package_identification:_identify(src/aerostack2/as2_msgs) by extensions ['colcon_pkg']
[0.231s] Level 1:colcon.colcon_core.package_identification:_identify(src/aerostack2/as2_msgs) by extension 'colcon_pkg'
[0.231s] Level 1:colcon.colcon_core.package_identification:_identify(src/aerostack2/as2_msgs) by extensions ['colcon_meta']
[0.231s] Level 1:colcon.colcon_core.package_identification:_identify(src/aerostack2/as2_msgs) by extension 'colcon_meta'
[0.231s] Level 1:colcon.colcon_core.package_identification:_identify(src/aerostack2/as2_msgs) by extensions ['ros']
[0.231s] Level 1:colcon.colcon_core.package_identification:_identify(src/aerostack2/as2_msgs) by extension 'ros'
[0.231s] DEBUG:colcon.colcon_core.package_identification:Package 'src/aerostack2/as2_msgs' with type 'ros.ament_cmake' and name 'as2_msgs'
[0.231s] Level 1:colcon.colcon_core.package_identification:_identify(src/aerostack2/as2_perception) by extensions ['ignore', 'ignore_ament_install']
[0.232s] Level 1:colcon.colcon_core.package_identification:_identify(src/aerostack2/as2_perception) by extension 'ignore'
[0.232s] Level 1:colcon.colcon_core.package_identification:_identify(src/aerostack2/as2_perception) by extension 'ignore_ament_install'
[0.232s] Level 1:colcon.colcon_core.package_identification:_identify(src/aerostack2/as2_perception) by extensions ['colcon_pkg']
[0.232s] Level 1:colcon.colcon_core.package_identification:_identify(src/aerostack2/as2_perception) by extension 'colcon_pkg'
[0.232s] Level 1:colcon.colcon_core.package_identification:_identify(src/aerostack2/as2_perception) by extensions ['colcon_meta']
[0.232s] Level 1:colcon.colcon_core.package_identification:_identify(src/aerostack2/as2_perception) by extension 'colcon_meta'
[0.232s] Level 1:colcon.colcon_core.package_identification:_identify(src/aerostack2/as2_perception) by extensions ['ros']
[0.232s] Level 1:colcon.colcon_core.package_identification:_identify(src/aerostack2/as2_perception) by extension 'ros'
[0.232s] DEBUG:colcon.colcon_core.package_identification:Package 'src/aerostack2/as2_perception' with type 'ros.ament_python' and name 'as2_perception'
[0.232s] Level 1:colcon.colcon_core.package_identification:_identify(src/aerostack2/as2_platform_gazebo) by extensions ['ignore', 'ignore_ament_install']
[0.232s] Level 1:colcon.colcon_core.package_identification:_identify(src/aerostack2/as2_platform_gazebo) by extension 'ignore'
[0.232s] Level 1:colcon.colcon_core.package_identification:_identify(src/aerostack2/as2_platform_gazebo) by extension 'ignore_ament_install'
[0.232s] Level 1:colcon.colcon_core.package_identification:_identify(src/aerostack2/as2_platform_gazebo) by extensions ['colcon_pkg']
[0.232s] Level 1:colcon.colcon_core.package_identification:_identify(src/aerostack2/as2_platform_gazebo) by extension 'colcon_pkg'
[0.233s] Level 1:colcon.colcon_core.package_identification:_identify(src/aerostack2/as2_platform_gazebo) by extensions ['colcon_meta']
[0.233s] Level 1:colcon.colcon_core.package_identification:_identify(src/aerostack2/as2_platform_gazebo) by extension 'colcon_meta'
[0.233s] Level 1:colcon.colcon_core.package_identification:_identify(src/aerostack2/as2_platform_gazebo) by extensions ['ros']
[0.233s] Level 1:colcon.colcon_core.package_identification:_identify(src/aerostack2/as2_platform_gazebo) by extension 'ros'
[0.233s] Level 1:colcon.colcon_core.package_identification:_identify(src/aerostack2/as2_platform_gazebo) by extensions ['cmake', 'python']
[0.233s] Level 1:colcon.colcon_core.package_identification:_identify(src/aerostack2/as2_platform_gazebo) by extension 'cmake'
[0.233s] Level 1:colcon.colcon_core.package_identification:_identify(src/aerostack2/as2_platform_gazebo) by extension 'python'
[0.233s] Level 1:colcon.colcon_core.package_identification:_identify(src/aerostack2/as2_platform_gazebo) by extensions ['python_setup_py']
[0.233s] Level 1:colcon.colcon_core.package_identification:_identify(src/aerostack2/as2_platform_gazebo) by extension 'python_setup_py'
[0.233s] Level 1:colcon.colcon_core.package_identification:_identify(src/aerostack2/as2_platform_gazebo/config) by extensions ['ignore', 'ignore_ament_install']
[0.233s] Level 1:colcon.colcon_core.package_identification:_identify(src/aerostack2/as2_platform_gazebo/config) by extension 'ignore'
[0.233s] Level 1:colcon.colcon_core.package_identification:_identify(src/aerostack2/as2_platform_gazebo/config) by extension 'ignore_ament_install'
[0.233s] Level 1:colcon.colcon_core.package_identification:_identify(src/aerostack2/as2_platform_gazebo/config) by extensions ['colcon_pkg']
[0.233s] Level 1:colcon.colcon_core.package_identification:_identify(src/aerostack2/as2_platform_gazebo/config) by extension 'colcon_pkg'
[0.233s] Level 1:colcon.colcon_core.package_identification:_identify(src/aerostack2/as2_platform_gazebo/config) by extensions ['colcon_meta']
[0.233s] Level 1:colcon.colcon_core.package_identification:_identify(src/aerostack2/as2_platform_gazebo/config) by extension 'colcon_meta'
[0.233s] Level 1:colcon.colcon_core.package_identification:_identify(src/aerostack2/as2_platform_gazebo/config) by extensions ['ros']
[0.233s] Level 1:colcon.colcon_core.package_identification:_identify(src/aerostack2/as2_platform_gazebo/config) by extension 'ros'
[0.233s] Level 1:colcon.colcon_core.package_identification:_identify(src/aerostack2/as2_platform_gazebo/config) by extensions ['cmake', 'python']
[0.233s] Level 1:colcon.colcon_core.package_identification:_identify(src/aerostack2/as2_platform_gazebo/config) by extension 'cmake'
[0.233s] Level 1:colcon.colcon_core.package_identification:_identify(src/aerostack2/as2_platform_gazebo/config) by extension 'python'
[0.233s] Level 1:colcon.colcon_core.package_identification:_identify(src/aerostack2/as2_platform_gazebo/config) by extensions ['python_setup_py']
[0.233s] Level 1:colcon.colcon_core.package_identification:_identify(src/aerostack2/as2_platform_gazebo/config) by extension 'python_setup_py'
[0.233s] Level 1:colcon.colcon_core.package_identification:_identify(src/aerostack2/as2_python_api) by extensions ['ignore', 'ignore_ament_install']
[0.233s] Level 1:colcon.colcon_core.package_identification:_identify(src/aerostack2/as2_python_api) by extension 'ignore'
[0.233s] Level 1:colcon.colcon_core.package_identification:_identify(src/aerostack2/as2_python_api) by extension 'ignore_ament_install'
[0.233s] Level 1:colcon.colcon_core.package_identification:_identify(src/aerostack2/as2_python_api) by extensions ['colcon_pkg']
[0.233s] Level 1:colcon.colcon_core.package_identification:_identify(src/aerostack2/as2_python_api) by extension 'colcon_pkg'
[0.234s] Level 1:colcon.colcon_core.package_identification:_identify(src/aerostack2/as2_python_api) by extensions ['colcon_meta']
[0.234s] Level 1:colcon.colcon_core.package_identification:_identify(src/aerostack2/as2_python_api) by extension 'colcon_meta'
[0.234s] Level 1:colcon.colcon_core.package_identification:_identify(src/aerostack2/as2_python_api) by extensions ['ros']
[0.234s] Level 1:colcon.colcon_core.package_identification:_identify(src/aerostack2/as2_python_api) by extension 'ros'
[0.234s] DEBUG:colcon.colcon_core.package_identification:Package 'src/aerostack2/as2_python_api' with type 'ros.ament_python' and name 'as2_python_api'
[0.234s] Level 1:colcon.colcon_core.package_identification:_identify(src/aerostack2/as2_simulation_assets) by extensions ['ignore', 'ignore_ament_install']
[0.234s] Level 1:colcon.colcon_core.package_identification:_identify(src/aerostack2/as2_simulation_assets) by extension 'ignore'
[0.235s] Level 1:colcon.colcon_core.package_identification:_identify(src/aerostack2/as2_simulation_assets) by extension 'ignore_ament_install'
[0.235s] Level 1:colcon.colcon_core.package_identification:_identify(src/aerostack2/as2_simulation_assets) by extensions ['colcon_pkg']
[0.235s] Level 1:colcon.colcon_core.package_identification:_identify(src/aerostack2/as2_simulation_assets) by extension 'colcon_pkg'
[0.235s] Level 1:colcon.colcon_core.package_identification:_identify(src/aerostack2/as2_simulation_assets) by extensions ['colcon_meta']
[0.235s] Level 1:colcon.colcon_core.package_identification:_identify(src/aerostack2/as2_simulation_assets) by extension 'colcon_meta'
[0.235s] Level 1:colcon.colcon_core.package_identification:_identify(src/aerostack2/as2_simulation_assets) by extensions ['ros']
[0.235s] Level 1:colcon.colcon_core.package_identification:_identify(src/aerostack2/as2_simulation_assets) by extension 'ros'
[0.235s] Level 1:colcon.colcon_core.package_identification:_identify(src/aerostack2/as2_simulation_assets) by extensions ['cmake', 'python']
[0.235s] Level 1:colcon.colcon_core.package_identification:_identify(src/aerostack2/as2_simulation_assets) by extension 'cmake'
[0.235s] Level 1:colcon.colcon_core.package_identification:_identify(src/aerostack2/as2_simulation_assets) by extension 'python'
[0.235s] Level 1:colcon.colcon_core.package_identification:_identify(src/aerostack2/as2_simulation_assets) by extensions ['python_setup_py']
[0.235s] Level 1:colcon.colcon_core.package_identification:_identify(src/aerostack2/as2_simulation_assets) by extension 'python_setup_py'
[0.235s] Level 1:colcon.colcon_core.package_identification:_identify(src/aerostack2/as2_simulation_assets/as2_gazebo_assets) by extensions ['ignore', 'ignore_ament_install']
[0.235s] Level 1:colcon.colcon_core.package_identification:_identify(src/aerostack2/as2_simulation_assets/as2_gazebo_assets) by extension 'ignore'
[0.235s] Level 1:colcon.colcon_core.package_identification:_identify(src/aerostack2/as2_simulation_assets/as2_gazebo_assets) by extension 'ignore_ament_install'
[0.235s] Level 1:colcon.colcon_core.package_identification:_identify(src/aerostack2/as2_simulation_assets/as2_gazebo_assets) by extensions ['colcon_pkg']
[0.235s] Level 1:colcon.colcon_core.package_identification:_identify(src/aerostack2/as2_simulation_assets/as2_gazebo_assets) by extension 'colcon_pkg'
[0.235s] Level 1:colcon.colcon_core.package_identification:_identify(src/aerostack2/as2_simulation_assets/as2_gazebo_assets) by extensions ['colcon_meta']
[0.235s] Level 1:colcon.colcon_core.package_identification:_identify(src/aerostack2/as2_simulation_assets/as2_gazebo_assets) by extension 'colcon_meta'
[0.235s] Level 1:colcon.colcon_core.package_identification:_identify(src/aerostack2/as2_simulation_assets/as2_gazebo_assets) by extensions ['ros']
[0.235s] Level 1:colcon.colcon_core.package_identification:_identify(src/aerostack2/as2_simulation_assets/as2_gazebo_assets) by extension 'ros'
[0.236s] DEBUG:colcon.colcon_core.package_identification:Package 'src/aerostack2/as2_simulation_assets/as2_gazebo_assets' with type 'ros.ament_cmake' and name 'as2_gazebo_assets'
[0.236s] Level 1:colcon.colcon_core.package_identification:_identify(src/aerostack2/as2_state_estimator) by extensions ['ignore', 'ignore_ament_install']
[0.236s] Level 1:colcon.colcon_core.package_identification:_identify(src/aerostack2/as2_state_estimator) by extension 'ignore'
[0.236s] Level 1:colcon.colcon_core.package_identification:_identify(src/aerostack2/as2_state_estimator) by extension 'ignore_ament_install'
[0.236s] Level 1:colcon.colcon_core.package_identification:_identify(src/aerostack2/as2_state_estimator) by extensions ['colcon_pkg']
[0.236s] Level 1:colcon.colcon_core.package_identification:_identify(src/aerostack2/as2_state_estimator) by extension 'colcon_pkg'
[0.236s] Level 1:colcon.colcon_core.package_identification:_identify(src/aerostack2/as2_state_estimator) by extensions ['colcon_meta']
[0.236s] Level 1:colcon.colcon_core.package_identification:_identify(src/aerostack2/as2_state_estimator) by extension 'colcon_meta'
[0.236s] Level 1:colcon.colcon_core.package_identification:_identify(src/aerostack2/as2_state_estimator) by extensions ['ros']
[0.236s] Level 1:colcon.colcon_core.package_identification:_identify(src/aerostack2/as2_state_estimator) by extension 'ros'
[0.237s] DEBUG:colcon.colcon_core.package_identification:Package 'src/aerostack2/as2_state_estimator' with type 'ros.ament_cmake' and name 'as2_state_estimator'
[0.237s] Level 1:colcon.colcon_core.package_identification:_identify(src/aerostack2/as2_user_interfaces) by extensions ['ignore', 'ignore_ament_install']
[0.237s] Level 1:colcon.colcon_core.package_identification:_identify(src/aerostack2/as2_user_interfaces) by extension 'ignore'
[0.237s] Level 1:colcon.colcon_core.package_identification:_identify(src/aerostack2/as2_user_interfaces) by extension 'ignore_ament_install'
[0.237s] Level 1:colcon.colcon_core.package_identification:_identify(src/aerostack2/as2_user_interfaces) by extensions ['colcon_pkg']
[0.237s] Level 1:colcon.colcon_core.package_identification:_identify(src/aerostack2/as2_user_interfaces) by extension 'colcon_pkg'
[0.237s] Level 1:colcon.colcon_core.package_identification:_identify(src/aerostack2/as2_user_interfaces) by extensions ['colcon_meta']
[0.237s] Level 1:colcon.colcon_core.package_identification:_identify(src/aerostack2/as2_user_interfaces) by extension 'colcon_meta'
[0.237s] Level 1:colcon.colcon_core.package_identification:_identify(src/aerostack2/as2_user_interfaces) by extensions ['ros']
[0.237s] Level 1:colcon.colcon_core.package_identification:_identify(src/aerostack2/as2_user_interfaces) by extension 'ros'
[0.237s] Level 1:colcon.colcon_core.package_identification:_identify(src/aerostack2/as2_user_interfaces) by extensions ['cmake', 'python']
[0.237s] Level 1:colcon.colcon_core.package_identification:_identify(src/aerostack2/as2_user_interfaces) by extension 'cmake'
[0.237s] Level 1:colcon.colcon_core.package_identification:_identify(src/aerostack2/as2_user_interfaces) by extension 'python'
[0.237s] Level 1:colcon.colcon_core.package_identification:_identify(src/aerostack2/as2_user_interfaces) by extensions ['python_setup_py']
[0.237s] Level 1:colcon.colcon_core.package_identification:_identify(src/aerostack2/as2_user_interfaces) by extension 'python_setup_py'
[0.237s] Level 1:colcon.colcon_core.package_identification:_identify(src/aerostack2/as2_user_interfaces/as2_alphanumeric_viewer) by extensions ['ignore', 'ignore_ament_install']
[0.237s] Level 1:colcon.colcon_core.package_identification:_identify(src/aerostack2/as2_user_interfaces/as2_alphanumeric_viewer) by extension 'ignore'
[0.237s] Level 1:colcon.colcon_core.package_identification:_identify(src/aerostack2/as2_user_interfaces/as2_alphanumeric_viewer) by extension 'ignore_ament_install'
[0.237s] Level 1:colcon.colcon_core.package_identification:_identify(src/aerostack2/as2_user_interfaces/as2_alphanumeric_viewer) by extensions ['colcon_pkg']
[0.237s] Level 1:colcon.colcon_core.package_identification:_identify(src/aerostack2/as2_user_interfaces/as2_alphanumeric_viewer) by extension 'colcon_pkg'
[0.237s] Level 1:colcon.colcon_core.package_identification:_identify(src/aerostack2/as2_user_interfaces/as2_alphanumeric_viewer) by extensions ['colcon_meta']
[0.237s] Level 1:colcon.colcon_core.package_identification:_identify(src/aerostack2/as2_user_interfaces/as2_alphanumeric_viewer) by extension 'colcon_meta'
[0.237s] Level 1:colcon.colcon_core.package_identification:_identify(src/aerostack2/as2_user_interfaces/as2_alphanumeric_viewer) by extensions ['ros']
[0.237s] Level 1:colcon.colcon_core.package_identification:_identify(src/aerostack2/as2_user_interfaces/as2_alphanumeric_viewer) by extension 'ros'
[0.238s] DEBUG:colcon.colcon_core.package_identification:Package 'src/aerostack2/as2_user_interfaces/as2_alphanumeric_viewer' with type 'ros.ament_cmake' and name 'as2_alphanumeric_viewer'
[0.238s] Level 1:colcon.colcon_core.package_identification:_identify(src/aerostack2/as2_user_interfaces/as2_keyboard_teleoperation) by extensions ['ignore', 'ignore_ament_install']
[0.238s] Level 1:colcon.colcon_core.package_identification:_identify(src/aerostack2/as2_user_interfaces/as2_keyboard_teleoperation) by extension 'ignore'
[0.238s] Level 1:colcon.colcon_core.package_identification:_identify(src/aerostack2/as2_user_interfaces/as2_keyboard_teleoperation) by extension 'ignore_ament_install'
[0.238s] Level 1:colcon.colcon_core.package_identification:_identify(src/aerostack2/as2_user_interfaces/as2_keyboard_teleoperation) by extensions ['colcon_pkg']
[0.238s] Level 1:colcon.colcon_core.package_identification:_identify(src/aerostack2/as2_user_interfaces/as2_keyboard_teleoperation) by extension 'colcon_pkg'
[0.238s] Level 1:colcon.colcon_core.package_identification:_identify(src/aerostack2/as2_user_interfaces/as2_keyboard_teleoperation) by extensions ['colcon_meta']
[0.238s] Level 1:colcon.colcon_core.package_identification:_identify(src/aerostack2/as2_user_interfaces/as2_keyboard_teleoperation) by extension 'colcon_meta'
[0.238s] Level 1:colcon.colcon_core.package_identification:_identify(src/aerostack2/as2_user_interfaces/as2_keyboard_teleoperation) by extensions ['ros']
[0.238s] Level 1:colcon.colcon_core.package_identification:_identify(src/aerostack2/as2_user_interfaces/as2_keyboard_teleoperation) by extension 'ros'
[0.239s] DEBUG:colcon.colcon_core.package_identification:Package 'src/aerostack2/as2_user_interfaces/as2_keyboard_teleoperation' with type 'ros.ament_python' and name 'as2_keyboard_teleoperation'
[0.239s] Level 1:colcon.colcon_core.package_identification:_identify(src/aerostack2/as2_user_interfaces/as2_visualization) by extensions ['ignore', 'ignore_ament_install']
[0.239s] Level 1:colcon.colcon_core.package_identification:_identify(src/aerostack2/as2_user_interfaces/as2_visualization) by extension 'ignore'
[0.239s] Level 1:colcon.colcon_core.package_identification:_identify(src/aerostack2/as2_user_interfaces/as2_visualization) by extension 'ignore_ament_install'
[0.239s] Level 1:colcon.colcon_core.package_identification:_identify(src/aerostack2/as2_user_interfaces/as2_visualization) by extensions ['colcon_pkg']
[0.239s] Level 1:colcon.colcon_core.package_identification:_identify(src/aerostack2/as2_user_interfaces/as2_visualization) by extension 'colcon_pkg'
[0.239s] Level 1:colcon.colcon_core.package_identification:_identify(src/aerostack2/as2_user_interfaces/as2_visualization) by extensions ['colcon_meta']
[0.239s] Level 1:colcon.colcon_core.package_identification:_identify(src/aerostack2/as2_user_interfaces/as2_visualization) by extension 'colcon_meta'
[0.239s] Level 1:colcon.colcon_core.package_identification:_identify(src/aerostack2/as2_user_interfaces/as2_visualization) by extensions ['ros']
[0.239s] Level 1:colcon.colcon_core.package_identification:_identify(src/aerostack2/as2_user_interfaces/as2_visualization) by extension 'ros'
[0.239s] Level 1:colcon.colcon_core.package_identification:_identify(src/aerostack2/as2_user_interfaces/as2_visualization) by extensions ['cmake', 'python']
[0.239s] Level 1:colcon.colcon_core.package_identification:_identify(src/aerostack2/as2_user_interfaces/as2_visualization) by extension 'cmake'
[0.239s] Level 1:colcon.colcon_core.package_identification:_identify(src/aerostack2/as2_user_interfaces/as2_visualization) by extension 'python'
[0.239s] Level 1:colcon.colcon_core.package_identification:_identify(src/aerostack2/as2_user_interfaces/as2_visualization) by extensions ['python_setup_py']
[0.239s] Level 1:colcon.colcon_core.package_identification:_identify(src/aerostack2/as2_user_interfaces/as2_visualization) by extension 'python_setup_py'
[0.239s] Level 1:colcon.colcon_core.package_identification:_identify(src/aerostack2/as2_user_interfaces/as2_visualization/as2_rviz_plugins) by extensions ['ignore', 'ignore_ament_install']
[0.239s] Level 1:colcon.colcon_core.package_identification:_identify(src/aerostack2/as2_user_interfaces/as2_visualization/as2_rviz_plugins) by extension 'ignore'
[0.239s] Level 1:colcon.colcon_core.package_identification:_identify(src/aerostack2/as2_user_interfaces/as2_visualization/as2_rviz_plugins) by extension 'ignore_ament_install'
[0.239s] Level 1:colcon.colcon_core.package_identification:_identify(src/aerostack2/as2_user_interfaces/as2_visualization/as2_rviz_plugins) by extensions ['colcon_pkg']
[0.239s] Level 1:colcon.colcon_core.package_identification:_identify(src/aerostack2/as2_user_interfaces/as2_visualization/as2_rviz_plugins) by extension 'colcon_pkg'
[0.239s] Level 1:colcon.colcon_core.package_identification:_identify(src/aerostack2/as2_user_interfaces/as2_visualization/as2_rviz_plugins) by extensions ['colcon_meta']
[0.239s] Level 1:colcon.colcon_core.package_identification:_identify(src/aerostack2/as2_user_interfaces/as2_visualization/as2_rviz_plugins) by extension 'colcon_meta'
[0.239s] Level 1:colcon.colcon_core.package_identification:_identify(src/aerostack2/as2_user_interfaces/as2_visualization/as2_rviz_plugins) by extensions ['ros']
[0.239s] Level 1:colcon.colcon_core.package_identification:_identify(src/aerostack2/as2_user_interfaces/as2_visualization/as2_rviz_plugins) by extension 'ros'
[0.240s] DEBUG:colcon.colcon_core.package_identification:Package 'src/aerostack2/as2_user_interfaces/as2_visualization/as2_rviz_plugins' with type 'ros.ament_cmake' and name 'as2_rviz_plugins'
[0.240s] Level 1:colcon.colcon_core.package_identification:_identify(src/aerostack2/as2_user_interfaces/as2_visualization/as2_visualization) by extensions ['ignore', 'ignore_ament_install']
[0.240s] Level 1:colcon.colcon_core.package_identification:_identify(src/aerostack2/as2_user_interfaces/as2_visualization/as2_visualization) by extension 'ignore'
[0.240s] Level 1:colcon.colcon_core.package_identification:_identify(src/aerostack2/as2_user_interfaces/as2_visualization/as2_visualization) by extension 'ignore_ament_install'
[0.240s] Level 1:colcon.colcon_core.package_identification:_identify(src/aerostack2/as2_user_interfaces/as2_visualization/as2_visualization) by extensions ['colcon_pkg']
[0.240s] Level 1:colcon.colcon_core.package_identification:_identify(src/aerostack2/as2_user_interfaces/as2_visualization/as2_visualization) by extension 'colcon_pkg'
[0.240s] Level 1:colcon.colcon_core.package_identification:_identify(src/aerostack2/as2_user_interfaces/as2_visualization/as2_visualization) by extensions ['colcon_meta']
[0.240s] Level 1:colcon.colcon_core.package_identification:_identify(src/aerostack2/as2_user_interfaces/as2_visualization/as2_visualization) by extension 'colcon_meta'
[0.240s] Level 1:colcon.colcon_core.package_identification:_identify(src/aerostack2/as2_user_interfaces/as2_visualization/as2_visualization) by extensions ['ros']
[0.240s] Level 1:colcon.colcon_core.package_identification:_identify(src/aerostack2/as2_user_interfaces/as2_visualization/as2_visualization) by extension 'ros'
[0.241s] DEBUG:colcon.colcon_core.package_identification:Package 'src/aerostack2/as2_user_interfaces/as2_visualization/as2_visualization' with type 'ros.ament_python' and name 'as2_visualization'
[0.241s] Level 1:colcon.colcon_core.package_identification:_identify(src/aerostack2/as2_utilities) by extensions ['ignore', 'ignore_ament_install']
[0.241s] Level 1:colcon.colcon_core.package_identification:_identify(src/aerostack2/as2_utilities) by extension 'ignore'
[0.241s] Level 1:colcon.colcon_core.package_identification:_identify(src/aerostack2/as2_utilities) by extension 'ignore_ament_install'
[0.241s] Level 1:colcon.colcon_core.package_identification:_identify(src/aerostack2/as2_utilities) by extensions ['colcon_pkg']
[0.241s] Level 1:colcon.colcon_core.package_identification:_identify(src/aerostack2/as2_utilities) by extension 'colcon_pkg'
[0.241s] Level 1:colcon.colcon_core.package_identification:_identify(src/aerostack2/as2_utilities) by extensions ['colcon_meta']
[0.241s] Level 1:colcon.colcon_core.package_identification:_identify(src/aerostack2/as2_utilities) by extension 'colcon_meta'
[0.241s] Level 1:colcon.colcon_core.package_identification:_identify(src/aerostack2/as2_utilities) by extensions ['ros']
[0.241s] Level 1:colcon.colcon_core.package_identification:_identify(src/aerostack2/as2_utilities) by extension 'ros'
[0.241s] Level 1:colcon.colcon_core.package_identification:_identify(src/aerostack2/as2_utilities) by extensions ['cmake', 'python']
[0.241s] Level 1:colcon.colcon_core.package_identification:_identify(src/aerostack2/as2_utilities) by extension 'cmake'
[0.241s] Level 1:colcon.colcon_core.package_identification:_identify(src/aerostack2/as2_utilities) by extension 'python'
[0.241s] Level 1:colcon.colcon_core.package_identification:_identify(src/aerostack2/as2_utilities) by extensions ['python_setup_py']
[0.241s] Level 1:colcon.colcon_core.package_identification:_identify(src/aerostack2/as2_utilities) by extension 'python_setup_py'
[0.241s] Level 1:colcon.colcon_core.package_identification:_identify(src/aerostack2/as2_utilities/as2_external_object_to_tf) by extensions ['ignore', 'ignore_ament_install']
[0.241s] Level 1:colcon.colcon_core.package_identification:_identify(src/aerostack2/as2_utilities/as2_external_object_to_tf) by extension 'ignore'
[0.241s] Level 1:colcon.colcon_core.package_identification:_identify(src/aerostack2/as2_utilities/as2_external_object_to_tf) by extension 'ignore_ament_install'
[0.241s] Level 1:colcon.colcon_core.package_identification:_identify(src/aerostack2/as2_utilities/as2_external_object_to_tf) by extensions ['colcon_pkg']
[0.241s] Level 1:colcon.colcon_core.package_identification:_identify(src/aerostack2/as2_utilities/as2_external_object_to_tf) by extension 'colcon_pkg'
[0.241s] Level 1:colcon.colcon_core.package_identification:_identify(src/aerostack2/as2_utilities/as2_external_object_to_tf) by extensions ['colcon_meta']
[0.241s] Level 1:colcon.colcon_core.package_identification:_identify(src/aerostack2/as2_utilities/as2_external_object_to_tf) by extension 'colcon_meta'
[0.241s] Level 1:colcon.colcon_core.package_identification:_identify(src/aerostack2/as2_utilities/as2_external_object_to_tf) by extensions ['ros']
[0.241s] Level 1:colcon.colcon_core.package_identification:_identify(src/aerostack2/as2_utilities/as2_external_object_to_tf) by extension 'ros'
[0.242s] DEBUG:colcon.colcon_core.package_identification:Package 'src/aerostack2/as2_utilities/as2_external_object_to_tf' with type 'ros.ament_cmake' and name 'as2_external_object_to_tf'
[0.242s] Level 1:colcon.colcon_core.package_identification:_identify(src/aerostack2/as2_utilities/as2_geozones) by extensions ['ignore', 'ignore_ament_install']
[0.242s] Level 1:colcon.colcon_core.package_identification:_identify(src/aerostack2/as2_utilities/as2_geozones) by extension 'ignore'
[0.242s] Level 1:colcon.colcon_core.package_identification:_identify(src/aerostack2/as2_utilities/as2_geozones) by extension 'ignore_ament_install'
[0.242s] Level 1:colcon.colcon_core.package_identification:_identify(src/aerostack2/as2_utilities/as2_geozones) by extensions ['colcon_pkg']
[0.242s] Level 1:colcon.colcon_core.package_identification:_identify(src/aerostack2/as2_utilities/as2_geozones) by extension 'colcon_pkg'
[0.242s] Level 1:colcon.colcon_core.package_identification:_identify(src/aerostack2/as2_utilities/as2_geozones) by extensions ['colcon_meta']
[0.242s] Level 1:colcon.colcon_core.package_identification:_identify(src/aerostack2/as2_utilities/as2_geozones) by extension 'colcon_meta'
[0.242s] Level 1:colcon.colcon_core.package_identification:_identify(src/aerostack2/as2_utilities/as2_geozones) by extensions ['ros']
[0.242s] Level 1:colcon.colcon_core.package_identification:_identify(src/aerostack2/as2_utilities/as2_geozones) by extension 'ros'
[0.243s] DEBUG:colcon.colcon_core.package_identification:Package 'src/aerostack2/as2_utilities/as2_geozones' with type 'ros.ament_cmake' and name 'as2_geozones'
[0.243s] Level 1:colcon.colcon_core.package_identification:_identify(src/aerostack2/build) by extensions ['ignore', 'ignore_ament_install']
[0.243s] Level 1:colcon.colcon_core.package_identification:_identify(src/aerostack2/build) by extension 'ignore'
[0.243s] Level 1:colcon.colcon_core.package_identification:_identify(src/aerostack2/build) ignored
[0.243s] Level 1:colcon.colcon_core.package_identification:_identify(src/aerostack2/docker) by extensions ['ignore', 'ignore_ament_install']
[0.243s] Level 1:colcon.colcon_core.package_identification:_identify(src/aerostack2/docker) by extension 'ignore'
[0.243s] Level 1:colcon.colcon_core.package_identification:_identify(src/aerostack2/docker) by extension 'ignore_ament_install'
[0.243s] Level 1:colcon.colcon_core.package_identification:_identify(src/aerostack2/docker) by extensions ['colcon_pkg']
[0.243s] Level 1:colcon.colcon_core.package_identification:_identify(src/aerostack2/docker) by extension 'colcon_pkg'
[0.243s] Level 1:colcon.colcon_core.package_identification:_identify(src/aerostack2/docker) by extensions ['colcon_meta']
[0.243s] Level 1:colcon.colcon_core.package_identification:_identify(src/aerostack2/docker) by extension 'colcon_meta'
[0.243s] Level 1:colcon.colcon_core.package_identification:_identify(src/aerostack2/docker) by extensions ['ros']
[0.243s] Level 1:colcon.colcon_core.package_identification:_identify(src/aerostack2/docker) by extension 'ros'
[0.243s] Level 1:colcon.colcon_core.package_identification:_identify(src/aerostack2/docker) by extensions ['cmake', 'python']
[0.243s] Level 1:colcon.colcon_core.package_identification:_identify(src/aerostack2/docker) by extension 'cmake'
[0.243s] Level 1:colcon.colcon_core.package_identification:_identify(src/aerostack2/docker) by extension 'python'
[0.243s] Level 1:colcon.colcon_core.package_identification:_identify(src/aerostack2/docker) by extensions ['python_setup_py']
[0.243s] Level 1:colcon.colcon_core.package_identification:_identify(src/aerostack2/docker) by extension 'python_setup_py'
[0.243s] Level 1:colcon.colcon_core.package_identification:_identify(src/aerostack2/docker/galactic) by extensions ['ignore', 'ignore_ament_install']
[0.243s] Level 1:colcon.colcon_core.package_identification:_identify(src/aerostack2/docker/galactic) by extension 'ignore'
[0.243s] Level 1:colcon.colcon_core.package_identification:_identify(src/aerostack2/docker/galactic) by extension 'ignore_ament_install'
[0.244s] Level 1:colcon.colcon_core.package_identification:_identify(src/aerostack2/docker/galactic) by extensions ['colcon_pkg']
[0.244s] Level 1:colcon.colcon_core.package_identification:_identify(src/aerostack2/docker/galactic) by extension 'colcon_pkg'
[0.244s] Level 1:colcon.colcon_core.package_identification:_identify(src/aerostack2/docker/galactic) by extensions ['colcon_meta']
[0.244s] Level 1:colcon.colcon_core.package_identification:_identify(src/aerostack2/docker/galactic) by extension 'colcon_meta'
[0.244s] Level 1:colcon.colcon_core.package_identification:_identify(src/aerostack2/docker/galactic) by extensions ['ros']
[0.244s] Level 1:colcon.colcon_core.package_identification:_identify(src/aerostack2/docker/galactic) by extension 'ros'
[0.244s] Level 1:colcon.colcon_core.package_identification:_identify(src/aerostack2/docker/galactic) by extensions ['cmake', 'python']
[0.244s] Level 1:colcon.colcon_core.package_identification:_identify(src/aerostack2/docker/galactic) by extension 'cmake'
[0.244s] Level 1:colcon.colcon_core.package_identification:_identify(src/aerostack2/docker/galactic) by extension 'python'
[0.244s] Level 1:colcon.colcon_core.package_identification:_identify(src/aerostack2/docker/galactic) by extensions ['python_setup_py']
[0.244s] Level 1:colcon.colcon_core.package_identification:_identify(src/aerostack2/docker/galactic) by extension 'python_setup_py'
[0.244s] Level 1:colcon.colcon_core.package_identification:_identify(src/aerostack2/docker/humble) by extensions ['ignore', 'ignore_ament_install']
[0.244s] Level 1:colcon.colcon_core.package_identification:_identify(src/aerostack2/docker/humble) by extension 'ignore'
[0.244s] Level 1:colcon.colcon_core.package_identification:_identify(src/aerostack2/docker/humble) by extension 'ignore_ament_install'
[0.244s] Level 1:colcon.colcon_core.package_identification:_identify(src/aerostack2/docker/humble) by extensions ['colcon_pkg']
[0.244s] Level 1:colcon.colcon_core.package_identification:_identify(src/aerostack2/docker/humble) by extension 'colcon_pkg'
[0.244s] Level 1:colcon.colcon_core.package_identification:_identify(src/aerostack2/docker/humble) by extensions ['colcon_meta']
[0.244s] Level 1:colcon.colcon_core.package_identification:_identify(src/aerostack2/docker/humble) by extension 'colcon_meta'
[0.244s] Level 1:colcon.colcon_core.package_identification:_identify(src/aerostack2/docker/humble) by extensions ['ros']
[0.244s] Level 1:colcon.colcon_core.package_identification:_identify(src/aerostack2/docker/humble) by extension 'ros'
[0.244s] Level 1:colcon.colcon_core.package_identification:_identify(src/aerostack2/docker/humble) by extensions ['cmake', 'python']
[0.244s] Level 1:colcon.colcon_core.package_identification:_identify(src/aerostack2/docker/humble) by extension 'cmake'
[0.244s] Level 1:colcon.colcon_core.package_identification:_identify(src/aerostack2/docker/humble) by extension 'python'
[0.244s] Level 1:colcon.colcon_core.package_identification:_identify(src/aerostack2/docker/humble) by extensions ['python_setup_py']
[0.244s] Level 1:colcon.colcon_core.package_identification:_identify(src/aerostack2/docker/humble) by extension 'python_setup_py'
[0.244s] Level 1:colcon.colcon_core.package_identification:_identify(src/aerostack2/docker/humble_gzharmonic) by extensions ['ignore', 'ignore_ament_install']
[0.244s] Level 1:colcon.colcon_core.package_identification:_identify(src/aerostack2/docker/humble_gzharmonic) by extension 'ignore'
[0.244s] Level 1:colcon.colcon_core.package_identification:_identify(src/aerostack2/docker/humble_gzharmonic) by extension 'ignore_ament_install'
[0.244s] Level 1:colcon.colcon_core.package_identification:_identify(src/aerostack2/docker/humble_gzharmonic) by extensions ['colcon_pkg']
[0.244s] Level 1:colcon.colcon_core.package_identification:_identify(src/aerostack2/docker/humble_gzharmonic) by extension 'colcon_pkg'
[0.244s] Level 1:colcon.colcon_core.package_identification:_identify(src/aerostack2/docker/humble_gzharmonic) by extensions ['colcon_meta']
[0.244s] Level 1:colcon.colcon_core.package_identification:_identify(src/aerostack2/docker/humble_gzharmonic) by extension 'colcon_meta'
[0.244s] Level 1:colcon.colcon_core.package_identification:_identify(src/aerostack2/docker/humble_gzharmonic) by extensions ['ros']
[0.244s] Level 1:colcon.colcon_core.package_identification:_identify(src/aerostack2/docker/humble_gzharmonic) by extension 'ros'
[0.244s] Level 1:colcon.colcon_core.package_identification:_identify(src/aerostack2/docker/humble_gzharmonic) by extensions ['cmake', 'python']
[0.244s] Level 1:colcon.colcon_core.package_identification:_identify(src/aerostack2/docker/humble_gzharmonic) by extension 'cmake'
[0.244s] Level 1:colcon.colcon_core.package_identification:_identify(src/aerostack2/docker/humble_gzharmonic) by extension 'python'
[0.244s] Level 1:colcon.colcon_core.package_identification:_identify(src/aerostack2/docker/humble_gzharmonic) by extensions ['python_setup_py']
[0.244s] Level 1:colcon.colcon_core.package_identification:_identify(src/aerostack2/docker/humble_gzharmonic) by extension 'python_setup_py'
[0.245s] Level 1:colcon.colcon_core.package_identification:_identify(src/aerostack2/docker/humble_vnc) by extensions ['ignore', 'ignore_ament_install']
[0.245s] Level 1:colcon.colcon_core.package_identification:_identify(src/aerostack2/docker/humble_vnc) by extension 'ignore'
[0.245s] Level 1:colcon.colcon_core.package_identification:_identify(src/aerostack2/docker/humble_vnc) by extension 'ignore_ament_install'
[0.245s] Level 1:colcon.colcon_core.package_identification:_identify(src/aerostack2/docker/humble_vnc) by extensions ['colcon_pkg']
[0.245s] Level 1:colcon.colcon_core.package_identification:_identify(src/aerostack2/docker/humble_vnc) by extension 'colcon_pkg'
[0.245s] Level 1:colcon.colcon_core.package_identification:_identify(src/aerostack2/docker/humble_vnc) by extensions ['colcon_meta']
[0.245s] Level 1:colcon.colcon_core.package_identification:_identify(src/aerostack2/docker/humble_vnc) by extension 'colcon_meta'
[0.245s] Level 1:colcon.colcon_core.package_identification:_identify(src/aerostack2/docker/humble_vnc) by extensions ['ros']
[0.245s] Level 1:colcon.colcon_core.package_identification:_identify(src/aerostack2/docker/humble_vnc) by extension 'ros'
[0.245s] Level 1:colcon.colcon_core.package_identification:_identify(src/aerostack2/docker/humble_vnc) by extensions ['cmake', 'python']
[0.245s] Level 1:colcon.colcon_core.package_identification:_identify(src/aerostack2/docker/humble_vnc) by extension 'cmake'
[0.245s] Level 1:colcon.colcon_core.package_identification:_identify(src/aerostack2/docker/humble_vnc) by extension 'python'
[0.245s] Level 1:colcon.colcon_core.package_identification:_identify(src/aerostack2/docker/humble_vnc) by extensions ['python_setup_py']
[0.245s] Level 1:colcon.colcon_core.package_identification:_identify(src/aerostack2/docker/humble_vnc) by extension 'python_setup_py'
[0.245s] Level 1:colcon.colcon_core.package_identification:_identify(src/aerostack2/install) by extensions ['ignore', 'ignore_ament_install']
[0.245s] Level 1:colcon.colcon_core.package_identification:_identify(src/aerostack2/install) by extension 'ignore'
[0.245s] Level 1:colcon.colcon_core.package_identification:_identify(src/aerostack2/install) ignored
[0.245s] Level 1:colcon.colcon_core.package_identification:_identify(src/aerostack2/log) by extensions ['ignore', 'ignore_ament_install']
[0.245s] Level 1:colcon.colcon_core.package_identification:_identify(src/aerostack2/log) by extension 'ignore'
[0.245s] Level 1:colcon.colcon_core.package_identification:_identify(src/aerostack2/log) ignored
[0.245s] Level 1:colcon.colcon_core.package_identification:_identify(thumbnails) by extensions ['ignore', 'ignore_ament_install']
[0.245s] Level 1:colcon.colcon_core.package_identification:_identify(thumbnails) by extension 'ignore'
[0.245s] Level 1:colcon.colcon_core.package_identification:_identify(thumbnails) by extension 'ignore_ament_install'
[0.245s] Level 1:colcon.colcon_core.package_identification:_identify(thumbnails) by extensions ['colcon_pkg']
[0.245s] Level 1:colcon.colcon_core.package_identification:_identify(thumbnails) by extension 'colcon_pkg'
[0.245s] Level 1:colcon.colcon_core.package_identification:_identify(thumbnails) by extensions ['colcon_meta']
[0.245s] Level 1:colcon.colcon_core.package_identification:_identify(thumbnails) by extension 'colcon_meta'
[0.245s] Level 1:colcon.colcon_core.package_identification:_identify(thumbnails) by extensions ['ros']
[0.245s] Level 1:colcon.colcon_core.package_identification:_identify(thumbnails) by extension 'ros'
[0.245s] Level 1:colcon.colcon_core.package_identification:_identify(thumbnails) by extensions ['cmake', 'python']
[0.245s] Level 1:colcon.colcon_core.package_identification:_identify(thumbnails) by extension 'cmake'
[0.245s] Level 1:colcon.colcon_core.package_identification:_identify(thumbnails) by extension 'python'
[0.245s] Level 1:colcon.colcon_core.package_identification:_identify(thumbnails) by extensions ['python_setup_py']
[0.245s] Level 1:colcon.colcon_core.package_identification:_identify(thumbnails) by extension 'python_setup_py'
[0.245s] Level 1:colcon.colcon_core.package_discovery:discover_packages(recursive) using defaults
[0.246s] Level 1:colcon.colcon_core.package_discovery:discover_packages(ignore) discover
[0.246s] Level 1:colcon.colcon_core.package_discovery:discover_packages(ignore) using defaults
[0.246s] Level 1:colcon.colcon_core.package_discovery:discover_packages(path) discover
[0.246s] Level 1:colcon.colcon_core.package_discovery:discover_packages(path) using defaults
[0.260s] INFO:colcon.colcon_metadata.metadata.colcon_pkg:Updating descriptor of package 'src/aerostack2/as2_python_api' from colcon.pkg: {'hooks': ['share/as2_python_api/hooks/resource_paths.sh']}
[0.269s] Level 5:colcon.colcon_core.verb:set package 'as2_cli' build argument 'cmake_args' from command line to 'None'
[0.269s] Level 5:colcon.colcon_core.verb:set package 'as2_cli' build argument 'cmake_target' from command line to 'None'
[0.269s] Level 5:colcon.colcon_core.verb:set package 'as2_cli' build argument 'cmake_target_skip_unavailable' from command line to 'False'
[0.269s] Level 5:colcon.colcon_core.verb:set package 'as2_cli' build argument 'cmake_clean_cache' from command line to 'False'
[0.269s] Level 5:colcon.colcon_core.verb:set package 'as2_cli' build argument 'cmake_clean_first' from command line to 'False'
[0.269s] Level 5:colcon.colcon_core.verb:set package 'as2_cli' build argument 'cmake_force_configure' from command line to 'False'
[0.269s] Level 5:colcon.colcon_core.verb:set package 'as2_cli' build argument 'ament_cmake_args' from command line to 'None'
[0.269s] Level 5:colcon.colcon_core.verb:set package 'as2_cli' build argument 'catkin_cmake_args' from command line to 'None'
[0.269s] Level 5:colcon.colcon_core.verb:set package 'as2_cli' build argument 'catkin_skip_building_tests' from command line to 'False'
[0.269s] DEBUG:colcon.colcon_core.verb:Building package 'as2_cli' with the following arguments: {'ament_cmake_args': None, 'build_base': '/root/aerostack2_ws/build/as2_cli', 'catkin_cmake_args': None, 'catkin_skip_building_tests': False, 'cmake_args': None, 'cmake_clean_cache': False, 'cmake_clean_first': False, 'cmake_force_configure': False, 'cmake_target': None, 'cmake_target_skip_unavailable': False, 'install_base': '/root/aerostack2_ws/install/as2_cli', 'merge_install': False, 'path': '/root/aerostack2_ws/src/aerostack2/as2_cli', 'symlink_install': False, 'test_result_base': None}
[0.270s] Level 5:colcon.colcon_core.verb:set package 'as2_msgs' build argument 'cmake_args' from command line to 'None'
[0.270s] Level 5:colcon.colcon_core.verb:set package 'as2_msgs' build argument 'cmake_target' from command line to 'None'
[0.270s] Level 5:colcon.colcon_core.verb:set package 'as2_msgs' build argument 'cmake_target_skip_unavailable' from command line to 'False'
[0.270s] Level 5:colcon.colcon_core.verb:set package 'as2_msgs' build argument 'cmake_clean_cache' from command line to 'False'
[0.270s] Level 5:colcon.colcon_core.verb:set package 'as2_msgs' build argument 'cmake_clean_first' from command line to 'False'
[0.270s] Level 5:colcon.colcon_core.verb:set package 'as2_msgs' build argument 'cmake_force_configure' from command line to 'False'
[0.270s] Level 5:colcon.colcon_core.verb:set package 'as2_msgs' build argument 'ament_cmake_args' from command line to 'None'
[0.270s] Level 5:colcon.colcon_core.verb:set package 'as2_msgs' build argument 'catkin_cmake_args' from command line to 'None'
[0.270s] Level 5:colcon.colcon_core.verb:set package 'as2_msgs' build argument 'catkin_skip_building_tests' from command line to 'False'
[0.270s] DEBUG:colcon.colcon_core.verb:Building package 'as2_msgs' with the following arguments: {'ament_cmake_args': None, 'build_base': '/root/aerostack2_ws/build/as2_msgs', 'catkin_cmake_args': None, 'catkin_skip_building_tests': False, 'cmake_args': None, 'cmake_clean_cache': False, 'cmake_clean_first': False, 'cmake_force_configure': False, 'cmake_target': None, 'cmake_target_skip_unavailable': False, 'install_base': '/root/aerostack2_ws/install/as2_msgs', 'merge_install': False, 'path': '/root/aerostack2_ws/src/aerostack2/as2_msgs', 'symlink_install': False, 'test_result_base': None}
[0.270s] Level 5:colcon.colcon_core.verb:set package 'as2_perception' build argument 'cmake_args' from command line to 'None'
[0.270s] Level 5:colcon.colcon_core.verb:set package 'as2_perception' build argument 'cmake_target' from command line to 'None'
[0.270s] Level 5:colcon.colcon_core.verb:set package 'as2_perception' build argument 'cmake_target_skip_unavailable' from command line to 'False'
[0.270s] Level 5:colcon.colcon_core.verb:set package 'as2_perception' build argument 'cmake_clean_cache' from command line to 'False'
[0.270s] Level 5:colcon.colcon_core.verb:set package 'as2_perception' build argument 'cmake_clean_first' from command line to 'False'
[0.270s] Level 5:colcon.colcon_core.verb:set package 'as2_perception' build argument 'cmake_force_configure' from command line to 'False'
[0.270s] Level 5:colcon.colcon_core.verb:set package 'as2_perception' build argument 'ament_cmake_args' from command line to 'None'
[0.270s] Level 5:colcon.colcon_core.verb:set package 'as2_perception' build argument 'catkin_cmake_args' from command line to 'None'
[0.270s] Level 5:colcon.colcon_core.verb:set package 'as2_perception' build argument 'catkin_skip_building_tests' from command line to 'False'
[0.270s] DEBUG:colcon.colcon_core.verb:Building package 'as2_perception' with the following arguments: {'ament_cmake_args': None, 'build_base': '/root/aerostack2_ws/build/as2_perception', 'catkin_cmake_args': None, 'catkin_skip_building_tests': False, 'cmake_args': None, 'cmake_clean_cache': False, 'cmake_clean_first': False, 'cmake_force_configure': False, 'cmake_target': None, 'cmake_target_skip_unavailable': False, 'install_base': '/root/aerostack2_ws/install/as2_perception', 'merge_install': False, 'path': '/root/aerostack2_ws/src/aerostack2/as2_perception', 'symlink_install': False, 'test_result_base': None}
[0.270s] Level 5:colcon.colcon_core.verb:set package 'as2_core' build argument 'cmake_args' from command line to 'None'
[0.270s] Level 5:colcon.colcon_core.verb:set package 'as2_core' build argument 'cmake_target' from command line to 'None'
[0.270s] Level 5:colcon.colcon_core.verb:set package 'as2_core' build argument 'cmake_target_skip_unavailable' from command line to 'False'
[0.270s] Level 5:colcon.colcon_core.verb:set package 'as2_core' build argument 'cmake_clean_cache' from command line to 'False'
[0.270s] Level 5:colcon.colcon_core.verb:set package 'as2_core' build argument 'cmake_clean_first' from command line to 'False'
[0.270s] Level 5:colcon.colcon_core.verb:set package 'as2_core' build argument 'cmake_force_configure' from command line to 'False'
[0.270s] Level 5:colcon.colcon_core.verb:set package 'as2_core' build argument 'ament_cmake_args' from command line to 'None'
[0.270s] Level 5:colcon.colcon_core.verb:set package 'as2_core' build argument 'catkin_cmake_args' from command line to 'None'
[0.270s] Level 5:colcon.colcon_core.verb:set package 'as2_core' build argument 'catkin_skip_building_tests' from command line to 'False'
[0.270s] DEBUG:colcon.colcon_core.verb:Building package 'as2_core' with the following arguments: {'ament_cmake_args': None, 'build_base': '/root/aerostack2_ws/build/as2_core', 'catkin_cmake_args': None, 'catkin_skip_building_tests': False, 'cmake_args': None, 'cmake_clean_cache': False, 'cmake_clean_first': False, 'cmake_force_configure': False, 'cmake_target': None, 'cmake_target_skip_unavailable': False, 'install_base': '/root/aerostack2_ws/install/as2_core', 'merge_install': False, 'path': '/root/aerostack2_ws/src/aerostack2/as2_core', 'symlink_install': False, 'test_result_base': None}
[0.271s] Level 5:colcon.colcon_core.verb:set package 'as2_alphanumeric_viewer' build argument 'cmake_args' from command line to 'None'
[0.271s] Level 5:colcon.colcon_core.verb:set package 'as2_alphanumeric_viewer' build argument 'cmake_target' from command line to 'None'
[0.271s] Level 5:colcon.colcon_core.verb:set package 'as2_alphanumeric_viewer' build argument 'cmake_target_skip_unavailable' from command line to 'False'
[0.271s] Level 5:colcon.colcon_core.verb:set package 'as2_alphanumeric_viewer' build argument 'cmake_clean_cache' from command line to 'False'
[0.271s] Level 5:colcon.colcon_core.verb:set package 'as2_alphanumeric_viewer' build argument 'cmake_clean_first' from command line to 'False'
[0.271s] Level 5:colcon.colcon_core.verb:set package 'as2_alphanumeric_viewer' build argument 'cmake_force_configure' from command line to 'False'
[0.271s] Level 5:colcon.colcon_core.verb:set package 'as2_alphanumeric_viewer' build argument 'ament_cmake_args' from command line to 'None'
[0.271s] Level 5:colcon.colcon_core.verb:set package 'as2_alphanumeric_viewer' build argument 'catkin_cmake_args' from command line to 'None'
[0.271s] Level 5:colcon.colcon_core.verb:set package 'as2_alphanumeric_viewer' build argument 'catkin_skip_building_tests' from command line to 'False'
[0.271s] DEBUG:colcon.colcon_core.verb:Building package 'as2_alphanumeric_viewer' with the following arguments: {'ament_cmake_args': None, 'build_base': '/root/aerostack2_ws/build/as2_alphanumeric_viewer', 'catkin_cmake_args': None, 'catkin_skip_building_tests': False, 'cmake_args': None, 'cmake_clean_cache': False, 'cmake_clean_first': False, 'cmake_force_configure': False, 'cmake_target': None, 'cmake_target_skip_unavailable': False, 'install_base': '/root/aerostack2_ws/install/as2_alphanumeric_viewer', 'merge_install': False, 'path': '/root/aerostack2_ws/src/aerostack2/as2_user_interfaces/as2_alphanumeric_viewer', 'symlink_install': False, 'test_result_base': None}
[0.271s] Level 5:colcon.colcon_core.verb:set package 'as2_behavior' build argument 'cmake_args' from command line to 'None'
[0.271s] Level 5:colcon.colcon_core.verb:set package 'as2_behavior' build argument 'cmake_target' from command line to 'None'
[0.271s] Level 5:colcon.colcon_core.verb:set package 'as2_behavior' build argument 'cmake_target_skip_unavailable' from command line to 'False'
[0.271s] Level 5:colcon.colcon_core.verb:set package 'as2_behavior' build argument 'cmake_clean_cache' from command line to 'False'
[0.271s] Level 5:colcon.colcon_core.verb:set package 'as2_behavior' build argument 'cmake_clean_first' from command line to 'False'
[0.271s] Level 5:colcon.colcon_core.verb:set package 'as2_behavior' build argument 'cmake_force_configure' from command line to 'False'
[0.271s] Level 5:colcon.colcon_core.verb:set package 'as2_behavior' build argument 'ament_cmake_args' from command line to 'None'
[0.271s] Level 5:colcon.colcon_core.verb:set package 'as2_behavior' build argument 'catkin_cmake_args' from command line to 'None'
[0.271s] Level 5:colcon.colcon_core.verb:set package 'as2_behavior' build argument 'catkin_skip_building_tests' from command line to 'False'
[0.271s] DEBUG:colcon.colcon_core.verb:Building package 'as2_behavior' with the following arguments: {'ament_cmake_args': None, 'build_base': '/root/aerostack2_ws/build/as2_behavior', 'catkin_cmake_args': None, 'catkin_skip_building_tests': False, 'cmake_args': None, 'cmake_clean_cache': False, 'cmake_clean_first': False, 'cmake_force_configure': False, 'cmake_target': None, 'cmake_target_skip_unavailable': False, 'install_base': '/root/aerostack2_ws/install/as2_behavior', 'merge_install': False, 'path': '/root/aerostack2_ws/src/aerostack2/as2_behaviors/as2_behavior', 'symlink_install': False, 'test_result_base': None}
[0.271s] Level 5:colcon.colcon_core.verb:set package 'as2_behavior_tree' build argument 'cmake_args' from command line to 'None'
[0.271s] Level 5:colcon.colcon_core.verb:set package 'as2_behavior_tree' build argument 'cmake_target' from command line to 'None'
[0.271s] Level 5:colcon.colcon_core.verb:set package 'as2_behavior_tree' build argument 'cmake_target_skip_unavailable' from command line to 'False'
[0.271s] Level 5:colcon.colcon_core.verb:set package 'as2_behavior_tree' build argument 'cmake_clean_cache' from command line to 'False'
[0.271s] Level 5:colcon.colcon_core.verb:set package 'as2_behavior_tree' build argument 'cmake_clean_first' from command line to 'False'
[0.271s] Level 5:colcon.colcon_core.verb:set package 'as2_behavior_tree' build argument 'cmake_force_configure' from command line to 'False'
[0.271s] Level 5:colcon.colcon_core.verb:set package 'as2_behavior_tree' build argument 'ament_cmake_args' from command line to 'None'
[0.271s] Level 5:colcon.colcon_core.verb:set package 'as2_behavior_tree' build argument 'catkin_cmake_args' from command line to 'None'
[0.271s] Level 5:colcon.colcon_core.verb:set package 'as2_behavior_tree' build argument 'catkin_skip_building_tests' from command line to 'False'
[0.271s] DEBUG:colcon.colcon_core.verb:Building package 'as2_behavior_tree' with the following arguments: {'ament_cmake_args': None, 'build_base': '/root/aerostack2_ws/build/as2_behavior_tree', 'catkin_cmake_args': None, 'catkin_skip_building_tests': False, 'cmake_args': None, 'cmake_clean_cache': False, 'cmake_clean_first': False, 'cmake_force_configure': False, 'cmake_target': None, 'cmake_target_skip_unavailable': False, 'install_base': '/root/aerostack2_ws/install/as2_behavior_tree', 'merge_install': False, 'path': '/root/aerostack2_ws/src/aerostack2/as2_behavior_tree', 'symlink_install': False, 'test_result_base': None}
[0.272s] Level 5:colcon.colcon_core.verb:set package 'as2_external_object_to_tf' build argument 'cmake_args' from command line to 'None'
[0.272s] Level 5:colcon.colcon_core.verb:set package 'as2_external_object_to_tf' build argument 'cmake_target' from command line to 'None'
[0.272s] Level 5:colcon.colcon_core.verb:set package 'as2_external_object_to_tf' build argument 'cmake_target_skip_unavailable' from command line to 'False'
[0.272s] Level 5:colcon.colcon_core.verb:set package 'as2_external_object_to_tf' build argument 'cmake_clean_cache' from command line to 'False'
[0.272s] Level 5:colcon.colcon_core.verb:set package 'as2_external_object_to_tf' build argument 'cmake_clean_first' from command line to 'False'
[0.272s] Level 5:colcon.colcon_core.verb:set package 'as2_external_object_to_tf' build argument 'cmake_force_configure' from command line to 'False'
[0.272s] Level 5:colcon.colcon_core.verb:set package 'as2_external_object_to_tf' build argument 'ament_cmake_args' from command line to 'None'
[0.272s] Level 5:colcon.colcon_core.verb:set package 'as2_external_object_to_tf' build argument 'catkin_cmake_args' from command line to 'None'
[0.272s] Level 5:colcon.colcon_core.verb:set package 'as2_external_object_to_tf' build argument 'catkin_skip_building_tests' from command line to 'False'
[0.272s] DEBUG:colcon.colcon_core.verb:Building package 'as2_external_object_to_tf' with the following arguments: {'ament_cmake_args': None, 'build_base': '/root/aerostack2_ws/build/as2_external_object_to_tf', 'catkin_cmake_args': None, 'catkin_skip_building_tests': False, 'cmake_args': None, 'cmake_clean_cache': False, 'cmake_clean_first': False, 'cmake_force_configure': False, 'cmake_target': None, 'cmake_target_skip_unavailable': False, 'install_base': '/root/aerostack2_ws/install/as2_external_object_to_tf', 'merge_install': False, 'path': '/root/aerostack2_ws/src/aerostack2/as2_utilities/as2_external_object_to_tf', 'symlink_install': False, 'test_result_base': None}
[0.272s] Level 5:colcon.colcon_core.verb:set package 'as2_gazebo_assets' build argument 'cmake_args' from command line to 'None'
[0.272s] Level 5:colcon.colcon_core.verb:set package 'as2_gazebo_assets' build argument 'cmake_target' from command line to 'None'
[0.272s] Level 5:colcon.colcon_core.verb:set package 'as2_gazebo_assets' build argument 'cmake_target_skip_unavailable' from command line to 'False'
[0.272s] Level 5:colcon.colcon_core.verb:set package 'as2_gazebo_assets' build argument 'cmake_clean_cache' from command line to 'False'
[0.272s] Level 5:colcon.colcon_core.verb:set package 'as2_gazebo_assets' build argument 'cmake_clean_first' from command line to 'False'
[0.272s] Level 5:colcon.colcon_core.verb:set package 'as2_gazebo_assets' build argument 'cmake_force_configure' from command line to 'False'
[0.272s] Level 5:colcon.colcon_core.verb:set package 'as2_gazebo_assets' build argument 'ament_cmake_args' from command line to 'None'
[0.272s] Level 5:colcon.colcon_core.verb:set package 'as2_gazebo_assets' build argument 'catkin_cmake_args' from command line to 'None'
[0.272s] Level 5:colcon.colcon_core.verb:set package 'as2_gazebo_assets' build argument 'catkin_skip_building_tests' from command line to 'False'
[0.272s] DEBUG:colcon.colcon_core.verb:Building package 'as2_gazebo_assets' with the following arguments: {'ament_cmake_args': None, 'build_base': '/root/aerostack2_ws/build/as2_gazebo_assets', 'catkin_cmake_args': None, 'catkin_skip_building_tests': False, 'cmake_args': None, 'cmake_clean_cache': False, 'cmake_clean_first': False, 'cmake_force_configure': False, 'cmake_target': None, 'cmake_target_skip_unavailable': False, 'install_base': '/root/aerostack2_ws/install/as2_gazebo_assets', 'merge_install': False, 'path': '/root/aerostack2_ws/src/aerostack2/as2_simulation_assets/as2_gazebo_assets', 'symlink_install': False, 'test_result_base': None}
[0.272s] Level 5:colcon.colcon_core.verb:set package 'as2_geozones' build argument 'cmake_args' from command line to 'None'
[0.272s] Level 5:colcon.colcon_core.verb:set package 'as2_geozones' build argument 'cmake_target' from command line to 'None'
[0.272s] Level 5:colcon.colcon_core.verb:set package 'as2_geozones' build argument 'cmake_target_skip_unavailable' from command line to 'False'
[0.272s] Level 5:colcon.colcon_core.verb:set package 'as2_geozones' build argument 'cmake_clean_cache' from command line to 'False'
[0.272s] Level 5:colcon.colcon_core.verb:set package 'as2_geozones' build argument 'cmake_clean_first' from command line to 'False'
[0.272s] Level 5:colcon.colcon_core.verb:set package 'as2_geozones' build argument 'cmake_force_configure' from command line to 'False'
[0.272s] Level 5:colcon.colcon_core.verb:set package 'as2_geozones' build argument 'ament_cmake_args' from command line to 'None'
[0.272s] Level 5:colcon.colcon_core.verb:set package 'as2_geozones' build argument 'catkin_cmake_args' from command line to 'None'
[0.272s] Level 5:colcon.colcon_core.verb:set package 'as2_geozones' build argument 'catkin_skip_building_tests' from command line to 'False'
[0.272s] DEBUG:colcon.colcon_core.verb:Building package 'as2_geozones' with the following arguments: {'ament_cmake_args': None, 'build_base': '/root/aerostack2_ws/build/as2_geozones', 'catkin_cmake_args': None, 'catkin_skip_building_tests': False, 'cmake_args': None, 'cmake_clean_cache': False, 'cmake_clean_first': False, 'cmake_force_configure': False, 'cmake_target': None, 'cmake_target_skip_unavailable': False, 'install_base': '/root/aerostack2_ws/install/as2_geozones', 'merge_install': False, 'path': '/root/aerostack2_ws/src/aerostack2/as2_utilities/as2_geozones', 'symlink_install': False, 'test_result_base': None}
[0.273s] Level 5:colcon.colcon_core.verb:set package 'as2_map_server' build argument 'cmake_args' from command line to 'None'
[0.273s] Level 5:colcon.colcon_core.verb:set package 'as2_map_server' build argument 'cmake_target' from command line to 'None'
[0.273s] Level 5:colcon.colcon_core.verb:set package 'as2_map_server' build argument 'cmake_target_skip_unavailable' from command line to 'False'
[0.273s] Level 5:colcon.colcon_core.verb:set package 'as2_map_server' build argument 'cmake_clean_cache' from command line to 'False'
[0.273s] Level 5:colcon.colcon_core.verb:set package 'as2_map_server' build argument 'cmake_clean_first' from command line to 'False'
[0.273s] Level 5:colcon.colcon_core.verb:set package 'as2_map_server' build argument 'cmake_force_configure' from command line to 'False'
[0.273s] Level 5:colcon.colcon_core.verb:set package 'as2_map_server' build argument 'ament_cmake_args' from command line to 'None'
[0.273s] Level 5:colcon.colcon_core.verb:set package 'as2_map_server' build argument 'catkin_cmake_args' from command line to 'None'
[0.273s] Level 5:colcon.colcon_core.verb:set package 'as2_map_server' build argument 'catkin_skip_building_tests' from command line to 'False'
[0.273s] DEBUG:colcon.colcon_core.verb:Building package 'as2_map_server' with the following arguments: {'ament_cmake_args': None, 'build_base': '/root/aerostack2_ws/build/as2_map_server', 'catkin_cmake_args': None, 'catkin_skip_building_tests': False, 'cmake_args': None, 'cmake_clean_cache': False, 'cmake_clean_first': False, 'cmake_force_configure': False, 'cmake_target': None, 'cmake_target_skip_unavailable': False, 'install_base': '/root/aerostack2_ws/install/as2_map_server', 'merge_install': False, 'path': '/root/aerostack2_ws/src/aerostack2/as2_map_server', 'symlink_install': False, 'test_result_base': None}
[0.273s] Level 5:colcon.colcon_core.verb:set package 'as2_motion_reference_handlers' build argument 'cmake_args' from command line to 'None'
[0.273s] Level 5:colcon.colcon_core.verb:set package 'as2_motion_reference_handlers' build argument 'cmake_target' from command line to 'None'
[0.273s] Level 5:colcon.colcon_core.verb:set package 'as2_motion_reference_handlers' build argument 'cmake_target_skip_unavailable' from command line to 'False'
[0.273s] Level 5:colcon.colcon_core.verb:set package 'as2_motion_reference_handlers' build argument 'cmake_clean_cache' from command line to 'False'
[0.273s] Level 5:colcon.colcon_core.verb:set package 'as2_motion_reference_handlers' build argument 'cmake_clean_first' from command line to 'False'
[0.273s] Level 5:colcon.colcon_core.verb:set package 'as2_motion_reference_handlers' build argument 'cmake_force_configure' from command line to 'False'
[0.273s] Level 5:colcon.colcon_core.verb:set package 'as2_motion_reference_handlers' build argument 'ament_cmake_args' from command line to 'None'
[0.273s] Level 5:colcon.colcon_core.verb:set package 'as2_motion_reference_handlers' build argument 'catkin_cmake_args' from command line to 'None'
[0.273s] Level 5:colcon.colcon_core.verb:set package 'as2_motion_reference_handlers' build argument 'catkin_skip_building_tests' from command line to 'False'
[0.273s] DEBUG:colcon.colcon_core.verb:Building package 'as2_motion_reference_handlers' with the following arguments: {'ament_cmake_args': None, 'build_base': '/root/aerostack2_ws/build/as2_motion_reference_handlers', 'catkin_cmake_args': None, 'catkin_skip_building_tests': False, 'cmake_args': None, 'cmake_clean_cache': False, 'cmake_clean_first': False, 'cmake_force_configure': False, 'cmake_target': None, 'cmake_target_skip_unavailable': False, 'install_base': '/root/aerostack2_ws/install/as2_motion_reference_handlers', 'merge_install': False, 'path': '/root/aerostack2_ws/src/aerostack2/as2_motion_reference_handlers', 'symlink_install': False, 'test_result_base': None}
[0.273s] Level 5:colcon.colcon_core.verb:set package 'as2_platform_multirotor_simulator' build argument 'cmake_args' from command line to 'None'
[0.273s] Level 5:colcon.colcon_core.verb:set package 'as2_platform_multirotor_simulator' build argument 'cmake_target' from command line to 'None'
[0.273s] Level 5:colcon.colcon_core.verb:set package 'as2_platform_multirotor_simulator' build argument 'cmake_target_skip_unavailable' from command line to 'False'
[0.273s] Level 5:colcon.colcon_core.verb:set package 'as2_platform_multirotor_simulator' build argument 'cmake_clean_cache' from command line to 'False'
[0.273s] Level 5:colcon.colcon_core.verb:set package 'as2_platform_multirotor_simulator' build argument 'cmake_clean_first' from command line to 'False'
[0.273s] Level 5:colcon.colcon_core.verb:set package 'as2_platform_multirotor_simulator' build argument 'cmake_force_configure' from command line to 'False'
[0.273s] Level 5:colcon.colcon_core.verb:set package 'as2_platform_multirotor_simulator' build argument 'ament_cmake_args' from command line to 'None'
[0.273s] Level 5:colcon.colcon_core.verb:set package 'as2_platform_multirotor_simulator' build argument 'catkin_cmake_args' from command line to 'None'
[0.273s] Level 5:colcon.colcon_core.verb:set package 'as2_platform_multirotor_simulator' build argument 'catkin_skip_building_tests' from command line to 'False'
[0.273s] DEBUG:colcon.colcon_core.verb:Building package 'as2_platform_multirotor_simulator' with the following arguments: {'ament_cmake_args': None, 'build_base': '/root/aerostack2_ws/build/as2_platform_multirotor_simulator', 'catkin_cmake_args': None, 'catkin_skip_building_tests': False, 'cmake_args': None, 'cmake_clean_cache': False, 'cmake_clean_first': False, 'cmake_force_configure': False, 'cmake_target': None, 'cmake_target_skip_unavailable': False, 'install_base': '/root/aerostack2_ws/install/as2_platform_multirotor_simulator', 'merge_install': False, 'path': '/root/aerostack2_ws/src/aerostack2/as2_aerial_platforms/as2_platform_multirotor_simulator', 'symlink_install': False, 'test_result_base': None}
[0.273s] Level 5:colcon.colcon_core.verb:set package 'as2_realsense_interface' build argument 'cmake_args' from command line to 'None'
[0.273s] Level 5:colcon.colcon_core.verb:set package 'as2_realsense_interface' build argument 'cmake_target' from command line to 'None'
[0.274s] Level 5:colcon.colcon_core.verb:set package 'as2_realsense_interface' build argument 'cmake_target_skip_unavailable' from command line to 'False'
[0.274s] Level 5:colcon.colcon_core.verb:set package 'as2_realsense_interface' build argument 'cmake_clean_cache' from command line to 'False'
[0.274s] Level 5:colcon.colcon_core.verb:set package 'as2_realsense_interface' build argument 'cmake_clean_first' from command line to 'False'
[0.274s] Level 5:colcon.colcon_core.verb:set package 'as2_realsense_interface' build argument 'cmake_force_configure' from command line to 'False'
[0.274s] Level 5:colcon.colcon_core.verb:set package 'as2_realsense_interface' build argument 'ament_cmake_args' from command line to 'None'
[0.274s] Level 5:colcon.colcon_core.verb:set package 'as2_realsense_interface' build argument 'catkin_cmake_args' from command line to 'None'
[0.274s] Level 5:colcon.colcon_core.verb:set package 'as2_realsense_interface' build argument 'catkin_skip_building_tests' from command line to 'False'
[0.274s] DEBUG:colcon.colcon_core.verb:Building package 'as2_realsense_interface' with the following arguments: {'ament_cmake_args': None, 'build_base': '/root/aerostack2_ws/build/as2_realsense_interface', 'catkin_cmake_args': None, 'catkin_skip_building_tests': False, 'cmake_args': None, 'cmake_clean_cache': False, 'cmake_clean_first': False, 'cmake_force_configure': False, 'cmake_target': None, 'cmake_target_skip_unavailable': False, 'install_base': '/root/aerostack2_ws/install/as2_realsense_interface', 'merge_install': False, 'path': '/root/aerostack2_ws/src/aerostack2/as2_hardware_drivers/as2_realsense_interface', 'symlink_install': False, 'test_result_base': None}
[0.274s] Level 5:colcon.colcon_core.verb:set package 'as2_state_estimator' build argument 'cmake_args' from command line to 'None'
[0.274s] Level 5:colcon.colcon_core.verb:set package 'as2_state_estimator' build argument 'cmake_target' from command line to 'None'
[0.274s] Level 5:colcon.colcon_core.verb:set package 'as2_state_estimator' build argument 'cmake_target_skip_unavailable' from command line to 'False'
[0.274s] Level 5:colcon.colcon_core.verb:set package 'as2_state_estimator' build argument 'cmake_clean_cache' from command line to 'False'
[0.274s] Level 5:colcon.colcon_core.verb:set package 'as2_state_estimator' build argument 'cmake_clean_first' from command line to 'False'
[0.274s] Level 5:colcon.colcon_core.verb:set package 'as2_state_estimator' build argument 'cmake_force_configure' from command line to 'False'
[0.274s] Level 5:colcon.colcon_core.verb:set package 'as2_state_estimator' build argument 'ament_cmake_args' from command line to 'None'
[0.274s] Level 5:colcon.colcon_core.verb:set package 'as2_state_estimator' build argument 'catkin_cmake_args' from command line to 'None'
[0.274s] Level 5:colcon.colcon_core.verb:set package 'as2_state_estimator' build argument 'catkin_skip_building_tests' from command line to 'False'
[0.274s] DEBUG:colcon.colcon_core.verb:Building package 'as2_state_estimator' with the following arguments: {'ament_cmake_args': None, 'build_base': '/root/aerostack2_ws/build/as2_state_estimator', 'catkin_cmake_args': None, 'catkin_skip_building_tests': False, 'cmake_args': None, 'cmake_clean_cache': False, 'cmake_clean_first': False, 'cmake_force_configure': False, 'cmake_target': None, 'cmake_target_skip_unavailable': False, 'install_base': '/root/aerostack2_ws/install/as2_state_estimator', 'merge_install': False, 'path': '/root/aerostack2_ws/src/aerostack2/as2_state_estimator', 'symlink_install': False, 'test_result_base': None}
[0.274s] Level 5:colcon.colcon_core.verb:set package 'as2_usb_camera_interface' build argument 'cmake_args' from command line to 'None'
[0.274s] Level 5:colcon.colcon_core.verb:set package 'as2_usb_camera_interface' build argument 'cmake_target' from command line to 'None'
[0.274s] Level 5:colcon.colcon_core.verb:set package 'as2_usb_camera_interface' build argument 'cmake_target_skip_unavailable' from command line to 'False'
[0.274s] Level 5:colcon.colcon_core.verb:set package 'as2_usb_camera_interface' build argument 'cmake_clean_cache' from command line to 'False'
[0.274s] Level 5:colcon.colcon_core.verb:set package 'as2_usb_camera_interface' build argument 'cmake_clean_first' from command line to 'False'
[0.274s] Level 5:colcon.colcon_core.verb:set package 'as2_usb_camera_interface' build argument 'cmake_force_configure' from command line to 'False'
[0.274s] Level 5:colcon.colcon_core.verb:set package 'as2_usb_camera_interface' build argument 'ament_cmake_args' from command line to 'None'
[0.274s] Level 5:colcon.colcon_core.verb:set package 'as2_usb_camera_interface' build argument 'catkin_cmake_args' from command line to 'None'
[0.274s] Level 5:colcon.colcon_core.verb:set package 'as2_usb_camera_interface' build argument 'catkin_skip_building_tests' from command line to 'False'
[0.274s] DEBUG:colcon.colcon_core.verb:Building package 'as2_usb_camera_interface' with the following arguments: {'ament_cmake_args': None, 'build_base': '/root/aerostack2_ws/build/as2_usb_camera_interface', 'catkin_cmake_args': None, 'catkin_skip_building_tests': False, 'cmake_args': None, 'cmake_clean_cache': False, 'cmake_clean_first': False, 'cmake_force_configure': False, 'cmake_target': None, 'cmake_target_skip_unavailable': False, 'install_base': '/root/aerostack2_ws/install/as2_usb_camera_interface', 'merge_install': False, 'path': '/root/aerostack2_ws/src/aerostack2/as2_hardware_drivers/as2_usb_camera_interface', 'symlink_install': False, 'test_result_base': None}
[0.274s] Level 5:colcon.colcon_core.verb:set package 'as2_behaviors_motion' build argument 'cmake_args' from command line to 'None'
[0.274s] Level 5:colcon.colcon_core.verb:set package 'as2_behaviors_motion' build argument 'cmake_target' from command line to 'None'
[0.274s] Level 5:colcon.colcon_core.verb:set package 'as2_behaviors_motion' build argument 'cmake_target_skip_unavailable' from command line to 'False'
[0.274s] Level 5:colcon.colcon_core.verb:set package 'as2_behaviors_motion' build argument 'cmake_clean_cache' from command line to 'False'
[0.274s] Level 5:colcon.colcon_core.verb:set package 'as2_behaviors_motion' build argument 'cmake_clean_first' from command line to 'False'
[0.274s] Level 5:colcon.colcon_core.verb:set package 'as2_behaviors_motion' build argument 'cmake_force_configure' from command line to 'False'
[0.274s] Level 5:colcon.colcon_core.verb:set package 'as2_behaviors_motion' build argument 'ament_cmake_args' from command line to 'None'
[0.274s] Level 5:colcon.colcon_core.verb:set package 'as2_behaviors_motion' build argument 'catkin_cmake_args' from command line to 'None'
[0.274s] Level 5:colcon.colcon_core.verb:set package 'as2_behaviors_motion' build argument 'catkin_skip_building_tests' from command line to 'False'
[0.275s] DEBUG:colcon.colcon_core.verb:Building package 'as2_behaviors_motion' with the following arguments: {'ament_cmake_args': None, 'build_base': '/root/aerostack2_ws/build/as2_behaviors_motion', 'catkin_cmake_args': None, 'catkin_skip_building_tests': False, 'cmake_args': None, 'cmake_clean_cache': False, 'cmake_clean_first': False, 'cmake_force_configure': False, 'cmake_target': None, 'cmake_target_skip_unavailable': False, 'install_base': '/root/aerostack2_ws/install/as2_behaviors_motion', 'merge_install': False, 'path': '/root/aerostack2_ws/src/aerostack2/as2_behaviors/as2_behaviors_motion', 'symlink_install': False, 'test_result_base': None}
[0.275s] Level 5:colcon.colcon_core.verb:set package 'as2_behaviors_path_planning' build argument 'cmake_args' from command line to 'None'
[0.275s] Level 5:colcon.colcon_core.verb:set package 'as2_behaviors_path_planning' build argument 'cmake_target' from command line to 'None'
[0.275s] Level 5:colcon.colcon_core.verb:set package 'as2_behaviors_path_planning' build argument 'cmake_target_skip_unavailable' from command line to 'False'
[0.275s] Level 5:colcon.colcon_core.verb:set package 'as2_behaviors_path_planning' build argument 'cmake_clean_cache' from command line to 'False'
[0.275s] Level 5:colcon.colcon_core.verb:set package 'as2_behaviors_path_planning' build argument 'cmake_clean_first' from command line to 'False'
[0.275s] Level 5:colcon.colcon_core.verb:set package 'as2_behaviors_path_planning' build argument 'cmake_force_configure' from command line to 'False'
[0.275s] Level 5:colcon.colcon_core.verb:set package 'as2_behaviors_path_planning' build argument 'ament_cmake_args' from command line to 'None'
[0.275s] Level 5:colcon.colcon_core.verb:set package 'as2_behaviors_path_planning' build argument 'catkin_cmake_args' from command line to 'None'
[0.275s] Level 5:colcon.colcon_core.verb:set package 'as2_behaviors_path_planning' build argument 'catkin_skip_building_tests' from command line to 'False'
[0.275s] DEBUG:colcon.colcon_core.verb:Building package 'as2_behaviors_path_planning' with the following arguments: {'ament_cmake_args': None, 'build_base': '/root/aerostack2_ws/build/as2_behaviors_path_planning', 'catkin_cmake_args': None, 'catkin_skip_building_tests': False, 'cmake_args': None, 'cmake_clean_cache': False, 'cmake_clean_first': False, 'cmake_force_configure': False, 'cmake_target': None, 'cmake_target_skip_unavailable': False, 'install_base': '/root/aerostack2_ws/install/as2_behaviors_path_planning', 'merge_install': False, 'path': '/root/aerostack2_ws/src/aerostack2/as2_behaviors/as2_behaviors_path_planning', 'symlink_install': False, 'test_result_base': None}
[0.275s] Level 5:colcon.colcon_core.verb:set package 'as2_behaviors_perception' build argument 'cmake_args' from command line to 'None'
[0.275s] Level 5:colcon.colcon_core.verb:set package 'as2_behaviors_perception' build argument 'cmake_target' from command line to 'None'
[0.275s] Level 5:colcon.colcon_core.verb:set package 'as2_behaviors_perception' build argument 'cmake_target_skip_unavailable' from command line to 'False'
[0.275s] Level 5:colcon.colcon_core.verb:set package 'as2_behaviors_perception' build argument 'cmake_clean_cache' from command line to 'False'
[0.275s] Level 5:colcon.colcon_core.verb:set package 'as2_behaviors_perception' build argument 'cmake_clean_first' from command line to 'False'
[0.275s] Level 5:colcon.colcon_core.verb:set package 'as2_behaviors_perception' build argument 'cmake_force_configure' from command line to 'False'
[0.275s] Level 5:colcon.colcon_core.verb:set package 'as2_behaviors_perception' build argument 'ament_cmake_args' from command line to 'None'
[0.275s] Level 5:colcon.colcon_core.verb:set package 'as2_behaviors_perception' build argument 'catkin_cmake_args' from command line to 'None'
[0.275s] Level 5:colcon.colcon_core.verb:set package 'as2_behaviors_perception' build argument 'catkin_skip_building_tests' from command line to 'False'
[0.275s] DEBUG:colcon.colcon_core.verb:Building package 'as2_behaviors_perception' with the following arguments: {'ament_cmake_args': None, 'build_base': '/root/aerostack2_ws/build/as2_behaviors_perception', 'catkin_cmake_args': None, 'catkin_skip_building_tests': False, 'cmake_args': None, 'cmake_clean_cache': False, 'cmake_clean_first': False, 'cmake_force_configure': False, 'cmake_target': None, 'cmake_target_skip_unavailable': False, 'install_base': '/root/aerostack2_ws/install/as2_behaviors_perception', 'merge_install': False, 'path': '/root/aerostack2_ws/src/aerostack2/as2_behaviors/as2_behaviors_perception', 'symlink_install': False, 'test_result_base': None}
[0.275s] Level 5:colcon.colcon_core.verb:set package 'as2_behaviors_platform' build argument 'cmake_args' from command line to 'None'
[0.275s] Level 5:colcon.colcon_core.verb:set package 'as2_behaviors_platform' build argument 'cmake_target' from command line to 'None'
[0.275s] Level 5:colcon.colcon_core.verb:set package 'as2_behaviors_platform' build argument 'cmake_target_skip_unavailable' from command line to 'False'
[0.275s] Level 5:colcon.colcon_core.verb:set package 'as2_behaviors_platform' build argument 'cmake_clean_cache' from command line to 'False'
[0.275s] Level 5:colcon.colcon_core.verb:set package 'as2_behaviors_platform' build argument 'cmake_clean_first' from command line to 'False'
[0.275s] Level 5:colcon.colcon_core.verb:set package 'as2_behaviors_platform' build argument 'cmake_force_configure' from command line to 'False'
[0.275s] Level 5:colcon.colcon_core.verb:set package 'as2_behaviors_platform' build argument 'ament_cmake_args' from command line to 'None'
[0.275s] Level 5:colcon.colcon_core.verb:set package 'as2_behaviors_platform' build argument 'catkin_cmake_args' from command line to 'None'
[0.275s] Level 5:colcon.colcon_core.verb:set package 'as2_behaviors_platform' build argument 'catkin_skip_building_tests' from command line to 'False'
[0.275s] DEBUG:colcon.colcon_core.verb:Building package 'as2_behaviors_platform' with the following arguments: {'ament_cmake_args': None, 'build_base': '/root/aerostack2_ws/build/as2_behaviors_platform', 'catkin_cmake_args': None, 'catkin_skip_building_tests': False, 'cmake_args': None, 'cmake_clean_cache': False, 'cmake_clean_first': False, 'cmake_force_configure': False, 'cmake_target': None, 'cmake_target_skip_unavailable': False, 'install_base': '/root/aerostack2_ws/install/as2_behaviors_platform', 'merge_install': False, 'path': '/root/aerostack2_ws/src/aerostack2/as2_behaviors/as2_behaviors_platform', 'symlink_install': False, 'test_result_base': None}
[0.276s] Level 5:colcon.colcon_core.verb:set package 'as2_behaviors_swarm_flocking' build argument 'cmake_args' from command line to 'None'
[0.276s] Level 5:colcon.colcon_core.verb:set package 'as2_behaviors_swarm_flocking' build argument 'cmake_target' from command line to 'None'
[0.276s] Level 5:colcon.colcon_core.verb:set package 'as2_behaviors_swarm_flocking' build argument 'cmake_target_skip_unavailable' from command line to 'False'
[0.276s] Level 5:colcon.colcon_core.verb:set package 'as2_behaviors_swarm_flocking' build argument 'cmake_clean_cache' from command line to 'False'
[0.276s] Level 5:colcon.colcon_core.verb:set package 'as2_behaviors_swarm_flocking' build argument 'cmake_clean_first' from command line to 'False'
[0.276s] Level 5:colcon.colcon_core.verb:set package 'as2_behaviors_swarm_flocking' build argument 'cmake_force_configure' from command line to 'False'
[0.276s] Level 5:colcon.colcon_core.verb:set package 'as2_behaviors_swarm_flocking' build argument 'ament_cmake_args' from command line to 'None'
[0.276s] Level 5:colcon.colcon_core.verb:set package 'as2_behaviors_swarm_flocking' build argument 'catkin_cmake_args' from command line to 'None'
[0.276s] Level 5:colcon.colcon_core.verb:set package 'as2_behaviors_swarm_flocking' build argument 'catkin_skip_building_tests' from command line to 'False'
[0.276s] DEBUG:colcon.colcon_core.verb:Building package 'as2_behaviors_swarm_flocking' with the following arguments: {'ament_cmake_args': None, 'build_base': '/root/aerostack2_ws/build/as2_behaviors_swarm_flocking', 'catkin_cmake_args': None, 'catkin_skip_building_tests': False, 'cmake_args': None, 'cmake_clean_cache': False, 'cmake_clean_first': False, 'cmake_force_configure': False, 'cmake_target': None, 'cmake_target_skip_unavailable': False, 'install_base': '/root/aerostack2_ws/install/as2_behaviors_swarm_flocking', 'merge_install': False, 'path': '/root/aerostack2_ws/src/aerostack2/as2_behaviors/as2_behaviors_swarm_flocking', 'symlink_install': False, 'test_result_base': None}
[0.276s] Level 5:colcon.colcon_core.verb:set package 'as2_behaviors_trajectory_generation' build argument 'cmake_args' from command line to 'None'
[0.276s] Level 5:colcon.colcon_core.verb:set package 'as2_behaviors_trajectory_generation' build argument 'cmake_target' from command line to 'None'
[0.276s] Level 5:colcon.colcon_core.verb:set package 'as2_behaviors_trajectory_generation' build argument 'cmake_target_skip_unavailable' from command line to 'False'
[0.276s] Level 5:colcon.colcon_core.verb:set package 'as2_behaviors_trajectory_generation' build argument 'cmake_clean_cache' from command line to 'False'
[0.276s] Level 5:colcon.colcon_core.verb:set package 'as2_behaviors_trajectory_generation' build argument 'cmake_clean_first' from command line to 'False'
[0.276s] Level 5:colcon.colcon_core.verb:set package 'as2_behaviors_trajectory_generation' build argument 'cmake_force_configure' from command line to 'False'
[0.276s] Level 5:colcon.colcon_core.verb:set package 'as2_behaviors_trajectory_generation' build argument 'ament_cmake_args' from command line to 'None'
[0.276s] Level 5:colcon.colcon_core.verb:set package 'as2_behaviors_trajectory_generation' build argument 'catkin_cmake_args' from command line to 'None'
[0.276s] Level 5:colcon.colcon_core.verb:set package 'as2_behaviors_trajectory_generation' build argument 'catkin_skip_building_tests' from command line to 'False'
[0.276s] DEBUG:colcon.colcon_core.verb:Building package 'as2_behaviors_trajectory_generation' with the following arguments: {'ament_cmake_args': None, 'build_base': '/root/aerostack2_ws/build/as2_behaviors_trajectory_generation', 'catkin_cmake_args': None, 'catkin_skip_building_tests': False, 'cmake_args': None, 'cmake_clean_cache': False, 'cmake_clean_first': False, 'cmake_force_configure': False, 'cmake_target': None, 'cmake_target_skip_unavailable': False, 'install_base': '/root/aerostack2_ws/install/as2_behaviors_trajectory_generation', 'merge_install': False, 'path': '/root/aerostack2_ws/src/aerostack2/as2_behaviors/as2_behaviors_trajectory_generation', 'symlink_install': False, 'test_result_base': None}
[0.276s] Level 5:colcon.colcon_core.verb:set package 'as2_motion_controller' build argument 'cmake_args' from command line to 'None'
[0.276s] Level 5:colcon.colcon_core.verb:set package 'as2_motion_controller' build argument 'cmake_target' from command line to 'None'
[0.276s] Level 5:colcon.colcon_core.verb:set package 'as2_motion_controller' build argument 'cmake_target_skip_unavailable' from command line to 'False'
[0.276s] Level 5:colcon.colcon_core.verb:set package 'as2_motion_controller' build argument 'cmake_clean_cache' from command line to 'False'
[0.276s] Level 5:colcon.colcon_core.verb:set package 'as2_motion_controller' build argument 'cmake_clean_first' from command line to 'False'
[0.276s] Level 5:colcon.colcon_core.verb:set package 'as2_motion_controller' build argument 'cmake_force_configure' from command line to 'False'
[0.276s] Level 5:colcon.colcon_core.verb:set package 'as2_motion_controller' build argument 'ament_cmake_args' from command line to 'None'
[0.276s] Level 5:colcon.colcon_core.verb:set package 'as2_motion_controller' build argument 'catkin_cmake_args' from command line to 'None'
[0.276s] Level 5:colcon.colcon_core.verb:set package 'as2_motion_controller' build argument 'catkin_skip_building_tests' from command line to 'False'
[0.276s] DEBUG:colcon.colcon_core.verb:Building package 'as2_motion_controller' with the following arguments: {'ament_cmake_args': None, 'build_base': '/root/aerostack2_ws/build/as2_motion_controller', 'catkin_cmake_args': None, 'catkin_skip_building_tests': False, 'cmake_args': None, 'cmake_clean_cache': False, 'cmake_clean_first': False, 'cmake_force_configure': False, 'cmake_target': None, 'cmake_target_skip_unavailable': False, 'install_base': '/root/aerostack2_ws/install/as2_motion_controller', 'merge_install': False, 'path': '/root/aerostack2_ws/src/aerostack2/as2_motion_controller', 'symlink_install': False, 'test_result_base': None}
[0.277s] Level 5:colcon.colcon_core.verb:set package 'as2_platform_gazebo' build argument 'cmake_args' from command line to 'None'
[0.277s] Level 5:colcon.colcon_core.verb:set package 'as2_platform_gazebo' build argument 'cmake_target' from command line to 'None'
[0.277s] Level 5:colcon.colcon_core.verb:set package 'as2_platform_gazebo' build argument 'cmake_target_skip_unavailable' from command line to 'False'
[0.277s] Level 5:colcon.colcon_core.verb:set package 'as2_platform_gazebo' build argument 'cmake_clean_cache' from command line to 'False'
[0.277s] Level 5:colcon.colcon_core.verb:set package 'as2_platform_gazebo' build argument 'cmake_clean_first' from command line to 'False'
[0.277s] Level 5:colcon.colcon_core.verb:set package 'as2_platform_gazebo' build argument 'cmake_force_configure' from command line to 'False'
[0.277s] Level 5:colcon.colcon_core.verb:set package 'as2_platform_gazebo' build argument 'ament_cmake_args' from command line to 'None'
[0.277s] Level 5:colcon.colcon_core.verb:set package 'as2_platform_gazebo' build argument 'catkin_cmake_args' from command line to 'None'
[0.277s] Level 5:colcon.colcon_core.verb:set package 'as2_platform_gazebo' build argument 'catkin_skip_building_tests' from command line to 'False'
[0.277s] DEBUG:colcon.colcon_core.verb:Building package 'as2_platform_gazebo' with the following arguments: {'ament_cmake_args': None, 'build_base': '/root/aerostack2_ws/build/as2_platform_gazebo', 'catkin_cmake_args': None, 'catkin_skip_building_tests': False, 'cmake_args': None, 'cmake_clean_cache': False, 'cmake_clean_first': False, 'cmake_force_configure': False, 'cmake_target': None, 'cmake_target_skip_unavailable': False, 'install_base': '/root/aerostack2_ws/install/as2_platform_gazebo', 'merge_install': False, 'path': '/root/aerostack2_ws/src/aerostack2/as2_aerial_platforms/as2_platform_gazebo', 'symlink_install': False, 'test_result_base': None}
[0.277s] Level 5:colcon.colcon_core.verb:set package 'as2_python_api' build argument 'cmake_args' from command line to 'None'
[0.277s] Level 5:colcon.colcon_core.verb:set package 'as2_python_api' build argument 'cmake_target' from command line to 'None'
[0.277s] Level 5:colcon.colcon_core.verb:set package 'as2_python_api' build argument 'cmake_target_skip_unavailable' from command line to 'False'
[0.277s] Level 5:colcon.colcon_core.verb:set package 'as2_python_api' build argument 'cmake_clean_cache' from command line to 'False'
[0.277s] Level 5:colcon.colcon_core.verb:set package 'as2_python_api' build argument 'cmake_clean_first' from command line to 'False'
[0.277s] Level 5:colcon.colcon_core.verb:set package 'as2_python_api' build argument 'cmake_force_configure' from command line to 'False'
[0.277s] Level 5:colcon.colcon_core.verb:set package 'as2_python_api' build argument 'ament_cmake_args' from command line to 'None'
[0.277s] Level 5:colcon.colcon_core.verb:set package 'as2_python_api' build argument 'catkin_cmake_args' from command line to 'None'
[0.277s] Level 5:colcon.colcon_core.verb:set package 'as2_python_api' build argument 'catkin_skip_building_tests' from command line to 'False'
[0.277s] DEBUG:colcon.colcon_core.verb:Building package 'as2_python_api' with the following arguments: {'ament_cmake_args': None, 'build_base': '/root/aerostack2_ws/build/as2_python_api', 'catkin_cmake_args': None, 'catkin_skip_building_tests': False, 'cmake_args': None, 'cmake_clean_cache': False, 'cmake_clean_first': False, 'cmake_force_configure': False, 'cmake_target': None, 'cmake_target_skip_unavailable': False, 'install_base': '/root/aerostack2_ws/install/as2_python_api', 'merge_install': False, 'path': '/root/aerostack2_ws/src/aerostack2/as2_python_api', 'symlink_install': False, 'test_result_base': None}
[0.277s] Level 5:colcon.colcon_core.verb:set package 'as2_rviz_plugins' build argument 'cmake_args' from command line to 'None'
[0.277s] Level 5:colcon.colcon_core.verb:set package 'as2_rviz_plugins' build argument 'cmake_target' from command line to 'None'
[0.277s] Level 5:colcon.colcon_core.verb:set package 'as2_rviz_plugins' build argument 'cmake_target_skip_unavailable' from command line to 'False'
[0.277s] Level 5:colcon.colcon_core.verb:set package 'as2_rviz_plugins' build argument 'cmake_clean_cache' from command line to 'False'
[0.277s] Level 5:colcon.colcon_core.verb:set package 'as2_rviz_plugins' build argument 'cmake_clean_first' from command line to 'False'
[0.277s] Level 5:colcon.colcon_core.verb:set package 'as2_rviz_plugins' build argument 'cmake_force_configure' from command line to 'False'
[0.277s] Level 5:colcon.colcon_core.verb:set package 'as2_rviz_plugins' build argument 'ament_cmake_args' from command line to 'None'
[0.277s] Level 5:colcon.colcon_core.verb:set package 'as2_rviz_plugins' build argument 'catkin_cmake_args' from command line to 'None'
[0.277s] Level 5:colcon.colcon_core.verb:set package 'as2_rviz_plugins' build argument 'catkin_skip_building_tests' from command line to 'False'
[0.277s] DEBUG:colcon.colcon_core.verb:Building package 'as2_rviz_plugins' with the following arguments: {'ament_cmake_args': None, 'build_base': '/root/aerostack2_ws/build/as2_rviz_plugins', 'catkin_cmake_args': None, 'catkin_skip_building_tests': False, 'cmake_args': None, 'cmake_clean_cache': False, 'cmake_clean_first': False, 'cmake_force_configure': False, 'cmake_target': None, 'cmake_target_skip_unavailable': False, 'install_base': '/root/aerostack2_ws/install/as2_rviz_plugins', 'merge_install': False, 'path': '/root/aerostack2_ws/src/aerostack2/as2_user_interfaces/as2_visualization/as2_rviz_plugins', 'symlink_install': False, 'test_result_base': None}
[0.277s] Level 5:colcon.colcon_core.verb:set package 'as2_visualization' build argument 'cmake_args' from command line to 'None'
[0.277s] Level 5:colcon.colcon_core.verb:set package 'as2_visualization' build argument 'cmake_target' from command line to 'None'
[0.278s] Level 5:colcon.colcon_core.verb:set package 'as2_visualization' build argument 'cmake_target_skip_unavailable' from command line to 'False'
[0.278s] Level 5:colcon.colcon_core.verb:set package 'as2_visualization' build argument 'cmake_clean_cache' from command line to 'False'
[0.278s] Level 5:colcon.colcon_core.verb:set package 'as2_visualization' build argument 'cmake_clean_first' from command line to 'False'
[0.278s] Level 5:colcon.colcon_core.verb:set package 'as2_visualization' build argument 'cmake_force_configure' from command line to 'False'
[0.278s] Level 5:colcon.colcon_core.verb:set package 'as2_visualization' build argument 'ament_cmake_args' from command line to 'None'
[0.278s] Level 5:colcon.colcon_core.verb:set package 'as2_visualization' build argument 'catkin_cmake_args' from command line to 'None'
[0.278s] Level 5:colcon.colcon_core.verb:set package 'as2_visualization' build argument 'catkin_skip_building_tests' from command line to 'False'
[0.278s] DEBUG:colcon.colcon_core.verb:Building package 'as2_visualization' with the following arguments: {'ament_cmake_args': None, 'build_base': '/root/aerostack2_ws/build/as2_visualization', 'catkin_cmake_args': None, 'catkin_skip_building_tests': False, 'cmake_args': None, 'cmake_clean_cache': False, 'cmake_clean_first': False, 'cmake_force_configure': False, 'cmake_target': None, 'cmake_target_skip_unavailable': False, 'install_base': '/root/aerostack2_ws/install/as2_visualization', 'merge_install': False, 'path': '/root/aerostack2_ws/src/aerostack2/as2_user_interfaces/as2_visualization/as2_visualization', 'symlink_install': False, 'test_result_base': None}
[0.278s] Level 5:colcon.colcon_core.verb:set package 'as2_keyboard_teleoperation' build argument 'cmake_args' from command line to 'None'
[0.278s] Level 5:colcon.colcon_core.verb:set package 'as2_keyboard_teleoperation' build argument 'cmake_target' from command line to 'None'
[0.278s] Level 5:colcon.colcon_core.verb:set package 'as2_keyboard_teleoperation' build argument 'cmake_target_skip_unavailable' from command line to 'False'
[0.278s] Level 5:colcon.colcon_core.verb:set package 'as2_keyboard_teleoperation' build argument 'cmake_clean_cache' from command line to 'False'
[0.278s] Level 5:colcon.colcon_core.verb:set package 'as2_keyboard_teleoperation' build argument 'cmake_clean_first' from command line to 'False'
[0.278s] Level 5:colcon.colcon_core.verb:set package 'as2_keyboard_teleoperation' build argument 'cmake_force_configure' from command line to 'False'
[0.278s] Level 5:colcon.colcon_core.verb:set package 'as2_keyboard_teleoperation' build argument 'ament_cmake_args' from command line to 'None'
[0.278s] Level 5:colcon.colcon_core.verb:set package 'as2_keyboard_teleoperation' build argument 'catkin_cmake_args' from command line to 'None'
[0.278s] Level 5:colcon.colcon_core.verb:set package 'as2_keyboard_teleoperation' build argument 'catkin_skip_building_tests' from command line to 'False'
[0.278s] DEBUG:colcon.colcon_core.verb:Building package 'as2_keyboard_teleoperation' with the following arguments: {'ament_cmake_args': None, 'build_base': '/root/aerostack2_ws/build/as2_keyboard_teleoperation', 'catkin_cmake_args': None, 'catkin_skip_building_tests': False, 'cmake_args': None, 'cmake_clean_cache': False, 'cmake_clean_first': False, 'cmake_force_configure': False, 'cmake_target': None, 'cmake_target_skip_unavailable': False, 'install_base': '/root/aerostack2_ws/install/as2_keyboard_teleoperation', 'merge_install': False, 'path': '/root/aerostack2_ws/src/aerostack2/as2_user_interfaces/as2_keyboard_teleoperation', 'symlink_install': False, 'test_result_base': None}
[0.278s] Level 5:colcon.colcon_core.verb:set package 'aerostack2' build argument 'cmake_args' from command line to 'None'
[0.278s] Level 5:colcon.colcon_core.verb:set package 'aerostack2' build argument 'cmake_target' from command line to 'None'
[0.278s] Level 5:colcon.colcon_core.verb:set package 'aerostack2' build argument 'cmake_target_skip_unavailable' from command line to 'False'
[0.278s] Level 5:colcon.colcon_core.verb:set package 'aerostack2' build argument 'cmake_clean_cache' from command line to 'False'
[0.278s] Level 5:colcon.colcon_core.verb:set package 'aerostack2' build argument 'cmake_clean_first' from command line to 'False'
[0.278s] Level 5:colcon.colcon_core.verb:set package 'aerostack2' build argument 'cmake_force_configure' from command line to 'False'
[0.278s] Level 5:colcon.colcon_core.verb:set package 'aerostack2' build argument 'ament_cmake_args' from command line to 'None'
[0.278s] Level 5:colcon.colcon_core.verb:set package 'aerostack2' build argument 'catkin_cmake_args' from command line to 'None'
[0.278s] Level 5:colcon.colcon_core.verb:set package 'aerostack2' build argument 'catkin_skip_building_tests' from command line to 'False'
[0.278s] DEBUG:colcon.colcon_core.verb:Building package 'aerostack2' with the following arguments: {'ament_cmake_args': None, 'build_base': '/root/aerostack2_ws/build/aerostack2', 'catkin_cmake_args': None, 'catkin_skip_building_tests': False, 'cmake_args': None, 'cmake_clean_cache': False, 'cmake_clean_first': False, 'cmake_force_configure': False, 'cmake_target': None, 'cmake_target_skip_unavailable': False, 'install_base': '/root/aerostack2_ws/install/aerostack2', 'merge_install': False, 'path': '/root/aerostack2_ws/src/aerostack2/aerostack2', 'symlink_install': False, 'test_result_base': None}
[0.278s] INFO:colcon.colcon_core.executor:Executing jobs using 'parallel' executor
[0.279s] DEBUG:colcon.colcon_parallel_executor.executor.parallel:run_until_complete
[0.279s] INFO:colcon.colcon_ros.task.ament_cmake.build:Building ROS package in '/root/aerostack2_ws/src/aerostack2/as2_msgs' with build type 'ament_cmake'
[0.280s] INFO:colcon.colcon_cmake.task.cmake.build:Building CMake package in '/root/aerostack2_ws/src/aerostack2/as2_msgs'
[0.281s] INFO:colcon.colcon_core.plugin_system:Skipping extension 'colcon_core.shell.bat': Not used on non-Windows systems
[0.282s] INFO:colcon.colcon_core.shell:Skip shell extension 'powershell' for command environment: Not usable outside of PowerShell
[0.282s] DEBUG:colcon.colcon_core.shell:Skip shell extension 'dsv' for command environment
[0.287s] INFO:colcon.colcon_ros.task.ament_cmake.build:Building ROS package in '/root/aerostack2_ws/src/aerostack2/as2_cli' with build type 'ament_cmake'
[0.287s] INFO:colcon.colcon_cmake.task.cmake.build:Building CMake package in '/root/aerostack2_ws/src/aerostack2/as2_cli'
[0.287s] INFO:colcon.colcon_core.shell:Skip shell extension 'powershell' for command environment: Not usable outside of PowerShell
[0.287s] DEBUG:colcon.colcon_core.shell:Skip shell extension 'dsv' for command environment
[0.291s] INFO:colcon.colcon_ros.task.ament_python.build:Building ROS package in '/root/aerostack2_ws/src/aerostack2/as2_perception' with build type 'ament_python'
[0.291s] Level 1:colcon.colcon_core.shell:create_environment_hook('as2_perception', 'ament_prefix_path')
[0.291s] INFO:colcon.colcon_core.shell:Creating environment hook '/root/aerostack2_ws/install/as2_perception/share/as2_perception/hook/ament_prefix_path.ps1'
[0.292s] INFO:colcon.colcon_core.shell:Creating environment descriptor '/root/aerostack2_ws/install/as2_perception/share/as2_perception/hook/ament_prefix_path.dsv'
[0.292s] INFO:colcon.colcon_core.shell:Creating environment hook '/root/aerostack2_ws/install/as2_perception/share/as2_perception/hook/ament_prefix_path.sh'
[0.293s] INFO:colcon.colcon_core.shell:Skip shell extension 'powershell' for command environment: Not usable outside of PowerShell
[0.293s] DEBUG:colcon.colcon_core.shell:Skip shell extension 'dsv' for command environment
[0.300s] DEBUG:colcon.colcon_core.event_handler.log_command:Invoking command in '/root/aerostack2_ws/build/as2_msgs': CMAKE_PREFIX_PATH=${CMAKE_PREFIX_PATH}:/root/aerostack2_ws/install/rmf_demos_tasks:/root/aerostack2_ws/install/rmf_demos_panel:/root/aerostack2_ws/install/rmf_demos_fleet_adapter:/root/aerostack2_ws/install/rmf_demos_dashboard_resources:/root/aerostack2_ws/install/rmf_demos_bridges:/root/aerostack2_ws/install/rmf_demos_assets:/root/aerostack2_ws/install/as2_visualization:/root/aerostack2_ws/install/as2_keyboard_teleoperation:/root/aerostack2_ws/install/as2_python_api:/root/aerostack2_ws/install/as2_perception:/opt/ros/humble /usr/bin/cmake --build /root/aerostack2_ws/build/as2_msgs -- -j8 -l8
[0.305s] DEBUG:colcon.colcon_core.event_handler.log_command:Invoking command in '/root/aerostack2_ws/build/as2_cli': CMAKE_PREFIX_PATH=${CMAKE_PREFIX_PATH}:/root/aerostack2_ws/install/rmf_demos_tasks:/root/aerostack2_ws/install/rmf_demos_panel:/root/aerostack2_ws/install/rmf_demos_fleet_adapter:/root/aerostack2_ws/install/rmf_demos_dashboard_resources:/root/aerostack2_ws/install/rmf_demos_bridges:/root/aerostack2_ws/install/rmf_demos_assets:/root/aerostack2_ws/install/as2_visualization:/root/aerostack2_ws/install/as2_keyboard_teleoperation:/root/aerostack2_ws/install/as2_python_api:/root/aerostack2_ws/install/as2_perception:/opt/ros/humble /usr/bin/cmake --build /root/aerostack2_ws/build/as2_cli -- -j8 -l8
[0.533s] INFO:colcon.colcon_core.task.python.build:Building Python package in '/root/aerostack2_ws/src/aerostack2/as2_perception'
[0.534s] INFO:colcon.colcon_core.shell:Skip shell extension 'powershell' for command environment: Not usable outside of PowerShell
[0.534s] DEBUG:colcon.colcon_core.shell:Skip shell extension 'dsv' for command environment
[0.540s] DEBUG:colcon.colcon_core.event_handler.log_command:Invoked command in '/root/aerostack2_ws/build/as2_cli' returned '0': CMAKE_PREFIX_PATH=${CMAKE_PREFIX_PATH}:/root/aerostack2_ws/install/rmf_demos_tasks:/root/aerostack2_ws/install/rmf_demos_panel:/root/aerostack2_ws/install/rmf_demos_fleet_adapter:/root/aerostack2_ws/install/rmf_demos_dashboard_resources:/root/aerostack2_ws/install/rmf_demos_bridges:/root/aerostack2_ws/install/rmf_demos_assets:/root/aerostack2_ws/install/as2_visualization:/root/aerostack2_ws/install/as2_keyboard_teleoperation:/root/aerostack2_ws/install/as2_python_api:/root/aerostack2_ws/install/as2_perception:/opt/ros/humble /usr/bin/cmake --build /root/aerostack2_ws/build/as2_cli -- -j8 -l8
[0.547s] DEBUG:colcon.colcon_core.event_handler.log_command:Invoking command in '/root/aerostack2_ws/build/as2_cli': CMAKE_PREFIX_PATH=${CMAKE_PREFIX_PATH}:/root/aerostack2_ws/install/rmf_demos_tasks:/root/aerostack2_ws/install/rmf_demos_panel:/root/aerostack2_ws/install/rmf_demos_fleet_adapter:/root/aerostack2_ws/install/rmf_demos_dashboard_resources:/root/aerostack2_ws/install/rmf_demos_bridges:/root/aerostack2_ws/install/rmf_demos_assets:/root/aerostack2_ws/install/as2_visualization:/root/aerostack2_ws/install/as2_keyboard_teleoperation:/root/aerostack2_ws/install/as2_python_api:/root/aerostack2_ws/install/as2_perception:/opt/ros/humble /usr/bin/cmake --install /root/aerostack2_ws/build/as2_cli
[0.557s] Level 1:colcon.colcon_core.environment:create_environment_scripts_only(as2_cli)
[0.558s] DEBUG:colcon.colcon_core.event_handler.log_command:Invoked command in '/root/aerostack2_ws/build/as2_cli' returned '0': CMAKE_PREFIX_PATH=${CMAKE_PREFIX_PATH}:/root/aerostack2_ws/install/rmf_demos_tasks:/root/aerostack2_ws/install/rmf_demos_panel:/root/aerostack2_ws/install/rmf_demos_fleet_adapter:/root/aerostack2_ws/install/rmf_demos_dashboard_resources:/root/aerostack2_ws/install/rmf_demos_bridges:/root/aerostack2_ws/install/rmf_demos_assets:/root/aerostack2_ws/install/as2_visualization:/root/aerostack2_ws/install/as2_keyboard_teleoperation:/root/aerostack2_ws/install/as2_python_api:/root/aerostack2_ws/install/as2_perception:/opt/ros/humble /usr/bin/cmake --install /root/aerostack2_ws/build/as2_cli
[0.560s] Level 1:colcon.colcon_core.environment:checking '/root/aerostack2_ws/install/as2_cli' for CMake module files
[0.560s] Level 1:colcon.colcon_core.environment:checking '/root/aerostack2_ws/install/as2_cli' for CMake config files
[0.560s] Level 1:colcon.colcon_core.shell:create_environment_hook('as2_cli', 'cmake_prefix_path')
[0.560s] INFO:colcon.colcon_core.shell:Creating environment hook '/root/aerostack2_ws/install/as2_cli/share/as2_cli/hook/cmake_prefix_path.ps1'
[0.561s] INFO:colcon.colcon_core.shell:Creating environment descriptor '/root/aerostack2_ws/install/as2_cli/share/as2_cli/hook/cmake_prefix_path.dsv'
[0.561s] INFO:colcon.colcon_core.shell:Creating environment hook '/root/aerostack2_ws/install/as2_cli/share/as2_cli/hook/cmake_prefix_path.sh'
[0.561s] Level 1:colcon.colcon_core.environment:checking '/root/aerostack2_ws/install/as2_cli/bin'
[0.561s] Level 1:colcon.colcon_core.environment:checking '/root/aerostack2_ws/install/as2_cli/lib/pkgconfig/as2_cli.pc'
[0.562s] Level 1:colcon.colcon_core.environment:checking '/root/aerostack2_ws/install/as2_cli/lib/python3.10/site-packages'
[0.562s] Level 1:colcon.colcon_core.environment:checking '/root/aerostack2_ws/install/as2_cli/bin'
[0.562s] INFO:colcon.colcon_core.shell:Creating package script '/root/aerostack2_ws/install/as2_cli/share/as2_cli/package.ps1'
[0.563s] INFO:colcon.colcon_core.shell:Creating package descriptor '/root/aerostack2_ws/install/as2_cli/share/as2_cli/package.dsv'
[0.563s] INFO:colcon.colcon_core.shell:Creating package script '/root/aerostack2_ws/install/as2_cli/share/as2_cli/package.sh'
[0.563s] INFO:colcon.colcon_core.shell:Creating package script '/root/aerostack2_ws/install/as2_cli/share/as2_cli/package.bash'
[0.564s] INFO:colcon.colcon_core.shell:Creating package script '/root/aerostack2_ws/install/as2_cli/share/as2_cli/package.zsh'
[0.564s] Level 1:colcon.colcon_core.environment:create_file_with_runtime_dependencies(/root/aerostack2_ws/install/as2_cli/share/colcon-core/packages/as2_cli)
[0.565s] Level 1:colcon.colcon_core.environment:create_environment_scripts_only(as2_cli)
[0.565s] Level 1:colcon.colcon_core.environment:checking '/root/aerostack2_ws/install/as2_cli' for CMake module files
[0.566s] Level 1:colcon.colcon_core.environment:checking '/root/aerostack2_ws/install/as2_cli' for CMake config files
[0.566s] Level 1:colcon.colcon_core.shell:create_environment_hook('as2_cli', 'cmake_prefix_path')
[0.566s] INFO:colcon.colcon_core.shell:Creating environment hook '/root/aerostack2_ws/install/as2_cli/share/as2_cli/hook/cmake_prefix_path.ps1'
[0.567s] INFO:colcon.colcon_core.shell:Creating environment descriptor '/root/aerostack2_ws/install/as2_cli/share/as2_cli/hook/cmake_prefix_path.dsv'
[0.567s] INFO:colcon.colcon_core.shell:Creating environment hook '/root/aerostack2_ws/install/as2_cli/share/as2_cli/hook/cmake_prefix_path.sh'
[0.567s] Level 1:colcon.colcon_core.environment:checking '/root/aerostack2_ws/install/as2_cli/bin'
[0.567s] Level 1:colcon.colcon_core.environment:checking '/root/aerostack2_ws/install/as2_cli/lib/pkgconfig/as2_cli.pc'
[0.568s] Level 1:colcon.colcon_core.environment:checking '/root/aerostack2_ws/install/as2_cli/lib/python3.10/site-packages'
[0.568s] Level 1:colcon.colcon_core.environment:checking '/root/aerostack2_ws/install/as2_cli/bin'
[0.568s] INFO:colcon.colcon_core.shell:Creating package script '/root/aerostack2_ws/install/as2_cli/share/as2_cli/package.ps1'
[0.568s] INFO:colcon.colcon_core.shell:Creating package descriptor '/root/aerostack2_ws/install/as2_cli/share/as2_cli/package.dsv'
[0.569s] INFO:colcon.colcon_core.shell:Creating package script '/root/aerostack2_ws/install/as2_cli/share/as2_cli/package.sh'
[0.569s] INFO:colcon.colcon_core.shell:Creating package script '/root/aerostack2_ws/install/as2_cli/share/as2_cli/package.bash'
[0.569s] INFO:colcon.colcon_core.shell:Creating package script '/root/aerostack2_ws/install/as2_cli/share/as2_cli/package.zsh'
[0.569s] Level 1:colcon.colcon_core.environment:create_file_with_runtime_dependencies(/root/aerostack2_ws/install/as2_cli/share/colcon-core/packages/as2_cli)
[0.654s] DEBUG:colcon.colcon_core.event_handler.log_command:Invoked command in '/root/aerostack2_ws/build/as2_msgs' returned '0': CMAKE_PREFIX_PATH=${CMAKE_PREFIX_PATH}:/root/aerostack2_ws/install/rmf_demos_tasks:/root/aerostack2_ws/install/rmf_demos_panel:/root/aerostack2_ws/install/rmf_demos_fleet_adapter:/root/aerostack2_ws/install/rmf_demos_dashboard_resources:/root/aerostack2_ws/install/rmf_demos_bridges:/root/aerostack2_ws/install/rmf_demos_assets:/root/aerostack2_ws/install/as2_visualization:/root/aerostack2_ws/install/as2_keyboard_teleoperation:/root/aerostack2_ws/install/as2_python_api:/root/aerostack2_ws/install/as2_perception:/opt/ros/humble /usr/bin/cmake --build /root/aerostack2_ws/build/as2_msgs -- -j8 -l8
[0.654s] DEBUG:colcon.colcon_core.event_handler.log_command:Invoking command in '/root/aerostack2_ws/build/as2_msgs': CMAKE_PREFIX_PATH=${CMAKE_PREFIX_PATH}:/root/aerostack2_ws/install/rmf_demos_tasks:/root/aerostack2_ws/install/rmf_demos_panel:/root/aerostack2_ws/install/rmf_demos_fleet_adapter:/root/aerostack2_ws/install/rmf_demos_dashboard_resources:/root/aerostack2_ws/install/rmf_demos_bridges:/root/aerostack2_ws/install/rmf_demos_assets:/root/aerostack2_ws/install/as2_visualization:/root/aerostack2_ws/install/as2_keyboard_teleoperation:/root/aerostack2_ws/install/as2_python_api:/root/aerostack2_ws/install/as2_perception:/opt/ros/humble /usr/bin/cmake --install /root/aerostack2_ws/build/as2_msgs
[0.759s] Level 1:colcon.colcon_core.environment:create_environment_scripts_only(as2_msgs)
[0.760s] Level 1:colcon.colcon_core.environment:checking '/root/aerostack2_ws/install/as2_msgs' for CMake module files
[0.760s] DEBUG:colcon.colcon_core.event_handler.log_command:Invoked command in '/root/aerostack2_ws/build/as2_msgs' returned '0': CMAKE_PREFIX_PATH=${CMAKE_PREFIX_PATH}:/root/aerostack2_ws/install/rmf_demos_tasks:/root/aerostack2_ws/install/rmf_demos_panel:/root/aerostack2_ws/install/rmf_demos_fleet_adapter:/root/aerostack2_ws/install/rmf_demos_dashboard_resources:/root/aerostack2_ws/install/rmf_demos_bridges:/root/aerostack2_ws/install/rmf_demos_assets:/root/aerostack2_ws/install/as2_visualization:/root/aerostack2_ws/install/as2_keyboard_teleoperation:/root/aerostack2_ws/install/as2_python_api:/root/aerostack2_ws/install/as2_perception:/opt/ros/humble /usr/bin/cmake --install /root/aerostack2_ws/build/as2_msgs
[0.761s] Level 1:colcon.colcon_core.environment:checking '/root/aerostack2_ws/install/as2_msgs' for CMake config files
[0.761s] Level 1:colcon.colcon_core.shell:create_environment_hook('as2_msgs', 'cmake_prefix_path')
[0.761s] INFO:colcon.colcon_core.shell:Creating environment hook '/root/aerostack2_ws/install/as2_msgs/share/as2_msgs/hook/cmake_prefix_path.ps1'
[0.762s] INFO:colcon.colcon_core.shell:Creating environment descriptor '/root/aerostack2_ws/install/as2_msgs/share/as2_msgs/hook/cmake_prefix_path.dsv'
[0.762s] INFO:colcon.colcon_core.shell:Creating environment hook '/root/aerostack2_ws/install/as2_msgs/share/as2_msgs/hook/cmake_prefix_path.sh'
[0.763s] Level 1:colcon.colcon_core.environment:checking '/root/aerostack2_ws/install/as2_msgs/lib'
[0.763s] Level 1:colcon.colcon_core.shell:create_environment_hook('as2_msgs', 'ld_library_path_lib')
[0.763s] INFO:colcon.colcon_core.shell:Creating environment hook '/root/aerostack2_ws/install/as2_msgs/share/as2_msgs/hook/ld_library_path_lib.ps1'
[0.763s] INFO:colcon.colcon_core.shell:Creating environment descriptor '/root/aerostack2_ws/install/as2_msgs/share/as2_msgs/hook/ld_library_path_lib.dsv'
[0.764s] INFO:colcon.colcon_core.shell:Creating environment hook '/root/aerostack2_ws/install/as2_msgs/share/as2_msgs/hook/ld_library_path_lib.sh'
[0.764s] Level 1:colcon.colcon_core.environment:checking '/root/aerostack2_ws/install/as2_msgs/bin'
[0.764s] Level 1:colcon.colcon_core.environment:checking '/root/aerostack2_ws/install/as2_msgs/lib/pkgconfig/as2_msgs.pc'
[0.764s] Level 1:colcon.colcon_core.environment:checking '/root/aerostack2_ws/install/as2_msgs/lib/python3.10/site-packages'
[0.765s] Level 1:colcon.colcon_core.environment:checking '/root/aerostack2_ws/install/as2_msgs/bin'
[0.765s] INFO:colcon.colcon_core.shell:Creating package script '/root/aerostack2_ws/install/as2_msgs/share/as2_msgs/package.ps1'
[0.765s] INFO:colcon.colcon_core.shell:Creating package descriptor '/root/aerostack2_ws/install/as2_msgs/share/as2_msgs/package.dsv'
[0.765s] INFO:colcon.colcon_core.shell:Creating package script '/root/aerostack2_ws/install/as2_msgs/share/as2_msgs/package.sh'
[0.766s] INFO:colcon.colcon_core.shell:Creating package script '/root/aerostack2_ws/install/as2_msgs/share/as2_msgs/package.bash'
[0.766s] INFO:colcon.colcon_core.shell:Creating package script '/root/aerostack2_ws/install/as2_msgs/share/as2_msgs/package.zsh'
[0.766s] Level 1:colcon.colcon_core.environment:create_file_with_runtime_dependencies(/root/aerostack2_ws/install/as2_msgs/share/colcon-core/packages/as2_msgs)
[0.767s] Level 1:colcon.colcon_core.environment:create_environment_scripts_only(as2_msgs)
[0.767s] Level 1:colcon.colcon_core.environment:checking '/root/aerostack2_ws/install/as2_msgs' for CMake module files
[0.767s] Level 1:colcon.colcon_core.environment:checking '/root/aerostack2_ws/install/as2_msgs' for CMake config files
[0.767s] Level 1:colcon.colcon_core.shell:create_environment_hook('as2_msgs', 'cmake_prefix_path')
[0.767s] INFO:colcon.colcon_core.shell:Creating environment hook '/root/aerostack2_ws/install/as2_msgs/share/as2_msgs/hook/cmake_prefix_path.ps1'
[0.768s] INFO:colcon.colcon_core.shell:Creating environment descriptor '/root/aerostack2_ws/install/as2_msgs/share/as2_msgs/hook/cmake_prefix_path.dsv'
[0.768s] INFO:colcon.colcon_core.shell:Creating environment hook '/root/aerostack2_ws/install/as2_msgs/share/as2_msgs/hook/cmake_prefix_path.sh'
[0.768s] Level 1:colcon.colcon_core.environment:checking '/root/aerostack2_ws/install/as2_msgs/lib'
[0.768s] Level 1:colcon.colcon_core.shell:create_environment_hook('as2_msgs', 'ld_library_path_lib')
[0.768s] INFO:colcon.colcon_core.shell:Creating environment hook '/root/aerostack2_ws/install/as2_msgs/share/as2_msgs/hook/ld_library_path_lib.ps1'
[0.769s] INFO:colcon.colcon_core.shell:Creating environment descriptor '/root/aerostack2_ws/install/as2_msgs/share/as2_msgs/hook/ld_library_path_lib.dsv'
[0.769s] INFO:colcon.colcon_core.shell:Creating environment hook '/root/aerostack2_ws/install/as2_msgs/share/as2_msgs/hook/ld_library_path_lib.sh'
[0.769s] Level 1:colcon.colcon_core.environment:checking '/root/aerostack2_ws/install/as2_msgs/bin'
[0.769s] Level 1:colcon.colcon_core.environment:checking '/root/aerostack2_ws/install/as2_msgs/lib/pkgconfig/as2_msgs.pc'
[0.769s] Level 1:colcon.colcon_core.environment:checking '/root/aerostack2_ws/install/as2_msgs/lib/python3.10/site-packages'
[0.769s] Level 1:colcon.colcon_core.environment:checking '/root/aerostack2_ws/install/as2_msgs/bin'
[0.770s] INFO:colcon.colcon_core.shell:Creating package script '/root/aerostack2_ws/install/as2_msgs/share/as2_msgs/package.ps1'
[0.770s] INFO:colcon.colcon_core.shell:Creating package descriptor '/root/aerostack2_ws/install/as2_msgs/share/as2_msgs/package.dsv'
[0.770s] INFO:colcon.colcon_core.shell:Creating package script '/root/aerostack2_ws/install/as2_msgs/share/as2_msgs/package.sh'
[0.771s] INFO:colcon.colcon_core.shell:Creating package script '/root/aerostack2_ws/install/as2_msgs/share/as2_msgs/package.bash'
[0.771s] INFO:colcon.colcon_core.shell:Creating package script '/root/aerostack2_ws/install/as2_msgs/share/as2_msgs/package.zsh'
[0.771s] Level 1:colcon.colcon_core.environment:create_file_with_runtime_dependencies(/root/aerostack2_ws/install/as2_msgs/share/colcon-core/packages/as2_msgs)
[0.771s] INFO:colcon.colcon_ros.task.ament_cmake.build:Building ROS package in '/root/aerostack2_ws/src/aerostack2/as2_core' with build type 'ament_cmake'
[0.771s] INFO:colcon.colcon_cmake.task.cmake.build:Building CMake package in '/root/aerostack2_ws/src/aerostack2/as2_core'
[0.772s] INFO:colcon.colcon_core.shell:Skip shell extension 'powershell' for command environment: Not usable outside of PowerShell
[0.772s] DEBUG:colcon.colcon_core.shell:Skip shell extension 'dsv' for command environment
[0.782s] DEBUG:colcon.colcon_core.event_handler.log_command:Invoking command in '/root/aerostack2_ws/build/as2_core': CMAKE_PREFIX_PATH=/root/aerostack2_ws/install/as2_msgs:/root/aerostack2_ws/install/rmf_demos_gz_classic:/root/aerostack2_ws/install/rmf_demos_gz:/root/aerostack2_ws/install/rmf_demos:/root/aerostack2_ws/install/rmf_demos_maps:/root/aerostack2_ws/install/aerostack2:/root/aerostack2_ws/install/as2_usb_camera_interface:/root/aerostack2_ws/install/as2_state_estimator:/root/aerostack2_ws/install/as2_rviz_plugins:/root/aerostack2_ws/install/as2_realsense_interface:/root/aerostack2_ws/install/as2_platform_multirotor_simulator:/root/aerostack2_ws/install/as2_platform_gazebo:/root/aerostack2_ws/install/as2_motion_controller:/root/aerostack2_ws/install/as2_behaviors_trajectory_generation:/root/aerostack2_ws/install/as2_behaviors_swarm_flocking:/root/aerostack2_ws/install/as2_behaviors_motion:/root/aerostack2_ws/install/as2_motion_reference_handlers:/root/aerostack2_ws/install/as2_map_server:/root/aerostack2_ws/install/as2_geozones:/root/aerostack2_ws/install/as2_gazebo_assets:/root/aerostack2_ws/install/as2_external_object_to_tf:/root/aerostack2_ws/install/as2_behaviors_platform:/root/aerostack2_ws/install/as2_behaviors_perception:/root/aerostack2_ws/install/as2_behaviors_path_planning:/root/aerostack2_ws/install/as2_behavior_tree:/root/aerostack2_ws/install/as2_behavior:/root/aerostack2_ws/install/as2_alphanumeric_viewer:/root/aerostack2_ws/install/as2_core:/root/aerostack2_ws/install/as2_cli:/root/aerostack2_ws/install/rmf_demos_tasks:/root/aerostack2_ws/install/rmf_demos_panel:/root/aerostack2_ws/install/rmf_demos_fleet_adapter:/root/aerostack2_ws/install/rmf_demos_dashboard_resources:/root/aerostack2_ws/install/rmf_demos_bridges:/root/aerostack2_ws/install/rmf_demos_assets:/root/aerostack2_ws/install/as2_visualization:/root/aerostack2_ws/install/as2_keyboard_teleoperation:/root/aerostack2_ws/install/as2_python_api:/root/aerostack2_ws/install/as2_perception:/opt/ros/humble LD_LIBRARY_PATH=/root/aerostack2_ws/install/as2_msgs/lib:/root/aerostack2_ws/install/as2_state_estimator/lib:/root/aerostack2_ws/install/as2_python_api/lib:/root/aerostack2_ws/install/as2_motion_controller/lib:/root/aerostack2_ws/install/as2_behaviors_trajectory_generation/lib:/root/aerostack2_ws/install/as2_behaviors_swarm_flocking/lib:/root/aerostack2_ws/install/as2_behaviors_motion/lib:/root/aerostack2_ws/install/as2_motion_reference_handlers/lib:/root/aerostack2_ws/install/as2_map_server/lib:/root/aerostack2_ws/install/as2_gazebo_assets/lib:/root/aerostack2_ws/install/as2_behaviors_perception/lib:/root/aerostack2_ws/install/as2_behaviors_path_planning/lib:/root/aerostack2_ws/install/as2_behavior_tree/lib:/root/aerostack2_ws/install/as2_behavior/lib:/root/aerostack2_ws/install/as2_core/lib:/opt/ros/humble/opt/rviz_ogre_vendor/lib:/opt/ros/humble/lib/x86_64-linux-gnu:/opt/ros/humble/lib /usr/bin/cmake --build /root/aerostack2_ws/build/as2_core -- -j8 -l8
[0.974s] DEBUG:colcon.colcon_core.event_handler.log_command:Invoking command in '/root/aerostack2_ws/src/aerostack2/as2_perception': PYTHONPATH=/root/aerostack2_ws/build/as2_perception/prefix_override:/usr/lib/python3/dist-packages/colcon_core/task/python/colcon_distutils_commands:/root/aerostack2_ws/install/as2_perception/lib/python3.10/site-packages:${PYTHONPATH} /usr/bin/python3 -W ignore:setup.py install is deprecated -W ignore:easy_install command is deprecated setup.py egg_info --egg-base ../../../build/as2_perception build --build-base /root/aerostack2_ws/build/as2_perception/build install --record /root/aerostack2_ws/build/as2_perception/install.log --single-version-externally-managed install_data
[1.186s] DEBUG:colcon.colcon_core.event_handler.log_command:Invoked command in '/root/aerostack2_ws/build/as2_core' returned '0': CMAKE_PREFIX_PATH=/root/aerostack2_ws/install/as2_msgs:/root/aerostack2_ws/install/rmf_demos_gz_classic:/root/aerostack2_ws/install/rmf_demos_gz:/root/aerostack2_ws/install/rmf_demos:/root/aerostack2_ws/install/rmf_demos_maps:/root/aerostack2_ws/install/aerostack2:/root/aerostack2_ws/install/as2_usb_camera_interface:/root/aerostack2_ws/install/as2_state_estimator:/root/aerostack2_ws/install/as2_rviz_plugins:/root/aerostack2_ws/install/as2_realsense_interface:/root/aerostack2_ws/install/as2_platform_multirotor_simulator:/root/aerostack2_ws/install/as2_platform_gazebo:/root/aerostack2_ws/install/as2_motion_controller:/root/aerostack2_ws/install/as2_behaviors_trajectory_generation:/root/aerostack2_ws/install/as2_behaviors_swarm_flocking:/root/aerostack2_ws/install/as2_behaviors_motion:/root/aerostack2_ws/install/as2_motion_reference_handlers:/root/aerostack2_ws/install/as2_map_server:/root/aerostack2_ws/install/as2_geozones:/root/aerostack2_ws/install/as2_gazebo_assets:/root/aerostack2_ws/install/as2_external_object_to_tf:/root/aerostack2_ws/install/as2_behaviors_platform:/root/aerostack2_ws/install/as2_behaviors_perception:/root/aerostack2_ws/install/as2_behaviors_path_planning:/root/aerostack2_ws/install/as2_behavior_tree:/root/aerostack2_ws/install/as2_behavior:/root/aerostack2_ws/install/as2_alphanumeric_viewer:/root/aerostack2_ws/install/as2_core:/root/aerostack2_ws/install/as2_cli:/root/aerostack2_ws/install/rmf_demos_tasks:/root/aerostack2_ws/install/rmf_demos_panel:/root/aerostack2_ws/install/rmf_demos_fleet_adapter:/root/aerostack2_ws/install/rmf_demos_dashboard_resources:/root/aerostack2_ws/install/rmf_demos_bridges:/root/aerostack2_ws/install/rmf_demos_assets:/root/aerostack2_ws/install/as2_visualization:/root/aerostack2_ws/install/as2_keyboard_teleoperation:/root/aerostack2_ws/install/as2_python_api:/root/aerostack2_ws/install/as2_perception:/opt/ros/humble LD_LIBRARY_PATH=/root/aerostack2_ws/install/as2_msgs/lib:/root/aerostack2_ws/install/as2_state_estimator/lib:/root/aerostack2_ws/install/as2_python_api/lib:/root/aerostack2_ws/install/as2_motion_controller/lib:/root/aerostack2_ws/install/as2_behaviors_trajectory_generation/lib:/root/aerostack2_ws/install/as2_behaviors_swarm_flocking/lib:/root/aerostack2_ws/install/as2_behaviors_motion/lib:/root/aerostack2_ws/install/as2_motion_reference_handlers/lib:/root/aerostack2_ws/install/as2_map_server/lib:/root/aerostack2_ws/install/as2_gazebo_assets/lib:/root/aerostack2_ws/install/as2_behaviors_perception/lib:/root/aerostack2_ws/install/as2_behaviors_path_planning/lib:/root/aerostack2_ws/install/as2_behavior_tree/lib:/root/aerostack2_ws/install/as2_behavior/lib:/root/aerostack2_ws/install/as2_core/lib:/opt/ros/humble/opt/rviz_ogre_vendor/lib:/opt/ros/humble/lib/x86_64-linux-gnu:/opt/ros/humble/lib /usr/bin/cmake --build /root/aerostack2_ws/build/as2_core -- -j8 -l8
[1.187s] DEBUG:colcon.colcon_core.event_handler.log_command:Invoking command in '/root/aerostack2_ws/build/as2_core': CMAKE_PREFIX_PATH=/root/aerostack2_ws/install/as2_msgs:/root/aerostack2_ws/install/rmf_demos_gz_classic:/root/aerostack2_ws/install/rmf_demos_gz:/root/aerostack2_ws/install/rmf_demos:/root/aerostack2_ws/install/rmf_demos_maps:/root/aerostack2_ws/install/aerostack2:/root/aerostack2_ws/install/as2_usb_camera_interface:/root/aerostack2_ws/install/as2_state_estimator:/root/aerostack2_ws/install/as2_rviz_plugins:/root/aerostack2_ws/install/as2_realsense_interface:/root/aerostack2_ws/install/as2_platform_multirotor_simulator:/root/aerostack2_ws/install/as2_platform_gazebo:/root/aerostack2_ws/install/as2_motion_controller:/root/aerostack2_ws/install/as2_behaviors_trajectory_generation:/root/aerostack2_ws/install/as2_behaviors_swarm_flocking:/root/aerostack2_ws/install/as2_behaviors_motion:/root/aerostack2_ws/install/as2_motion_reference_handlers:/root/aerostack2_ws/install/as2_map_server:/root/aerostack2_ws/install/as2_geozones:/root/aerostack2_ws/install/as2_gazebo_assets:/root/aerostack2_ws/install/as2_external_object_to_tf:/root/aerostack2_ws/install/as2_behaviors_platform:/root/aerostack2_ws/install/as2_behaviors_perception:/root/aerostack2_ws/install/as2_behaviors_path_planning:/root/aerostack2_ws/install/as2_behavior_tree:/root/aerostack2_ws/install/as2_behavior:/root/aerostack2_ws/install/as2_alphanumeric_viewer:/root/aerostack2_ws/install/as2_core:/root/aerostack2_ws/install/as2_cli:/root/aerostack2_ws/install/rmf_demos_tasks:/root/aerostack2_ws/install/rmf_demos_panel:/root/aerostack2_ws/install/rmf_demos_fleet_adapter:/root/aerostack2_ws/install/rmf_demos_dashboard_resources:/root/aerostack2_ws/install/rmf_demos_bridges:/root/aerostack2_ws/install/rmf_demos_assets:/root/aerostack2_ws/install/as2_visualization:/root/aerostack2_ws/install/as2_keyboard_teleoperation:/root/aerostack2_ws/install/as2_python_api:/root/aerostack2_ws/install/as2_perception:/opt/ros/humble LD_LIBRARY_PATH=/root/aerostack2_ws/install/as2_msgs/lib:/root/aerostack2_ws/install/as2_state_estimator/lib:/root/aerostack2_ws/install/as2_python_api/lib:/root/aerostack2_ws/install/as2_motion_controller/lib:/root/aerostack2_ws/install/as2_behaviors_trajectory_generation/lib:/root/aerostack2_ws/install/as2_behaviors_swarm_flocking/lib:/root/aerostack2_ws/install/as2_behaviors_motion/lib:/root/aerostack2_ws/install/as2_motion_reference_handlers/lib:/root/aerostack2_ws/install/as2_map_server/lib:/root/aerostack2_ws/install/as2_gazebo_assets/lib:/root/aerostack2_ws/install/as2_behaviors_perception/lib:/root/aerostack2_ws/install/as2_behaviors_path_planning/lib:/root/aerostack2_ws/install/as2_behavior_tree/lib:/root/aerostack2_ws/install/as2_behavior/lib:/root/aerostack2_ws/install/as2_core/lib:/opt/ros/humble/opt/rviz_ogre_vendor/lib:/opt/ros/humble/lib/x86_64-linux-gnu:/opt/ros/humble/lib /usr/bin/cmake --install /root/aerostack2_ws/build/as2_core
[1.236s] Level 1:colcon.colcon_core.environment:create_environment_scripts_only(as2_core)
[1.236s] Level 1:colcon.colcon_core.environment:checking '/root/aerostack2_ws/install/as2_core' for CMake module files
[1.237s] DEBUG:colcon.colcon_core.event_handler.log_command:Invoked command in '/root/aerostack2_ws/build/as2_core' returned '0': CMAKE_PREFIX_PATH=/root/aerostack2_ws/install/as2_msgs:/root/aerostack2_ws/install/rmf_demos_gz_classic:/root/aerostack2_ws/install/rmf_demos_gz:/root/aerostack2_ws/install/rmf_demos:/root/aerostack2_ws/install/rmf_demos_maps:/root/aerostack2_ws/install/aerostack2:/root/aerostack2_ws/install/as2_usb_camera_interface:/root/aerostack2_ws/install/as2_state_estimator:/root/aerostack2_ws/install/as2_rviz_plugins:/root/aerostack2_ws/install/as2_realsense_interface:/root/aerostack2_ws/install/as2_platform_multirotor_simulator:/root/aerostack2_ws/install/as2_platform_gazebo:/root/aerostack2_ws/install/as2_motion_controller:/root/aerostack2_ws/install/as2_behaviors_trajectory_generation:/root/aerostack2_ws/install/as2_behaviors_swarm_flocking:/root/aerostack2_ws/install/as2_behaviors_motion:/root/aerostack2_ws/install/as2_motion_reference_handlers:/root/aerostack2_ws/install/as2_map_server:/root/aerostack2_ws/install/as2_geozones:/root/aerostack2_ws/install/as2_gazebo_assets:/root/aerostack2_ws/install/as2_external_object_to_tf:/root/aerostack2_ws/install/as2_behaviors_platform:/root/aerostack2_ws/install/as2_behaviors_perception:/root/aerostack2_ws/install/as2_behaviors_path_planning:/root/aerostack2_ws/install/as2_behavior_tree:/root/aerostack2_ws/install/as2_behavior:/root/aerostack2_ws/install/as2_alphanumeric_viewer:/root/aerostack2_ws/install/as2_core:/root/aerostack2_ws/install/as2_cli:/root/aerostack2_ws/install/rmf_demos_tasks:/root/aerostack2_ws/install/rmf_demos_panel:/root/aerostack2_ws/install/rmf_demos_fleet_adapter:/root/aerostack2_ws/install/rmf_demos_dashboard_resources:/root/aerostack2_ws/install/rmf_demos_bridges:/root/aerostack2_ws/install/rmf_demos_assets:/root/aerostack2_ws/install/as2_visualization:/root/aerostack2_ws/install/as2_keyboard_teleoperation:/root/aerostack2_ws/install/as2_python_api:/root/aerostack2_ws/install/as2_perception:/opt/ros/humble LD_LIBRARY_PATH=/root/aerostack2_ws/install/as2_msgs/lib:/root/aerostack2_ws/install/as2_state_estimator/lib:/root/aerostack2_ws/install/as2_python_api/lib:/root/aerostack2_ws/install/as2_motion_controller/lib:/root/aerostack2_ws/install/as2_behaviors_trajectory_generation/lib:/root/aerostack2_ws/install/as2_behaviors_swarm_flocking/lib:/root/aerostack2_ws/install/as2_behaviors_motion/lib:/root/aerostack2_ws/install/as2_motion_reference_handlers/lib:/root/aerostack2_ws/install/as2_map_server/lib:/root/aerostack2_ws/install/as2_gazebo_assets/lib:/root/aerostack2_ws/install/as2_behaviors_perception/lib:/root/aerostack2_ws/install/as2_behaviors_path_planning/lib:/root/aerostack2_ws/install/as2_behavior_tree/lib:/root/aerostack2_ws/install/as2_behavior/lib:/root/aerostack2_ws/install/as2_core/lib:/opt/ros/humble/opt/rviz_ogre_vendor/lib:/opt/ros/humble/lib/x86_64-linux-gnu:/opt/ros/humble/lib /usr/bin/cmake --install /root/aerostack2_ws/build/as2_core
[1.237s] Level 1:colcon.colcon_core.environment:checking '/root/aerostack2_ws/install/as2_core' for CMake config files
[1.237s] Level 1:colcon.colcon_core.shell:create_environment_hook('as2_core', 'cmake_prefix_path')
[1.238s] INFO:colcon.colcon_core.shell:Creating environment hook '/root/aerostack2_ws/install/as2_core/share/as2_core/hook/cmake_prefix_path.ps1'
[1.238s] INFO:colcon.colcon_core.shell:Creating environment descriptor '/root/aerostack2_ws/install/as2_core/share/as2_core/hook/cmake_prefix_path.dsv'
[1.239s] INFO:colcon.colcon_core.shell:Creating environment hook '/root/aerostack2_ws/install/as2_core/share/as2_core/hook/cmake_prefix_path.sh'
[1.239s] Level 1:colcon.colcon_core.environment:checking '/root/aerostack2_ws/install/as2_core/lib'
[1.239s] Level 1:colcon.colcon_core.shell:create_environment_hook('as2_core', 'ld_library_path_lib')
[1.240s] INFO:colcon.colcon_core.shell:Creating environment hook '/root/aerostack2_ws/install/as2_core/share/as2_core/hook/ld_library_path_lib.ps1'
[1.240s] INFO:colcon.colcon_core.shell:Creating environment descriptor '/root/aerostack2_ws/install/as2_core/share/as2_core/hook/ld_library_path_lib.dsv'
[1.240s] INFO:colcon.colcon_core.shell:Creating environment hook '/root/aerostack2_ws/install/as2_core/share/as2_core/hook/ld_library_path_lib.sh'
[1.241s] Level 1:colcon.colcon_core.environment:checking '/root/aerostack2_ws/install/as2_core/bin'
[1.241s] Level 1:colcon.colcon_core.environment:checking '/root/aerostack2_ws/install/as2_core/lib/pkgconfig/as2_core.pc'
[1.241s] Level 1:colcon.colcon_core.environment:checking '/root/aerostack2_ws/install/as2_core/lib/python3.10/site-packages'
[1.241s] Level 1:colcon.colcon_core.environment:checking '/root/aerostack2_ws/install/as2_core/bin'
[1.242s] INFO:colcon.colcon_core.shell:Creating package script '/root/aerostack2_ws/install/as2_core/share/as2_core/package.ps1'
[1.242s] INFO:colcon.colcon_core.shell:Creating package descriptor '/root/aerostack2_ws/install/as2_core/share/as2_core/package.dsv'
[1.243s] INFO:colcon.colcon_core.shell:Creating package script '/root/aerostack2_ws/install/as2_core/share/as2_core/package.sh'
[1.244s] INFO:colcon.colcon_core.shell:Creating package script '/root/aerostack2_ws/install/as2_core/share/as2_core/package.bash'
[1.244s] INFO:colcon.colcon_core.shell:Creating package script '/root/aerostack2_ws/install/as2_core/share/as2_core/package.zsh'
[1.245s] Level 1:colcon.colcon_core.environment:create_file_with_runtime_dependencies(/root/aerostack2_ws/install/as2_core/share/colcon-core/packages/as2_core)
[1.245s] Level 1:colcon.colcon_core.environment:create_environment_scripts_only(as2_core)
[1.246s] Level 1:colcon.colcon_core.environment:checking '/root/aerostack2_ws/install/as2_core' for CMake module files
[1.246s] Level 1:colcon.colcon_core.environment:checking '/root/aerostack2_ws/install/as2_core' for CMake config files
[1.246s] Level 1:colcon.colcon_core.shell:create_environment_hook('as2_core', 'cmake_prefix_path')
[1.247s] INFO:colcon.colcon_core.shell:Creating environment hook '/root/aerostack2_ws/install/as2_core/share/as2_core/hook/cmake_prefix_path.ps1'
[1.319s] INFO:colcon.colcon_core.shell:Creating environment descriptor '/root/aerostack2_ws/install/as2_core/share/as2_core/hook/cmake_prefix_path.dsv'
[1.320s] INFO:colcon.colcon_core.shell:Creating environment hook '/root/aerostack2_ws/install/as2_core/share/as2_core/hook/cmake_prefix_path.sh'
[1.320s] Level 1:colcon.colcon_core.environment:checking '/root/aerostack2_ws/install/as2_core/lib'
[1.320s] Level 1:colcon.colcon_core.shell:create_environment_hook('as2_core', 'ld_library_path_lib')
[1.320s] INFO:colcon.colcon_core.shell:Creating environment hook '/root/aerostack2_ws/install/as2_core/share/as2_core/hook/ld_library_path_lib.ps1'
[1.321s] INFO:colcon.colcon_core.shell:Creating environment descriptor '/root/aerostack2_ws/install/as2_core/share/as2_core/hook/ld_library_path_lib.dsv'
[1.321s] INFO:colcon.colcon_core.shell:Creating environment hook '/root/aerostack2_ws/install/as2_core/share/as2_core/hook/ld_library_path_lib.sh'
[1.321s] Level 1:colcon.colcon_core.environment:checking '/root/aerostack2_ws/install/as2_core/bin'
[1.321s] Level 1:colcon.colcon_core.environment:checking '/root/aerostack2_ws/install/as2_core/lib/pkgconfig/as2_core.pc'
[1.321s] Level 1:colcon.colcon_core.environment:checking '/root/aerostack2_ws/install/as2_core/lib/python3.10/site-packages'
[1.321s] Level 1:colcon.colcon_core.environment:checking '/root/aerostack2_ws/install/as2_core/bin'
[1.322s] INFO:colcon.colcon_core.shell:Creating package script '/root/aerostack2_ws/install/as2_core/share/as2_core/package.ps1'
[1.322s] INFO:colcon.colcon_core.shell:Creating package descriptor '/root/aerostack2_ws/install/as2_core/share/as2_core/package.dsv'
[1.322s] INFO:colcon.colcon_core.shell:Creating package script '/root/aerostack2_ws/install/as2_core/share/as2_core/package.sh'
[1.323s] INFO:colcon.colcon_core.shell:Creating package script '/root/aerostack2_ws/install/as2_core/share/as2_core/package.bash'
[1.323s] INFO:colcon.colcon_core.shell:Creating package script '/root/aerostack2_ws/install/as2_core/share/as2_core/package.zsh'
[1.323s] Level 1:colcon.colcon_core.environment:create_file_with_runtime_dependencies(/root/aerostack2_ws/install/as2_core/share/colcon-core/packages/as2_core)
[1.324s] INFO:colcon.colcon_ros.task.ament_cmake.build:Building ROS package in '/root/aerostack2_ws/src/aerostack2/as2_motion_reference_handlers' with build type 'ament_cmake'
[1.324s] INFO:colcon.colcon_cmake.task.cmake.build:Building CMake package in '/root/aerostack2_ws/src/aerostack2/as2_motion_reference_handlers'
[1.324s] INFO:colcon.colcon_core.shell:Skip shell extension 'powershell' for command environment: Not usable outside of PowerShell
[1.324s] DEBUG:colcon.colcon_core.shell:Skip shell extension 'dsv' for command environment
[1.328s] INFO:colcon.colcon_ros.task.ament_cmake.build:Building ROS package in '/root/aerostack2_ws/src/aerostack2/as2_behaviors/as2_behavior' with build type 'ament_cmake'
[1.328s] INFO:colcon.colcon_cmake.task.cmake.build:Building CMake package in '/root/aerostack2_ws/src/aerostack2/as2_behaviors/as2_behavior'
[1.328s] INFO:colcon.colcon_core.shell:Skip shell extension 'powershell' for command environment: Not usable outside of PowerShell
[1.328s] DEBUG:colcon.colcon_core.shell:Skip shell extension 'dsv' for command environment
[1.333s] INFO:colcon.colcon_ros.task.ament_cmake.build:Building ROS package in '/root/aerostack2_ws/src/aerostack2/as2_simulation_assets/as2_gazebo_assets' with build type 'ament_cmake'
[1.333s] INFO:colcon.colcon_cmake.task.cmake.build:Building CMake package in '/root/aerostack2_ws/src/aerostack2/as2_simulation_assets/as2_gazebo_assets'
[1.333s] INFO:colcon.colcon_core.shell:Skip shell extension 'powershell' for command environment: Not usable outside of PowerShell
[1.333s] DEBUG:colcon.colcon_core.shell:Skip shell extension 'dsv' for command environment
[1.338s] INFO:colcon.colcon_ros.task.ament_cmake.build:Building ROS package in '/root/aerostack2_ws/src/aerostack2/as2_user_interfaces/as2_alphanumeric_viewer' with build type 'ament_cmake'
[1.338s] INFO:colcon.colcon_cmake.task.cmake.build:Building CMake package in '/root/aerostack2_ws/src/aerostack2/as2_user_interfaces/as2_alphanumeric_viewer'
[1.338s] INFO:colcon.colcon_core.shell:Skip shell extension 'powershell' for command environment: Not usable outside of PowerShell
[1.338s] DEBUG:colcon.colcon_core.shell:Skip shell extension 'dsv' for command environment
[1.342s] INFO:colcon.colcon_ros.task.ament_cmake.build:Building ROS package in '/root/aerostack2_ws/src/aerostack2/as2_behavior_tree' with build type 'ament_cmake'
[1.342s] INFO:colcon.colcon_cmake.task.cmake.build:Building CMake package in '/root/aerostack2_ws/src/aerostack2/as2_behavior_tree'
[1.342s] INFO:colcon.colcon_core.shell:Skip shell extension 'powershell' for command environment: Not usable outside of PowerShell
[1.343s] DEBUG:colcon.colcon_core.shell:Skip shell extension 'dsv' for command environment
[1.348s] INFO:colcon.colcon_ros.task.ament_cmake.build:Building ROS package in '/root/aerostack2_ws/src/aerostack2/as2_utilities/as2_external_object_to_tf' with build type 'ament_cmake'
[1.348s] INFO:colcon.colcon_cmake.task.cmake.build:Building CMake package in '/root/aerostack2_ws/src/aerostack2/as2_utilities/as2_external_object_to_tf'
[1.348s] INFO:colcon.colcon_core.shell:Skip shell extension 'powershell' for command environment: Not usable outside of PowerShell
[1.348s] DEBUG:colcon.colcon_core.shell:Skip shell extension 'dsv' for command environment
[1.354s] INFO:colcon.colcon_ros.task.ament_cmake.build:Building ROS package in '/root/aerostack2_ws/src/aerostack2/as2_utilities/as2_geozones' with build type 'ament_cmake'
[1.354s] INFO:colcon.colcon_cmake.task.cmake.build:Building CMake package in '/root/aerostack2_ws/src/aerostack2/as2_utilities/as2_geozones'
[1.355s] INFO:colcon.colcon_core.shell:Skip shell extension 'powershell' for command environment: Not usable outside of PowerShell
[1.355s] DEBUG:colcon.colcon_core.shell:Skip shell extension 'dsv' for command environment
[1.359s] Level 1:colcon.colcon_core.environment:checking '/root/aerostack2_ws/install/as2_perception' for CMake module files
[1.360s] DEBUG:colcon.colcon_core.event_handler.log_command:Invoked command in '/root/aerostack2_ws/src/aerostack2/as2_perception' returned '0': PYTHONPATH=/root/aerostack2_ws/build/as2_perception/prefix_override:/usr/lib/python3/dist-packages/colcon_core/task/python/colcon_distutils_commands:/root/aerostack2_ws/install/as2_perception/lib/python3.10/site-packages:${PYTHONPATH} /usr/bin/python3 -W ignore:setup.py install is deprecated -W ignore:easy_install command is deprecated setup.py egg_info --egg-base ../../../build/as2_perception build --build-base /root/aerostack2_ws/build/as2_perception/build install --record /root/aerostack2_ws/build/as2_perception/install.log --single-version-externally-managed install_data
[1.360s] Level 1:colcon.colcon_core.environment:checking '/root/aerostack2_ws/install/as2_perception' for CMake config files
[1.360s] Level 1:colcon.colcon_core.environment:checking '/root/aerostack2_ws/install/as2_perception/lib'
[1.360s] Level 1:colcon.colcon_core.environment:checking '/root/aerostack2_ws/install/as2_perception/bin'
[1.360s] Level 1:colcon.colcon_core.environment:checking '/root/aerostack2_ws/install/as2_perception/lib/pkgconfig/as2_perception.pc'
[1.360s] Level 1:colcon.colcon_core.environment:checking '/root/aerostack2_ws/install/as2_perception/lib/python3.10/site-packages'
[1.360s] Level 1:colcon.colcon_core.shell:create_environment_hook('as2_perception', 'pythonpath')
[1.360s] INFO:colcon.colcon_core.shell:Creating environment hook '/root/aerostack2_ws/install/as2_perception/share/as2_perception/hook/pythonpath.ps1'
[1.361s] INFO:colcon.colcon_core.shell:Creating environment descriptor '/root/aerostack2_ws/install/as2_perception/share/as2_perception/hook/pythonpath.dsv'
[1.361s] INFO:colcon.colcon_core.shell:Creating environment hook '/root/aerostack2_ws/install/as2_perception/share/as2_perception/hook/pythonpath.sh'
[1.361s] Level 1:colcon.colcon_core.environment:checking '/root/aerostack2_ws/install/as2_perception/bin'
[1.361s] Level 1:colcon.colcon_core.environment:create_environment_scripts_only(as2_perception)
[1.362s] INFO:colcon.colcon_core.shell:Creating package script '/root/aerostack2_ws/install/as2_perception/share/as2_perception/package.ps1'
[1.362s] INFO:colcon.colcon_core.shell:Creating package descriptor '/root/aerostack2_ws/install/as2_perception/share/as2_perception/package.dsv'
[1.362s] INFO:colcon.colcon_core.shell:Creating package script '/root/aerostack2_ws/install/as2_perception/share/as2_perception/package.sh'
[1.362s] INFO:colcon.colcon_core.shell:Creating package script '/root/aerostack2_ws/install/as2_perception/share/as2_perception/package.bash'
[1.362s] INFO:colcon.colcon_core.shell:Creating package script '/root/aerostack2_ws/install/as2_perception/share/as2_perception/package.zsh'
[1.363s] Level 1:colcon.colcon_core.environment:create_file_with_runtime_dependencies(/root/aerostack2_ws/install/as2_perception/share/colcon-core/packages/as2_perception)
[1.363s] INFO:colcon.colcon_ros.task.ament_cmake.build:Building ROS package in '/root/aerostack2_ws/src/aerostack2/as2_map_server' with build type 'ament_cmake'
[1.364s] INFO:colcon.colcon_cmake.task.cmake.build:Building CMake package in '/root/aerostack2_ws/src/aerostack2/as2_map_server'
[1.364s] INFO:colcon.colcon_core.shell:Skip shell extension 'powershell' for command environment: Not usable outside of PowerShell
[1.364s] DEBUG:colcon.colcon_core.shell:Skip shell extension 'dsv' for command environment
[1.371s] DEBUG:colcon.colcon_core.event_handler.log_command:Invoking command in '/root/aerostack2_ws/build/as2_motion_reference_handlers': CMAKE_PREFIX_PATH=/root/aerostack2_ws/install/as2_core:/root/aerostack2_ws/install/as2_msgs:/root/aerostack2_ws/install/rmf_demos_gz_classic:/root/aerostack2_ws/install/rmf_demos_gz:/root/aerostack2_ws/install/rmf_demos:/root/aerostack2_ws/install/rmf_demos_maps:/root/aerostack2_ws/install/aerostack2:/root/aerostack2_ws/install/as2_usb_camera_interface:/root/aerostack2_ws/install/as2_state_estimator:/root/aerostack2_ws/install/as2_rviz_plugins:/root/aerostack2_ws/install/as2_realsense_interface:/root/aerostack2_ws/install/as2_platform_multirotor_simulator:/root/aerostack2_ws/install/as2_platform_gazebo:/root/aerostack2_ws/install/as2_motion_controller:/root/aerostack2_ws/install/as2_behaviors_trajectory_generation:/root/aerostack2_ws/install/as2_behaviors_swarm_flocking:/root/aerostack2_ws/install/as2_behaviors_motion:/root/aerostack2_ws/install/as2_motion_reference_handlers:/root/aerostack2_ws/install/as2_map_server:/root/aerostack2_ws/install/as2_geozones:/root/aerostack2_ws/install/as2_gazebo_assets:/root/aerostack2_ws/install/as2_external_object_to_tf:/root/aerostack2_ws/install/as2_behaviors_platform:/root/aerostack2_ws/install/as2_behaviors_perception:/root/aerostack2_ws/install/as2_behaviors_path_planning:/root/aerostack2_ws/install/as2_behavior_tree:/root/aerostack2_ws/install/as2_behavior:/root/aerostack2_ws/install/as2_alphanumeric_viewer:/root/aerostack2_ws/install/as2_cli:/root/aerostack2_ws/install/rmf_demos_tasks:/root/aerostack2_ws/install/rmf_demos_panel:/root/aerostack2_ws/install/rmf_demos_fleet_adapter:/root/aerostack2_ws/install/rmf_demos_dashboard_resources:/root/aerostack2_ws/install/rmf_demos_bridges:/root/aerostack2_ws/install/rmf_demos_assets:/root/aerostack2_ws/install/as2_visualization:/root/aerostack2_ws/install/as2_keyboard_teleoperation:/root/aerostack2_ws/install/as2_python_api:/root/aerostack2_ws/install/as2_perception:/opt/ros/humble LD_LIBRARY_PATH=/root/aerostack2_ws/install/as2_core/lib:/root/aerostack2_ws/install/as2_msgs/lib:/root/aerostack2_ws/install/as2_state_estimator/lib:/root/aerostack2_ws/install/as2_python_api/lib:/root/aerostack2_ws/install/as2_motion_controller/lib:/root/aerostack2_ws/install/as2_behaviors_trajectory_generation/lib:/root/aerostack2_ws/install/as2_behaviors_swarm_flocking/lib:/root/aerostack2_ws/install/as2_behaviors_motion/lib:/root/aerostack2_ws/install/as2_motion_reference_handlers/lib:/root/aerostack2_ws/install/as2_map_server/lib:/root/aerostack2_ws/install/as2_gazebo_assets/lib:/root/aerostack2_ws/install/as2_behaviors_perception/lib:/root/aerostack2_ws/install/as2_behaviors_path_planning/lib:/root/aerostack2_ws/install/as2_behavior_tree/lib:/root/aerostack2_ws/install/as2_behavior/lib:/opt/ros/humble/opt/rviz_ogre_vendor/lib:/opt/ros/humble/lib/x86_64-linux-gnu:/opt/ros/humble/lib /usr/bin/cmake --build /root/aerostack2_ws/build/as2_motion_reference_handlers -- -j8 -l8
[1.373s] DEBUG:colcon.colcon_core.event_handler.log_command:Invoking command in '/root/aerostack2_ws/build/as2_behavior': CMAKE_PREFIX_PATH=/root/aerostack2_ws/install/as2_core:/root/aerostack2_ws/install/as2_msgs:/root/aerostack2_ws/install/rmf_demos_gz_classic:/root/aerostack2_ws/install/rmf_demos_gz:/root/aerostack2_ws/install/rmf_demos:/root/aerostack2_ws/install/rmf_demos_maps:/root/aerostack2_ws/install/aerostack2:/root/aerostack2_ws/install/as2_usb_camera_interface:/root/aerostack2_ws/install/as2_state_estimator:/root/aerostack2_ws/install/as2_rviz_plugins:/root/aerostack2_ws/install/as2_realsense_interface:/root/aerostack2_ws/install/as2_platform_multirotor_simulator:/root/aerostack2_ws/install/as2_platform_gazebo:/root/aerostack2_ws/install/as2_motion_controller:/root/aerostack2_ws/install/as2_behaviors_trajectory_generation:/root/aerostack2_ws/install/as2_behaviors_swarm_flocking:/root/aerostack2_ws/install/as2_behaviors_motion:/root/aerostack2_ws/install/as2_motion_reference_handlers:/root/aerostack2_ws/install/as2_map_server:/root/aerostack2_ws/install/as2_geozones:/root/aerostack2_ws/install/as2_gazebo_assets:/root/aerostack2_ws/install/as2_external_object_to_tf:/root/aerostack2_ws/install/as2_behaviors_platform:/root/aerostack2_ws/install/as2_behaviors_perception:/root/aerostack2_ws/install/as2_behaviors_path_planning:/root/aerostack2_ws/install/as2_behavior_tree:/root/aerostack2_ws/install/as2_behavior:/root/aerostack2_ws/install/as2_alphanumeric_viewer:/root/aerostack2_ws/install/as2_cli:/root/aerostack2_ws/install/rmf_demos_tasks:/root/aerostack2_ws/install/rmf_demos_panel:/root/aerostack2_ws/install/rmf_demos_fleet_adapter:/root/aerostack2_ws/install/rmf_demos_dashboard_resources:/root/aerostack2_ws/install/rmf_demos_bridges:/root/aerostack2_ws/install/rmf_demos_assets:/root/aerostack2_ws/install/as2_visualization:/root/aerostack2_ws/install/as2_keyboard_teleoperation:/root/aerostack2_ws/install/as2_python_api:/root/aerostack2_ws/install/as2_perception:/opt/ros/humble LD_LIBRARY_PATH=/root/aerostack2_ws/install/as2_core/lib:/root/aerostack2_ws/install/as2_msgs/lib:/root/aerostack2_ws/install/as2_state_estimator/lib:/root/aerostack2_ws/install/as2_python_api/lib:/root/aerostack2_ws/install/as2_motion_controller/lib:/root/aerostack2_ws/install/as2_behaviors_trajectory_generation/lib:/root/aerostack2_ws/install/as2_behaviors_swarm_flocking/lib:/root/aerostack2_ws/install/as2_behaviors_motion/lib:/root/aerostack2_ws/install/as2_motion_reference_handlers/lib:/root/aerostack2_ws/install/as2_map_server/lib:/root/aerostack2_ws/install/as2_gazebo_assets/lib:/root/aerostack2_ws/install/as2_behaviors_perception/lib:/root/aerostack2_ws/install/as2_behaviors_path_planning/lib:/root/aerostack2_ws/install/as2_behavior_tree/lib:/root/aerostack2_ws/install/as2_behavior/lib:/opt/ros/humble/opt/rviz_ogre_vendor/lib:/opt/ros/humble/lib/x86_64-linux-gnu:/opt/ros/humble/lib /usr/bin/cmake --build /root/aerostack2_ws/build/as2_behavior -- -j8 -l8
[1.377s] DEBUG:colcon.colcon_core.event_handler.log_command:Invoking command in '/root/aerostack2_ws/build/as2_gazebo_assets': CMAKE_PREFIX_PATH=/root/aerostack2_ws/install/as2_core:/root/aerostack2_ws/install/as2_msgs:/root/aerostack2_ws/install/rmf_demos_gz_classic:/root/aerostack2_ws/install/rmf_demos_gz:/root/aerostack2_ws/install/rmf_demos:/root/aerostack2_ws/install/rmf_demos_maps:/root/aerostack2_ws/install/aerostack2:/root/aerostack2_ws/install/as2_usb_camera_interface:/root/aerostack2_ws/install/as2_state_estimator:/root/aerostack2_ws/install/as2_rviz_plugins:/root/aerostack2_ws/install/as2_realsense_interface:/root/aerostack2_ws/install/as2_platform_multirotor_simulator:/root/aerostack2_ws/install/as2_platform_gazebo:/root/aerostack2_ws/install/as2_motion_controller:/root/aerostack2_ws/install/as2_behaviors_trajectory_generation:/root/aerostack2_ws/install/as2_behaviors_swarm_flocking:/root/aerostack2_ws/install/as2_behaviors_motion:/root/aerostack2_ws/install/as2_motion_reference_handlers:/root/aerostack2_ws/install/as2_map_server:/root/aerostack2_ws/install/as2_geozones:/root/aerostack2_ws/install/as2_gazebo_assets:/root/aerostack2_ws/install/as2_external_object_to_tf:/root/aerostack2_ws/install/as2_behaviors_platform:/root/aerostack2_ws/install/as2_behaviors_perception:/root/aerostack2_ws/install/as2_behaviors_path_planning:/root/aerostack2_ws/install/as2_behavior_tree:/root/aerostack2_ws/install/as2_behavior:/root/aerostack2_ws/install/as2_alphanumeric_viewer:/root/aerostack2_ws/install/as2_cli:/root/aerostack2_ws/install/rmf_demos_tasks:/root/aerostack2_ws/install/rmf_demos_panel:/root/aerostack2_ws/install/rmf_demos_fleet_adapter:/root/aerostack2_ws/install/rmf_demos_dashboard_resources:/root/aerostack2_ws/install/rmf_demos_bridges:/root/aerostack2_ws/install/rmf_demos_assets:/root/aerostack2_ws/install/as2_visualization:/root/aerostack2_ws/install/as2_keyboard_teleoperation:/root/aerostack2_ws/install/as2_python_api:/root/aerostack2_ws/install/as2_perception:/opt/ros/humble LD_LIBRARY_PATH=/root/aerostack2_ws/install/as2_core/lib:/root/aerostack2_ws/install/as2_msgs/lib:/root/aerostack2_ws/install/as2_state_estimator/lib:/root/aerostack2_ws/install/as2_python_api/lib:/root/aerostack2_ws/install/as2_motion_controller/lib:/root/aerostack2_ws/install/as2_behaviors_trajectory_generation/lib:/root/aerostack2_ws/install/as2_behaviors_swarm_flocking/lib:/root/aerostack2_ws/install/as2_behaviors_motion/lib:/root/aerostack2_ws/install/as2_motion_reference_handlers/lib:/root/aerostack2_ws/install/as2_map_server/lib:/root/aerostack2_ws/install/as2_gazebo_assets/lib:/root/aerostack2_ws/install/as2_behaviors_perception/lib:/root/aerostack2_ws/install/as2_behaviors_path_planning/lib:/root/aerostack2_ws/install/as2_behavior_tree/lib:/root/aerostack2_ws/install/as2_behavior/lib:/opt/ros/humble/opt/rviz_ogre_vendor/lib:/opt/ros/humble/lib/x86_64-linux-gnu:/opt/ros/humble/lib /usr/bin/cmake --build /root/aerostack2_ws/build/as2_gazebo_assets -- -j8 -l8
[1.380s] DEBUG:colcon.colcon_core.event_handler.log_command:Invoking command in '/root/aerostack2_ws/build/as2_alphanumeric_viewer': CMAKE_PREFIX_PATH=/root/aerostack2_ws/install/as2_core:/root/aerostack2_ws/install/as2_msgs:/root/aerostack2_ws/install/rmf_demos_gz_classic:/root/aerostack2_ws/install/rmf_demos_gz:/root/aerostack2_ws/install/rmf_demos:/root/aerostack2_ws/install/rmf_demos_maps:/root/aerostack2_ws/install/aerostack2:/root/aerostack2_ws/install/as2_usb_camera_interface:/root/aerostack2_ws/install/as2_state_estimator:/root/aerostack2_ws/install/as2_rviz_plugins:/root/aerostack2_ws/install/as2_realsense_interface:/root/aerostack2_ws/install/as2_platform_multirotor_simulator:/root/aerostack2_ws/install/as2_platform_gazebo:/root/aerostack2_ws/install/as2_motion_controller:/root/aerostack2_ws/install/as2_behaviors_trajectory_generation:/root/aerostack2_ws/install/as2_behaviors_swarm_flocking:/root/aerostack2_ws/install/as2_behaviors_motion:/root/aerostack2_ws/install/as2_motion_reference_handlers:/root/aerostack2_ws/install/as2_map_server:/root/aerostack2_ws/install/as2_geozones:/root/aerostack2_ws/install/as2_gazebo_assets:/root/aerostack2_ws/install/as2_external_object_to_tf:/root/aerostack2_ws/install/as2_behaviors_platform:/root/aerostack2_ws/install/as2_behaviors_perception:/root/aerostack2_ws/install/as2_behaviors_path_planning:/root/aerostack2_ws/install/as2_behavior_tree:/root/aerostack2_ws/install/as2_behavior:/root/aerostack2_ws/install/as2_alphanumeric_viewer:/root/aerostack2_ws/install/as2_cli:/root/aerostack2_ws/install/rmf_demos_tasks:/root/aerostack2_ws/install/rmf_demos_panel:/root/aerostack2_ws/install/rmf_demos_fleet_adapter:/root/aerostack2_ws/install/rmf_demos_dashboard_resources:/root/aerostack2_ws/install/rmf_demos_bridges:/root/aerostack2_ws/install/rmf_demos_assets:/root/aerostack2_ws/install/as2_visualization:/root/aerostack2_ws/install/as2_keyboard_teleoperation:/root/aerostack2_ws/install/as2_python_api:/root/aerostack2_ws/install/as2_perception:/opt/ros/humble LD_LIBRARY_PATH=/root/aerostack2_ws/install/as2_core/lib:/root/aerostack2_ws/install/as2_msgs/lib:/root/aerostack2_ws/install/as2_state_estimator/lib:/root/aerostack2_ws/install/as2_python_api/lib:/root/aerostack2_ws/install/as2_motion_controller/lib:/root/aerostack2_ws/install/as2_behaviors_trajectory_generation/lib:/root/aerostack2_ws/install/as2_behaviors_swarm_flocking/lib:/root/aerostack2_ws/install/as2_behaviors_motion/lib:/root/aerostack2_ws/install/as2_motion_reference_handlers/lib:/root/aerostack2_ws/install/as2_map_server/lib:/root/aerostack2_ws/install/as2_gazebo_assets/lib:/root/aerostack2_ws/install/as2_behaviors_perception/lib:/root/aerostack2_ws/install/as2_behaviors_path_planning/lib:/root/aerostack2_ws/install/as2_behavior_tree/lib:/root/aerostack2_ws/install/as2_behavior/lib:/opt/ros/humble/opt/rviz_ogre_vendor/lib:/opt/ros/humble/lib/x86_64-linux-gnu:/opt/ros/humble/lib /usr/bin/cmake --build /root/aerostack2_ws/build/as2_alphanumeric_viewer -- -j8 -l8
[1.382s] DEBUG:colcon.colcon_core.event_handler.log_command:Invoking command in '/root/aerostack2_ws/build/as2_behavior_tree': CMAKE_PREFIX_PATH=/root/aerostack2_ws/install/as2_core:/root/aerostack2_ws/install/as2_msgs:/root/aerostack2_ws/install/rmf_demos_gz_classic:/root/aerostack2_ws/install/rmf_demos_gz:/root/aerostack2_ws/install/rmf_demos:/root/aerostack2_ws/install/rmf_demos_maps:/root/aerostack2_ws/install/aerostack2:/root/aerostack2_ws/install/as2_usb_camera_interface:/root/aerostack2_ws/install/as2_state_estimator:/root/aerostack2_ws/install/as2_rviz_plugins:/root/aerostack2_ws/install/as2_realsense_interface:/root/aerostack2_ws/install/as2_platform_multirotor_simulator:/root/aerostack2_ws/install/as2_platform_gazebo:/root/aerostack2_ws/install/as2_motion_controller:/root/aerostack2_ws/install/as2_behaviors_trajectory_generation:/root/aerostack2_ws/install/as2_behaviors_swarm_flocking:/root/aerostack2_ws/install/as2_behaviors_motion:/root/aerostack2_ws/install/as2_motion_reference_handlers:/root/aerostack2_ws/install/as2_map_server:/root/aerostack2_ws/install/as2_geozones:/root/aerostack2_ws/install/as2_gazebo_assets:/root/aerostack2_ws/install/as2_external_object_to_tf:/root/aerostack2_ws/install/as2_behaviors_platform:/root/aerostack2_ws/install/as2_behaviors_perception:/root/aerostack2_ws/install/as2_behaviors_path_planning:/root/aerostack2_ws/install/as2_behavior_tree:/root/aerostack2_ws/install/as2_behavior:/root/aerostack2_ws/install/as2_alphanumeric_viewer:/root/aerostack2_ws/install/as2_cli:/root/aerostack2_ws/install/rmf_demos_tasks:/root/aerostack2_ws/install/rmf_demos_panel:/root/aerostack2_ws/install/rmf_demos_fleet_adapter:/root/aerostack2_ws/install/rmf_demos_dashboard_resources:/root/aerostack2_ws/install/rmf_demos_bridges:/root/aerostack2_ws/install/rmf_demos_assets:/root/aerostack2_ws/install/as2_visualization:/root/aerostack2_ws/install/as2_keyboard_teleoperation:/root/aerostack2_ws/install/as2_python_api:/root/aerostack2_ws/install/as2_perception:/opt/ros/humble LD_LIBRARY_PATH=/root/aerostack2_ws/install/as2_core/lib:/root/aerostack2_ws/install/as2_msgs/lib:/root/aerostack2_ws/install/as2_state_estimator/lib:/root/aerostack2_ws/install/as2_python_api/lib:/root/aerostack2_ws/install/as2_motion_controller/lib:/root/aerostack2_ws/install/as2_behaviors_trajectory_generation/lib:/root/aerostack2_ws/install/as2_behaviors_swarm_flocking/lib:/root/aerostack2_ws/install/as2_behaviors_motion/lib:/root/aerostack2_ws/install/as2_motion_reference_handlers/lib:/root/aerostack2_ws/install/as2_map_server/lib:/root/aerostack2_ws/install/as2_gazebo_assets/lib:/root/aerostack2_ws/install/as2_behaviors_perception/lib:/root/aerostack2_ws/install/as2_behaviors_path_planning/lib:/root/aerostack2_ws/install/as2_behavior_tree/lib:/root/aerostack2_ws/install/as2_behavior/lib:/opt/ros/humble/opt/rviz_ogre_vendor/lib:/opt/ros/humble/lib/x86_64-linux-gnu:/opt/ros/humble/lib /usr/bin/cmake --build /root/aerostack2_ws/build/as2_behavior_tree -- -j8 -l8
[1.391s] DEBUG:colcon.colcon_core.event_handler.log_command:Invoking command in '/root/aerostack2_ws/build/as2_external_object_to_tf': CMAKE_PREFIX_PATH=/root/aerostack2_ws/install/as2_core:/root/aerostack2_ws/install/as2_msgs:/root/aerostack2_ws/install/rmf_demos_gz_classic:/root/aerostack2_ws/install/rmf_demos_gz:/root/aerostack2_ws/install/rmf_demos:/root/aerostack2_ws/install/rmf_demos_maps:/root/aerostack2_ws/install/aerostack2:/root/aerostack2_ws/install/as2_usb_camera_interface:/root/aerostack2_ws/install/as2_state_estimator:/root/aerostack2_ws/install/as2_rviz_plugins:/root/aerostack2_ws/install/as2_realsense_interface:/root/aerostack2_ws/install/as2_platform_multirotor_simulator:/root/aerostack2_ws/install/as2_platform_gazebo:/root/aerostack2_ws/install/as2_motion_controller:/root/aerostack2_ws/install/as2_behaviors_trajectory_generation:/root/aerostack2_ws/install/as2_behaviors_swarm_flocking:/root/aerostack2_ws/install/as2_behaviors_motion:/root/aerostack2_ws/install/as2_motion_reference_handlers:/root/aerostack2_ws/install/as2_map_server:/root/aerostack2_ws/install/as2_geozones:/root/aerostack2_ws/install/as2_gazebo_assets:/root/aerostack2_ws/install/as2_external_object_to_tf:/root/aerostack2_ws/install/as2_behaviors_platform:/root/aerostack2_ws/install/as2_behaviors_perception:/root/aerostack2_ws/install/as2_behaviors_path_planning:/root/aerostack2_ws/install/as2_behavior_tree:/root/aerostack2_ws/install/as2_behavior:/root/aerostack2_ws/install/as2_alphanumeric_viewer:/root/aerostack2_ws/install/as2_cli:/root/aerostack2_ws/install/rmf_demos_tasks:/root/aerostack2_ws/install/rmf_demos_panel:/root/aerostack2_ws/install/rmf_demos_fleet_adapter:/root/aerostack2_ws/install/rmf_demos_dashboard_resources:/root/aerostack2_ws/install/rmf_demos_bridges:/root/aerostack2_ws/install/rmf_demos_assets:/root/aerostack2_ws/install/as2_visualization:/root/aerostack2_ws/install/as2_keyboard_teleoperation:/root/aerostack2_ws/install/as2_python_api:/root/aerostack2_ws/install/as2_perception:/opt/ros/humble LD_LIBRARY_PATH=/root/aerostack2_ws/install/as2_core/lib:/root/aerostack2_ws/install/as2_msgs/lib:/root/aerostack2_ws/install/as2_state_estimator/lib:/root/aerostack2_ws/install/as2_python_api/lib:/root/aerostack2_ws/install/as2_motion_controller/lib:/root/aerostack2_ws/install/as2_behaviors_trajectory_generation/lib:/root/aerostack2_ws/install/as2_behaviors_swarm_flocking/lib:/root/aerostack2_ws/install/as2_behaviors_motion/lib:/root/aerostack2_ws/install/as2_motion_reference_handlers/lib:/root/aerostack2_ws/install/as2_map_server/lib:/root/aerostack2_ws/install/as2_gazebo_assets/lib:/root/aerostack2_ws/install/as2_behaviors_perception/lib:/root/aerostack2_ws/install/as2_behaviors_path_planning/lib:/root/aerostack2_ws/install/as2_behavior_tree/lib:/root/aerostack2_ws/install/as2_behavior/lib:/opt/ros/humble/opt/rviz_ogre_vendor/lib:/opt/ros/humble/lib/x86_64-linux-gnu:/opt/ros/humble/lib /usr/bin/cmake --build /root/aerostack2_ws/build/as2_external_object_to_tf -- -j8 -l8
[1.398s] DEBUG:colcon.colcon_core.event_handler.log_command:Invoking command in '/root/aerostack2_ws/build/as2_geozones': CMAKE_PREFIX_PATH=/root/aerostack2_ws/install/as2_core:/root/aerostack2_ws/install/as2_msgs:/root/aerostack2_ws/install/rmf_demos_gz_classic:/root/aerostack2_ws/install/rmf_demos_gz:/root/aerostack2_ws/install/rmf_demos:/root/aerostack2_ws/install/rmf_demos_maps:/root/aerostack2_ws/install/aerostack2:/root/aerostack2_ws/install/as2_usb_camera_interface:/root/aerostack2_ws/install/as2_state_estimator:/root/aerostack2_ws/install/as2_rviz_plugins:/root/aerostack2_ws/install/as2_realsense_interface:/root/aerostack2_ws/install/as2_platform_multirotor_simulator:/root/aerostack2_ws/install/as2_platform_gazebo:/root/aerostack2_ws/install/as2_motion_controller:/root/aerostack2_ws/install/as2_behaviors_trajectory_generation:/root/aerostack2_ws/install/as2_behaviors_swarm_flocking:/root/aerostack2_ws/install/as2_behaviors_motion:/root/aerostack2_ws/install/as2_motion_reference_handlers:/root/aerostack2_ws/install/as2_map_server:/root/aerostack2_ws/install/as2_geozones:/root/aerostack2_ws/install/as2_gazebo_assets:/root/aerostack2_ws/install/as2_external_object_to_tf:/root/aerostack2_ws/install/as2_behaviors_platform:/root/aerostack2_ws/install/as2_behaviors_perception:/root/aerostack2_ws/install/as2_behaviors_path_planning:/root/aerostack2_ws/install/as2_behavior_tree:/root/aerostack2_ws/install/as2_behavior:/root/aerostack2_ws/install/as2_alphanumeric_viewer:/root/aerostack2_ws/install/as2_cli:/root/aerostack2_ws/install/rmf_demos_tasks:/root/aerostack2_ws/install/rmf_demos_panel:/root/aerostack2_ws/install/rmf_demos_fleet_adapter:/root/aerostack2_ws/install/rmf_demos_dashboard_resources:/root/aerostack2_ws/install/rmf_demos_bridges:/root/aerostack2_ws/install/rmf_demos_assets:/root/aerostack2_ws/install/as2_visualization:/root/aerostack2_ws/install/as2_keyboard_teleoperation:/root/aerostack2_ws/install/as2_python_api:/root/aerostack2_ws/install/as2_perception:/opt/ros/humble LD_LIBRARY_PATH=/root/aerostack2_ws/install/as2_core/lib:/root/aerostack2_ws/install/as2_msgs/lib:/root/aerostack2_ws/install/as2_state_estimator/lib:/root/aerostack2_ws/install/as2_python_api/lib:/root/aerostack2_ws/install/as2_motion_controller/lib:/root/aerostack2_ws/install/as2_behaviors_trajectory_generation/lib:/root/aerostack2_ws/install/as2_behaviors_swarm_flocking/lib:/root/aerostack2_ws/install/as2_behaviors_motion/lib:/root/aerostack2_ws/install/as2_motion_reference_handlers/lib:/root/aerostack2_ws/install/as2_map_server/lib:/root/aerostack2_ws/install/as2_gazebo_assets/lib:/root/aerostack2_ws/install/as2_behaviors_perception/lib:/root/aerostack2_ws/install/as2_behaviors_path_planning/lib:/root/aerostack2_ws/install/as2_behavior_tree/lib:/root/aerostack2_ws/install/as2_behavior/lib:/opt/ros/humble/opt/rviz_ogre_vendor/lib:/opt/ros/humble/lib/x86_64-linux-gnu:/opt/ros/humble/lib /usr/bin/cmake --build /root/aerostack2_ws/build/as2_geozones -- -j8 -l8
[1.405s] DEBUG:colcon.colcon_core.event_handler.log_command:Invoking command in '/root/aerostack2_ws/build/as2_map_server': CMAKE_PREFIX_PATH=/root/aerostack2_ws/install/as2_core:/root/aerostack2_ws/install/as2_msgs:/root/aerostack2_ws/install/rmf_demos_gz_classic:/root/aerostack2_ws/install/rmf_demos_gz:/root/aerostack2_ws/install/rmf_demos:/root/aerostack2_ws/install/rmf_demos_maps:/root/aerostack2_ws/install/aerostack2:/root/aerostack2_ws/install/as2_usb_camera_interface:/root/aerostack2_ws/install/as2_state_estimator:/root/aerostack2_ws/install/as2_rviz_plugins:/root/aerostack2_ws/install/as2_realsense_interface:/root/aerostack2_ws/install/as2_platform_multirotor_simulator:/root/aerostack2_ws/install/as2_platform_gazebo:/root/aerostack2_ws/install/as2_motion_controller:/root/aerostack2_ws/install/as2_behaviors_trajectory_generation:/root/aerostack2_ws/install/as2_behaviors_swarm_flocking:/root/aerostack2_ws/install/as2_behaviors_motion:/root/aerostack2_ws/install/as2_motion_reference_handlers:/root/aerostack2_ws/install/as2_map_server:/root/aerostack2_ws/install/as2_geozones:/root/aerostack2_ws/install/as2_gazebo_assets:/root/aerostack2_ws/install/as2_external_object_to_tf:/root/aerostack2_ws/install/as2_behaviors_platform:/root/aerostack2_ws/install/as2_behaviors_perception:/root/aerostack2_ws/install/as2_behaviors_path_planning:/root/aerostack2_ws/install/as2_behavior_tree:/root/aerostack2_ws/install/as2_behavior:/root/aerostack2_ws/install/as2_alphanumeric_viewer:/root/aerostack2_ws/install/as2_cli:/root/aerostack2_ws/install/rmf_demos_tasks:/root/aerostack2_ws/install/rmf_demos_panel:/root/aerostack2_ws/install/rmf_demos_fleet_adapter:/root/aerostack2_ws/install/rmf_demos_dashboard_resources:/root/aerostack2_ws/install/rmf_demos_bridges:/root/aerostack2_ws/install/rmf_demos_assets:/root/aerostack2_ws/install/as2_visualization:/root/aerostack2_ws/install/as2_keyboard_teleoperation:/root/aerostack2_ws/install/as2_python_api:/root/aerostack2_ws/install/as2_perception:/opt/ros/humble LD_LIBRARY_PATH=/root/aerostack2_ws/install/as2_core/lib:/root/aerostack2_ws/install/as2_msgs/lib:/root/aerostack2_ws/install/as2_state_estimator/lib:/root/aerostack2_ws/install/as2_python_api/lib:/root/aerostack2_ws/install/as2_motion_controller/lib:/root/aerostack2_ws/install/as2_behaviors_trajectory_generation/lib:/root/aerostack2_ws/install/as2_behaviors_swarm_flocking/lib:/root/aerostack2_ws/install/as2_behaviors_motion/lib:/root/aerostack2_ws/install/as2_motion_reference_handlers/lib:/root/aerostack2_ws/install/as2_map_server/lib:/root/aerostack2_ws/install/as2_gazebo_assets/lib:/root/aerostack2_ws/install/as2_behaviors_perception/lib:/root/aerostack2_ws/install/as2_behaviors_path_planning/lib:/root/aerostack2_ws/install/as2_behavior_tree/lib:/root/aerostack2_ws/install/as2_behavior/lib:/opt/ros/humble/opt/rviz_ogre_vendor/lib:/opt/ros/humble/lib/x86_64-linux-gnu:/opt/ros/humble/lib /usr/bin/cmake --build /root/aerostack2_ws/build/as2_map_server -- -j8 -l8
[1.715s] DEBUG:colcon.colcon_core.event_handler.log_command:Invoked command in '/root/aerostack2_ws/build/as2_alphanumeric_viewer' returned '0': CMAKE_PREFIX_PATH=/root/aerostack2_ws/install/as2_core:/root/aerostack2_ws/install/as2_msgs:/root/aerostack2_ws/install/rmf_demos_gz_classic:/root/aerostack2_ws/install/rmf_demos_gz:/root/aerostack2_ws/install/rmf_demos:/root/aerostack2_ws/install/rmf_demos_maps:/root/aerostack2_ws/install/aerostack2:/root/aerostack2_ws/install/as2_usb_camera_interface:/root/aerostack2_ws/install/as2_state_estimator:/root/aerostack2_ws/install/as2_rviz_plugins:/root/aerostack2_ws/install/as2_realsense_interface:/root/aerostack2_ws/install/as2_platform_multirotor_simulator:/root/aerostack2_ws/install/as2_platform_gazebo:/root/aerostack2_ws/install/as2_motion_controller:/root/aerostack2_ws/install/as2_behaviors_trajectory_generation:/root/aerostack2_ws/install/as2_behaviors_swarm_flocking:/root/aerostack2_ws/install/as2_behaviors_motion:/root/aerostack2_ws/install/as2_motion_reference_handlers:/root/aerostack2_ws/install/as2_map_server:/root/aerostack2_ws/install/as2_geozones:/root/aerostack2_ws/install/as2_gazebo_assets:/root/aerostack2_ws/install/as2_external_object_to_tf:/root/aerostack2_ws/install/as2_behaviors_platform:/root/aerostack2_ws/install/as2_behaviors_perception:/root/aerostack2_ws/install/as2_behaviors_path_planning:/root/aerostack2_ws/install/as2_behavior_tree:/root/aerostack2_ws/install/as2_behavior:/root/aerostack2_ws/install/as2_alphanumeric_viewer:/root/aerostack2_ws/install/as2_cli:/root/aerostack2_ws/install/rmf_demos_tasks:/root/aerostack2_ws/install/rmf_demos_panel:/root/aerostack2_ws/install/rmf_demos_fleet_adapter:/root/aerostack2_ws/install/rmf_demos_dashboard_resources:/root/aerostack2_ws/install/rmf_demos_bridges:/root/aerostack2_ws/install/rmf_demos_assets:/root/aerostack2_ws/install/as2_visualization:/root/aerostack2_ws/install/as2_keyboard_teleoperation:/root/aerostack2_ws/install/as2_python_api:/root/aerostack2_ws/install/as2_perception:/opt/ros/humble LD_LIBRARY_PATH=/root/aerostack2_ws/install/as2_core/lib:/root/aerostack2_ws/install/as2_msgs/lib:/root/aerostack2_ws/install/as2_state_estimator/lib:/root/aerostack2_ws/install/as2_python_api/lib:/root/aerostack2_ws/install/as2_motion_controller/lib:/root/aerostack2_ws/install/as2_behaviors_trajectory_generation/lib:/root/aerostack2_ws/install/as2_behaviors_swarm_flocking/lib:/root/aerostack2_ws/install/as2_behaviors_motion/lib:/root/aerostack2_ws/install/as2_motion_reference_handlers/lib:/root/aerostack2_ws/install/as2_map_server/lib:/root/aerostack2_ws/install/as2_gazebo_assets/lib:/root/aerostack2_ws/install/as2_behaviors_perception/lib:/root/aerostack2_ws/install/as2_behaviors_path_planning/lib:/root/aerostack2_ws/install/as2_behavior_tree/lib:/root/aerostack2_ws/install/as2_behavior/lib:/opt/ros/humble/opt/rviz_ogre_vendor/lib:/opt/ros/humble/lib/x86_64-linux-gnu:/opt/ros/humble/lib /usr/bin/cmake --build /root/aerostack2_ws/build/as2_alphanumeric_viewer -- -j8 -l8
[1.715s] DEBUG:colcon.colcon_core.event_handler.log_command:Invoking command in '/root/aerostack2_ws/build/as2_alphanumeric_viewer': CMAKE_PREFIX_PATH=/root/aerostack2_ws/install/as2_core:/root/aerostack2_ws/install/as2_msgs:/root/aerostack2_ws/install/rmf_demos_gz_classic:/root/aerostack2_ws/install/rmf_demos_gz:/root/aerostack2_ws/install/rmf_demos:/root/aerostack2_ws/install/rmf_demos_maps:/root/aerostack2_ws/install/aerostack2:/root/aerostack2_ws/install/as2_usb_camera_interface:/root/aerostack2_ws/install/as2_state_estimator:/root/aerostack2_ws/install/as2_rviz_plugins:/root/aerostack2_ws/install/as2_realsense_interface:/root/aerostack2_ws/install/as2_platform_multirotor_simulator:/root/aerostack2_ws/install/as2_platform_gazebo:/root/aerostack2_ws/install/as2_motion_controller:/root/aerostack2_ws/install/as2_behaviors_trajectory_generation:/root/aerostack2_ws/install/as2_behaviors_swarm_flocking:/root/aerostack2_ws/install/as2_behaviors_motion:/root/aerostack2_ws/install/as2_motion_reference_handlers:/root/aerostack2_ws/install/as2_map_server:/root/aerostack2_ws/install/as2_geozones:/root/aerostack2_ws/install/as2_gazebo_assets:/root/aerostack2_ws/install/as2_external_object_to_tf:/root/aerostack2_ws/install/as2_behaviors_platform:/root/aerostack2_ws/install/as2_behaviors_perception:/root/aerostack2_ws/install/as2_behaviors_path_planning:/root/aerostack2_ws/install/as2_behavior_tree:/root/aerostack2_ws/install/as2_behavior:/root/aerostack2_ws/install/as2_alphanumeric_viewer:/root/aerostack2_ws/install/as2_cli:/root/aerostack2_ws/install/rmf_demos_tasks:/root/aerostack2_ws/install/rmf_demos_panel:/root/aerostack2_ws/install/rmf_demos_fleet_adapter:/root/aerostack2_ws/install/rmf_demos_dashboard_resources:/root/aerostack2_ws/install/rmf_demos_bridges:/root/aerostack2_ws/install/rmf_demos_assets:/root/aerostack2_ws/install/as2_visualization:/root/aerostack2_ws/install/as2_keyboard_teleoperation:/root/aerostack2_ws/install/as2_python_api:/root/aerostack2_ws/install/as2_perception:/opt/ros/humble LD_LIBRARY_PATH=/root/aerostack2_ws/install/as2_core/lib:/root/aerostack2_ws/install/as2_msgs/lib:/root/aerostack2_ws/install/as2_state_estimator/lib:/root/aerostack2_ws/install/as2_python_api/lib:/root/aerostack2_ws/install/as2_motion_controller/lib:/root/aerostack2_ws/install/as2_behaviors_trajectory_generation/lib:/root/aerostack2_ws/install/as2_behaviors_swarm_flocking/lib:/root/aerostack2_ws/install/as2_behaviors_motion/lib:/root/aerostack2_ws/install/as2_motion_reference_handlers/lib:/root/aerostack2_ws/install/as2_map_server/lib:/root/aerostack2_ws/install/as2_gazebo_assets/lib:/root/aerostack2_ws/install/as2_behaviors_perception/lib:/root/aerostack2_ws/install/as2_behaviors_path_planning/lib:/root/aerostack2_ws/install/as2_behavior_tree/lib:/root/aerostack2_ws/install/as2_behavior/lib:/opt/ros/humble/opt/rviz_ogre_vendor/lib:/opt/ros/humble/lib/x86_64-linux-gnu:/opt/ros/humble/lib /usr/bin/cmake --install /root/aerostack2_ws/build/as2_alphanumeric_viewer
[1.798s] DEBUG:colcon.colcon_core.event_handler.log_command:Invoked command in '/root/aerostack2_ws/build/as2_external_object_to_tf' returned '0': CMAKE_PREFIX_PATH=/root/aerostack2_ws/install/as2_core:/root/aerostack2_ws/install/as2_msgs:/root/aerostack2_ws/install/rmf_demos_gz_classic:/root/aerostack2_ws/install/rmf_demos_gz:/root/aerostack2_ws/install/rmf_demos:/root/aerostack2_ws/install/rmf_demos_maps:/root/aerostack2_ws/install/aerostack2:/root/aerostack2_ws/install/as2_usb_camera_interface:/root/aerostack2_ws/install/as2_state_estimator:/root/aerostack2_ws/install/as2_rviz_plugins:/root/aerostack2_ws/install/as2_realsense_interface:/root/aerostack2_ws/install/as2_platform_multirotor_simulator:/root/aerostack2_ws/install/as2_platform_gazebo:/root/aerostack2_ws/install/as2_motion_controller:/root/aerostack2_ws/install/as2_behaviors_trajectory_generation:/root/aerostack2_ws/install/as2_behaviors_swarm_flocking:/root/aerostack2_ws/install/as2_behaviors_motion:/root/aerostack2_ws/install/as2_motion_reference_handlers:/root/aerostack2_ws/install/as2_map_server:/root/aerostack2_ws/install/as2_geozones:/root/aerostack2_ws/install/as2_gazebo_assets:/root/aerostack2_ws/install/as2_external_object_to_tf:/root/aerostack2_ws/install/as2_behaviors_platform:/root/aerostack2_ws/install/as2_behaviors_perception:/root/aerostack2_ws/install/as2_behaviors_path_planning:/root/aerostack2_ws/install/as2_behavior_tree:/root/aerostack2_ws/install/as2_behavior:/root/aerostack2_ws/install/as2_alphanumeric_viewer:/root/aerostack2_ws/install/as2_cli:/root/aerostack2_ws/install/rmf_demos_tasks:/root/aerostack2_ws/install/rmf_demos_panel:/root/aerostack2_ws/install/rmf_demos_fleet_adapter:/root/aerostack2_ws/install/rmf_demos_dashboard_resources:/root/aerostack2_ws/install/rmf_demos_bridges:/root/aerostack2_ws/install/rmf_demos_assets:/root/aerostack2_ws/install/as2_visualization:/root/aerostack2_ws/install/as2_keyboard_teleoperation:/root/aerostack2_ws/install/as2_python_api:/root/aerostack2_ws/install/as2_perception:/opt/ros/humble LD_LIBRARY_PATH=/root/aerostack2_ws/install/as2_core/lib:/root/aerostack2_ws/install/as2_msgs/lib:/root/aerostack2_ws/install/as2_state_estimator/lib:/root/aerostack2_ws/install/as2_python_api/lib:/root/aerostack2_ws/install/as2_motion_controller/lib:/root/aerostack2_ws/install/as2_behaviors_trajectory_generation/lib:/root/aerostack2_ws/install/as2_behaviors_swarm_flocking/lib:/root/aerostack2_ws/install/as2_behaviors_motion/lib:/root/aerostack2_ws/install/as2_motion_reference_handlers/lib:/root/aerostack2_ws/install/as2_map_server/lib:/root/aerostack2_ws/install/as2_gazebo_assets/lib:/root/aerostack2_ws/install/as2_behaviors_perception/lib:/root/aerostack2_ws/install/as2_behaviors_path_planning/lib:/root/aerostack2_ws/install/as2_behavior_tree/lib:/root/aerostack2_ws/install/as2_behavior/lib:/opt/ros/humble/opt/rviz_ogre_vendor/lib:/opt/ros/humble/lib/x86_64-linux-gnu:/opt/ros/humble/lib /usr/bin/cmake --build /root/aerostack2_ws/build/as2_external_object_to_tf -- -j8 -l8
[1.801s] DEBUG:colcon.colcon_core.event_handler.log_command:Invoking command in '/root/aerostack2_ws/build/as2_external_object_to_tf': CMAKE_PREFIX_PATH=/root/aerostack2_ws/install/as2_core:/root/aerostack2_ws/install/as2_msgs:/root/aerostack2_ws/install/rmf_demos_gz_classic:/root/aerostack2_ws/install/rmf_demos_gz:/root/aerostack2_ws/install/rmf_demos:/root/aerostack2_ws/install/rmf_demos_maps:/root/aerostack2_ws/install/aerostack2:/root/aerostack2_ws/install/as2_usb_camera_interface:/root/aerostack2_ws/install/as2_state_estimator:/root/aerostack2_ws/install/as2_rviz_plugins:/root/aerostack2_ws/install/as2_realsense_interface:/root/aerostack2_ws/install/as2_platform_multirotor_simulator:/root/aerostack2_ws/install/as2_platform_gazebo:/root/aerostack2_ws/install/as2_motion_controller:/root/aerostack2_ws/install/as2_behaviors_trajectory_generation:/root/aerostack2_ws/install/as2_behaviors_swarm_flocking:/root/aerostack2_ws/install/as2_behaviors_motion:/root/aerostack2_ws/install/as2_motion_reference_handlers:/root/aerostack2_ws/install/as2_map_server:/root/aerostack2_ws/install/as2_geozones:/root/aerostack2_ws/install/as2_gazebo_assets:/root/aerostack2_ws/install/as2_external_object_to_tf:/root/aerostack2_ws/install/as2_behaviors_platform:/root/aerostack2_ws/install/as2_behaviors_perception:/root/aerostack2_ws/install/as2_behaviors_path_planning:/root/aerostack2_ws/install/as2_behavior_tree:/root/aerostack2_ws/install/as2_behavior:/root/aerostack2_ws/install/as2_alphanumeric_viewer:/root/aerostack2_ws/install/as2_cli:/root/aerostack2_ws/install/rmf_demos_tasks:/root/aerostack2_ws/install/rmf_demos_panel:/root/aerostack2_ws/install/rmf_demos_fleet_adapter:/root/aerostack2_ws/install/rmf_demos_dashboard_resources:/root/aerostack2_ws/install/rmf_demos_bridges:/root/aerostack2_ws/install/rmf_demos_assets:/root/aerostack2_ws/install/as2_visualization:/root/aerostack2_ws/install/as2_keyboard_teleoperation:/root/aerostack2_ws/install/as2_python_api:/root/aerostack2_ws/install/as2_perception:/opt/ros/humble LD_LIBRARY_PATH=/root/aerostack2_ws/install/as2_core/lib:/root/aerostack2_ws/install/as2_msgs/lib:/root/aerostack2_ws/install/as2_state_estimator/lib:/root/aerostack2_ws/install/as2_python_api/lib:/root/aerostack2_ws/install/as2_motion_controller/lib:/root/aerostack2_ws/install/as2_behaviors_trajectory_generation/lib:/root/aerostack2_ws/install/as2_behaviors_swarm_flocking/lib:/root/aerostack2_ws/install/as2_behaviors_motion/lib:/root/aerostack2_ws/install/as2_motion_reference_handlers/lib:/root/aerostack2_ws/install/as2_map_server/lib:/root/aerostack2_ws/install/as2_gazebo_assets/lib:/root/aerostack2_ws/install/as2_behaviors_perception/lib:/root/aerostack2_ws/install/as2_behaviors_path_planning/lib:/root/aerostack2_ws/install/as2_behavior_tree/lib:/root/aerostack2_ws/install/as2_behavior/lib:/opt/ros/humble/opt/rviz_ogre_vendor/lib:/opt/ros/humble/lib/x86_64-linux-gnu:/opt/ros/humble/lib /usr/bin/cmake --install /root/aerostack2_ws/build/as2_external_object_to_tf
[1.804s] Level 1:colcon.colcon_core.environment:create_environment_scripts_only(as2_alphanumeric_viewer)
[1.805s] Level 1:colcon.colcon_core.environment:checking '/root/aerostack2_ws/install/as2_alphanumeric_viewer' for CMake module files
[1.805s] Level 1:colcon.colcon_core.environment:checking '/root/aerostack2_ws/install/as2_alphanumeric_viewer' for CMake config files
[1.806s] Level 1:colcon.colcon_core.shell:create_environment_hook('as2_alphanumeric_viewer', 'cmake_prefix_path')
[1.806s] INFO:colcon.colcon_core.shell:Creating environment hook '/root/aerostack2_ws/install/as2_alphanumeric_viewer/share/as2_alphanumeric_viewer/hook/cmake_prefix_path.ps1'
[1.809s] DEBUG:colcon.colcon_core.event_handler.log_command:Invoked command in '/root/aerostack2_ws/build/as2_alphanumeric_viewer' returned '0': CMAKE_PREFIX_PATH=/root/aerostack2_ws/install/as2_core:/root/aerostack2_ws/install/as2_msgs:/root/aerostack2_ws/install/rmf_demos_gz_classic:/root/aerostack2_ws/install/rmf_demos_gz:/root/aerostack2_ws/install/rmf_demos:/root/aerostack2_ws/install/rmf_demos_maps:/root/aerostack2_ws/install/aerostack2:/root/aerostack2_ws/install/as2_usb_camera_interface:/root/aerostack2_ws/install/as2_state_estimator:/root/aerostack2_ws/install/as2_rviz_plugins:/root/aerostack2_ws/install/as2_realsense_interface:/root/aerostack2_ws/install/as2_platform_multirotor_simulator:/root/aerostack2_ws/install/as2_platform_gazebo:/root/aerostack2_ws/install/as2_motion_controller:/root/aerostack2_ws/install/as2_behaviors_trajectory_generation:/root/aerostack2_ws/install/as2_behaviors_swarm_flocking:/root/aerostack2_ws/install/as2_behaviors_motion:/root/aerostack2_ws/install/as2_motion_reference_handlers:/root/aerostack2_ws/install/as2_map_server:/root/aerostack2_ws/install/as2_geozones:/root/aerostack2_ws/install/as2_gazebo_assets:/root/aerostack2_ws/install/as2_external_object_to_tf:/root/aerostack2_ws/install/as2_behaviors_platform:/root/aerostack2_ws/install/as2_behaviors_perception:/root/aerostack2_ws/install/as2_behaviors_path_planning:/root/aerostack2_ws/install/as2_behavior_tree:/root/aerostack2_ws/install/as2_behavior:/root/aerostack2_ws/install/as2_alphanumeric_viewer:/root/aerostack2_ws/install/as2_cli:/root/aerostack2_ws/install/rmf_demos_tasks:/root/aerostack2_ws/install/rmf_demos_panel:/root/aerostack2_ws/install/rmf_demos_fleet_adapter:/root/aerostack2_ws/install/rmf_demos_dashboard_resources:/root/aerostack2_ws/install/rmf_demos_bridges:/root/aerostack2_ws/install/rmf_demos_assets:/root/aerostack2_ws/install/as2_visualization:/root/aerostack2_ws/install/as2_keyboard_teleoperation:/root/aerostack2_ws/install/as2_python_api:/root/aerostack2_ws/install/as2_perception:/opt/ros/humble LD_LIBRARY_PATH=/root/aerostack2_ws/install/as2_core/lib:/root/aerostack2_ws/install/as2_msgs/lib:/root/aerostack2_ws/install/as2_state_estimator/lib:/root/aerostack2_ws/install/as2_python_api/lib:/root/aerostack2_ws/install/as2_motion_controller/lib:/root/aerostack2_ws/install/as2_behaviors_trajectory_generation/lib:/root/aerostack2_ws/install/as2_behaviors_swarm_flocking/lib:/root/aerostack2_ws/install/as2_behaviors_motion/lib:/root/aerostack2_ws/install/as2_motion_reference_handlers/lib:/root/aerostack2_ws/install/as2_map_server/lib:/root/aerostack2_ws/install/as2_gazebo_assets/lib:/root/aerostack2_ws/install/as2_behaviors_perception/lib:/root/aerostack2_ws/install/as2_behaviors_path_planning/lib:/root/aerostack2_ws/install/as2_behavior_tree/lib:/root/aerostack2_ws/install/as2_behavior/lib:/opt/ros/humble/opt/rviz_ogre_vendor/lib:/opt/ros/humble/lib/x86_64-linux-gnu:/opt/ros/humble/lib /usr/bin/cmake --install /root/aerostack2_ws/build/as2_alphanumeric_viewer
[1.810s] INFO:colcon.colcon_core.shell:Creating environment descriptor '/root/aerostack2_ws/install/as2_alphanumeric_viewer/share/as2_alphanumeric_viewer/hook/cmake_prefix_path.dsv'
[1.810s] INFO:colcon.colcon_core.shell:Creating environment hook '/root/aerostack2_ws/install/as2_alphanumeric_viewer/share/as2_alphanumeric_viewer/hook/cmake_prefix_path.sh'
[1.814s] Level 1:colcon.colcon_core.environment:checking '/root/aerostack2_ws/install/as2_alphanumeric_viewer/lib'
[1.814s] Level 1:colcon.colcon_core.environment:checking '/root/aerostack2_ws/install/as2_alphanumeric_viewer/bin'
[1.814s] Level 1:colcon.colcon_core.environment:checking '/root/aerostack2_ws/install/as2_alphanumeric_viewer/lib/pkgconfig/as2_alphanumeric_viewer.pc'
[1.815s] Level 1:colcon.colcon_core.environment:checking '/root/aerostack2_ws/install/as2_alphanumeric_viewer/lib/python3.10/site-packages'
[1.815s] Level 1:colcon.colcon_core.environment:checking '/root/aerostack2_ws/install/as2_alphanumeric_viewer/bin'
[1.815s] INFO:colcon.colcon_core.shell:Creating package script '/root/aerostack2_ws/install/as2_alphanumeric_viewer/share/as2_alphanumeric_viewer/package.ps1'
[1.816s] INFO:colcon.colcon_core.shell:Creating package descriptor '/root/aerostack2_ws/install/as2_alphanumeric_viewer/share/as2_alphanumeric_viewer/package.dsv'
[1.816s] INFO:colcon.colcon_core.shell:Creating package script '/root/aerostack2_ws/install/as2_alphanumeric_viewer/share/as2_alphanumeric_viewer/package.sh'
[1.817s] INFO:colcon.colcon_core.shell:Creating package script '/root/aerostack2_ws/install/as2_alphanumeric_viewer/share/as2_alphanumeric_viewer/package.bash'
[1.817s] INFO:colcon.colcon_core.shell:Creating package script '/root/aerostack2_ws/install/as2_alphanumeric_viewer/share/as2_alphanumeric_viewer/package.zsh'
[1.817s] Level 1:colcon.colcon_core.environment:create_file_with_runtime_dependencies(/root/aerostack2_ws/install/as2_alphanumeric_viewer/share/colcon-core/packages/as2_alphanumeric_viewer)
[1.818s] Level 1:colcon.colcon_core.environment:create_environment_scripts_only(as2_alphanumeric_viewer)
[1.818s] Level 1:colcon.colcon_core.environment:checking '/root/aerostack2_ws/install/as2_alphanumeric_viewer' for CMake module files
[1.819s] Level 1:colcon.colcon_core.environment:checking '/root/aerostack2_ws/install/as2_alphanumeric_viewer' for CMake config files
[1.819s] Level 1:colcon.colcon_core.shell:create_environment_hook('as2_alphanumeric_viewer', 'cmake_prefix_path')
[1.819s] INFO:colcon.colcon_core.shell:Creating environment hook '/root/aerostack2_ws/install/as2_alphanumeric_viewer/share/as2_alphanumeric_viewer/hook/cmake_prefix_path.ps1'
[1.820s] INFO:colcon.colcon_core.shell:Creating environment descriptor '/root/aerostack2_ws/install/as2_alphanumeric_viewer/share/as2_alphanumeric_viewer/hook/cmake_prefix_path.dsv'
[1.820s] INFO:colcon.colcon_core.shell:Creating environment hook '/root/aerostack2_ws/install/as2_alphanumeric_viewer/share/as2_alphanumeric_viewer/hook/cmake_prefix_path.sh'
[1.821s] Level 1:colcon.colcon_core.environment:checking '/root/aerostack2_ws/install/as2_alphanumeric_viewer/lib'
[1.821s] Level 1:colcon.colcon_core.environment:checking '/root/aerostack2_ws/install/as2_alphanumeric_viewer/bin'
[1.821s] Level 1:colcon.colcon_core.environment:checking '/root/aerostack2_ws/install/as2_alphanumeric_viewer/lib/pkgconfig/as2_alphanumeric_viewer.pc'
[1.821s] Level 1:colcon.colcon_core.environment:checking '/root/aerostack2_ws/install/as2_alphanumeric_viewer/lib/python3.10/site-packages'
[1.822s] Level 1:colcon.colcon_core.environment:checking '/root/aerostack2_ws/install/as2_alphanumeric_viewer/bin'
[1.822s] INFO:colcon.colcon_core.shell:Creating package script '/root/aerostack2_ws/install/as2_alphanumeric_viewer/share/as2_alphanumeric_viewer/package.ps1'
[1.823s] INFO:colcon.colcon_core.shell:Creating package descriptor '/root/aerostack2_ws/install/as2_alphanumeric_viewer/share/as2_alphanumeric_viewer/package.dsv'
[1.823s] INFO:colcon.colcon_core.shell:Creating package script '/root/aerostack2_ws/install/as2_alphanumeric_viewer/share/as2_alphanumeric_viewer/package.sh'
[1.824s] INFO:colcon.colcon_core.shell:Creating package script '/root/aerostack2_ws/install/as2_alphanumeric_viewer/share/as2_alphanumeric_viewer/package.bash'
[1.824s] INFO:colcon.colcon_core.shell:Creating package script '/root/aerostack2_ws/install/as2_alphanumeric_viewer/share/as2_alphanumeric_viewer/package.zsh'
[1.825s] Level 1:colcon.colcon_core.environment:create_file_with_runtime_dependencies(/root/aerostack2_ws/install/as2_alphanumeric_viewer/share/colcon-core/packages/as2_alphanumeric_viewer)
[1.826s] INFO:colcon.colcon_ros.task.ament_cmake.build:Building ROS package in '/root/aerostack2_ws/src/aerostack2/as2_aerial_platforms/as2_platform_multirotor_simulator' with build type 'ament_cmake'
[1.827s] INFO:colcon.colcon_cmake.task.cmake.build:Building CMake package in '/root/aerostack2_ws/src/aerostack2/as2_aerial_platforms/as2_platform_multirotor_simulator'
[1.827s] INFO:colcon.colcon_core.shell:Skip shell extension 'powershell' for command environment: Not usable outside of PowerShell
[1.827s] DEBUG:colcon.colcon_core.shell:Skip shell extension 'dsv' for command environment
[1.851s] DEBUG:colcon.colcon_core.event_handler.log_command:Invoked command in '/root/aerostack2_ws/build/as2_geozones' returned '0': CMAKE_PREFIX_PATH=/root/aerostack2_ws/install/as2_core:/root/aerostack2_ws/install/as2_msgs:/root/aerostack2_ws/install/rmf_demos_gz_classic:/root/aerostack2_ws/install/rmf_demos_gz:/root/aerostack2_ws/install/rmf_demos:/root/aerostack2_ws/install/rmf_demos_maps:/root/aerostack2_ws/install/aerostack2:/root/aerostack2_ws/install/as2_usb_camera_interface:/root/aerostack2_ws/install/as2_state_estimator:/root/aerostack2_ws/install/as2_rviz_plugins:/root/aerostack2_ws/install/as2_realsense_interface:/root/aerostack2_ws/install/as2_platform_multirotor_simulator:/root/aerostack2_ws/install/as2_platform_gazebo:/root/aerostack2_ws/install/as2_motion_controller:/root/aerostack2_ws/install/as2_behaviors_trajectory_generation:/root/aerostack2_ws/install/as2_behaviors_swarm_flocking:/root/aerostack2_ws/install/as2_behaviors_motion:/root/aerostack2_ws/install/as2_motion_reference_handlers:/root/aerostack2_ws/install/as2_map_server:/root/aerostack2_ws/install/as2_geozones:/root/aerostack2_ws/install/as2_gazebo_assets:/root/aerostack2_ws/install/as2_external_object_to_tf:/root/aerostack2_ws/install/as2_behaviors_platform:/root/aerostack2_ws/install/as2_behaviors_perception:/root/aerostack2_ws/install/as2_behaviors_path_planning:/root/aerostack2_ws/install/as2_behavior_tree:/root/aerostack2_ws/install/as2_behavior:/root/aerostack2_ws/install/as2_alphanumeric_viewer:/root/aerostack2_ws/install/as2_cli:/root/aerostack2_ws/install/rmf_demos_tasks:/root/aerostack2_ws/install/rmf_demos_panel:/root/aerostack2_ws/install/rmf_demos_fleet_adapter:/root/aerostack2_ws/install/rmf_demos_dashboard_resources:/root/aerostack2_ws/install/rmf_demos_bridges:/root/aerostack2_ws/install/rmf_demos_assets:/root/aerostack2_ws/install/as2_visualization:/root/aerostack2_ws/install/as2_keyboard_teleoperation:/root/aerostack2_ws/install/as2_python_api:/root/aerostack2_ws/install/as2_perception:/opt/ros/humble LD_LIBRARY_PATH=/root/aerostack2_ws/install/as2_core/lib:/root/aerostack2_ws/install/as2_msgs/lib:/root/aerostack2_ws/install/as2_state_estimator/lib:/root/aerostack2_ws/install/as2_python_api/lib:/root/aerostack2_ws/install/as2_motion_controller/lib:/root/aerostack2_ws/install/as2_behaviors_trajectory_generation/lib:/root/aerostack2_ws/install/as2_behaviors_swarm_flocking/lib:/root/aerostack2_ws/install/as2_behaviors_motion/lib:/root/aerostack2_ws/install/as2_motion_reference_handlers/lib:/root/aerostack2_ws/install/as2_map_server/lib:/root/aerostack2_ws/install/as2_gazebo_assets/lib:/root/aerostack2_ws/install/as2_behaviors_perception/lib:/root/aerostack2_ws/install/as2_behaviors_path_planning/lib:/root/aerostack2_ws/install/as2_behavior_tree/lib:/root/aerostack2_ws/install/as2_behavior/lib:/opt/ros/humble/opt/rviz_ogre_vendor/lib:/opt/ros/humble/lib/x86_64-linux-gnu:/opt/ros/humble/lib /usr/bin/cmake --build /root/aerostack2_ws/build/as2_geozones -- -j8 -l8
[1.852s] DEBUG:colcon.colcon_core.event_handler.log_command:Invoking command in '/root/aerostack2_ws/build/as2_geozones': CMAKE_PREFIX_PATH=/root/aerostack2_ws/install/as2_core:/root/aerostack2_ws/install/as2_msgs:/root/aerostack2_ws/install/rmf_demos_gz_classic:/root/aerostack2_ws/install/rmf_demos_gz:/root/aerostack2_ws/install/rmf_demos:/root/aerostack2_ws/install/rmf_demos_maps:/root/aerostack2_ws/install/aerostack2:/root/aerostack2_ws/install/as2_usb_camera_interface:/root/aerostack2_ws/install/as2_state_estimator:/root/aerostack2_ws/install/as2_rviz_plugins:/root/aerostack2_ws/install/as2_realsense_interface:/root/aerostack2_ws/install/as2_platform_multirotor_simulator:/root/aerostack2_ws/install/as2_platform_gazebo:/root/aerostack2_ws/install/as2_motion_controller:/root/aerostack2_ws/install/as2_behaviors_trajectory_generation:/root/aerostack2_ws/install/as2_behaviors_swarm_flocking:/root/aerostack2_ws/install/as2_behaviors_motion:/root/aerostack2_ws/install/as2_motion_reference_handlers:/root/aerostack2_ws/install/as2_map_server:/root/aerostack2_ws/install/as2_geozones:/root/aerostack2_ws/install/as2_gazebo_assets:/root/aerostack2_ws/install/as2_external_object_to_tf:/root/aerostack2_ws/install/as2_behaviors_platform:/root/aerostack2_ws/install/as2_behaviors_perception:/root/aerostack2_ws/install/as2_behaviors_path_planning:/root/aerostack2_ws/install/as2_behavior_tree:/root/aerostack2_ws/install/as2_behavior:/root/aerostack2_ws/install/as2_alphanumeric_viewer:/root/aerostack2_ws/install/as2_cli:/root/aerostack2_ws/install/rmf_demos_tasks:/root/aerostack2_ws/install/rmf_demos_panel:/root/aerostack2_ws/install/rmf_demos_fleet_adapter:/root/aerostack2_ws/install/rmf_demos_dashboard_resources:/root/aerostack2_ws/install/rmf_demos_bridges:/root/aerostack2_ws/install/rmf_demos_assets:/root/aerostack2_ws/install/as2_visualization:/root/aerostack2_ws/install/as2_keyboard_teleoperation:/root/aerostack2_ws/install/as2_python_api:/root/aerostack2_ws/install/as2_perception:/opt/ros/humble LD_LIBRARY_PATH=/root/aerostack2_ws/install/as2_core/lib:/root/aerostack2_ws/install/as2_msgs/lib:/root/aerostack2_ws/install/as2_state_estimator/lib:/root/aerostack2_ws/install/as2_python_api/lib:/root/aerostack2_ws/install/as2_motion_controller/lib:/root/aerostack2_ws/install/as2_behaviors_trajectory_generation/lib:/root/aerostack2_ws/install/as2_behaviors_swarm_flocking/lib:/root/aerostack2_ws/install/as2_behaviors_motion/lib:/root/aerostack2_ws/install/as2_motion_reference_handlers/lib:/root/aerostack2_ws/install/as2_map_server/lib:/root/aerostack2_ws/install/as2_gazebo_assets/lib:/root/aerostack2_ws/install/as2_behaviors_perception/lib:/root/aerostack2_ws/install/as2_behaviors_path_planning/lib:/root/aerostack2_ws/install/as2_behavior_tree/lib:/root/aerostack2_ws/install/as2_behavior/lib:/opt/ros/humble/opt/rviz_ogre_vendor/lib:/opt/ros/humble/lib/x86_64-linux-gnu:/opt/ros/humble/lib /usr/bin/cmake --install /root/aerostack2_ws/build/as2_geozones
[1.866s] DEBUG:colcon.colcon_core.event_handler.log_command:Invoked command in '/root/aerostack2_ws/build/as2_behavior_tree' returned '0': CMAKE_PREFIX_PATH=/root/aerostack2_ws/install/as2_core:/root/aerostack2_ws/install/as2_msgs:/root/aerostack2_ws/install/rmf_demos_gz_classic:/root/aerostack2_ws/install/rmf_demos_gz:/root/aerostack2_ws/install/rmf_demos:/root/aerostack2_ws/install/rmf_demos_maps:/root/aerostack2_ws/install/aerostack2:/root/aerostack2_ws/install/as2_usb_camera_interface:/root/aerostack2_ws/install/as2_state_estimator:/root/aerostack2_ws/install/as2_rviz_plugins:/root/aerostack2_ws/install/as2_realsense_interface:/root/aerostack2_ws/install/as2_platform_multirotor_simulator:/root/aerostack2_ws/install/as2_platform_gazebo:/root/aerostack2_ws/install/as2_motion_controller:/root/aerostack2_ws/install/as2_behaviors_trajectory_generation:/root/aerostack2_ws/install/as2_behaviors_swarm_flocking:/root/aerostack2_ws/install/as2_behaviors_motion:/root/aerostack2_ws/install/as2_motion_reference_handlers:/root/aerostack2_ws/install/as2_map_server:/root/aerostack2_ws/install/as2_geozones:/root/aerostack2_ws/install/as2_gazebo_assets:/root/aerostack2_ws/install/as2_external_object_to_tf:/root/aerostack2_ws/install/as2_behaviors_platform:/root/aerostack2_ws/install/as2_behaviors_perception:/root/aerostack2_ws/install/as2_behaviors_path_planning:/root/aerostack2_ws/install/as2_behavior_tree:/root/aerostack2_ws/install/as2_behavior:/root/aerostack2_ws/install/as2_alphanumeric_viewer:/root/aerostack2_ws/install/as2_cli:/root/aerostack2_ws/install/rmf_demos_tasks:/root/aerostack2_ws/install/rmf_demos_panel:/root/aerostack2_ws/install/rmf_demos_fleet_adapter:/root/aerostack2_ws/install/rmf_demos_dashboard_resources:/root/aerostack2_ws/install/rmf_demos_bridges:/root/aerostack2_ws/install/rmf_demos_assets:/root/aerostack2_ws/install/as2_visualization:/root/aerostack2_ws/install/as2_keyboard_teleoperation:/root/aerostack2_ws/install/as2_python_api:/root/aerostack2_ws/install/as2_perception:/opt/ros/humble LD_LIBRARY_PATH=/root/aerostack2_ws/install/as2_core/lib:/root/aerostack2_ws/install/as2_msgs/lib:/root/aerostack2_ws/install/as2_state_estimator/lib:/root/aerostack2_ws/install/as2_python_api/lib:/root/aerostack2_ws/install/as2_motion_controller/lib:/root/aerostack2_ws/install/as2_behaviors_trajectory_generation/lib:/root/aerostack2_ws/install/as2_behaviors_swarm_flocking/lib:/root/aerostack2_ws/install/as2_behaviors_motion/lib:/root/aerostack2_ws/install/as2_motion_reference_handlers/lib:/root/aerostack2_ws/install/as2_map_server/lib:/root/aerostack2_ws/install/as2_gazebo_assets/lib:/root/aerostack2_ws/install/as2_behaviors_perception/lib:/root/aerostack2_ws/install/as2_behaviors_path_planning/lib:/root/aerostack2_ws/install/as2_behavior_tree/lib:/root/aerostack2_ws/install/as2_behavior/lib:/opt/ros/humble/opt/rviz_ogre_vendor/lib:/opt/ros/humble/lib/x86_64-linux-gnu:/opt/ros/humble/lib /usr/bin/cmake --build /root/aerostack2_ws/build/as2_behavior_tree -- -j8 -l8
[1.866s] DEBUG:colcon.colcon_core.event_handler.log_command:Invoking command in '/root/aerostack2_ws/build/as2_behavior_tree': CMAKE_PREFIX_PATH=/root/aerostack2_ws/install/as2_core:/root/aerostack2_ws/install/as2_msgs:/root/aerostack2_ws/install/rmf_demos_gz_classic:/root/aerostack2_ws/install/rmf_demos_gz:/root/aerostack2_ws/install/rmf_demos:/root/aerostack2_ws/install/rmf_demos_maps:/root/aerostack2_ws/install/aerostack2:/root/aerostack2_ws/install/as2_usb_camera_interface:/root/aerostack2_ws/install/as2_state_estimator:/root/aerostack2_ws/install/as2_rviz_plugins:/root/aerostack2_ws/install/as2_realsense_interface:/root/aerostack2_ws/install/as2_platform_multirotor_simulator:/root/aerostack2_ws/install/as2_platform_gazebo:/root/aerostack2_ws/install/as2_motion_controller:/root/aerostack2_ws/install/as2_behaviors_trajectory_generation:/root/aerostack2_ws/install/as2_behaviors_swarm_flocking:/root/aerostack2_ws/install/as2_behaviors_motion:/root/aerostack2_ws/install/as2_motion_reference_handlers:/root/aerostack2_ws/install/as2_map_server:/root/aerostack2_ws/install/as2_geozones:/root/aerostack2_ws/install/as2_gazebo_assets:/root/aerostack2_ws/install/as2_external_object_to_tf:/root/aerostack2_ws/install/as2_behaviors_platform:/root/aerostack2_ws/install/as2_behaviors_perception:/root/aerostack2_ws/install/as2_behaviors_path_planning:/root/aerostack2_ws/install/as2_behavior_tree:/root/aerostack2_ws/install/as2_behavior:/root/aerostack2_ws/install/as2_alphanumeric_viewer:/root/aerostack2_ws/install/as2_cli:/root/aerostack2_ws/install/rmf_demos_tasks:/root/aerostack2_ws/install/rmf_demos_panel:/root/aerostack2_ws/install/rmf_demos_fleet_adapter:/root/aerostack2_ws/install/rmf_demos_dashboard_resources:/root/aerostack2_ws/install/rmf_demos_bridges:/root/aerostack2_ws/install/rmf_demos_assets:/root/aerostack2_ws/install/as2_visualization:/root/aerostack2_ws/install/as2_keyboard_teleoperation:/root/aerostack2_ws/install/as2_python_api:/root/aerostack2_ws/install/as2_perception:/opt/ros/humble LD_LIBRARY_PATH=/root/aerostack2_ws/install/as2_core/lib:/root/aerostack2_ws/install/as2_msgs/lib:/root/aerostack2_ws/install/as2_state_estimator/lib:/root/aerostack2_ws/install/as2_python_api/lib:/root/aerostack2_ws/install/as2_motion_controller/lib:/root/aerostack2_ws/install/as2_behaviors_trajectory_generation/lib:/root/aerostack2_ws/install/as2_behaviors_swarm_flocking/lib:/root/aerostack2_ws/install/as2_behaviors_motion/lib:/root/aerostack2_ws/install/as2_motion_reference_handlers/lib:/root/aerostack2_ws/install/as2_map_server/lib:/root/aerostack2_ws/install/as2_gazebo_assets/lib:/root/aerostack2_ws/install/as2_behaviors_perception/lib:/root/aerostack2_ws/install/as2_behaviors_path_planning/lib:/root/aerostack2_ws/install/as2_behavior_tree/lib:/root/aerostack2_ws/install/as2_behavior/lib:/opt/ros/humble/opt/rviz_ogre_vendor/lib:/opt/ros/humble/lib/x86_64-linux-gnu:/opt/ros/humble/lib /usr/bin/cmake --install /root/aerostack2_ws/build/as2_behavior_tree
[1.869s] DEBUG:colcon.colcon_core.event_handler.log_command:Invoked command in '/root/aerostack2_ws/build/as2_map_server' returned '0': CMAKE_PREFIX_PATH=/root/aerostack2_ws/install/as2_core:/root/aerostack2_ws/install/as2_msgs:/root/aerostack2_ws/install/rmf_demos_gz_classic:/root/aerostack2_ws/install/rmf_demos_gz:/root/aerostack2_ws/install/rmf_demos:/root/aerostack2_ws/install/rmf_demos_maps:/root/aerostack2_ws/install/aerostack2:/root/aerostack2_ws/install/as2_usb_camera_interface:/root/aerostack2_ws/install/as2_state_estimator:/root/aerostack2_ws/install/as2_rviz_plugins:/root/aerostack2_ws/install/as2_realsense_interface:/root/aerostack2_ws/install/as2_platform_multirotor_simulator:/root/aerostack2_ws/install/as2_platform_gazebo:/root/aerostack2_ws/install/as2_motion_controller:/root/aerostack2_ws/install/as2_behaviors_trajectory_generation:/root/aerostack2_ws/install/as2_behaviors_swarm_flocking:/root/aerostack2_ws/install/as2_behaviors_motion:/root/aerostack2_ws/install/as2_motion_reference_handlers:/root/aerostack2_ws/install/as2_map_server:/root/aerostack2_ws/install/as2_geozones:/root/aerostack2_ws/install/as2_gazebo_assets:/root/aerostack2_ws/install/as2_external_object_to_tf:/root/aerostack2_ws/install/as2_behaviors_platform:/root/aerostack2_ws/install/as2_behaviors_perception:/root/aerostack2_ws/install/as2_behaviors_path_planning:/root/aerostack2_ws/install/as2_behavior_tree:/root/aerostack2_ws/install/as2_behavior:/root/aerostack2_ws/install/as2_alphanumeric_viewer:/root/aerostack2_ws/install/as2_cli:/root/aerostack2_ws/install/rmf_demos_tasks:/root/aerostack2_ws/install/rmf_demos_panel:/root/aerostack2_ws/install/rmf_demos_fleet_adapter:/root/aerostack2_ws/install/rmf_demos_dashboard_resources:/root/aerostack2_ws/install/rmf_demos_bridges:/root/aerostack2_ws/install/rmf_demos_assets:/root/aerostack2_ws/install/as2_visualization:/root/aerostack2_ws/install/as2_keyboard_teleoperation:/root/aerostack2_ws/install/as2_python_api:/root/aerostack2_ws/install/as2_perception:/opt/ros/humble LD_LIBRARY_PATH=/root/aerostack2_ws/install/as2_core/lib:/root/aerostack2_ws/install/as2_msgs/lib:/root/aerostack2_ws/install/as2_state_estimator/lib:/root/aerostack2_ws/install/as2_python_api/lib:/root/aerostack2_ws/install/as2_motion_controller/lib:/root/aerostack2_ws/install/as2_behaviors_trajectory_generation/lib:/root/aerostack2_ws/install/as2_behaviors_swarm_flocking/lib:/root/aerostack2_ws/install/as2_behaviors_motion/lib:/root/aerostack2_ws/install/as2_motion_reference_handlers/lib:/root/aerostack2_ws/install/as2_map_server/lib:/root/aerostack2_ws/install/as2_gazebo_assets/lib:/root/aerostack2_ws/install/as2_behaviors_perception/lib:/root/aerostack2_ws/install/as2_behaviors_path_planning/lib:/root/aerostack2_ws/install/as2_behavior_tree/lib:/root/aerostack2_ws/install/as2_behavior/lib:/opt/ros/humble/opt/rviz_ogre_vendor/lib:/opt/ros/humble/lib/x86_64-linux-gnu:/opt/ros/humble/lib /usr/bin/cmake --build /root/aerostack2_ws/build/as2_map_server -- -j8 -l8
[1.881s] DEBUG:colcon.colcon_core.event_handler.log_command:Invoking command in '/root/aerostack2_ws/build/as2_map_server': CMAKE_PREFIX_PATH=/root/aerostack2_ws/install/as2_core:/root/aerostack2_ws/install/as2_msgs:/root/aerostack2_ws/install/rmf_demos_gz_classic:/root/aerostack2_ws/install/rmf_demos_gz:/root/aerostack2_ws/install/rmf_demos:/root/aerostack2_ws/install/rmf_demos_maps:/root/aerostack2_ws/install/aerostack2:/root/aerostack2_ws/install/as2_usb_camera_interface:/root/aerostack2_ws/install/as2_state_estimator:/root/aerostack2_ws/install/as2_rviz_plugins:/root/aerostack2_ws/install/as2_realsense_interface:/root/aerostack2_ws/install/as2_platform_multirotor_simulator:/root/aerostack2_ws/install/as2_platform_gazebo:/root/aerostack2_ws/install/as2_motion_controller:/root/aerostack2_ws/install/as2_behaviors_trajectory_generation:/root/aerostack2_ws/install/as2_behaviors_swarm_flocking:/root/aerostack2_ws/install/as2_behaviors_motion:/root/aerostack2_ws/install/as2_motion_reference_handlers:/root/aerostack2_ws/install/as2_map_server:/root/aerostack2_ws/install/as2_geozones:/root/aerostack2_ws/install/as2_gazebo_assets:/root/aerostack2_ws/install/as2_external_object_to_tf:/root/aerostack2_ws/install/as2_behaviors_platform:/root/aerostack2_ws/install/as2_behaviors_perception:/root/aerostack2_ws/install/as2_behaviors_path_planning:/root/aerostack2_ws/install/as2_behavior_tree:/root/aerostack2_ws/install/as2_behavior:/root/aerostack2_ws/install/as2_alphanumeric_viewer:/root/aerostack2_ws/install/as2_cli:/root/aerostack2_ws/install/rmf_demos_tasks:/root/aerostack2_ws/install/rmf_demos_panel:/root/aerostack2_ws/install/rmf_demos_fleet_adapter:/root/aerostack2_ws/install/rmf_demos_dashboard_resources:/root/aerostack2_ws/install/rmf_demos_bridges:/root/aerostack2_ws/install/rmf_demos_assets:/root/aerostack2_ws/install/as2_visualization:/root/aerostack2_ws/install/as2_keyboard_teleoperation:/root/aerostack2_ws/install/as2_python_api:/root/aerostack2_ws/install/as2_perception:/opt/ros/humble LD_LIBRARY_PATH=/root/aerostack2_ws/install/as2_core/lib:/root/aerostack2_ws/install/as2_msgs/lib:/root/aerostack2_ws/install/as2_state_estimator/lib:/root/aerostack2_ws/install/as2_python_api/lib:/root/aerostack2_ws/install/as2_motion_controller/lib:/root/aerostack2_ws/install/as2_behaviors_trajectory_generation/lib:/root/aerostack2_ws/install/as2_behaviors_swarm_flocking/lib:/root/aerostack2_ws/install/as2_behaviors_motion/lib:/root/aerostack2_ws/install/as2_motion_reference_handlers/lib:/root/aerostack2_ws/install/as2_map_server/lib:/root/aerostack2_ws/install/as2_gazebo_assets/lib:/root/aerostack2_ws/install/as2_behaviors_perception/lib:/root/aerostack2_ws/install/as2_behaviors_path_planning/lib:/root/aerostack2_ws/install/as2_behavior_tree/lib:/root/aerostack2_ws/install/as2_behavior/lib:/opt/ros/humble/opt/rviz_ogre_vendor/lib:/opt/ros/humble/lib/x86_64-linux-gnu:/opt/ros/humble/lib /usr/bin/cmake --install /root/aerostack2_ws/build/as2_map_server
[1.882s] DEBUG:colcon.colcon_core.event_handler.log_command:Invoked command in '/root/aerostack2_ws/build/as2_behavior' returned '0': CMAKE_PREFIX_PATH=/root/aerostack2_ws/install/as2_core:/root/aerostack2_ws/install/as2_msgs:/root/aerostack2_ws/install/rmf_demos_gz_classic:/root/aerostack2_ws/install/rmf_demos_gz:/root/aerostack2_ws/install/rmf_demos:/root/aerostack2_ws/install/rmf_demos_maps:/root/aerostack2_ws/install/aerostack2:/root/aerostack2_ws/install/as2_usb_camera_interface:/root/aerostack2_ws/install/as2_state_estimator:/root/aerostack2_ws/install/as2_rviz_plugins:/root/aerostack2_ws/install/as2_realsense_interface:/root/aerostack2_ws/install/as2_platform_multirotor_simulator:/root/aerostack2_ws/install/as2_platform_gazebo:/root/aerostack2_ws/install/as2_motion_controller:/root/aerostack2_ws/install/as2_behaviors_trajectory_generation:/root/aerostack2_ws/install/as2_behaviors_swarm_flocking:/root/aerostack2_ws/install/as2_behaviors_motion:/root/aerostack2_ws/install/as2_motion_reference_handlers:/root/aerostack2_ws/install/as2_map_server:/root/aerostack2_ws/install/as2_geozones:/root/aerostack2_ws/install/as2_gazebo_assets:/root/aerostack2_ws/install/as2_external_object_to_tf:/root/aerostack2_ws/install/as2_behaviors_platform:/root/aerostack2_ws/install/as2_behaviors_perception:/root/aerostack2_ws/install/as2_behaviors_path_planning:/root/aerostack2_ws/install/as2_behavior_tree:/root/aerostack2_ws/install/as2_behavior:/root/aerostack2_ws/install/as2_alphanumeric_viewer:/root/aerostack2_ws/install/as2_cli:/root/aerostack2_ws/install/rmf_demos_tasks:/root/aerostack2_ws/install/rmf_demos_panel:/root/aerostack2_ws/install/rmf_demos_fleet_adapter:/root/aerostack2_ws/install/rmf_demos_dashboard_resources:/root/aerostack2_ws/install/rmf_demos_bridges:/root/aerostack2_ws/install/rmf_demos_assets:/root/aerostack2_ws/install/as2_visualization:/root/aerostack2_ws/install/as2_keyboard_teleoperation:/root/aerostack2_ws/install/as2_python_api:/root/aerostack2_ws/install/as2_perception:/opt/ros/humble LD_LIBRARY_PATH=/root/aerostack2_ws/install/as2_core/lib:/root/aerostack2_ws/install/as2_msgs/lib:/root/aerostack2_ws/install/as2_state_estimator/lib:/root/aerostack2_ws/install/as2_python_api/lib:/root/aerostack2_ws/install/as2_motion_controller/lib:/root/aerostack2_ws/install/as2_behaviors_trajectory_generation/lib:/root/aerostack2_ws/install/as2_behaviors_swarm_flocking/lib:/root/aerostack2_ws/install/as2_behaviors_motion/lib:/root/aerostack2_ws/install/as2_motion_reference_handlers/lib:/root/aerostack2_ws/install/as2_map_server/lib:/root/aerostack2_ws/install/as2_gazebo_assets/lib:/root/aerostack2_ws/install/as2_behaviors_perception/lib:/root/aerostack2_ws/install/as2_behaviors_path_planning/lib:/root/aerostack2_ws/install/as2_behavior_tree/lib:/root/aerostack2_ws/install/as2_behavior/lib:/opt/ros/humble/opt/rviz_ogre_vendor/lib:/opt/ros/humble/lib/x86_64-linux-gnu:/opt/ros/humble/lib /usr/bin/cmake --build /root/aerostack2_ws/build/as2_behavior -- -j8 -l8
[1.882s] DEBUG:colcon.colcon_core.event_handler.log_command:Invoking command in '/root/aerostack2_ws/build/as2_behavior': CMAKE_PREFIX_PATH=/root/aerostack2_ws/install/as2_core:/root/aerostack2_ws/install/as2_msgs:/root/aerostack2_ws/install/rmf_demos_gz_classic:/root/aerostack2_ws/install/rmf_demos_gz:/root/aerostack2_ws/install/rmf_demos:/root/aerostack2_ws/install/rmf_demos_maps:/root/aerostack2_ws/install/aerostack2:/root/aerostack2_ws/install/as2_usb_camera_interface:/root/aerostack2_ws/install/as2_state_estimator:/root/aerostack2_ws/install/as2_rviz_plugins:/root/aerostack2_ws/install/as2_realsense_interface:/root/aerostack2_ws/install/as2_platform_multirotor_simulator:/root/aerostack2_ws/install/as2_platform_gazebo:/root/aerostack2_ws/install/as2_motion_controller:/root/aerostack2_ws/install/as2_behaviors_trajectory_generation:/root/aerostack2_ws/install/as2_behaviors_swarm_flocking:/root/aerostack2_ws/install/as2_behaviors_motion:/root/aerostack2_ws/install/as2_motion_reference_handlers:/root/aerostack2_ws/install/as2_map_server:/root/aerostack2_ws/install/as2_geozones:/root/aerostack2_ws/install/as2_gazebo_assets:/root/aerostack2_ws/install/as2_external_object_to_tf:/root/aerostack2_ws/install/as2_behaviors_platform:/root/aerostack2_ws/install/as2_behaviors_perception:/root/aerostack2_ws/install/as2_behaviors_path_planning:/root/aerostack2_ws/install/as2_behavior_tree:/root/aerostack2_ws/install/as2_behavior:/root/aerostack2_ws/install/as2_alphanumeric_viewer:/root/aerostack2_ws/install/as2_cli:/root/aerostack2_ws/install/rmf_demos_tasks:/root/aerostack2_ws/install/rmf_demos_panel:/root/aerostack2_ws/install/rmf_demos_fleet_adapter:/root/aerostack2_ws/install/rmf_demos_dashboard_resources:/root/aerostack2_ws/install/rmf_demos_bridges:/root/aerostack2_ws/install/rmf_demos_assets:/root/aerostack2_ws/install/as2_visualization:/root/aerostack2_ws/install/as2_keyboard_teleoperation:/root/aerostack2_ws/install/as2_python_api:/root/aerostack2_ws/install/as2_perception:/opt/ros/humble LD_LIBRARY_PATH=/root/aerostack2_ws/install/as2_core/lib:/root/aerostack2_ws/install/as2_msgs/lib:/root/aerostack2_ws/install/as2_state_estimator/lib:/root/aerostack2_ws/install/as2_python_api/lib:/root/aerostack2_ws/install/as2_motion_controller/lib:/root/aerostack2_ws/install/as2_behaviors_trajectory_generation/lib:/root/aerostack2_ws/install/as2_behaviors_swarm_flocking/lib:/root/aerostack2_ws/install/as2_behaviors_motion/lib:/root/aerostack2_ws/install/as2_motion_reference_handlers/lib:/root/aerostack2_ws/install/as2_map_server/lib:/root/aerostack2_ws/install/as2_gazebo_assets/lib:/root/aerostack2_ws/install/as2_behaviors_perception/lib:/root/aerostack2_ws/install/as2_behaviors_path_planning/lib:/root/aerostack2_ws/install/as2_behavior_tree/lib:/root/aerostack2_ws/install/as2_behavior/lib:/opt/ros/humble/opt/rviz_ogre_vendor/lib:/opt/ros/humble/lib/x86_64-linux-gnu:/opt/ros/humble/lib /usr/bin/cmake --install /root/aerostack2_ws/build/as2_behavior
[1.890s] Level 1:colcon.colcon_core.environment:create_environment_scripts_only(as2_external_object_to_tf)
[1.890s] Level 1:colcon.colcon_core.environment:checking '/root/aerostack2_ws/install/as2_external_object_to_tf' for CMake module files
[1.893s] Level 1:colcon.colcon_core.environment:checking '/root/aerostack2_ws/install/as2_external_object_to_tf' for CMake config files
[1.894s] Level 1:colcon.colcon_core.shell:create_environment_hook('as2_external_object_to_tf', 'cmake_prefix_path')
[1.895s] INFO:colcon.colcon_core.shell:Creating environment hook '/root/aerostack2_ws/install/as2_external_object_to_tf/share/as2_external_object_to_tf/hook/cmake_prefix_path.ps1'
[1.897s] INFO:colcon.colcon_core.shell:Creating environment descriptor '/root/aerostack2_ws/install/as2_external_object_to_tf/share/as2_external_object_to_tf/hook/cmake_prefix_path.dsv'
[1.898s] INFO:colcon.colcon_core.shell:Creating environment hook '/root/aerostack2_ws/install/as2_external_object_to_tf/share/as2_external_object_to_tf/hook/cmake_prefix_path.sh'
[1.899s] DEBUG:colcon.colcon_core.event_handler.log_command:Invoked command in '/root/aerostack2_ws/build/as2_external_object_to_tf' returned '0': CMAKE_PREFIX_PATH=/root/aerostack2_ws/install/as2_core:/root/aerostack2_ws/install/as2_msgs:/root/aerostack2_ws/install/rmf_demos_gz_classic:/root/aerostack2_ws/install/rmf_demos_gz:/root/aerostack2_ws/install/rmf_demos:/root/aerostack2_ws/install/rmf_demos_maps:/root/aerostack2_ws/install/aerostack2:/root/aerostack2_ws/install/as2_usb_camera_interface:/root/aerostack2_ws/install/as2_state_estimator:/root/aerostack2_ws/install/as2_rviz_plugins:/root/aerostack2_ws/install/as2_realsense_interface:/root/aerostack2_ws/install/as2_platform_multirotor_simulator:/root/aerostack2_ws/install/as2_platform_gazebo:/root/aerostack2_ws/install/as2_motion_controller:/root/aerostack2_ws/install/as2_behaviors_trajectory_generation:/root/aerostack2_ws/install/as2_behaviors_swarm_flocking:/root/aerostack2_ws/install/as2_behaviors_motion:/root/aerostack2_ws/install/as2_motion_reference_handlers:/root/aerostack2_ws/install/as2_map_server:/root/aerostack2_ws/install/as2_geozones:/root/aerostack2_ws/install/as2_gazebo_assets:/root/aerostack2_ws/install/as2_external_object_to_tf:/root/aerostack2_ws/install/as2_behaviors_platform:/root/aerostack2_ws/install/as2_behaviors_perception:/root/aerostack2_ws/install/as2_behaviors_path_planning:/root/aerostack2_ws/install/as2_behavior_tree:/root/aerostack2_ws/install/as2_behavior:/root/aerostack2_ws/install/as2_alphanumeric_viewer:/root/aerostack2_ws/install/as2_cli:/root/aerostack2_ws/install/rmf_demos_tasks:/root/aerostack2_ws/install/rmf_demos_panel:/root/aerostack2_ws/install/rmf_demos_fleet_adapter:/root/aerostack2_ws/install/rmf_demos_dashboard_resources:/root/aerostack2_ws/install/rmf_demos_bridges:/root/aerostack2_ws/install/rmf_demos_assets:/root/aerostack2_ws/install/as2_visualization:/root/aerostack2_ws/install/as2_keyboard_teleoperation:/root/aerostack2_ws/install/as2_python_api:/root/aerostack2_ws/install/as2_perception:/opt/ros/humble LD_LIBRARY_PATH=/root/aerostack2_ws/install/as2_core/lib:/root/aerostack2_ws/install/as2_msgs/lib:/root/aerostack2_ws/install/as2_state_estimator/lib:/root/aerostack2_ws/install/as2_python_api/lib:/root/aerostack2_ws/install/as2_motion_controller/lib:/root/aerostack2_ws/install/as2_behaviors_trajectory_generation/lib:/root/aerostack2_ws/install/as2_behaviors_swarm_flocking/lib:/root/aerostack2_ws/install/as2_behaviors_motion/lib:/root/aerostack2_ws/install/as2_motion_reference_handlers/lib:/root/aerostack2_ws/install/as2_map_server/lib:/root/aerostack2_ws/install/as2_gazebo_assets/lib:/root/aerostack2_ws/install/as2_behaviors_perception/lib:/root/aerostack2_ws/install/as2_behaviors_path_planning/lib:/root/aerostack2_ws/install/as2_behavior_tree/lib:/root/aerostack2_ws/install/as2_behavior/lib:/opt/ros/humble/opt/rviz_ogre_vendor/lib:/opt/ros/humble/lib/x86_64-linux-gnu:/opt/ros/humble/lib /usr/bin/cmake --install /root/aerostack2_ws/build/as2_external_object_to_tf
[1.900s] Level 1:colcon.colcon_core.environment:checking '/root/aerostack2_ws/install/as2_external_object_to_tf/lib'
[1.900s] Level 1:colcon.colcon_core.environment:checking '/root/aerostack2_ws/install/as2_external_object_to_tf/bin'
[1.900s] Level 1:colcon.colcon_core.environment:checking '/root/aerostack2_ws/install/as2_external_object_to_tf/lib/pkgconfig/as2_external_object_to_tf.pc'
[1.901s] Level 1:colcon.colcon_core.environment:checking '/root/aerostack2_ws/install/as2_external_object_to_tf/lib/python3.10/site-packages'
[1.901s] Level 1:colcon.colcon_core.environment:checking '/root/aerostack2_ws/install/as2_external_object_to_tf/bin'
[1.901s] INFO:colcon.colcon_core.shell:Creating package script '/root/aerostack2_ws/install/as2_external_object_to_tf/share/as2_external_object_to_tf/package.ps1'
[1.902s] INFO:colcon.colcon_core.shell:Creating package descriptor '/root/aerostack2_ws/install/as2_external_object_to_tf/share/as2_external_object_to_tf/package.dsv'
[1.902s] INFO:colcon.colcon_core.shell:Creating package script '/root/aerostack2_ws/install/as2_external_object_to_tf/share/as2_external_object_to_tf/package.sh'
[1.903s] INFO:colcon.colcon_core.shell:Creating package script '/root/aerostack2_ws/install/as2_external_object_to_tf/share/as2_external_object_to_tf/package.bash'
[1.907s] INFO:colcon.colcon_core.shell:Creating package script '/root/aerostack2_ws/install/as2_external_object_to_tf/share/as2_external_object_to_tf/package.zsh'
[1.908s] Level 1:colcon.colcon_core.environment:create_file_with_runtime_dependencies(/root/aerostack2_ws/install/as2_external_object_to_tf/share/colcon-core/packages/as2_external_object_to_tf)
[1.910s] Level 1:colcon.colcon_core.environment:create_environment_scripts_only(as2_external_object_to_tf)
[1.910s] Level 1:colcon.colcon_core.environment:checking '/root/aerostack2_ws/install/as2_external_object_to_tf' for CMake module files
[1.911s] Level 1:colcon.colcon_core.environment:checking '/root/aerostack2_ws/install/as2_external_object_to_tf' for CMake config files
[1.911s] Level 1:colcon.colcon_core.shell:create_environment_hook('as2_external_object_to_tf', 'cmake_prefix_path')
[1.912s] INFO:colcon.colcon_core.shell:Creating environment hook '/root/aerostack2_ws/install/as2_external_object_to_tf/share/as2_external_object_to_tf/hook/cmake_prefix_path.ps1'
[1.912s] INFO:colcon.colcon_core.shell:Creating environment descriptor '/root/aerostack2_ws/install/as2_external_object_to_tf/share/as2_external_object_to_tf/hook/cmake_prefix_path.dsv'
[1.913s] INFO:colcon.colcon_core.shell:Creating environment hook '/root/aerostack2_ws/install/as2_external_object_to_tf/share/as2_external_object_to_tf/hook/cmake_prefix_path.sh'
[1.913s] Level 1:colcon.colcon_core.environment:checking '/root/aerostack2_ws/install/as2_external_object_to_tf/lib'
[1.913s] Level 1:colcon.colcon_core.environment:checking '/root/aerostack2_ws/install/as2_external_object_to_tf/bin'
[1.913s] Level 1:colcon.colcon_core.environment:checking '/root/aerostack2_ws/install/as2_external_object_to_tf/lib/pkgconfig/as2_external_object_to_tf.pc'
[1.914s] Level 1:colcon.colcon_core.environment:checking '/root/aerostack2_ws/install/as2_external_object_to_tf/lib/python3.10/site-packages'
[1.914s] Level 1:colcon.colcon_core.environment:checking '/root/aerostack2_ws/install/as2_external_object_to_tf/bin'
[1.915s] INFO:colcon.colcon_core.shell:Creating package script '/root/aerostack2_ws/install/as2_external_object_to_tf/share/as2_external_object_to_tf/package.ps1'
[1.915s] INFO:colcon.colcon_core.shell:Creating package descriptor '/root/aerostack2_ws/install/as2_external_object_to_tf/share/as2_external_object_to_tf/package.dsv'
[1.916s] INFO:colcon.colcon_core.shell:Creating package script '/root/aerostack2_ws/install/as2_external_object_to_tf/share/as2_external_object_to_tf/package.sh'
[1.916s] INFO:colcon.colcon_core.shell:Creating package script '/root/aerostack2_ws/install/as2_external_object_to_tf/share/as2_external_object_to_tf/package.bash'
[1.916s] INFO:colcon.colcon_core.shell:Creating package script '/root/aerostack2_ws/install/as2_external_object_to_tf/share/as2_external_object_to_tf/package.zsh'
[1.917s] Level 1:colcon.colcon_core.environment:create_file_with_runtime_dependencies(/root/aerostack2_ws/install/as2_external_object_to_tf/share/colcon-core/packages/as2_external_object_to_tf)
[1.918s] INFO:colcon.colcon_ros.task.ament_cmake.build:Building ROS package in '/root/aerostack2_ws/src/aerostack2/as2_hardware_drivers/as2_realsense_interface' with build type 'ament_cmake'
[1.918s] INFO:colcon.colcon_cmake.task.cmake.build:Building CMake package in '/root/aerostack2_ws/src/aerostack2/as2_hardware_drivers/as2_realsense_interface'
[1.918s] INFO:colcon.colcon_core.shell:Skip shell extension 'powershell' for command environment: Not usable outside of PowerShell
[1.919s] DEBUG:colcon.colcon_core.shell:Skip shell extension 'dsv' for command environment
[1.930s] DEBUG:colcon.colcon_core.event_handler.log_command:Invoking command in '/root/aerostack2_ws/build/as2_platform_multirotor_simulator': CMAKE_PREFIX_PATH=/root/aerostack2_ws/install/as2_core:/root/aerostack2_ws/install/as2_msgs:/root/aerostack2_ws/install/rmf_demos_gz_classic:/root/aerostack2_ws/install/rmf_demos_gz:/root/aerostack2_ws/install/rmf_demos:/root/aerostack2_ws/install/rmf_demos_maps:/root/aerostack2_ws/install/aerostack2:/root/aerostack2_ws/install/as2_usb_camera_interface:/root/aerostack2_ws/install/as2_state_estimator:/root/aerostack2_ws/install/as2_rviz_plugins:/root/aerostack2_ws/install/as2_realsense_interface:/root/aerostack2_ws/install/as2_platform_multirotor_simulator:/root/aerostack2_ws/install/as2_platform_gazebo:/root/aerostack2_ws/install/as2_motion_controller:/root/aerostack2_ws/install/as2_behaviors_trajectory_generation:/root/aerostack2_ws/install/as2_behaviors_swarm_flocking:/root/aerostack2_ws/install/as2_behaviors_motion:/root/aerostack2_ws/install/as2_motion_reference_handlers:/root/aerostack2_ws/install/as2_map_server:/root/aerostack2_ws/install/as2_geozones:/root/aerostack2_ws/install/as2_gazebo_assets:/root/aerostack2_ws/install/as2_external_object_to_tf:/root/aerostack2_ws/install/as2_behaviors_platform:/root/aerostack2_ws/install/as2_behaviors_perception:/root/aerostack2_ws/install/as2_behaviors_path_planning:/root/aerostack2_ws/install/as2_behavior_tree:/root/aerostack2_ws/install/as2_behavior:/root/aerostack2_ws/install/as2_alphanumeric_viewer:/root/aerostack2_ws/install/as2_cli:/root/aerostack2_ws/install/rmf_demos_tasks:/root/aerostack2_ws/install/rmf_demos_panel:/root/aerostack2_ws/install/rmf_demos_fleet_adapter:/root/aerostack2_ws/install/rmf_demos_dashboard_resources:/root/aerostack2_ws/install/rmf_demos_bridges:/root/aerostack2_ws/install/rmf_demos_assets:/root/aerostack2_ws/install/as2_visualization:/root/aerostack2_ws/install/as2_keyboard_teleoperation:/root/aerostack2_ws/install/as2_python_api:/root/aerostack2_ws/install/as2_perception:/opt/ros/humble LD_LIBRARY_PATH=/root/aerostack2_ws/install/as2_core/lib:/root/aerostack2_ws/install/as2_msgs/lib:/root/aerostack2_ws/install/as2_state_estimator/lib:/root/aerostack2_ws/install/as2_python_api/lib:/root/aerostack2_ws/install/as2_motion_controller/lib:/root/aerostack2_ws/install/as2_behaviors_trajectory_generation/lib:/root/aerostack2_ws/install/as2_behaviors_swarm_flocking/lib:/root/aerostack2_ws/install/as2_behaviors_motion/lib:/root/aerostack2_ws/install/as2_motion_reference_handlers/lib:/root/aerostack2_ws/install/as2_map_server/lib:/root/aerostack2_ws/install/as2_gazebo_assets/lib:/root/aerostack2_ws/install/as2_behaviors_perception/lib:/root/aerostack2_ws/install/as2_behaviors_path_planning/lib:/root/aerostack2_ws/install/as2_behavior_tree/lib:/root/aerostack2_ws/install/as2_behavior/lib:/opt/ros/humble/opt/rviz_ogre_vendor/lib:/opt/ros/humble/lib/x86_64-linux-gnu:/opt/ros/humble/lib /usr/bin/cmake --build /root/aerostack2_ws/build/as2_platform_multirotor_simulator -- -j8 -l8
[1.930s] Level 1:colcon.colcon_core.environment:create_environment_scripts_only(as2_geozones)
[1.931s] Level 1:colcon.colcon_core.environment:checking '/root/aerostack2_ws/install/as2_geozones' for CMake module files
[1.931s] DEBUG:colcon.colcon_core.event_handler.log_command:Invoked command in '/root/aerostack2_ws/build/as2_geozones' returned '0': CMAKE_PREFIX_PATH=/root/aerostack2_ws/install/as2_core:/root/aerostack2_ws/install/as2_msgs:/root/aerostack2_ws/install/rmf_demos_gz_classic:/root/aerostack2_ws/install/rmf_demos_gz:/root/aerostack2_ws/install/rmf_demos:/root/aerostack2_ws/install/rmf_demos_maps:/root/aerostack2_ws/install/aerostack2:/root/aerostack2_ws/install/as2_usb_camera_interface:/root/aerostack2_ws/install/as2_state_estimator:/root/aerostack2_ws/install/as2_rviz_plugins:/root/aerostack2_ws/install/as2_realsense_interface:/root/aerostack2_ws/install/as2_platform_multirotor_simulator:/root/aerostack2_ws/install/as2_platform_gazebo:/root/aerostack2_ws/install/as2_motion_controller:/root/aerostack2_ws/install/as2_behaviors_trajectory_generation:/root/aerostack2_ws/install/as2_behaviors_swarm_flocking:/root/aerostack2_ws/install/as2_behaviors_motion:/root/aerostack2_ws/install/as2_motion_reference_handlers:/root/aerostack2_ws/install/as2_map_server:/root/aerostack2_ws/install/as2_geozones:/root/aerostack2_ws/install/as2_gazebo_assets:/root/aerostack2_ws/install/as2_external_object_to_tf:/root/aerostack2_ws/install/as2_behaviors_platform:/root/aerostack2_ws/install/as2_behaviors_perception:/root/aerostack2_ws/install/as2_behaviors_path_planning:/root/aerostack2_ws/install/as2_behavior_tree:/root/aerostack2_ws/install/as2_behavior:/root/aerostack2_ws/install/as2_alphanumeric_viewer:/root/aerostack2_ws/install/as2_cli:/root/aerostack2_ws/install/rmf_demos_tasks:/root/aerostack2_ws/install/rmf_demos_panel:/root/aerostack2_ws/install/rmf_demos_fleet_adapter:/root/aerostack2_ws/install/rmf_demos_dashboard_resources:/root/aerostack2_ws/install/rmf_demos_bridges:/root/aerostack2_ws/install/rmf_demos_assets:/root/aerostack2_ws/install/as2_visualization:/root/aerostack2_ws/install/as2_keyboard_teleoperation:/root/aerostack2_ws/install/as2_python_api:/root/aerostack2_ws/install/as2_perception:/opt/ros/humble LD_LIBRARY_PATH=/root/aerostack2_ws/install/as2_core/lib:/root/aerostack2_ws/install/as2_msgs/lib:/root/aerostack2_ws/install/as2_state_estimator/lib:/root/aerostack2_ws/install/as2_python_api/lib:/root/aerostack2_ws/install/as2_motion_controller/lib:/root/aerostack2_ws/install/as2_behaviors_trajectory_generation/lib:/root/aerostack2_ws/install/as2_behaviors_swarm_flocking/lib:/root/aerostack2_ws/install/as2_behaviors_motion/lib:/root/aerostack2_ws/install/as2_motion_reference_handlers/lib:/root/aerostack2_ws/install/as2_map_server/lib:/root/aerostack2_ws/install/as2_gazebo_assets/lib:/root/aerostack2_ws/install/as2_behaviors_perception/lib:/root/aerostack2_ws/install/as2_behaviors_path_planning/lib:/root/aerostack2_ws/install/as2_behavior_tree/lib:/root/aerostack2_ws/install/as2_behavior/lib:/opt/ros/humble/opt/rviz_ogre_vendor/lib:/opt/ros/humble/lib/x86_64-linux-gnu:/opt/ros/humble/lib /usr/bin/cmake --install /root/aerostack2_ws/build/as2_geozones
[1.932s] Level 1:colcon.colcon_core.environment:checking '/root/aerostack2_ws/install/as2_geozones' for CMake config files
[1.932s] Level 1:colcon.colcon_core.shell:create_environment_hook('as2_geozones', 'cmake_prefix_path')
[1.932s] INFO:colcon.colcon_core.shell:Creating environment hook '/root/aerostack2_ws/install/as2_geozones/share/as2_geozones/hook/cmake_prefix_path.ps1'
[1.933s] INFO:colcon.colcon_core.shell:Creating environment descriptor '/root/aerostack2_ws/install/as2_geozones/share/as2_geozones/hook/cmake_prefix_path.dsv'
[1.933s] INFO:colcon.colcon_core.shell:Creating environment hook '/root/aerostack2_ws/install/as2_geozones/share/as2_geozones/hook/cmake_prefix_path.sh'
[1.934s] Level 1:colcon.colcon_core.environment:checking '/root/aerostack2_ws/install/as2_geozones/lib'
[1.934s] Level 1:colcon.colcon_core.environment:checking '/root/aerostack2_ws/install/as2_geozones/bin'
[1.934s] Level 1:colcon.colcon_core.environment:checking '/root/aerostack2_ws/install/as2_geozones/lib/pkgconfig/as2_geozones.pc'
[1.934s] Level 1:colcon.colcon_core.environment:checking '/root/aerostack2_ws/install/as2_geozones/lib/python3.10/site-packages'
[1.935s] Level 1:colcon.colcon_core.environment:checking '/root/aerostack2_ws/install/as2_geozones/bin'
[1.935s] INFO:colcon.colcon_core.shell:Creating package script '/root/aerostack2_ws/install/as2_geozones/share/as2_geozones/package.ps1'
[1.935s] INFO:colcon.colcon_core.shell:Creating package descriptor '/root/aerostack2_ws/install/as2_geozones/share/as2_geozones/package.dsv'
[1.936s] INFO:colcon.colcon_core.shell:Creating package script '/root/aerostack2_ws/install/as2_geozones/share/as2_geozones/package.sh'
[1.936s] INFO:colcon.colcon_core.shell:Creating package script '/root/aerostack2_ws/install/as2_geozones/share/as2_geozones/package.bash'
[1.936s] INFO:colcon.colcon_core.shell:Creating package script '/root/aerostack2_ws/install/as2_geozones/share/as2_geozones/package.zsh'
[1.937s] Level 1:colcon.colcon_core.environment:create_file_with_runtime_dependencies(/root/aerostack2_ws/install/as2_geozones/share/colcon-core/packages/as2_geozones)
[1.938s] Level 1:colcon.colcon_core.environment:create_environment_scripts_only(as2_geozones)
[1.938s] Level 1:colcon.colcon_core.environment:checking '/root/aerostack2_ws/install/as2_geozones' for CMake module files
[1.939s] Level 1:colcon.colcon_core.environment:checking '/root/aerostack2_ws/install/as2_geozones' for CMake config files
[1.939s] Level 1:colcon.colcon_core.shell:create_environment_hook('as2_geozones', 'cmake_prefix_path')
[1.939s] INFO:colcon.colcon_core.shell:Creating environment hook '/root/aerostack2_ws/install/as2_geozones/share/as2_geozones/hook/cmake_prefix_path.ps1'
[1.940s] INFO:colcon.colcon_core.shell:Creating environment descriptor '/root/aerostack2_ws/install/as2_geozones/share/as2_geozones/hook/cmake_prefix_path.dsv'
[1.940s] INFO:colcon.colcon_core.shell:Creating environment hook '/root/aerostack2_ws/install/as2_geozones/share/as2_geozones/hook/cmake_prefix_path.sh'
[1.941s] Level 1:colcon.colcon_core.environment:checking '/root/aerostack2_ws/install/as2_geozones/lib'
[1.941s] Level 1:colcon.colcon_core.environment:checking '/root/aerostack2_ws/install/as2_geozones/bin'
[1.941s] Level 1:colcon.colcon_core.environment:checking '/root/aerostack2_ws/install/as2_geozones/lib/pkgconfig/as2_geozones.pc'
[1.941s] Level 1:colcon.colcon_core.environment:checking '/root/aerostack2_ws/install/as2_geozones/lib/python3.10/site-packages'
[1.942s] Level 1:colcon.colcon_core.environment:checking '/root/aerostack2_ws/install/as2_geozones/bin'
[1.942s] INFO:colcon.colcon_core.shell:Creating package script '/root/aerostack2_ws/install/as2_geozones/share/as2_geozones/package.ps1'
[1.943s] INFO:colcon.colcon_core.shell:Creating package descriptor '/root/aerostack2_ws/install/as2_geozones/share/as2_geozones/package.dsv'
[1.943s] INFO:colcon.colcon_core.shell:Creating package script '/root/aerostack2_ws/install/as2_geozones/share/as2_geozones/package.sh'
[1.943s] INFO:colcon.colcon_core.shell:Creating package script '/root/aerostack2_ws/install/as2_geozones/share/as2_geozones/package.bash'
[1.944s] INFO:colcon.colcon_core.shell:Creating package script '/root/aerostack2_ws/install/as2_geozones/share/as2_geozones/package.zsh'
[1.944s] Level 1:colcon.colcon_core.environment:create_file_with_runtime_dependencies(/root/aerostack2_ws/install/as2_geozones/share/colcon-core/packages/as2_geozones)
[1.945s] Level 1:colcon.colcon_core.environment:create_environment_scripts_only(as2_behavior_tree)
[1.945s] Level 1:colcon.colcon_core.environment:checking '/root/aerostack2_ws/install/as2_behavior_tree' for CMake module files
[1.946s] Level 1:colcon.colcon_core.environment:checking '/root/aerostack2_ws/install/as2_behavior_tree' for CMake config files
[1.946s] DEBUG:colcon.colcon_core.event_handler.log_command:Invoked command in '/root/aerostack2_ws/build/as2_behavior_tree' returned '0': CMAKE_PREFIX_PATH=/root/aerostack2_ws/install/as2_core:/root/aerostack2_ws/install/as2_msgs:/root/aerostack2_ws/install/rmf_demos_gz_classic:/root/aerostack2_ws/install/rmf_demos_gz:/root/aerostack2_ws/install/rmf_demos:/root/aerostack2_ws/install/rmf_demos_maps:/root/aerostack2_ws/install/aerostack2:/root/aerostack2_ws/install/as2_usb_camera_interface:/root/aerostack2_ws/install/as2_state_estimator:/root/aerostack2_ws/install/as2_rviz_plugins:/root/aerostack2_ws/install/as2_realsense_interface:/root/aerostack2_ws/install/as2_platform_multirotor_simulator:/root/aerostack2_ws/install/as2_platform_gazebo:/root/aerostack2_ws/install/as2_motion_controller:/root/aerostack2_ws/install/as2_behaviors_trajectory_generation:/root/aerostack2_ws/install/as2_behaviors_swarm_flocking:/root/aerostack2_ws/install/as2_behaviors_motion:/root/aerostack2_ws/install/as2_motion_reference_handlers:/root/aerostack2_ws/install/as2_map_server:/root/aerostack2_ws/install/as2_geozones:/root/aerostack2_ws/install/as2_gazebo_assets:/root/aerostack2_ws/install/as2_external_object_to_tf:/root/aerostack2_ws/install/as2_behaviors_platform:/root/aerostack2_ws/install/as2_behaviors_perception:/root/aerostack2_ws/install/as2_behaviors_path_planning:/root/aerostack2_ws/install/as2_behavior_tree:/root/aerostack2_ws/install/as2_behavior:/root/aerostack2_ws/install/as2_alphanumeric_viewer:/root/aerostack2_ws/install/as2_cli:/root/aerostack2_ws/install/rmf_demos_tasks:/root/aerostack2_ws/install/rmf_demos_panel:/root/aerostack2_ws/install/rmf_demos_fleet_adapter:/root/aerostack2_ws/install/rmf_demos_dashboard_resources:/root/aerostack2_ws/install/rmf_demos_bridges:/root/aerostack2_ws/install/rmf_demos_assets:/root/aerostack2_ws/install/as2_visualization:/root/aerostack2_ws/install/as2_keyboard_teleoperation:/root/aerostack2_ws/install/as2_python_api:/root/aerostack2_ws/install/as2_perception:/opt/ros/humble LD_LIBRARY_PATH=/root/aerostack2_ws/install/as2_core/lib:/root/aerostack2_ws/install/as2_msgs/lib:/root/aerostack2_ws/install/as2_state_estimator/lib:/root/aerostack2_ws/install/as2_python_api/lib:/root/aerostack2_ws/install/as2_motion_controller/lib:/root/aerostack2_ws/install/as2_behaviors_trajectory_generation/lib:/root/aerostack2_ws/install/as2_behaviors_swarm_flocking/lib:/root/aerostack2_ws/install/as2_behaviors_motion/lib:/root/aerostack2_ws/install/as2_motion_reference_handlers/lib:/root/aerostack2_ws/install/as2_map_server/lib:/root/aerostack2_ws/install/as2_gazebo_assets/lib:/root/aerostack2_ws/install/as2_behaviors_perception/lib:/root/aerostack2_ws/install/as2_behaviors_path_planning/lib:/root/aerostack2_ws/install/as2_behavior_tree/lib:/root/aerostack2_ws/install/as2_behavior/lib:/opt/ros/humble/opt/rviz_ogre_vendor/lib:/opt/ros/humble/lib/x86_64-linux-gnu:/opt/ros/humble/lib /usr/bin/cmake --install /root/aerostack2_ws/build/as2_behavior_tree
[1.946s] Level 1:colcon.colcon_core.shell:create_environment_hook('as2_behavior_tree', 'cmake_prefix_path')
[1.947s] INFO:colcon.colcon_core.shell:Creating environment hook '/root/aerostack2_ws/install/as2_behavior_tree/share/as2_behavior_tree/hook/cmake_prefix_path.ps1'
[1.947s] INFO:colcon.colcon_core.shell:Creating environment descriptor '/root/aerostack2_ws/install/as2_behavior_tree/share/as2_behavior_tree/hook/cmake_prefix_path.dsv'
[1.948s] INFO:colcon.colcon_core.shell:Creating environment hook '/root/aerostack2_ws/install/as2_behavior_tree/share/as2_behavior_tree/hook/cmake_prefix_path.sh'
[1.948s] Level 1:colcon.colcon_core.environment:checking '/root/aerostack2_ws/install/as2_behavior_tree/lib'
[1.948s] Level 1:colcon.colcon_core.shell:create_environment_hook('as2_behavior_tree', 'ld_library_path_lib')
[1.948s] INFO:colcon.colcon_core.shell:Creating environment hook '/root/aerostack2_ws/install/as2_behavior_tree/share/as2_behavior_tree/hook/ld_library_path_lib.ps1'
[1.949s] INFO:colcon.colcon_core.shell:Creating environment descriptor '/root/aerostack2_ws/install/as2_behavior_tree/share/as2_behavior_tree/hook/ld_library_path_lib.dsv'
[1.949s] INFO:colcon.colcon_core.shell:Creating environment hook '/root/aerostack2_ws/install/as2_behavior_tree/share/as2_behavior_tree/hook/ld_library_path_lib.sh'
[1.949s] Level 1:colcon.colcon_core.environment:checking '/root/aerostack2_ws/install/as2_behavior_tree/bin'
[1.949s] Level 1:colcon.colcon_core.environment:checking '/root/aerostack2_ws/install/as2_behavior_tree/lib/pkgconfig/as2_behavior_tree.pc'
[1.950s] Level 1:colcon.colcon_core.environment:checking '/root/aerostack2_ws/install/as2_behavior_tree/lib/python3.10/site-packages'
[1.950s] Level 1:colcon.colcon_core.environment:checking '/root/aerostack2_ws/install/as2_behavior_tree/bin'
[1.950s] INFO:colcon.colcon_core.shell:Creating package script '/root/aerostack2_ws/install/as2_behavior_tree/share/as2_behavior_tree/package.ps1'
[1.951s] INFO:colcon.colcon_core.shell:Creating package descriptor '/root/aerostack2_ws/install/as2_behavior_tree/share/as2_behavior_tree/package.dsv'
[1.951s] INFO:colcon.colcon_core.shell:Creating package script '/root/aerostack2_ws/install/as2_behavior_tree/share/as2_behavior_tree/package.sh'
[1.952s] INFO:colcon.colcon_core.shell:Creating package script '/root/aerostack2_ws/install/as2_behavior_tree/share/as2_behavior_tree/package.bash'
[1.952s] INFO:colcon.colcon_core.shell:Creating package script '/root/aerostack2_ws/install/as2_behavior_tree/share/as2_behavior_tree/package.zsh'
[1.953s] Level 1:colcon.colcon_core.environment:create_file_with_runtime_dependencies(/root/aerostack2_ws/install/as2_behavior_tree/share/colcon-core/packages/as2_behavior_tree)
[1.953s] Level 1:colcon.colcon_core.environment:create_environment_scripts_only(as2_behavior_tree)
[1.954s] Level 1:colcon.colcon_core.environment:checking '/root/aerostack2_ws/install/as2_behavior_tree' for CMake module files
[1.954s] Level 1:colcon.colcon_core.environment:checking '/root/aerostack2_ws/install/as2_behavior_tree' for CMake config files
[1.954s] Level 1:colcon.colcon_core.shell:create_environment_hook('as2_behavior_tree', 'cmake_prefix_path')
[1.955s] INFO:colcon.colcon_core.shell:Creating environment hook '/root/aerostack2_ws/install/as2_behavior_tree/share/as2_behavior_tree/hook/cmake_prefix_path.ps1'
[1.955s] INFO:colcon.colcon_core.shell:Creating environment descriptor '/root/aerostack2_ws/install/as2_behavior_tree/share/as2_behavior_tree/hook/cmake_prefix_path.dsv'
[1.955s] INFO:colcon.colcon_core.shell:Creating environment hook '/root/aerostack2_ws/install/as2_behavior_tree/share/as2_behavior_tree/hook/cmake_prefix_path.sh'
[1.956s] Level 1:colcon.colcon_core.environment:checking '/root/aerostack2_ws/install/as2_behavior_tree/lib'
[1.956s] Level 1:colcon.colcon_core.shell:create_environment_hook('as2_behavior_tree', 'ld_library_path_lib')
[1.956s] INFO:colcon.colcon_core.shell:Creating environment hook '/root/aerostack2_ws/install/as2_behavior_tree/share/as2_behavior_tree/hook/ld_library_path_lib.ps1'
[1.957s] INFO:colcon.colcon_core.shell:Creating environment descriptor '/root/aerostack2_ws/install/as2_behavior_tree/share/as2_behavior_tree/hook/ld_library_path_lib.dsv'
[1.957s] INFO:colcon.colcon_core.shell:Creating environment hook '/root/aerostack2_ws/install/as2_behavior_tree/share/as2_behavior_tree/hook/ld_library_path_lib.sh'
[1.957s] Level 1:colcon.colcon_core.environment:checking '/root/aerostack2_ws/install/as2_behavior_tree/bin'
[1.957s] Level 1:colcon.colcon_core.environment:checking '/root/aerostack2_ws/install/as2_behavior_tree/lib/pkgconfig/as2_behavior_tree.pc'
[1.958s] Level 1:colcon.colcon_core.environment:checking '/root/aerostack2_ws/install/as2_behavior_tree/lib/python3.10/site-packages'
[1.958s] Level 1:colcon.colcon_core.environment:checking '/root/aerostack2_ws/install/as2_behavior_tree/bin'
[1.958s] INFO:colcon.colcon_core.shell:Creating package script '/root/aerostack2_ws/install/as2_behavior_tree/share/as2_behavior_tree/package.ps1'
[1.959s] INFO:colcon.colcon_core.shell:Creating package descriptor '/root/aerostack2_ws/install/as2_behavior_tree/share/as2_behavior_tree/package.dsv'
[1.959s] INFO:colcon.colcon_core.shell:Creating package script '/root/aerostack2_ws/install/as2_behavior_tree/share/as2_behavior_tree/package.sh'
[1.960s] INFO:colcon.colcon_core.shell:Creating package script '/root/aerostack2_ws/install/as2_behavior_tree/share/as2_behavior_tree/package.bash'
[1.960s] INFO:colcon.colcon_core.shell:Creating package script '/root/aerostack2_ws/install/as2_behavior_tree/share/as2_behavior_tree/package.zsh'
[1.961s] Level 1:colcon.colcon_core.environment:create_file_with_runtime_dependencies(/root/aerostack2_ws/install/as2_behavior_tree/share/colcon-core/packages/as2_behavior_tree)
[1.962s] Level 1:colcon.colcon_core.environment:create_environment_scripts_only(as2_behavior)
[1.962s] Level 1:colcon.colcon_core.environment:checking '/root/aerostack2_ws/install/as2_behavior' for CMake module files
[1.963s] Level 1:colcon.colcon_core.environment:checking '/root/aerostack2_ws/install/as2_behavior' for CMake config files
[1.963s] Level 1:colcon.colcon_core.shell:create_environment_hook('as2_behavior', 'cmake_prefix_path')
[1.963s] INFO:colcon.colcon_core.shell:Creating environment hook '/root/aerostack2_ws/install/as2_behavior/share/as2_behavior/hook/cmake_prefix_path.ps1'
[1.965s] INFO:colcon.colcon_core.shell:Creating environment descriptor '/root/aerostack2_ws/install/as2_behavior/share/as2_behavior/hook/cmake_prefix_path.dsv'
[1.966s] INFO:colcon.colcon_core.shell:Creating environment hook '/root/aerostack2_ws/install/as2_behavior/share/as2_behavior/hook/cmake_prefix_path.sh'
[1.966s] DEBUG:colcon.colcon_core.event_handler.log_command:Invoked command in '/root/aerostack2_ws/build/as2_behavior' returned '0': CMAKE_PREFIX_PATH=/root/aerostack2_ws/install/as2_core:/root/aerostack2_ws/install/as2_msgs:/root/aerostack2_ws/install/rmf_demos_gz_classic:/root/aerostack2_ws/install/rmf_demos_gz:/root/aerostack2_ws/install/rmf_demos:/root/aerostack2_ws/install/rmf_demos_maps:/root/aerostack2_ws/install/aerostack2:/root/aerostack2_ws/install/as2_usb_camera_interface:/root/aerostack2_ws/install/as2_state_estimator:/root/aerostack2_ws/install/as2_rviz_plugins:/root/aerostack2_ws/install/as2_realsense_interface:/root/aerostack2_ws/install/as2_platform_multirotor_simulator:/root/aerostack2_ws/install/as2_platform_gazebo:/root/aerostack2_ws/install/as2_motion_controller:/root/aerostack2_ws/install/as2_behaviors_trajectory_generation:/root/aerostack2_ws/install/as2_behaviors_swarm_flocking:/root/aerostack2_ws/install/as2_behaviors_motion:/root/aerostack2_ws/install/as2_motion_reference_handlers:/root/aerostack2_ws/install/as2_map_server:/root/aerostack2_ws/install/as2_geozones:/root/aerostack2_ws/install/as2_gazebo_assets:/root/aerostack2_ws/install/as2_external_object_to_tf:/root/aerostack2_ws/install/as2_behaviors_platform:/root/aerostack2_ws/install/as2_behaviors_perception:/root/aerostack2_ws/install/as2_behaviors_path_planning:/root/aerostack2_ws/install/as2_behavior_tree:/root/aerostack2_ws/install/as2_behavior:/root/aerostack2_ws/install/as2_alphanumeric_viewer:/root/aerostack2_ws/install/as2_cli:/root/aerostack2_ws/install/rmf_demos_tasks:/root/aerostack2_ws/install/rmf_demos_panel:/root/aerostack2_ws/install/rmf_demos_fleet_adapter:/root/aerostack2_ws/install/rmf_demos_dashboard_resources:/root/aerostack2_ws/install/rmf_demos_bridges:/root/aerostack2_ws/install/rmf_demos_assets:/root/aerostack2_ws/install/as2_visualization:/root/aerostack2_ws/install/as2_keyboard_teleoperation:/root/aerostack2_ws/install/as2_python_api:/root/aerostack2_ws/install/as2_perception:/opt/ros/humble LD_LIBRARY_PATH=/root/aerostack2_ws/install/as2_core/lib:/root/aerostack2_ws/install/as2_msgs/lib:/root/aerostack2_ws/install/as2_state_estimator/lib:/root/aerostack2_ws/install/as2_python_api/lib:/root/aerostack2_ws/install/as2_motion_controller/lib:/root/aerostack2_ws/install/as2_behaviors_trajectory_generation/lib:/root/aerostack2_ws/install/as2_behaviors_swarm_flocking/lib:/root/aerostack2_ws/install/as2_behaviors_motion/lib:/root/aerostack2_ws/install/as2_motion_reference_handlers/lib:/root/aerostack2_ws/install/as2_map_server/lib:/root/aerostack2_ws/install/as2_gazebo_assets/lib:/root/aerostack2_ws/install/as2_behaviors_perception/lib:/root/aerostack2_ws/install/as2_behaviors_path_planning/lib:/root/aerostack2_ws/install/as2_behavior_tree/lib:/root/aerostack2_ws/install/as2_behavior/lib:/opt/ros/humble/opt/rviz_ogre_vendor/lib:/opt/ros/humble/lib/x86_64-linux-gnu:/opt/ros/humble/lib /usr/bin/cmake --install /root/aerostack2_ws/build/as2_behavior
[1.966s] Level 1:colcon.colcon_core.environment:checking '/root/aerostack2_ws/install/as2_behavior/lib'
[1.966s] Level 1:colcon.colcon_core.shell:create_environment_hook('as2_behavior', 'ld_library_path_lib')
[1.967s] INFO:colcon.colcon_core.shell:Creating environment hook '/root/aerostack2_ws/install/as2_behavior/share/as2_behavior/hook/ld_library_path_lib.ps1'
[1.967s] INFO:colcon.colcon_core.shell:Creating environment descriptor '/root/aerostack2_ws/install/as2_behavior/share/as2_behavior/hook/ld_library_path_lib.dsv'
[1.968s] INFO:colcon.colcon_core.shell:Creating environment hook '/root/aerostack2_ws/install/as2_behavior/share/as2_behavior/hook/ld_library_path_lib.sh'
[1.968s] Level 1:colcon.colcon_core.environment:checking '/root/aerostack2_ws/install/as2_behavior/bin'
[1.968s] Level 1:colcon.colcon_core.environment:checking '/root/aerostack2_ws/install/as2_behavior/lib/pkgconfig/as2_behavior.pc'
[1.968s] Level 1:colcon.colcon_core.environment:checking '/root/aerostack2_ws/install/as2_behavior/lib/python3.10/site-packages'
[1.968s] Level 1:colcon.colcon_core.environment:checking '/root/aerostack2_ws/install/as2_behavior/bin'
[1.969s] INFO:colcon.colcon_core.shell:Creating package script '/root/aerostack2_ws/install/as2_behavior/share/as2_behavior/package.ps1'
[1.969s] INFO:colcon.colcon_core.shell:Creating package descriptor '/root/aerostack2_ws/install/as2_behavior/share/as2_behavior/package.dsv'
[1.969s] INFO:colcon.colcon_core.shell:Creating package script '/root/aerostack2_ws/install/as2_behavior/share/as2_behavior/package.sh'
[1.969s] INFO:colcon.colcon_core.shell:Creating package script '/root/aerostack2_ws/install/as2_behavior/share/as2_behavior/package.bash'
[1.970s] INFO:colcon.colcon_core.shell:Creating package script '/root/aerostack2_ws/install/as2_behavior/share/as2_behavior/package.zsh'
[1.970s] Level 1:colcon.colcon_core.environment:create_file_with_runtime_dependencies(/root/aerostack2_ws/install/as2_behavior/share/colcon-core/packages/as2_behavior)
[1.970s] Level 1:colcon.colcon_core.environment:create_environment_scripts_only(as2_behavior)
[1.971s] Level 1:colcon.colcon_core.environment:checking '/root/aerostack2_ws/install/as2_behavior' for CMake module files
[1.971s] Level 1:colcon.colcon_core.environment:checking '/root/aerostack2_ws/install/as2_behavior' for CMake config files
[1.971s] Level 1:colcon.colcon_core.shell:create_environment_hook('as2_behavior', 'cmake_prefix_path')
[1.971s] INFO:colcon.colcon_core.shell:Creating environment hook '/root/aerostack2_ws/install/as2_behavior/share/as2_behavior/hook/cmake_prefix_path.ps1'
[1.971s] INFO:colcon.colcon_core.shell:Creating environment descriptor '/root/aerostack2_ws/install/as2_behavior/share/as2_behavior/hook/cmake_prefix_path.dsv'
[1.972s] INFO:colcon.colcon_core.shell:Creating environment hook '/root/aerostack2_ws/install/as2_behavior/share/as2_behavior/hook/cmake_prefix_path.sh'
[1.972s] Level 1:colcon.colcon_core.environment:checking '/root/aerostack2_ws/install/as2_behavior/lib'
[1.972s] Level 1:colcon.colcon_core.shell:create_environment_hook('as2_behavior', 'ld_library_path_lib')
[1.972s] INFO:colcon.colcon_core.shell:Creating environment hook '/root/aerostack2_ws/install/as2_behavior/share/as2_behavior/hook/ld_library_path_lib.ps1'
[1.972s] INFO:colcon.colcon_core.shell:Creating environment descriptor '/root/aerostack2_ws/install/as2_behavior/share/as2_behavior/hook/ld_library_path_lib.dsv'
[1.973s] INFO:colcon.colcon_core.shell:Creating environment hook '/root/aerostack2_ws/install/as2_behavior/share/as2_behavior/hook/ld_library_path_lib.sh'
[1.973s] Level 1:colcon.colcon_core.environment:checking '/root/aerostack2_ws/install/as2_behavior/bin'
[1.973s] Level 1:colcon.colcon_core.environment:checking '/root/aerostack2_ws/install/as2_behavior/lib/pkgconfig/as2_behavior.pc'
[1.973s] Level 1:colcon.colcon_core.environment:checking '/root/aerostack2_ws/install/as2_behavior/lib/python3.10/site-packages'
[1.973s] Level 1:colcon.colcon_core.environment:checking '/root/aerostack2_ws/install/as2_behavior/bin'
[1.973s] INFO:colcon.colcon_core.shell:Creating package script '/root/aerostack2_ws/install/as2_behavior/share/as2_behavior/package.ps1'
[1.974s] INFO:colcon.colcon_core.shell:Creating package descriptor '/root/aerostack2_ws/install/as2_behavior/share/as2_behavior/package.dsv'
[1.974s] INFO:colcon.colcon_core.shell:Creating package script '/root/aerostack2_ws/install/as2_behavior/share/as2_behavior/package.sh'
[1.975s] INFO:colcon.colcon_core.shell:Creating package script '/root/aerostack2_ws/install/as2_behavior/share/as2_behavior/package.bash'
[1.975s] INFO:colcon.colcon_core.shell:Creating package script '/root/aerostack2_ws/install/as2_behavior/share/as2_behavior/package.zsh'
[1.975s] Level 1:colcon.colcon_core.environment:create_file_with_runtime_dependencies(/root/aerostack2_ws/install/as2_behavior/share/colcon-core/packages/as2_behavior)
[1.975s] Level 1:colcon.colcon_core.environment:create_environment_scripts_only(as2_map_server)
[1.976s] Level 1:colcon.colcon_core.environment:checking '/root/aerostack2_ws/install/as2_map_server' for CMake module files
[1.976s] DEBUG:colcon.colcon_core.event_handler.log_command:Invoked command in '/root/aerostack2_ws/build/as2_map_server' returned '0': CMAKE_PREFIX_PATH=/root/aerostack2_ws/install/as2_core:/root/aerostack2_ws/install/as2_msgs:/root/aerostack2_ws/install/rmf_demos_gz_classic:/root/aerostack2_ws/install/rmf_demos_gz:/root/aerostack2_ws/install/rmf_demos:/root/aerostack2_ws/install/rmf_demos_maps:/root/aerostack2_ws/install/aerostack2:/root/aerostack2_ws/install/as2_usb_camera_interface:/root/aerostack2_ws/install/as2_state_estimator:/root/aerostack2_ws/install/as2_rviz_plugins:/root/aerostack2_ws/install/as2_realsense_interface:/root/aerostack2_ws/install/as2_platform_multirotor_simulator:/root/aerostack2_ws/install/as2_platform_gazebo:/root/aerostack2_ws/install/as2_motion_controller:/root/aerostack2_ws/install/as2_behaviors_trajectory_generation:/root/aerostack2_ws/install/as2_behaviors_swarm_flocking:/root/aerostack2_ws/install/as2_behaviors_motion:/root/aerostack2_ws/install/as2_motion_reference_handlers:/root/aerostack2_ws/install/as2_map_server:/root/aerostack2_ws/install/as2_geozones:/root/aerostack2_ws/install/as2_gazebo_assets:/root/aerostack2_ws/install/as2_external_object_to_tf:/root/aerostack2_ws/install/as2_behaviors_platform:/root/aerostack2_ws/install/as2_behaviors_perception:/root/aerostack2_ws/install/as2_behaviors_path_planning:/root/aerostack2_ws/install/as2_behavior_tree:/root/aerostack2_ws/install/as2_behavior:/root/aerostack2_ws/install/as2_alphanumeric_viewer:/root/aerostack2_ws/install/as2_cli:/root/aerostack2_ws/install/rmf_demos_tasks:/root/aerostack2_ws/install/rmf_demos_panel:/root/aerostack2_ws/install/rmf_demos_fleet_adapter:/root/aerostack2_ws/install/rmf_demos_dashboard_resources:/root/aerostack2_ws/install/rmf_demos_bridges:/root/aerostack2_ws/install/rmf_demos_assets:/root/aerostack2_ws/install/as2_visualization:/root/aerostack2_ws/install/as2_keyboard_teleoperation:/root/aerostack2_ws/install/as2_python_api:/root/aerostack2_ws/install/as2_perception:/opt/ros/humble LD_LIBRARY_PATH=/root/aerostack2_ws/install/as2_core/lib:/root/aerostack2_ws/install/as2_msgs/lib:/root/aerostack2_ws/install/as2_state_estimator/lib:/root/aerostack2_ws/install/as2_python_api/lib:/root/aerostack2_ws/install/as2_motion_controller/lib:/root/aerostack2_ws/install/as2_behaviors_trajectory_generation/lib:/root/aerostack2_ws/install/as2_behaviors_swarm_flocking/lib:/root/aerostack2_ws/install/as2_behaviors_motion/lib:/root/aerostack2_ws/install/as2_motion_reference_handlers/lib:/root/aerostack2_ws/install/as2_map_server/lib:/root/aerostack2_ws/install/as2_gazebo_assets/lib:/root/aerostack2_ws/install/as2_behaviors_perception/lib:/root/aerostack2_ws/install/as2_behaviors_path_planning/lib:/root/aerostack2_ws/install/as2_behavior_tree/lib:/root/aerostack2_ws/install/as2_behavior/lib:/opt/ros/humble/opt/rviz_ogre_vendor/lib:/opt/ros/humble/lib/x86_64-linux-gnu:/opt/ros/humble/lib /usr/bin/cmake --install /root/aerostack2_ws/build/as2_map_server
[1.977s] Level 1:colcon.colcon_core.environment:checking '/root/aerostack2_ws/install/as2_map_server' for CMake config files
[1.977s] Level 1:colcon.colcon_core.shell:create_environment_hook('as2_map_server', 'cmake_prefix_path')
[1.977s] INFO:colcon.colcon_core.shell:Creating environment hook '/root/aerostack2_ws/install/as2_map_server/share/as2_map_server/hook/cmake_prefix_path.ps1'
[1.978s] INFO:colcon.colcon_core.shell:Creating environment descriptor '/root/aerostack2_ws/install/as2_map_server/share/as2_map_server/hook/cmake_prefix_path.dsv'
[1.978s] INFO:colcon.colcon_core.shell:Creating environment hook '/root/aerostack2_ws/install/as2_map_server/share/as2_map_server/hook/cmake_prefix_path.sh'
[1.979s] Level 1:colcon.colcon_core.environment:checking '/root/aerostack2_ws/install/as2_map_server/lib'
[1.981s] Level 1:colcon.colcon_core.shell:create_environment_hook('as2_map_server', 'ld_library_path_lib')
[1.982s] INFO:colcon.colcon_core.shell:Creating environment hook '/root/aerostack2_ws/install/as2_map_server/share/as2_map_server/hook/ld_library_path_lib.ps1'
[1.983s] INFO:colcon.colcon_core.shell:Creating environment descriptor '/root/aerostack2_ws/install/as2_map_server/share/as2_map_server/hook/ld_library_path_lib.dsv'
[1.983s] INFO:colcon.colcon_core.shell:Creating environment hook '/root/aerostack2_ws/install/as2_map_server/share/as2_map_server/hook/ld_library_path_lib.sh'
[1.984s] Level 1:colcon.colcon_core.environment:checking '/root/aerostack2_ws/install/as2_map_server/bin'
[1.984s] Level 1:colcon.colcon_core.environment:checking '/root/aerostack2_ws/install/as2_map_server/lib/pkgconfig/as2_map_server.pc'
[1.984s] Level 1:colcon.colcon_core.environment:checking '/root/aerostack2_ws/install/as2_map_server/lib/python3.10/site-packages'
[1.985s] Level 1:colcon.colcon_core.environment:checking '/root/aerostack2_ws/install/as2_map_server/bin'
[1.985s] INFO:colcon.colcon_core.shell:Creating package script '/root/aerostack2_ws/install/as2_map_server/share/as2_map_server/package.ps1'
[1.985s] INFO:colcon.colcon_core.shell:Creating package descriptor '/root/aerostack2_ws/install/as2_map_server/share/as2_map_server/package.dsv'
[1.986s] INFO:colcon.colcon_core.shell:Creating package script '/root/aerostack2_ws/install/as2_map_server/share/as2_map_server/package.sh'
[1.986s] INFO:colcon.colcon_core.shell:Creating package script '/root/aerostack2_ws/install/as2_map_server/share/as2_map_server/package.bash'
[1.987s] INFO:colcon.colcon_core.shell:Creating package script '/root/aerostack2_ws/install/as2_map_server/share/as2_map_server/package.zsh'
[1.987s] Level 1:colcon.colcon_core.environment:create_file_with_runtime_dependencies(/root/aerostack2_ws/install/as2_map_server/share/colcon-core/packages/as2_map_server)
[1.987s] Level 1:colcon.colcon_core.environment:create_environment_scripts_only(as2_map_server)
[1.988s] Level 1:colcon.colcon_core.environment:checking '/root/aerostack2_ws/install/as2_map_server' for CMake module files
[1.989s] Level 1:colcon.colcon_core.environment:checking '/root/aerostack2_ws/install/as2_map_server' for CMake config files
[1.990s] Level 1:colcon.colcon_core.shell:create_environment_hook('as2_map_server', 'cmake_prefix_path')
[1.990s] INFO:colcon.colcon_core.shell:Creating environment hook '/root/aerostack2_ws/install/as2_map_server/share/as2_map_server/hook/cmake_prefix_path.ps1'
[1.992s] INFO:colcon.colcon_core.shell:Creating environment descriptor '/root/aerostack2_ws/install/as2_map_server/share/as2_map_server/hook/cmake_prefix_path.dsv'
[1.992s] INFO:colcon.colcon_core.shell:Creating environment hook '/root/aerostack2_ws/install/as2_map_server/share/as2_map_server/hook/cmake_prefix_path.sh'
[1.993s] Level 1:colcon.colcon_core.environment:checking '/root/aerostack2_ws/install/as2_map_server/lib'
[1.994s] Level 1:colcon.colcon_core.shell:create_environment_hook('as2_map_server', 'ld_library_path_lib')
[1.995s] INFO:colcon.colcon_core.shell:Creating environment hook '/root/aerostack2_ws/install/as2_map_server/share/as2_map_server/hook/ld_library_path_lib.ps1'
[1.996s] INFO:colcon.colcon_core.shell:Creating environment descriptor '/root/aerostack2_ws/install/as2_map_server/share/as2_map_server/hook/ld_library_path_lib.dsv'
[1.998s] INFO:colcon.colcon_core.shell:Creating environment hook '/root/aerostack2_ws/install/as2_map_server/share/as2_map_server/hook/ld_library_path_lib.sh'
[1.999s] Level 1:colcon.colcon_core.environment:checking '/root/aerostack2_ws/install/as2_map_server/bin'
[1.999s] Level 1:colcon.colcon_core.environment:checking '/root/aerostack2_ws/install/as2_map_server/lib/pkgconfig/as2_map_server.pc'
[1.999s] Level 1:colcon.colcon_core.environment:checking '/root/aerostack2_ws/install/as2_map_server/lib/python3.10/site-packages'
[2.000s] Level 1:colcon.colcon_core.environment:checking '/root/aerostack2_ws/install/as2_map_server/bin'
[2.000s] INFO:colcon.colcon_core.shell:Creating package script '/root/aerostack2_ws/install/as2_map_server/share/as2_map_server/package.ps1'
[2.001s] INFO:colcon.colcon_core.shell:Creating package descriptor '/root/aerostack2_ws/install/as2_map_server/share/as2_map_server/package.dsv'
[2.002s] INFO:colcon.colcon_core.shell:Creating package script '/root/aerostack2_ws/install/as2_map_server/share/as2_map_server/package.sh'
[2.002s] INFO:colcon.colcon_core.shell:Creating package script '/root/aerostack2_ws/install/as2_map_server/share/as2_map_server/package.bash'
[2.002s] INFO:colcon.colcon_core.shell:Creating package script '/root/aerostack2_ws/install/as2_map_server/share/as2_map_server/package.zsh'
[2.003s] Level 1:colcon.colcon_core.environment:create_file_with_runtime_dependencies(/root/aerostack2_ws/install/as2_map_server/share/colcon-core/packages/as2_map_server)
[2.003s] INFO:colcon.colcon_ros.task.ament_cmake.build:Building ROS package in '/root/aerostack2_ws/src/aerostack2/as2_state_estimator' with build type 'ament_cmake'
[2.004s] INFO:colcon.colcon_cmake.task.cmake.build:Building CMake package in '/root/aerostack2_ws/src/aerostack2/as2_state_estimator'
[2.004s] INFO:colcon.colcon_core.shell:Skip shell extension 'powershell' for command environment: Not usable outside of PowerShell
[2.004s] DEBUG:colcon.colcon_core.shell:Skip shell extension 'dsv' for command environment
[2.020s] INFO:colcon.colcon_ros.task.ament_cmake.build:Building ROS package in '/root/aerostack2_ws/src/aerostack2/as2_hardware_drivers/as2_usb_camera_interface' with build type 'ament_cmake'
[2.021s] INFO:colcon.colcon_cmake.task.cmake.build:Building CMake package in '/root/aerostack2_ws/src/aerostack2/as2_hardware_drivers/as2_usb_camera_interface'
[2.021s] INFO:colcon.colcon_core.shell:Skip shell extension 'powershell' for command environment: Not usable outside of PowerShell
[2.021s] DEBUG:colcon.colcon_core.shell:Skip shell extension 'dsv' for command environment
[2.036s] INFO:colcon.colcon_ros.task.ament_cmake.build:Building ROS package in '/root/aerostack2_ws/src/aerostack2/as2_behaviors/as2_behaviors_path_planning' with build type 'ament_cmake'
[2.036s] INFO:colcon.colcon_cmake.task.cmake.build:Building CMake package in '/root/aerostack2_ws/src/aerostack2/as2_behaviors/as2_behaviors_path_planning'
[2.038s] INFO:colcon.colcon_core.shell:Skip shell extension 'powershell' for command environment: Not usable outside of PowerShell
[2.038s] DEBUG:colcon.colcon_core.shell:Skip shell extension 'dsv' for command environment
[2.051s] INFO:colcon.colcon_ros.task.ament_cmake.build:Building ROS package in '/root/aerostack2_ws/src/aerostack2/as2_behaviors/as2_behaviors_perception' with build type 'ament_cmake'
[2.051s] INFO:colcon.colcon_cmake.task.cmake.build:Building CMake package in '/root/aerostack2_ws/src/aerostack2/as2_behaviors/as2_behaviors_perception'
[2.052s] INFO:colcon.colcon_core.shell:Skip shell extension 'powershell' for command environment: Not usable outside of PowerShell
[2.052s] DEBUG:colcon.colcon_core.shell:Skip shell extension 'dsv' for command environment
[2.082s] DEBUG:colcon.colcon_core.event_handler.log_command:Invoking command in '/root/aerostack2_ws/build/as2_realsense_interface': CMAKE_PREFIX_PATH=/root/aerostack2_ws/install/as2_core:/root/aerostack2_ws/install/as2_msgs:/root/aerostack2_ws/install/rmf_demos_gz_classic:/root/aerostack2_ws/install/rmf_demos_gz:/root/aerostack2_ws/install/rmf_demos:/root/aerostack2_ws/install/rmf_demos_maps:/root/aerostack2_ws/install/aerostack2:/root/aerostack2_ws/install/as2_usb_camera_interface:/root/aerostack2_ws/install/as2_state_estimator:/root/aerostack2_ws/install/as2_rviz_plugins:/root/aerostack2_ws/install/as2_realsense_interface:/root/aerostack2_ws/install/as2_platform_multirotor_simulator:/root/aerostack2_ws/install/as2_platform_gazebo:/root/aerostack2_ws/install/as2_motion_controller:/root/aerostack2_ws/install/as2_behaviors_trajectory_generation:/root/aerostack2_ws/install/as2_behaviors_swarm_flocking:/root/aerostack2_ws/install/as2_behaviors_motion:/root/aerostack2_ws/install/as2_motion_reference_handlers:/root/aerostack2_ws/install/as2_map_server:/root/aerostack2_ws/install/as2_geozones:/root/aerostack2_ws/install/as2_gazebo_assets:/root/aerostack2_ws/install/as2_external_object_to_tf:/root/aerostack2_ws/install/as2_behaviors_platform:/root/aerostack2_ws/install/as2_behaviors_perception:/root/aerostack2_ws/install/as2_behaviors_path_planning:/root/aerostack2_ws/install/as2_behavior_tree:/root/aerostack2_ws/install/as2_behavior:/root/aerostack2_ws/install/as2_alphanumeric_viewer:/root/aerostack2_ws/install/as2_cli:/root/aerostack2_ws/install/rmf_demos_tasks:/root/aerostack2_ws/install/rmf_demos_panel:/root/aerostack2_ws/install/rmf_demos_fleet_adapter:/root/aerostack2_ws/install/rmf_demos_dashboard_resources:/root/aerostack2_ws/install/rmf_demos_bridges:/root/aerostack2_ws/install/rmf_demos_assets:/root/aerostack2_ws/install/as2_visualization:/root/aerostack2_ws/install/as2_keyboard_teleoperation:/root/aerostack2_ws/install/as2_python_api:/root/aerostack2_ws/install/as2_perception:/opt/ros/humble LD_LIBRARY_PATH=/root/aerostack2_ws/install/as2_core/lib:/root/aerostack2_ws/install/as2_msgs/lib:/root/aerostack2_ws/install/as2_state_estimator/lib:/root/aerostack2_ws/install/as2_python_api/lib:/root/aerostack2_ws/install/as2_motion_controller/lib:/root/aerostack2_ws/install/as2_behaviors_trajectory_generation/lib:/root/aerostack2_ws/install/as2_behaviors_swarm_flocking/lib:/root/aerostack2_ws/install/as2_behaviors_motion/lib:/root/aerostack2_ws/install/as2_motion_reference_handlers/lib:/root/aerostack2_ws/install/as2_map_server/lib:/root/aerostack2_ws/install/as2_gazebo_assets/lib:/root/aerostack2_ws/install/as2_behaviors_perception/lib:/root/aerostack2_ws/install/as2_behaviors_path_planning/lib:/root/aerostack2_ws/install/as2_behavior_tree/lib:/root/aerostack2_ws/install/as2_behavior/lib:/opt/ros/humble/opt/rviz_ogre_vendor/lib:/opt/ros/humble/lib/x86_64-linux-gnu:/opt/ros/humble/lib /usr/bin/cmake --build /root/aerostack2_ws/build/as2_realsense_interface -- -j8 -l8
[2.097s] DEBUG:colcon.colcon_core.event_handler.log_command:Invoking command in '/root/aerostack2_ws/build/as2_state_estimator': CMAKE_PREFIX_PATH=/root/aerostack2_ws/install/as2_core:/root/aerostack2_ws/install/as2_msgs:/root/aerostack2_ws/install/rmf_demos_gz_classic:/root/aerostack2_ws/install/rmf_demos_gz:/root/aerostack2_ws/install/rmf_demos:/root/aerostack2_ws/install/rmf_demos_maps:/root/aerostack2_ws/install/aerostack2:/root/aerostack2_ws/install/as2_usb_camera_interface:/root/aerostack2_ws/install/as2_state_estimator:/root/aerostack2_ws/install/as2_rviz_plugins:/root/aerostack2_ws/install/as2_realsense_interface:/root/aerostack2_ws/install/as2_platform_multirotor_simulator:/root/aerostack2_ws/install/as2_platform_gazebo:/root/aerostack2_ws/install/as2_motion_controller:/root/aerostack2_ws/install/as2_behaviors_trajectory_generation:/root/aerostack2_ws/install/as2_behaviors_swarm_flocking:/root/aerostack2_ws/install/as2_behaviors_motion:/root/aerostack2_ws/install/as2_motion_reference_handlers:/root/aerostack2_ws/install/as2_map_server:/root/aerostack2_ws/install/as2_geozones:/root/aerostack2_ws/install/as2_gazebo_assets:/root/aerostack2_ws/install/as2_external_object_to_tf:/root/aerostack2_ws/install/as2_behaviors_platform:/root/aerostack2_ws/install/as2_behaviors_perception:/root/aerostack2_ws/install/as2_behaviors_path_planning:/root/aerostack2_ws/install/as2_behavior_tree:/root/aerostack2_ws/install/as2_behavior:/root/aerostack2_ws/install/as2_alphanumeric_viewer:/root/aerostack2_ws/install/as2_cli:/root/aerostack2_ws/install/rmf_demos_tasks:/root/aerostack2_ws/install/rmf_demos_panel:/root/aerostack2_ws/install/rmf_demos_fleet_adapter:/root/aerostack2_ws/install/rmf_demos_dashboard_resources:/root/aerostack2_ws/install/rmf_demos_bridges:/root/aerostack2_ws/install/rmf_demos_assets:/root/aerostack2_ws/install/as2_visualization:/root/aerostack2_ws/install/as2_keyboard_teleoperation:/root/aerostack2_ws/install/as2_python_api:/root/aerostack2_ws/install/as2_perception:/opt/ros/humble LD_LIBRARY_PATH=/root/aerostack2_ws/install/as2_core/lib:/root/aerostack2_ws/install/as2_msgs/lib:/root/aerostack2_ws/install/as2_state_estimator/lib:/root/aerostack2_ws/install/as2_python_api/lib:/root/aerostack2_ws/install/as2_motion_controller/lib:/root/aerostack2_ws/install/as2_behaviors_trajectory_generation/lib:/root/aerostack2_ws/install/as2_behaviors_swarm_flocking/lib:/root/aerostack2_ws/install/as2_behaviors_motion/lib:/root/aerostack2_ws/install/as2_motion_reference_handlers/lib:/root/aerostack2_ws/install/as2_map_server/lib:/root/aerostack2_ws/install/as2_gazebo_assets/lib:/root/aerostack2_ws/install/as2_behaviors_perception/lib:/root/aerostack2_ws/install/as2_behaviors_path_planning/lib:/root/aerostack2_ws/install/as2_behavior_tree/lib:/root/aerostack2_ws/install/as2_behavior/lib:/opt/ros/humble/opt/rviz_ogre_vendor/lib:/opt/ros/humble/lib/x86_64-linux-gnu:/opt/ros/humble/lib /usr/bin/cmake --build /root/aerostack2_ws/build/as2_state_estimator -- -j8 -l8
[2.113s] DEBUG:colcon.colcon_core.event_handler.log_command:Invoking command in '/root/aerostack2_ws/build/as2_usb_camera_interface': CMAKE_PREFIX_PATH=/root/aerostack2_ws/install/as2_core:/root/aerostack2_ws/install/as2_msgs:/root/aerostack2_ws/install/rmf_demos_gz_classic:/root/aerostack2_ws/install/rmf_demos_gz:/root/aerostack2_ws/install/rmf_demos:/root/aerostack2_ws/install/rmf_demos_maps:/root/aerostack2_ws/install/aerostack2:/root/aerostack2_ws/install/as2_usb_camera_interface:/root/aerostack2_ws/install/as2_state_estimator:/root/aerostack2_ws/install/as2_rviz_plugins:/root/aerostack2_ws/install/as2_realsense_interface:/root/aerostack2_ws/install/as2_platform_multirotor_simulator:/root/aerostack2_ws/install/as2_platform_gazebo:/root/aerostack2_ws/install/as2_motion_controller:/root/aerostack2_ws/install/as2_behaviors_trajectory_generation:/root/aerostack2_ws/install/as2_behaviors_swarm_flocking:/root/aerostack2_ws/install/as2_behaviors_motion:/root/aerostack2_ws/install/as2_motion_reference_handlers:/root/aerostack2_ws/install/as2_map_server:/root/aerostack2_ws/install/as2_geozones:/root/aerostack2_ws/install/as2_gazebo_assets:/root/aerostack2_ws/install/as2_external_object_to_tf:/root/aerostack2_ws/install/as2_behaviors_platform:/root/aerostack2_ws/install/as2_behaviors_perception:/root/aerostack2_ws/install/as2_behaviors_path_planning:/root/aerostack2_ws/install/as2_behavior_tree:/root/aerostack2_ws/install/as2_behavior:/root/aerostack2_ws/install/as2_alphanumeric_viewer:/root/aerostack2_ws/install/as2_cli:/root/aerostack2_ws/install/rmf_demos_tasks:/root/aerostack2_ws/install/rmf_demos_panel:/root/aerostack2_ws/install/rmf_demos_fleet_adapter:/root/aerostack2_ws/install/rmf_demos_dashboard_resources:/root/aerostack2_ws/install/rmf_demos_bridges:/root/aerostack2_ws/install/rmf_demos_assets:/root/aerostack2_ws/install/as2_visualization:/root/aerostack2_ws/install/as2_keyboard_teleoperation:/root/aerostack2_ws/install/as2_python_api:/root/aerostack2_ws/install/as2_perception:/opt/ros/humble LD_LIBRARY_PATH=/root/aerostack2_ws/install/as2_core/lib:/root/aerostack2_ws/install/as2_msgs/lib:/root/aerostack2_ws/install/as2_state_estimator/lib:/root/aerostack2_ws/install/as2_python_api/lib:/root/aerostack2_ws/install/as2_motion_controller/lib:/root/aerostack2_ws/install/as2_behaviors_trajectory_generation/lib:/root/aerostack2_ws/install/as2_behaviors_swarm_flocking/lib:/root/aerostack2_ws/install/as2_behaviors_motion/lib:/root/aerostack2_ws/install/as2_motion_reference_handlers/lib:/root/aerostack2_ws/install/as2_map_server/lib:/root/aerostack2_ws/install/as2_gazebo_assets/lib:/root/aerostack2_ws/install/as2_behaviors_perception/lib:/root/aerostack2_ws/install/as2_behaviors_path_planning/lib:/root/aerostack2_ws/install/as2_behavior_tree/lib:/root/aerostack2_ws/install/as2_behavior/lib:/opt/ros/humble/opt/rviz_ogre_vendor/lib:/opt/ros/humble/lib/x86_64-linux-gnu:/opt/ros/humble/lib /usr/bin/cmake --build /root/aerostack2_ws/build/as2_usb_camera_interface -- -j8 -l8
[2.137s] DEBUG:colcon.colcon_core.event_handler.log_command:Invoking command in '/root/aerostack2_ws/build/as2_behaviors_perception': CMAKE_PREFIX_PATH=/root/aerostack2_ws/install/as2_behavior:/root/aerostack2_ws/install/as2_core:/root/aerostack2_ws/install/as2_msgs:/root/aerostack2_ws/install/rmf_demos_gz_classic:/root/aerostack2_ws/install/rmf_demos_gz:/root/aerostack2_ws/install/rmf_demos:/root/aerostack2_ws/install/rmf_demos_maps:/root/aerostack2_ws/install/aerostack2:/root/aerostack2_ws/install/as2_usb_camera_interface:/root/aerostack2_ws/install/as2_state_estimator:/root/aerostack2_ws/install/as2_rviz_plugins:/root/aerostack2_ws/install/as2_realsense_interface:/root/aerostack2_ws/install/as2_platform_multirotor_simulator:/root/aerostack2_ws/install/as2_platform_gazebo:/root/aerostack2_ws/install/as2_motion_controller:/root/aerostack2_ws/install/as2_behaviors_trajectory_generation:/root/aerostack2_ws/install/as2_behaviors_swarm_flocking:/root/aerostack2_ws/install/as2_behaviors_motion:/root/aerostack2_ws/install/as2_motion_reference_handlers:/root/aerostack2_ws/install/as2_map_server:/root/aerostack2_ws/install/as2_geozones:/root/aerostack2_ws/install/as2_gazebo_assets:/root/aerostack2_ws/install/as2_external_object_to_tf:/root/aerostack2_ws/install/as2_behaviors_platform:/root/aerostack2_ws/install/as2_behaviors_perception:/root/aerostack2_ws/install/as2_behaviors_path_planning:/root/aerostack2_ws/install/as2_behavior_tree:/root/aerostack2_ws/install/as2_alphanumeric_viewer:/root/aerostack2_ws/install/as2_cli:/root/aerostack2_ws/install/rmf_demos_tasks:/root/aerostack2_ws/install/rmf_demos_panel:/root/aerostack2_ws/install/rmf_demos_fleet_adapter:/root/aerostack2_ws/install/rmf_demos_dashboard_resources:/root/aerostack2_ws/install/rmf_demos_bridges:/root/aerostack2_ws/install/rmf_demos_assets:/root/aerostack2_ws/install/as2_visualization:/root/aerostack2_ws/install/as2_keyboard_teleoperation:/root/aerostack2_ws/install/as2_python_api:/root/aerostack2_ws/install/as2_perception:/opt/ros/humble LD_LIBRARY_PATH=/root/aerostack2_ws/install/as2_behavior/lib:/root/aerostack2_ws/install/as2_core/lib:/root/aerostack2_ws/install/as2_msgs/lib:/root/aerostack2_ws/install/as2_state_estimator/lib:/root/aerostack2_ws/install/as2_python_api/lib:/root/aerostack2_ws/install/as2_motion_controller/lib:/root/aerostack2_ws/install/as2_behaviors_trajectory_generation/lib:/root/aerostack2_ws/install/as2_behaviors_swarm_flocking/lib:/root/aerostack2_ws/install/as2_behaviors_motion/lib:/root/aerostack2_ws/install/as2_motion_reference_handlers/lib:/root/aerostack2_ws/install/as2_map_server/lib:/root/aerostack2_ws/install/as2_gazebo_assets/lib:/root/aerostack2_ws/install/as2_behaviors_perception/lib:/root/aerostack2_ws/install/as2_behaviors_path_planning/lib:/root/aerostack2_ws/install/as2_behavior_tree/lib:/opt/ros/humble/opt/rviz_ogre_vendor/lib:/opt/ros/humble/lib/x86_64-linux-gnu:/opt/ros/humble/lib /usr/bin/cmake --build /root/aerostack2_ws/build/as2_behaviors_perception -- -j8 -l8
[2.146s] DEBUG:colcon.colcon_core.event_handler.log_command:Invoking command in '/root/aerostack2_ws/build/as2_behaviors_path_planning': CMAKE_PREFIX_PATH=/root/aerostack2_ws/install/as2_behavior:/root/aerostack2_ws/install/as2_core:/root/aerostack2_ws/install/as2_msgs:/root/aerostack2_ws/install/rmf_demos_gz_classic:/root/aerostack2_ws/install/rmf_demos_gz:/root/aerostack2_ws/install/rmf_demos:/root/aerostack2_ws/install/rmf_demos_maps:/root/aerostack2_ws/install/aerostack2:/root/aerostack2_ws/install/as2_usb_camera_interface:/root/aerostack2_ws/install/as2_state_estimator:/root/aerostack2_ws/install/as2_rviz_plugins:/root/aerostack2_ws/install/as2_realsense_interface:/root/aerostack2_ws/install/as2_platform_multirotor_simulator:/root/aerostack2_ws/install/as2_platform_gazebo:/root/aerostack2_ws/install/as2_motion_controller:/root/aerostack2_ws/install/as2_behaviors_trajectory_generation:/root/aerostack2_ws/install/as2_behaviors_swarm_flocking:/root/aerostack2_ws/install/as2_behaviors_motion:/root/aerostack2_ws/install/as2_motion_reference_handlers:/root/aerostack2_ws/install/as2_map_server:/root/aerostack2_ws/install/as2_geozones:/root/aerostack2_ws/install/as2_gazebo_assets:/root/aerostack2_ws/install/as2_external_object_to_tf:/root/aerostack2_ws/install/as2_behaviors_platform:/root/aerostack2_ws/install/as2_behaviors_perception:/root/aerostack2_ws/install/as2_behaviors_path_planning:/root/aerostack2_ws/install/as2_behavior_tree:/root/aerostack2_ws/install/as2_alphanumeric_viewer:/root/aerostack2_ws/install/as2_cli:/root/aerostack2_ws/install/rmf_demos_tasks:/root/aerostack2_ws/install/rmf_demos_panel:/root/aerostack2_ws/install/rmf_demos_fleet_adapter:/root/aerostack2_ws/install/rmf_demos_dashboard_resources:/root/aerostack2_ws/install/rmf_demos_bridges:/root/aerostack2_ws/install/rmf_demos_assets:/root/aerostack2_ws/install/as2_visualization:/root/aerostack2_ws/install/as2_keyboard_teleoperation:/root/aerostack2_ws/install/as2_python_api:/root/aerostack2_ws/install/as2_perception:/opt/ros/humble LD_LIBRARY_PATH=/root/aerostack2_ws/install/as2_behavior/lib:/root/aerostack2_ws/install/as2_core/lib:/root/aerostack2_ws/install/as2_msgs/lib:/root/aerostack2_ws/install/as2_state_estimator/lib:/root/aerostack2_ws/install/as2_python_api/lib:/root/aerostack2_ws/install/as2_motion_controller/lib:/root/aerostack2_ws/install/as2_behaviors_trajectory_generation/lib:/root/aerostack2_ws/install/as2_behaviors_swarm_flocking/lib:/root/aerostack2_ws/install/as2_behaviors_motion/lib:/root/aerostack2_ws/install/as2_motion_reference_handlers/lib:/root/aerostack2_ws/install/as2_map_server/lib:/root/aerostack2_ws/install/as2_gazebo_assets/lib:/root/aerostack2_ws/install/as2_behaviors_perception/lib:/root/aerostack2_ws/install/as2_behaviors_path_planning/lib:/root/aerostack2_ws/install/as2_behavior_tree/lib:/opt/ros/humble/opt/rviz_ogre_vendor/lib:/opt/ros/humble/lib/x86_64-linux-gnu:/opt/ros/humble/lib /usr/bin/cmake --build /root/aerostack2_ws/build/as2_behaviors_path_planning -- -j8 -l8
[2.246s] DEBUG:colcon.colcon_core.event_handler.log_command:Invoked command in '/root/aerostack2_ws/build/as2_motion_reference_handlers' returned '0': CMAKE_PREFIX_PATH=/root/aerostack2_ws/install/as2_core:/root/aerostack2_ws/install/as2_msgs:/root/aerostack2_ws/install/rmf_demos_gz_classic:/root/aerostack2_ws/install/rmf_demos_gz:/root/aerostack2_ws/install/rmf_demos:/root/aerostack2_ws/install/rmf_demos_maps:/root/aerostack2_ws/install/aerostack2:/root/aerostack2_ws/install/as2_usb_camera_interface:/root/aerostack2_ws/install/as2_state_estimator:/root/aerostack2_ws/install/as2_rviz_plugins:/root/aerostack2_ws/install/as2_realsense_interface:/root/aerostack2_ws/install/as2_platform_multirotor_simulator:/root/aerostack2_ws/install/as2_platform_gazebo:/root/aerostack2_ws/install/as2_motion_controller:/root/aerostack2_ws/install/as2_behaviors_trajectory_generation:/root/aerostack2_ws/install/as2_behaviors_swarm_flocking:/root/aerostack2_ws/install/as2_behaviors_motion:/root/aerostack2_ws/install/as2_motion_reference_handlers:/root/aerostack2_ws/install/as2_map_server:/root/aerostack2_ws/install/as2_geozones:/root/aerostack2_ws/install/as2_gazebo_assets:/root/aerostack2_ws/install/as2_external_object_to_tf:/root/aerostack2_ws/install/as2_behaviors_platform:/root/aerostack2_ws/install/as2_behaviors_perception:/root/aerostack2_ws/install/as2_behaviors_path_planning:/root/aerostack2_ws/install/as2_behavior_tree:/root/aerostack2_ws/install/as2_behavior:/root/aerostack2_ws/install/as2_alphanumeric_viewer:/root/aerostack2_ws/install/as2_cli:/root/aerostack2_ws/install/rmf_demos_tasks:/root/aerostack2_ws/install/rmf_demos_panel:/root/aerostack2_ws/install/rmf_demos_fleet_adapter:/root/aerostack2_ws/install/rmf_demos_dashboard_resources:/root/aerostack2_ws/install/rmf_demos_bridges:/root/aerostack2_ws/install/rmf_demos_assets:/root/aerostack2_ws/install/as2_visualization:/root/aerostack2_ws/install/as2_keyboard_teleoperation:/root/aerostack2_ws/install/as2_python_api:/root/aerostack2_ws/install/as2_perception:/opt/ros/humble LD_LIBRARY_PATH=/root/aerostack2_ws/install/as2_core/lib:/root/aerostack2_ws/install/as2_msgs/lib:/root/aerostack2_ws/install/as2_state_estimator/lib:/root/aerostack2_ws/install/as2_python_api/lib:/root/aerostack2_ws/install/as2_motion_controller/lib:/root/aerostack2_ws/install/as2_behaviors_trajectory_generation/lib:/root/aerostack2_ws/install/as2_behaviors_swarm_flocking/lib:/root/aerostack2_ws/install/as2_behaviors_motion/lib:/root/aerostack2_ws/install/as2_motion_reference_handlers/lib:/root/aerostack2_ws/install/as2_map_server/lib:/root/aerostack2_ws/install/as2_gazebo_assets/lib:/root/aerostack2_ws/install/as2_behaviors_perception/lib:/root/aerostack2_ws/install/as2_behaviors_path_planning/lib:/root/aerostack2_ws/install/as2_behavior_tree/lib:/root/aerostack2_ws/install/as2_behavior/lib:/opt/ros/humble/opt/rviz_ogre_vendor/lib:/opt/ros/humble/lib/x86_64-linux-gnu:/opt/ros/humble/lib /usr/bin/cmake --build /root/aerostack2_ws/build/as2_motion_reference_handlers -- -j8 -l8
[2.247s] DEBUG:colcon.colcon_core.event_handler.log_command:Invoking command in '/root/aerostack2_ws/build/as2_motion_reference_handlers': CMAKE_PREFIX_PATH=/root/aerostack2_ws/install/as2_core:/root/aerostack2_ws/install/as2_msgs:/root/aerostack2_ws/install/rmf_demos_gz_classic:/root/aerostack2_ws/install/rmf_demos_gz:/root/aerostack2_ws/install/rmf_demos:/root/aerostack2_ws/install/rmf_demos_maps:/root/aerostack2_ws/install/aerostack2:/root/aerostack2_ws/install/as2_usb_camera_interface:/root/aerostack2_ws/install/as2_state_estimator:/root/aerostack2_ws/install/as2_rviz_plugins:/root/aerostack2_ws/install/as2_realsense_interface:/root/aerostack2_ws/install/as2_platform_multirotor_simulator:/root/aerostack2_ws/install/as2_platform_gazebo:/root/aerostack2_ws/install/as2_motion_controller:/root/aerostack2_ws/install/as2_behaviors_trajectory_generation:/root/aerostack2_ws/install/as2_behaviors_swarm_flocking:/root/aerostack2_ws/install/as2_behaviors_motion:/root/aerostack2_ws/install/as2_motion_reference_handlers:/root/aerostack2_ws/install/as2_map_server:/root/aerostack2_ws/install/as2_geozones:/root/aerostack2_ws/install/as2_gazebo_assets:/root/aerostack2_ws/install/as2_external_object_to_tf:/root/aerostack2_ws/install/as2_behaviors_platform:/root/aerostack2_ws/install/as2_behaviors_perception:/root/aerostack2_ws/install/as2_behaviors_path_planning:/root/aerostack2_ws/install/as2_behavior_tree:/root/aerostack2_ws/install/as2_behavior:/root/aerostack2_ws/install/as2_alphanumeric_viewer:/root/aerostack2_ws/install/as2_cli:/root/aerostack2_ws/install/rmf_demos_tasks:/root/aerostack2_ws/install/rmf_demos_panel:/root/aerostack2_ws/install/rmf_demos_fleet_adapter:/root/aerostack2_ws/install/rmf_demos_dashboard_resources:/root/aerostack2_ws/install/rmf_demos_bridges:/root/aerostack2_ws/install/rmf_demos_assets:/root/aerostack2_ws/install/as2_visualization:/root/aerostack2_ws/install/as2_keyboard_teleoperation:/root/aerostack2_ws/install/as2_python_api:/root/aerostack2_ws/install/as2_perception:/opt/ros/humble LD_LIBRARY_PATH=/root/aerostack2_ws/install/as2_core/lib:/root/aerostack2_ws/install/as2_msgs/lib:/root/aerostack2_ws/install/as2_state_estimator/lib:/root/aerostack2_ws/install/as2_python_api/lib:/root/aerostack2_ws/install/as2_motion_controller/lib:/root/aerostack2_ws/install/as2_behaviors_trajectory_generation/lib:/root/aerostack2_ws/install/as2_behaviors_swarm_flocking/lib:/root/aerostack2_ws/install/as2_behaviors_motion/lib:/root/aerostack2_ws/install/as2_motion_reference_handlers/lib:/root/aerostack2_ws/install/as2_map_server/lib:/root/aerostack2_ws/install/as2_gazebo_assets/lib:/root/aerostack2_ws/install/as2_behaviors_perception/lib:/root/aerostack2_ws/install/as2_behaviors_path_planning/lib:/root/aerostack2_ws/install/as2_behavior_tree/lib:/root/aerostack2_ws/install/as2_behavior/lib:/opt/ros/humble/opt/rviz_ogre_vendor/lib:/opt/ros/humble/lib/x86_64-linux-gnu:/opt/ros/humble/lib /usr/bin/cmake --install /root/aerostack2_ws/build/as2_motion_reference_handlers
[2.435s] DEBUG:colcon.colcon_core.event_handler.log_command:Invoked command in '/root/aerostack2_ws/build/as2_platform_multirotor_simulator' returned '0': CMAKE_PREFIX_PATH=/root/aerostack2_ws/install/as2_core:/root/aerostack2_ws/install/as2_msgs:/root/aerostack2_ws/install/rmf_demos_gz_classic:/root/aerostack2_ws/install/rmf_demos_gz:/root/aerostack2_ws/install/rmf_demos:/root/aerostack2_ws/install/rmf_demos_maps:/root/aerostack2_ws/install/aerostack2:/root/aerostack2_ws/install/as2_usb_camera_interface:/root/aerostack2_ws/install/as2_state_estimator:/root/aerostack2_ws/install/as2_rviz_plugins:/root/aerostack2_ws/install/as2_realsense_interface:/root/aerostack2_ws/install/as2_platform_multirotor_simulator:/root/aerostack2_ws/install/as2_platform_gazebo:/root/aerostack2_ws/install/as2_motion_controller:/root/aerostack2_ws/install/as2_behaviors_trajectory_generation:/root/aerostack2_ws/install/as2_behaviors_swarm_flocking:/root/aerostack2_ws/install/as2_behaviors_motion:/root/aerostack2_ws/install/as2_motion_reference_handlers:/root/aerostack2_ws/install/as2_map_server:/root/aerostack2_ws/install/as2_geozones:/root/aerostack2_ws/install/as2_gazebo_assets:/root/aerostack2_ws/install/as2_external_object_to_tf:/root/aerostack2_ws/install/as2_behaviors_platform:/root/aerostack2_ws/install/as2_behaviors_perception:/root/aerostack2_ws/install/as2_behaviors_path_planning:/root/aerostack2_ws/install/as2_behavior_tree:/root/aerostack2_ws/install/as2_behavior:/root/aerostack2_ws/install/as2_alphanumeric_viewer:/root/aerostack2_ws/install/as2_cli:/root/aerostack2_ws/install/rmf_demos_tasks:/root/aerostack2_ws/install/rmf_demos_panel:/root/aerostack2_ws/install/rmf_demos_fleet_adapter:/root/aerostack2_ws/install/rmf_demos_dashboard_resources:/root/aerostack2_ws/install/rmf_demos_bridges:/root/aerostack2_ws/install/rmf_demos_assets:/root/aerostack2_ws/install/as2_visualization:/root/aerostack2_ws/install/as2_keyboard_teleoperation:/root/aerostack2_ws/install/as2_python_api:/root/aerostack2_ws/install/as2_perception:/opt/ros/humble LD_LIBRARY_PATH=/root/aerostack2_ws/install/as2_core/lib:/root/aerostack2_ws/install/as2_msgs/lib:/root/aerostack2_ws/install/as2_state_estimator/lib:/root/aerostack2_ws/install/as2_python_api/lib:/root/aerostack2_ws/install/as2_motion_controller/lib:/root/aerostack2_ws/install/as2_behaviors_trajectory_generation/lib:/root/aerostack2_ws/install/as2_behaviors_swarm_flocking/lib:/root/aerostack2_ws/install/as2_behaviors_motion/lib:/root/aerostack2_ws/install/as2_motion_reference_handlers/lib:/root/aerostack2_ws/install/as2_map_server/lib:/root/aerostack2_ws/install/as2_gazebo_assets/lib:/root/aerostack2_ws/install/as2_behaviors_perception/lib:/root/aerostack2_ws/install/as2_behaviors_path_planning/lib:/root/aerostack2_ws/install/as2_behavior_tree/lib:/root/aerostack2_ws/install/as2_behavior/lib:/opt/ros/humble/opt/rviz_ogre_vendor/lib:/opt/ros/humble/lib/x86_64-linux-gnu:/opt/ros/humble/lib /usr/bin/cmake --build /root/aerostack2_ws/build/as2_platform_multirotor_simulator -- -j8 -l8
[2.436s] DEBUG:colcon.colcon_core.event_handler.log_command:Invoking command in '/root/aerostack2_ws/build/as2_platform_multirotor_simulator': CMAKE_PREFIX_PATH=/root/aerostack2_ws/install/as2_core:/root/aerostack2_ws/install/as2_msgs:/root/aerostack2_ws/install/rmf_demos_gz_classic:/root/aerostack2_ws/install/rmf_demos_gz:/root/aerostack2_ws/install/rmf_demos:/root/aerostack2_ws/install/rmf_demos_maps:/root/aerostack2_ws/install/aerostack2:/root/aerostack2_ws/install/as2_usb_camera_interface:/root/aerostack2_ws/install/as2_state_estimator:/root/aerostack2_ws/install/as2_rviz_plugins:/root/aerostack2_ws/install/as2_realsense_interface:/root/aerostack2_ws/install/as2_platform_multirotor_simulator:/root/aerostack2_ws/install/as2_platform_gazebo:/root/aerostack2_ws/install/as2_motion_controller:/root/aerostack2_ws/install/as2_behaviors_trajectory_generation:/root/aerostack2_ws/install/as2_behaviors_swarm_flocking:/root/aerostack2_ws/install/as2_behaviors_motion:/root/aerostack2_ws/install/as2_motion_reference_handlers:/root/aerostack2_ws/install/as2_map_server:/root/aerostack2_ws/install/as2_geozones:/root/aerostack2_ws/install/as2_gazebo_assets:/root/aerostack2_ws/install/as2_external_object_to_tf:/root/aerostack2_ws/install/as2_behaviors_platform:/root/aerostack2_ws/install/as2_behaviors_perception:/root/aerostack2_ws/install/as2_behaviors_path_planning:/root/aerostack2_ws/install/as2_behavior_tree:/root/aerostack2_ws/install/as2_behavior:/root/aerostack2_ws/install/as2_alphanumeric_viewer:/root/aerostack2_ws/install/as2_cli:/root/aerostack2_ws/install/rmf_demos_tasks:/root/aerostack2_ws/install/rmf_demos_panel:/root/aerostack2_ws/install/rmf_demos_fleet_adapter:/root/aerostack2_ws/install/rmf_demos_dashboard_resources:/root/aerostack2_ws/install/rmf_demos_bridges:/root/aerostack2_ws/install/rmf_demos_assets:/root/aerostack2_ws/install/as2_visualization:/root/aerostack2_ws/install/as2_keyboard_teleoperation:/root/aerostack2_ws/install/as2_python_api:/root/aerostack2_ws/install/as2_perception:/opt/ros/humble LD_LIBRARY_PATH=/root/aerostack2_ws/install/as2_core/lib:/root/aerostack2_ws/install/as2_msgs/lib:/root/aerostack2_ws/install/as2_state_estimator/lib:/root/aerostack2_ws/install/as2_python_api/lib:/root/aerostack2_ws/install/as2_motion_controller/lib:/root/aerostack2_ws/install/as2_behaviors_trajectory_generation/lib:/root/aerostack2_ws/install/as2_behaviors_swarm_flocking/lib:/root/aerostack2_ws/install/as2_behaviors_motion/lib:/root/aerostack2_ws/install/as2_motion_reference_handlers/lib:/root/aerostack2_ws/install/as2_map_server/lib:/root/aerostack2_ws/install/as2_gazebo_assets/lib:/root/aerostack2_ws/install/as2_behaviors_perception/lib:/root/aerostack2_ws/install/as2_behaviors_path_planning/lib:/root/aerostack2_ws/install/as2_behavior_tree/lib:/root/aerostack2_ws/install/as2_behavior/lib:/opt/ros/humble/opt/rviz_ogre_vendor/lib:/opt/ros/humble/lib/x86_64-linux-gnu:/opt/ros/humble/lib /usr/bin/cmake --install /root/aerostack2_ws/build/as2_platform_multirotor_simulator
[2.444s] Level 1:colcon.colcon_core.environment:create_environment_scripts_only(as2_motion_reference_handlers)
[2.454s] DEBUG:colcon.colcon_core.event_handler.log_command:Invoked command in '/root/aerostack2_ws/build/as2_motion_reference_handlers' returned '0': CMAKE_PREFIX_PATH=/root/aerostack2_ws/install/as2_core:/root/aerostack2_ws/install/as2_msgs:/root/aerostack2_ws/install/rmf_demos_gz_classic:/root/aerostack2_ws/install/rmf_demos_gz:/root/aerostack2_ws/install/rmf_demos:/root/aerostack2_ws/install/rmf_demos_maps:/root/aerostack2_ws/install/aerostack2:/root/aerostack2_ws/install/as2_usb_camera_interface:/root/aerostack2_ws/install/as2_state_estimator:/root/aerostack2_ws/install/as2_rviz_plugins:/root/aerostack2_ws/install/as2_realsense_interface:/root/aerostack2_ws/install/as2_platform_multirotor_simulator:/root/aerostack2_ws/install/as2_platform_gazebo:/root/aerostack2_ws/install/as2_motion_controller:/root/aerostack2_ws/install/as2_behaviors_trajectory_generation:/root/aerostack2_ws/install/as2_behaviors_swarm_flocking:/root/aerostack2_ws/install/as2_behaviors_motion:/root/aerostack2_ws/install/as2_motion_reference_handlers:/root/aerostack2_ws/install/as2_map_server:/root/aerostack2_ws/install/as2_geozones:/root/aerostack2_ws/install/as2_gazebo_assets:/root/aerostack2_ws/install/as2_external_object_to_tf:/root/aerostack2_ws/install/as2_behaviors_platform:/root/aerostack2_ws/install/as2_behaviors_perception:/root/aerostack2_ws/install/as2_behaviors_path_planning:/root/aerostack2_ws/install/as2_behavior_tree:/root/aerostack2_ws/install/as2_behavior:/root/aerostack2_ws/install/as2_alphanumeric_viewer:/root/aerostack2_ws/install/as2_cli:/root/aerostack2_ws/install/rmf_demos_tasks:/root/aerostack2_ws/install/rmf_demos_panel:/root/aerostack2_ws/install/rmf_demos_fleet_adapter:/root/aerostack2_ws/install/rmf_demos_dashboard_resources:/root/aerostack2_ws/install/rmf_demos_bridges:/root/aerostack2_ws/install/rmf_demos_assets:/root/aerostack2_ws/install/as2_visualization:/root/aerostack2_ws/install/as2_keyboard_teleoperation:/root/aerostack2_ws/install/as2_python_api:/root/aerostack2_ws/install/as2_perception:/opt/ros/humble LD_LIBRARY_PATH=/root/aerostack2_ws/install/as2_core/lib:/root/aerostack2_ws/install/as2_msgs/lib:/root/aerostack2_ws/install/as2_state_estimator/lib:/root/aerostack2_ws/install/as2_python_api/lib:/root/aerostack2_ws/install/as2_motion_controller/lib:/root/aerostack2_ws/install/as2_behaviors_trajectory_generation/lib:/root/aerostack2_ws/install/as2_behaviors_swarm_flocking/lib:/root/aerostack2_ws/install/as2_behaviors_motion/lib:/root/aerostack2_ws/install/as2_motion_reference_handlers/lib:/root/aerostack2_ws/install/as2_map_server/lib:/root/aerostack2_ws/install/as2_gazebo_assets/lib:/root/aerostack2_ws/install/as2_behaviors_perception/lib:/root/aerostack2_ws/install/as2_behaviors_path_planning/lib:/root/aerostack2_ws/install/as2_behavior_tree/lib:/root/aerostack2_ws/install/as2_behavior/lib:/opt/ros/humble/opt/rviz_ogre_vendor/lib:/opt/ros/humble/lib/x86_64-linux-gnu:/opt/ros/humble/lib /usr/bin/cmake --install /root/aerostack2_ws/build/as2_motion_reference_handlers
[2.456s] Level 1:colcon.colcon_core.environment:checking '/root/aerostack2_ws/install/as2_motion_reference_handlers' for CMake module files
[2.458s] Level 1:colcon.colcon_core.environment:checking '/root/aerostack2_ws/install/as2_motion_reference_handlers' for CMake config files
[2.458s] Level 1:colcon.colcon_core.shell:create_environment_hook('as2_motion_reference_handlers', 'cmake_prefix_path')
[2.458s] INFO:colcon.colcon_core.shell:Creating environment hook '/root/aerostack2_ws/install/as2_motion_reference_handlers/share/as2_motion_reference_handlers/hook/cmake_prefix_path.ps1'
[2.459s] INFO:colcon.colcon_core.shell:Creating environment descriptor '/root/aerostack2_ws/install/as2_motion_reference_handlers/share/as2_motion_reference_handlers/hook/cmake_prefix_path.dsv'
[2.461s] INFO:colcon.colcon_core.shell:Creating environment hook '/root/aerostack2_ws/install/as2_motion_reference_handlers/share/as2_motion_reference_handlers/hook/cmake_prefix_path.sh'
[2.463s] Level 1:colcon.colcon_core.environment:checking '/root/aerostack2_ws/install/as2_motion_reference_handlers/lib'
[2.463s] Level 1:colcon.colcon_core.environment:checking '/root/aerostack2_ws/install/as2_motion_reference_handlers/bin'
[2.463s] Level 1:colcon.colcon_core.environment:checking '/root/aerostack2_ws/install/as2_motion_reference_handlers/lib/pkgconfig/as2_motion_reference_handlers.pc'
[2.463s] Level 1:colcon.colcon_core.environment:checking '/root/aerostack2_ws/install/as2_motion_reference_handlers/lib/python3.10/site-packages'
[2.464s] Level 1:colcon.colcon_core.environment:checking '/root/aerostack2_ws/install/as2_motion_reference_handlers/bin'
[2.464s] INFO:colcon.colcon_core.shell:Creating package script '/root/aerostack2_ws/install/as2_motion_reference_handlers/share/as2_motion_reference_handlers/package.ps1'
[2.465s] INFO:colcon.colcon_core.shell:Creating package descriptor '/root/aerostack2_ws/install/as2_motion_reference_handlers/share/as2_motion_reference_handlers/package.dsv'
[2.466s] INFO:colcon.colcon_core.shell:Creating package script '/root/aerostack2_ws/install/as2_motion_reference_handlers/share/as2_motion_reference_handlers/package.sh'
[2.466s] INFO:colcon.colcon_core.shell:Creating package script '/root/aerostack2_ws/install/as2_motion_reference_handlers/share/as2_motion_reference_handlers/package.bash'
[2.466s] INFO:colcon.colcon_core.shell:Creating package script '/root/aerostack2_ws/install/as2_motion_reference_handlers/share/as2_motion_reference_handlers/package.zsh'
[2.466s] Level 1:colcon.colcon_core.environment:create_file_with_runtime_dependencies(/root/aerostack2_ws/install/as2_motion_reference_handlers/share/colcon-core/packages/as2_motion_reference_handlers)
[2.467s] Level 1:colcon.colcon_core.environment:create_environment_scripts_only(as2_motion_reference_handlers)
[2.467s] Level 1:colcon.colcon_core.environment:checking '/root/aerostack2_ws/install/as2_motion_reference_handlers' for CMake module files
[2.468s] Level 1:colcon.colcon_core.environment:checking '/root/aerostack2_ws/install/as2_motion_reference_handlers' for CMake config files
[2.468s] Level 1:colcon.colcon_core.shell:create_environment_hook('as2_motion_reference_handlers', 'cmake_prefix_path')
[2.468s] INFO:colcon.colcon_core.shell:Creating environment hook '/root/aerostack2_ws/install/as2_motion_reference_handlers/share/as2_motion_reference_handlers/hook/cmake_prefix_path.ps1'
[2.468s] INFO:colcon.colcon_core.shell:Creating environment descriptor '/root/aerostack2_ws/install/as2_motion_reference_handlers/share/as2_motion_reference_handlers/hook/cmake_prefix_path.dsv'
[2.468s] INFO:colcon.colcon_core.shell:Creating environment hook '/root/aerostack2_ws/install/as2_motion_reference_handlers/share/as2_motion_reference_handlers/hook/cmake_prefix_path.sh'
[2.469s] Level 1:colcon.colcon_core.environment:checking '/root/aerostack2_ws/install/as2_motion_reference_handlers/lib'
[2.469s] Level 1:colcon.colcon_core.environment:checking '/root/aerostack2_ws/install/as2_motion_reference_handlers/bin'
[2.469s] Level 1:colcon.colcon_core.environment:checking '/root/aerostack2_ws/install/as2_motion_reference_handlers/lib/pkgconfig/as2_motion_reference_handlers.pc'
[2.469s] Level 1:colcon.colcon_core.environment:checking '/root/aerostack2_ws/install/as2_motion_reference_handlers/lib/python3.10/site-packages'
[2.469s] Level 1:colcon.colcon_core.environment:checking '/root/aerostack2_ws/install/as2_motion_reference_handlers/bin'
[2.469s] INFO:colcon.colcon_core.shell:Creating package script '/root/aerostack2_ws/install/as2_motion_reference_handlers/share/as2_motion_reference_handlers/package.ps1'
[2.470s] INFO:colcon.colcon_core.shell:Creating package descriptor '/root/aerostack2_ws/install/as2_motion_reference_handlers/share/as2_motion_reference_handlers/package.dsv'
[2.470s] INFO:colcon.colcon_core.shell:Creating package script '/root/aerostack2_ws/install/as2_motion_reference_handlers/share/as2_motion_reference_handlers/package.sh'
[2.470s] INFO:colcon.colcon_core.shell:Creating package script '/root/aerostack2_ws/install/as2_motion_reference_handlers/share/as2_motion_reference_handlers/package.bash'
[2.470s] INFO:colcon.colcon_core.shell:Creating package script '/root/aerostack2_ws/install/as2_motion_reference_handlers/share/as2_motion_reference_handlers/package.zsh'
[2.471s] Level 1:colcon.colcon_core.environment:create_file_with_runtime_dependencies(/root/aerostack2_ws/install/as2_motion_reference_handlers/share/colcon-core/packages/as2_motion_reference_handlers)
[2.472s] DEBUG:colcon.colcon_core.event_handler.log_command:Invoked command in '/root/aerostack2_ws/build/as2_realsense_interface' returned '0': CMAKE_PREFIX_PATH=/root/aerostack2_ws/install/as2_core:/root/aerostack2_ws/install/as2_msgs:/root/aerostack2_ws/install/rmf_demos_gz_classic:/root/aerostack2_ws/install/rmf_demos_gz:/root/aerostack2_ws/install/rmf_demos:/root/aerostack2_ws/install/rmf_demos_maps:/root/aerostack2_ws/install/aerostack2:/root/aerostack2_ws/install/as2_usb_camera_interface:/root/aerostack2_ws/install/as2_state_estimator:/root/aerostack2_ws/install/as2_rviz_plugins:/root/aerostack2_ws/install/as2_realsense_interface:/root/aerostack2_ws/install/as2_platform_multirotor_simulator:/root/aerostack2_ws/install/as2_platform_gazebo:/root/aerostack2_ws/install/as2_motion_controller:/root/aerostack2_ws/install/as2_behaviors_trajectory_generation:/root/aerostack2_ws/install/as2_behaviors_swarm_flocking:/root/aerostack2_ws/install/as2_behaviors_motion:/root/aerostack2_ws/install/as2_motion_reference_handlers:/root/aerostack2_ws/install/as2_map_server:/root/aerostack2_ws/install/as2_geozones:/root/aerostack2_ws/install/as2_gazebo_assets:/root/aerostack2_ws/install/as2_external_object_to_tf:/root/aerostack2_ws/install/as2_behaviors_platform:/root/aerostack2_ws/install/as2_behaviors_perception:/root/aerostack2_ws/install/as2_behaviors_path_planning:/root/aerostack2_ws/install/as2_behavior_tree:/root/aerostack2_ws/install/as2_behavior:/root/aerostack2_ws/install/as2_alphanumeric_viewer:/root/aerostack2_ws/install/as2_cli:/root/aerostack2_ws/install/rmf_demos_tasks:/root/aerostack2_ws/install/rmf_demos_panel:/root/aerostack2_ws/install/rmf_demos_fleet_adapter:/root/aerostack2_ws/install/rmf_demos_dashboard_resources:/root/aerostack2_ws/install/rmf_demos_bridges:/root/aerostack2_ws/install/rmf_demos_assets:/root/aerostack2_ws/install/as2_visualization:/root/aerostack2_ws/install/as2_keyboard_teleoperation:/root/aerostack2_ws/install/as2_python_api:/root/aerostack2_ws/install/as2_perception:/opt/ros/humble LD_LIBRARY_PATH=/root/aerostack2_ws/install/as2_core/lib:/root/aerostack2_ws/install/as2_msgs/lib:/root/aerostack2_ws/install/as2_state_estimator/lib:/root/aerostack2_ws/install/as2_python_api/lib:/root/aerostack2_ws/install/as2_motion_controller/lib:/root/aerostack2_ws/install/as2_behaviors_trajectory_generation/lib:/root/aerostack2_ws/install/as2_behaviors_swarm_flocking/lib:/root/aerostack2_ws/install/as2_behaviors_motion/lib:/root/aerostack2_ws/install/as2_motion_reference_handlers/lib:/root/aerostack2_ws/install/as2_map_server/lib:/root/aerostack2_ws/install/as2_gazebo_assets/lib:/root/aerostack2_ws/install/as2_behaviors_perception/lib:/root/aerostack2_ws/install/as2_behaviors_path_planning/lib:/root/aerostack2_ws/install/as2_behavior_tree/lib:/root/aerostack2_ws/install/as2_behavior/lib:/opt/ros/humble/opt/rviz_ogre_vendor/lib:/opt/ros/humble/lib/x86_64-linux-gnu:/opt/ros/humble/lib /usr/bin/cmake --build /root/aerostack2_ws/build/as2_realsense_interface -- -j8 -l8
[2.473s] INFO:colcon.colcon_ros.task.ament_python.build:Building ROS package in '/root/aerostack2_ws/src/aerostack2/as2_python_api' with build type 'ament_python'
[2.473s] DEBUG:colcon.colcon_core.event_handler.log_command:Invoking command in '/root/aerostack2_ws/build/as2_realsense_interface': CMAKE_PREFIX_PATH=/root/aerostack2_ws/install/as2_core:/root/aerostack2_ws/install/as2_msgs:/root/aerostack2_ws/install/rmf_demos_gz_classic:/root/aerostack2_ws/install/rmf_demos_gz:/root/aerostack2_ws/install/rmf_demos:/root/aerostack2_ws/install/rmf_demos_maps:/root/aerostack2_ws/install/aerostack2:/root/aerostack2_ws/install/as2_usb_camera_interface:/root/aerostack2_ws/install/as2_state_estimator:/root/aerostack2_ws/install/as2_rviz_plugins:/root/aerostack2_ws/install/as2_realsense_interface:/root/aerostack2_ws/install/as2_platform_multirotor_simulator:/root/aerostack2_ws/install/as2_platform_gazebo:/root/aerostack2_ws/install/as2_motion_controller:/root/aerostack2_ws/install/as2_behaviors_trajectory_generation:/root/aerostack2_ws/install/as2_behaviors_swarm_flocking:/root/aerostack2_ws/install/as2_behaviors_motion:/root/aerostack2_ws/install/as2_motion_reference_handlers:/root/aerostack2_ws/install/as2_map_server:/root/aerostack2_ws/install/as2_geozones:/root/aerostack2_ws/install/as2_gazebo_assets:/root/aerostack2_ws/install/as2_external_object_to_tf:/root/aerostack2_ws/install/as2_behaviors_platform:/root/aerostack2_ws/install/as2_behaviors_perception:/root/aerostack2_ws/install/as2_behaviors_path_planning:/root/aerostack2_ws/install/as2_behavior_tree:/root/aerostack2_ws/install/as2_behavior:/root/aerostack2_ws/install/as2_alphanumeric_viewer:/root/aerostack2_ws/install/as2_cli:/root/aerostack2_ws/install/rmf_demos_tasks:/root/aerostack2_ws/install/rmf_demos_panel:/root/aerostack2_ws/install/rmf_demos_fleet_adapter:/root/aerostack2_ws/install/rmf_demos_dashboard_resources:/root/aerostack2_ws/install/rmf_demos_bridges:/root/aerostack2_ws/install/rmf_demos_assets:/root/aerostack2_ws/install/as2_visualization:/root/aerostack2_ws/install/as2_keyboard_teleoperation:/root/aerostack2_ws/install/as2_python_api:/root/aerostack2_ws/install/as2_perception:/opt/ros/humble LD_LIBRARY_PATH=/root/aerostack2_ws/install/as2_core/lib:/root/aerostack2_ws/install/as2_msgs/lib:/root/aerostack2_ws/install/as2_state_estimator/lib:/root/aerostack2_ws/install/as2_python_api/lib:/root/aerostack2_ws/install/as2_motion_controller/lib:/root/aerostack2_ws/install/as2_behaviors_trajectory_generation/lib:/root/aerostack2_ws/install/as2_behaviors_swarm_flocking/lib:/root/aerostack2_ws/install/as2_behaviors_motion/lib:/root/aerostack2_ws/install/as2_motion_reference_handlers/lib:/root/aerostack2_ws/install/as2_map_server/lib:/root/aerostack2_ws/install/as2_gazebo_assets/lib:/root/aerostack2_ws/install/as2_behaviors_perception/lib:/root/aerostack2_ws/install/as2_behaviors_path_planning/lib:/root/aerostack2_ws/install/as2_behavior_tree/lib:/root/aerostack2_ws/install/as2_behavior/lib:/opt/ros/humble/opt/rviz_ogre_vendor/lib:/opt/ros/humble/lib/x86_64-linux-gnu:/opt/ros/humble/lib /usr/bin/cmake --install /root/aerostack2_ws/build/as2_realsense_interface
[2.473s] Level 1:colcon.colcon_core.shell:create_environment_hook('as2_python_api', 'ament_prefix_path')
[2.474s] INFO:colcon.colcon_core.shell:Creating environment hook '/root/aerostack2_ws/install/as2_python_api/share/as2_python_api/hook/ament_prefix_path.ps1'
[2.474s] INFO:colcon.colcon_core.shell:Creating environment descriptor '/root/aerostack2_ws/install/as2_python_api/share/as2_python_api/hook/ament_prefix_path.dsv'
[2.475s] INFO:colcon.colcon_core.shell:Creating environment hook '/root/aerostack2_ws/install/as2_python_api/share/as2_python_api/hook/ament_prefix_path.sh'
[2.475s] INFO:colcon.colcon_core.shell:Skip shell extension 'powershell' for command environment: Not usable outside of PowerShell
[2.475s] DEBUG:colcon.colcon_core.shell:Skip shell extension 'dsv' for command environment
[2.489s] DEBUG:colcon.colcon_core.event_handler.log_command:Invoked command in '/root/aerostack2_ws/build/as2_behaviors_perception' returned '0': CMAKE_PREFIX_PATH=/root/aerostack2_ws/install/as2_behavior:/root/aerostack2_ws/install/as2_core:/root/aerostack2_ws/install/as2_msgs:/root/aerostack2_ws/install/rmf_demos_gz_classic:/root/aerostack2_ws/install/rmf_demos_gz:/root/aerostack2_ws/install/rmf_demos:/root/aerostack2_ws/install/rmf_demos_maps:/root/aerostack2_ws/install/aerostack2:/root/aerostack2_ws/install/as2_usb_camera_interface:/root/aerostack2_ws/install/as2_state_estimator:/root/aerostack2_ws/install/as2_rviz_plugins:/root/aerostack2_ws/install/as2_realsense_interface:/root/aerostack2_ws/install/as2_platform_multirotor_simulator:/root/aerostack2_ws/install/as2_platform_gazebo:/root/aerostack2_ws/install/as2_motion_controller:/root/aerostack2_ws/install/as2_behaviors_trajectory_generation:/root/aerostack2_ws/install/as2_behaviors_swarm_flocking:/root/aerostack2_ws/install/as2_behaviors_motion:/root/aerostack2_ws/install/as2_motion_reference_handlers:/root/aerostack2_ws/install/as2_map_server:/root/aerostack2_ws/install/as2_geozones:/root/aerostack2_ws/install/as2_gazebo_assets:/root/aerostack2_ws/install/as2_external_object_to_tf:/root/aerostack2_ws/install/as2_behaviors_platform:/root/aerostack2_ws/install/as2_behaviors_perception:/root/aerostack2_ws/install/as2_behaviors_path_planning:/root/aerostack2_ws/install/as2_behavior_tree:/root/aerostack2_ws/install/as2_alphanumeric_viewer:/root/aerostack2_ws/install/as2_cli:/root/aerostack2_ws/install/rmf_demos_tasks:/root/aerostack2_ws/install/rmf_demos_panel:/root/aerostack2_ws/install/rmf_demos_fleet_adapter:/root/aerostack2_ws/install/rmf_demos_dashboard_resources:/root/aerostack2_ws/install/rmf_demos_bridges:/root/aerostack2_ws/install/rmf_demos_assets:/root/aerostack2_ws/install/as2_visualization:/root/aerostack2_ws/install/as2_keyboard_teleoperation:/root/aerostack2_ws/install/as2_python_api:/root/aerostack2_ws/install/as2_perception:/opt/ros/humble LD_LIBRARY_PATH=/root/aerostack2_ws/install/as2_behavior/lib:/root/aerostack2_ws/install/as2_core/lib:/root/aerostack2_ws/install/as2_msgs/lib:/root/aerostack2_ws/install/as2_state_estimator/lib:/root/aerostack2_ws/install/as2_python_api/lib:/root/aerostack2_ws/install/as2_motion_controller/lib:/root/aerostack2_ws/install/as2_behaviors_trajectory_generation/lib:/root/aerostack2_ws/install/as2_behaviors_swarm_flocking/lib:/root/aerostack2_ws/install/as2_behaviors_motion/lib:/root/aerostack2_ws/install/as2_motion_reference_handlers/lib:/root/aerostack2_ws/install/as2_map_server/lib:/root/aerostack2_ws/install/as2_gazebo_assets/lib:/root/aerostack2_ws/install/as2_behaviors_perception/lib:/root/aerostack2_ws/install/as2_behaviors_path_planning/lib:/root/aerostack2_ws/install/as2_behavior_tree/lib:/opt/ros/humble/opt/rviz_ogre_vendor/lib:/opt/ros/humble/lib/x86_64-linux-gnu:/opt/ros/humble/lib /usr/bin/cmake --build /root/aerostack2_ws/build/as2_behaviors_perception -- -j8 -l8
[2.489s] DEBUG:colcon.colcon_core.event_handler.log_command:Invoking command in '/root/aerostack2_ws/build/as2_behaviors_perception': CMAKE_PREFIX_PATH=/root/aerostack2_ws/install/as2_behavior:/root/aerostack2_ws/install/as2_core:/root/aerostack2_ws/install/as2_msgs:/root/aerostack2_ws/install/rmf_demos_gz_classic:/root/aerostack2_ws/install/rmf_demos_gz:/root/aerostack2_ws/install/rmf_demos:/root/aerostack2_ws/install/rmf_demos_maps:/root/aerostack2_ws/install/aerostack2:/root/aerostack2_ws/install/as2_usb_camera_interface:/root/aerostack2_ws/install/as2_state_estimator:/root/aerostack2_ws/install/as2_rviz_plugins:/root/aerostack2_ws/install/as2_realsense_interface:/root/aerostack2_ws/install/as2_platform_multirotor_simulator:/root/aerostack2_ws/install/as2_platform_gazebo:/root/aerostack2_ws/install/as2_motion_controller:/root/aerostack2_ws/install/as2_behaviors_trajectory_generation:/root/aerostack2_ws/install/as2_behaviors_swarm_flocking:/root/aerostack2_ws/install/as2_behaviors_motion:/root/aerostack2_ws/install/as2_motion_reference_handlers:/root/aerostack2_ws/install/as2_map_server:/root/aerostack2_ws/install/as2_geozones:/root/aerostack2_ws/install/as2_gazebo_assets:/root/aerostack2_ws/install/as2_external_object_to_tf:/root/aerostack2_ws/install/as2_behaviors_platform:/root/aerostack2_ws/install/as2_behaviors_perception:/root/aerostack2_ws/install/as2_behaviors_path_planning:/root/aerostack2_ws/install/as2_behavior_tree:/root/aerostack2_ws/install/as2_alphanumeric_viewer:/root/aerostack2_ws/install/as2_cli:/root/aerostack2_ws/install/rmf_demos_tasks:/root/aerostack2_ws/install/rmf_demos_panel:/root/aerostack2_ws/install/rmf_demos_fleet_adapter:/root/aerostack2_ws/install/rmf_demos_dashboard_resources:/root/aerostack2_ws/install/rmf_demos_bridges:/root/aerostack2_ws/install/rmf_demos_assets:/root/aerostack2_ws/install/as2_visualization:/root/aerostack2_ws/install/as2_keyboard_teleoperation:/root/aerostack2_ws/install/as2_python_api:/root/aerostack2_ws/install/as2_perception:/opt/ros/humble LD_LIBRARY_PATH=/root/aerostack2_ws/install/as2_behavior/lib:/root/aerostack2_ws/install/as2_core/lib:/root/aerostack2_ws/install/as2_msgs/lib:/root/aerostack2_ws/install/as2_state_estimator/lib:/root/aerostack2_ws/install/as2_python_api/lib:/root/aerostack2_ws/install/as2_motion_controller/lib:/root/aerostack2_ws/install/as2_behaviors_trajectory_generation/lib:/root/aerostack2_ws/install/as2_behaviors_swarm_flocking/lib:/root/aerostack2_ws/install/as2_behaviors_motion/lib:/root/aerostack2_ws/install/as2_motion_reference_handlers/lib:/root/aerostack2_ws/install/as2_map_server/lib:/root/aerostack2_ws/install/as2_gazebo_assets/lib:/root/aerostack2_ws/install/as2_behaviors_perception/lib:/root/aerostack2_ws/install/as2_behaviors_path_planning/lib:/root/aerostack2_ws/install/as2_behavior_tree/lib:/opt/ros/humble/opt/rviz_ogre_vendor/lib:/opt/ros/humble/lib/x86_64-linux-gnu:/opt/ros/humble/lib /usr/bin/cmake --install /root/aerostack2_ws/build/as2_behaviors_perception
[2.490s] DEBUG:colcon.colcon_core.event_handler.log_command:Invoked command in '/root/aerostack2_ws/build/as2_gazebo_assets' returned '0': CMAKE_PREFIX_PATH=/root/aerostack2_ws/install/as2_core:/root/aerostack2_ws/install/as2_msgs:/root/aerostack2_ws/install/rmf_demos_gz_classic:/root/aerostack2_ws/install/rmf_demos_gz:/root/aerostack2_ws/install/rmf_demos:/root/aerostack2_ws/install/rmf_demos_maps:/root/aerostack2_ws/install/aerostack2:/root/aerostack2_ws/install/as2_usb_camera_interface:/root/aerostack2_ws/install/as2_state_estimator:/root/aerostack2_ws/install/as2_rviz_plugins:/root/aerostack2_ws/install/as2_realsense_interface:/root/aerostack2_ws/install/as2_platform_multirotor_simulator:/root/aerostack2_ws/install/as2_platform_gazebo:/root/aerostack2_ws/install/as2_motion_controller:/root/aerostack2_ws/install/as2_behaviors_trajectory_generation:/root/aerostack2_ws/install/as2_behaviors_swarm_flocking:/root/aerostack2_ws/install/as2_behaviors_motion:/root/aerostack2_ws/install/as2_motion_reference_handlers:/root/aerostack2_ws/install/as2_map_server:/root/aerostack2_ws/install/as2_geozones:/root/aerostack2_ws/install/as2_gazebo_assets:/root/aerostack2_ws/install/as2_external_object_to_tf:/root/aerostack2_ws/install/as2_behaviors_platform:/root/aerostack2_ws/install/as2_behaviors_perception:/root/aerostack2_ws/install/as2_behaviors_path_planning:/root/aerostack2_ws/install/as2_behavior_tree:/root/aerostack2_ws/install/as2_behavior:/root/aerostack2_ws/install/as2_alphanumeric_viewer:/root/aerostack2_ws/install/as2_cli:/root/aerostack2_ws/install/rmf_demos_tasks:/root/aerostack2_ws/install/rmf_demos_panel:/root/aerostack2_ws/install/rmf_demos_fleet_adapter:/root/aerostack2_ws/install/rmf_demos_dashboard_resources:/root/aerostack2_ws/install/rmf_demos_bridges:/root/aerostack2_ws/install/rmf_demos_assets:/root/aerostack2_ws/install/as2_visualization:/root/aerostack2_ws/install/as2_keyboard_teleoperation:/root/aerostack2_ws/install/as2_python_api:/root/aerostack2_ws/install/as2_perception:/opt/ros/humble LD_LIBRARY_PATH=/root/aerostack2_ws/install/as2_core/lib:/root/aerostack2_ws/install/as2_msgs/lib:/root/aerostack2_ws/install/as2_state_estimator/lib:/root/aerostack2_ws/install/as2_python_api/lib:/root/aerostack2_ws/install/as2_motion_controller/lib:/root/aerostack2_ws/install/as2_behaviors_trajectory_generation/lib:/root/aerostack2_ws/install/as2_behaviors_swarm_flocking/lib:/root/aerostack2_ws/install/as2_behaviors_motion/lib:/root/aerostack2_ws/install/as2_motion_reference_handlers/lib:/root/aerostack2_ws/install/as2_map_server/lib:/root/aerostack2_ws/install/as2_gazebo_assets/lib:/root/aerostack2_ws/install/as2_behaviors_perception/lib:/root/aerostack2_ws/install/as2_behaviors_path_planning/lib:/root/aerostack2_ws/install/as2_behavior_tree/lib:/root/aerostack2_ws/install/as2_behavior/lib:/opt/ros/humble/opt/rviz_ogre_vendor/lib:/opt/ros/humble/lib/x86_64-linux-gnu:/opt/ros/humble/lib /usr/bin/cmake --build /root/aerostack2_ws/build/as2_gazebo_assets -- -j8 -l8
[2.492s] Level 1:colcon.colcon_core.environment:create_environment_scripts_only(as2_platform_multirotor_simulator)
[2.493s] Level 1:colcon.colcon_core.environment:checking '/root/aerostack2_ws/install/as2_platform_multirotor_simulator' for CMake module files
[2.492s] DEBUG:colcon.colcon_core.event_handler.log_command:Invoking command in '/root/aerostack2_ws/build/as2_gazebo_assets': CMAKE_PREFIX_PATH=/root/aerostack2_ws/install/as2_core:/root/aerostack2_ws/install/as2_msgs:/root/aerostack2_ws/install/rmf_demos_gz_classic:/root/aerostack2_ws/install/rmf_demos_gz:/root/aerostack2_ws/install/rmf_demos:/root/aerostack2_ws/install/rmf_demos_maps:/root/aerostack2_ws/install/aerostack2:/root/aerostack2_ws/install/as2_usb_camera_interface:/root/aerostack2_ws/install/as2_state_estimator:/root/aerostack2_ws/install/as2_rviz_plugins:/root/aerostack2_ws/install/as2_realsense_interface:/root/aerostack2_ws/install/as2_platform_multirotor_simulator:/root/aerostack2_ws/install/as2_platform_gazebo:/root/aerostack2_ws/install/as2_motion_controller:/root/aerostack2_ws/install/as2_behaviors_trajectory_generation:/root/aerostack2_ws/install/as2_behaviors_swarm_flocking:/root/aerostack2_ws/install/as2_behaviors_motion:/root/aerostack2_ws/install/as2_motion_reference_handlers:/root/aerostack2_ws/install/as2_map_server:/root/aerostack2_ws/install/as2_geozones:/root/aerostack2_ws/install/as2_gazebo_assets:/root/aerostack2_ws/install/as2_external_object_to_tf:/root/aerostack2_ws/install/as2_behaviors_platform:/root/aerostack2_ws/install/as2_behaviors_perception:/root/aerostack2_ws/install/as2_behaviors_path_planning:/root/aerostack2_ws/install/as2_behavior_tree:/root/aerostack2_ws/install/as2_behavior:/root/aerostack2_ws/install/as2_alphanumeric_viewer:/root/aerostack2_ws/install/as2_cli:/root/aerostack2_ws/install/rmf_demos_tasks:/root/aerostack2_ws/install/rmf_demos_panel:/root/aerostack2_ws/install/rmf_demos_fleet_adapter:/root/aerostack2_ws/install/rmf_demos_dashboard_resources:/root/aerostack2_ws/install/rmf_demos_bridges:/root/aerostack2_ws/install/rmf_demos_assets:/root/aerostack2_ws/install/as2_visualization:/root/aerostack2_ws/install/as2_keyboard_teleoperation:/root/aerostack2_ws/install/as2_python_api:/root/aerostack2_ws/install/as2_perception:/opt/ros/humble LD_LIBRARY_PATH=/root/aerostack2_ws/install/as2_core/lib:/root/aerostack2_ws/install/as2_msgs/lib:/root/aerostack2_ws/install/as2_state_estimator/lib:/root/aerostack2_ws/install/as2_python_api/lib:/root/aerostack2_ws/install/as2_motion_controller/lib:/root/aerostack2_ws/install/as2_behaviors_trajectory_generation/lib:/root/aerostack2_ws/install/as2_behaviors_swarm_flocking/lib:/root/aerostack2_ws/install/as2_behaviors_motion/lib:/root/aerostack2_ws/install/as2_motion_reference_handlers/lib:/root/aerostack2_ws/install/as2_map_server/lib:/root/aerostack2_ws/install/as2_gazebo_assets/lib:/root/aerostack2_ws/install/as2_behaviors_perception/lib:/root/aerostack2_ws/install/as2_behaviors_path_planning/lib:/root/aerostack2_ws/install/as2_behavior_tree/lib:/root/aerostack2_ws/install/as2_behavior/lib:/opt/ros/humble/opt/rviz_ogre_vendor/lib:/opt/ros/humble/lib/x86_64-linux-gnu:/opt/ros/humble/lib /usr/bin/cmake --install /root/aerostack2_ws/build/as2_gazebo_assets
[2.493s] Level 1:colcon.colcon_core.environment:checking '/root/aerostack2_ws/install/as2_platform_multirotor_simulator' for CMake config files
[2.493s] Level 1:colcon.colcon_core.shell:create_environment_hook('as2_platform_multirotor_simulator', 'cmake_prefix_path')
[2.494s] INFO:colcon.colcon_core.shell:Creating environment hook '/root/aerostack2_ws/install/as2_platform_multirotor_simulator/share/as2_platform_multirotor_simulator/hook/cmake_prefix_path.ps1'
[2.495s] DEBUG:colcon.colcon_core.event_handler.log_command:Invoked command in '/root/aerostack2_ws/build/as2_platform_multirotor_simulator' returned '0': CMAKE_PREFIX_PATH=/root/aerostack2_ws/install/as2_core:/root/aerostack2_ws/install/as2_msgs:/root/aerostack2_ws/install/rmf_demos_gz_classic:/root/aerostack2_ws/install/rmf_demos_gz:/root/aerostack2_ws/install/rmf_demos:/root/aerostack2_ws/install/rmf_demos_maps:/root/aerostack2_ws/install/aerostack2:/root/aerostack2_ws/install/as2_usb_camera_interface:/root/aerostack2_ws/install/as2_state_estimator:/root/aerostack2_ws/install/as2_rviz_plugins:/root/aerostack2_ws/install/as2_realsense_interface:/root/aerostack2_ws/install/as2_platform_multirotor_simulator:/root/aerostack2_ws/install/as2_platform_gazebo:/root/aerostack2_ws/install/as2_motion_controller:/root/aerostack2_ws/install/as2_behaviors_trajectory_generation:/root/aerostack2_ws/install/as2_behaviors_swarm_flocking:/root/aerostack2_ws/install/as2_behaviors_motion:/root/aerostack2_ws/install/as2_motion_reference_handlers:/root/aerostack2_ws/install/as2_map_server:/root/aerostack2_ws/install/as2_geozones:/root/aerostack2_ws/install/as2_gazebo_assets:/root/aerostack2_ws/install/as2_external_object_to_tf:/root/aerostack2_ws/install/as2_behaviors_platform:/root/aerostack2_ws/install/as2_behaviors_perception:/root/aerostack2_ws/install/as2_behaviors_path_planning:/root/aerostack2_ws/install/as2_behavior_tree:/root/aerostack2_ws/install/as2_behavior:/root/aerostack2_ws/install/as2_alphanumeric_viewer:/root/aerostack2_ws/install/as2_cli:/root/aerostack2_ws/install/rmf_demos_tasks:/root/aerostack2_ws/install/rmf_demos_panel:/root/aerostack2_ws/install/rmf_demos_fleet_adapter:/root/aerostack2_ws/install/rmf_demos_dashboard_resources:/root/aerostack2_ws/install/rmf_demos_bridges:/root/aerostack2_ws/install/rmf_demos_assets:/root/aerostack2_ws/install/as2_visualization:/root/aerostack2_ws/install/as2_keyboard_teleoperation:/root/aerostack2_ws/install/as2_python_api:/root/aerostack2_ws/install/as2_perception:/opt/ros/humble LD_LIBRARY_PATH=/root/aerostack2_ws/install/as2_core/lib:/root/aerostack2_ws/install/as2_msgs/lib:/root/aerostack2_ws/install/as2_state_estimator/lib:/root/aerostack2_ws/install/as2_python_api/lib:/root/aerostack2_ws/install/as2_motion_controller/lib:/root/aerostack2_ws/install/as2_behaviors_trajectory_generation/lib:/root/aerostack2_ws/install/as2_behaviors_swarm_flocking/lib:/root/aerostack2_ws/install/as2_behaviors_motion/lib:/root/aerostack2_ws/install/as2_motion_reference_handlers/lib:/root/aerostack2_ws/install/as2_map_server/lib:/root/aerostack2_ws/install/as2_gazebo_assets/lib:/root/aerostack2_ws/install/as2_behaviors_perception/lib:/root/aerostack2_ws/install/as2_behaviors_path_planning/lib:/root/aerostack2_ws/install/as2_behavior_tree/lib:/root/aerostack2_ws/install/as2_behavior/lib:/opt/ros/humble/opt/rviz_ogre_vendor/lib:/opt/ros/humble/lib/x86_64-linux-gnu:/opt/ros/humble/lib /usr/bin/cmake --install /root/aerostack2_ws/build/as2_platform_multirotor_simulator
[2.495s] INFO:colcon.colcon_core.shell:Creating environment descriptor '/root/aerostack2_ws/install/as2_platform_multirotor_simulator/share/as2_platform_multirotor_simulator/hook/cmake_prefix_path.dsv'
[2.495s] INFO:colcon.colcon_core.shell:Creating environment hook '/root/aerostack2_ws/install/as2_platform_multirotor_simulator/share/as2_platform_multirotor_simulator/hook/cmake_prefix_path.sh'
[2.496s] Level 1:colcon.colcon_core.environment:checking '/root/aerostack2_ws/install/as2_platform_multirotor_simulator/lib'
[2.496s] Level 1:colcon.colcon_core.environment:checking '/root/aerostack2_ws/install/as2_platform_multirotor_simulator/bin'
[2.496s] Level 1:colcon.colcon_core.environment:checking '/root/aerostack2_ws/install/as2_platform_multirotor_simulator/lib/pkgconfig/as2_platform_multirotor_simulator.pc'
[2.496s] Level 1:colcon.colcon_core.environment:checking '/root/aerostack2_ws/install/as2_platform_multirotor_simulator/lib/python3.10/site-packages'
[2.496s] Level 1:colcon.colcon_core.environment:checking '/root/aerostack2_ws/install/as2_platform_multirotor_simulator/bin'
[2.497s] INFO:colcon.colcon_core.shell:Creating package script '/root/aerostack2_ws/install/as2_platform_multirotor_simulator/share/as2_platform_multirotor_simulator/package.ps1'
[2.497s] INFO:colcon.colcon_core.shell:Creating package descriptor '/root/aerostack2_ws/install/as2_platform_multirotor_simulator/share/as2_platform_multirotor_simulator/package.dsv'
[2.498s] INFO:colcon.colcon_core.shell:Creating package script '/root/aerostack2_ws/install/as2_platform_multirotor_simulator/share/as2_platform_multirotor_simulator/package.sh'
[2.498s] INFO:colcon.colcon_core.shell:Creating package script '/root/aerostack2_ws/install/as2_platform_multirotor_simulator/share/as2_platform_multirotor_simulator/package.bash'
[2.502s] INFO:colcon.colcon_core.shell:Creating package script '/root/aerostack2_ws/install/as2_platform_multirotor_simulator/share/as2_platform_multirotor_simulator/package.zsh'
[2.503s] Level 1:colcon.colcon_core.environment:create_file_with_runtime_dependencies(/root/aerostack2_ws/install/as2_platform_multirotor_simulator/share/colcon-core/packages/as2_platform_multirotor_simulator)
[2.504s] Level 1:colcon.colcon_core.environment:create_environment_scripts_only(as2_platform_multirotor_simulator)
[2.505s] Level 1:colcon.colcon_core.environment:checking '/root/aerostack2_ws/install/as2_platform_multirotor_simulator' for CMake module files
[2.505s] Level 1:colcon.colcon_core.environment:checking '/root/aerostack2_ws/install/as2_platform_multirotor_simulator' for CMake config files
[2.506s] Level 1:colcon.colcon_core.shell:create_environment_hook('as2_platform_multirotor_simulator', 'cmake_prefix_path')
[2.506s] INFO:colcon.colcon_core.shell:Creating environment hook '/root/aerostack2_ws/install/as2_platform_multirotor_simulator/share/as2_platform_multirotor_simulator/hook/cmake_prefix_path.ps1'
[2.506s] INFO:colcon.colcon_core.shell:Creating environment descriptor '/root/aerostack2_ws/install/as2_platform_multirotor_simulator/share/as2_platform_multirotor_simulator/hook/cmake_prefix_path.dsv'
[2.506s] INFO:colcon.colcon_core.shell:Creating environment hook '/root/aerostack2_ws/install/as2_platform_multirotor_simulator/share/as2_platform_multirotor_simulator/hook/cmake_prefix_path.sh'
[2.507s] Level 1:colcon.colcon_core.environment:checking '/root/aerostack2_ws/install/as2_platform_multirotor_simulator/lib'
[2.507s] Level 1:colcon.colcon_core.environment:checking '/root/aerostack2_ws/install/as2_platform_multirotor_simulator/bin'
[2.507s] Level 1:colcon.colcon_core.environment:checking '/root/aerostack2_ws/install/as2_platform_multirotor_simulator/lib/pkgconfig/as2_platform_multirotor_simulator.pc'
[2.507s] Level 1:colcon.colcon_core.environment:checking '/root/aerostack2_ws/install/as2_platform_multirotor_simulator/lib/python3.10/site-packages'
[2.507s] Level 1:colcon.colcon_core.environment:checking '/root/aerostack2_ws/install/as2_platform_multirotor_simulator/bin'
[2.508s] INFO:colcon.colcon_core.shell:Creating package script '/root/aerostack2_ws/install/as2_platform_multirotor_simulator/share/as2_platform_multirotor_simulator/package.ps1'
[2.748s] INFO:colcon.colcon_core.shell:Creating package descriptor '/root/aerostack2_ws/install/as2_platform_multirotor_simulator/share/as2_platform_multirotor_simulator/package.dsv'
[2.758s] INFO:colcon.colcon_core.shell:Creating package script '/root/aerostack2_ws/install/as2_platform_multirotor_simulator/share/as2_platform_multirotor_simulator/package.sh'
[2.767s] INFO:colcon.colcon_core.shell:Creating package script '/root/aerostack2_ws/install/as2_platform_multirotor_simulator/share/as2_platform_multirotor_simulator/package.bash'
[2.775s] INFO:colcon.colcon_core.shell:Creating package script '/root/aerostack2_ws/install/as2_platform_multirotor_simulator/share/as2_platform_multirotor_simulator/package.zsh'
[2.783s] Level 1:colcon.colcon_core.environment:create_file_with_runtime_dependencies(/root/aerostack2_ws/install/as2_platform_multirotor_simulator/share/colcon-core/packages/as2_platform_multirotor_simulator)
[2.817s] DEBUG:colcon.colcon_core.event_handler.log_command:Invoked command in '/root/aerostack2_ws/build/as2_behaviors_path_planning' returned '0': CMAKE_PREFIX_PATH=/root/aerostack2_ws/install/as2_behavior:/root/aerostack2_ws/install/as2_core:/root/aerostack2_ws/install/as2_msgs:/root/aerostack2_ws/install/rmf_demos_gz_classic:/root/aerostack2_ws/install/rmf_demos_gz:/root/aerostack2_ws/install/rmf_demos:/root/aerostack2_ws/install/rmf_demos_maps:/root/aerostack2_ws/install/aerostack2:/root/aerostack2_ws/install/as2_usb_camera_interface:/root/aerostack2_ws/install/as2_state_estimator:/root/aerostack2_ws/install/as2_rviz_plugins:/root/aerostack2_ws/install/as2_realsense_interface:/root/aerostack2_ws/install/as2_platform_multirotor_simulator:/root/aerostack2_ws/install/as2_platform_gazebo:/root/aerostack2_ws/install/as2_motion_controller:/root/aerostack2_ws/install/as2_behaviors_trajectory_generation:/root/aerostack2_ws/install/as2_behaviors_swarm_flocking:/root/aerostack2_ws/install/as2_behaviors_motion:/root/aerostack2_ws/install/as2_motion_reference_handlers:/root/aerostack2_ws/install/as2_map_server:/root/aerostack2_ws/install/as2_geozones:/root/aerostack2_ws/install/as2_gazebo_assets:/root/aerostack2_ws/install/as2_external_object_to_tf:/root/aerostack2_ws/install/as2_behaviors_platform:/root/aerostack2_ws/install/as2_behaviors_perception:/root/aerostack2_ws/install/as2_behaviors_path_planning:/root/aerostack2_ws/install/as2_behavior_tree:/root/aerostack2_ws/install/as2_alphanumeric_viewer:/root/aerostack2_ws/install/as2_cli:/root/aerostack2_ws/install/rmf_demos_tasks:/root/aerostack2_ws/install/rmf_demos_panel:/root/aerostack2_ws/install/rmf_demos_fleet_adapter:/root/aerostack2_ws/install/rmf_demos_dashboard_resources:/root/aerostack2_ws/install/rmf_demos_bridges:/root/aerostack2_ws/install/rmf_demos_assets:/root/aerostack2_ws/install/as2_visualization:/root/aerostack2_ws/install/as2_keyboard_teleoperation:/root/aerostack2_ws/install/as2_python_api:/root/aerostack2_ws/install/as2_perception:/opt/ros/humble LD_LIBRARY_PATH=/root/aerostack2_ws/install/as2_behavior/lib:/root/aerostack2_ws/install/as2_core/lib:/root/aerostack2_ws/install/as2_msgs/lib:/root/aerostack2_ws/install/as2_state_estimator/lib:/root/aerostack2_ws/install/as2_python_api/lib:/root/aerostack2_ws/install/as2_motion_controller/lib:/root/aerostack2_ws/install/as2_behaviors_trajectory_generation/lib:/root/aerostack2_ws/install/as2_behaviors_swarm_flocking/lib:/root/aerostack2_ws/install/as2_behaviors_motion/lib:/root/aerostack2_ws/install/as2_motion_reference_handlers/lib:/root/aerostack2_ws/install/as2_map_server/lib:/root/aerostack2_ws/install/as2_gazebo_assets/lib:/root/aerostack2_ws/install/as2_behaviors_perception/lib:/root/aerostack2_ws/install/as2_behaviors_path_planning/lib:/root/aerostack2_ws/install/as2_behavior_tree/lib:/opt/ros/humble/opt/rviz_ogre_vendor/lib:/opt/ros/humble/lib/x86_64-linux-gnu:/opt/ros/humble/lib /usr/bin/cmake --build /root/aerostack2_ws/build/as2_behaviors_path_planning -- -j8 -l8
[2.832s] DEBUG:colcon.colcon_core.event_handler.log_command:Invoking command in '/root/aerostack2_ws/build/as2_behaviors_path_planning': CMAKE_PREFIX_PATH=/root/aerostack2_ws/install/as2_behavior:/root/aerostack2_ws/install/as2_core:/root/aerostack2_ws/install/as2_msgs:/root/aerostack2_ws/install/rmf_demos_gz_classic:/root/aerostack2_ws/install/rmf_demos_gz:/root/aerostack2_ws/install/rmf_demos:/root/aerostack2_ws/install/rmf_demos_maps:/root/aerostack2_ws/install/aerostack2:/root/aerostack2_ws/install/as2_usb_camera_interface:/root/aerostack2_ws/install/as2_state_estimator:/root/aerostack2_ws/install/as2_rviz_plugins:/root/aerostack2_ws/install/as2_realsense_interface:/root/aerostack2_ws/install/as2_platform_multirotor_simulator:/root/aerostack2_ws/install/as2_platform_gazebo:/root/aerostack2_ws/install/as2_motion_controller:/root/aerostack2_ws/install/as2_behaviors_trajectory_generation:/root/aerostack2_ws/install/as2_behaviors_swarm_flocking:/root/aerostack2_ws/install/as2_behaviors_motion:/root/aerostack2_ws/install/as2_motion_reference_handlers:/root/aerostack2_ws/install/as2_map_server:/root/aerostack2_ws/install/as2_geozones:/root/aerostack2_ws/install/as2_gazebo_assets:/root/aerostack2_ws/install/as2_external_object_to_tf:/root/aerostack2_ws/install/as2_behaviors_platform:/root/aerostack2_ws/install/as2_behaviors_perception:/root/aerostack2_ws/install/as2_behaviors_path_planning:/root/aerostack2_ws/install/as2_behavior_tree:/root/aerostack2_ws/install/as2_alphanumeric_viewer:/root/aerostack2_ws/install/as2_cli:/root/aerostack2_ws/install/rmf_demos_tasks:/root/aerostack2_ws/install/rmf_demos_panel:/root/aerostack2_ws/install/rmf_demos_fleet_adapter:/root/aerostack2_ws/install/rmf_demos_dashboard_resources:/root/aerostack2_ws/install/rmf_demos_bridges:/root/aerostack2_ws/install/rmf_demos_assets:/root/aerostack2_ws/install/as2_visualization:/root/aerostack2_ws/install/as2_keyboard_teleoperation:/root/aerostack2_ws/install/as2_python_api:/root/aerostack2_ws/install/as2_perception:/opt/ros/humble LD_LIBRARY_PATH=/root/aerostack2_ws/install/as2_behavior/lib:/root/aerostack2_ws/install/as2_core/lib:/root/aerostack2_ws/install/as2_msgs/lib:/root/aerostack2_ws/install/as2_state_estimator/lib:/root/aerostack2_ws/install/as2_python_api/lib:/root/aerostack2_ws/install/as2_motion_controller/lib:/root/aerostack2_ws/install/as2_behaviors_trajectory_generation/lib:/root/aerostack2_ws/install/as2_behaviors_swarm_flocking/lib:/root/aerostack2_ws/install/as2_behaviors_motion/lib:/root/aerostack2_ws/install/as2_motion_reference_handlers/lib:/root/aerostack2_ws/install/as2_map_server/lib:/root/aerostack2_ws/install/as2_gazebo_assets/lib:/root/aerostack2_ws/install/as2_behaviors_perception/lib:/root/aerostack2_ws/install/as2_behaviors_path_planning/lib:/root/aerostack2_ws/install/as2_behavior_tree/lib:/opt/ros/humble/opt/rviz_ogre_vendor/lib:/opt/ros/humble/lib/x86_64-linux-gnu:/opt/ros/humble/lib /usr/bin/cmake --install /root/aerostack2_ws/build/as2_behaviors_path_planning
[2.849s] DEBUG:colcon.colcon_core.event_handler.log_command:Invoked command in '/root/aerostack2_ws/build/as2_usb_camera_interface' returned '0': CMAKE_PREFIX_PATH=/root/aerostack2_ws/install/as2_core:/root/aerostack2_ws/install/as2_msgs:/root/aerostack2_ws/install/rmf_demos_gz_classic:/root/aerostack2_ws/install/rmf_demos_gz:/root/aerostack2_ws/install/rmf_demos:/root/aerostack2_ws/install/rmf_demos_maps:/root/aerostack2_ws/install/aerostack2:/root/aerostack2_ws/install/as2_usb_camera_interface:/root/aerostack2_ws/install/as2_state_estimator:/root/aerostack2_ws/install/as2_rviz_plugins:/root/aerostack2_ws/install/as2_realsense_interface:/root/aerostack2_ws/install/as2_platform_multirotor_simulator:/root/aerostack2_ws/install/as2_platform_gazebo:/root/aerostack2_ws/install/as2_motion_controller:/root/aerostack2_ws/install/as2_behaviors_trajectory_generation:/root/aerostack2_ws/install/as2_behaviors_swarm_flocking:/root/aerostack2_ws/install/as2_behaviors_motion:/root/aerostack2_ws/install/as2_motion_reference_handlers:/root/aerostack2_ws/install/as2_map_server:/root/aerostack2_ws/install/as2_geozones:/root/aerostack2_ws/install/as2_gazebo_assets:/root/aerostack2_ws/install/as2_external_object_to_tf:/root/aerostack2_ws/install/as2_behaviors_platform:/root/aerostack2_ws/install/as2_behaviors_perception:/root/aerostack2_ws/install/as2_behaviors_path_planning:/root/aerostack2_ws/install/as2_behavior_tree:/root/aerostack2_ws/install/as2_behavior:/root/aerostack2_ws/install/as2_alphanumeric_viewer:/root/aerostack2_ws/install/as2_cli:/root/aerostack2_ws/install/rmf_demos_tasks:/root/aerostack2_ws/install/rmf_demos_panel:/root/aerostack2_ws/install/rmf_demos_fleet_adapter:/root/aerostack2_ws/install/rmf_demos_dashboard_resources:/root/aerostack2_ws/install/rmf_demos_bridges:/root/aerostack2_ws/install/rmf_demos_assets:/root/aerostack2_ws/install/as2_visualization:/root/aerostack2_ws/install/as2_keyboard_teleoperation:/root/aerostack2_ws/install/as2_python_api:/root/aerostack2_ws/install/as2_perception:/opt/ros/humble LD_LIBRARY_PATH=/root/aerostack2_ws/install/as2_core/lib:/root/aerostack2_ws/install/as2_msgs/lib:/root/aerostack2_ws/install/as2_state_estimator/lib:/root/aerostack2_ws/install/as2_python_api/lib:/root/aerostack2_ws/install/as2_motion_controller/lib:/root/aerostack2_ws/install/as2_behaviors_trajectory_generation/lib:/root/aerostack2_ws/install/as2_behaviors_swarm_flocking/lib:/root/aerostack2_ws/install/as2_behaviors_motion/lib:/root/aerostack2_ws/install/as2_motion_reference_handlers/lib:/root/aerostack2_ws/install/as2_map_server/lib:/root/aerostack2_ws/install/as2_gazebo_assets/lib:/root/aerostack2_ws/install/as2_behaviors_perception/lib:/root/aerostack2_ws/install/as2_behaviors_path_planning/lib:/root/aerostack2_ws/install/as2_behavior_tree/lib:/root/aerostack2_ws/install/as2_behavior/lib:/opt/ros/humble/opt/rviz_ogre_vendor/lib:/opt/ros/humble/lib/x86_64-linux-gnu:/opt/ros/humble/lib /usr/bin/cmake --build /root/aerostack2_ws/build/as2_usb_camera_interface -- -j8 -l8
[2.864s] DEBUG:colcon.colcon_core.event_handler.log_command:Invoking command in '/root/aerostack2_ws/build/as2_usb_camera_interface': CMAKE_PREFIX_PATH=/root/aerostack2_ws/install/as2_core:/root/aerostack2_ws/install/as2_msgs:/root/aerostack2_ws/install/rmf_demos_gz_classic:/root/aerostack2_ws/install/rmf_demos_gz:/root/aerostack2_ws/install/rmf_demos:/root/aerostack2_ws/install/rmf_demos_maps:/root/aerostack2_ws/install/aerostack2:/root/aerostack2_ws/install/as2_usb_camera_interface:/root/aerostack2_ws/install/as2_state_estimator:/root/aerostack2_ws/install/as2_rviz_plugins:/root/aerostack2_ws/install/as2_realsense_interface:/root/aerostack2_ws/install/as2_platform_multirotor_simulator:/root/aerostack2_ws/install/as2_platform_gazebo:/root/aerostack2_ws/install/as2_motion_controller:/root/aerostack2_ws/install/as2_behaviors_trajectory_generation:/root/aerostack2_ws/install/as2_behaviors_swarm_flocking:/root/aerostack2_ws/install/as2_behaviors_motion:/root/aerostack2_ws/install/as2_motion_reference_handlers:/root/aerostack2_ws/install/as2_map_server:/root/aerostack2_ws/install/as2_geozones:/root/aerostack2_ws/install/as2_gazebo_assets:/root/aerostack2_ws/install/as2_external_object_to_tf:/root/aerostack2_ws/install/as2_behaviors_platform:/root/aerostack2_ws/install/as2_behaviors_perception:/root/aerostack2_ws/install/as2_behaviors_path_planning:/root/aerostack2_ws/install/as2_behavior_tree:/root/aerostack2_ws/install/as2_behavior:/root/aerostack2_ws/install/as2_alphanumeric_viewer:/root/aerostack2_ws/install/as2_cli:/root/aerostack2_ws/install/rmf_demos_tasks:/root/aerostack2_ws/install/rmf_demos_panel:/root/aerostack2_ws/install/rmf_demos_fleet_adapter:/root/aerostack2_ws/install/rmf_demos_dashboard_resources:/root/aerostack2_ws/install/rmf_demos_bridges:/root/aerostack2_ws/install/rmf_demos_assets:/root/aerostack2_ws/install/as2_visualization:/root/aerostack2_ws/install/as2_keyboard_teleoperation:/root/aerostack2_ws/install/as2_python_api:/root/aerostack2_ws/install/as2_perception:/opt/ros/humble LD_LIBRARY_PATH=/root/aerostack2_ws/install/as2_core/lib:/root/aerostack2_ws/install/as2_msgs/lib:/root/aerostack2_ws/install/as2_state_estimator/lib:/root/aerostack2_ws/install/as2_python_api/lib:/root/aerostack2_ws/install/as2_motion_controller/lib:/root/aerostack2_ws/install/as2_behaviors_trajectory_generation/lib:/root/aerostack2_ws/install/as2_behaviors_swarm_flocking/lib:/root/aerostack2_ws/install/as2_behaviors_motion/lib:/root/aerostack2_ws/install/as2_motion_reference_handlers/lib:/root/aerostack2_ws/install/as2_map_server/lib:/root/aerostack2_ws/install/as2_gazebo_assets/lib:/root/aerostack2_ws/install/as2_behaviors_perception/lib:/root/aerostack2_ws/install/as2_behaviors_path_planning/lib:/root/aerostack2_ws/install/as2_behavior_tree/lib:/root/aerostack2_ws/install/as2_behavior/lib:/opt/ros/humble/opt/rviz_ogre_vendor/lib:/opt/ros/humble/lib/x86_64-linux-gnu:/opt/ros/humble/lib /usr/bin/cmake --install /root/aerostack2_ws/build/as2_usb_camera_interface
[2.876s] INFO:colcon.colcon_ros.task.ament_cmake.build:Building ROS package in '/root/aerostack2_ws/src/aerostack2/as2_behaviors/as2_behaviors_motion' with build type 'ament_cmake'
[2.885s] INFO:colcon.colcon_cmake.task.cmake.build:Building CMake package in '/root/aerostack2_ws/src/aerostack2/as2_behaviors/as2_behaviors_motion'
[2.891s] INFO:colcon.colcon_core.shell:Skip shell extension 'powershell' for command environment: Not usable outside of PowerShell
[2.898s] DEBUG:colcon.colcon_core.shell:Skip shell extension 'dsv' for command environment
[3.685s] Level 1:colcon.colcon_core.environment:create_environment_scripts_only(as2_realsense_interface)
[3.700s] Level 1:colcon.colcon_core.environment:checking '/root/aerostack2_ws/install/as2_realsense_interface' for CMake module files
[3.746s] Level 1:colcon.colcon_core.environment:checking '/root/aerostack2_ws/install/as2_realsense_interface' for CMake config files
[3.754s] Level 1:colcon.colcon_core.shell:create_environment_hook('as2_realsense_interface', 'cmake_prefix_path')
[3.760s] INFO:colcon.colcon_core.shell:Creating environment hook '/root/aerostack2_ws/install/as2_realsense_interface/share/as2_realsense_interface/hook/cmake_prefix_path.ps1'
[3.784s] INFO:colcon.colcon_core.shell:Creating environment descriptor '/root/aerostack2_ws/install/as2_realsense_interface/share/as2_realsense_interface/hook/cmake_prefix_path.dsv'
[3.799s] INFO:colcon.colcon_core.shell:Creating environment hook '/root/aerostack2_ws/install/as2_realsense_interface/share/as2_realsense_interface/hook/cmake_prefix_path.sh'
[3.823s] Level 1:colcon.colcon_core.environment:checking '/root/aerostack2_ws/install/as2_realsense_interface/lib'
[3.837s] Level 1:colcon.colcon_core.environment:checking '/root/aerostack2_ws/install/as2_realsense_interface/bin'
[3.839s] Level 1:colcon.colcon_core.environment:checking '/root/aerostack2_ws/install/as2_realsense_interface/lib/pkgconfig/as2_realsense_interface.pc'
[3.843s] Level 1:colcon.colcon_core.environment:checking '/root/aerostack2_ws/install/as2_realsense_interface/lib/python3.10/site-packages'
[3.849s] Level 1:colcon.colcon_core.environment:checking '/root/aerostack2_ws/install/as2_realsense_interface/bin'
[3.856s] INFO:colcon.colcon_core.shell:Creating package script '/root/aerostack2_ws/install/as2_realsense_interface/share/as2_realsense_interface/package.ps1'
[3.877s] INFO:colcon.colcon_core.shell:Creating package descriptor '/root/aerostack2_ws/install/as2_realsense_interface/share/as2_realsense_interface/package.dsv'
[3.880s] DEBUG:colcon.colcon_core.event_handler.log_command:Invoked command in '/root/aerostack2_ws/build/as2_realsense_interface' returned '0': CMAKE_PREFIX_PATH=/root/aerostack2_ws/install/as2_core:/root/aerostack2_ws/install/as2_msgs:/root/aerostack2_ws/install/rmf_demos_gz_classic:/root/aerostack2_ws/install/rmf_demos_gz:/root/aerostack2_ws/install/rmf_demos:/root/aerostack2_ws/install/rmf_demos_maps:/root/aerostack2_ws/install/aerostack2:/root/aerostack2_ws/install/as2_usb_camera_interface:/root/aerostack2_ws/install/as2_state_estimator:/root/aerostack2_ws/install/as2_rviz_plugins:/root/aerostack2_ws/install/as2_realsense_interface:/root/aerostack2_ws/install/as2_platform_multirotor_simulator:/root/aerostack2_ws/install/as2_platform_gazebo:/root/aerostack2_ws/install/as2_motion_controller:/root/aerostack2_ws/install/as2_behaviors_trajectory_generation:/root/aerostack2_ws/install/as2_behaviors_swarm_flocking:/root/aerostack2_ws/install/as2_behaviors_motion:/root/aerostack2_ws/install/as2_motion_reference_handlers:/root/aerostack2_ws/install/as2_map_server:/root/aerostack2_ws/install/as2_geozones:/root/aerostack2_ws/install/as2_gazebo_assets:/root/aerostack2_ws/install/as2_external_object_to_tf:/root/aerostack2_ws/install/as2_behaviors_platform:/root/aerostack2_ws/install/as2_behaviors_perception:/root/aerostack2_ws/install/as2_behaviors_path_planning:/root/aerostack2_ws/install/as2_behavior_tree:/root/aerostack2_ws/install/as2_behavior:/root/aerostack2_ws/install/as2_alphanumeric_viewer:/root/aerostack2_ws/install/as2_cli:/root/aerostack2_ws/install/rmf_demos_tasks:/root/aerostack2_ws/install/rmf_demos_panel:/root/aerostack2_ws/install/rmf_demos_fleet_adapter:/root/aerostack2_ws/install/rmf_demos_dashboard_resources:/root/aerostack2_ws/install/rmf_demos_bridges:/root/aerostack2_ws/install/rmf_demos_assets:/root/aerostack2_ws/install/as2_visualization:/root/aerostack2_ws/install/as2_keyboard_teleoperation:/root/aerostack2_ws/install/as2_python_api:/root/aerostack2_ws/install/as2_perception:/opt/ros/humble LD_LIBRARY_PATH=/root/aerostack2_ws/install/as2_core/lib:/root/aerostack2_ws/install/as2_msgs/lib:/root/aerostack2_ws/install/as2_state_estimator/lib:/root/aerostack2_ws/install/as2_python_api/lib:/root/aerostack2_ws/install/as2_motion_controller/lib:/root/aerostack2_ws/install/as2_behaviors_trajectory_generation/lib:/root/aerostack2_ws/install/as2_behaviors_swarm_flocking/lib:/root/aerostack2_ws/install/as2_behaviors_motion/lib:/root/aerostack2_ws/install/as2_motion_reference_handlers/lib:/root/aerostack2_ws/install/as2_map_server/lib:/root/aerostack2_ws/install/as2_gazebo_assets/lib:/root/aerostack2_ws/install/as2_behaviors_perception/lib:/root/aerostack2_ws/install/as2_behaviors_path_planning/lib:/root/aerostack2_ws/install/as2_behavior_tree/lib:/root/aerostack2_ws/install/as2_behavior/lib:/opt/ros/humble/opt/rviz_ogre_vendor/lib:/opt/ros/humble/lib/x86_64-linux-gnu:/opt/ros/humble/lib /usr/bin/cmake --install /root/aerostack2_ws/build/as2_realsense_interface
[3.881s] INFO:colcon.colcon_core.shell:Creating package script '/root/aerostack2_ws/install/as2_realsense_interface/share/as2_realsense_interface/package.sh'
[3.883s] INFO:colcon.colcon_core.shell:Creating package script '/root/aerostack2_ws/install/as2_realsense_interface/share/as2_realsense_interface/package.bash'
[3.885s] INFO:colcon.colcon_core.shell:Creating package script '/root/aerostack2_ws/install/as2_realsense_interface/share/as2_realsense_interface/package.zsh'
[3.885s] Level 1:colcon.colcon_core.environment:create_file_with_runtime_dependencies(/root/aerostack2_ws/install/as2_realsense_interface/share/colcon-core/packages/as2_realsense_interface)
[3.887s] Level 1:colcon.colcon_core.environment:create_environment_scripts_only(as2_realsense_interface)
[3.887s] Level 1:colcon.colcon_core.environment:checking '/root/aerostack2_ws/install/as2_realsense_interface' for CMake module files
[3.887s] Level 1:colcon.colcon_core.environment:checking '/root/aerostack2_ws/install/as2_realsense_interface' for CMake config files
[3.887s] Level 1:colcon.colcon_core.shell:create_environment_hook('as2_realsense_interface', 'cmake_prefix_path')
[3.887s] INFO:colcon.colcon_core.shell:Creating environment hook '/root/aerostack2_ws/install/as2_realsense_interface/share/as2_realsense_interface/hook/cmake_prefix_path.ps1'
[3.888s] INFO:colcon.colcon_core.shell:Creating environment descriptor '/root/aerostack2_ws/install/as2_realsense_interface/share/as2_realsense_interface/hook/cmake_prefix_path.dsv'
[3.888s] INFO:colcon.colcon_core.shell:Creating environment hook '/root/aerostack2_ws/install/as2_realsense_interface/share/as2_realsense_interface/hook/cmake_prefix_path.sh'
[3.888s] Level 1:colcon.colcon_core.environment:checking '/root/aerostack2_ws/install/as2_realsense_interface/lib'
[3.888s] Level 1:colcon.colcon_core.environment:checking '/root/aerostack2_ws/install/as2_realsense_interface/bin'
[3.888s] Level 1:colcon.colcon_core.environment:checking '/root/aerostack2_ws/install/as2_realsense_interface/lib/pkgconfig/as2_realsense_interface.pc'
[3.888s] Level 1:colcon.colcon_core.environment:checking '/root/aerostack2_ws/install/as2_realsense_interface/lib/python3.10/site-packages'
[3.889s] Level 1:colcon.colcon_core.environment:checking '/root/aerostack2_ws/install/as2_realsense_interface/bin'
[3.889s] INFO:colcon.colcon_core.shell:Creating package script '/root/aerostack2_ws/install/as2_realsense_interface/share/as2_realsense_interface/package.ps1'
[3.889s] INFO:colcon.colcon_core.shell:Creating package descriptor '/root/aerostack2_ws/install/as2_realsense_interface/share/as2_realsense_interface/package.dsv'
[3.889s] INFO:colcon.colcon_core.shell:Creating package script '/root/aerostack2_ws/install/as2_realsense_interface/share/as2_realsense_interface/package.sh'
[3.890s] INFO:colcon.colcon_core.shell:Creating package script '/root/aerostack2_ws/install/as2_realsense_interface/share/as2_realsense_interface/package.bash'
[3.890s] INFO:colcon.colcon_core.shell:Creating package script '/root/aerostack2_ws/install/as2_realsense_interface/share/as2_realsense_interface/package.zsh'
[3.890s] Level 1:colcon.colcon_core.environment:create_file_with_runtime_dependencies(/root/aerostack2_ws/install/as2_realsense_interface/share/colcon-core/packages/as2_realsense_interface)
[3.891s] INFO:colcon.colcon_ros.task.ament_cmake.build:Building ROS package in '/root/aerostack2_ws/src/aerostack2/as2_behaviors/as2_behaviors_platform' with build type 'ament_cmake'
[3.891s] INFO:colcon.colcon_cmake.task.cmake.build:Building CMake package in '/root/aerostack2_ws/src/aerostack2/as2_behaviors/as2_behaviors_platform'
[3.891s] INFO:colcon.colcon_core.shell:Skip shell extension 'powershell' for command environment: Not usable outside of PowerShell
[3.891s] DEBUG:colcon.colcon_core.shell:Skip shell extension 'dsv' for command environment
[3.895s] Level 1:colcon.colcon_core.environment:create_environment_scripts_only(as2_behaviors_perception)
[3.895s] Level 1:colcon.colcon_core.environment:checking '/root/aerostack2_ws/install/as2_behaviors_perception' for CMake module files
[3.896s] DEBUG:colcon.colcon_core.event_handler.log_command:Invoked command in '/root/aerostack2_ws/build/as2_behaviors_perception' returned '0': CMAKE_PREFIX_PATH=/root/aerostack2_ws/install/as2_behavior:/root/aerostack2_ws/install/as2_core:/root/aerostack2_ws/install/as2_msgs:/root/aerostack2_ws/install/rmf_demos_gz_classic:/root/aerostack2_ws/install/rmf_demos_gz:/root/aerostack2_ws/install/rmf_demos:/root/aerostack2_ws/install/rmf_demos_maps:/root/aerostack2_ws/install/aerostack2:/root/aerostack2_ws/install/as2_usb_camera_interface:/root/aerostack2_ws/install/as2_state_estimator:/root/aerostack2_ws/install/as2_rviz_plugins:/root/aerostack2_ws/install/as2_realsense_interface:/root/aerostack2_ws/install/as2_platform_multirotor_simulator:/root/aerostack2_ws/install/as2_platform_gazebo:/root/aerostack2_ws/install/as2_motion_controller:/root/aerostack2_ws/install/as2_behaviors_trajectory_generation:/root/aerostack2_ws/install/as2_behaviors_swarm_flocking:/root/aerostack2_ws/install/as2_behaviors_motion:/root/aerostack2_ws/install/as2_motion_reference_handlers:/root/aerostack2_ws/install/as2_map_server:/root/aerostack2_ws/install/as2_geozones:/root/aerostack2_ws/install/as2_gazebo_assets:/root/aerostack2_ws/install/as2_external_object_to_tf:/root/aerostack2_ws/install/as2_behaviors_platform:/root/aerostack2_ws/install/as2_behaviors_perception:/root/aerostack2_ws/install/as2_behaviors_path_planning:/root/aerostack2_ws/install/as2_behavior_tree:/root/aerostack2_ws/install/as2_alphanumeric_viewer:/root/aerostack2_ws/install/as2_cli:/root/aerostack2_ws/install/rmf_demos_tasks:/root/aerostack2_ws/install/rmf_demos_panel:/root/aerostack2_ws/install/rmf_demos_fleet_adapter:/root/aerostack2_ws/install/rmf_demos_dashboard_resources:/root/aerostack2_ws/install/rmf_demos_bridges:/root/aerostack2_ws/install/rmf_demos_assets:/root/aerostack2_ws/install/as2_visualization:/root/aerostack2_ws/install/as2_keyboard_teleoperation:/root/aerostack2_ws/install/as2_python_api:/root/aerostack2_ws/install/as2_perception:/opt/ros/humble LD_LIBRARY_PATH=/root/aerostack2_ws/install/as2_behavior/lib:/root/aerostack2_ws/install/as2_core/lib:/root/aerostack2_ws/install/as2_msgs/lib:/root/aerostack2_ws/install/as2_state_estimator/lib:/root/aerostack2_ws/install/as2_python_api/lib:/root/aerostack2_ws/install/as2_motion_controller/lib:/root/aerostack2_ws/install/as2_behaviors_trajectory_generation/lib:/root/aerostack2_ws/install/as2_behaviors_swarm_flocking/lib:/root/aerostack2_ws/install/as2_behaviors_motion/lib:/root/aerostack2_ws/install/as2_motion_reference_handlers/lib:/root/aerostack2_ws/install/as2_map_server/lib:/root/aerostack2_ws/install/as2_gazebo_assets/lib:/root/aerostack2_ws/install/as2_behaviors_perception/lib:/root/aerostack2_ws/install/as2_behaviors_path_planning/lib:/root/aerostack2_ws/install/as2_behavior_tree/lib:/opt/ros/humble/opt/rviz_ogre_vendor/lib:/opt/ros/humble/lib/x86_64-linux-gnu:/opt/ros/humble/lib /usr/bin/cmake --install /root/aerostack2_ws/build/as2_behaviors_perception
[3.896s] Level 1:colcon.colcon_core.environment:checking '/root/aerostack2_ws/install/as2_behaviors_perception' for CMake config files
[3.896s] Level 1:colcon.colcon_core.shell:create_environment_hook('as2_behaviors_perception', 'cmake_prefix_path')
[3.896s] INFO:colcon.colcon_core.shell:Creating environment hook '/root/aerostack2_ws/install/as2_behaviors_perception/share/as2_behaviors_perception/hook/cmake_prefix_path.ps1'
[3.896s] INFO:colcon.colcon_core.shell:Creating environment descriptor '/root/aerostack2_ws/install/as2_behaviors_perception/share/as2_behaviors_perception/hook/cmake_prefix_path.dsv'
[3.897s] INFO:colcon.colcon_core.shell:Creating environment hook '/root/aerostack2_ws/install/as2_behaviors_perception/share/as2_behaviors_perception/hook/cmake_prefix_path.sh'
[3.897s] Level 1:colcon.colcon_core.environment:checking '/root/aerostack2_ws/install/as2_behaviors_perception/lib'
[3.897s] Level 1:colcon.colcon_core.shell:create_environment_hook('as2_behaviors_perception', 'ld_library_path_lib')
[3.897s] INFO:colcon.colcon_core.shell:Creating environment hook '/root/aerostack2_ws/install/as2_behaviors_perception/share/as2_behaviors_perception/hook/ld_library_path_lib.ps1'
[3.897s] INFO:colcon.colcon_core.shell:Creating environment descriptor '/root/aerostack2_ws/install/as2_behaviors_perception/share/as2_behaviors_perception/hook/ld_library_path_lib.dsv'
[3.897s] INFO:colcon.colcon_core.shell:Creating environment hook '/root/aerostack2_ws/install/as2_behaviors_perception/share/as2_behaviors_perception/hook/ld_library_path_lib.sh'
[3.898s] Level 1:colcon.colcon_core.environment:checking '/root/aerostack2_ws/install/as2_behaviors_perception/bin'
[3.898s] Level 1:colcon.colcon_core.environment:checking '/root/aerostack2_ws/install/as2_behaviors_perception/lib/pkgconfig/as2_behaviors_perception.pc'
[3.898s] Level 1:colcon.colcon_core.environment:checking '/root/aerostack2_ws/install/as2_behaviors_perception/lib/python3.10/site-packages'
[3.899s] Level 1:colcon.colcon_core.environment:checking '/root/aerostack2_ws/install/as2_behaviors_perception/bin'
[3.899s] INFO:colcon.colcon_core.shell:Creating package script '/root/aerostack2_ws/install/as2_behaviors_perception/share/as2_behaviors_perception/package.ps1'
[3.900s] INFO:colcon.colcon_core.shell:Creating package descriptor '/root/aerostack2_ws/install/as2_behaviors_perception/share/as2_behaviors_perception/package.dsv'
[3.900s] INFO:colcon.colcon_core.shell:Creating package script '/root/aerostack2_ws/install/as2_behaviors_perception/share/as2_behaviors_perception/package.sh'
[3.900s] INFO:colcon.colcon_core.shell:Creating package script '/root/aerostack2_ws/install/as2_behaviors_perception/share/as2_behaviors_perception/package.bash'
[3.901s] INFO:colcon.colcon_core.shell:Creating package script '/root/aerostack2_ws/install/as2_behaviors_perception/share/as2_behaviors_perception/package.zsh'
[3.901s] Level 1:colcon.colcon_core.environment:create_file_with_runtime_dependencies(/root/aerostack2_ws/install/as2_behaviors_perception/share/colcon-core/packages/as2_behaviors_perception)
[3.901s] Level 1:colcon.colcon_core.environment:create_environment_scripts_only(as2_behaviors_perception)
[3.901s] Level 1:colcon.colcon_core.environment:checking '/root/aerostack2_ws/install/as2_behaviors_perception' for CMake module files
[3.902s] Level 1:colcon.colcon_core.environment:checking '/root/aerostack2_ws/install/as2_behaviors_perception' for CMake config files
[3.902s] Level 1:colcon.colcon_core.shell:create_environment_hook('as2_behaviors_perception', 'cmake_prefix_path')
[3.902s] INFO:colcon.colcon_core.shell:Creating environment hook '/root/aerostack2_ws/install/as2_behaviors_perception/share/as2_behaviors_perception/hook/cmake_prefix_path.ps1'
[3.902s] INFO:colcon.colcon_core.shell:Creating environment descriptor '/root/aerostack2_ws/install/as2_behaviors_perception/share/as2_behaviors_perception/hook/cmake_prefix_path.dsv'
[3.903s] INFO:colcon.colcon_core.shell:Creating environment hook '/root/aerostack2_ws/install/as2_behaviors_perception/share/as2_behaviors_perception/hook/cmake_prefix_path.sh'
[3.903s] Level 1:colcon.colcon_core.environment:checking '/root/aerostack2_ws/install/as2_behaviors_perception/lib'
[3.903s] Level 1:colcon.colcon_core.shell:create_environment_hook('as2_behaviors_perception', 'ld_library_path_lib')
[3.903s] INFO:colcon.colcon_core.shell:Creating environment hook '/root/aerostack2_ws/install/as2_behaviors_perception/share/as2_behaviors_perception/hook/ld_library_path_lib.ps1'
[3.903s] INFO:colcon.colcon_core.shell:Creating environment descriptor '/root/aerostack2_ws/install/as2_behaviors_perception/share/as2_behaviors_perception/hook/ld_library_path_lib.dsv'
[3.903s] INFO:colcon.colcon_core.shell:Creating environment hook '/root/aerostack2_ws/install/as2_behaviors_perception/share/as2_behaviors_perception/hook/ld_library_path_lib.sh'
[3.904s] Level 1:colcon.colcon_core.environment:checking '/root/aerostack2_ws/install/as2_behaviors_perception/bin'
[3.904s] Level 1:colcon.colcon_core.environment:checking '/root/aerostack2_ws/install/as2_behaviors_perception/lib/pkgconfig/as2_behaviors_perception.pc'
[3.904s] Level 1:colcon.colcon_core.environment:checking '/root/aerostack2_ws/install/as2_behaviors_perception/lib/python3.10/site-packages'
[3.904s] Level 1:colcon.colcon_core.environment:checking '/root/aerostack2_ws/install/as2_behaviors_perception/bin'
[3.904s] INFO:colcon.colcon_core.shell:Creating package script '/root/aerostack2_ws/install/as2_behaviors_perception/share/as2_behaviors_perception/package.ps1'
[3.905s] INFO:colcon.colcon_core.shell:Creating package descriptor '/root/aerostack2_ws/install/as2_behaviors_perception/share/as2_behaviors_perception/package.dsv'
[3.905s] INFO:colcon.colcon_core.shell:Creating package script '/root/aerostack2_ws/install/as2_behaviors_perception/share/as2_behaviors_perception/package.sh'
[3.905s] INFO:colcon.colcon_core.shell:Creating package script '/root/aerostack2_ws/install/as2_behaviors_perception/share/as2_behaviors_perception/package.bash'
[3.905s] INFO:colcon.colcon_core.shell:Creating package script '/root/aerostack2_ws/install/as2_behaviors_perception/share/as2_behaviors_perception/package.zsh'
[3.906s] Level 1:colcon.colcon_core.environment:create_file_with_runtime_dependencies(/root/aerostack2_ws/install/as2_behaviors_perception/share/colcon-core/packages/as2_behaviors_perception)
[4.081s] INFO:colcon.colcon_core.task.python.build:Building Python package in '/root/aerostack2_ws/src/aerostack2/as2_python_api'
[4.081s] INFO:colcon.colcon_core.shell:Skip shell extension 'powershell' for command environment: Not usable outside of PowerShell
[4.081s] DEBUG:colcon.colcon_core.shell:Skip shell extension 'dsv' for command environment
[4.085s] DEBUG:colcon.colcon_core.event_handler.log_command:Invoked command in '/root/aerostack2_ws/build/as2_state_estimator' returned '0': CMAKE_PREFIX_PATH=/root/aerostack2_ws/install/as2_core:/root/aerostack2_ws/install/as2_msgs:/root/aerostack2_ws/install/rmf_demos_gz_classic:/root/aerostack2_ws/install/rmf_demos_gz:/root/aerostack2_ws/install/rmf_demos:/root/aerostack2_ws/install/rmf_demos_maps:/root/aerostack2_ws/install/aerostack2:/root/aerostack2_ws/install/as2_usb_camera_interface:/root/aerostack2_ws/install/as2_state_estimator:/root/aerostack2_ws/install/as2_rviz_plugins:/root/aerostack2_ws/install/as2_realsense_interface:/root/aerostack2_ws/install/as2_platform_multirotor_simulator:/root/aerostack2_ws/install/as2_platform_gazebo:/root/aerostack2_ws/install/as2_motion_controller:/root/aerostack2_ws/install/as2_behaviors_trajectory_generation:/root/aerostack2_ws/install/as2_behaviors_swarm_flocking:/root/aerostack2_ws/install/as2_behaviors_motion:/root/aerostack2_ws/install/as2_motion_reference_handlers:/root/aerostack2_ws/install/as2_map_server:/root/aerostack2_ws/install/as2_geozones:/root/aerostack2_ws/install/as2_gazebo_assets:/root/aerostack2_ws/install/as2_external_object_to_tf:/root/aerostack2_ws/install/as2_behaviors_platform:/root/aerostack2_ws/install/as2_behaviors_perception:/root/aerostack2_ws/install/as2_behaviors_path_planning:/root/aerostack2_ws/install/as2_behavior_tree:/root/aerostack2_ws/install/as2_behavior:/root/aerostack2_ws/install/as2_alphanumeric_viewer:/root/aerostack2_ws/install/as2_cli:/root/aerostack2_ws/install/rmf_demos_tasks:/root/aerostack2_ws/install/rmf_demos_panel:/root/aerostack2_ws/install/rmf_demos_fleet_adapter:/root/aerostack2_ws/install/rmf_demos_dashboard_resources:/root/aerostack2_ws/install/rmf_demos_bridges:/root/aerostack2_ws/install/rmf_demos_assets:/root/aerostack2_ws/install/as2_visualization:/root/aerostack2_ws/install/as2_keyboard_teleoperation:/root/aerostack2_ws/install/as2_python_api:/root/aerostack2_ws/install/as2_perception:/opt/ros/humble LD_LIBRARY_PATH=/root/aerostack2_ws/install/as2_core/lib:/root/aerostack2_ws/install/as2_msgs/lib:/root/aerostack2_ws/install/as2_state_estimator/lib:/root/aerostack2_ws/install/as2_python_api/lib:/root/aerostack2_ws/install/as2_motion_controller/lib:/root/aerostack2_ws/install/as2_behaviors_trajectory_generation/lib:/root/aerostack2_ws/install/as2_behaviors_swarm_flocking/lib:/root/aerostack2_ws/install/as2_behaviors_motion/lib:/root/aerostack2_ws/install/as2_motion_reference_handlers/lib:/root/aerostack2_ws/install/as2_map_server/lib:/root/aerostack2_ws/install/as2_gazebo_assets/lib:/root/aerostack2_ws/install/as2_behaviors_perception/lib:/root/aerostack2_ws/install/as2_behaviors_path_planning/lib:/root/aerostack2_ws/install/as2_behavior_tree/lib:/root/aerostack2_ws/install/as2_behavior/lib:/opt/ros/humble/opt/rviz_ogre_vendor/lib:/opt/ros/humble/lib/x86_64-linux-gnu:/opt/ros/humble/lib /usr/bin/cmake --build /root/aerostack2_ws/build/as2_state_estimator -- -j8 -l8
[4.086s] DEBUG:colcon.colcon_core.event_handler.log_command:Invoking command in '/root/aerostack2_ws/build/as2_state_estimator': CMAKE_PREFIX_PATH=/root/aerostack2_ws/install/as2_core:/root/aerostack2_ws/install/as2_msgs:/root/aerostack2_ws/install/rmf_demos_gz_classic:/root/aerostack2_ws/install/rmf_demos_gz:/root/aerostack2_ws/install/rmf_demos:/root/aerostack2_ws/install/rmf_demos_maps:/root/aerostack2_ws/install/aerostack2:/root/aerostack2_ws/install/as2_usb_camera_interface:/root/aerostack2_ws/install/as2_state_estimator:/root/aerostack2_ws/install/as2_rviz_plugins:/root/aerostack2_ws/install/as2_realsense_interface:/root/aerostack2_ws/install/as2_platform_multirotor_simulator:/root/aerostack2_ws/install/as2_platform_gazebo:/root/aerostack2_ws/install/as2_motion_controller:/root/aerostack2_ws/install/as2_behaviors_trajectory_generation:/root/aerostack2_ws/install/as2_behaviors_swarm_flocking:/root/aerostack2_ws/install/as2_behaviors_motion:/root/aerostack2_ws/install/as2_motion_reference_handlers:/root/aerostack2_ws/install/as2_map_server:/root/aerostack2_ws/install/as2_geozones:/root/aerostack2_ws/install/as2_gazebo_assets:/root/aerostack2_ws/install/as2_external_object_to_tf:/root/aerostack2_ws/install/as2_behaviors_platform:/root/aerostack2_ws/install/as2_behaviors_perception:/root/aerostack2_ws/install/as2_behaviors_path_planning:/root/aerostack2_ws/install/as2_behavior_tree:/root/aerostack2_ws/install/as2_behavior:/root/aerostack2_ws/install/as2_alphanumeric_viewer:/root/aerostack2_ws/install/as2_cli:/root/aerostack2_ws/install/rmf_demos_tasks:/root/aerostack2_ws/install/rmf_demos_panel:/root/aerostack2_ws/install/rmf_demos_fleet_adapter:/root/aerostack2_ws/install/rmf_demos_dashboard_resources:/root/aerostack2_ws/install/rmf_demos_bridges:/root/aerostack2_ws/install/rmf_demos_assets:/root/aerostack2_ws/install/as2_visualization:/root/aerostack2_ws/install/as2_keyboard_teleoperation:/root/aerostack2_ws/install/as2_python_api:/root/aerostack2_ws/install/as2_perception:/opt/ros/humble LD_LIBRARY_PATH=/root/aerostack2_ws/install/as2_core/lib:/root/aerostack2_ws/install/as2_msgs/lib:/root/aerostack2_ws/install/as2_state_estimator/lib:/root/aerostack2_ws/install/as2_python_api/lib:/root/aerostack2_ws/install/as2_motion_controller/lib:/root/aerostack2_ws/install/as2_behaviors_trajectory_generation/lib:/root/aerostack2_ws/install/as2_behaviors_swarm_flocking/lib:/root/aerostack2_ws/install/as2_behaviors_motion/lib:/root/aerostack2_ws/install/as2_motion_reference_handlers/lib:/root/aerostack2_ws/install/as2_map_server/lib:/root/aerostack2_ws/install/as2_gazebo_assets/lib:/root/aerostack2_ws/install/as2_behaviors_perception/lib:/root/aerostack2_ws/install/as2_behaviors_path_planning/lib:/root/aerostack2_ws/install/as2_behavior_tree/lib:/root/aerostack2_ws/install/as2_behavior/lib:/opt/ros/humble/opt/rviz_ogre_vendor/lib:/opt/ros/humble/lib/x86_64-linux-gnu:/opt/ros/humble/lib /usr/bin/cmake --install /root/aerostack2_ws/build/as2_state_estimator
[4.087s] INFO:colcon.colcon_ros.task.ament_cmake.build:Building ROS package in '/root/aerostack2_ws/src/aerostack2/as2_behaviors/as2_behaviors_trajectory_generation' with build type 'ament_cmake'
[4.087s] INFO:colcon.colcon_cmake.task.cmake.build:Building CMake package in '/root/aerostack2_ws/src/aerostack2/as2_behaviors/as2_behaviors_trajectory_generation'
[4.087s] INFO:colcon.colcon_core.shell:Skip shell extension 'powershell' for command environment: Not usable outside of PowerShell
[4.087s] DEBUG:colcon.colcon_core.shell:Skip shell extension 'dsv' for command environment
[4.093s] Level 1:colcon.colcon_core.environment:create_environment_scripts_only(as2_usb_camera_interface)
[4.093s] Level 1:colcon.colcon_core.environment:checking '/root/aerostack2_ws/install/as2_usb_camera_interface' for CMake module files
[4.094s] DEBUG:colcon.colcon_core.event_handler.log_command:Invoked command in '/root/aerostack2_ws/build/as2_usb_camera_interface' returned '0': CMAKE_PREFIX_PATH=/root/aerostack2_ws/install/as2_core:/root/aerostack2_ws/install/as2_msgs:/root/aerostack2_ws/install/rmf_demos_gz_classic:/root/aerostack2_ws/install/rmf_demos_gz:/root/aerostack2_ws/install/rmf_demos:/root/aerostack2_ws/install/rmf_demos_maps:/root/aerostack2_ws/install/aerostack2:/root/aerostack2_ws/install/as2_usb_camera_interface:/root/aerostack2_ws/install/as2_state_estimator:/root/aerostack2_ws/install/as2_rviz_plugins:/root/aerostack2_ws/install/as2_realsense_interface:/root/aerostack2_ws/install/as2_platform_multirotor_simulator:/root/aerostack2_ws/install/as2_platform_gazebo:/root/aerostack2_ws/install/as2_motion_controller:/root/aerostack2_ws/install/as2_behaviors_trajectory_generation:/root/aerostack2_ws/install/as2_behaviors_swarm_flocking:/root/aerostack2_ws/install/as2_behaviors_motion:/root/aerostack2_ws/install/as2_motion_reference_handlers:/root/aerostack2_ws/install/as2_map_server:/root/aerostack2_ws/install/as2_geozones:/root/aerostack2_ws/install/as2_gazebo_assets:/root/aerostack2_ws/install/as2_external_object_to_tf:/root/aerostack2_ws/install/as2_behaviors_platform:/root/aerostack2_ws/install/as2_behaviors_perception:/root/aerostack2_ws/install/as2_behaviors_path_planning:/root/aerostack2_ws/install/as2_behavior_tree:/root/aerostack2_ws/install/as2_behavior:/root/aerostack2_ws/install/as2_alphanumeric_viewer:/root/aerostack2_ws/install/as2_cli:/root/aerostack2_ws/install/rmf_demos_tasks:/root/aerostack2_ws/install/rmf_demos_panel:/root/aerostack2_ws/install/rmf_demos_fleet_adapter:/root/aerostack2_ws/install/rmf_demos_dashboard_resources:/root/aerostack2_ws/install/rmf_demos_bridges:/root/aerostack2_ws/install/rmf_demos_assets:/root/aerostack2_ws/install/as2_visualization:/root/aerostack2_ws/install/as2_keyboard_teleoperation:/root/aerostack2_ws/install/as2_python_api:/root/aerostack2_ws/install/as2_perception:/opt/ros/humble LD_LIBRARY_PATH=/root/aerostack2_ws/install/as2_core/lib:/root/aerostack2_ws/install/as2_msgs/lib:/root/aerostack2_ws/install/as2_state_estimator/lib:/root/aerostack2_ws/install/as2_python_api/lib:/root/aerostack2_ws/install/as2_motion_controller/lib:/root/aerostack2_ws/install/as2_behaviors_trajectory_generation/lib:/root/aerostack2_ws/install/as2_behaviors_swarm_flocking/lib:/root/aerostack2_ws/install/as2_behaviors_motion/lib:/root/aerostack2_ws/install/as2_motion_reference_handlers/lib:/root/aerostack2_ws/install/as2_map_server/lib:/root/aerostack2_ws/install/as2_gazebo_assets/lib:/root/aerostack2_ws/install/as2_behaviors_perception/lib:/root/aerostack2_ws/install/as2_behaviors_path_planning/lib:/root/aerostack2_ws/install/as2_behavior_tree/lib:/root/aerostack2_ws/install/as2_behavior/lib:/opt/ros/humble/opt/rviz_ogre_vendor/lib:/opt/ros/humble/lib/x86_64-linux-gnu:/opt/ros/humble/lib /usr/bin/cmake --install /root/aerostack2_ws/build/as2_usb_camera_interface
[4.094s] Level 1:colcon.colcon_core.environment:checking '/root/aerostack2_ws/install/as2_usb_camera_interface' for CMake config files
[4.094s] Level 1:colcon.colcon_core.shell:create_environment_hook('as2_usb_camera_interface', 'cmake_prefix_path')
[4.094s] INFO:colcon.colcon_core.shell:Creating environment hook '/root/aerostack2_ws/install/as2_usb_camera_interface/share/as2_usb_camera_interface/hook/cmake_prefix_path.ps1'
[4.095s] INFO:colcon.colcon_core.shell:Creating environment descriptor '/root/aerostack2_ws/install/as2_usb_camera_interface/share/as2_usb_camera_interface/hook/cmake_prefix_path.dsv'
[4.095s] INFO:colcon.colcon_core.shell:Creating environment hook '/root/aerostack2_ws/install/as2_usb_camera_interface/share/as2_usb_camera_interface/hook/cmake_prefix_path.sh'
[4.095s] Level 1:colcon.colcon_core.environment:checking '/root/aerostack2_ws/install/as2_usb_camera_interface/lib'
[4.096s] Level 1:colcon.colcon_core.environment:checking '/root/aerostack2_ws/install/as2_usb_camera_interface/bin'
[4.096s] Level 1:colcon.colcon_core.environment:checking '/root/aerostack2_ws/install/as2_usb_camera_interface/lib/pkgconfig/as2_usb_camera_interface.pc'
[4.096s] Level 1:colcon.colcon_core.environment:checking '/root/aerostack2_ws/install/as2_usb_camera_interface/lib/python3.10/site-packages'
[4.096s] Level 1:colcon.colcon_core.environment:checking '/root/aerostack2_ws/install/as2_usb_camera_interface/bin'
[4.096s] INFO:colcon.colcon_core.shell:Creating package script '/root/aerostack2_ws/install/as2_usb_camera_interface/share/as2_usb_camera_interface/package.ps1'
[4.096s] INFO:colcon.colcon_core.shell:Creating package descriptor '/root/aerostack2_ws/install/as2_usb_camera_interface/share/as2_usb_camera_interface/package.dsv'
[4.097s] INFO:colcon.colcon_core.shell:Creating package script '/root/aerostack2_ws/install/as2_usb_camera_interface/share/as2_usb_camera_interface/package.sh'
[4.097s] INFO:colcon.colcon_core.shell:Creating package script '/root/aerostack2_ws/install/as2_usb_camera_interface/share/as2_usb_camera_interface/package.bash'
[4.097s] INFO:colcon.colcon_core.shell:Creating package script '/root/aerostack2_ws/install/as2_usb_camera_interface/share/as2_usb_camera_interface/package.zsh'
[4.097s] Level 1:colcon.colcon_core.environment:create_file_with_runtime_dependencies(/root/aerostack2_ws/install/as2_usb_camera_interface/share/colcon-core/packages/as2_usb_camera_interface)
[4.098s] Level 1:colcon.colcon_core.environment:create_environment_scripts_only(as2_usb_camera_interface)
[4.098s] Level 1:colcon.colcon_core.environment:checking '/root/aerostack2_ws/install/as2_usb_camera_interface' for CMake module files
[4.098s] Level 1:colcon.colcon_core.environment:checking '/root/aerostack2_ws/install/as2_usb_camera_interface' for CMake config files
[4.098s] Level 1:colcon.colcon_core.shell:create_environment_hook('as2_usb_camera_interface', 'cmake_prefix_path')
[4.098s] INFO:colcon.colcon_core.shell:Creating environment hook '/root/aerostack2_ws/install/as2_usb_camera_interface/share/as2_usb_camera_interface/hook/cmake_prefix_path.ps1'
[4.099s] INFO:colcon.colcon_core.shell:Creating environment descriptor '/root/aerostack2_ws/install/as2_usb_camera_interface/share/as2_usb_camera_interface/hook/cmake_prefix_path.dsv'
[4.099s] INFO:colcon.colcon_core.shell:Creating environment hook '/root/aerostack2_ws/install/as2_usb_camera_interface/share/as2_usb_camera_interface/hook/cmake_prefix_path.sh'
[4.099s] Level 1:colcon.colcon_core.environment:checking '/root/aerostack2_ws/install/as2_usb_camera_interface/lib'
[4.099s] Level 1:colcon.colcon_core.environment:checking '/root/aerostack2_ws/install/as2_usb_camera_interface/bin'
[4.099s] Level 1:colcon.colcon_core.environment:checking '/root/aerostack2_ws/install/as2_usb_camera_interface/lib/pkgconfig/as2_usb_camera_interface.pc'
[4.099s] Level 1:colcon.colcon_core.environment:checking '/root/aerostack2_ws/install/as2_usb_camera_interface/lib/python3.10/site-packages'
[4.100s] Level 1:colcon.colcon_core.environment:checking '/root/aerostack2_ws/install/as2_usb_camera_interface/bin'
[4.100s] INFO:colcon.colcon_core.shell:Creating package script '/root/aerostack2_ws/install/as2_usb_camera_interface/share/as2_usb_camera_interface/package.ps1'
[4.100s] INFO:colcon.colcon_core.shell:Creating package descriptor '/root/aerostack2_ws/install/as2_usb_camera_interface/share/as2_usb_camera_interface/package.dsv'
[4.100s] INFO:colcon.colcon_core.shell:Creating package script '/root/aerostack2_ws/install/as2_usb_camera_interface/share/as2_usb_camera_interface/package.sh'
[4.101s] INFO:colcon.colcon_core.shell:Creating package script '/root/aerostack2_ws/install/as2_usb_camera_interface/share/as2_usb_camera_interface/package.bash'
[4.101s] INFO:colcon.colcon_core.shell:Creating package script '/root/aerostack2_ws/install/as2_usb_camera_interface/share/as2_usb_camera_interface/package.zsh'
[4.101s] Level 1:colcon.colcon_core.environment:create_file_with_runtime_dependencies(/root/aerostack2_ws/install/as2_usb_camera_interface/share/colcon-core/packages/as2_usb_camera_interface)
[4.101s] Level 1:colcon.colcon_core.environment:create_environment_scripts_only(as2_gazebo_assets)
[4.101s] Level 1:colcon.colcon_core.environment:checking '/root/aerostack2_ws/install/as2_gazebo_assets' for CMake module files
[4.102s] DEBUG:colcon.colcon_core.event_handler.log_command:Invoked command in '/root/aerostack2_ws/build/as2_gazebo_assets' returned '0': CMAKE_PREFIX_PATH=/root/aerostack2_ws/install/as2_core:/root/aerostack2_ws/install/as2_msgs:/root/aerostack2_ws/install/rmf_demos_gz_classic:/root/aerostack2_ws/install/rmf_demos_gz:/root/aerostack2_ws/install/rmf_demos:/root/aerostack2_ws/install/rmf_demos_maps:/root/aerostack2_ws/install/aerostack2:/root/aerostack2_ws/install/as2_usb_camera_interface:/root/aerostack2_ws/install/as2_state_estimator:/root/aerostack2_ws/install/as2_rviz_plugins:/root/aerostack2_ws/install/as2_realsense_interface:/root/aerostack2_ws/install/as2_platform_multirotor_simulator:/root/aerostack2_ws/install/as2_platform_gazebo:/root/aerostack2_ws/install/as2_motion_controller:/root/aerostack2_ws/install/as2_behaviors_trajectory_generation:/root/aerostack2_ws/install/as2_behaviors_swarm_flocking:/root/aerostack2_ws/install/as2_behaviors_motion:/root/aerostack2_ws/install/as2_motion_reference_handlers:/root/aerostack2_ws/install/as2_map_server:/root/aerostack2_ws/install/as2_geozones:/root/aerostack2_ws/install/as2_gazebo_assets:/root/aerostack2_ws/install/as2_external_object_to_tf:/root/aerostack2_ws/install/as2_behaviors_platform:/root/aerostack2_ws/install/as2_behaviors_perception:/root/aerostack2_ws/install/as2_behaviors_path_planning:/root/aerostack2_ws/install/as2_behavior_tree:/root/aerostack2_ws/install/as2_behavior:/root/aerostack2_ws/install/as2_alphanumeric_viewer:/root/aerostack2_ws/install/as2_cli:/root/aerostack2_ws/install/rmf_demos_tasks:/root/aerostack2_ws/install/rmf_demos_panel:/root/aerostack2_ws/install/rmf_demos_fleet_adapter:/root/aerostack2_ws/install/rmf_demos_dashboard_resources:/root/aerostack2_ws/install/rmf_demos_bridges:/root/aerostack2_ws/install/rmf_demos_assets:/root/aerostack2_ws/install/as2_visualization:/root/aerostack2_ws/install/as2_keyboard_teleoperation:/root/aerostack2_ws/install/as2_python_api:/root/aerostack2_ws/install/as2_perception:/opt/ros/humble LD_LIBRARY_PATH=/root/aerostack2_ws/install/as2_core/lib:/root/aerostack2_ws/install/as2_msgs/lib:/root/aerostack2_ws/install/as2_state_estimator/lib:/root/aerostack2_ws/install/as2_python_api/lib:/root/aerostack2_ws/install/as2_motion_controller/lib:/root/aerostack2_ws/install/as2_behaviors_trajectory_generation/lib:/root/aerostack2_ws/install/as2_behaviors_swarm_flocking/lib:/root/aerostack2_ws/install/as2_behaviors_motion/lib:/root/aerostack2_ws/install/as2_motion_reference_handlers/lib:/root/aerostack2_ws/install/as2_map_server/lib:/root/aerostack2_ws/install/as2_gazebo_assets/lib:/root/aerostack2_ws/install/as2_behaviors_perception/lib:/root/aerostack2_ws/install/as2_behaviors_path_planning/lib:/root/aerostack2_ws/install/as2_behavior_tree/lib:/root/aerostack2_ws/install/as2_behavior/lib:/opt/ros/humble/opt/rviz_ogre_vendor/lib:/opt/ros/humble/lib/x86_64-linux-gnu:/opt/ros/humble/lib /usr/bin/cmake --install /root/aerostack2_ws/build/as2_gazebo_assets
[4.102s] Level 1:colcon.colcon_core.environment:checking '/root/aerostack2_ws/install/as2_gazebo_assets' for CMake config files
[4.102s] Level 1:colcon.colcon_core.shell:create_environment_hook('as2_gazebo_assets', 'cmake_prefix_path')
[4.102s] INFO:colcon.colcon_core.shell:Creating environment hook '/root/aerostack2_ws/install/as2_gazebo_assets/share/as2_gazebo_assets/hook/cmake_prefix_path.ps1'
[4.103s] INFO:colcon.colcon_core.shell:Creating environment descriptor '/root/aerostack2_ws/install/as2_gazebo_assets/share/as2_gazebo_assets/hook/cmake_prefix_path.dsv'
[4.103s] INFO:colcon.colcon_core.shell:Creating environment hook '/root/aerostack2_ws/install/as2_gazebo_assets/share/as2_gazebo_assets/hook/cmake_prefix_path.sh'
[4.103s] Level 1:colcon.colcon_core.environment:checking '/root/aerostack2_ws/install/as2_gazebo_assets/lib'
[4.103s] Level 1:colcon.colcon_core.shell:create_environment_hook('as2_gazebo_assets', 'ld_library_path_lib')
[4.103s] INFO:colcon.colcon_core.shell:Creating environment hook '/root/aerostack2_ws/install/as2_gazebo_assets/share/as2_gazebo_assets/hook/ld_library_path_lib.ps1'
[4.103s] INFO:colcon.colcon_core.shell:Creating environment descriptor '/root/aerostack2_ws/install/as2_gazebo_assets/share/as2_gazebo_assets/hook/ld_library_path_lib.dsv'
[4.104s] INFO:colcon.colcon_core.shell:Creating environment hook '/root/aerostack2_ws/install/as2_gazebo_assets/share/as2_gazebo_assets/hook/ld_library_path_lib.sh'
[4.104s] Level 1:colcon.colcon_core.environment:checking '/root/aerostack2_ws/install/as2_gazebo_assets/bin'
[4.104s] Level 1:colcon.colcon_core.environment:checking '/root/aerostack2_ws/install/as2_gazebo_assets/lib/pkgconfig/as2_gazebo_assets.pc'
[4.104s] Level 1:colcon.colcon_core.environment:checking '/root/aerostack2_ws/install/as2_gazebo_assets/lib/python3.10/site-packages'
[4.104s] Level 1:colcon.colcon_core.environment:checking '/root/aerostack2_ws/install/as2_gazebo_assets/bin'
[4.104s] INFO:colcon.colcon_core.shell:Creating package script '/root/aerostack2_ws/install/as2_gazebo_assets/share/as2_gazebo_assets/package.ps1'
[4.105s] INFO:colcon.colcon_core.shell:Creating package descriptor '/root/aerostack2_ws/install/as2_gazebo_assets/share/as2_gazebo_assets/package.dsv'
[4.105s] INFO:colcon.colcon_core.shell:Creating package script '/root/aerostack2_ws/install/as2_gazebo_assets/share/as2_gazebo_assets/package.sh'
[4.105s] INFO:colcon.colcon_core.shell:Creating package script '/root/aerostack2_ws/install/as2_gazebo_assets/share/as2_gazebo_assets/package.bash'
[4.106s] INFO:colcon.colcon_core.shell:Creating package script '/root/aerostack2_ws/install/as2_gazebo_assets/share/as2_gazebo_assets/package.zsh'
[4.106s] Level 1:colcon.colcon_core.environment:create_file_with_runtime_dependencies(/root/aerostack2_ws/install/as2_gazebo_assets/share/colcon-core/packages/as2_gazebo_assets)
[4.106s] Level 1:colcon.colcon_core.environment:create_environment_scripts_only(as2_gazebo_assets)
[4.106s] Level 1:colcon.colcon_core.environment:checking '/root/aerostack2_ws/install/as2_gazebo_assets' for CMake module files
[4.107s] Level 1:colcon.colcon_core.environment:checking '/root/aerostack2_ws/install/as2_gazebo_assets' for CMake config files
[4.107s] Level 1:colcon.colcon_core.shell:create_environment_hook('as2_gazebo_assets', 'cmake_prefix_path')
[4.107s] INFO:colcon.colcon_core.shell:Creating environment hook '/root/aerostack2_ws/install/as2_gazebo_assets/share/as2_gazebo_assets/hook/cmake_prefix_path.ps1'
[4.107s] INFO:colcon.colcon_core.shell:Creating environment descriptor '/root/aerostack2_ws/install/as2_gazebo_assets/share/as2_gazebo_assets/hook/cmake_prefix_path.dsv'
[4.107s] INFO:colcon.colcon_core.shell:Creating environment hook '/root/aerostack2_ws/install/as2_gazebo_assets/share/as2_gazebo_assets/hook/cmake_prefix_path.sh'
[4.107s] Level 1:colcon.colcon_core.environment:checking '/root/aerostack2_ws/install/as2_gazebo_assets/lib'
[4.108s] Level 1:colcon.colcon_core.shell:create_environment_hook('as2_gazebo_assets', 'ld_library_path_lib')
[4.108s] INFO:colcon.colcon_core.shell:Creating environment hook '/root/aerostack2_ws/install/as2_gazebo_assets/share/as2_gazebo_assets/hook/ld_library_path_lib.ps1'
[4.108s] INFO:colcon.colcon_core.shell:Creating environment descriptor '/root/aerostack2_ws/install/as2_gazebo_assets/share/as2_gazebo_assets/hook/ld_library_path_lib.dsv'
[4.108s] INFO:colcon.colcon_core.shell:Creating environment hook '/root/aerostack2_ws/install/as2_gazebo_assets/share/as2_gazebo_assets/hook/ld_library_path_lib.sh'
[4.108s] Level 1:colcon.colcon_core.environment:checking '/root/aerostack2_ws/install/as2_gazebo_assets/bin'
[4.108s] Level 1:colcon.colcon_core.environment:checking '/root/aerostack2_ws/install/as2_gazebo_assets/lib/pkgconfig/as2_gazebo_assets.pc'
[4.109s] Level 1:colcon.colcon_core.environment:checking '/root/aerostack2_ws/install/as2_gazebo_assets/lib/python3.10/site-packages'
[4.109s] Level 1:colcon.colcon_core.environment:checking '/root/aerostack2_ws/install/as2_gazebo_assets/bin'
[4.109s] INFO:colcon.colcon_core.shell:Creating package script '/root/aerostack2_ws/install/as2_gazebo_assets/share/as2_gazebo_assets/package.ps1'
[4.109s] INFO:colcon.colcon_core.shell:Creating package descriptor '/root/aerostack2_ws/install/as2_gazebo_assets/share/as2_gazebo_assets/package.dsv'
[4.110s] INFO:colcon.colcon_core.shell:Creating package script '/root/aerostack2_ws/install/as2_gazebo_assets/share/as2_gazebo_assets/package.sh'
[4.110s] INFO:colcon.colcon_core.shell:Creating package script '/root/aerostack2_ws/install/as2_gazebo_assets/share/as2_gazebo_assets/package.bash'
[4.110s] INFO:colcon.colcon_core.shell:Creating package script '/root/aerostack2_ws/install/as2_gazebo_assets/share/as2_gazebo_assets/package.zsh'
[4.111s] Level 1:colcon.colcon_core.environment:create_file_with_runtime_dependencies(/root/aerostack2_ws/install/as2_gazebo_assets/share/colcon-core/packages/as2_gazebo_assets)
[4.111s] Level 1:colcon.colcon_core.environment:create_environment_scripts_only(as2_behaviors_path_planning)
[4.111s] Level 1:colcon.colcon_core.environment:checking '/root/aerostack2_ws/install/as2_behaviors_path_planning' for CMake module files
[4.112s] DEBUG:colcon.colcon_core.event_handler.log_command:Invoked command in '/root/aerostack2_ws/build/as2_behaviors_path_planning' returned '0': CMAKE_PREFIX_PATH=/root/aerostack2_ws/install/as2_behavior:/root/aerostack2_ws/install/as2_core:/root/aerostack2_ws/install/as2_msgs:/root/aerostack2_ws/install/rmf_demos_gz_classic:/root/aerostack2_ws/install/rmf_demos_gz:/root/aerostack2_ws/install/rmf_demos:/root/aerostack2_ws/install/rmf_demos_maps:/root/aerostack2_ws/install/aerostack2:/root/aerostack2_ws/install/as2_usb_camera_interface:/root/aerostack2_ws/install/as2_state_estimator:/root/aerostack2_ws/install/as2_rviz_plugins:/root/aerostack2_ws/install/as2_realsense_interface:/root/aerostack2_ws/install/as2_platform_multirotor_simulator:/root/aerostack2_ws/install/as2_platform_gazebo:/root/aerostack2_ws/install/as2_motion_controller:/root/aerostack2_ws/install/as2_behaviors_trajectory_generation:/root/aerostack2_ws/install/as2_behaviors_swarm_flocking:/root/aerostack2_ws/install/as2_behaviors_motion:/root/aerostack2_ws/install/as2_motion_reference_handlers:/root/aerostack2_ws/install/as2_map_server:/root/aerostack2_ws/install/as2_geozones:/root/aerostack2_ws/install/as2_gazebo_assets:/root/aerostack2_ws/install/as2_external_object_to_tf:/root/aerostack2_ws/install/as2_behaviors_platform:/root/aerostack2_ws/install/as2_behaviors_perception:/root/aerostack2_ws/install/as2_behaviors_path_planning:/root/aerostack2_ws/install/as2_behavior_tree:/root/aerostack2_ws/install/as2_alphanumeric_viewer:/root/aerostack2_ws/install/as2_cli:/root/aerostack2_ws/install/rmf_demos_tasks:/root/aerostack2_ws/install/rmf_demos_panel:/root/aerostack2_ws/install/rmf_demos_fleet_adapter:/root/aerostack2_ws/install/rmf_demos_dashboard_resources:/root/aerostack2_ws/install/rmf_demos_bridges:/root/aerostack2_ws/install/rmf_demos_assets:/root/aerostack2_ws/install/as2_visualization:/root/aerostack2_ws/install/as2_keyboard_teleoperation:/root/aerostack2_ws/install/as2_python_api:/root/aerostack2_ws/install/as2_perception:/opt/ros/humble LD_LIBRARY_PATH=/root/aerostack2_ws/install/as2_behavior/lib:/root/aerostack2_ws/install/as2_core/lib:/root/aerostack2_ws/install/as2_msgs/lib:/root/aerostack2_ws/install/as2_state_estimator/lib:/root/aerostack2_ws/install/as2_python_api/lib:/root/aerostack2_ws/install/as2_motion_controller/lib:/root/aerostack2_ws/install/as2_behaviors_trajectory_generation/lib:/root/aerostack2_ws/install/as2_behaviors_swarm_flocking/lib:/root/aerostack2_ws/install/as2_behaviors_motion/lib:/root/aerostack2_ws/install/as2_motion_reference_handlers/lib:/root/aerostack2_ws/install/as2_map_server/lib:/root/aerostack2_ws/install/as2_gazebo_assets/lib:/root/aerostack2_ws/install/as2_behaviors_perception/lib:/root/aerostack2_ws/install/as2_behaviors_path_planning/lib:/root/aerostack2_ws/install/as2_behavior_tree/lib:/opt/ros/humble/opt/rviz_ogre_vendor/lib:/opt/ros/humble/lib/x86_64-linux-gnu:/opt/ros/humble/lib /usr/bin/cmake --install /root/aerostack2_ws/build/as2_behaviors_path_planning
[4.112s] Level 1:colcon.colcon_core.environment:checking '/root/aerostack2_ws/install/as2_behaviors_path_planning' for CMake config files
[4.112s] Level 1:colcon.colcon_core.shell:create_environment_hook('as2_behaviors_path_planning', 'cmake_prefix_path')
[4.112s] INFO:colcon.colcon_core.shell:Creating environment hook '/root/aerostack2_ws/install/as2_behaviors_path_planning/share/as2_behaviors_path_planning/hook/cmake_prefix_path.ps1'
[4.112s] INFO:colcon.colcon_core.shell:Creating environment descriptor '/root/aerostack2_ws/install/as2_behaviors_path_planning/share/as2_behaviors_path_planning/hook/cmake_prefix_path.dsv'
[4.113s] INFO:colcon.colcon_core.shell:Creating environment hook '/root/aerostack2_ws/install/as2_behaviors_path_planning/share/as2_behaviors_path_planning/hook/cmake_prefix_path.sh'
[4.113s] Level 1:colcon.colcon_core.environment:checking '/root/aerostack2_ws/install/as2_behaviors_path_planning/lib'
[4.113s] Level 1:colcon.colcon_core.shell:create_environment_hook('as2_behaviors_path_planning', 'ld_library_path_lib')
[4.113s] INFO:colcon.colcon_core.shell:Creating environment hook '/root/aerostack2_ws/install/as2_behaviors_path_planning/share/as2_behaviors_path_planning/hook/ld_library_path_lib.ps1'
[4.113s] INFO:colcon.colcon_core.shell:Creating environment descriptor '/root/aerostack2_ws/install/as2_behaviors_path_planning/share/as2_behaviors_path_planning/hook/ld_library_path_lib.dsv'
[4.113s] INFO:colcon.colcon_core.shell:Creating environment hook '/root/aerostack2_ws/install/as2_behaviors_path_planning/share/as2_behaviors_path_planning/hook/ld_library_path_lib.sh'
[4.114s] Level 1:colcon.colcon_core.environment:checking '/root/aerostack2_ws/install/as2_behaviors_path_planning/bin'
[4.114s] Level 1:colcon.colcon_core.environment:checking '/root/aerostack2_ws/install/as2_behaviors_path_planning/lib/pkgconfig/as2_behaviors_path_planning.pc'
[4.114s] Level 1:colcon.colcon_core.environment:checking '/root/aerostack2_ws/install/as2_behaviors_path_planning/lib/python3.10/site-packages'
[4.114s] Level 1:colcon.colcon_core.environment:checking '/root/aerostack2_ws/install/as2_behaviors_path_planning/bin'
[4.114s] INFO:colcon.colcon_core.shell:Creating package script '/root/aerostack2_ws/install/as2_behaviors_path_planning/share/as2_behaviors_path_planning/package.ps1'
[4.114s] INFO:colcon.colcon_core.shell:Creating package descriptor '/root/aerostack2_ws/install/as2_behaviors_path_planning/share/as2_behaviors_path_planning/package.dsv'
[4.115s] INFO:colcon.colcon_core.shell:Creating package script '/root/aerostack2_ws/install/as2_behaviors_path_planning/share/as2_behaviors_path_planning/package.sh'
[4.115s] INFO:colcon.colcon_core.shell:Creating package script '/root/aerostack2_ws/install/as2_behaviors_path_planning/share/as2_behaviors_path_planning/package.bash'
[4.115s] INFO:colcon.colcon_core.shell:Creating package script '/root/aerostack2_ws/install/as2_behaviors_path_planning/share/as2_behaviors_path_planning/package.zsh'
[4.116s] Level 1:colcon.colcon_core.environment:create_file_with_runtime_dependencies(/root/aerostack2_ws/install/as2_behaviors_path_planning/share/colcon-core/packages/as2_behaviors_path_planning)
[4.116s] Level 1:colcon.colcon_core.environment:create_environment_scripts_only(as2_behaviors_path_planning)
[4.116s] Level 1:colcon.colcon_core.environment:checking '/root/aerostack2_ws/install/as2_behaviors_path_planning' for CMake module files
[4.116s] Level 1:colcon.colcon_core.environment:checking '/root/aerostack2_ws/install/as2_behaviors_path_planning' for CMake config files
[4.116s] Level 1:colcon.colcon_core.shell:create_environment_hook('as2_behaviors_path_planning', 'cmake_prefix_path')
[4.116s] INFO:colcon.colcon_core.shell:Creating environment hook '/root/aerostack2_ws/install/as2_behaviors_path_planning/share/as2_behaviors_path_planning/hook/cmake_prefix_path.ps1'
[4.117s] INFO:colcon.colcon_core.shell:Creating environment descriptor '/root/aerostack2_ws/install/as2_behaviors_path_planning/share/as2_behaviors_path_planning/hook/cmake_prefix_path.dsv'
[4.117s] INFO:colcon.colcon_core.shell:Creating environment hook '/root/aerostack2_ws/install/as2_behaviors_path_planning/share/as2_behaviors_path_planning/hook/cmake_prefix_path.sh'
[4.117s] Level 1:colcon.colcon_core.environment:checking '/root/aerostack2_ws/install/as2_behaviors_path_planning/lib'
[4.117s] Level 1:colcon.colcon_core.shell:create_environment_hook('as2_behaviors_path_planning', 'ld_library_path_lib')
[4.117s] INFO:colcon.colcon_core.shell:Creating environment hook '/root/aerostack2_ws/install/as2_behaviors_path_planning/share/as2_behaviors_path_planning/hook/ld_library_path_lib.ps1'
[4.118s] INFO:colcon.colcon_core.shell:Creating environment descriptor '/root/aerostack2_ws/install/as2_behaviors_path_planning/share/as2_behaviors_path_planning/hook/ld_library_path_lib.dsv'
[4.118s] INFO:colcon.colcon_core.shell:Creating environment hook '/root/aerostack2_ws/install/as2_behaviors_path_planning/share/as2_behaviors_path_planning/hook/ld_library_path_lib.sh'
[4.118s] Level 1:colcon.colcon_core.environment:checking '/root/aerostack2_ws/install/as2_behaviors_path_planning/bin'
[4.118s] Level 1:colcon.colcon_core.environment:checking '/root/aerostack2_ws/install/as2_behaviors_path_planning/lib/pkgconfig/as2_behaviors_path_planning.pc'
[4.118s] Level 1:colcon.colcon_core.environment:checking '/root/aerostack2_ws/install/as2_behaviors_path_planning/lib/python3.10/site-packages'
[4.118s] Level 1:colcon.colcon_core.environment:checking '/root/aerostack2_ws/install/as2_behaviors_path_planning/bin'
[4.118s] INFO:colcon.colcon_core.shell:Creating package script '/root/aerostack2_ws/install/as2_behaviors_path_planning/share/as2_behaviors_path_planning/package.ps1'
[4.119s] INFO:colcon.colcon_core.shell:Creating package descriptor '/root/aerostack2_ws/install/as2_behaviors_path_planning/share/as2_behaviors_path_planning/package.dsv'
[4.119s] INFO:colcon.colcon_core.shell:Creating package script '/root/aerostack2_ws/install/as2_behaviors_path_planning/share/as2_behaviors_path_planning/package.sh'
[4.119s] INFO:colcon.colcon_core.shell:Creating package script '/root/aerostack2_ws/install/as2_behaviors_path_planning/share/as2_behaviors_path_planning/package.bash'
[4.119s] INFO:colcon.colcon_core.shell:Creating package script '/root/aerostack2_ws/install/as2_behaviors_path_planning/share/as2_behaviors_path_planning/package.zsh'
[4.120s] Level 1:colcon.colcon_core.environment:create_file_with_runtime_dependencies(/root/aerostack2_ws/install/as2_behaviors_path_planning/share/colcon-core/packages/as2_behaviors_path_planning)
[4.121s] INFO:colcon.colcon_ros.task.ament_cmake.build:Building ROS package in '/root/aerostack2_ws/src/aerostack2/as2_motion_controller' with build type 'ament_cmake'
[4.121s] INFO:colcon.colcon_cmake.task.cmake.build:Building CMake package in '/root/aerostack2_ws/src/aerostack2/as2_motion_controller'
[4.121s] INFO:colcon.colcon_core.shell:Skip shell extension 'powershell' for command environment: Not usable outside of PowerShell
[4.121s] DEBUG:colcon.colcon_core.shell:Skip shell extension 'dsv' for command environment
[4.129s] INFO:colcon.colcon_ros.task.ament_cmake.build:Building ROS package in '/root/aerostack2_ws/src/aerostack2/as2_aerial_platforms/as2_platform_gazebo' with build type 'ament_cmake'
[4.129s] INFO:colcon.colcon_cmake.task.cmake.build:Building CMake package in '/root/aerostack2_ws/src/aerostack2/as2_aerial_platforms/as2_platform_gazebo'
[4.129s] INFO:colcon.colcon_core.shell:Skip shell extension 'powershell' for command environment: Not usable outside of PowerShell
[4.129s] DEBUG:colcon.colcon_core.shell:Skip shell extension 'dsv' for command environment
[4.135s] INFO:colcon.colcon_ros.task.ament_cmake.build:Building ROS package in '/root/aerostack2_ws/src/aerostack2/as2_user_interfaces/as2_visualization/as2_rviz_plugins' with build type 'ament_cmake'
[4.135s] INFO:colcon.colcon_cmake.task.cmake.build:Building CMake package in '/root/aerostack2_ws/src/aerostack2/as2_user_interfaces/as2_visualization/as2_rviz_plugins'
[4.135s] INFO:colcon.colcon_core.shell:Skip shell extension 'powershell' for command environment: Not usable outside of PowerShell
[4.135s] DEBUG:colcon.colcon_core.shell:Skip shell extension 'dsv' for command environment
[4.141s] DEBUG:colcon.colcon_core.event_handler.log_command:Invoking command in '/root/aerostack2_ws/build/as2_behaviors_motion': CMAKE_PREFIX_PATH=/root/aerostack2_ws/install/as2_motion_reference_handlers:/root/aerostack2_ws/install/as2_behavior:/root/aerostack2_ws/install/as2_core:/root/aerostack2_ws/install/as2_msgs:/root/aerostack2_ws/install/rmf_demos_gz_classic:/root/aerostack2_ws/install/rmf_demos_gz:/root/aerostack2_ws/install/rmf_demos:/root/aerostack2_ws/install/rmf_demos_maps:/root/aerostack2_ws/install/aerostack2:/root/aerostack2_ws/install/as2_usb_camera_interface:/root/aerostack2_ws/install/as2_state_estimator:/root/aerostack2_ws/install/as2_rviz_plugins:/root/aerostack2_ws/install/as2_realsense_interface:/root/aerostack2_ws/install/as2_platform_multirotor_simulator:/root/aerostack2_ws/install/as2_platform_gazebo:/root/aerostack2_ws/install/as2_motion_controller:/root/aerostack2_ws/install/as2_behaviors_trajectory_generation:/root/aerostack2_ws/install/as2_behaviors_swarm_flocking:/root/aerostack2_ws/install/as2_behaviors_motion:/root/aerostack2_ws/install/as2_map_server:/root/aerostack2_ws/install/as2_geozones:/root/aerostack2_ws/install/as2_gazebo_assets:/root/aerostack2_ws/install/as2_external_object_to_tf:/root/aerostack2_ws/install/as2_behaviors_platform:/root/aerostack2_ws/install/as2_behaviors_perception:/root/aerostack2_ws/install/as2_behaviors_path_planning:/root/aerostack2_ws/install/as2_behavior_tree:/root/aerostack2_ws/install/as2_alphanumeric_viewer:/root/aerostack2_ws/install/as2_cli:/root/aerostack2_ws/install/rmf_demos_tasks:/root/aerostack2_ws/install/rmf_demos_panel:/root/aerostack2_ws/install/rmf_demos_fleet_adapter:/root/aerostack2_ws/install/rmf_demos_dashboard_resources:/root/aerostack2_ws/install/rmf_demos_bridges:/root/aerostack2_ws/install/rmf_demos_assets:/root/aerostack2_ws/install/as2_visualization:/root/aerostack2_ws/install/as2_keyboard_teleoperation:/root/aerostack2_ws/install/as2_python_api:/root/aerostack2_ws/install/as2_perception:/opt/ros/humble LD_LIBRARY_PATH=/root/aerostack2_ws/install/as2_behavior/lib:/root/aerostack2_ws/install/as2_core/lib:/root/aerostack2_ws/install/as2_msgs/lib:/root/aerostack2_ws/install/as2_state_estimator/lib:/root/aerostack2_ws/install/as2_python_api/lib:/root/aerostack2_ws/install/as2_motion_controller/lib:/root/aerostack2_ws/install/as2_behaviors_trajectory_generation/lib:/root/aerostack2_ws/install/as2_behaviors_swarm_flocking/lib:/root/aerostack2_ws/install/as2_behaviors_motion/lib:/root/aerostack2_ws/install/as2_motion_reference_handlers/lib:/root/aerostack2_ws/install/as2_map_server/lib:/root/aerostack2_ws/install/as2_gazebo_assets/lib:/root/aerostack2_ws/install/as2_behaviors_perception/lib:/root/aerostack2_ws/install/as2_behaviors_path_planning/lib:/root/aerostack2_ws/install/as2_behavior_tree/lib:/opt/ros/humble/opt/rviz_ogre_vendor/lib:/opt/ros/humble/lib/x86_64-linux-gnu:/opt/ros/humble/lib /usr/bin/cmake --build /root/aerostack2_ws/build/as2_behaviors_motion -- -j8 -l8
[4.145s] Level 1:colcon.colcon_core.environment:create_environment_scripts_only(as2_state_estimator)
[4.145s] Level 1:colcon.colcon_core.environment:checking '/root/aerostack2_ws/install/as2_state_estimator' for CMake module files
[4.146s] DEBUG:colcon.colcon_core.event_handler.log_command:Invoking command in '/root/aerostack2_ws/build/as2_behaviors_platform': CMAKE_PREFIX_PATH=/root/aerostack2_ws/install/as2_behavior:/root/aerostack2_ws/install/as2_core:/root/aerostack2_ws/install/as2_msgs:/root/aerostack2_ws/install/rmf_demos_gz_classic:/root/aerostack2_ws/install/rmf_demos_gz:/root/aerostack2_ws/install/rmf_demos:/root/aerostack2_ws/install/rmf_demos_maps:/root/aerostack2_ws/install/aerostack2:/root/aerostack2_ws/install/as2_usb_camera_interface:/root/aerostack2_ws/install/as2_state_estimator:/root/aerostack2_ws/install/as2_rviz_plugins:/root/aerostack2_ws/install/as2_realsense_interface:/root/aerostack2_ws/install/as2_platform_multirotor_simulator:/root/aerostack2_ws/install/as2_platform_gazebo:/root/aerostack2_ws/install/as2_motion_controller:/root/aerostack2_ws/install/as2_behaviors_trajectory_generation:/root/aerostack2_ws/install/as2_behaviors_swarm_flocking:/root/aerostack2_ws/install/as2_behaviors_motion:/root/aerostack2_ws/install/as2_motion_reference_handlers:/root/aerostack2_ws/install/as2_map_server:/root/aerostack2_ws/install/as2_geozones:/root/aerostack2_ws/install/as2_gazebo_assets:/root/aerostack2_ws/install/as2_external_object_to_tf:/root/aerostack2_ws/install/as2_behaviors_platform:/root/aerostack2_ws/install/as2_behaviors_perception:/root/aerostack2_ws/install/as2_behaviors_path_planning:/root/aerostack2_ws/install/as2_behavior_tree:/root/aerostack2_ws/install/as2_alphanumeric_viewer:/root/aerostack2_ws/install/as2_cli:/root/aerostack2_ws/install/rmf_demos_tasks:/root/aerostack2_ws/install/rmf_demos_panel:/root/aerostack2_ws/install/rmf_demos_fleet_adapter:/root/aerostack2_ws/install/rmf_demos_dashboard_resources:/root/aerostack2_ws/install/rmf_demos_bridges:/root/aerostack2_ws/install/rmf_demos_assets:/root/aerostack2_ws/install/as2_visualization:/root/aerostack2_ws/install/as2_keyboard_teleoperation:/root/aerostack2_ws/install/as2_python_api:/root/aerostack2_ws/install/as2_perception:/opt/ros/humble LD_LIBRARY_PATH=/root/aerostack2_ws/install/as2_behavior/lib:/root/aerostack2_ws/install/as2_core/lib:/root/aerostack2_ws/install/as2_msgs/lib:/root/aerostack2_ws/install/as2_state_estimator/lib:/root/aerostack2_ws/install/as2_python_api/lib:/root/aerostack2_ws/install/as2_motion_controller/lib:/root/aerostack2_ws/install/as2_behaviors_trajectory_generation/lib:/root/aerostack2_ws/install/as2_behaviors_swarm_flocking/lib:/root/aerostack2_ws/install/as2_behaviors_motion/lib:/root/aerostack2_ws/install/as2_motion_reference_handlers/lib:/root/aerostack2_ws/install/as2_map_server/lib:/root/aerostack2_ws/install/as2_gazebo_assets/lib:/root/aerostack2_ws/install/as2_behaviors_perception/lib:/root/aerostack2_ws/install/as2_behaviors_path_planning/lib:/root/aerostack2_ws/install/as2_behavior_tree/lib:/opt/ros/humble/opt/rviz_ogre_vendor/lib:/opt/ros/humble/lib/x86_64-linux-gnu:/opt/ros/humble/lib /usr/bin/cmake --build /root/aerostack2_ws/build/as2_behaviors_platform -- -j8 -l8
[4.146s] DEBUG:colcon.colcon_core.event_handler.log_command:Invoked command in '/root/aerostack2_ws/build/as2_state_estimator' returned '0': CMAKE_PREFIX_PATH=/root/aerostack2_ws/install/as2_core:/root/aerostack2_ws/install/as2_msgs:/root/aerostack2_ws/install/rmf_demos_gz_classic:/root/aerostack2_ws/install/rmf_demos_gz:/root/aerostack2_ws/install/rmf_demos:/root/aerostack2_ws/install/rmf_demos_maps:/root/aerostack2_ws/install/aerostack2:/root/aerostack2_ws/install/as2_usb_camera_interface:/root/aerostack2_ws/install/as2_state_estimator:/root/aerostack2_ws/install/as2_rviz_plugins:/root/aerostack2_ws/install/as2_realsense_interface:/root/aerostack2_ws/install/as2_platform_multirotor_simulator:/root/aerostack2_ws/install/as2_platform_gazebo:/root/aerostack2_ws/install/as2_motion_controller:/root/aerostack2_ws/install/as2_behaviors_trajectory_generation:/root/aerostack2_ws/install/as2_behaviors_swarm_flocking:/root/aerostack2_ws/install/as2_behaviors_motion:/root/aerostack2_ws/install/as2_motion_reference_handlers:/root/aerostack2_ws/install/as2_map_server:/root/aerostack2_ws/install/as2_geozones:/root/aerostack2_ws/install/as2_gazebo_assets:/root/aerostack2_ws/install/as2_external_object_to_tf:/root/aerostack2_ws/install/as2_behaviors_platform:/root/aerostack2_ws/install/as2_behaviors_perception:/root/aerostack2_ws/install/as2_behaviors_path_planning:/root/aerostack2_ws/install/as2_behavior_tree:/root/aerostack2_ws/install/as2_behavior:/root/aerostack2_ws/install/as2_alphanumeric_viewer:/root/aerostack2_ws/install/as2_cli:/root/aerostack2_ws/install/rmf_demos_tasks:/root/aerostack2_ws/install/rmf_demos_panel:/root/aerostack2_ws/install/rmf_demos_fleet_adapter:/root/aerostack2_ws/install/rmf_demos_dashboard_resources:/root/aerostack2_ws/install/rmf_demos_bridges:/root/aerostack2_ws/install/rmf_demos_assets:/root/aerostack2_ws/install/as2_visualization:/root/aerostack2_ws/install/as2_keyboard_teleoperation:/root/aerostack2_ws/install/as2_python_api:/root/aerostack2_ws/install/as2_perception:/opt/ros/humble LD_LIBRARY_PATH=/root/aerostack2_ws/install/as2_core/lib:/root/aerostack2_ws/install/as2_msgs/lib:/root/aerostack2_ws/install/as2_state_estimator/lib:/root/aerostack2_ws/install/as2_python_api/lib:/root/aerostack2_ws/install/as2_motion_controller/lib:/root/aerostack2_ws/install/as2_behaviors_trajectory_generation/lib:/root/aerostack2_ws/install/as2_behaviors_swarm_flocking/lib:/root/aerostack2_ws/install/as2_behaviors_motion/lib:/root/aerostack2_ws/install/as2_motion_reference_handlers/lib:/root/aerostack2_ws/install/as2_map_server/lib:/root/aerostack2_ws/install/as2_gazebo_assets/lib:/root/aerostack2_ws/install/as2_behaviors_perception/lib:/root/aerostack2_ws/install/as2_behaviors_path_planning/lib:/root/aerostack2_ws/install/as2_behavior_tree/lib:/root/aerostack2_ws/install/as2_behavior/lib:/opt/ros/humble/opt/rviz_ogre_vendor/lib:/opt/ros/humble/lib/x86_64-linux-gnu:/opt/ros/humble/lib /usr/bin/cmake --install /root/aerostack2_ws/build/as2_state_estimator
[4.146s] Level 1:colcon.colcon_core.environment:checking '/root/aerostack2_ws/install/as2_state_estimator' for CMake config files
[4.147s] Level 1:colcon.colcon_core.shell:create_environment_hook('as2_state_estimator', 'cmake_prefix_path')
[4.147s] INFO:colcon.colcon_core.shell:Creating environment hook '/root/aerostack2_ws/install/as2_state_estimator/share/as2_state_estimator/hook/cmake_prefix_path.ps1'
[4.147s] INFO:colcon.colcon_core.shell:Creating environment descriptor '/root/aerostack2_ws/install/as2_state_estimator/share/as2_state_estimator/hook/cmake_prefix_path.dsv'
[4.148s] INFO:colcon.colcon_core.shell:Creating environment hook '/root/aerostack2_ws/install/as2_state_estimator/share/as2_state_estimator/hook/cmake_prefix_path.sh'
[4.148s] Level 1:colcon.colcon_core.environment:checking '/root/aerostack2_ws/install/as2_state_estimator/lib'
[4.148s] Level 1:colcon.colcon_core.shell:create_environment_hook('as2_state_estimator', 'ld_library_path_lib')
[4.149s] INFO:colcon.colcon_core.shell:Creating environment hook '/root/aerostack2_ws/install/as2_state_estimator/share/as2_state_estimator/hook/ld_library_path_lib.ps1'
[4.149s] INFO:colcon.colcon_core.shell:Creating environment descriptor '/root/aerostack2_ws/install/as2_state_estimator/share/as2_state_estimator/hook/ld_library_path_lib.dsv'
[4.149s] INFO:colcon.colcon_core.shell:Creating environment hook '/root/aerostack2_ws/install/as2_state_estimator/share/as2_state_estimator/hook/ld_library_path_lib.sh'
[4.149s] Level 1:colcon.colcon_core.environment:checking '/root/aerostack2_ws/install/as2_state_estimator/bin'
[4.149s] Level 1:colcon.colcon_core.environment:checking '/root/aerostack2_ws/install/as2_state_estimator/lib/pkgconfig/as2_state_estimator.pc'
[4.149s] Level 1:colcon.colcon_core.environment:checking '/root/aerostack2_ws/install/as2_state_estimator/lib/python3.10/site-packages'
[4.150s] Level 1:colcon.colcon_core.environment:checking '/root/aerostack2_ws/install/as2_state_estimator/bin'
[4.150s] INFO:colcon.colcon_core.shell:Creating package script '/root/aerostack2_ws/install/as2_state_estimator/share/as2_state_estimator/package.ps1'
[4.150s] INFO:colcon.colcon_core.shell:Creating package descriptor '/root/aerostack2_ws/install/as2_state_estimator/share/as2_state_estimator/package.dsv'
[4.150s] INFO:colcon.colcon_core.shell:Creating package script '/root/aerostack2_ws/install/as2_state_estimator/share/as2_state_estimator/package.sh'
[4.151s] INFO:colcon.colcon_core.shell:Creating package script '/root/aerostack2_ws/install/as2_state_estimator/share/as2_state_estimator/package.bash'
[4.151s] INFO:colcon.colcon_core.shell:Creating package script '/root/aerostack2_ws/install/as2_state_estimator/share/as2_state_estimator/package.zsh'
[4.151s] Level 1:colcon.colcon_core.environment:create_file_with_runtime_dependencies(/root/aerostack2_ws/install/as2_state_estimator/share/colcon-core/packages/as2_state_estimator)
[4.152s] Level 1:colcon.colcon_core.environment:create_environment_scripts_only(as2_state_estimator)
[4.152s] Level 1:colcon.colcon_core.environment:checking '/root/aerostack2_ws/install/as2_state_estimator' for CMake module files
[4.152s] Level 1:colcon.colcon_core.environment:checking '/root/aerostack2_ws/install/as2_state_estimator' for CMake config files
[4.152s] Level 1:colcon.colcon_core.shell:create_environment_hook('as2_state_estimator', 'cmake_prefix_path')
[4.152s] INFO:colcon.colcon_core.shell:Creating environment hook '/root/aerostack2_ws/install/as2_state_estimator/share/as2_state_estimator/hook/cmake_prefix_path.ps1'
[4.153s] INFO:colcon.colcon_core.shell:Creating environment descriptor '/root/aerostack2_ws/install/as2_state_estimator/share/as2_state_estimator/hook/cmake_prefix_path.dsv'
[4.153s] INFO:colcon.colcon_core.shell:Creating environment hook '/root/aerostack2_ws/install/as2_state_estimator/share/as2_state_estimator/hook/cmake_prefix_path.sh'
[4.153s] Level 1:colcon.colcon_core.environment:checking '/root/aerostack2_ws/install/as2_state_estimator/lib'
[4.153s] Level 1:colcon.colcon_core.shell:create_environment_hook('as2_state_estimator', 'ld_library_path_lib')
[4.154s] INFO:colcon.colcon_core.shell:Creating environment hook '/root/aerostack2_ws/install/as2_state_estimator/share/as2_state_estimator/hook/ld_library_path_lib.ps1'
[4.154s] INFO:colcon.colcon_core.shell:Creating environment descriptor '/root/aerostack2_ws/install/as2_state_estimator/share/as2_state_estimator/hook/ld_library_path_lib.dsv'
[4.154s] INFO:colcon.colcon_core.shell:Creating environment hook '/root/aerostack2_ws/install/as2_state_estimator/share/as2_state_estimator/hook/ld_library_path_lib.sh'
[4.154s] Level 1:colcon.colcon_core.environment:checking '/root/aerostack2_ws/install/as2_state_estimator/bin'
[4.154s] Level 1:colcon.colcon_core.environment:checking '/root/aerostack2_ws/install/as2_state_estimator/lib/pkgconfig/as2_state_estimator.pc'
[4.155s] Level 1:colcon.colcon_core.environment:checking '/root/aerostack2_ws/install/as2_state_estimator/lib/python3.10/site-packages'
[4.155s] Level 1:colcon.colcon_core.environment:checking '/root/aerostack2_ws/install/as2_state_estimator/bin'
[4.155s] INFO:colcon.colcon_core.shell:Creating package script '/root/aerostack2_ws/install/as2_state_estimator/share/as2_state_estimator/package.ps1'
[4.156s] INFO:colcon.colcon_core.shell:Creating package descriptor '/root/aerostack2_ws/install/as2_state_estimator/share/as2_state_estimator/package.dsv'
[4.156s] INFO:colcon.colcon_core.shell:Creating package script '/root/aerostack2_ws/install/as2_state_estimator/share/as2_state_estimator/package.sh'
[4.156s] INFO:colcon.colcon_core.shell:Creating package script '/root/aerostack2_ws/install/as2_state_estimator/share/as2_state_estimator/package.bash'
[4.156s] INFO:colcon.colcon_core.shell:Creating package script '/root/aerostack2_ws/install/as2_state_estimator/share/as2_state_estimator/package.zsh'
[4.157s] Level 1:colcon.colcon_core.environment:create_file_with_runtime_dependencies(/root/aerostack2_ws/install/as2_state_estimator/share/colcon-core/packages/as2_state_estimator)
[4.160s] INFO:colcon.colcon_ros.task.ament_python.build:Building ROS package in '/root/aerostack2_ws/src/aerostack2/as2_user_interfaces/as2_visualization/as2_visualization' with build type 'ament_python'
[4.161s] Level 1:colcon.colcon_core.shell:create_environment_hook('as2_visualization', 'ament_prefix_path')
[4.161s] INFO:colcon.colcon_core.shell:Creating environment hook '/root/aerostack2_ws/install/as2_visualization/share/as2_visualization/hook/ament_prefix_path.ps1'
[4.162s] INFO:colcon.colcon_core.shell:Creating environment descriptor '/root/aerostack2_ws/install/as2_visualization/share/as2_visualization/hook/ament_prefix_path.dsv'
[4.163s] INFO:colcon.colcon_core.shell:Creating environment hook '/root/aerostack2_ws/install/as2_visualization/share/as2_visualization/hook/ament_prefix_path.sh'
[4.163s] INFO:colcon.colcon_core.shell:Skip shell extension 'powershell' for command environment: Not usable outside of PowerShell
[4.163s] DEBUG:colcon.colcon_core.shell:Skip shell extension 'dsv' for command environment
[4.175s] DEBUG:colcon.colcon_core.event_handler.log_command:Invoking command in '/root/aerostack2_ws/build/as2_behaviors_trajectory_generation': CMAKE_PREFIX_PATH=/root/aerostack2_ws/install/as2_motion_reference_handlers:/root/aerostack2_ws/install/as2_behavior:/root/aerostack2_ws/install/as2_core:/root/aerostack2_ws/install/as2_msgs:/root/aerostack2_ws/install/rmf_demos_gz_classic:/root/aerostack2_ws/install/rmf_demos_gz:/root/aerostack2_ws/install/rmf_demos:/root/aerostack2_ws/install/rmf_demos_maps:/root/aerostack2_ws/install/aerostack2:/root/aerostack2_ws/install/as2_usb_camera_interface:/root/aerostack2_ws/install/as2_state_estimator:/root/aerostack2_ws/install/as2_rviz_plugins:/root/aerostack2_ws/install/as2_realsense_interface:/root/aerostack2_ws/install/as2_platform_multirotor_simulator:/root/aerostack2_ws/install/as2_platform_gazebo:/root/aerostack2_ws/install/as2_motion_controller:/root/aerostack2_ws/install/as2_behaviors_trajectory_generation:/root/aerostack2_ws/install/as2_behaviors_swarm_flocking:/root/aerostack2_ws/install/as2_behaviors_motion:/root/aerostack2_ws/install/as2_map_server:/root/aerostack2_ws/install/as2_geozones:/root/aerostack2_ws/install/as2_gazebo_assets:/root/aerostack2_ws/install/as2_external_object_to_tf:/root/aerostack2_ws/install/as2_behaviors_platform:/root/aerostack2_ws/install/as2_behaviors_perception:/root/aerostack2_ws/install/as2_behaviors_path_planning:/root/aerostack2_ws/install/as2_behavior_tree:/root/aerostack2_ws/install/as2_alphanumeric_viewer:/root/aerostack2_ws/install/as2_cli:/root/aerostack2_ws/install/rmf_demos_tasks:/root/aerostack2_ws/install/rmf_demos_panel:/root/aerostack2_ws/install/rmf_demos_fleet_adapter:/root/aerostack2_ws/install/rmf_demos_dashboard_resources:/root/aerostack2_ws/install/rmf_demos_bridges:/root/aerostack2_ws/install/rmf_demos_assets:/root/aerostack2_ws/install/as2_visualization:/root/aerostack2_ws/install/as2_keyboard_teleoperation:/root/aerostack2_ws/install/as2_python_api:/root/aerostack2_ws/install/as2_perception:/opt/ros/humble LD_LIBRARY_PATH=/root/aerostack2_ws/install/as2_behavior/lib:/root/aerostack2_ws/install/as2_core/lib:/root/aerostack2_ws/install/as2_msgs/lib:/root/aerostack2_ws/install/as2_state_estimator/lib:/root/aerostack2_ws/install/as2_python_api/lib:/root/aerostack2_ws/install/as2_motion_controller/lib:/root/aerostack2_ws/install/as2_behaviors_trajectory_generation/lib:/root/aerostack2_ws/install/as2_behaviors_swarm_flocking/lib:/root/aerostack2_ws/install/as2_behaviors_motion/lib:/root/aerostack2_ws/install/as2_motion_reference_handlers/lib:/root/aerostack2_ws/install/as2_map_server/lib:/root/aerostack2_ws/install/as2_gazebo_assets/lib:/root/aerostack2_ws/install/as2_behaviors_perception/lib:/root/aerostack2_ws/install/as2_behaviors_path_planning/lib:/root/aerostack2_ws/install/as2_behavior_tree/lib:/opt/ros/humble/opt/rviz_ogre_vendor/lib:/opt/ros/humble/lib/x86_64-linux-gnu:/opt/ros/humble/lib /usr/bin/cmake --build /root/aerostack2_ws/build/as2_behaviors_trajectory_generation -- -j8 -l8
[4.179s] DEBUG:colcon.colcon_core.event_handler.log_command:Invoking command in '/root/aerostack2_ws/build/as2_motion_controller': CMAKE_PREFIX_PATH=/root/aerostack2_ws/install/as2_motion_reference_handlers:/root/aerostack2_ws/install/as2_core:/root/aerostack2_ws/install/as2_msgs:/root/aerostack2_ws/install/rmf_demos_gz_classic:/root/aerostack2_ws/install/rmf_demos_gz:/root/aerostack2_ws/install/rmf_demos:/root/aerostack2_ws/install/rmf_demos_maps:/root/aerostack2_ws/install/aerostack2:/root/aerostack2_ws/install/as2_usb_camera_interface:/root/aerostack2_ws/install/as2_state_estimator:/root/aerostack2_ws/install/as2_rviz_plugins:/root/aerostack2_ws/install/as2_realsense_interface:/root/aerostack2_ws/install/as2_platform_multirotor_simulator:/root/aerostack2_ws/install/as2_platform_gazebo:/root/aerostack2_ws/install/as2_motion_controller:/root/aerostack2_ws/install/as2_behaviors_trajectory_generation:/root/aerostack2_ws/install/as2_behaviors_swarm_flocking:/root/aerostack2_ws/install/as2_behaviors_motion:/root/aerostack2_ws/install/as2_map_server:/root/aerostack2_ws/install/as2_geozones:/root/aerostack2_ws/install/as2_gazebo_assets:/root/aerostack2_ws/install/as2_external_object_to_tf:/root/aerostack2_ws/install/as2_behaviors_platform:/root/aerostack2_ws/install/as2_behaviors_perception:/root/aerostack2_ws/install/as2_behaviors_path_planning:/root/aerostack2_ws/install/as2_behavior_tree:/root/aerostack2_ws/install/as2_behavior:/root/aerostack2_ws/install/as2_alphanumeric_viewer:/root/aerostack2_ws/install/as2_cli:/root/aerostack2_ws/install/rmf_demos_tasks:/root/aerostack2_ws/install/rmf_demos_panel:/root/aerostack2_ws/install/rmf_demos_fleet_adapter:/root/aerostack2_ws/install/rmf_demos_dashboard_resources:/root/aerostack2_ws/install/rmf_demos_bridges:/root/aerostack2_ws/install/rmf_demos_assets:/root/aerostack2_ws/install/as2_visualization:/root/aerostack2_ws/install/as2_keyboard_teleoperation:/root/aerostack2_ws/install/as2_python_api:/root/aerostack2_ws/install/as2_perception:/opt/ros/humble LD_LIBRARY_PATH=/root/aerostack2_ws/install/as2_core/lib:/root/aerostack2_ws/install/as2_msgs/lib:/root/aerostack2_ws/install/as2_state_estimator/lib:/root/aerostack2_ws/install/as2_python_api/lib:/root/aerostack2_ws/install/as2_motion_controller/lib:/root/aerostack2_ws/install/as2_behaviors_trajectory_generation/lib:/root/aerostack2_ws/install/as2_behaviors_swarm_flocking/lib:/root/aerostack2_ws/install/as2_behaviors_motion/lib:/root/aerostack2_ws/install/as2_motion_reference_handlers/lib:/root/aerostack2_ws/install/as2_map_server/lib:/root/aerostack2_ws/install/as2_gazebo_assets/lib:/root/aerostack2_ws/install/as2_behaviors_perception/lib:/root/aerostack2_ws/install/as2_behaviors_path_planning/lib:/root/aerostack2_ws/install/as2_behavior_tree/lib:/root/aerostack2_ws/install/as2_behavior/lib:/opt/ros/humble/opt/rviz_ogre_vendor/lib:/opt/ros/humble/lib/x86_64-linux-gnu:/opt/ros/humble/lib /usr/bin/cmake --build /root/aerostack2_ws/build/as2_motion_controller -- -j8 -l8
[4.185s] DEBUG:colcon.colcon_core.event_handler.log_command:Invoking command in '/root/aerostack2_ws/build/as2_platform_gazebo': CMAKE_PREFIX_PATH=/root/aerostack2_ws/install/as2_gazebo_assets:/root/aerostack2_ws/install/as2_core:/root/aerostack2_ws/install/as2_msgs:/root/aerostack2_ws/install/rmf_demos_gz_classic:/root/aerostack2_ws/install/rmf_demos_gz:/root/aerostack2_ws/install/rmf_demos:/root/aerostack2_ws/install/rmf_demos_maps:/root/aerostack2_ws/install/aerostack2:/root/aerostack2_ws/install/as2_usb_camera_interface:/root/aerostack2_ws/install/as2_state_estimator:/root/aerostack2_ws/install/as2_rviz_plugins:/root/aerostack2_ws/install/as2_realsense_interface:/root/aerostack2_ws/install/as2_platform_multirotor_simulator:/root/aerostack2_ws/install/as2_platform_gazebo:/root/aerostack2_ws/install/as2_motion_controller:/root/aerostack2_ws/install/as2_behaviors_trajectory_generation:/root/aerostack2_ws/install/as2_behaviors_swarm_flocking:/root/aerostack2_ws/install/as2_behaviors_motion:/root/aerostack2_ws/install/as2_motion_reference_handlers:/root/aerostack2_ws/install/as2_map_server:/root/aerostack2_ws/install/as2_geozones:/root/aerostack2_ws/install/as2_external_object_to_tf:/root/aerostack2_ws/install/as2_behaviors_platform:/root/aerostack2_ws/install/as2_behaviors_perception:/root/aerostack2_ws/install/as2_behaviors_path_planning:/root/aerostack2_ws/install/as2_behavior_tree:/root/aerostack2_ws/install/as2_behavior:/root/aerostack2_ws/install/as2_alphanumeric_viewer:/root/aerostack2_ws/install/as2_cli:/root/aerostack2_ws/install/rmf_demos_tasks:/root/aerostack2_ws/install/rmf_demos_panel:/root/aerostack2_ws/install/rmf_demos_fleet_adapter:/root/aerostack2_ws/install/rmf_demos_dashboard_resources:/root/aerostack2_ws/install/rmf_demos_bridges:/root/aerostack2_ws/install/rmf_demos_assets:/root/aerostack2_ws/install/as2_visualization:/root/aerostack2_ws/install/as2_keyboard_teleoperation:/root/aerostack2_ws/install/as2_python_api:/root/aerostack2_ws/install/as2_perception:/opt/ros/humble GZ_SIM_RESOURCE_PATH=/root/aerostack2_ws/install/as2_gazebo_assets/share/as2_ign_gazebo_assets/worlds:/root/aerostack2_ws/install/as2_gazebo_assets/share/as2_ign_gazebo_assets/models:${GZ_SIM_RESOURCE_PATH} GZ_VERSION=@GZ_VERSION@ LD_LIBRARY_PATH=/root/aerostack2_ws/install/as2_gazebo_assets/lib:/root/aerostack2_ws/install/as2_core/lib:/root/aerostack2_ws/install/as2_msgs/lib:/root/aerostack2_ws/install/as2_state_estimator/lib:/root/aerostack2_ws/install/as2_python_api/lib:/root/aerostack2_ws/install/as2_motion_controller/lib:/root/aerostack2_ws/install/as2_behaviors_trajectory_generation/lib:/root/aerostack2_ws/install/as2_behaviors_swarm_flocking/lib:/root/aerostack2_ws/install/as2_behaviors_motion/lib:/root/aerostack2_ws/install/as2_motion_reference_handlers/lib:/root/aerostack2_ws/install/as2_map_server/lib:/root/aerostack2_ws/install/as2_behaviors_perception/lib:/root/aerostack2_ws/install/as2_behaviors_path_planning/lib:/root/aerostack2_ws/install/as2_behavior_tree/lib:/root/aerostack2_ws/install/as2_behavior/lib:/opt/ros/humble/opt/rviz_ogre_vendor/lib:/opt/ros/humble/lib/x86_64-linux-gnu:/opt/ros/humble/lib /usr/bin/cmake --build /root/aerostack2_ws/build/as2_platform_gazebo -- -j8 -l8
[4.195s] DEBUG:colcon.colcon_core.event_handler.log_command:Invoking command in '/root/aerostack2_ws/build/as2_rviz_plugins': CMAKE_PREFIX_PATH=/root/aerostack2_ws/install/as2_motion_reference_handlers:/root/aerostack2_ws/install/as2_core:/root/aerostack2_ws/install/as2_msgs:/root/aerostack2_ws/install/rmf_demos_gz_classic:/root/aerostack2_ws/install/rmf_demos_gz:/root/aerostack2_ws/install/rmf_demos:/root/aerostack2_ws/install/rmf_demos_maps:/root/aerostack2_ws/install/aerostack2:/root/aerostack2_ws/install/as2_usb_camera_interface:/root/aerostack2_ws/install/as2_state_estimator:/root/aerostack2_ws/install/as2_rviz_plugins:/root/aerostack2_ws/install/as2_realsense_interface:/root/aerostack2_ws/install/as2_platform_multirotor_simulator:/root/aerostack2_ws/install/as2_platform_gazebo:/root/aerostack2_ws/install/as2_motion_controller:/root/aerostack2_ws/install/as2_behaviors_trajectory_generation:/root/aerostack2_ws/install/as2_behaviors_swarm_flocking:/root/aerostack2_ws/install/as2_behaviors_motion:/root/aerostack2_ws/install/as2_map_server:/root/aerostack2_ws/install/as2_geozones:/root/aerostack2_ws/install/as2_gazebo_assets:/root/aerostack2_ws/install/as2_external_object_to_tf:/root/aerostack2_ws/install/as2_behaviors_platform:/root/aerostack2_ws/install/as2_behaviors_perception:/root/aerostack2_ws/install/as2_behaviors_path_planning:/root/aerostack2_ws/install/as2_behavior_tree:/root/aerostack2_ws/install/as2_behavior:/root/aerostack2_ws/install/as2_alphanumeric_viewer:/root/aerostack2_ws/install/as2_cli:/root/aerostack2_ws/install/rmf_demos_tasks:/root/aerostack2_ws/install/rmf_demos_panel:/root/aerostack2_ws/install/rmf_demos_fleet_adapter:/root/aerostack2_ws/install/rmf_demos_dashboard_resources:/root/aerostack2_ws/install/rmf_demos_bridges:/root/aerostack2_ws/install/rmf_demos_assets:/root/aerostack2_ws/install/as2_visualization:/root/aerostack2_ws/install/as2_keyboard_teleoperation:/root/aerostack2_ws/install/as2_python_api:/root/aerostack2_ws/install/as2_perception:/opt/ros/humble LD_LIBRARY_PATH=/root/aerostack2_ws/install/as2_core/lib:/root/aerostack2_ws/install/as2_msgs/lib:/root/aerostack2_ws/install/as2_state_estimator/lib:/root/aerostack2_ws/install/as2_python_api/lib:/root/aerostack2_ws/install/as2_motion_controller/lib:/root/aerostack2_ws/install/as2_behaviors_trajectory_generation/lib:/root/aerostack2_ws/install/as2_behaviors_swarm_flocking/lib:/root/aerostack2_ws/install/as2_behaviors_motion/lib:/root/aerostack2_ws/install/as2_motion_reference_handlers/lib:/root/aerostack2_ws/install/as2_map_server/lib:/root/aerostack2_ws/install/as2_gazebo_assets/lib:/root/aerostack2_ws/install/as2_behaviors_perception/lib:/root/aerostack2_ws/install/as2_behaviors_path_planning/lib:/root/aerostack2_ws/install/as2_behavior_tree/lib:/root/aerostack2_ws/install/as2_behavior/lib:/opt/ros/humble/opt/rviz_ogre_vendor/lib:/opt/ros/humble/lib/x86_64-linux-gnu:/opt/ros/humble/lib /usr/bin/cmake --build /root/aerostack2_ws/build/as2_rviz_plugins -- -j8 -l8
[4.826s] INFO:colcon.colcon_core.task.python.build:Building Python package in '/root/aerostack2_ws/src/aerostack2/as2_user_interfaces/as2_visualization/as2_visualization'
[4.827s] INFO:colcon.colcon_core.shell:Skip shell extension 'powershell' for command environment: Not usable outside of PowerShell
[4.827s] DEBUG:colcon.colcon_core.shell:Skip shell extension 'dsv' for command environment
[4.833s] DEBUG:colcon.colcon_core.event_handler.log_command:Invoked command in '/root/aerostack2_ws/build/as2_behaviors_platform' returned '0': CMAKE_PREFIX_PATH=/root/aerostack2_ws/install/as2_behavior:/root/aerostack2_ws/install/as2_core:/root/aerostack2_ws/install/as2_msgs:/root/aerostack2_ws/install/rmf_demos_gz_classic:/root/aerostack2_ws/install/rmf_demos_gz:/root/aerostack2_ws/install/rmf_demos:/root/aerostack2_ws/install/rmf_demos_maps:/root/aerostack2_ws/install/aerostack2:/root/aerostack2_ws/install/as2_usb_camera_interface:/root/aerostack2_ws/install/as2_state_estimator:/root/aerostack2_ws/install/as2_rviz_plugins:/root/aerostack2_ws/install/as2_realsense_interface:/root/aerostack2_ws/install/as2_platform_multirotor_simulator:/root/aerostack2_ws/install/as2_platform_gazebo:/root/aerostack2_ws/install/as2_motion_controller:/root/aerostack2_ws/install/as2_behaviors_trajectory_generation:/root/aerostack2_ws/install/as2_behaviors_swarm_flocking:/root/aerostack2_ws/install/as2_behaviors_motion:/root/aerostack2_ws/install/as2_motion_reference_handlers:/root/aerostack2_ws/install/as2_map_server:/root/aerostack2_ws/install/as2_geozones:/root/aerostack2_ws/install/as2_gazebo_assets:/root/aerostack2_ws/install/as2_external_object_to_tf:/root/aerostack2_ws/install/as2_behaviors_platform:/root/aerostack2_ws/install/as2_behaviors_perception:/root/aerostack2_ws/install/as2_behaviors_path_planning:/root/aerostack2_ws/install/as2_behavior_tree:/root/aerostack2_ws/install/as2_alphanumeric_viewer:/root/aerostack2_ws/install/as2_cli:/root/aerostack2_ws/install/rmf_demos_tasks:/root/aerostack2_ws/install/rmf_demos_panel:/root/aerostack2_ws/install/rmf_demos_fleet_adapter:/root/aerostack2_ws/install/rmf_demos_dashboard_resources:/root/aerostack2_ws/install/rmf_demos_bridges:/root/aerostack2_ws/install/rmf_demos_assets:/root/aerostack2_ws/install/as2_visualization:/root/aerostack2_ws/install/as2_keyboard_teleoperation:/root/aerostack2_ws/install/as2_python_api:/root/aerostack2_ws/install/as2_perception:/opt/ros/humble LD_LIBRARY_PATH=/root/aerostack2_ws/install/as2_behavior/lib:/root/aerostack2_ws/install/as2_core/lib:/root/aerostack2_ws/install/as2_msgs/lib:/root/aerostack2_ws/install/as2_state_estimator/lib:/root/aerostack2_ws/install/as2_python_api/lib:/root/aerostack2_ws/install/as2_motion_controller/lib:/root/aerostack2_ws/install/as2_behaviors_trajectory_generation/lib:/root/aerostack2_ws/install/as2_behaviors_swarm_flocking/lib:/root/aerostack2_ws/install/as2_behaviors_motion/lib:/root/aerostack2_ws/install/as2_motion_reference_handlers/lib:/root/aerostack2_ws/install/as2_map_server/lib:/root/aerostack2_ws/install/as2_gazebo_assets/lib:/root/aerostack2_ws/install/as2_behaviors_perception/lib:/root/aerostack2_ws/install/as2_behaviors_path_planning/lib:/root/aerostack2_ws/install/as2_behavior_tree/lib:/opt/ros/humble/opt/rviz_ogre_vendor/lib:/opt/ros/humble/lib/x86_64-linux-gnu:/opt/ros/humble/lib /usr/bin/cmake --build /root/aerostack2_ws/build/as2_behaviors_platform -- -j8 -l8
[4.835s] DEBUG:colcon.colcon_core.event_handler.log_command:Invoking command in '/root/aerostack2_ws/build/as2_behaviors_platform': CMAKE_PREFIX_PATH=/root/aerostack2_ws/install/as2_behavior:/root/aerostack2_ws/install/as2_core:/root/aerostack2_ws/install/as2_msgs:/root/aerostack2_ws/install/rmf_demos_gz_classic:/root/aerostack2_ws/install/rmf_demos_gz:/root/aerostack2_ws/install/rmf_demos:/root/aerostack2_ws/install/rmf_demos_maps:/root/aerostack2_ws/install/aerostack2:/root/aerostack2_ws/install/as2_usb_camera_interface:/root/aerostack2_ws/install/as2_state_estimator:/root/aerostack2_ws/install/as2_rviz_plugins:/root/aerostack2_ws/install/as2_realsense_interface:/root/aerostack2_ws/install/as2_platform_multirotor_simulator:/root/aerostack2_ws/install/as2_platform_gazebo:/root/aerostack2_ws/install/as2_motion_controller:/root/aerostack2_ws/install/as2_behaviors_trajectory_generation:/root/aerostack2_ws/install/as2_behaviors_swarm_flocking:/root/aerostack2_ws/install/as2_behaviors_motion:/root/aerostack2_ws/install/as2_motion_reference_handlers:/root/aerostack2_ws/install/as2_map_server:/root/aerostack2_ws/install/as2_geozones:/root/aerostack2_ws/install/as2_gazebo_assets:/root/aerostack2_ws/install/as2_external_object_to_tf:/root/aerostack2_ws/install/as2_behaviors_platform:/root/aerostack2_ws/install/as2_behaviors_perception:/root/aerostack2_ws/install/as2_behaviors_path_planning:/root/aerostack2_ws/install/as2_behavior_tree:/root/aerostack2_ws/install/as2_alphanumeric_viewer:/root/aerostack2_ws/install/as2_cli:/root/aerostack2_ws/install/rmf_demos_tasks:/root/aerostack2_ws/install/rmf_demos_panel:/root/aerostack2_ws/install/rmf_demos_fleet_adapter:/root/aerostack2_ws/install/rmf_demos_dashboard_resources:/root/aerostack2_ws/install/rmf_demos_bridges:/root/aerostack2_ws/install/rmf_demos_assets:/root/aerostack2_ws/install/as2_visualization:/root/aerostack2_ws/install/as2_keyboard_teleoperation:/root/aerostack2_ws/install/as2_python_api:/root/aerostack2_ws/install/as2_perception:/opt/ros/humble LD_LIBRARY_PATH=/root/aerostack2_ws/install/as2_behavior/lib:/root/aerostack2_ws/install/as2_core/lib:/root/aerostack2_ws/install/as2_msgs/lib:/root/aerostack2_ws/install/as2_state_estimator/lib:/root/aerostack2_ws/install/as2_python_api/lib:/root/aerostack2_ws/install/as2_motion_controller/lib:/root/aerostack2_ws/install/as2_behaviors_trajectory_generation/lib:/root/aerostack2_ws/install/as2_behaviors_swarm_flocking/lib:/root/aerostack2_ws/install/as2_behaviors_motion/lib:/root/aerostack2_ws/install/as2_motion_reference_handlers/lib:/root/aerostack2_ws/install/as2_map_server/lib:/root/aerostack2_ws/install/as2_gazebo_assets/lib:/root/aerostack2_ws/install/as2_behaviors_perception/lib:/root/aerostack2_ws/install/as2_behaviors_path_planning/lib:/root/aerostack2_ws/install/as2_behavior_tree/lib:/opt/ros/humble/opt/rviz_ogre_vendor/lib:/opt/ros/humble/lib/x86_64-linux-gnu:/opt/ros/humble/lib /usr/bin/cmake --install /root/aerostack2_ws/build/as2_behaviors_platform
[4.835s] DEBUG:colcon.colcon_core.event_handler.log_command:Invoked command in '/root/aerostack2_ws/build/as2_behaviors_motion' returned '0': CMAKE_PREFIX_PATH=/root/aerostack2_ws/install/as2_motion_reference_handlers:/root/aerostack2_ws/install/as2_behavior:/root/aerostack2_ws/install/as2_core:/root/aerostack2_ws/install/as2_msgs:/root/aerostack2_ws/install/rmf_demos_gz_classic:/root/aerostack2_ws/install/rmf_demos_gz:/root/aerostack2_ws/install/rmf_demos:/root/aerostack2_ws/install/rmf_demos_maps:/root/aerostack2_ws/install/aerostack2:/root/aerostack2_ws/install/as2_usb_camera_interface:/root/aerostack2_ws/install/as2_state_estimator:/root/aerostack2_ws/install/as2_rviz_plugins:/root/aerostack2_ws/install/as2_realsense_interface:/root/aerostack2_ws/install/as2_platform_multirotor_simulator:/root/aerostack2_ws/install/as2_platform_gazebo:/root/aerostack2_ws/install/as2_motion_controller:/root/aerostack2_ws/install/as2_behaviors_trajectory_generation:/root/aerostack2_ws/install/as2_behaviors_swarm_flocking:/root/aerostack2_ws/install/as2_behaviors_motion:/root/aerostack2_ws/install/as2_map_server:/root/aerostack2_ws/install/as2_geozones:/root/aerostack2_ws/install/as2_gazebo_assets:/root/aerostack2_ws/install/as2_external_object_to_tf:/root/aerostack2_ws/install/as2_behaviors_platform:/root/aerostack2_ws/install/as2_behaviors_perception:/root/aerostack2_ws/install/as2_behaviors_path_planning:/root/aerostack2_ws/install/as2_behavior_tree:/root/aerostack2_ws/install/as2_alphanumeric_viewer:/root/aerostack2_ws/install/as2_cli:/root/aerostack2_ws/install/rmf_demos_tasks:/root/aerostack2_ws/install/rmf_demos_panel:/root/aerostack2_ws/install/rmf_demos_fleet_adapter:/root/aerostack2_ws/install/rmf_demos_dashboard_resources:/root/aerostack2_ws/install/rmf_demos_bridges:/root/aerostack2_ws/install/rmf_demos_assets:/root/aerostack2_ws/install/as2_visualization:/root/aerostack2_ws/install/as2_keyboard_teleoperation:/root/aerostack2_ws/install/as2_python_api:/root/aerostack2_ws/install/as2_perception:/opt/ros/humble LD_LIBRARY_PATH=/root/aerostack2_ws/install/as2_behavior/lib:/root/aerostack2_ws/install/as2_core/lib:/root/aerostack2_ws/install/as2_msgs/lib:/root/aerostack2_ws/install/as2_state_estimator/lib:/root/aerostack2_ws/install/as2_python_api/lib:/root/aerostack2_ws/install/as2_motion_controller/lib:/root/aerostack2_ws/install/as2_behaviors_trajectory_generation/lib:/root/aerostack2_ws/install/as2_behaviors_swarm_flocking/lib:/root/aerostack2_ws/install/as2_behaviors_motion/lib:/root/aerostack2_ws/install/as2_motion_reference_handlers/lib:/root/aerostack2_ws/install/as2_map_server/lib:/root/aerostack2_ws/install/as2_gazebo_assets/lib:/root/aerostack2_ws/install/as2_behaviors_perception/lib:/root/aerostack2_ws/install/as2_behaviors_path_planning/lib:/root/aerostack2_ws/install/as2_behavior_tree/lib:/opt/ros/humble/opt/rviz_ogre_vendor/lib:/opt/ros/humble/lib/x86_64-linux-gnu:/opt/ros/humble/lib /usr/bin/cmake --build /root/aerostack2_ws/build/as2_behaviors_motion -- -j8 -l8
[4.836s] DEBUG:colcon.colcon_core.event_handler.log_command:Invoking command in '/root/aerostack2_ws/build/as2_behaviors_motion': CMAKE_PREFIX_PATH=/root/aerostack2_ws/install/as2_motion_reference_handlers:/root/aerostack2_ws/install/as2_behavior:/root/aerostack2_ws/install/as2_core:/root/aerostack2_ws/install/as2_msgs:/root/aerostack2_ws/install/rmf_demos_gz_classic:/root/aerostack2_ws/install/rmf_demos_gz:/root/aerostack2_ws/install/rmf_demos:/root/aerostack2_ws/install/rmf_demos_maps:/root/aerostack2_ws/install/aerostack2:/root/aerostack2_ws/install/as2_usb_camera_interface:/root/aerostack2_ws/install/as2_state_estimator:/root/aerostack2_ws/install/as2_rviz_plugins:/root/aerostack2_ws/install/as2_realsense_interface:/root/aerostack2_ws/install/as2_platform_multirotor_simulator:/root/aerostack2_ws/install/as2_platform_gazebo:/root/aerostack2_ws/install/as2_motion_controller:/root/aerostack2_ws/install/as2_behaviors_trajectory_generation:/root/aerostack2_ws/install/as2_behaviors_swarm_flocking:/root/aerostack2_ws/install/as2_behaviors_motion:/root/aerostack2_ws/install/as2_map_server:/root/aerostack2_ws/install/as2_geozones:/root/aerostack2_ws/install/as2_gazebo_assets:/root/aerostack2_ws/install/as2_external_object_to_tf:/root/aerostack2_ws/install/as2_behaviors_platform:/root/aerostack2_ws/install/as2_behaviors_perception:/root/aerostack2_ws/install/as2_behaviors_path_planning:/root/aerostack2_ws/install/as2_behavior_tree:/root/aerostack2_ws/install/as2_alphanumeric_viewer:/root/aerostack2_ws/install/as2_cli:/root/aerostack2_ws/install/rmf_demos_tasks:/root/aerostack2_ws/install/rmf_demos_panel:/root/aerostack2_ws/install/rmf_demos_fleet_adapter:/root/aerostack2_ws/install/rmf_demos_dashboard_resources:/root/aerostack2_ws/install/rmf_demos_bridges:/root/aerostack2_ws/install/rmf_demos_assets:/root/aerostack2_ws/install/as2_visualization:/root/aerostack2_ws/install/as2_keyboard_teleoperation:/root/aerostack2_ws/install/as2_python_api:/root/aerostack2_ws/install/as2_perception:/opt/ros/humble LD_LIBRARY_PATH=/root/aerostack2_ws/install/as2_behavior/lib:/root/aerostack2_ws/install/as2_core/lib:/root/aerostack2_ws/install/as2_msgs/lib:/root/aerostack2_ws/install/as2_state_estimator/lib:/root/aerostack2_ws/install/as2_python_api/lib:/root/aerostack2_ws/install/as2_motion_controller/lib:/root/aerostack2_ws/install/as2_behaviors_trajectory_generation/lib:/root/aerostack2_ws/install/as2_behaviors_swarm_flocking/lib:/root/aerostack2_ws/install/as2_behaviors_motion/lib:/root/aerostack2_ws/install/as2_motion_reference_handlers/lib:/root/aerostack2_ws/install/as2_map_server/lib:/root/aerostack2_ws/install/as2_gazebo_assets/lib:/root/aerostack2_ws/install/as2_behaviors_perception/lib:/root/aerostack2_ws/install/as2_behaviors_path_planning/lib:/root/aerostack2_ws/install/as2_behavior_tree/lib:/opt/ros/humble/opt/rviz_ogre_vendor/lib:/opt/ros/humble/lib/x86_64-linux-gnu:/opt/ros/humble/lib /usr/bin/cmake --install /root/aerostack2_ws/build/as2_behaviors_motion
[4.837s] DEBUG:colcon.colcon_core.event_handler.log_command:Invoked command in '/root/aerostack2_ws/build/as2_platform_gazebo' returned '0': CMAKE_PREFIX_PATH=/root/aerostack2_ws/install/as2_gazebo_assets:/root/aerostack2_ws/install/as2_core:/root/aerostack2_ws/install/as2_msgs:/root/aerostack2_ws/install/rmf_demos_gz_classic:/root/aerostack2_ws/install/rmf_demos_gz:/root/aerostack2_ws/install/rmf_demos:/root/aerostack2_ws/install/rmf_demos_maps:/root/aerostack2_ws/install/aerostack2:/root/aerostack2_ws/install/as2_usb_camera_interface:/root/aerostack2_ws/install/as2_state_estimator:/root/aerostack2_ws/install/as2_rviz_plugins:/root/aerostack2_ws/install/as2_realsense_interface:/root/aerostack2_ws/install/as2_platform_multirotor_simulator:/root/aerostack2_ws/install/as2_platform_gazebo:/root/aerostack2_ws/install/as2_motion_controller:/root/aerostack2_ws/install/as2_behaviors_trajectory_generation:/root/aerostack2_ws/install/as2_behaviors_swarm_flocking:/root/aerostack2_ws/install/as2_behaviors_motion:/root/aerostack2_ws/install/as2_motion_reference_handlers:/root/aerostack2_ws/install/as2_map_server:/root/aerostack2_ws/install/as2_geozones:/root/aerostack2_ws/install/as2_external_object_to_tf:/root/aerostack2_ws/install/as2_behaviors_platform:/root/aerostack2_ws/install/as2_behaviors_perception:/root/aerostack2_ws/install/as2_behaviors_path_planning:/root/aerostack2_ws/install/as2_behavior_tree:/root/aerostack2_ws/install/as2_behavior:/root/aerostack2_ws/install/as2_alphanumeric_viewer:/root/aerostack2_ws/install/as2_cli:/root/aerostack2_ws/install/rmf_demos_tasks:/root/aerostack2_ws/install/rmf_demos_panel:/root/aerostack2_ws/install/rmf_demos_fleet_adapter:/root/aerostack2_ws/install/rmf_demos_dashboard_resources:/root/aerostack2_ws/install/rmf_demos_bridges:/root/aerostack2_ws/install/rmf_demos_assets:/root/aerostack2_ws/install/as2_visualization:/root/aerostack2_ws/install/as2_keyboard_teleoperation:/root/aerostack2_ws/install/as2_python_api:/root/aerostack2_ws/install/as2_perception:/opt/ros/humble GZ_SIM_RESOURCE_PATH=/root/aerostack2_ws/install/as2_gazebo_assets/share/as2_ign_gazebo_assets/worlds:/root/aerostack2_ws/install/as2_gazebo_assets/share/as2_ign_gazebo_assets/models:${GZ_SIM_RESOURCE_PATH} GZ_VERSION=@GZ_VERSION@ LD_LIBRARY_PATH=/root/aerostack2_ws/install/as2_gazebo_assets/lib:/root/aerostack2_ws/install/as2_core/lib:/root/aerostack2_ws/install/as2_msgs/lib:/root/aerostack2_ws/install/as2_state_estimator/lib:/root/aerostack2_ws/install/as2_python_api/lib:/root/aerostack2_ws/install/as2_motion_controller/lib:/root/aerostack2_ws/install/as2_behaviors_trajectory_generation/lib:/root/aerostack2_ws/install/as2_behaviors_swarm_flocking/lib:/root/aerostack2_ws/install/as2_behaviors_motion/lib:/root/aerostack2_ws/install/as2_motion_reference_handlers/lib:/root/aerostack2_ws/install/as2_map_server/lib:/root/aerostack2_ws/install/as2_behaviors_perception/lib:/root/aerostack2_ws/install/as2_behaviors_path_planning/lib:/root/aerostack2_ws/install/as2_behavior_tree/lib:/root/aerostack2_ws/install/as2_behavior/lib:/opt/ros/humble/opt/rviz_ogre_vendor/lib:/opt/ros/humble/lib/x86_64-linux-gnu:/opt/ros/humble/lib /usr/bin/cmake --build /root/aerostack2_ws/build/as2_platform_gazebo -- -j8 -l8
[4.842s] DEBUG:colcon.colcon_core.event_handler.log_command:Invoking command in '/root/aerostack2_ws/build/as2_platform_gazebo': CMAKE_PREFIX_PATH=/root/aerostack2_ws/install/as2_gazebo_assets:/root/aerostack2_ws/install/as2_core:/root/aerostack2_ws/install/as2_msgs:/root/aerostack2_ws/install/rmf_demos_gz_classic:/root/aerostack2_ws/install/rmf_demos_gz:/root/aerostack2_ws/install/rmf_demos:/root/aerostack2_ws/install/rmf_demos_maps:/root/aerostack2_ws/install/aerostack2:/root/aerostack2_ws/install/as2_usb_camera_interface:/root/aerostack2_ws/install/as2_state_estimator:/root/aerostack2_ws/install/as2_rviz_plugins:/root/aerostack2_ws/install/as2_realsense_interface:/root/aerostack2_ws/install/as2_platform_multirotor_simulator:/root/aerostack2_ws/install/as2_platform_gazebo:/root/aerostack2_ws/install/as2_motion_controller:/root/aerostack2_ws/install/as2_behaviors_trajectory_generation:/root/aerostack2_ws/install/as2_behaviors_swarm_flocking:/root/aerostack2_ws/install/as2_behaviors_motion:/root/aerostack2_ws/install/as2_motion_reference_handlers:/root/aerostack2_ws/install/as2_map_server:/root/aerostack2_ws/install/as2_geozones:/root/aerostack2_ws/install/as2_external_object_to_tf:/root/aerostack2_ws/install/as2_behaviors_platform:/root/aerostack2_ws/install/as2_behaviors_perception:/root/aerostack2_ws/install/as2_behaviors_path_planning:/root/aerostack2_ws/install/as2_behavior_tree:/root/aerostack2_ws/install/as2_behavior:/root/aerostack2_ws/install/as2_alphanumeric_viewer:/root/aerostack2_ws/install/as2_cli:/root/aerostack2_ws/install/rmf_demos_tasks:/root/aerostack2_ws/install/rmf_demos_panel:/root/aerostack2_ws/install/rmf_demos_fleet_adapter:/root/aerostack2_ws/install/rmf_demos_dashboard_resources:/root/aerostack2_ws/install/rmf_demos_bridges:/root/aerostack2_ws/install/rmf_demos_assets:/root/aerostack2_ws/install/as2_visualization:/root/aerostack2_ws/install/as2_keyboard_teleoperation:/root/aerostack2_ws/install/as2_python_api:/root/aerostack2_ws/install/as2_perception:/opt/ros/humble GZ_SIM_RESOURCE_PATH=/root/aerostack2_ws/install/as2_gazebo_assets/share/as2_ign_gazebo_assets/worlds:/root/aerostack2_ws/install/as2_gazebo_assets/share/as2_ign_gazebo_assets/models:${GZ_SIM_RESOURCE_PATH} GZ_VERSION=@GZ_VERSION@ LD_LIBRARY_PATH=/root/aerostack2_ws/install/as2_gazebo_assets/lib:/root/aerostack2_ws/install/as2_core/lib:/root/aerostack2_ws/install/as2_msgs/lib:/root/aerostack2_ws/install/as2_state_estimator/lib:/root/aerostack2_ws/install/as2_python_api/lib:/root/aerostack2_ws/install/as2_motion_controller/lib:/root/aerostack2_ws/install/as2_behaviors_trajectory_generation/lib:/root/aerostack2_ws/install/as2_behaviors_swarm_flocking/lib:/root/aerostack2_ws/install/as2_behaviors_motion/lib:/root/aerostack2_ws/install/as2_motion_reference_handlers/lib:/root/aerostack2_ws/install/as2_map_server/lib:/root/aerostack2_ws/install/as2_behaviors_perception/lib:/root/aerostack2_ws/install/as2_behaviors_path_planning/lib:/root/aerostack2_ws/install/as2_behavior_tree/lib:/root/aerostack2_ws/install/as2_behavior/lib:/opt/ros/humble/opt/rviz_ogre_vendor/lib:/opt/ros/humble/lib/x86_64-linux-gnu:/opt/ros/humble/lib /usr/bin/cmake --install /root/aerostack2_ws/build/as2_platform_gazebo
[4.842s] DEBUG:colcon.colcon_core.event_handler.log_command:Invoked command in '/root/aerostack2_ws/build/as2_rviz_plugins' returned '0': CMAKE_PREFIX_PATH=/root/aerostack2_ws/install/as2_motion_reference_handlers:/root/aerostack2_ws/install/as2_core:/root/aerostack2_ws/install/as2_msgs:/root/aerostack2_ws/install/rmf_demos_gz_classic:/root/aerostack2_ws/install/rmf_demos_gz:/root/aerostack2_ws/install/rmf_demos:/root/aerostack2_ws/install/rmf_demos_maps:/root/aerostack2_ws/install/aerostack2:/root/aerostack2_ws/install/as2_usb_camera_interface:/root/aerostack2_ws/install/as2_state_estimator:/root/aerostack2_ws/install/as2_rviz_plugins:/root/aerostack2_ws/install/as2_realsense_interface:/root/aerostack2_ws/install/as2_platform_multirotor_simulator:/root/aerostack2_ws/install/as2_platform_gazebo:/root/aerostack2_ws/install/as2_motion_controller:/root/aerostack2_ws/install/as2_behaviors_trajectory_generation:/root/aerostack2_ws/install/as2_behaviors_swarm_flocking:/root/aerostack2_ws/install/as2_behaviors_motion:/root/aerostack2_ws/install/as2_map_server:/root/aerostack2_ws/install/as2_geozones:/root/aerostack2_ws/install/as2_gazebo_assets:/root/aerostack2_ws/install/as2_external_object_to_tf:/root/aerostack2_ws/install/as2_behaviors_platform:/root/aerostack2_ws/install/as2_behaviors_perception:/root/aerostack2_ws/install/as2_behaviors_path_planning:/root/aerostack2_ws/install/as2_behavior_tree:/root/aerostack2_ws/install/as2_behavior:/root/aerostack2_ws/install/as2_alphanumeric_viewer:/root/aerostack2_ws/install/as2_cli:/root/aerostack2_ws/install/rmf_demos_tasks:/root/aerostack2_ws/install/rmf_demos_panel:/root/aerostack2_ws/install/rmf_demos_fleet_adapter:/root/aerostack2_ws/install/rmf_demos_dashboard_resources:/root/aerostack2_ws/install/rmf_demos_bridges:/root/aerostack2_ws/install/rmf_demos_assets:/root/aerostack2_ws/install/as2_visualization:/root/aerostack2_ws/install/as2_keyboard_teleoperation:/root/aerostack2_ws/install/as2_python_api:/root/aerostack2_ws/install/as2_perception:/opt/ros/humble LD_LIBRARY_PATH=/root/aerostack2_ws/install/as2_core/lib:/root/aerostack2_ws/install/as2_msgs/lib:/root/aerostack2_ws/install/as2_state_estimator/lib:/root/aerostack2_ws/install/as2_python_api/lib:/root/aerostack2_ws/install/as2_motion_controller/lib:/root/aerostack2_ws/install/as2_behaviors_trajectory_generation/lib:/root/aerostack2_ws/install/as2_behaviors_swarm_flocking/lib:/root/aerostack2_ws/install/as2_behaviors_motion/lib:/root/aerostack2_ws/install/as2_motion_reference_handlers/lib:/root/aerostack2_ws/install/as2_map_server/lib:/root/aerostack2_ws/install/as2_gazebo_assets/lib:/root/aerostack2_ws/install/as2_behaviors_perception/lib:/root/aerostack2_ws/install/as2_behaviors_path_planning/lib:/root/aerostack2_ws/install/as2_behavior_tree/lib:/root/aerostack2_ws/install/as2_behavior/lib:/opt/ros/humble/opt/rviz_ogre_vendor/lib:/opt/ros/humble/lib/x86_64-linux-gnu:/opt/ros/humble/lib /usr/bin/cmake --build /root/aerostack2_ws/build/as2_rviz_plugins -- -j8 -l8
[4.842s] DEBUG:colcon.colcon_core.event_handler.log_command:Invoking command in '/root/aerostack2_ws/build/as2_rviz_plugins': CMAKE_PREFIX_PATH=/root/aerostack2_ws/install/as2_motion_reference_handlers:/root/aerostack2_ws/install/as2_core:/root/aerostack2_ws/install/as2_msgs:/root/aerostack2_ws/install/rmf_demos_gz_classic:/root/aerostack2_ws/install/rmf_demos_gz:/root/aerostack2_ws/install/rmf_demos:/root/aerostack2_ws/install/rmf_demos_maps:/root/aerostack2_ws/install/aerostack2:/root/aerostack2_ws/install/as2_usb_camera_interface:/root/aerostack2_ws/install/as2_state_estimator:/root/aerostack2_ws/install/as2_rviz_plugins:/root/aerostack2_ws/install/as2_realsense_interface:/root/aerostack2_ws/install/as2_platform_multirotor_simulator:/root/aerostack2_ws/install/as2_platform_gazebo:/root/aerostack2_ws/install/as2_motion_controller:/root/aerostack2_ws/install/as2_behaviors_trajectory_generation:/root/aerostack2_ws/install/as2_behaviors_swarm_flocking:/root/aerostack2_ws/install/as2_behaviors_motion:/root/aerostack2_ws/install/as2_map_server:/root/aerostack2_ws/install/as2_geozones:/root/aerostack2_ws/install/as2_gazebo_assets:/root/aerostack2_ws/install/as2_external_object_to_tf:/root/aerostack2_ws/install/as2_behaviors_platform:/root/aerostack2_ws/install/as2_behaviors_perception:/root/aerostack2_ws/install/as2_behaviors_path_planning:/root/aerostack2_ws/install/as2_behavior_tree:/root/aerostack2_ws/install/as2_behavior:/root/aerostack2_ws/install/as2_alphanumeric_viewer:/root/aerostack2_ws/install/as2_cli:/root/aerostack2_ws/install/rmf_demos_tasks:/root/aerostack2_ws/install/rmf_demos_panel:/root/aerostack2_ws/install/rmf_demos_fleet_adapter:/root/aerostack2_ws/install/rmf_demos_dashboard_resources:/root/aerostack2_ws/install/rmf_demos_bridges:/root/aerostack2_ws/install/rmf_demos_assets:/root/aerostack2_ws/install/as2_visualization:/root/aerostack2_ws/install/as2_keyboard_teleoperation:/root/aerostack2_ws/install/as2_python_api:/root/aerostack2_ws/install/as2_perception:/opt/ros/humble LD_LIBRARY_PATH=/root/aerostack2_ws/install/as2_core/lib:/root/aerostack2_ws/install/as2_msgs/lib:/root/aerostack2_ws/install/as2_state_estimator/lib:/root/aerostack2_ws/install/as2_python_api/lib:/root/aerostack2_ws/install/as2_motion_controller/lib:/root/aerostack2_ws/install/as2_behaviors_trajectory_generation/lib:/root/aerostack2_ws/install/as2_behaviors_swarm_flocking/lib:/root/aerostack2_ws/install/as2_behaviors_motion/lib:/root/aerostack2_ws/install/as2_motion_reference_handlers/lib:/root/aerostack2_ws/install/as2_map_server/lib:/root/aerostack2_ws/install/as2_gazebo_assets/lib:/root/aerostack2_ws/install/as2_behaviors_perception/lib:/root/aerostack2_ws/install/as2_behaviors_path_planning/lib:/root/aerostack2_ws/install/as2_behavior_tree/lib:/root/aerostack2_ws/install/as2_behavior/lib:/opt/ros/humble/opt/rviz_ogre_vendor/lib:/opt/ros/humble/lib/x86_64-linux-gnu:/opt/ros/humble/lib /usr/bin/cmake --install /root/aerostack2_ws/build/as2_rviz_plugins
[4.842s] DEBUG:colcon.colcon_core.event_handler.log_command:Invoked command in '/root/aerostack2_ws/build/as2_motion_controller' returned '0': CMAKE_PREFIX_PATH=/root/aerostack2_ws/install/as2_motion_reference_handlers:/root/aerostack2_ws/install/as2_core:/root/aerostack2_ws/install/as2_msgs:/root/aerostack2_ws/install/rmf_demos_gz_classic:/root/aerostack2_ws/install/rmf_demos_gz:/root/aerostack2_ws/install/rmf_demos:/root/aerostack2_ws/install/rmf_demos_maps:/root/aerostack2_ws/install/aerostack2:/root/aerostack2_ws/install/as2_usb_camera_interface:/root/aerostack2_ws/install/as2_state_estimator:/root/aerostack2_ws/install/as2_rviz_plugins:/root/aerostack2_ws/install/as2_realsense_interface:/root/aerostack2_ws/install/as2_platform_multirotor_simulator:/root/aerostack2_ws/install/as2_platform_gazebo:/root/aerostack2_ws/install/as2_motion_controller:/root/aerostack2_ws/install/as2_behaviors_trajectory_generation:/root/aerostack2_ws/install/as2_behaviors_swarm_flocking:/root/aerostack2_ws/install/as2_behaviors_motion:/root/aerostack2_ws/install/as2_map_server:/root/aerostack2_ws/install/as2_geozones:/root/aerostack2_ws/install/as2_gazebo_assets:/root/aerostack2_ws/install/as2_external_object_to_tf:/root/aerostack2_ws/install/as2_behaviors_platform:/root/aerostack2_ws/install/as2_behaviors_perception:/root/aerostack2_ws/install/as2_behaviors_path_planning:/root/aerostack2_ws/install/as2_behavior_tree:/root/aerostack2_ws/install/as2_behavior:/root/aerostack2_ws/install/as2_alphanumeric_viewer:/root/aerostack2_ws/install/as2_cli:/root/aerostack2_ws/install/rmf_demos_tasks:/root/aerostack2_ws/install/rmf_demos_panel:/root/aerostack2_ws/install/rmf_demos_fleet_adapter:/root/aerostack2_ws/install/rmf_demos_dashboard_resources:/root/aerostack2_ws/install/rmf_demos_bridges:/root/aerostack2_ws/install/rmf_demos_assets:/root/aerostack2_ws/install/as2_visualization:/root/aerostack2_ws/install/as2_keyboard_teleoperation:/root/aerostack2_ws/install/as2_python_api:/root/aerostack2_ws/install/as2_perception:/opt/ros/humble LD_LIBRARY_PATH=/root/aerostack2_ws/install/as2_core/lib:/root/aerostack2_ws/install/as2_msgs/lib:/root/aerostack2_ws/install/as2_state_estimator/lib:/root/aerostack2_ws/install/as2_python_api/lib:/root/aerostack2_ws/install/as2_motion_controller/lib:/root/aerostack2_ws/install/as2_behaviors_trajectory_generation/lib:/root/aerostack2_ws/install/as2_behaviors_swarm_flocking/lib:/root/aerostack2_ws/install/as2_behaviors_motion/lib:/root/aerostack2_ws/install/as2_motion_reference_handlers/lib:/root/aerostack2_ws/install/as2_map_server/lib:/root/aerostack2_ws/install/as2_gazebo_assets/lib:/root/aerostack2_ws/install/as2_behaviors_perception/lib:/root/aerostack2_ws/install/as2_behaviors_path_planning/lib:/root/aerostack2_ws/install/as2_behavior_tree/lib:/root/aerostack2_ws/install/as2_behavior/lib:/opt/ros/humble/opt/rviz_ogre_vendor/lib:/opt/ros/humble/lib/x86_64-linux-gnu:/opt/ros/humble/lib /usr/bin/cmake --build /root/aerostack2_ws/build/as2_motion_controller -- -j8 -l8
[4.843s] DEBUG:colcon.colcon_core.event_handler.log_command:Invoking command in '/root/aerostack2_ws/build/as2_motion_controller': CMAKE_PREFIX_PATH=/root/aerostack2_ws/install/as2_motion_reference_handlers:/root/aerostack2_ws/install/as2_core:/root/aerostack2_ws/install/as2_msgs:/root/aerostack2_ws/install/rmf_demos_gz_classic:/root/aerostack2_ws/install/rmf_demos_gz:/root/aerostack2_ws/install/rmf_demos:/root/aerostack2_ws/install/rmf_demos_maps:/root/aerostack2_ws/install/aerostack2:/root/aerostack2_ws/install/as2_usb_camera_interface:/root/aerostack2_ws/install/as2_state_estimator:/root/aerostack2_ws/install/as2_rviz_plugins:/root/aerostack2_ws/install/as2_realsense_interface:/root/aerostack2_ws/install/as2_platform_multirotor_simulator:/root/aerostack2_ws/install/as2_platform_gazebo:/root/aerostack2_ws/install/as2_motion_controller:/root/aerostack2_ws/install/as2_behaviors_trajectory_generation:/root/aerostack2_ws/install/as2_behaviors_swarm_flocking:/root/aerostack2_ws/install/as2_behaviors_motion:/root/aerostack2_ws/install/as2_map_server:/root/aerostack2_ws/install/as2_geozones:/root/aerostack2_ws/install/as2_gazebo_assets:/root/aerostack2_ws/install/as2_external_object_to_tf:/root/aerostack2_ws/install/as2_behaviors_platform:/root/aerostack2_ws/install/as2_behaviors_perception:/root/aerostack2_ws/install/as2_behaviors_path_planning:/root/aerostack2_ws/install/as2_behavior_tree:/root/aerostack2_ws/install/as2_behavior:/root/aerostack2_ws/install/as2_alphanumeric_viewer:/root/aerostack2_ws/install/as2_cli:/root/aerostack2_ws/install/rmf_demos_tasks:/root/aerostack2_ws/install/rmf_demos_panel:/root/aerostack2_ws/install/rmf_demos_fleet_adapter:/root/aerostack2_ws/install/rmf_demos_dashboard_resources:/root/aerostack2_ws/install/rmf_demos_bridges:/root/aerostack2_ws/install/rmf_demos_assets:/root/aerostack2_ws/install/as2_visualization:/root/aerostack2_ws/install/as2_keyboard_teleoperation:/root/aerostack2_ws/install/as2_python_api:/root/aerostack2_ws/install/as2_perception:/opt/ros/humble LD_LIBRARY_PATH=/root/aerostack2_ws/install/as2_core/lib:/root/aerostack2_ws/install/as2_msgs/lib:/root/aerostack2_ws/install/as2_state_estimator/lib:/root/aerostack2_ws/install/as2_python_api/lib:/root/aerostack2_ws/install/as2_motion_controller/lib:/root/aerostack2_ws/install/as2_behaviors_trajectory_generation/lib:/root/aerostack2_ws/install/as2_behaviors_swarm_flocking/lib:/root/aerostack2_ws/install/as2_behaviors_motion/lib:/root/aerostack2_ws/install/as2_motion_reference_handlers/lib:/root/aerostack2_ws/install/as2_map_server/lib:/root/aerostack2_ws/install/as2_gazebo_assets/lib:/root/aerostack2_ws/install/as2_behaviors_perception/lib:/root/aerostack2_ws/install/as2_behaviors_path_planning/lib:/root/aerostack2_ws/install/as2_behavior_tree/lib:/root/aerostack2_ws/install/as2_behavior/lib:/opt/ros/humble/opt/rviz_ogre_vendor/lib:/opt/ros/humble/lib/x86_64-linux-gnu:/opt/ros/humble/lib /usr/bin/cmake --install /root/aerostack2_ws/build/as2_motion_controller
[4.849s] DEBUG:colcon.colcon_core.event_handler.log_command:Invoked command in '/root/aerostack2_ws/build/as2_behaviors_trajectory_generation' returned '0': CMAKE_PREFIX_PATH=/root/aerostack2_ws/install/as2_motion_reference_handlers:/root/aerostack2_ws/install/as2_behavior:/root/aerostack2_ws/install/as2_core:/root/aerostack2_ws/install/as2_msgs:/root/aerostack2_ws/install/rmf_demos_gz_classic:/root/aerostack2_ws/install/rmf_demos_gz:/root/aerostack2_ws/install/rmf_demos:/root/aerostack2_ws/install/rmf_demos_maps:/root/aerostack2_ws/install/aerostack2:/root/aerostack2_ws/install/as2_usb_camera_interface:/root/aerostack2_ws/install/as2_state_estimator:/root/aerostack2_ws/install/as2_rviz_plugins:/root/aerostack2_ws/install/as2_realsense_interface:/root/aerostack2_ws/install/as2_platform_multirotor_simulator:/root/aerostack2_ws/install/as2_platform_gazebo:/root/aerostack2_ws/install/as2_motion_controller:/root/aerostack2_ws/install/as2_behaviors_trajectory_generation:/root/aerostack2_ws/install/as2_behaviors_swarm_flocking:/root/aerostack2_ws/install/as2_behaviors_motion:/root/aerostack2_ws/install/as2_map_server:/root/aerostack2_ws/install/as2_geozones:/root/aerostack2_ws/install/as2_gazebo_assets:/root/aerostack2_ws/install/as2_external_object_to_tf:/root/aerostack2_ws/install/as2_behaviors_platform:/root/aerostack2_ws/install/as2_behaviors_perception:/root/aerostack2_ws/install/as2_behaviors_path_planning:/root/aerostack2_ws/install/as2_behavior_tree:/root/aerostack2_ws/install/as2_alphanumeric_viewer:/root/aerostack2_ws/install/as2_cli:/root/aerostack2_ws/install/rmf_demos_tasks:/root/aerostack2_ws/install/rmf_demos_panel:/root/aerostack2_ws/install/rmf_demos_fleet_adapter:/root/aerostack2_ws/install/rmf_demos_dashboard_resources:/root/aerostack2_ws/install/rmf_demos_bridges:/root/aerostack2_ws/install/rmf_demos_assets:/root/aerostack2_ws/install/as2_visualization:/root/aerostack2_ws/install/as2_keyboard_teleoperation:/root/aerostack2_ws/install/as2_python_api:/root/aerostack2_ws/install/as2_perception:/opt/ros/humble LD_LIBRARY_PATH=/root/aerostack2_ws/install/as2_behavior/lib:/root/aerostack2_ws/install/as2_core/lib:/root/aerostack2_ws/install/as2_msgs/lib:/root/aerostack2_ws/install/as2_state_estimator/lib:/root/aerostack2_ws/install/as2_python_api/lib:/root/aerostack2_ws/install/as2_motion_controller/lib:/root/aerostack2_ws/install/as2_behaviors_trajectory_generation/lib:/root/aerostack2_ws/install/as2_behaviors_swarm_flocking/lib:/root/aerostack2_ws/install/as2_behaviors_motion/lib:/root/aerostack2_ws/install/as2_motion_reference_handlers/lib:/root/aerostack2_ws/install/as2_map_server/lib:/root/aerostack2_ws/install/as2_gazebo_assets/lib:/root/aerostack2_ws/install/as2_behaviors_perception/lib:/root/aerostack2_ws/install/as2_behaviors_path_planning/lib:/root/aerostack2_ws/install/as2_behavior_tree/lib:/opt/ros/humble/opt/rviz_ogre_vendor/lib:/opt/ros/humble/lib/x86_64-linux-gnu:/opt/ros/humble/lib /usr/bin/cmake --build /root/aerostack2_ws/build/as2_behaviors_trajectory_generation -- -j8 -l8
[4.850s] DEBUG:colcon.colcon_core.event_handler.log_command:Invoking command in '/root/aerostack2_ws/build/as2_behaviors_trajectory_generation': CMAKE_PREFIX_PATH=/root/aerostack2_ws/install/as2_motion_reference_handlers:/root/aerostack2_ws/install/as2_behavior:/root/aerostack2_ws/install/as2_core:/root/aerostack2_ws/install/as2_msgs:/root/aerostack2_ws/install/rmf_demos_gz_classic:/root/aerostack2_ws/install/rmf_demos_gz:/root/aerostack2_ws/install/rmf_demos:/root/aerostack2_ws/install/rmf_demos_maps:/root/aerostack2_ws/install/aerostack2:/root/aerostack2_ws/install/as2_usb_camera_interface:/root/aerostack2_ws/install/as2_state_estimator:/root/aerostack2_ws/install/as2_rviz_plugins:/root/aerostack2_ws/install/as2_realsense_interface:/root/aerostack2_ws/install/as2_platform_multirotor_simulator:/root/aerostack2_ws/install/as2_platform_gazebo:/root/aerostack2_ws/install/as2_motion_controller:/root/aerostack2_ws/install/as2_behaviors_trajectory_generation:/root/aerostack2_ws/install/as2_behaviors_swarm_flocking:/root/aerostack2_ws/install/as2_behaviors_motion:/root/aerostack2_ws/install/as2_map_server:/root/aerostack2_ws/install/as2_geozones:/root/aerostack2_ws/install/as2_gazebo_assets:/root/aerostack2_ws/install/as2_external_object_to_tf:/root/aerostack2_ws/install/as2_behaviors_platform:/root/aerostack2_ws/install/as2_behaviors_perception:/root/aerostack2_ws/install/as2_behaviors_path_planning:/root/aerostack2_ws/install/as2_behavior_tree:/root/aerostack2_ws/install/as2_alphanumeric_viewer:/root/aerostack2_ws/install/as2_cli:/root/aerostack2_ws/install/rmf_demos_tasks:/root/aerostack2_ws/install/rmf_demos_panel:/root/aerostack2_ws/install/rmf_demos_fleet_adapter:/root/aerostack2_ws/install/rmf_demos_dashboard_resources:/root/aerostack2_ws/install/rmf_demos_bridges:/root/aerostack2_ws/install/rmf_demos_assets:/root/aerostack2_ws/install/as2_visualization:/root/aerostack2_ws/install/as2_keyboard_teleoperation:/root/aerostack2_ws/install/as2_python_api:/root/aerostack2_ws/install/as2_perception:/opt/ros/humble LD_LIBRARY_PATH=/root/aerostack2_ws/install/as2_behavior/lib:/root/aerostack2_ws/install/as2_core/lib:/root/aerostack2_ws/install/as2_msgs/lib:/root/aerostack2_ws/install/as2_state_estimator/lib:/root/aerostack2_ws/install/as2_python_api/lib:/root/aerostack2_ws/install/as2_motion_controller/lib:/root/aerostack2_ws/install/as2_behaviors_trajectory_generation/lib:/root/aerostack2_ws/install/as2_behaviors_swarm_flocking/lib:/root/aerostack2_ws/install/as2_behaviors_motion/lib:/root/aerostack2_ws/install/as2_motion_reference_handlers/lib:/root/aerostack2_ws/install/as2_map_server/lib:/root/aerostack2_ws/install/as2_gazebo_assets/lib:/root/aerostack2_ws/install/as2_behaviors_perception/lib:/root/aerostack2_ws/install/as2_behaviors_path_planning/lib:/root/aerostack2_ws/install/as2_behavior_tree/lib:/opt/ros/humble/opt/rviz_ogre_vendor/lib:/opt/ros/humble/lib/x86_64-linux-gnu:/opt/ros/humble/lib /usr/bin/cmake --install /root/aerostack2_ws/build/as2_behaviors_trajectory_generation
[4.858s] Level 1:colcon.colcon_core.environment:create_environment_scripts_only(as2_behaviors_platform)
[4.859s] Level 1:colcon.colcon_core.environment:checking '/root/aerostack2_ws/install/as2_behaviors_platform' for CMake module files
[4.864s] Level 1:colcon.colcon_core.environment:checking '/root/aerostack2_ws/install/as2_behaviors_platform' for CMake config files
[4.869s] Level 1:colcon.colcon_core.shell:create_environment_hook('as2_behaviors_platform', 'cmake_prefix_path')
[4.869s] INFO:colcon.colcon_core.shell:Creating environment hook '/root/aerostack2_ws/install/as2_behaviors_platform/share/as2_behaviors_platform/hook/cmake_prefix_path.ps1'
[4.872s] INFO:colcon.colcon_core.shell:Creating environment descriptor '/root/aerostack2_ws/install/as2_behaviors_platform/share/as2_behaviors_platform/hook/cmake_prefix_path.dsv'
[4.874s] INFO:colcon.colcon_core.shell:Creating environment hook '/root/aerostack2_ws/install/as2_behaviors_platform/share/as2_behaviors_platform/hook/cmake_prefix_path.sh'
[4.877s] Level 1:colcon.colcon_core.environment:checking '/root/aerostack2_ws/install/as2_behaviors_platform/lib'
[4.878s] DEBUG:colcon.colcon_core.event_handler.log_command:Invoked command in '/root/aerostack2_ws/build/as2_behaviors_platform' returned '0': CMAKE_PREFIX_PATH=/root/aerostack2_ws/install/as2_behavior:/root/aerostack2_ws/install/as2_core:/root/aerostack2_ws/install/as2_msgs:/root/aerostack2_ws/install/rmf_demos_gz_classic:/root/aerostack2_ws/install/rmf_demos_gz:/root/aerostack2_ws/install/rmf_demos:/root/aerostack2_ws/install/rmf_demos_maps:/root/aerostack2_ws/install/aerostack2:/root/aerostack2_ws/install/as2_usb_camera_interface:/root/aerostack2_ws/install/as2_state_estimator:/root/aerostack2_ws/install/as2_rviz_plugins:/root/aerostack2_ws/install/as2_realsense_interface:/root/aerostack2_ws/install/as2_platform_multirotor_simulator:/root/aerostack2_ws/install/as2_platform_gazebo:/root/aerostack2_ws/install/as2_motion_controller:/root/aerostack2_ws/install/as2_behaviors_trajectory_generation:/root/aerostack2_ws/install/as2_behaviors_swarm_flocking:/root/aerostack2_ws/install/as2_behaviors_motion:/root/aerostack2_ws/install/as2_motion_reference_handlers:/root/aerostack2_ws/install/as2_map_server:/root/aerostack2_ws/install/as2_geozones:/root/aerostack2_ws/install/as2_gazebo_assets:/root/aerostack2_ws/install/as2_external_object_to_tf:/root/aerostack2_ws/install/as2_behaviors_platform:/root/aerostack2_ws/install/as2_behaviors_perception:/root/aerostack2_ws/install/as2_behaviors_path_planning:/root/aerostack2_ws/install/as2_behavior_tree:/root/aerostack2_ws/install/as2_alphanumeric_viewer:/root/aerostack2_ws/install/as2_cli:/root/aerostack2_ws/install/rmf_demos_tasks:/root/aerostack2_ws/install/rmf_demos_panel:/root/aerostack2_ws/install/rmf_demos_fleet_adapter:/root/aerostack2_ws/install/rmf_demos_dashboard_resources:/root/aerostack2_ws/install/rmf_demos_bridges:/root/aerostack2_ws/install/rmf_demos_assets:/root/aerostack2_ws/install/as2_visualization:/root/aerostack2_ws/install/as2_keyboard_teleoperation:/root/aerostack2_ws/install/as2_python_api:/root/aerostack2_ws/install/as2_perception:/opt/ros/humble LD_LIBRARY_PATH=/root/aerostack2_ws/install/as2_behavior/lib:/root/aerostack2_ws/install/as2_core/lib:/root/aerostack2_ws/install/as2_msgs/lib:/root/aerostack2_ws/install/as2_state_estimator/lib:/root/aerostack2_ws/install/as2_python_api/lib:/root/aerostack2_ws/install/as2_motion_controller/lib:/root/aerostack2_ws/install/as2_behaviors_trajectory_generation/lib:/root/aerostack2_ws/install/as2_behaviors_swarm_flocking/lib:/root/aerostack2_ws/install/as2_behaviors_motion/lib:/root/aerostack2_ws/install/as2_motion_reference_handlers/lib:/root/aerostack2_ws/install/as2_map_server/lib:/root/aerostack2_ws/install/as2_gazebo_assets/lib:/root/aerostack2_ws/install/as2_behaviors_perception/lib:/root/aerostack2_ws/install/as2_behaviors_path_planning/lib:/root/aerostack2_ws/install/as2_behavior_tree/lib:/opt/ros/humble/opt/rviz_ogre_vendor/lib:/opt/ros/humble/lib/x86_64-linux-gnu:/opt/ros/humble/lib /usr/bin/cmake --install /root/aerostack2_ws/build/as2_behaviors_platform
[4.878s] Level 1:colcon.colcon_core.environment:checking '/root/aerostack2_ws/install/as2_behaviors_platform/bin'
[4.879s] Level 1:colcon.colcon_core.environment:checking '/root/aerostack2_ws/install/as2_behaviors_platform/lib/pkgconfig/as2_behaviors_platform.pc'
[4.879s] Level 1:colcon.colcon_core.environment:checking '/root/aerostack2_ws/install/as2_behaviors_platform/lib/python3.10/site-packages'
[4.880s] Level 1:colcon.colcon_core.environment:checking '/root/aerostack2_ws/install/as2_behaviors_platform/bin'
[4.881s] INFO:colcon.colcon_core.shell:Creating package script '/root/aerostack2_ws/install/as2_behaviors_platform/share/as2_behaviors_platform/package.ps1'
[4.881s] INFO:colcon.colcon_core.shell:Creating package descriptor '/root/aerostack2_ws/install/as2_behaviors_platform/share/as2_behaviors_platform/package.dsv'
[4.881s] INFO:colcon.colcon_core.shell:Creating package script '/root/aerostack2_ws/install/as2_behaviors_platform/share/as2_behaviors_platform/package.sh'
[4.882s] INFO:colcon.colcon_core.shell:Creating package script '/root/aerostack2_ws/install/as2_behaviors_platform/share/as2_behaviors_platform/package.bash'
[4.882s] INFO:colcon.colcon_core.shell:Creating package script '/root/aerostack2_ws/install/as2_behaviors_platform/share/as2_behaviors_platform/package.zsh'
[4.882s] Level 1:colcon.colcon_core.environment:create_file_with_runtime_dependencies(/root/aerostack2_ws/install/as2_behaviors_platform/share/colcon-core/packages/as2_behaviors_platform)
[4.883s] Level 1:colcon.colcon_core.environment:create_environment_scripts_only(as2_behaviors_platform)
[4.883s] Level 1:colcon.colcon_core.environment:checking '/root/aerostack2_ws/install/as2_behaviors_platform' for CMake module files
[4.883s] Level 1:colcon.colcon_core.environment:checking '/root/aerostack2_ws/install/as2_behaviors_platform' for CMake config files
[4.883s] Level 1:colcon.colcon_core.shell:create_environment_hook('as2_behaviors_platform', 'cmake_prefix_path')
[4.883s] INFO:colcon.colcon_core.shell:Creating environment hook '/root/aerostack2_ws/install/as2_behaviors_platform/share/as2_behaviors_platform/hook/cmake_prefix_path.ps1'
[4.884s] INFO:colcon.colcon_core.shell:Creating environment descriptor '/root/aerostack2_ws/install/as2_behaviors_platform/share/as2_behaviors_platform/hook/cmake_prefix_path.dsv'
[4.884s] INFO:colcon.colcon_core.shell:Creating environment hook '/root/aerostack2_ws/install/as2_behaviors_platform/share/as2_behaviors_platform/hook/cmake_prefix_path.sh'
[4.884s] Level 1:colcon.colcon_core.environment:checking '/root/aerostack2_ws/install/as2_behaviors_platform/lib'
[4.884s] Level 1:colcon.colcon_core.environment:checking '/root/aerostack2_ws/install/as2_behaviors_platform/bin'
[4.884s] Level 1:colcon.colcon_core.environment:checking '/root/aerostack2_ws/install/as2_behaviors_platform/lib/pkgconfig/as2_behaviors_platform.pc'
[4.885s] Level 1:colcon.colcon_core.environment:checking '/root/aerostack2_ws/install/as2_behaviors_platform/lib/python3.10/site-packages'
[4.885s] Level 1:colcon.colcon_core.environment:checking '/root/aerostack2_ws/install/as2_behaviors_platform/bin'
[4.885s] INFO:colcon.colcon_core.shell:Creating package script '/root/aerostack2_ws/install/as2_behaviors_platform/share/as2_behaviors_platform/package.ps1'
[4.885s] INFO:colcon.colcon_core.shell:Creating package descriptor '/root/aerostack2_ws/install/as2_behaviors_platform/share/as2_behaviors_platform/package.dsv'
[4.886s] INFO:colcon.colcon_core.shell:Creating package script '/root/aerostack2_ws/install/as2_behaviors_platform/share/as2_behaviors_platform/package.sh'
[4.886s] INFO:colcon.colcon_core.shell:Creating package script '/root/aerostack2_ws/install/as2_behaviors_platform/share/as2_behaviors_platform/package.bash'
[4.886s] INFO:colcon.colcon_core.shell:Creating package script '/root/aerostack2_ws/install/as2_behaviors_platform/share/as2_behaviors_platform/package.zsh'
[4.886s] Level 1:colcon.colcon_core.environment:create_file_with_runtime_dependencies(/root/aerostack2_ws/install/as2_behaviors_platform/share/colcon-core/packages/as2_behaviors_platform)
[4.887s] Level 1:colcon.colcon_core.environment:create_environment_scripts_only(as2_behaviors_motion)
[4.887s] Level 1:colcon.colcon_core.environment:checking '/root/aerostack2_ws/install/as2_behaviors_motion' for CMake module files
[4.887s] DEBUG:colcon.colcon_core.event_handler.log_command:Invoked command in '/root/aerostack2_ws/build/as2_behaviors_motion' returned '0': CMAKE_PREFIX_PATH=/root/aerostack2_ws/install/as2_motion_reference_handlers:/root/aerostack2_ws/install/as2_behavior:/root/aerostack2_ws/install/as2_core:/root/aerostack2_ws/install/as2_msgs:/root/aerostack2_ws/install/rmf_demos_gz_classic:/root/aerostack2_ws/install/rmf_demos_gz:/root/aerostack2_ws/install/rmf_demos:/root/aerostack2_ws/install/rmf_demos_maps:/root/aerostack2_ws/install/aerostack2:/root/aerostack2_ws/install/as2_usb_camera_interface:/root/aerostack2_ws/install/as2_state_estimator:/root/aerostack2_ws/install/as2_rviz_plugins:/root/aerostack2_ws/install/as2_realsense_interface:/root/aerostack2_ws/install/as2_platform_multirotor_simulator:/root/aerostack2_ws/install/as2_platform_gazebo:/root/aerostack2_ws/install/as2_motion_controller:/root/aerostack2_ws/install/as2_behaviors_trajectory_generation:/root/aerostack2_ws/install/as2_behaviors_swarm_flocking:/root/aerostack2_ws/install/as2_behaviors_motion:/root/aerostack2_ws/install/as2_map_server:/root/aerostack2_ws/install/as2_geozones:/root/aerostack2_ws/install/as2_gazebo_assets:/root/aerostack2_ws/install/as2_external_object_to_tf:/root/aerostack2_ws/install/as2_behaviors_platform:/root/aerostack2_ws/install/as2_behaviors_perception:/root/aerostack2_ws/install/as2_behaviors_path_planning:/root/aerostack2_ws/install/as2_behavior_tree:/root/aerostack2_ws/install/as2_alphanumeric_viewer:/root/aerostack2_ws/install/as2_cli:/root/aerostack2_ws/install/rmf_demos_tasks:/root/aerostack2_ws/install/rmf_demos_panel:/root/aerostack2_ws/install/rmf_demos_fleet_adapter:/root/aerostack2_ws/install/rmf_demos_dashboard_resources:/root/aerostack2_ws/install/rmf_demos_bridges:/root/aerostack2_ws/install/rmf_demos_assets:/root/aerostack2_ws/install/as2_visualization:/root/aerostack2_ws/install/as2_keyboard_teleoperation:/root/aerostack2_ws/install/as2_python_api:/root/aerostack2_ws/install/as2_perception:/opt/ros/humble LD_LIBRARY_PATH=/root/aerostack2_ws/install/as2_behavior/lib:/root/aerostack2_ws/install/as2_core/lib:/root/aerostack2_ws/install/as2_msgs/lib:/root/aerostack2_ws/install/as2_state_estimator/lib:/root/aerostack2_ws/install/as2_python_api/lib:/root/aerostack2_ws/install/as2_motion_controller/lib:/root/aerostack2_ws/install/as2_behaviors_trajectory_generation/lib:/root/aerostack2_ws/install/as2_behaviors_swarm_flocking/lib:/root/aerostack2_ws/install/as2_behaviors_motion/lib:/root/aerostack2_ws/install/as2_motion_reference_handlers/lib:/root/aerostack2_ws/install/as2_map_server/lib:/root/aerostack2_ws/install/as2_gazebo_assets/lib:/root/aerostack2_ws/install/as2_behaviors_perception/lib:/root/aerostack2_ws/install/as2_behaviors_path_planning/lib:/root/aerostack2_ws/install/as2_behavior_tree/lib:/opt/ros/humble/opt/rviz_ogre_vendor/lib:/opt/ros/humble/lib/x86_64-linux-gnu:/opt/ros/humble/lib /usr/bin/cmake --install /root/aerostack2_ws/build/as2_behaviors_motion
[4.888s] Level 1:colcon.colcon_core.environment:checking '/root/aerostack2_ws/install/as2_behaviors_motion' for CMake config files
[4.888s] Level 1:colcon.colcon_core.shell:create_environment_hook('as2_behaviors_motion', 'cmake_prefix_path')
[4.888s] INFO:colcon.colcon_core.shell:Creating environment hook '/root/aerostack2_ws/install/as2_behaviors_motion/share/as2_behaviors_motion/hook/cmake_prefix_path.ps1'
[4.888s] INFO:colcon.colcon_core.shell:Creating environment descriptor '/root/aerostack2_ws/install/as2_behaviors_motion/share/as2_behaviors_motion/hook/cmake_prefix_path.dsv'
[4.888s] INFO:colcon.colcon_core.shell:Creating environment hook '/root/aerostack2_ws/install/as2_behaviors_motion/share/as2_behaviors_motion/hook/cmake_prefix_path.sh'
[4.889s] Level 1:colcon.colcon_core.environment:checking '/root/aerostack2_ws/install/as2_behaviors_motion/lib'
[4.889s] Level 1:colcon.colcon_core.shell:create_environment_hook('as2_behaviors_motion', 'ld_library_path_lib')
[4.889s] INFO:colcon.colcon_core.shell:Creating environment hook '/root/aerostack2_ws/install/as2_behaviors_motion/share/as2_behaviors_motion/hook/ld_library_path_lib.ps1'
[4.889s] INFO:colcon.colcon_core.shell:Creating environment descriptor '/root/aerostack2_ws/install/as2_behaviors_motion/share/as2_behaviors_motion/hook/ld_library_path_lib.dsv'
[4.889s] INFO:colcon.colcon_core.shell:Creating environment hook '/root/aerostack2_ws/install/as2_behaviors_motion/share/as2_behaviors_motion/hook/ld_library_path_lib.sh'
[4.890s] Level 1:colcon.colcon_core.environment:checking '/root/aerostack2_ws/install/as2_behaviors_motion/bin'
[4.890s] Level 1:colcon.colcon_core.environment:checking '/root/aerostack2_ws/install/as2_behaviors_motion/lib/pkgconfig/as2_behaviors_motion.pc'
[4.890s] Level 1:colcon.colcon_core.environment:checking '/root/aerostack2_ws/install/as2_behaviors_motion/lib/python3.10/site-packages'
[4.890s] Level 1:colcon.colcon_core.environment:checking '/root/aerostack2_ws/install/as2_behaviors_motion/bin'
[4.890s] INFO:colcon.colcon_core.shell:Creating package script '/root/aerostack2_ws/install/as2_behaviors_motion/share/as2_behaviors_motion/package.ps1'
[4.890s] INFO:colcon.colcon_core.shell:Creating package descriptor '/root/aerostack2_ws/install/as2_behaviors_motion/share/as2_behaviors_motion/package.dsv'
[4.891s] INFO:colcon.colcon_core.shell:Creating package script '/root/aerostack2_ws/install/as2_behaviors_motion/share/as2_behaviors_motion/package.sh'
[4.891s] INFO:colcon.colcon_core.shell:Creating package script '/root/aerostack2_ws/install/as2_behaviors_motion/share/as2_behaviors_motion/package.bash'
[4.891s] INFO:colcon.colcon_core.shell:Creating package script '/root/aerostack2_ws/install/as2_behaviors_motion/share/as2_behaviors_motion/package.zsh'
[4.891s] Level 1:colcon.colcon_core.environment:create_file_with_runtime_dependencies(/root/aerostack2_ws/install/as2_behaviors_motion/share/colcon-core/packages/as2_behaviors_motion)
[4.892s] Level 1:colcon.colcon_core.environment:create_environment_scripts_only(as2_behaviors_motion)
[4.892s] Level 1:colcon.colcon_core.environment:checking '/root/aerostack2_ws/install/as2_behaviors_motion' for CMake module files
[4.892s] Level 1:colcon.colcon_core.environment:checking '/root/aerostack2_ws/install/as2_behaviors_motion' for CMake config files
[4.892s] Level 1:colcon.colcon_core.shell:create_environment_hook('as2_behaviors_motion', 'cmake_prefix_path')
[4.893s] INFO:colcon.colcon_core.shell:Creating environment hook '/root/aerostack2_ws/install/as2_behaviors_motion/share/as2_behaviors_motion/hook/cmake_prefix_path.ps1'
[4.893s] INFO:colcon.colcon_core.shell:Creating environment descriptor '/root/aerostack2_ws/install/as2_behaviors_motion/share/as2_behaviors_motion/hook/cmake_prefix_path.dsv'
[4.893s] INFO:colcon.colcon_core.shell:Creating environment hook '/root/aerostack2_ws/install/as2_behaviors_motion/share/as2_behaviors_motion/hook/cmake_prefix_path.sh'
[4.893s] Level 1:colcon.colcon_core.environment:checking '/root/aerostack2_ws/install/as2_behaviors_motion/lib'
[4.893s] Level 1:colcon.colcon_core.shell:create_environment_hook('as2_behaviors_motion', 'ld_library_path_lib')
[4.894s] INFO:colcon.colcon_core.shell:Creating environment hook '/root/aerostack2_ws/install/as2_behaviors_motion/share/as2_behaviors_motion/hook/ld_library_path_lib.ps1'
[4.894s] INFO:colcon.colcon_core.shell:Creating environment descriptor '/root/aerostack2_ws/install/as2_behaviors_motion/share/as2_behaviors_motion/hook/ld_library_path_lib.dsv'
[4.894s] INFO:colcon.colcon_core.shell:Creating environment hook '/root/aerostack2_ws/install/as2_behaviors_motion/share/as2_behaviors_motion/hook/ld_library_path_lib.sh'
[4.894s] Level 1:colcon.colcon_core.environment:checking '/root/aerostack2_ws/install/as2_behaviors_motion/bin'
[4.894s] Level 1:colcon.colcon_core.environment:checking '/root/aerostack2_ws/install/as2_behaviors_motion/lib/pkgconfig/as2_behaviors_motion.pc'
[4.894s] Level 1:colcon.colcon_core.environment:checking '/root/aerostack2_ws/install/as2_behaviors_motion/lib/python3.10/site-packages'
[4.895s] Level 1:colcon.colcon_core.environment:checking '/root/aerostack2_ws/install/as2_behaviors_motion/bin'
[4.895s] INFO:colcon.colcon_core.shell:Creating package script '/root/aerostack2_ws/install/as2_behaviors_motion/share/as2_behaviors_motion/package.ps1'
[4.895s] INFO:colcon.colcon_core.shell:Creating package descriptor '/root/aerostack2_ws/install/as2_behaviors_motion/share/as2_behaviors_motion/package.dsv'
[4.895s] INFO:colcon.colcon_core.shell:Creating package script '/root/aerostack2_ws/install/as2_behaviors_motion/share/as2_behaviors_motion/package.sh'
[4.896s] INFO:colcon.colcon_core.shell:Creating package script '/root/aerostack2_ws/install/as2_behaviors_motion/share/as2_behaviors_motion/package.bash'
[4.896s] INFO:colcon.colcon_core.shell:Creating package script '/root/aerostack2_ws/install/as2_behaviors_motion/share/as2_behaviors_motion/package.zsh'
[4.896s] Level 1:colcon.colcon_core.environment:create_file_with_runtime_dependencies(/root/aerostack2_ws/install/as2_behaviors_motion/share/colcon-core/packages/as2_behaviors_motion)
[4.897s] Level 1:colcon.colcon_core.environment:create_environment_scripts_only(as2_platform_gazebo)
[4.897s] Level 1:colcon.colcon_core.environment:checking '/root/aerostack2_ws/install/as2_platform_gazebo' for CMake module files
[4.898s] DEBUG:colcon.colcon_core.event_handler.log_command:Invoked command in '/root/aerostack2_ws/build/as2_platform_gazebo' returned '0': CMAKE_PREFIX_PATH=/root/aerostack2_ws/install/as2_gazebo_assets:/root/aerostack2_ws/install/as2_core:/root/aerostack2_ws/install/as2_msgs:/root/aerostack2_ws/install/rmf_demos_gz_classic:/root/aerostack2_ws/install/rmf_demos_gz:/root/aerostack2_ws/install/rmf_demos:/root/aerostack2_ws/install/rmf_demos_maps:/root/aerostack2_ws/install/aerostack2:/root/aerostack2_ws/install/as2_usb_camera_interface:/root/aerostack2_ws/install/as2_state_estimator:/root/aerostack2_ws/install/as2_rviz_plugins:/root/aerostack2_ws/install/as2_realsense_interface:/root/aerostack2_ws/install/as2_platform_multirotor_simulator:/root/aerostack2_ws/install/as2_platform_gazebo:/root/aerostack2_ws/install/as2_motion_controller:/root/aerostack2_ws/install/as2_behaviors_trajectory_generation:/root/aerostack2_ws/install/as2_behaviors_swarm_flocking:/root/aerostack2_ws/install/as2_behaviors_motion:/root/aerostack2_ws/install/as2_motion_reference_handlers:/root/aerostack2_ws/install/as2_map_server:/root/aerostack2_ws/install/as2_geozones:/root/aerostack2_ws/install/as2_external_object_to_tf:/root/aerostack2_ws/install/as2_behaviors_platform:/root/aerostack2_ws/install/as2_behaviors_perception:/root/aerostack2_ws/install/as2_behaviors_path_planning:/root/aerostack2_ws/install/as2_behavior_tree:/root/aerostack2_ws/install/as2_behavior:/root/aerostack2_ws/install/as2_alphanumeric_viewer:/root/aerostack2_ws/install/as2_cli:/root/aerostack2_ws/install/rmf_demos_tasks:/root/aerostack2_ws/install/rmf_demos_panel:/root/aerostack2_ws/install/rmf_demos_fleet_adapter:/root/aerostack2_ws/install/rmf_demos_dashboard_resources:/root/aerostack2_ws/install/rmf_demos_bridges:/root/aerostack2_ws/install/rmf_demos_assets:/root/aerostack2_ws/install/as2_visualization:/root/aerostack2_ws/install/as2_keyboard_teleoperation:/root/aerostack2_ws/install/as2_python_api:/root/aerostack2_ws/install/as2_perception:/opt/ros/humble GZ_SIM_RESOURCE_PATH=/root/aerostack2_ws/install/as2_gazebo_assets/share/as2_ign_gazebo_assets/worlds:/root/aerostack2_ws/install/as2_gazebo_assets/share/as2_ign_gazebo_assets/models:${GZ_SIM_RESOURCE_PATH} GZ_VERSION=@GZ_VERSION@ LD_LIBRARY_PATH=/root/aerostack2_ws/install/as2_gazebo_assets/lib:/root/aerostack2_ws/install/as2_core/lib:/root/aerostack2_ws/install/as2_msgs/lib:/root/aerostack2_ws/install/as2_state_estimator/lib:/root/aerostack2_ws/install/as2_python_api/lib:/root/aerostack2_ws/install/as2_motion_controller/lib:/root/aerostack2_ws/install/as2_behaviors_trajectory_generation/lib:/root/aerostack2_ws/install/as2_behaviors_swarm_flocking/lib:/root/aerostack2_ws/install/as2_behaviors_motion/lib:/root/aerostack2_ws/install/as2_motion_reference_handlers/lib:/root/aerostack2_ws/install/as2_map_server/lib:/root/aerostack2_ws/install/as2_behaviors_perception/lib:/root/aerostack2_ws/install/as2_behaviors_path_planning/lib:/root/aerostack2_ws/install/as2_behavior_tree/lib:/root/aerostack2_ws/install/as2_behavior/lib:/opt/ros/humble/opt/rviz_ogre_vendor/lib:/opt/ros/humble/lib/x86_64-linux-gnu:/opt/ros/humble/lib /usr/bin/cmake --install /root/aerostack2_ws/build/as2_platform_gazebo
[4.898s] Level 1:colcon.colcon_core.environment:checking '/root/aerostack2_ws/install/as2_platform_gazebo' for CMake config files
[4.898s] Level 1:colcon.colcon_core.shell:create_environment_hook('as2_platform_gazebo', 'cmake_prefix_path')
[4.899s] INFO:colcon.colcon_core.shell:Creating environment hook '/root/aerostack2_ws/install/as2_platform_gazebo/share/as2_platform_gazebo/hook/cmake_prefix_path.ps1'
[4.900s] INFO:colcon.colcon_core.shell:Creating environment descriptor '/root/aerostack2_ws/install/as2_platform_gazebo/share/as2_platform_gazebo/hook/cmake_prefix_path.dsv'
[4.901s] INFO:colcon.colcon_core.shell:Creating environment hook '/root/aerostack2_ws/install/as2_platform_gazebo/share/as2_platform_gazebo/hook/cmake_prefix_path.sh'
[4.902s] Level 1:colcon.colcon_core.environment:checking '/root/aerostack2_ws/install/as2_platform_gazebo/lib'
[4.902s] Level 1:colcon.colcon_core.environment:checking '/root/aerostack2_ws/install/as2_platform_gazebo/bin'
[4.902s] Level 1:colcon.colcon_core.environment:checking '/root/aerostack2_ws/install/as2_platform_gazebo/lib/pkgconfig/as2_platform_gazebo.pc'
[4.902s] Level 1:colcon.colcon_core.environment:checking '/root/aerostack2_ws/install/as2_platform_gazebo/lib/python3.10/site-packages'
[4.902s] Level 1:colcon.colcon_core.environment:checking '/root/aerostack2_ws/install/as2_platform_gazebo/bin'
[4.903s] INFO:colcon.colcon_core.shell:Creating package script '/root/aerostack2_ws/install/as2_platform_gazebo/share/as2_platform_gazebo/package.ps1'
[4.904s] INFO:colcon.colcon_core.shell:Creating package descriptor '/root/aerostack2_ws/install/as2_platform_gazebo/share/as2_platform_gazebo/package.dsv'
[4.904s] INFO:colcon.colcon_core.shell:Creating package script '/root/aerostack2_ws/install/as2_platform_gazebo/share/as2_platform_gazebo/package.sh'
[4.905s] INFO:colcon.colcon_core.shell:Creating package script '/root/aerostack2_ws/install/as2_platform_gazebo/share/as2_platform_gazebo/package.bash'
[4.905s] INFO:colcon.colcon_core.shell:Creating package script '/root/aerostack2_ws/install/as2_platform_gazebo/share/as2_platform_gazebo/package.zsh'
[4.906s] Level 1:colcon.colcon_core.environment:create_file_with_runtime_dependencies(/root/aerostack2_ws/install/as2_platform_gazebo/share/colcon-core/packages/as2_platform_gazebo)
[4.906s] Level 1:colcon.colcon_core.environment:create_environment_scripts_only(as2_platform_gazebo)
[4.906s] Level 1:colcon.colcon_core.environment:checking '/root/aerostack2_ws/install/as2_platform_gazebo' for CMake module files
[4.907s] Level 1:colcon.colcon_core.environment:checking '/root/aerostack2_ws/install/as2_platform_gazebo' for CMake config files
[4.907s] Level 1:colcon.colcon_core.shell:create_environment_hook('as2_platform_gazebo', 'cmake_prefix_path')
[4.907s] INFO:colcon.colcon_core.shell:Creating environment hook '/root/aerostack2_ws/install/as2_platform_gazebo/share/as2_platform_gazebo/hook/cmake_prefix_path.ps1'
[4.907s] INFO:colcon.colcon_core.shell:Creating environment descriptor '/root/aerostack2_ws/install/as2_platform_gazebo/share/as2_platform_gazebo/hook/cmake_prefix_path.dsv'
[4.907s] INFO:colcon.colcon_core.shell:Creating environment hook '/root/aerostack2_ws/install/as2_platform_gazebo/share/as2_platform_gazebo/hook/cmake_prefix_path.sh'
[4.908s] Level 1:colcon.colcon_core.environment:checking '/root/aerostack2_ws/install/as2_platform_gazebo/lib'
[4.908s] Level 1:colcon.colcon_core.environment:checking '/root/aerostack2_ws/install/as2_platform_gazebo/bin'
[4.908s] Level 1:colcon.colcon_core.environment:checking '/root/aerostack2_ws/install/as2_platform_gazebo/lib/pkgconfig/as2_platform_gazebo.pc'
[4.908s] Level 1:colcon.colcon_core.environment:checking '/root/aerostack2_ws/install/as2_platform_gazebo/lib/python3.10/site-packages'
[4.908s] Level 1:colcon.colcon_core.environment:checking '/root/aerostack2_ws/install/as2_platform_gazebo/bin'
[4.908s] INFO:colcon.colcon_core.shell:Creating package script '/root/aerostack2_ws/install/as2_platform_gazebo/share/as2_platform_gazebo/package.ps1'
[4.909s] INFO:colcon.colcon_core.shell:Creating package descriptor '/root/aerostack2_ws/install/as2_platform_gazebo/share/as2_platform_gazebo/package.dsv'
[4.909s] INFO:colcon.colcon_core.shell:Creating package script '/root/aerostack2_ws/install/as2_platform_gazebo/share/as2_platform_gazebo/package.sh'
[4.909s] INFO:colcon.colcon_core.shell:Creating package script '/root/aerostack2_ws/install/as2_platform_gazebo/share/as2_platform_gazebo/package.bash'
[4.909s] INFO:colcon.colcon_core.shell:Creating package script '/root/aerostack2_ws/install/as2_platform_gazebo/share/as2_platform_gazebo/package.zsh'
[4.910s] Level 1:colcon.colcon_core.environment:create_file_with_runtime_dependencies(/root/aerostack2_ws/install/as2_platform_gazebo/share/colcon-core/packages/as2_platform_gazebo)
[4.911s] INFO:colcon.colcon_ros.task.ament_cmake.build:Building ROS package in '/root/aerostack2_ws/src/aerostack2/as2_behaviors/as2_behaviors_swarm_flocking' with build type 'ament_cmake'
[4.911s] INFO:colcon.colcon_cmake.task.cmake.build:Building CMake package in '/root/aerostack2_ws/src/aerostack2/as2_behaviors/as2_behaviors_swarm_flocking'
[4.911s] INFO:colcon.colcon_core.shell:Skip shell extension 'powershell' for command environment: Not usable outside of PowerShell
[4.911s] DEBUG:colcon.colcon_core.shell:Skip shell extension 'dsv' for command environment
[4.917s] Level 1:colcon.colcon_core.environment:create_environment_scripts_only(as2_rviz_plugins)
[4.917s] Level 1:colcon.colcon_core.environment:checking '/root/aerostack2_ws/install/as2_rviz_plugins' for CMake module files
[4.918s] DEBUG:colcon.colcon_core.event_handler.log_command:Invoked command in '/root/aerostack2_ws/build/as2_rviz_plugins' returned '0': CMAKE_PREFIX_PATH=/root/aerostack2_ws/install/as2_motion_reference_handlers:/root/aerostack2_ws/install/as2_core:/root/aerostack2_ws/install/as2_msgs:/root/aerostack2_ws/install/rmf_demos_gz_classic:/root/aerostack2_ws/install/rmf_demos_gz:/root/aerostack2_ws/install/rmf_demos:/root/aerostack2_ws/install/rmf_demos_maps:/root/aerostack2_ws/install/aerostack2:/root/aerostack2_ws/install/as2_usb_camera_interface:/root/aerostack2_ws/install/as2_state_estimator:/root/aerostack2_ws/install/as2_rviz_plugins:/root/aerostack2_ws/install/as2_realsense_interface:/root/aerostack2_ws/install/as2_platform_multirotor_simulator:/root/aerostack2_ws/install/as2_platform_gazebo:/root/aerostack2_ws/install/as2_motion_controller:/root/aerostack2_ws/install/as2_behaviors_trajectory_generation:/root/aerostack2_ws/install/as2_behaviors_swarm_flocking:/root/aerostack2_ws/install/as2_behaviors_motion:/root/aerostack2_ws/install/as2_map_server:/root/aerostack2_ws/install/as2_geozones:/root/aerostack2_ws/install/as2_gazebo_assets:/root/aerostack2_ws/install/as2_external_object_to_tf:/root/aerostack2_ws/install/as2_behaviors_platform:/root/aerostack2_ws/install/as2_behaviors_perception:/root/aerostack2_ws/install/as2_behaviors_path_planning:/root/aerostack2_ws/install/as2_behavior_tree:/root/aerostack2_ws/install/as2_behavior:/root/aerostack2_ws/install/as2_alphanumeric_viewer:/root/aerostack2_ws/install/as2_cli:/root/aerostack2_ws/install/rmf_demos_tasks:/root/aerostack2_ws/install/rmf_demos_panel:/root/aerostack2_ws/install/rmf_demos_fleet_adapter:/root/aerostack2_ws/install/rmf_demos_dashboard_resources:/root/aerostack2_ws/install/rmf_demos_bridges:/root/aerostack2_ws/install/rmf_demos_assets:/root/aerostack2_ws/install/as2_visualization:/root/aerostack2_ws/install/as2_keyboard_teleoperation:/root/aerostack2_ws/install/as2_python_api:/root/aerostack2_ws/install/as2_perception:/opt/ros/humble LD_LIBRARY_PATH=/root/aerostack2_ws/install/as2_core/lib:/root/aerostack2_ws/install/as2_msgs/lib:/root/aerostack2_ws/install/as2_state_estimator/lib:/root/aerostack2_ws/install/as2_python_api/lib:/root/aerostack2_ws/install/as2_motion_controller/lib:/root/aerostack2_ws/install/as2_behaviors_trajectory_generation/lib:/root/aerostack2_ws/install/as2_behaviors_swarm_flocking/lib:/root/aerostack2_ws/install/as2_behaviors_motion/lib:/root/aerostack2_ws/install/as2_motion_reference_handlers/lib:/root/aerostack2_ws/install/as2_map_server/lib:/root/aerostack2_ws/install/as2_gazebo_assets/lib:/root/aerostack2_ws/install/as2_behaviors_perception/lib:/root/aerostack2_ws/install/as2_behaviors_path_planning/lib:/root/aerostack2_ws/install/as2_behavior_tree/lib:/root/aerostack2_ws/install/as2_behavior/lib:/opt/ros/humble/opt/rviz_ogre_vendor/lib:/opt/ros/humble/lib/x86_64-linux-gnu:/opt/ros/humble/lib /usr/bin/cmake --install /root/aerostack2_ws/build/as2_rviz_plugins
[4.919s] Level 1:colcon.colcon_core.environment:checking '/root/aerostack2_ws/install/as2_rviz_plugins' for CMake config files
[4.919s] Level 1:colcon.colcon_core.shell:create_environment_hook('as2_rviz_plugins', 'cmake_prefix_path')
[4.919s] INFO:colcon.colcon_core.shell:Creating environment hook '/root/aerostack2_ws/install/as2_rviz_plugins/share/as2_rviz_plugins/hook/cmake_prefix_path.ps1'
[4.920s] INFO:colcon.colcon_core.shell:Creating environment descriptor '/root/aerostack2_ws/install/as2_rviz_plugins/share/as2_rviz_plugins/hook/cmake_prefix_path.dsv'
[4.920s] INFO:colcon.colcon_core.shell:Creating environment hook '/root/aerostack2_ws/install/as2_rviz_plugins/share/as2_rviz_plugins/hook/cmake_prefix_path.sh'
[4.920s] Level 1:colcon.colcon_core.environment:checking '/root/aerostack2_ws/install/as2_rviz_plugins/lib'
[4.920s] Level 1:colcon.colcon_core.environment:checking '/root/aerostack2_ws/install/as2_rviz_plugins/bin'
[4.920s] Level 1:colcon.colcon_core.environment:checking '/root/aerostack2_ws/install/as2_rviz_plugins/lib/pkgconfig/as2_rviz_plugins.pc'
[4.920s] Level 1:colcon.colcon_core.environment:checking '/root/aerostack2_ws/install/as2_rviz_plugins/lib/python3.10/site-packages'
[4.921s] Level 1:colcon.colcon_core.environment:checking '/root/aerostack2_ws/install/as2_rviz_plugins/bin'
[4.921s] INFO:colcon.colcon_core.shell:Creating package script '/root/aerostack2_ws/install/as2_rviz_plugins/share/as2_rviz_plugins/package.ps1'
[4.921s] INFO:colcon.colcon_core.shell:Creating package descriptor '/root/aerostack2_ws/install/as2_rviz_plugins/share/as2_rviz_plugins/package.dsv'
[4.922s] INFO:colcon.colcon_core.shell:Creating package script '/root/aerostack2_ws/install/as2_rviz_plugins/share/as2_rviz_plugins/package.sh'
[4.922s] INFO:colcon.colcon_core.shell:Creating package script '/root/aerostack2_ws/install/as2_rviz_plugins/share/as2_rviz_plugins/package.bash'
[4.922s] INFO:colcon.colcon_core.shell:Creating package script '/root/aerostack2_ws/install/as2_rviz_plugins/share/as2_rviz_plugins/package.zsh'
[4.922s] Level 1:colcon.colcon_core.environment:create_file_with_runtime_dependencies(/root/aerostack2_ws/install/as2_rviz_plugins/share/colcon-core/packages/as2_rviz_plugins)
[4.923s] Level 1:colcon.colcon_core.environment:create_environment_scripts_only(as2_rviz_plugins)
[4.923s] Level 1:colcon.colcon_core.environment:checking '/root/aerostack2_ws/install/as2_rviz_plugins' for CMake module files
[4.923s] Level 1:colcon.colcon_core.environment:checking '/root/aerostack2_ws/install/as2_rviz_plugins' for CMake config files
[4.924s] Level 1:colcon.colcon_core.shell:create_environment_hook('as2_rviz_plugins', 'cmake_prefix_path')
[4.924s] INFO:colcon.colcon_core.shell:Creating environment hook '/root/aerostack2_ws/install/as2_rviz_plugins/share/as2_rviz_plugins/hook/cmake_prefix_path.ps1'
[4.924s] INFO:colcon.colcon_core.shell:Creating environment descriptor '/root/aerostack2_ws/install/as2_rviz_plugins/share/as2_rviz_plugins/hook/cmake_prefix_path.dsv'
[4.924s] INFO:colcon.colcon_core.shell:Creating environment hook '/root/aerostack2_ws/install/as2_rviz_plugins/share/as2_rviz_plugins/hook/cmake_prefix_path.sh'
[4.924s] Level 1:colcon.colcon_core.environment:checking '/root/aerostack2_ws/install/as2_rviz_plugins/lib'
[4.925s] Level 1:colcon.colcon_core.environment:checking '/root/aerostack2_ws/install/as2_rviz_plugins/bin'
[4.925s] Level 1:colcon.colcon_core.environment:checking '/root/aerostack2_ws/install/as2_rviz_plugins/lib/pkgconfig/as2_rviz_plugins.pc'
[4.925s] Level 1:colcon.colcon_core.environment:checking '/root/aerostack2_ws/install/as2_rviz_plugins/lib/python3.10/site-packages'
[4.925s] Level 1:colcon.colcon_core.environment:checking '/root/aerostack2_ws/install/as2_rviz_plugins/bin'
[4.925s] INFO:colcon.colcon_core.shell:Creating package script '/root/aerostack2_ws/install/as2_rviz_plugins/share/as2_rviz_plugins/package.ps1'
[4.925s] INFO:colcon.colcon_core.shell:Creating package descriptor '/root/aerostack2_ws/install/as2_rviz_plugins/share/as2_rviz_plugins/package.dsv'
[4.926s] INFO:colcon.colcon_core.shell:Creating package script '/root/aerostack2_ws/install/as2_rviz_plugins/share/as2_rviz_plugins/package.sh'
[4.926s] INFO:colcon.colcon_core.shell:Creating package script '/root/aerostack2_ws/install/as2_rviz_plugins/share/as2_rviz_plugins/package.bash'
[4.927s] INFO:colcon.colcon_core.shell:Creating package script '/root/aerostack2_ws/install/as2_rviz_plugins/share/as2_rviz_plugins/package.zsh'
[4.927s] Level 1:colcon.colcon_core.environment:create_file_with_runtime_dependencies(/root/aerostack2_ws/install/as2_rviz_plugins/share/colcon-core/packages/as2_rviz_plugins)
[4.927s] Level 1:colcon.colcon_core.environment:create_environment_scripts_only(as2_motion_controller)
[4.927s] Level 1:colcon.colcon_core.environment:checking '/root/aerostack2_ws/install/as2_motion_controller' for CMake module files
[4.928s] DEBUG:colcon.colcon_core.event_handler.log_command:Invoked command in '/root/aerostack2_ws/build/as2_motion_controller' returned '0': CMAKE_PREFIX_PATH=/root/aerostack2_ws/install/as2_motion_reference_handlers:/root/aerostack2_ws/install/as2_core:/root/aerostack2_ws/install/as2_msgs:/root/aerostack2_ws/install/rmf_demos_gz_classic:/root/aerostack2_ws/install/rmf_demos_gz:/root/aerostack2_ws/install/rmf_demos:/root/aerostack2_ws/install/rmf_demos_maps:/root/aerostack2_ws/install/aerostack2:/root/aerostack2_ws/install/as2_usb_camera_interface:/root/aerostack2_ws/install/as2_state_estimator:/root/aerostack2_ws/install/as2_rviz_plugins:/root/aerostack2_ws/install/as2_realsense_interface:/root/aerostack2_ws/install/as2_platform_multirotor_simulator:/root/aerostack2_ws/install/as2_platform_gazebo:/root/aerostack2_ws/install/as2_motion_controller:/root/aerostack2_ws/install/as2_behaviors_trajectory_generation:/root/aerostack2_ws/install/as2_behaviors_swarm_flocking:/root/aerostack2_ws/install/as2_behaviors_motion:/root/aerostack2_ws/install/as2_map_server:/root/aerostack2_ws/install/as2_geozones:/root/aerostack2_ws/install/as2_gazebo_assets:/root/aerostack2_ws/install/as2_external_object_to_tf:/root/aerostack2_ws/install/as2_behaviors_platform:/root/aerostack2_ws/install/as2_behaviors_perception:/root/aerostack2_ws/install/as2_behaviors_path_planning:/root/aerostack2_ws/install/as2_behavior_tree:/root/aerostack2_ws/install/as2_behavior:/root/aerostack2_ws/install/as2_alphanumeric_viewer:/root/aerostack2_ws/install/as2_cli:/root/aerostack2_ws/install/rmf_demos_tasks:/root/aerostack2_ws/install/rmf_demos_panel:/root/aerostack2_ws/install/rmf_demos_fleet_adapter:/root/aerostack2_ws/install/rmf_demos_dashboard_resources:/root/aerostack2_ws/install/rmf_demos_bridges:/root/aerostack2_ws/install/rmf_demos_assets:/root/aerostack2_ws/install/as2_visualization:/root/aerostack2_ws/install/as2_keyboard_teleoperation:/root/aerostack2_ws/install/as2_python_api:/root/aerostack2_ws/install/as2_perception:/opt/ros/humble LD_LIBRARY_PATH=/root/aerostack2_ws/install/as2_core/lib:/root/aerostack2_ws/install/as2_msgs/lib:/root/aerostack2_ws/install/as2_state_estimator/lib:/root/aerostack2_ws/install/as2_python_api/lib:/root/aerostack2_ws/install/as2_motion_controller/lib:/root/aerostack2_ws/install/as2_behaviors_trajectory_generation/lib:/root/aerostack2_ws/install/as2_behaviors_swarm_flocking/lib:/root/aerostack2_ws/install/as2_behaviors_motion/lib:/root/aerostack2_ws/install/as2_motion_reference_handlers/lib:/root/aerostack2_ws/install/as2_map_server/lib:/root/aerostack2_ws/install/as2_gazebo_assets/lib:/root/aerostack2_ws/install/as2_behaviors_perception/lib:/root/aerostack2_ws/install/as2_behaviors_path_planning/lib:/root/aerostack2_ws/install/as2_behavior_tree/lib:/root/aerostack2_ws/install/as2_behavior/lib:/opt/ros/humble/opt/rviz_ogre_vendor/lib:/opt/ros/humble/lib/x86_64-linux-gnu:/opt/ros/humble/lib /usr/bin/cmake --install /root/aerostack2_ws/build/as2_motion_controller
[4.928s] Level 1:colcon.colcon_core.environment:checking '/root/aerostack2_ws/install/as2_motion_controller' for CMake config files
[4.929s] Level 1:colcon.colcon_core.shell:create_environment_hook('as2_motion_controller', 'cmake_prefix_path')
[4.929s] INFO:colcon.colcon_core.shell:Creating environment hook '/root/aerostack2_ws/install/as2_motion_controller/share/as2_motion_controller/hook/cmake_prefix_path.ps1'
[4.929s] INFO:colcon.colcon_core.shell:Creating environment descriptor '/root/aerostack2_ws/install/as2_motion_controller/share/as2_motion_controller/hook/cmake_prefix_path.dsv'
[4.929s] INFO:colcon.colcon_core.shell:Creating environment hook '/root/aerostack2_ws/install/as2_motion_controller/share/as2_motion_controller/hook/cmake_prefix_path.sh'
[4.930s] Level 1:colcon.colcon_core.environment:checking '/root/aerostack2_ws/install/as2_motion_controller/lib'
[4.930s] Level 1:colcon.colcon_core.shell:create_environment_hook('as2_motion_controller', 'ld_library_path_lib')
[4.930s] INFO:colcon.colcon_core.shell:Creating environment hook '/root/aerostack2_ws/install/as2_motion_controller/share/as2_motion_controller/hook/ld_library_path_lib.ps1'
[4.930s] INFO:colcon.colcon_core.shell:Creating environment descriptor '/root/aerostack2_ws/install/as2_motion_controller/share/as2_motion_controller/hook/ld_library_path_lib.dsv'
[4.931s] INFO:colcon.colcon_core.shell:Creating environment hook '/root/aerostack2_ws/install/as2_motion_controller/share/as2_motion_controller/hook/ld_library_path_lib.sh'
[4.931s] Level 1:colcon.colcon_core.environment:checking '/root/aerostack2_ws/install/as2_motion_controller/bin'
[4.931s] Level 1:colcon.colcon_core.environment:checking '/root/aerostack2_ws/install/as2_motion_controller/lib/pkgconfig/as2_motion_controller.pc'
[4.931s] Level 1:colcon.colcon_core.environment:checking '/root/aerostack2_ws/install/as2_motion_controller/lib/python3.10/site-packages'
[4.931s] Level 1:colcon.colcon_core.environment:checking '/root/aerostack2_ws/install/as2_motion_controller/bin'
[4.932s] INFO:colcon.colcon_core.shell:Creating package script '/root/aerostack2_ws/install/as2_motion_controller/share/as2_motion_controller/package.ps1'
[4.933s] INFO:colcon.colcon_core.shell:Creating package descriptor '/root/aerostack2_ws/install/as2_motion_controller/share/as2_motion_controller/package.dsv'
[4.934s] INFO:colcon.colcon_core.shell:Creating package script '/root/aerostack2_ws/install/as2_motion_controller/share/as2_motion_controller/package.sh'
[4.934s] INFO:colcon.colcon_core.shell:Creating package script '/root/aerostack2_ws/install/as2_motion_controller/share/as2_motion_controller/package.bash'
[4.935s] INFO:colcon.colcon_core.shell:Creating package script '/root/aerostack2_ws/install/as2_motion_controller/share/as2_motion_controller/package.zsh'
[4.935s] Level 1:colcon.colcon_core.environment:create_file_with_runtime_dependencies(/root/aerostack2_ws/install/as2_motion_controller/share/colcon-core/packages/as2_motion_controller)
[4.936s] Level 1:colcon.colcon_core.environment:create_environment_scripts_only(as2_motion_controller)
[4.936s] Level 1:colcon.colcon_core.environment:checking '/root/aerostack2_ws/install/as2_motion_controller' for CMake module files
[4.937s] Level 1:colcon.colcon_core.environment:checking '/root/aerostack2_ws/install/as2_motion_controller' for CMake config files
[4.937s] Level 1:colcon.colcon_core.shell:create_environment_hook('as2_motion_controller', 'cmake_prefix_path')
[4.937s] INFO:colcon.colcon_core.shell:Creating environment hook '/root/aerostack2_ws/install/as2_motion_controller/share/as2_motion_controller/hook/cmake_prefix_path.ps1'
[4.937s] INFO:colcon.colcon_core.shell:Creating environment descriptor '/root/aerostack2_ws/install/as2_motion_controller/share/as2_motion_controller/hook/cmake_prefix_path.dsv'
[4.938s] INFO:colcon.colcon_core.shell:Creating environment hook '/root/aerostack2_ws/install/as2_motion_controller/share/as2_motion_controller/hook/cmake_prefix_path.sh'
[4.938s] Level 1:colcon.colcon_core.environment:checking '/root/aerostack2_ws/install/as2_motion_controller/lib'
[4.938s] Level 1:colcon.colcon_core.shell:create_environment_hook('as2_motion_controller', 'ld_library_path_lib')
[4.938s] INFO:colcon.colcon_core.shell:Creating environment hook '/root/aerostack2_ws/install/as2_motion_controller/share/as2_motion_controller/hook/ld_library_path_lib.ps1'
[4.938s] INFO:colcon.colcon_core.shell:Creating environment descriptor '/root/aerostack2_ws/install/as2_motion_controller/share/as2_motion_controller/hook/ld_library_path_lib.dsv'
[4.939s] INFO:colcon.colcon_core.shell:Creating environment hook '/root/aerostack2_ws/install/as2_motion_controller/share/as2_motion_controller/hook/ld_library_path_lib.sh'
[4.939s] Level 1:colcon.colcon_core.environment:checking '/root/aerostack2_ws/install/as2_motion_controller/bin'
[4.939s] Level 1:colcon.colcon_core.environment:checking '/root/aerostack2_ws/install/as2_motion_controller/lib/pkgconfig/as2_motion_controller.pc'
[4.939s] Level 1:colcon.colcon_core.environment:checking '/root/aerostack2_ws/install/as2_motion_controller/lib/python3.10/site-packages'
[4.939s] Level 1:colcon.colcon_core.environment:checking '/root/aerostack2_ws/install/as2_motion_controller/bin'
[4.939s] INFO:colcon.colcon_core.shell:Creating package script '/root/aerostack2_ws/install/as2_motion_controller/share/as2_motion_controller/package.ps1'
[4.940s] INFO:colcon.colcon_core.shell:Creating package descriptor '/root/aerostack2_ws/install/as2_motion_controller/share/as2_motion_controller/package.dsv'
[4.940s] INFO:colcon.colcon_core.shell:Creating package script '/root/aerostack2_ws/install/as2_motion_controller/share/as2_motion_controller/package.sh'
[4.940s] INFO:colcon.colcon_core.shell:Creating package script '/root/aerostack2_ws/install/as2_motion_controller/share/as2_motion_controller/package.bash'
[4.941s] INFO:colcon.colcon_core.shell:Creating package script '/root/aerostack2_ws/install/as2_motion_controller/share/as2_motion_controller/package.zsh'
[4.941s] Level 1:colcon.colcon_core.environment:create_file_with_runtime_dependencies(/root/aerostack2_ws/install/as2_motion_controller/share/colcon-core/packages/as2_motion_controller)
[4.943s] Level 1:colcon.colcon_core.environment:create_environment_scripts_only(as2_behaviors_trajectory_generation)
[4.943s] Level 1:colcon.colcon_core.environment:checking '/root/aerostack2_ws/install/as2_behaviors_trajectory_generation' for CMake module files
[4.943s] DEBUG:colcon.colcon_core.event_handler.log_command:Invoking command in '/root/aerostack2_ws/src/aerostack2/as2_python_api': CMAKE_PREFIX_PATH=/root/aerostack2_ws/install/as2_motion_reference_handlers:/root/aerostack2_ws/install/as2_core:/root/aerostack2_ws/install/as2_msgs:/root/aerostack2_ws/install/rmf_demos_gz_classic:/root/aerostack2_ws/install/rmf_demos_gz:/root/aerostack2_ws/install/rmf_demos:/root/aerostack2_ws/install/rmf_demos_maps:/root/aerostack2_ws/install/aerostack2:/root/aerostack2_ws/install/as2_usb_camera_interface:/root/aerostack2_ws/install/as2_state_estimator:/root/aerostack2_ws/install/as2_rviz_plugins:/root/aerostack2_ws/install/as2_realsense_interface:/root/aerostack2_ws/install/as2_platform_multirotor_simulator:/root/aerostack2_ws/install/as2_platform_gazebo:/root/aerostack2_ws/install/as2_motion_controller:/root/aerostack2_ws/install/as2_behaviors_trajectory_generation:/root/aerostack2_ws/install/as2_behaviors_swarm_flocking:/root/aerostack2_ws/install/as2_behaviors_motion:/root/aerostack2_ws/install/as2_map_server:/root/aerostack2_ws/install/as2_geozones:/root/aerostack2_ws/install/as2_gazebo_assets:/root/aerostack2_ws/install/as2_external_object_to_tf:/root/aerostack2_ws/install/as2_behaviors_platform:/root/aerostack2_ws/install/as2_behaviors_perception:/root/aerostack2_ws/install/as2_behaviors_path_planning:/root/aerostack2_ws/install/as2_behavior_tree:/root/aerostack2_ws/install/as2_behavior:/root/aerostack2_ws/install/as2_alphanumeric_viewer:/root/aerostack2_ws/install/as2_cli LD_LIBRARY_PATH=/root/aerostack2_ws/install/as2_core/lib:/root/aerostack2_ws/install/as2_msgs/lib:/root/aerostack2_ws/install/as2_state_estimator/lib:/root/aerostack2_ws/install/as2_python_api/lib:/root/aerostack2_ws/install/as2_motion_controller/lib:/root/aerostack2_ws/install/as2_behaviors_trajectory_generation/lib:/root/aerostack2_ws/install/as2_behaviors_swarm_flocking/lib:/root/aerostack2_ws/install/as2_behaviors_motion/lib:/root/aerostack2_ws/install/as2_motion_reference_handlers/lib:/root/aerostack2_ws/install/as2_map_server/lib:/root/aerostack2_ws/install/as2_gazebo_assets/lib:/root/aerostack2_ws/install/as2_behaviors_perception/lib:/root/aerostack2_ws/install/as2_behaviors_path_planning/lib:/root/aerostack2_ws/install/as2_behavior_tree/lib:/root/aerostack2_ws/install/as2_behavior/lib:/opt/ros/humble/opt/rviz_ogre_vendor/lib:/opt/ros/humble/lib/x86_64-linux-gnu:/opt/ros/humble/lib PYTHONPATH=/root/aerostack2_ws/build/as2_python_api/prefix_override:/usr/lib/python3/dist-packages/colcon_core/task/python/colcon_distutils_commands:/root/aerostack2_ws/install/as2_python_api/lib/python3.10/site-packages:${PYTHONPATH} /usr/bin/python3 -W ignore:setup.py install is deprecated -W ignore:easy_install command is deprecated setup.py egg_info --egg-base ../../../build/as2_python_api build --build-base /root/aerostack2_ws/build/as2_python_api/build install --record /root/aerostack2_ws/build/as2_python_api/install.log --single-version-externally-managed install_data
[4.943s] DEBUG:colcon.colcon_core.event_handler.log_command:Invoked command in '/root/aerostack2_ws/build/as2_behaviors_trajectory_generation' returned '0': CMAKE_PREFIX_PATH=/root/aerostack2_ws/install/as2_motion_reference_handlers:/root/aerostack2_ws/install/as2_behavior:/root/aerostack2_ws/install/as2_core:/root/aerostack2_ws/install/as2_msgs:/root/aerostack2_ws/install/rmf_demos_gz_classic:/root/aerostack2_ws/install/rmf_demos_gz:/root/aerostack2_ws/install/rmf_demos:/root/aerostack2_ws/install/rmf_demos_maps:/root/aerostack2_ws/install/aerostack2:/root/aerostack2_ws/install/as2_usb_camera_interface:/root/aerostack2_ws/install/as2_state_estimator:/root/aerostack2_ws/install/as2_rviz_plugins:/root/aerostack2_ws/install/as2_realsense_interface:/root/aerostack2_ws/install/as2_platform_multirotor_simulator:/root/aerostack2_ws/install/as2_platform_gazebo:/root/aerostack2_ws/install/as2_motion_controller:/root/aerostack2_ws/install/as2_behaviors_trajectory_generation:/root/aerostack2_ws/install/as2_behaviors_swarm_flocking:/root/aerostack2_ws/install/as2_behaviors_motion:/root/aerostack2_ws/install/as2_map_server:/root/aerostack2_ws/install/as2_geozones:/root/aerostack2_ws/install/as2_gazebo_assets:/root/aerostack2_ws/install/as2_external_object_to_tf:/root/aerostack2_ws/install/as2_behaviors_platform:/root/aerostack2_ws/install/as2_behaviors_perception:/root/aerostack2_ws/install/as2_behaviors_path_planning:/root/aerostack2_ws/install/as2_behavior_tree:/root/aerostack2_ws/install/as2_alphanumeric_viewer:/root/aerostack2_ws/install/as2_cli:/root/aerostack2_ws/install/rmf_demos_tasks:/root/aerostack2_ws/install/rmf_demos_panel:/root/aerostack2_ws/install/rmf_demos_fleet_adapter:/root/aerostack2_ws/install/rmf_demos_dashboard_resources:/root/aerostack2_ws/install/rmf_demos_bridges:/root/aerostack2_ws/install/rmf_demos_assets:/root/aerostack2_ws/install/as2_visualization:/root/aerostack2_ws/install/as2_keyboard_teleoperation:/root/aerostack2_ws/install/as2_python_api:/root/aerostack2_ws/install/as2_perception:/opt/ros/humble LD_LIBRARY_PATH=/root/aerostack2_ws/install/as2_behavior/lib:/root/aerostack2_ws/install/as2_core/lib:/root/aerostack2_ws/install/as2_msgs/lib:/root/aerostack2_ws/install/as2_state_estimator/lib:/root/aerostack2_ws/install/as2_python_api/lib:/root/aerostack2_ws/install/as2_motion_controller/lib:/root/aerostack2_ws/install/as2_behaviors_trajectory_generation/lib:/root/aerostack2_ws/install/as2_behaviors_swarm_flocking/lib:/root/aerostack2_ws/install/as2_behaviors_motion/lib:/root/aerostack2_ws/install/as2_motion_reference_handlers/lib:/root/aerostack2_ws/install/as2_map_server/lib:/root/aerostack2_ws/install/as2_gazebo_assets/lib:/root/aerostack2_ws/install/as2_behaviors_perception/lib:/root/aerostack2_ws/install/as2_behaviors_path_planning/lib:/root/aerostack2_ws/install/as2_behavior_tree/lib:/opt/ros/humble/opt/rviz_ogre_vendor/lib:/opt/ros/humble/lib/x86_64-linux-gnu:/opt/ros/humble/lib /usr/bin/cmake --install /root/aerostack2_ws/build/as2_behaviors_trajectory_generation
[4.944s] Level 1:colcon.colcon_core.environment:checking '/root/aerostack2_ws/install/as2_behaviors_trajectory_generation' for CMake config files
[4.944s] Level 1:colcon.colcon_core.shell:create_environment_hook('as2_behaviors_trajectory_generation', 'cmake_prefix_path')
[4.944s] INFO:colcon.colcon_core.shell:Creating environment hook '/root/aerostack2_ws/install/as2_behaviors_trajectory_generation/share/as2_behaviors_trajectory_generation/hook/cmake_prefix_path.ps1'
[4.944s] INFO:colcon.colcon_core.shell:Creating environment descriptor '/root/aerostack2_ws/install/as2_behaviors_trajectory_generation/share/as2_behaviors_trajectory_generation/hook/cmake_prefix_path.dsv'
[4.944s] INFO:colcon.colcon_core.shell:Creating environment hook '/root/aerostack2_ws/install/as2_behaviors_trajectory_generation/share/as2_behaviors_trajectory_generation/hook/cmake_prefix_path.sh'
[4.945s] Level 1:colcon.colcon_core.environment:checking '/root/aerostack2_ws/install/as2_behaviors_trajectory_generation/lib'
[4.945s] Level 1:colcon.colcon_core.shell:create_environment_hook('as2_behaviors_trajectory_generation', 'ld_library_path_lib')
[4.945s] INFO:colcon.colcon_core.shell:Creating environment hook '/root/aerostack2_ws/install/as2_behaviors_trajectory_generation/share/as2_behaviors_trajectory_generation/hook/ld_library_path_lib.ps1'
[4.945s] INFO:colcon.colcon_core.shell:Creating environment descriptor '/root/aerostack2_ws/install/as2_behaviors_trajectory_generation/share/as2_behaviors_trajectory_generation/hook/ld_library_path_lib.dsv'
[4.945s] INFO:colcon.colcon_core.shell:Creating environment hook '/root/aerostack2_ws/install/as2_behaviors_trajectory_generation/share/as2_behaviors_trajectory_generation/hook/ld_library_path_lib.sh'
[4.946s] Level 1:colcon.colcon_core.environment:checking '/root/aerostack2_ws/install/as2_behaviors_trajectory_generation/bin'
[4.946s] Level 1:colcon.colcon_core.environment:checking '/root/aerostack2_ws/install/as2_behaviors_trajectory_generation/lib/pkgconfig/as2_behaviors_trajectory_generation.pc'
[4.946s] Level 1:colcon.colcon_core.environment:checking '/root/aerostack2_ws/install/as2_behaviors_trajectory_generation/lib/python3.10/site-packages'
[4.946s] Level 1:colcon.colcon_core.environment:checking '/root/aerostack2_ws/install/as2_behaviors_trajectory_generation/bin'
[4.946s] INFO:colcon.colcon_core.shell:Creating package script '/root/aerostack2_ws/install/as2_behaviors_trajectory_generation/share/as2_behaviors_trajectory_generation/package.ps1'
[4.947s] INFO:colcon.colcon_core.shell:Creating package descriptor '/root/aerostack2_ws/install/as2_behaviors_trajectory_generation/share/as2_behaviors_trajectory_generation/package.dsv'
[4.947s] INFO:colcon.colcon_core.shell:Creating package script '/root/aerostack2_ws/install/as2_behaviors_trajectory_generation/share/as2_behaviors_trajectory_generation/package.sh'
[4.947s] INFO:colcon.colcon_core.shell:Creating package script '/root/aerostack2_ws/install/as2_behaviors_trajectory_generation/share/as2_behaviors_trajectory_generation/package.bash'
[4.948s] INFO:colcon.colcon_core.shell:Creating package script '/root/aerostack2_ws/install/as2_behaviors_trajectory_generation/share/as2_behaviors_trajectory_generation/package.zsh'
[4.948s] Level 1:colcon.colcon_core.environment:create_file_with_runtime_dependencies(/root/aerostack2_ws/install/as2_behaviors_trajectory_generation/share/colcon-core/packages/as2_behaviors_trajectory_generation)
[4.949s] Level 1:colcon.colcon_core.environment:create_environment_scripts_only(as2_behaviors_trajectory_generation)
[4.949s] Level 1:colcon.colcon_core.environment:checking '/root/aerostack2_ws/install/as2_behaviors_trajectory_generation' for CMake module files
[4.949s] Level 1:colcon.colcon_core.environment:checking '/root/aerostack2_ws/install/as2_behaviors_trajectory_generation' for CMake config files
[4.949s] Level 1:colcon.colcon_core.shell:create_environment_hook('as2_behaviors_trajectory_generation', 'cmake_prefix_path')
[4.949s] INFO:colcon.colcon_core.shell:Creating environment hook '/root/aerostack2_ws/install/as2_behaviors_trajectory_generation/share/as2_behaviors_trajectory_generation/hook/cmake_prefix_path.ps1'
[4.950s] INFO:colcon.colcon_core.shell:Creating environment descriptor '/root/aerostack2_ws/install/as2_behaviors_trajectory_generation/share/as2_behaviors_trajectory_generation/hook/cmake_prefix_path.dsv'
[4.950s] INFO:colcon.colcon_core.shell:Creating environment hook '/root/aerostack2_ws/install/as2_behaviors_trajectory_generation/share/as2_behaviors_trajectory_generation/hook/cmake_prefix_path.sh'
[4.951s] Level 1:colcon.colcon_core.environment:checking '/root/aerostack2_ws/install/as2_behaviors_trajectory_generation/lib'
[4.951s] Level 1:colcon.colcon_core.shell:create_environment_hook('as2_behaviors_trajectory_generation', 'ld_library_path_lib')
[4.951s] INFO:colcon.colcon_core.shell:Creating environment hook '/root/aerostack2_ws/install/as2_behaviors_trajectory_generation/share/as2_behaviors_trajectory_generation/hook/ld_library_path_lib.ps1'
[4.952s] INFO:colcon.colcon_core.shell:Creating environment descriptor '/root/aerostack2_ws/install/as2_behaviors_trajectory_generation/share/as2_behaviors_trajectory_generation/hook/ld_library_path_lib.dsv'
[4.952s] INFO:colcon.colcon_core.shell:Creating environment hook '/root/aerostack2_ws/install/as2_behaviors_trajectory_generation/share/as2_behaviors_trajectory_generation/hook/ld_library_path_lib.sh'
[4.952s] Level 1:colcon.colcon_core.environment:checking '/root/aerostack2_ws/install/as2_behaviors_trajectory_generation/bin'
[4.952s] Level 1:colcon.colcon_core.environment:checking '/root/aerostack2_ws/install/as2_behaviors_trajectory_generation/lib/pkgconfig/as2_behaviors_trajectory_generation.pc'
[4.953s] Level 1:colcon.colcon_core.environment:checking '/root/aerostack2_ws/install/as2_behaviors_trajectory_generation/lib/python3.10/site-packages'
[4.953s] Level 1:colcon.colcon_core.environment:checking '/root/aerostack2_ws/install/as2_behaviors_trajectory_generation/bin'
[4.953s] INFO:colcon.colcon_core.shell:Creating package script '/root/aerostack2_ws/install/as2_behaviors_trajectory_generation/share/as2_behaviors_trajectory_generation/package.ps1'
[4.954s] INFO:colcon.colcon_core.shell:Creating package descriptor '/root/aerostack2_ws/install/as2_behaviors_trajectory_generation/share/as2_behaviors_trajectory_generation/package.dsv'
[4.954s] INFO:colcon.colcon_core.shell:Creating package script '/root/aerostack2_ws/install/as2_behaviors_trajectory_generation/share/as2_behaviors_trajectory_generation/package.sh'
[4.954s] INFO:colcon.colcon_core.shell:Creating package script '/root/aerostack2_ws/install/as2_behaviors_trajectory_generation/share/as2_behaviors_trajectory_generation/package.bash'
[4.955s] INFO:colcon.colcon_core.shell:Creating package script '/root/aerostack2_ws/install/as2_behaviors_trajectory_generation/share/as2_behaviors_trajectory_generation/package.zsh'
[4.955s] Level 1:colcon.colcon_core.environment:create_file_with_runtime_dependencies(/root/aerostack2_ws/install/as2_behaviors_trajectory_generation/share/colcon-core/packages/as2_behaviors_trajectory_generation)
[4.958s] DEBUG:colcon.colcon_core.event_handler.log_command:Invoking command in '/root/aerostack2_ws/build/as2_behaviors_swarm_flocking': CMAKE_PREFIX_PATH=/root/aerostack2_ws/install/as2_motion_reference_handlers:/root/aerostack2_ws/install/as2_behavior:/root/aerostack2_ws/install/as2_core:/root/aerostack2_ws/install/as2_msgs:/root/aerostack2_ws/install/rmf_demos_gz_classic:/root/aerostack2_ws/install/rmf_demos_gz:/root/aerostack2_ws/install/rmf_demos:/root/aerostack2_ws/install/rmf_demos_maps:/root/aerostack2_ws/install/aerostack2:/root/aerostack2_ws/install/as2_usb_camera_interface:/root/aerostack2_ws/install/as2_state_estimator:/root/aerostack2_ws/install/as2_rviz_plugins:/root/aerostack2_ws/install/as2_realsense_interface:/root/aerostack2_ws/install/as2_platform_multirotor_simulator:/root/aerostack2_ws/install/as2_platform_gazebo:/root/aerostack2_ws/install/as2_motion_controller:/root/aerostack2_ws/install/as2_behaviors_trajectory_generation:/root/aerostack2_ws/install/as2_behaviors_swarm_flocking:/root/aerostack2_ws/install/as2_behaviors_motion:/root/aerostack2_ws/install/as2_map_server:/root/aerostack2_ws/install/as2_geozones:/root/aerostack2_ws/install/as2_gazebo_assets:/root/aerostack2_ws/install/as2_external_object_to_tf:/root/aerostack2_ws/install/as2_behaviors_platform:/root/aerostack2_ws/install/as2_behaviors_perception:/root/aerostack2_ws/install/as2_behaviors_path_planning:/root/aerostack2_ws/install/as2_behavior_tree:/root/aerostack2_ws/install/as2_alphanumeric_viewer:/root/aerostack2_ws/install/as2_cli:/root/aerostack2_ws/install/rmf_demos_tasks:/root/aerostack2_ws/install/rmf_demos_panel:/root/aerostack2_ws/install/rmf_demos_fleet_adapter:/root/aerostack2_ws/install/rmf_demos_dashboard_resources:/root/aerostack2_ws/install/rmf_demos_bridges:/root/aerostack2_ws/install/rmf_demos_assets:/root/aerostack2_ws/install/as2_visualization:/root/aerostack2_ws/install/as2_keyboard_teleoperation:/root/aerostack2_ws/install/as2_python_api:/root/aerostack2_ws/install/as2_perception:/opt/ros/humble LD_LIBRARY_PATH=/root/aerostack2_ws/install/as2_behavior/lib:/root/aerostack2_ws/install/as2_core/lib:/root/aerostack2_ws/install/as2_msgs/lib:/root/aerostack2_ws/install/as2_state_estimator/lib:/root/aerostack2_ws/install/as2_python_api/lib:/root/aerostack2_ws/install/as2_motion_controller/lib:/root/aerostack2_ws/install/as2_behaviors_trajectory_generation/lib:/root/aerostack2_ws/install/as2_behaviors_swarm_flocking/lib:/root/aerostack2_ws/install/as2_behaviors_motion/lib:/root/aerostack2_ws/install/as2_motion_reference_handlers/lib:/root/aerostack2_ws/install/as2_map_server/lib:/root/aerostack2_ws/install/as2_gazebo_assets/lib:/root/aerostack2_ws/install/as2_behaviors_perception/lib:/root/aerostack2_ws/install/as2_behaviors_path_planning/lib:/root/aerostack2_ws/install/as2_behavior_tree/lib:/opt/ros/humble/opt/rviz_ogre_vendor/lib:/opt/ros/humble/lib/x86_64-linux-gnu:/opt/ros/humble/lib /usr/bin/cmake --build /root/aerostack2_ws/build/as2_behaviors_swarm_flocking -- -j8 -l8
[5.248s] DEBUG:colcon.colcon_core.event_handler.log_command:Invoked command in '/root/aerostack2_ws/build/as2_behaviors_swarm_flocking' returned '0': CMAKE_PREFIX_PATH=/root/aerostack2_ws/install/as2_motion_reference_handlers:/root/aerostack2_ws/install/as2_behavior:/root/aerostack2_ws/install/as2_core:/root/aerostack2_ws/install/as2_msgs:/root/aerostack2_ws/install/rmf_demos_gz_classic:/root/aerostack2_ws/install/rmf_demos_gz:/root/aerostack2_ws/install/rmf_demos:/root/aerostack2_ws/install/rmf_demos_maps:/root/aerostack2_ws/install/aerostack2:/root/aerostack2_ws/install/as2_usb_camera_interface:/root/aerostack2_ws/install/as2_state_estimator:/root/aerostack2_ws/install/as2_rviz_plugins:/root/aerostack2_ws/install/as2_realsense_interface:/root/aerostack2_ws/install/as2_platform_multirotor_simulator:/root/aerostack2_ws/install/as2_platform_gazebo:/root/aerostack2_ws/install/as2_motion_controller:/root/aerostack2_ws/install/as2_behaviors_trajectory_generation:/root/aerostack2_ws/install/as2_behaviors_swarm_flocking:/root/aerostack2_ws/install/as2_behaviors_motion:/root/aerostack2_ws/install/as2_map_server:/root/aerostack2_ws/install/as2_geozones:/root/aerostack2_ws/install/as2_gazebo_assets:/root/aerostack2_ws/install/as2_external_object_to_tf:/root/aerostack2_ws/install/as2_behaviors_platform:/root/aerostack2_ws/install/as2_behaviors_perception:/root/aerostack2_ws/install/as2_behaviors_path_planning:/root/aerostack2_ws/install/as2_behavior_tree:/root/aerostack2_ws/install/as2_alphanumeric_viewer:/root/aerostack2_ws/install/as2_cli:/root/aerostack2_ws/install/rmf_demos_tasks:/root/aerostack2_ws/install/rmf_demos_panel:/root/aerostack2_ws/install/rmf_demos_fleet_adapter:/root/aerostack2_ws/install/rmf_demos_dashboard_resources:/root/aerostack2_ws/install/rmf_demos_bridges:/root/aerostack2_ws/install/rmf_demos_assets:/root/aerostack2_ws/install/as2_visualization:/root/aerostack2_ws/install/as2_keyboard_teleoperation:/root/aerostack2_ws/install/as2_python_api:/root/aerostack2_ws/install/as2_perception:/opt/ros/humble LD_LIBRARY_PATH=/root/aerostack2_ws/install/as2_behavior/lib:/root/aerostack2_ws/install/as2_core/lib:/root/aerostack2_ws/install/as2_msgs/lib:/root/aerostack2_ws/install/as2_state_estimator/lib:/root/aerostack2_ws/install/as2_python_api/lib:/root/aerostack2_ws/install/as2_motion_controller/lib:/root/aerostack2_ws/install/as2_behaviors_trajectory_generation/lib:/root/aerostack2_ws/install/as2_behaviors_swarm_flocking/lib:/root/aerostack2_ws/install/as2_behaviors_motion/lib:/root/aerostack2_ws/install/as2_motion_reference_handlers/lib:/root/aerostack2_ws/install/as2_map_server/lib:/root/aerostack2_ws/install/as2_gazebo_assets/lib:/root/aerostack2_ws/install/as2_behaviors_perception/lib:/root/aerostack2_ws/install/as2_behaviors_path_planning/lib:/root/aerostack2_ws/install/as2_behavior_tree/lib:/opt/ros/humble/opt/rviz_ogre_vendor/lib:/opt/ros/humble/lib/x86_64-linux-gnu:/opt/ros/humble/lib /usr/bin/cmake --build /root/aerostack2_ws/build/as2_behaviors_swarm_flocking -- -j8 -l8
[5.304s] DEBUG:colcon.colcon_core.event_handler.log_command:Invoking command in '/root/aerostack2_ws/build/as2_behaviors_swarm_flocking': CMAKE_PREFIX_PATH=/root/aerostack2_ws/install/as2_motion_reference_handlers:/root/aerostack2_ws/install/as2_behavior:/root/aerostack2_ws/install/as2_core:/root/aerostack2_ws/install/as2_msgs:/root/aerostack2_ws/install/rmf_demos_gz_classic:/root/aerostack2_ws/install/rmf_demos_gz:/root/aerostack2_ws/install/rmf_demos:/root/aerostack2_ws/install/rmf_demos_maps:/root/aerostack2_ws/install/aerostack2:/root/aerostack2_ws/install/as2_usb_camera_interface:/root/aerostack2_ws/install/as2_state_estimator:/root/aerostack2_ws/install/as2_rviz_plugins:/root/aerostack2_ws/install/as2_realsense_interface:/root/aerostack2_ws/install/as2_platform_multirotor_simulator:/root/aerostack2_ws/install/as2_platform_gazebo:/root/aerostack2_ws/install/as2_motion_controller:/root/aerostack2_ws/install/as2_behaviors_trajectory_generation:/root/aerostack2_ws/install/as2_behaviors_swarm_flocking:/root/aerostack2_ws/install/as2_behaviors_motion:/root/aerostack2_ws/install/as2_map_server:/root/aerostack2_ws/install/as2_geozones:/root/aerostack2_ws/install/as2_gazebo_assets:/root/aerostack2_ws/install/as2_external_object_to_tf:/root/aerostack2_ws/install/as2_behaviors_platform:/root/aerostack2_ws/install/as2_behaviors_perception:/root/aerostack2_ws/install/as2_behaviors_path_planning:/root/aerostack2_ws/install/as2_behavior_tree:/root/aerostack2_ws/install/as2_alphanumeric_viewer:/root/aerostack2_ws/install/as2_cli:/root/aerostack2_ws/install/rmf_demos_tasks:/root/aerostack2_ws/install/rmf_demos_panel:/root/aerostack2_ws/install/rmf_demos_fleet_adapter:/root/aerostack2_ws/install/rmf_demos_dashboard_resources:/root/aerostack2_ws/install/rmf_demos_bridges:/root/aerostack2_ws/install/rmf_demos_assets:/root/aerostack2_ws/install/as2_visualization:/root/aerostack2_ws/install/as2_keyboard_teleoperation:/root/aerostack2_ws/install/as2_python_api:/root/aerostack2_ws/install/as2_perception:/opt/ros/humble LD_LIBRARY_PATH=/root/aerostack2_ws/install/as2_behavior/lib:/root/aerostack2_ws/install/as2_core/lib:/root/aerostack2_ws/install/as2_msgs/lib:/root/aerostack2_ws/install/as2_state_estimator/lib:/root/aerostack2_ws/install/as2_python_api/lib:/root/aerostack2_ws/install/as2_motion_controller/lib:/root/aerostack2_ws/install/as2_behaviors_trajectory_generation/lib:/root/aerostack2_ws/install/as2_behaviors_swarm_flocking/lib:/root/aerostack2_ws/install/as2_behaviors_motion/lib:/root/aerostack2_ws/install/as2_motion_reference_handlers/lib:/root/aerostack2_ws/install/as2_map_server/lib:/root/aerostack2_ws/install/as2_gazebo_assets/lib:/root/aerostack2_ws/install/as2_behaviors_perception/lib:/root/aerostack2_ws/install/as2_behaviors_path_planning/lib:/root/aerostack2_ws/install/as2_behavior_tree/lib:/opt/ros/humble/opt/rviz_ogre_vendor/lib:/opt/ros/humble/lib/x86_64-linux-gnu:/opt/ros/humble/lib /usr/bin/cmake --install /root/aerostack2_ws/build/as2_behaviors_swarm_flocking
[5.523s] Level 1:colcon.colcon_core.environment:checking '/root/aerostack2_ws/install/as2_python_api' for CMake module files
[5.536s] DEBUG:colcon.colcon_core.event_handler.log_command:Invoking command in '/root/aerostack2_ws/src/aerostack2/as2_user_interfaces/as2_visualization/as2_visualization': CMAKE_PREFIX_PATH=/root/aerostack2_ws/install/as2_gazebo_assets:/root/aerostack2_ws/install/as2_core:/root/aerostack2_ws/install/as2_msgs:/root/aerostack2_ws/install/rmf_demos_gz_classic:/root/aerostack2_ws/install/rmf_demos_gz:/root/aerostack2_ws/install/rmf_demos:/root/aerostack2_ws/install/rmf_demos_maps:/root/aerostack2_ws/install/aerostack2:/root/aerostack2_ws/install/as2_usb_camera_interface:/root/aerostack2_ws/install/as2_state_estimator:/root/aerostack2_ws/install/as2_rviz_plugins:/root/aerostack2_ws/install/as2_realsense_interface:/root/aerostack2_ws/install/as2_platform_multirotor_simulator:/root/aerostack2_ws/install/as2_platform_gazebo:/root/aerostack2_ws/install/as2_motion_controller:/root/aerostack2_ws/install/as2_behaviors_trajectory_generation:/root/aerostack2_ws/install/as2_behaviors_swarm_flocking:/root/aerostack2_ws/install/as2_behaviors_motion:/root/aerostack2_ws/install/as2_motion_reference_handlers:/root/aerostack2_ws/install/as2_map_server:/root/aerostack2_ws/install/as2_geozones:/root/aerostack2_ws/install/as2_external_object_to_tf:/root/aerostack2_ws/install/as2_behaviors_platform:/root/aerostack2_ws/install/as2_behaviors_perception:/root/aerostack2_ws/install/as2_behaviors_path_planning:/root/aerostack2_ws/install/as2_behavior_tree:/root/aerostack2_ws/install/as2_behavior:/root/aerostack2_ws/install/as2_alphanumeric_viewer:/root/aerostack2_ws/install/as2_cli GZ_SIM_RESOURCE_PATH=/root/aerostack2_ws/install/as2_gazebo_assets/share/as2_ign_gazebo_assets/worlds:/root/aerostack2_ws/install/as2_gazebo_assets/share/as2_ign_gazebo_assets/models:${GZ_SIM_RESOURCE_PATH} GZ_VERSION=@GZ_VERSION@ LD_LIBRARY_PATH=/root/aerostack2_ws/install/as2_gazebo_assets/lib:/root/aerostack2_ws/install/as2_core/lib:/root/aerostack2_ws/install/as2_msgs/lib:/root/aerostack2_ws/install/as2_state_estimator/lib:/root/aerostack2_ws/install/as2_python_api/lib:/root/aerostack2_ws/install/as2_motion_controller/lib:/root/aerostack2_ws/install/as2_behaviors_trajectory_generation/lib:/root/aerostack2_ws/install/as2_behaviors_swarm_flocking/lib:/root/aerostack2_ws/install/as2_behaviors_motion/lib:/root/aerostack2_ws/install/as2_motion_reference_handlers/lib:/root/aerostack2_ws/install/as2_map_server/lib:/root/aerostack2_ws/install/as2_behaviors_perception/lib:/root/aerostack2_ws/install/as2_behaviors_path_planning/lib:/root/aerostack2_ws/install/as2_behavior_tree/lib:/root/aerostack2_ws/install/as2_behavior/lib:/opt/ros/humble/opt/rviz_ogre_vendor/lib:/opt/ros/humble/lib/x86_64-linux-gnu:/opt/ros/humble/lib PYTHONPATH=/root/aerostack2_ws/build/as2_visualization/prefix_override:/usr/lib/python3/dist-packages/colcon_core/task/python/colcon_distutils_commands:/root/aerostack2_ws/install/as2_visualization/lib/python3.10/site-packages:${PYTHONPATH} /usr/bin/python3 -W ignore:setup.py install is deprecated -W ignore:easy_install command is deprecated setup.py egg_info --egg-base ../../../../../build/as2_visualization build --build-base /root/aerostack2_ws/build/as2_visualization/build install --record /root/aerostack2_ws/build/as2_visualization/install.log --single-version-externally-managed install_data
[5.565s] Level 1:colcon.colcon_core.environment:checking '/root/aerostack2_ws/install/as2_python_api' for CMake config files
[5.624s] DEBUG:colcon.colcon_core.event_handler.log_command:Invoked command in '/root/aerostack2_ws/src/aerostack2/as2_python_api' returned '0': CMAKE_PREFIX_PATH=/root/aerostack2_ws/install/as2_motion_reference_handlers:/root/aerostack2_ws/install/as2_core:/root/aerostack2_ws/install/as2_msgs:/root/aerostack2_ws/install/rmf_demos_gz_classic:/root/aerostack2_ws/install/rmf_demos_gz:/root/aerostack2_ws/install/rmf_demos:/root/aerostack2_ws/install/rmf_demos_maps:/root/aerostack2_ws/install/aerostack2:/root/aerostack2_ws/install/as2_usb_camera_interface:/root/aerostack2_ws/install/as2_state_estimator:/root/aerostack2_ws/install/as2_rviz_plugins:/root/aerostack2_ws/install/as2_realsense_interface:/root/aerostack2_ws/install/as2_platform_multirotor_simulator:/root/aerostack2_ws/install/as2_platform_gazebo:/root/aerostack2_ws/install/as2_motion_controller:/root/aerostack2_ws/install/as2_behaviors_trajectory_generation:/root/aerostack2_ws/install/as2_behaviors_swarm_flocking:/root/aerostack2_ws/install/as2_behaviors_motion:/root/aerostack2_ws/install/as2_map_server:/root/aerostack2_ws/install/as2_geozones:/root/aerostack2_ws/install/as2_gazebo_assets:/root/aerostack2_ws/install/as2_external_object_to_tf:/root/aerostack2_ws/install/as2_behaviors_platform:/root/aerostack2_ws/install/as2_behaviors_perception:/root/aerostack2_ws/install/as2_behaviors_path_planning:/root/aerostack2_ws/install/as2_behavior_tree:/root/aerostack2_ws/install/as2_behavior:/root/aerostack2_ws/install/as2_alphanumeric_viewer:/root/aerostack2_ws/install/as2_cli LD_LIBRARY_PATH=/root/aerostack2_ws/install/as2_core/lib:/root/aerostack2_ws/install/as2_msgs/lib:/root/aerostack2_ws/install/as2_state_estimator/lib:/root/aerostack2_ws/install/as2_python_api/lib:/root/aerostack2_ws/install/as2_motion_controller/lib:/root/aerostack2_ws/install/as2_behaviors_trajectory_generation/lib:/root/aerostack2_ws/install/as2_behaviors_swarm_flocking/lib:/root/aerostack2_ws/install/as2_behaviors_motion/lib:/root/aerostack2_ws/install/as2_motion_reference_handlers/lib:/root/aerostack2_ws/install/as2_map_server/lib:/root/aerostack2_ws/install/as2_gazebo_assets/lib:/root/aerostack2_ws/install/as2_behaviors_perception/lib:/root/aerostack2_ws/install/as2_behaviors_path_planning/lib:/root/aerostack2_ws/install/as2_behavior_tree/lib:/root/aerostack2_ws/install/as2_behavior/lib:/opt/ros/humble/opt/rviz_ogre_vendor/lib:/opt/ros/humble/lib/x86_64-linux-gnu:/opt/ros/humble/lib PYTHONPATH=/root/aerostack2_ws/build/as2_python_api/prefix_override:/usr/lib/python3/dist-packages/colcon_core/task/python/colcon_distutils_commands:/root/aerostack2_ws/install/as2_python_api/lib/python3.10/site-packages:${PYTHONPATH} /usr/bin/python3 -W ignore:setup.py install is deprecated -W ignore:easy_install command is deprecated setup.py egg_info --egg-base ../../../build/as2_python_api build --build-base /root/aerostack2_ws/build/as2_python_api/build install --record /root/aerostack2_ws/build/as2_python_api/install.log --single-version-externally-managed install_data
[5.639s] Level 1:colcon.colcon_core.environment:checking '/root/aerostack2_ws/install/as2_python_api/lib'
[5.646s] Level 1:colcon.colcon_core.environment:checking '/root/aerostack2_ws/install/as2_python_api/bin'
[5.647s] Level 1:colcon.colcon_core.environment:checking '/root/aerostack2_ws/install/as2_python_api/lib/pkgconfig/as2_python_api.pc'
[5.651s] Level 1:colcon.colcon_core.environment:checking '/root/aerostack2_ws/install/as2_python_api/lib/python3.10/site-packages'
[5.653s] Level 1:colcon.colcon_core.shell:create_environment_hook('as2_python_api', 'pythonpath')
[5.658s] INFO:colcon.colcon_core.shell:Creating environment hook '/root/aerostack2_ws/install/as2_python_api/share/as2_python_api/hook/pythonpath.ps1'
[5.680s] INFO:colcon.colcon_core.shell:Creating environment descriptor '/root/aerostack2_ws/install/as2_python_api/share/as2_python_api/hook/pythonpath.dsv'
[5.702s] INFO:colcon.colcon_core.shell:Creating environment hook '/root/aerostack2_ws/install/as2_python_api/share/as2_python_api/hook/pythonpath.sh'
[5.740s] Level 1:colcon.colcon_core.environment:checking '/root/aerostack2_ws/install/as2_python_api/bin'
[5.743s] Level 1:colcon.colcon_core.environment:create_environment_scripts_only(as2_python_api)
[5.750s] INFO:colcon.colcon_core.shell:Creating package script '/root/aerostack2_ws/install/as2_python_api/share/as2_python_api/package.ps1'
[5.777s] INFO:colcon.colcon_core.shell:Creating package descriptor '/root/aerostack2_ws/install/as2_python_api/share/as2_python_api/package.dsv'
[5.819s] INFO:colcon.colcon_core.shell:Creating package script '/root/aerostack2_ws/install/as2_python_api/share/as2_python_api/package.sh'
[5.829s] INFO:colcon.colcon_core.shell:Creating package script '/root/aerostack2_ws/install/as2_python_api/share/as2_python_api/package.bash'
[5.836s] INFO:colcon.colcon_core.shell:Creating package script '/root/aerostack2_ws/install/as2_python_api/share/as2_python_api/package.zsh'
[5.843s] Level 1:colcon.colcon_core.environment:create_file_with_runtime_dependencies(/root/aerostack2_ws/install/as2_python_api/share/colcon-core/packages/as2_python_api)
[5.853s] INFO:colcon.colcon_ros.task.ament_python.build:Building ROS package in '/root/aerostack2_ws/src/aerostack2/as2_user_interfaces/as2_keyboard_teleoperation' with build type 'ament_python'
[5.856s] Level 1:colcon.colcon_core.shell:create_environment_hook('as2_keyboard_teleoperation', 'ament_prefix_path')
[5.864s] INFO:colcon.colcon_core.shell:Creating environment hook '/root/aerostack2_ws/install/as2_keyboard_teleoperation/share/as2_keyboard_teleoperation/hook/ament_prefix_path.ps1'
[5.878s] INFO:colcon.colcon_core.shell:Creating environment descriptor '/root/aerostack2_ws/install/as2_keyboard_teleoperation/share/as2_keyboard_teleoperation/hook/ament_prefix_path.dsv'
[5.879s] INFO:colcon.colcon_core.shell:Creating environment hook '/root/aerostack2_ws/install/as2_keyboard_teleoperation/share/as2_keyboard_teleoperation/hook/ament_prefix_path.sh'
[5.880s] INFO:colcon.colcon_core.shell:Skip shell extension 'powershell' for command environment: Not usable outside of PowerShell
[5.880s] DEBUG:colcon.colcon_core.shell:Skip shell extension 'dsv' for command environment
[5.887s] Level 1:colcon.colcon_core.environment:create_environment_scripts_only(as2_behaviors_swarm_flocking)
[5.887s] Level 1:colcon.colcon_core.environment:checking '/root/aerostack2_ws/install/as2_behaviors_swarm_flocking' for CMake module files
[5.888s] Level 1:colcon.colcon_core.environment:checking '/root/aerostack2_ws/install/as2_behaviors_swarm_flocking' for CMake config files
[5.888s] Level 1:colcon.colcon_core.shell:create_environment_hook('as2_behaviors_swarm_flocking', 'cmake_prefix_path')
[5.888s] INFO:colcon.colcon_core.shell:Creating environment hook '/root/aerostack2_ws/install/as2_behaviors_swarm_flocking/share/as2_behaviors_swarm_flocking/hook/cmake_prefix_path.ps1'
[5.889s] INFO:colcon.colcon_core.shell:Creating environment descriptor '/root/aerostack2_ws/install/as2_behaviors_swarm_flocking/share/as2_behaviors_swarm_flocking/hook/cmake_prefix_path.dsv'
[5.889s] INFO:colcon.colcon_core.shell:Creating environment hook '/root/aerostack2_ws/install/as2_behaviors_swarm_flocking/share/as2_behaviors_swarm_flocking/hook/cmake_prefix_path.sh'
[5.896s] DEBUG:colcon.colcon_core.event_handler.log_command:Invoked command in '/root/aerostack2_ws/build/as2_behaviors_swarm_flocking' returned '0': CMAKE_PREFIX_PATH=/root/aerostack2_ws/install/as2_motion_reference_handlers:/root/aerostack2_ws/install/as2_behavior:/root/aerostack2_ws/install/as2_core:/root/aerostack2_ws/install/as2_msgs:/root/aerostack2_ws/install/rmf_demos_gz_classic:/root/aerostack2_ws/install/rmf_demos_gz:/root/aerostack2_ws/install/rmf_demos:/root/aerostack2_ws/install/rmf_demos_maps:/root/aerostack2_ws/install/aerostack2:/root/aerostack2_ws/install/as2_usb_camera_interface:/root/aerostack2_ws/install/as2_state_estimator:/root/aerostack2_ws/install/as2_rviz_plugins:/root/aerostack2_ws/install/as2_realsense_interface:/root/aerostack2_ws/install/as2_platform_multirotor_simulator:/root/aerostack2_ws/install/as2_platform_gazebo:/root/aerostack2_ws/install/as2_motion_controller:/root/aerostack2_ws/install/as2_behaviors_trajectory_generation:/root/aerostack2_ws/install/as2_behaviors_swarm_flocking:/root/aerostack2_ws/install/as2_behaviors_motion:/root/aerostack2_ws/install/as2_map_server:/root/aerostack2_ws/install/as2_geozones:/root/aerostack2_ws/install/as2_gazebo_assets:/root/aerostack2_ws/install/as2_external_object_to_tf:/root/aerostack2_ws/install/as2_behaviors_platform:/root/aerostack2_ws/install/as2_behaviors_perception:/root/aerostack2_ws/install/as2_behaviors_path_planning:/root/aerostack2_ws/install/as2_behavior_tree:/root/aerostack2_ws/install/as2_alphanumeric_viewer:/root/aerostack2_ws/install/as2_cli:/root/aerostack2_ws/install/rmf_demos_tasks:/root/aerostack2_ws/install/rmf_demos_panel:/root/aerostack2_ws/install/rmf_demos_fleet_adapter:/root/aerostack2_ws/install/rmf_demos_dashboard_resources:/root/aerostack2_ws/install/rmf_demos_bridges:/root/aerostack2_ws/install/rmf_demos_assets:/root/aerostack2_ws/install/as2_visualization:/root/aerostack2_ws/install/as2_keyboard_teleoperation:/root/aerostack2_ws/install/as2_python_api:/root/aerostack2_ws/install/as2_perception:/opt/ros/humble LD_LIBRARY_PATH=/root/aerostack2_ws/install/as2_behavior/lib:/root/aerostack2_ws/install/as2_core/lib:/root/aerostack2_ws/install/as2_msgs/lib:/root/aerostack2_ws/install/as2_state_estimator/lib:/root/aerostack2_ws/install/as2_python_api/lib:/root/aerostack2_ws/install/as2_motion_controller/lib:/root/aerostack2_ws/install/as2_behaviors_trajectory_generation/lib:/root/aerostack2_ws/install/as2_behaviors_swarm_flocking/lib:/root/aerostack2_ws/install/as2_behaviors_motion/lib:/root/aerostack2_ws/install/as2_motion_reference_handlers/lib:/root/aerostack2_ws/install/as2_map_server/lib:/root/aerostack2_ws/install/as2_gazebo_assets/lib:/root/aerostack2_ws/install/as2_behaviors_perception/lib:/root/aerostack2_ws/install/as2_behaviors_path_planning/lib:/root/aerostack2_ws/install/as2_behavior_tree/lib:/opt/ros/humble/opt/rviz_ogre_vendor/lib:/opt/ros/humble/lib/x86_64-linux-gnu:/opt/ros/humble/lib /usr/bin/cmake --install /root/aerostack2_ws/build/as2_behaviors_swarm_flocking
[5.896s] Level 1:colcon.colcon_core.environment:checking '/root/aerostack2_ws/install/as2_behaviors_swarm_flocking/lib'
[5.897s] Level 1:colcon.colcon_core.shell:create_environment_hook('as2_behaviors_swarm_flocking', 'ld_library_path_lib')
[5.897s] INFO:colcon.colcon_core.shell:Creating environment hook '/root/aerostack2_ws/install/as2_behaviors_swarm_flocking/share/as2_behaviors_swarm_flocking/hook/ld_library_path_lib.ps1'
[5.898s] INFO:colcon.colcon_core.shell:Creating environment descriptor '/root/aerostack2_ws/install/as2_behaviors_swarm_flocking/share/as2_behaviors_swarm_flocking/hook/ld_library_path_lib.dsv'
[5.898s] INFO:colcon.colcon_core.shell:Creating environment hook '/root/aerostack2_ws/install/as2_behaviors_swarm_flocking/share/as2_behaviors_swarm_flocking/hook/ld_library_path_lib.sh'
[5.899s] Level 1:colcon.colcon_core.environment:checking '/root/aerostack2_ws/install/as2_behaviors_swarm_flocking/bin'
[5.899s] Level 1:colcon.colcon_core.environment:checking '/root/aerostack2_ws/install/as2_behaviors_swarm_flocking/lib/pkgconfig/as2_behaviors_swarm_flocking.pc'
[5.899s] Level 1:colcon.colcon_core.environment:checking '/root/aerostack2_ws/install/as2_behaviors_swarm_flocking/lib/python3.10/site-packages'
[5.900s] Level 1:colcon.colcon_core.environment:checking '/root/aerostack2_ws/install/as2_behaviors_swarm_flocking/bin'
[5.900s] INFO:colcon.colcon_core.shell:Creating package script '/root/aerostack2_ws/install/as2_behaviors_swarm_flocking/share/as2_behaviors_swarm_flocking/package.ps1'
[5.902s] INFO:colcon.colcon_core.shell:Creating package descriptor '/root/aerostack2_ws/install/as2_behaviors_swarm_flocking/share/as2_behaviors_swarm_flocking/package.dsv'
[5.902s] INFO:colcon.colcon_core.shell:Creating package script '/root/aerostack2_ws/install/as2_behaviors_swarm_flocking/share/as2_behaviors_swarm_flocking/package.sh'
[5.903s] INFO:colcon.colcon_core.shell:Creating package script '/root/aerostack2_ws/install/as2_behaviors_swarm_flocking/share/as2_behaviors_swarm_flocking/package.bash'
[5.903s] INFO:colcon.colcon_core.shell:Creating package script '/root/aerostack2_ws/install/as2_behaviors_swarm_flocking/share/as2_behaviors_swarm_flocking/package.zsh'
[5.904s] Level 1:colcon.colcon_core.environment:create_file_with_runtime_dependencies(/root/aerostack2_ws/install/as2_behaviors_swarm_flocking/share/colcon-core/packages/as2_behaviors_swarm_flocking)
[5.905s] Level 1:colcon.colcon_core.environment:create_environment_scripts_only(as2_behaviors_swarm_flocking)
[5.906s] Level 1:colcon.colcon_core.environment:checking '/root/aerostack2_ws/install/as2_behaviors_swarm_flocking' for CMake module files
[5.907s] Level 1:colcon.colcon_core.environment:checking '/root/aerostack2_ws/install/as2_behaviors_swarm_flocking' for CMake config files
[5.907s] Level 1:colcon.colcon_core.shell:create_environment_hook('as2_behaviors_swarm_flocking', 'cmake_prefix_path')
[5.908s] INFO:colcon.colcon_core.shell:Creating environment hook '/root/aerostack2_ws/install/as2_behaviors_swarm_flocking/share/as2_behaviors_swarm_flocking/hook/cmake_prefix_path.ps1'
[5.909s] INFO:colcon.colcon_core.shell:Creating environment descriptor '/root/aerostack2_ws/install/as2_behaviors_swarm_flocking/share/as2_behaviors_swarm_flocking/hook/cmake_prefix_path.dsv'
[5.909s] INFO:colcon.colcon_core.shell:Creating environment hook '/root/aerostack2_ws/install/as2_behaviors_swarm_flocking/share/as2_behaviors_swarm_flocking/hook/cmake_prefix_path.sh'
[5.910s] Level 1:colcon.colcon_core.environment:checking '/root/aerostack2_ws/install/as2_behaviors_swarm_flocking/lib'
[5.915s] Level 1:colcon.colcon_core.shell:create_environment_hook('as2_behaviors_swarm_flocking', 'ld_library_path_lib')
[5.915s] INFO:colcon.colcon_core.shell:Creating environment hook '/root/aerostack2_ws/install/as2_behaviors_swarm_flocking/share/as2_behaviors_swarm_flocking/hook/ld_library_path_lib.ps1'
[5.916s] INFO:colcon.colcon_core.shell:Creating environment descriptor '/root/aerostack2_ws/install/as2_behaviors_swarm_flocking/share/as2_behaviors_swarm_flocking/hook/ld_library_path_lib.dsv'
[5.916s] INFO:colcon.colcon_core.shell:Creating environment hook '/root/aerostack2_ws/install/as2_behaviors_swarm_flocking/share/as2_behaviors_swarm_flocking/hook/ld_library_path_lib.sh'
[5.916s] Level 1:colcon.colcon_core.environment:checking '/root/aerostack2_ws/install/as2_behaviors_swarm_flocking/bin'
[5.916s] Level 1:colcon.colcon_core.environment:checking '/root/aerostack2_ws/install/as2_behaviors_swarm_flocking/lib/pkgconfig/as2_behaviors_swarm_flocking.pc'
[5.917s] Level 1:colcon.colcon_core.environment:checking '/root/aerostack2_ws/install/as2_behaviors_swarm_flocking/lib/python3.10/site-packages'
[5.917s] Level 1:colcon.colcon_core.environment:checking '/root/aerostack2_ws/install/as2_behaviors_swarm_flocking/bin'
[5.917s] INFO:colcon.colcon_core.shell:Creating package script '/root/aerostack2_ws/install/as2_behaviors_swarm_flocking/share/as2_behaviors_swarm_flocking/package.ps1'
[5.918s] INFO:colcon.colcon_core.shell:Creating package descriptor '/root/aerostack2_ws/install/as2_behaviors_swarm_flocking/share/as2_behaviors_swarm_flocking/package.dsv'
[5.918s] INFO:colcon.colcon_core.shell:Creating package script '/root/aerostack2_ws/install/as2_behaviors_swarm_flocking/share/as2_behaviors_swarm_flocking/package.sh'
[5.919s] INFO:colcon.colcon_core.shell:Creating package script '/root/aerostack2_ws/install/as2_behaviors_swarm_flocking/share/as2_behaviors_swarm_flocking/package.bash'
[5.920s] INFO:colcon.colcon_core.shell:Creating package script '/root/aerostack2_ws/install/as2_behaviors_swarm_flocking/share/as2_behaviors_swarm_flocking/package.zsh'
[5.921s] Level 1:colcon.colcon_core.environment:create_file_with_runtime_dependencies(/root/aerostack2_ws/install/as2_behaviors_swarm_flocking/share/colcon-core/packages/as2_behaviors_swarm_flocking)
[6.126s] INFO:colcon.colcon_core.task.python.build:Building Python package in '/root/aerostack2_ws/src/aerostack2/as2_user_interfaces/as2_keyboard_teleoperation'
[6.127s] INFO:colcon.colcon_core.shell:Skip shell extension 'powershell' for command environment: Not usable outside of PowerShell
[6.127s] DEBUG:colcon.colcon_core.shell:Skip shell extension 'dsv' for command environment
[6.132s] Level 1:colcon.colcon_core.environment:checking '/root/aerostack2_ws/install/as2_visualization' for CMake module files
[6.133s] DEBUG:colcon.colcon_core.event_handler.log_command:Invoked command in '/root/aerostack2_ws/src/aerostack2/as2_user_interfaces/as2_visualization/as2_visualization' returned '0': CMAKE_PREFIX_PATH=/root/aerostack2_ws/install/as2_gazebo_assets:/root/aerostack2_ws/install/as2_core:/root/aerostack2_ws/install/as2_msgs:/root/aerostack2_ws/install/rmf_demos_gz_classic:/root/aerostack2_ws/install/rmf_demos_gz:/root/aerostack2_ws/install/rmf_demos:/root/aerostack2_ws/install/rmf_demos_maps:/root/aerostack2_ws/install/aerostack2:/root/aerostack2_ws/install/as2_usb_camera_interface:/root/aerostack2_ws/install/as2_state_estimator:/root/aerostack2_ws/install/as2_rviz_plugins:/root/aerostack2_ws/install/as2_realsense_interface:/root/aerostack2_ws/install/as2_platform_multirotor_simulator:/root/aerostack2_ws/install/as2_platform_gazebo:/root/aerostack2_ws/install/as2_motion_controller:/root/aerostack2_ws/install/as2_behaviors_trajectory_generation:/root/aerostack2_ws/install/as2_behaviors_swarm_flocking:/root/aerostack2_ws/install/as2_behaviors_motion:/root/aerostack2_ws/install/as2_motion_reference_handlers:/root/aerostack2_ws/install/as2_map_server:/root/aerostack2_ws/install/as2_geozones:/root/aerostack2_ws/install/as2_external_object_to_tf:/root/aerostack2_ws/install/as2_behaviors_platform:/root/aerostack2_ws/install/as2_behaviors_perception:/root/aerostack2_ws/install/as2_behaviors_path_planning:/root/aerostack2_ws/install/as2_behavior_tree:/root/aerostack2_ws/install/as2_behavior:/root/aerostack2_ws/install/as2_alphanumeric_viewer:/root/aerostack2_ws/install/as2_cli GZ_SIM_RESOURCE_PATH=/root/aerostack2_ws/install/as2_gazebo_assets/share/as2_ign_gazebo_assets/worlds:/root/aerostack2_ws/install/as2_gazebo_assets/share/as2_ign_gazebo_assets/models:${GZ_SIM_RESOURCE_PATH} GZ_VERSION=@GZ_VERSION@ LD_LIBRARY_PATH=/root/aerostack2_ws/install/as2_gazebo_assets/lib:/root/aerostack2_ws/install/as2_core/lib:/root/aerostack2_ws/install/as2_msgs/lib:/root/aerostack2_ws/install/as2_state_estimator/lib:/root/aerostack2_ws/install/as2_python_api/lib:/root/aerostack2_ws/install/as2_motion_controller/lib:/root/aerostack2_ws/install/as2_behaviors_trajectory_generation/lib:/root/aerostack2_ws/install/as2_behaviors_swarm_flocking/lib:/root/aerostack2_ws/install/as2_behaviors_motion/lib:/root/aerostack2_ws/install/as2_motion_reference_handlers/lib:/root/aerostack2_ws/install/as2_map_server/lib:/root/aerostack2_ws/install/as2_behaviors_perception/lib:/root/aerostack2_ws/install/as2_behaviors_path_planning/lib:/root/aerostack2_ws/install/as2_behavior_tree/lib:/root/aerostack2_ws/install/as2_behavior/lib:/opt/ros/humble/opt/rviz_ogre_vendor/lib:/opt/ros/humble/lib/x86_64-linux-gnu:/opt/ros/humble/lib PYTHONPATH=/root/aerostack2_ws/build/as2_visualization/prefix_override:/usr/lib/python3/dist-packages/colcon_core/task/python/colcon_distutils_commands:/root/aerostack2_ws/install/as2_visualization/lib/python3.10/site-packages:${PYTHONPATH} /usr/bin/python3 -W ignore:setup.py install is deprecated -W ignore:easy_install command is deprecated setup.py egg_info --egg-base ../../../../../build/as2_visualization build --build-base /root/aerostack2_ws/build/as2_visualization/build install --record /root/aerostack2_ws/build/as2_visualization/install.log --single-version-externally-managed install_data
[6.133s] Level 1:colcon.colcon_core.environment:checking '/root/aerostack2_ws/install/as2_visualization' for CMake config files
[6.133s] Level 1:colcon.colcon_core.environment:checking '/root/aerostack2_ws/install/as2_visualization/lib'
[6.134s] Level 1:colcon.colcon_core.environment:checking '/root/aerostack2_ws/install/as2_visualization/bin'
[6.134s] Level 1:colcon.colcon_core.environment:checking '/root/aerostack2_ws/install/as2_visualization/lib/pkgconfig/as2_visualization.pc'
[6.134s] Level 1:colcon.colcon_core.environment:checking '/root/aerostack2_ws/install/as2_visualization/lib/python3.10/site-packages'
[6.134s] Level 1:colcon.colcon_core.shell:create_environment_hook('as2_visualization', 'pythonpath')
[6.134s] INFO:colcon.colcon_core.shell:Creating environment hook '/root/aerostack2_ws/install/as2_visualization/share/as2_visualization/hook/pythonpath.ps1'
[6.134s] INFO:colcon.colcon_core.shell:Creating environment descriptor '/root/aerostack2_ws/install/as2_visualization/share/as2_visualization/hook/pythonpath.dsv'
[6.135s] INFO:colcon.colcon_core.shell:Creating environment hook '/root/aerostack2_ws/install/as2_visualization/share/as2_visualization/hook/pythonpath.sh'
[6.135s] Level 1:colcon.colcon_core.environment:checking '/root/aerostack2_ws/install/as2_visualization/bin'
[6.135s] Level 1:colcon.colcon_core.environment:create_environment_scripts_only(as2_visualization)
[6.135s] INFO:colcon.colcon_core.shell:Creating package script '/root/aerostack2_ws/install/as2_visualization/share/as2_visualization/package.ps1'
[6.136s] INFO:colcon.colcon_core.shell:Creating package descriptor '/root/aerostack2_ws/install/as2_visualization/share/as2_visualization/package.dsv'
[6.136s] INFO:colcon.colcon_core.shell:Creating package script '/root/aerostack2_ws/install/as2_visualization/share/as2_visualization/package.sh'
[6.136s] INFO:colcon.colcon_core.shell:Creating package script '/root/aerostack2_ws/install/as2_visualization/share/as2_visualization/package.bash'
[6.136s] INFO:colcon.colcon_core.shell:Creating package script '/root/aerostack2_ws/install/as2_visualization/share/as2_visualization/package.zsh'
[6.136s] Level 1:colcon.colcon_core.environment:create_file_with_runtime_dependencies(/root/aerostack2_ws/install/as2_visualization/share/colcon-core/packages/as2_visualization)
[6.422s] DEBUG:colcon.colcon_core.event_handler.log_command:Invoking command in '/root/aerostack2_ws/src/aerostack2/as2_user_interfaces/as2_keyboard_teleoperation': AMENT_PREFIX_PATH=/root/aerostack2_ws/install/as2_python_api:/root/aerostack2_ws/install/rmf_demos_gz_classic:/root/aerostack2_ws/install/rmf_demos_gz:/root/aerostack2_ws/install/rmf_demos:/root/aerostack2_ws/install/rmf_demos_tasks:/root/aerostack2_ws/install/rmf_demos_panel:/root/aerostack2_ws/install/rmf_demos_maps:/root/aerostack2_ws/install/rmf_demos_fleet_adapter:/root/aerostack2_ws/install/rmf_demos_dashboard_resources:/root/aerostack2_ws/install/rmf_demos_bridges:/root/aerostack2_ws/install/rmf_demos_assets:/root/aerostack2_ws/install/aerostack2:/root/aerostack2_ws/install/as2_visualization:/root/aerostack2_ws/install/as2_usb_camera_interface:/root/aerostack2_ws/install/as2_state_estimator:/root/aerostack2_ws/install/as2_rviz_plugins:/root/aerostack2_ws/install/as2_realsense_interface:/root/aerostack2_ws/install/as2_keyboard_teleoperation:/root/aerostack2_ws/install/as2_platform_multirotor_simulator:/root/aerostack2_ws/install/as2_platform_gazebo:/root/aerostack2_ws/install/as2_perception:/root/aerostack2_ws/install/as2_motion_controller:/root/aerostack2_ws/install/as2_behaviors_trajectory_generation:/root/aerostack2_ws/install/as2_behaviors_swarm_flocking:/root/aerostack2_ws/install/as2_behaviors_motion:/root/aerostack2_ws/install/as2_motion_reference_handlers:/root/aerostack2_ws/install/as2_map_server:/root/aerostack2_ws/install/as2_geozones:/root/aerostack2_ws/install/as2_gazebo_assets:/root/aerostack2_ws/install/as2_external_object_to_tf:/root/aerostack2_ws/install/as2_behaviors_platform:/root/aerostack2_ws/install/as2_behaviors_perception:/root/aerostack2_ws/install/as2_behaviors_path_planning:/root/aerostack2_ws/install/as2_behavior_tree:/root/aerostack2_ws/install/as2_behavior:/root/aerostack2_ws/install/as2_alphanumeric_viewer:/root/aerostack2_ws/install/as2_core:/root/aerostack2_ws/install/as2_msgs:/root/aerostack2_ws/install/as2_cli:/opt/ros/humble CMAKE_PREFIX_PATH=/root/aerostack2_ws/install/as2_motion_reference_handlers:/root/aerostack2_ws/install/as2_core:/root/aerostack2_ws/install/as2_msgs:/root/aerostack2_ws/install/rmf_demos_gz_classic:/root/aerostack2_ws/install/rmf_demos_gz:/root/aerostack2_ws/install/rmf_demos:/root/aerostack2_ws/install/rmf_demos_maps:/root/aerostack2_ws/install/aerostack2:/root/aerostack2_ws/install/as2_usb_camera_interface:/root/aerostack2_ws/install/as2_state_estimator:/root/aerostack2_ws/install/as2_rviz_plugins:/root/aerostack2_ws/install/as2_realsense_interface:/root/aerostack2_ws/install/as2_platform_multirotor_simulator:/root/aerostack2_ws/install/as2_platform_gazebo:/root/aerostack2_ws/install/as2_motion_controller:/root/aerostack2_ws/install/as2_behaviors_trajectory_generation:/root/aerostack2_ws/install/as2_behaviors_swarm_flocking:/root/aerostack2_ws/install/as2_behaviors_motion:/root/aerostack2_ws/install/as2_map_server:/root/aerostack2_ws/install/as2_geozones:/root/aerostack2_ws/install/as2_gazebo_assets:/root/aerostack2_ws/install/as2_external_object_to_tf:/root/aerostack2_ws/install/as2_behaviors_platform:/root/aerostack2_ws/install/as2_behaviors_perception:/root/aerostack2_ws/install/as2_behaviors_path_planning:/root/aerostack2_ws/install/as2_behavior_tree:/root/aerostack2_ws/install/as2_behavior:/root/aerostack2_ws/install/as2_alphanumeric_viewer:/root/aerostack2_ws/install/as2_cli LD_LIBRARY_PATH=/root/aerostack2_ws/install/as2_core/lib:/root/aerostack2_ws/install/as2_msgs/lib:/root/aerostack2_ws/install/as2_state_estimator/lib:/root/aerostack2_ws/install/as2_python_api/lib:/root/aerostack2_ws/install/as2_motion_controller/lib:/root/aerostack2_ws/install/as2_behaviors_trajectory_generation/lib:/root/aerostack2_ws/install/as2_behaviors_swarm_flocking/lib:/root/aerostack2_ws/install/as2_behaviors_motion/lib:/root/aerostack2_ws/install/as2_motion_reference_handlers/lib:/root/aerostack2_ws/install/as2_map_server/lib:/root/aerostack2_ws/install/as2_gazebo_assets/lib:/root/aerostack2_ws/install/as2_behaviors_perception/lib:/root/aerostack2_ws/install/as2_behaviors_path_planning/lib:/root/aerostack2_ws/install/as2_behavior_tree/lib:/root/aerostack2_ws/install/as2_behavior/lib:/opt/ros/humble/opt/rviz_ogre_vendor/lib:/opt/ros/humble/lib/x86_64-linux-gnu:/opt/ros/humble/lib PYTHONPATH=/root/aerostack2_ws/build/as2_keyboard_teleoperation/prefix_override:/usr/lib/python3/dist-packages/colcon_core/task/python/colcon_distutils_commands:/root/aerostack2_ws/install/as2_keyboard_teleoperation/lib/python3.10/site-packages:/root/aerostack2_ws/install/as2_python_api/lib/python3.10/site-packages:/root/aerostack2_ws/install/rmf_demos_tasks/lib/python3.10/site-packages:/root/aerostack2_ws/install/rmf_demos_panel/lib/python3.10/site-packages:/root/aerostack2_ws/install/rmf_demos_fleet_adapter/lib/python3.10/site-packages:/root/aerostack2_ws/install/rmf_demos_bridges/lib/python3.10/site-packages:/root/aerostack2_ws/install/as2_visualization/lib/python3.10/site-packages:/root/aerostack2_ws/install/as2_keyboard_teleoperation/lib/python3.10/site-packages:/root/aerostack2_ws/install/as2_perception/lib/python3.10/site-packages:/root/aerostack2_ws/install/as2_motion_reference_handlers/local/lib/python3.10/dist-packages:/root/aerostack2_ws/install/as2_gazebo_assets/local/lib/python3.10/dist-packages:/root/aerostack2_ws/install/as2_core/local/lib/python3.10/dist-packages:/root/aerostack2_ws/install/as2_msgs/local/lib/python3.10/dist-packages:/opt/ros/humble/lib/python3.10/site-packages:/opt/ros/humble/local/lib/python3.10/dist-packages /usr/bin/python3 -W ignore:setup.py install is deprecated -W ignore:easy_install command is deprecated setup.py egg_info --egg-base ../../../../build/as2_keyboard_teleoperation build --build-base /root/aerostack2_ws/build/as2_keyboard_teleoperation/build install --record /root/aerostack2_ws/build/as2_keyboard_teleoperation/install.log --single-version-externally-managed install_data
[6.633s] Level 1:colcon.colcon_core.environment:checking '/root/aerostack2_ws/install/as2_keyboard_teleoperation' for CMake module files
[6.634s] DEBUG:colcon.colcon_core.event_handler.log_command:Invoked command in '/root/aerostack2_ws/src/aerostack2/as2_user_interfaces/as2_keyboard_teleoperation' returned '0': AMENT_PREFIX_PATH=/root/aerostack2_ws/install/as2_python_api:/root/aerostack2_ws/install/rmf_demos_gz_classic:/root/aerostack2_ws/install/rmf_demos_gz:/root/aerostack2_ws/install/rmf_demos:/root/aerostack2_ws/install/rmf_demos_tasks:/root/aerostack2_ws/install/rmf_demos_panel:/root/aerostack2_ws/install/rmf_demos_maps:/root/aerostack2_ws/install/rmf_demos_fleet_adapter:/root/aerostack2_ws/install/rmf_demos_dashboard_resources:/root/aerostack2_ws/install/rmf_demos_bridges:/root/aerostack2_ws/install/rmf_demos_assets:/root/aerostack2_ws/install/aerostack2:/root/aerostack2_ws/install/as2_visualization:/root/aerostack2_ws/install/as2_usb_camera_interface:/root/aerostack2_ws/install/as2_state_estimator:/root/aerostack2_ws/install/as2_rviz_plugins:/root/aerostack2_ws/install/as2_realsense_interface:/root/aerostack2_ws/install/as2_keyboard_teleoperation:/root/aerostack2_ws/install/as2_platform_multirotor_simulator:/root/aerostack2_ws/install/as2_platform_gazebo:/root/aerostack2_ws/install/as2_perception:/root/aerostack2_ws/install/as2_motion_controller:/root/aerostack2_ws/install/as2_behaviors_trajectory_generation:/root/aerostack2_ws/install/as2_behaviors_swarm_flocking:/root/aerostack2_ws/install/as2_behaviors_motion:/root/aerostack2_ws/install/as2_motion_reference_handlers:/root/aerostack2_ws/install/as2_map_server:/root/aerostack2_ws/install/as2_geozones:/root/aerostack2_ws/install/as2_gazebo_assets:/root/aerostack2_ws/install/as2_external_object_to_tf:/root/aerostack2_ws/install/as2_behaviors_platform:/root/aerostack2_ws/install/as2_behaviors_perception:/root/aerostack2_ws/install/as2_behaviors_path_planning:/root/aerostack2_ws/install/as2_behavior_tree:/root/aerostack2_ws/install/as2_behavior:/root/aerostack2_ws/install/as2_alphanumeric_viewer:/root/aerostack2_ws/install/as2_core:/root/aerostack2_ws/install/as2_msgs:/root/aerostack2_ws/install/as2_cli:/opt/ros/humble CMAKE_PREFIX_PATH=/root/aerostack2_ws/install/as2_motion_reference_handlers:/root/aerostack2_ws/install/as2_core:/root/aerostack2_ws/install/as2_msgs:/root/aerostack2_ws/install/rmf_demos_gz_classic:/root/aerostack2_ws/install/rmf_demos_gz:/root/aerostack2_ws/install/rmf_demos:/root/aerostack2_ws/install/rmf_demos_maps:/root/aerostack2_ws/install/aerostack2:/root/aerostack2_ws/install/as2_usb_camera_interface:/root/aerostack2_ws/install/as2_state_estimator:/root/aerostack2_ws/install/as2_rviz_plugins:/root/aerostack2_ws/install/as2_realsense_interface:/root/aerostack2_ws/install/as2_platform_multirotor_simulator:/root/aerostack2_ws/install/as2_platform_gazebo:/root/aerostack2_ws/install/as2_motion_controller:/root/aerostack2_ws/install/as2_behaviors_trajectory_generation:/root/aerostack2_ws/install/as2_behaviors_swarm_flocking:/root/aerostack2_ws/install/as2_behaviors_motion:/root/aerostack2_ws/install/as2_map_server:/root/aerostack2_ws/install/as2_geozones:/root/aerostack2_ws/install/as2_gazebo_assets:/root/aerostack2_ws/install/as2_external_object_to_tf:/root/aerostack2_ws/install/as2_behaviors_platform:/root/aerostack2_ws/install/as2_behaviors_perception:/root/aerostack2_ws/install/as2_behaviors_path_planning:/root/aerostack2_ws/install/as2_behavior_tree:/root/aerostack2_ws/install/as2_behavior:/root/aerostack2_ws/install/as2_alphanumeric_viewer:/root/aerostack2_ws/install/as2_cli LD_LIBRARY_PATH=/root/aerostack2_ws/install/as2_core/lib:/root/aerostack2_ws/install/as2_msgs/lib:/root/aerostack2_ws/install/as2_state_estimator/lib:/root/aerostack2_ws/install/as2_python_api/lib:/root/aerostack2_ws/install/as2_motion_controller/lib:/root/aerostack2_ws/install/as2_behaviors_trajectory_generation/lib:/root/aerostack2_ws/install/as2_behaviors_swarm_flocking/lib:/root/aerostack2_ws/install/as2_behaviors_motion/lib:/root/aerostack2_ws/install/as2_motion_reference_handlers/lib:/root/aerostack2_ws/install/as2_map_server/lib:/root/aerostack2_ws/install/as2_gazebo_assets/lib:/root/aerostack2_ws/install/as2_behaviors_perception/lib:/root/aerostack2_ws/install/as2_behaviors_path_planning/lib:/root/aerostack2_ws/install/as2_behavior_tree/lib:/root/aerostack2_ws/install/as2_behavior/lib:/opt/ros/humble/opt/rviz_ogre_vendor/lib:/opt/ros/humble/lib/x86_64-linux-gnu:/opt/ros/humble/lib PYTHONPATH=/root/aerostack2_ws/build/as2_keyboard_teleoperation/prefix_override:/usr/lib/python3/dist-packages/colcon_core/task/python/colcon_distutils_commands:/root/aerostack2_ws/install/as2_keyboard_teleoperation/lib/python3.10/site-packages:/root/aerostack2_ws/install/as2_python_api/lib/python3.10/site-packages:/root/aerostack2_ws/install/rmf_demos_tasks/lib/python3.10/site-packages:/root/aerostack2_ws/install/rmf_demos_panel/lib/python3.10/site-packages:/root/aerostack2_ws/install/rmf_demos_fleet_adapter/lib/python3.10/site-packages:/root/aerostack2_ws/install/rmf_demos_bridges/lib/python3.10/site-packages:/root/aerostack2_ws/install/as2_visualization/lib/python3.10/site-packages:/root/aerostack2_ws/install/as2_keyboard_teleoperation/lib/python3.10/site-packages:/root/aerostack2_ws/install/as2_perception/lib/python3.10/site-packages:/root/aerostack2_ws/install/as2_motion_reference_handlers/local/lib/python3.10/dist-packages:/root/aerostack2_ws/install/as2_gazebo_assets/local/lib/python3.10/dist-packages:/root/aerostack2_ws/install/as2_core/local/lib/python3.10/dist-packages:/root/aerostack2_ws/install/as2_msgs/local/lib/python3.10/dist-packages:/opt/ros/humble/lib/python3.10/site-packages:/opt/ros/humble/local/lib/python3.10/dist-packages /usr/bin/python3 -W ignore:setup.py install is deprecated -W ignore:easy_install command is deprecated setup.py egg_info --egg-base ../../../../build/as2_keyboard_teleoperation build --build-base /root/aerostack2_ws/build/as2_keyboard_teleoperation/build install --record /root/aerostack2_ws/build/as2_keyboard_teleoperation/install.log --single-version-externally-managed install_data
[6.634s] Level 1:colcon.colcon_core.environment:checking '/root/aerostack2_ws/install/as2_keyboard_teleoperation' for CMake config files
[6.635s] Level 1:colcon.colcon_core.environment:checking '/root/aerostack2_ws/install/as2_keyboard_teleoperation/lib'
[6.635s] Level 1:colcon.colcon_core.environment:checking '/root/aerostack2_ws/install/as2_keyboard_teleoperation/bin'
[6.635s] Level 1:colcon.colcon_core.environment:checking '/root/aerostack2_ws/install/as2_keyboard_teleoperation/lib/pkgconfig/as2_keyboard_teleoperation.pc'
[6.635s] Level 1:colcon.colcon_core.environment:checking '/root/aerostack2_ws/install/as2_keyboard_teleoperation/lib/python3.10/site-packages'
[6.635s] Level 1:colcon.colcon_core.shell:create_environment_hook('as2_keyboard_teleoperation', 'pythonpath')
[6.636s] INFO:colcon.colcon_core.shell:Creating environment hook '/root/aerostack2_ws/install/as2_keyboard_teleoperation/share/as2_keyboard_teleoperation/hook/pythonpath.ps1'
[6.636s] INFO:colcon.colcon_core.shell:Creating environment descriptor '/root/aerostack2_ws/install/as2_keyboard_teleoperation/share/as2_keyboard_teleoperation/hook/pythonpath.dsv'
[6.636s] INFO:colcon.colcon_core.shell:Creating environment hook '/root/aerostack2_ws/install/as2_keyboard_teleoperation/share/as2_keyboard_teleoperation/hook/pythonpath.sh'
[6.637s] Level 1:colcon.colcon_core.environment:checking '/root/aerostack2_ws/install/as2_keyboard_teleoperation/bin'
[6.637s] Level 1:colcon.colcon_core.environment:create_environment_scripts_only(as2_keyboard_teleoperation)
[6.637s] INFO:colcon.colcon_core.shell:Creating package script '/root/aerostack2_ws/install/as2_keyboard_teleoperation/share/as2_keyboard_teleoperation/package.ps1'
[6.637s] INFO:colcon.colcon_core.shell:Creating package descriptor '/root/aerostack2_ws/install/as2_keyboard_teleoperation/share/as2_keyboard_teleoperation/package.dsv'
[6.638s] INFO:colcon.colcon_core.shell:Creating package script '/root/aerostack2_ws/install/as2_keyboard_teleoperation/share/as2_keyboard_teleoperation/package.sh'
[6.638s] INFO:colcon.colcon_core.shell:Creating package script '/root/aerostack2_ws/install/as2_keyboard_teleoperation/share/as2_keyboard_teleoperation/package.bash'
[6.638s] INFO:colcon.colcon_core.shell:Creating package script '/root/aerostack2_ws/install/as2_keyboard_teleoperation/share/as2_keyboard_teleoperation/package.zsh'
[6.638s] Level 1:colcon.colcon_core.environment:create_file_with_runtime_dependencies(/root/aerostack2_ws/install/as2_keyboard_teleoperation/share/colcon-core/packages/as2_keyboard_teleoperation)
[6.638s] INFO:colcon.colcon_ros.task.ament_cmake.build:Building ROS package in '/root/aerostack2_ws/src/aerostack2/aerostack2' with build type 'ament_cmake'
[6.639s] INFO:colcon.colcon_cmake.task.cmake.build:Building CMake package in '/root/aerostack2_ws/src/aerostack2/aerostack2'
[6.639s] INFO:colcon.colcon_core.shell:Skip shell extension 'powershell' for command environment: Not usable outside of PowerShell
[6.639s] DEBUG:colcon.colcon_core.shell:Skip shell extension 'dsv' for command environment
[6.675s] DEBUG:colcon.colcon_core.event_handler.log_command:Invoking command in '/root/aerostack2_ws/build/aerostack2': AMENT_PREFIX_PATH=/root/aerostack2_ws/install/as2_keyboard_teleoperation:/root/aerostack2_ws/install/as2_visualization:/root/aerostack2_ws/install/as2_python_api:/root/aerostack2_ws/install/rmf_demos_gz_classic:/root/aerostack2_ws/install/rmf_demos_gz:/root/aerostack2_ws/install/rmf_demos:/root/aerostack2_ws/install/rmf_demos_tasks:/root/aerostack2_ws/install/rmf_demos_panel:/root/aerostack2_ws/install/rmf_demos_maps:/root/aerostack2_ws/install/rmf_demos_fleet_adapter:/root/aerostack2_ws/install/rmf_demos_dashboard_resources:/root/aerostack2_ws/install/rmf_demos_bridges:/root/aerostack2_ws/install/rmf_demos_assets:/root/aerostack2_ws/install/aerostack2:/root/aerostack2_ws/install/as2_usb_camera_interface:/root/aerostack2_ws/install/as2_state_estimator:/root/aerostack2_ws/install/as2_rviz_plugins:/root/aerostack2_ws/install/as2_realsense_interface:/root/aerostack2_ws/install/as2_platform_multirotor_simulator:/root/aerostack2_ws/install/as2_platform_gazebo:/root/aerostack2_ws/install/as2_perception:/root/aerostack2_ws/install/as2_motion_controller:/root/aerostack2_ws/install/as2_behaviors_trajectory_generation:/root/aerostack2_ws/install/as2_behaviors_swarm_flocking:/root/aerostack2_ws/install/as2_behaviors_motion:/root/aerostack2_ws/install/as2_motion_reference_handlers:/root/aerostack2_ws/install/as2_map_server:/root/aerostack2_ws/install/as2_geozones:/root/aerostack2_ws/install/as2_gazebo_assets:/root/aerostack2_ws/install/as2_external_object_to_tf:/root/aerostack2_ws/install/as2_behaviors_platform:/root/aerostack2_ws/install/as2_behaviors_perception:/root/aerostack2_ws/install/as2_behaviors_path_planning:/root/aerostack2_ws/install/as2_behavior_tree:/root/aerostack2_ws/install/as2_behavior:/root/aerostack2_ws/install/as2_alphanumeric_viewer:/root/aerostack2_ws/install/as2_core:/root/aerostack2_ws/install/as2_msgs:/root/aerostack2_ws/install/as2_cli:/opt/ros/humble CMAKE_PREFIX_PATH=/root/aerostack2_ws/install/as2_rviz_plugins:/root/aerostack2_ws/install/as2_platform_gazebo:/root/aerostack2_ws/install/as2_motion_controller:/root/aerostack2_ws/install/as2_behaviors_trajectory_generation:/root/aerostack2_ws/install/as2_behaviors_platform:/root/aerostack2_ws/install/as2_behaviors_perception:/root/aerostack2_ws/install/as2_behaviors_path_planning:/root/aerostack2_ws/install/as2_behaviors_motion:/root/aerostack2_ws/install/as2_usb_camera_interface:/root/aerostack2_ws/install/as2_state_estimator:/root/aerostack2_ws/install/as2_realsense_interface:/root/aerostack2_ws/install/as2_platform_multirotor_simulator:/root/aerostack2_ws/install/as2_motion_reference_handlers:/root/aerostack2_ws/install/as2_map_server:/root/aerostack2_ws/install/as2_geozones:/root/aerostack2_ws/install/as2_gazebo_assets:/root/aerostack2_ws/install/as2_external_object_to_tf:/root/aerostack2_ws/install/as2_behavior_tree:/root/aerostack2_ws/install/as2_behavior:/root/aerostack2_ws/install/as2_alphanumeric_viewer:/root/aerostack2_ws/install/as2_core:/root/aerostack2_ws/install/as2_msgs:/root/aerostack2_ws/install/as2_cli:/root/aerostack2_ws/install/rmf_demos_gz_classic:/root/aerostack2_ws/install/rmf_demos_gz:/root/aerostack2_ws/install/rmf_demos:/root/aerostack2_ws/install/rmf_demos_maps:/root/aerostack2_ws/install/aerostack2:/root/aerostack2_ws/install/as2_behaviors_swarm_flocking:/root/aerostack2_ws/install/rmf_demos_tasks:/root/aerostack2_ws/install/rmf_demos_panel:/root/aerostack2_ws/install/rmf_demos_fleet_adapter:/root/aerostack2_ws/install/rmf_demos_dashboard_resources:/root/aerostack2_ws/install/rmf_demos_bridges:/root/aerostack2_ws/install/rmf_demos_assets:/root/aerostack2_ws/install/as2_visualization:/root/aerostack2_ws/install/as2_keyboard_teleoperation:/root/aerostack2_ws/install/as2_python_api:/root/aerostack2_ws/install/as2_perception:/opt/ros/humble GZ_SIM_RESOURCE_PATH=/root/aerostack2_ws/install/as2_gazebo_assets/share/as2_ign_gazebo_assets/worlds:/root/aerostack2_ws/install/as2_gazebo_assets/share/as2_ign_gazebo_assets/models:${GZ_SIM_RESOURCE_PATH} GZ_VERSION=@GZ_VERSION@ LD_LIBRARY_PATH=/root/aerostack2_ws/install/as2_motion_controller/lib:/root/aerostack2_ws/install/as2_behaviors_trajectory_generation/lib:/root/aerostack2_ws/install/as2_behaviors_perception/lib:/root/aerostack2_ws/install/as2_behaviors_path_planning/lib:/root/aerostack2_ws/install/as2_behaviors_motion/lib:/root/aerostack2_ws/install/as2_state_estimator/lib:/root/aerostack2_ws/install/as2_map_server/lib:/root/aerostack2_ws/install/as2_gazebo_assets/lib:/root/aerostack2_ws/install/as2_behavior_tree/lib:/root/aerostack2_ws/install/as2_behavior/lib:/root/aerostack2_ws/install/as2_core/lib:/root/aerostack2_ws/install/as2_msgs/lib:/root/aerostack2_ws/install/as2_python_api/lib:/root/aerostack2_ws/install/as2_behaviors_swarm_flocking/lib:/root/aerostack2_ws/install/as2_motion_reference_handlers/lib:/opt/ros/humble/opt/rviz_ogre_vendor/lib:/opt/ros/humble/lib/x86_64-linux-gnu:/opt/ros/humble/lib PYTHONPATH=/root/aerostack2_ws/install/as2_keyboard_teleoperation/lib/python3.10/site-packages:/root/aerostack2_ws/install/as2_visualization/lib/python3.10/site-packages:/root/aerostack2_ws/install/as2_python_api/lib/python3.10/site-packages:/root/aerostack2_ws/install/rmf_demos_tasks/lib/python3.10/site-packages:/root/aerostack2_ws/install/rmf_demos_panel/lib/python3.10/site-packages:/root/aerostack2_ws/install/rmf_demos_fleet_adapter/lib/python3.10/site-packages:/root/aerostack2_ws/install/rmf_demos_bridges/lib/python3.10/site-packages:/root/aerostack2_ws/install/as2_perception/lib/python3.10/site-packages:/root/aerostack2_ws/install/as2_motion_reference_handlers/local/lib/python3.10/dist-packages:/root/aerostack2_ws/install/as2_gazebo_assets/local/lib/python3.10/dist-packages:/root/aerostack2_ws/install/as2_core/local/lib/python3.10/dist-packages:/root/aerostack2_ws/install/as2_msgs/local/lib/python3.10/dist-packages:/opt/ros/humble/lib/python3.10/site-packages:/opt/ros/humble/local/lib/python3.10/dist-packages /usr/bin/cmake --build /root/aerostack2_ws/build/aerostack2 -- -j8 -l8
[6.705s] DEBUG:colcon.colcon_core.event_handler.log_command:Invoked command in '/root/aerostack2_ws/build/aerostack2' returned '0': AMENT_PREFIX_PATH=/root/aerostack2_ws/install/as2_keyboard_teleoperation:/root/aerostack2_ws/install/as2_visualization:/root/aerostack2_ws/install/as2_python_api:/root/aerostack2_ws/install/rmf_demos_gz_classic:/root/aerostack2_ws/install/rmf_demos_gz:/root/aerostack2_ws/install/rmf_demos:/root/aerostack2_ws/install/rmf_demos_tasks:/root/aerostack2_ws/install/rmf_demos_panel:/root/aerostack2_ws/install/rmf_demos_maps:/root/aerostack2_ws/install/rmf_demos_fleet_adapter:/root/aerostack2_ws/install/rmf_demos_dashboard_resources:/root/aerostack2_ws/install/rmf_demos_bridges:/root/aerostack2_ws/install/rmf_demos_assets:/root/aerostack2_ws/install/aerostack2:/root/aerostack2_ws/install/as2_usb_camera_interface:/root/aerostack2_ws/install/as2_state_estimator:/root/aerostack2_ws/install/as2_rviz_plugins:/root/aerostack2_ws/install/as2_realsense_interface:/root/aerostack2_ws/install/as2_platform_multirotor_simulator:/root/aerostack2_ws/install/as2_platform_gazebo:/root/aerostack2_ws/install/as2_perception:/root/aerostack2_ws/install/as2_motion_controller:/root/aerostack2_ws/install/as2_behaviors_trajectory_generation:/root/aerostack2_ws/install/as2_behaviors_swarm_flocking:/root/aerostack2_ws/install/as2_behaviors_motion:/root/aerostack2_ws/install/as2_motion_reference_handlers:/root/aerostack2_ws/install/as2_map_server:/root/aerostack2_ws/install/as2_geozones:/root/aerostack2_ws/install/as2_gazebo_assets:/root/aerostack2_ws/install/as2_external_object_to_tf:/root/aerostack2_ws/install/as2_behaviors_platform:/root/aerostack2_ws/install/as2_behaviors_perception:/root/aerostack2_ws/install/as2_behaviors_path_planning:/root/aerostack2_ws/install/as2_behavior_tree:/root/aerostack2_ws/install/as2_behavior:/root/aerostack2_ws/install/as2_alphanumeric_viewer:/root/aerostack2_ws/install/as2_core:/root/aerostack2_ws/install/as2_msgs:/root/aerostack2_ws/install/as2_cli:/opt/ros/humble CMAKE_PREFIX_PATH=/root/aerostack2_ws/install/as2_rviz_plugins:/root/aerostack2_ws/install/as2_platform_gazebo:/root/aerostack2_ws/install/as2_motion_controller:/root/aerostack2_ws/install/as2_behaviors_trajectory_generation:/root/aerostack2_ws/install/as2_behaviors_platform:/root/aerostack2_ws/install/as2_behaviors_perception:/root/aerostack2_ws/install/as2_behaviors_path_planning:/root/aerostack2_ws/install/as2_behaviors_motion:/root/aerostack2_ws/install/as2_usb_camera_interface:/root/aerostack2_ws/install/as2_state_estimator:/root/aerostack2_ws/install/as2_realsense_interface:/root/aerostack2_ws/install/as2_platform_multirotor_simulator:/root/aerostack2_ws/install/as2_motion_reference_handlers:/root/aerostack2_ws/install/as2_map_server:/root/aerostack2_ws/install/as2_geozones:/root/aerostack2_ws/install/as2_gazebo_assets:/root/aerostack2_ws/install/as2_external_object_to_tf:/root/aerostack2_ws/install/as2_behavior_tree:/root/aerostack2_ws/install/as2_behavior:/root/aerostack2_ws/install/as2_alphanumeric_viewer:/root/aerostack2_ws/install/as2_core:/root/aerostack2_ws/install/as2_msgs:/root/aerostack2_ws/install/as2_cli:/root/aerostack2_ws/install/rmf_demos_gz_classic:/root/aerostack2_ws/install/rmf_demos_gz:/root/aerostack2_ws/install/rmf_demos:/root/aerostack2_ws/install/rmf_demos_maps:/root/aerostack2_ws/install/aerostack2:/root/aerostack2_ws/install/as2_behaviors_swarm_flocking:/root/aerostack2_ws/install/rmf_demos_tasks:/root/aerostack2_ws/install/rmf_demos_panel:/root/aerostack2_ws/install/rmf_demos_fleet_adapter:/root/aerostack2_ws/install/rmf_demos_dashboard_resources:/root/aerostack2_ws/install/rmf_demos_bridges:/root/aerostack2_ws/install/rmf_demos_assets:/root/aerostack2_ws/install/as2_visualization:/root/aerostack2_ws/install/as2_keyboard_teleoperation:/root/aerostack2_ws/install/as2_python_api:/root/aerostack2_ws/install/as2_perception:/opt/ros/humble GZ_SIM_RESOURCE_PATH=/root/aerostack2_ws/install/as2_gazebo_assets/share/as2_ign_gazebo_assets/worlds:/root/aerostack2_ws/install/as2_gazebo_assets/share/as2_ign_gazebo_assets/models:${GZ_SIM_RESOURCE_PATH} GZ_VERSION=@GZ_VERSION@ LD_LIBRARY_PATH=/root/aerostack2_ws/install/as2_motion_controller/lib:/root/aerostack2_ws/install/as2_behaviors_trajectory_generation/lib:/root/aerostack2_ws/install/as2_behaviors_perception/lib:/root/aerostack2_ws/install/as2_behaviors_path_planning/lib:/root/aerostack2_ws/install/as2_behaviors_motion/lib:/root/aerostack2_ws/install/as2_state_estimator/lib:/root/aerostack2_ws/install/as2_map_server/lib:/root/aerostack2_ws/install/as2_gazebo_assets/lib:/root/aerostack2_ws/install/as2_behavior_tree/lib:/root/aerostack2_ws/install/as2_behavior/lib:/root/aerostack2_ws/install/as2_core/lib:/root/aerostack2_ws/install/as2_msgs/lib:/root/aerostack2_ws/install/as2_python_api/lib:/root/aerostack2_ws/install/as2_behaviors_swarm_flocking/lib:/root/aerostack2_ws/install/as2_motion_reference_handlers/lib:/opt/ros/humble/opt/rviz_ogre_vendor/lib:/opt/ros/humble/lib/x86_64-linux-gnu:/opt/ros/humble/lib PYTHONPATH=/root/aerostack2_ws/install/as2_keyboard_teleoperation/lib/python3.10/site-packages:/root/aerostack2_ws/install/as2_visualization/lib/python3.10/site-packages:/root/aerostack2_ws/install/as2_python_api/lib/python3.10/site-packages:/root/aerostack2_ws/install/rmf_demos_tasks/lib/python3.10/site-packages:/root/aerostack2_ws/install/rmf_demos_panel/lib/python3.10/site-packages:/root/aerostack2_ws/install/rmf_demos_fleet_adapter/lib/python3.10/site-packages:/root/aerostack2_ws/install/rmf_demos_bridges/lib/python3.10/site-packages:/root/aerostack2_ws/install/as2_perception/lib/python3.10/site-packages:/root/aerostack2_ws/install/as2_motion_reference_handlers/local/lib/python3.10/dist-packages:/root/aerostack2_ws/install/as2_gazebo_assets/local/lib/python3.10/dist-packages:/root/aerostack2_ws/install/as2_core/local/lib/python3.10/dist-packages:/root/aerostack2_ws/install/as2_msgs/local/lib/python3.10/dist-packages:/opt/ros/humble/lib/python3.10/site-packages:/opt/ros/humble/local/lib/python3.10/dist-packages /usr/bin/cmake --build /root/aerostack2_ws/build/aerostack2 -- -j8 -l8
[6.706s] DEBUG:colcon.colcon_core.event_handler.log_command:Invoking command in '/root/aerostack2_ws/build/aerostack2': AMENT_PREFIX_PATH=/root/aerostack2_ws/install/as2_keyboard_teleoperation:/root/aerostack2_ws/install/as2_visualization:/root/aerostack2_ws/install/as2_python_api:/root/aerostack2_ws/install/rmf_demos_gz_classic:/root/aerostack2_ws/install/rmf_demos_gz:/root/aerostack2_ws/install/rmf_demos:/root/aerostack2_ws/install/rmf_demos_tasks:/root/aerostack2_ws/install/rmf_demos_panel:/root/aerostack2_ws/install/rmf_demos_maps:/root/aerostack2_ws/install/rmf_demos_fleet_adapter:/root/aerostack2_ws/install/rmf_demos_dashboard_resources:/root/aerostack2_ws/install/rmf_demos_bridges:/root/aerostack2_ws/install/rmf_demos_assets:/root/aerostack2_ws/install/aerostack2:/root/aerostack2_ws/install/as2_usb_camera_interface:/root/aerostack2_ws/install/as2_state_estimator:/root/aerostack2_ws/install/as2_rviz_plugins:/root/aerostack2_ws/install/as2_realsense_interface:/root/aerostack2_ws/install/as2_platform_multirotor_simulator:/root/aerostack2_ws/install/as2_platform_gazebo:/root/aerostack2_ws/install/as2_perception:/root/aerostack2_ws/install/as2_motion_controller:/root/aerostack2_ws/install/as2_behaviors_trajectory_generation:/root/aerostack2_ws/install/as2_behaviors_swarm_flocking:/root/aerostack2_ws/install/as2_behaviors_motion:/root/aerostack2_ws/install/as2_motion_reference_handlers:/root/aerostack2_ws/install/as2_map_server:/root/aerostack2_ws/install/as2_geozones:/root/aerostack2_ws/install/as2_gazebo_assets:/root/aerostack2_ws/install/as2_external_object_to_tf:/root/aerostack2_ws/install/as2_behaviors_platform:/root/aerostack2_ws/install/as2_behaviors_perception:/root/aerostack2_ws/install/as2_behaviors_path_planning:/root/aerostack2_ws/install/as2_behavior_tree:/root/aerostack2_ws/install/as2_behavior:/root/aerostack2_ws/install/as2_alphanumeric_viewer:/root/aerostack2_ws/install/as2_core:/root/aerostack2_ws/install/as2_msgs:/root/aerostack2_ws/install/as2_cli:/opt/ros/humble CMAKE_PREFIX_PATH=/root/aerostack2_ws/install/as2_rviz_plugins:/root/aerostack2_ws/install/as2_platform_gazebo:/root/aerostack2_ws/install/as2_motion_controller:/root/aerostack2_ws/install/as2_behaviors_trajectory_generation:/root/aerostack2_ws/install/as2_behaviors_platform:/root/aerostack2_ws/install/as2_behaviors_perception:/root/aerostack2_ws/install/as2_behaviors_path_planning:/root/aerostack2_ws/install/as2_behaviors_motion:/root/aerostack2_ws/install/as2_usb_camera_interface:/root/aerostack2_ws/install/as2_state_estimator:/root/aerostack2_ws/install/as2_realsense_interface:/root/aerostack2_ws/install/as2_platform_multirotor_simulator:/root/aerostack2_ws/install/as2_motion_reference_handlers:/root/aerostack2_ws/install/as2_map_server:/root/aerostack2_ws/install/as2_geozones:/root/aerostack2_ws/install/as2_gazebo_assets:/root/aerostack2_ws/install/as2_external_object_to_tf:/root/aerostack2_ws/install/as2_behavior_tree:/root/aerostack2_ws/install/as2_behavior:/root/aerostack2_ws/install/as2_alphanumeric_viewer:/root/aerostack2_ws/install/as2_core:/root/aerostack2_ws/install/as2_msgs:/root/aerostack2_ws/install/as2_cli:/root/aerostack2_ws/install/rmf_demos_gz_classic:/root/aerostack2_ws/install/rmf_demos_gz:/root/aerostack2_ws/install/rmf_demos:/root/aerostack2_ws/install/rmf_demos_maps:/root/aerostack2_ws/install/aerostack2:/root/aerostack2_ws/install/as2_behaviors_swarm_flocking:/root/aerostack2_ws/install/rmf_demos_tasks:/root/aerostack2_ws/install/rmf_demos_panel:/root/aerostack2_ws/install/rmf_demos_fleet_adapter:/root/aerostack2_ws/install/rmf_demos_dashboard_resources:/root/aerostack2_ws/install/rmf_demos_bridges:/root/aerostack2_ws/install/rmf_demos_assets:/root/aerostack2_ws/install/as2_visualization:/root/aerostack2_ws/install/as2_keyboard_teleoperation:/root/aerostack2_ws/install/as2_python_api:/root/aerostack2_ws/install/as2_perception:/opt/ros/humble GZ_SIM_RESOURCE_PATH=/root/aerostack2_ws/install/as2_gazebo_assets/share/as2_ign_gazebo_assets/worlds:/root/aerostack2_ws/install/as2_gazebo_assets/share/as2_ign_gazebo_assets/models:${GZ_SIM_RESOURCE_PATH} GZ_VERSION=@GZ_VERSION@ LD_LIBRARY_PATH=/root/aerostack2_ws/install/as2_motion_controller/lib:/root/aerostack2_ws/install/as2_behaviors_trajectory_generation/lib:/root/aerostack2_ws/install/as2_behaviors_perception/lib:/root/aerostack2_ws/install/as2_behaviors_path_planning/lib:/root/aerostack2_ws/install/as2_behaviors_motion/lib:/root/aerostack2_ws/install/as2_state_estimator/lib:/root/aerostack2_ws/install/as2_map_server/lib:/root/aerostack2_ws/install/as2_gazebo_assets/lib:/root/aerostack2_ws/install/as2_behavior_tree/lib:/root/aerostack2_ws/install/as2_behavior/lib:/root/aerostack2_ws/install/as2_core/lib:/root/aerostack2_ws/install/as2_msgs/lib:/root/aerostack2_ws/install/as2_python_api/lib:/root/aerostack2_ws/install/as2_behaviors_swarm_flocking/lib:/root/aerostack2_ws/install/as2_motion_reference_handlers/lib:/opt/ros/humble/opt/rviz_ogre_vendor/lib:/opt/ros/humble/lib/x86_64-linux-gnu:/opt/ros/humble/lib PYTHONPATH=/root/aerostack2_ws/install/as2_keyboard_teleoperation/lib/python3.10/site-packages:/root/aerostack2_ws/install/as2_visualization/lib/python3.10/site-packages:/root/aerostack2_ws/install/as2_python_api/lib/python3.10/site-packages:/root/aerostack2_ws/install/rmf_demos_tasks/lib/python3.10/site-packages:/root/aerostack2_ws/install/rmf_demos_panel/lib/python3.10/site-packages:/root/aerostack2_ws/install/rmf_demos_fleet_adapter/lib/python3.10/site-packages:/root/aerostack2_ws/install/rmf_demos_bridges/lib/python3.10/site-packages:/root/aerostack2_ws/install/as2_perception/lib/python3.10/site-packages:/root/aerostack2_ws/install/as2_motion_reference_handlers/local/lib/python3.10/dist-packages:/root/aerostack2_ws/install/as2_gazebo_assets/local/lib/python3.10/dist-packages:/root/aerostack2_ws/install/as2_core/local/lib/python3.10/dist-packages:/root/aerostack2_ws/install/as2_msgs/local/lib/python3.10/dist-packages:/opt/ros/humble/lib/python3.10/site-packages:/opt/ros/humble/local/lib/python3.10/dist-packages /usr/bin/cmake --install /root/aerostack2_ws/build/aerostack2
[6.712s] Level 1:colcon.colcon_core.environment:create_environment_scripts_only(aerostack2)
[6.713s] Level 1:colcon.colcon_core.environment:checking '/root/aerostack2_ws/install/aerostack2' for CMake module files
[6.713s] DEBUG:colcon.colcon_core.event_handler.log_command:Invoked command in '/root/aerostack2_ws/build/aerostack2' returned '0': AMENT_PREFIX_PATH=/root/aerostack2_ws/install/as2_keyboard_teleoperation:/root/aerostack2_ws/install/as2_visualization:/root/aerostack2_ws/install/as2_python_api:/root/aerostack2_ws/install/rmf_demos_gz_classic:/root/aerostack2_ws/install/rmf_demos_gz:/root/aerostack2_ws/install/rmf_demos:/root/aerostack2_ws/install/rmf_demos_tasks:/root/aerostack2_ws/install/rmf_demos_panel:/root/aerostack2_ws/install/rmf_demos_maps:/root/aerostack2_ws/install/rmf_demos_fleet_adapter:/root/aerostack2_ws/install/rmf_demos_dashboard_resources:/root/aerostack2_ws/install/rmf_demos_bridges:/root/aerostack2_ws/install/rmf_demos_assets:/root/aerostack2_ws/install/aerostack2:/root/aerostack2_ws/install/as2_usb_camera_interface:/root/aerostack2_ws/install/as2_state_estimator:/root/aerostack2_ws/install/as2_rviz_plugins:/root/aerostack2_ws/install/as2_realsense_interface:/root/aerostack2_ws/install/as2_platform_multirotor_simulator:/root/aerostack2_ws/install/as2_platform_gazebo:/root/aerostack2_ws/install/as2_perception:/root/aerostack2_ws/install/as2_motion_controller:/root/aerostack2_ws/install/as2_behaviors_trajectory_generation:/root/aerostack2_ws/install/as2_behaviors_swarm_flocking:/root/aerostack2_ws/install/as2_behaviors_motion:/root/aerostack2_ws/install/as2_motion_reference_handlers:/root/aerostack2_ws/install/as2_map_server:/root/aerostack2_ws/install/as2_geozones:/root/aerostack2_ws/install/as2_gazebo_assets:/root/aerostack2_ws/install/as2_external_object_to_tf:/root/aerostack2_ws/install/as2_behaviors_platform:/root/aerostack2_ws/install/as2_behaviors_perception:/root/aerostack2_ws/install/as2_behaviors_path_planning:/root/aerostack2_ws/install/as2_behavior_tree:/root/aerostack2_ws/install/as2_behavior:/root/aerostack2_ws/install/as2_alphanumeric_viewer:/root/aerostack2_ws/install/as2_core:/root/aerostack2_ws/install/as2_msgs:/root/aerostack2_ws/install/as2_cli:/opt/ros/humble CMAKE_PREFIX_PATH=/root/aerostack2_ws/install/as2_rviz_plugins:/root/aerostack2_ws/install/as2_platform_gazebo:/root/aerostack2_ws/install/as2_motion_controller:/root/aerostack2_ws/install/as2_behaviors_trajectory_generation:/root/aerostack2_ws/install/as2_behaviors_platform:/root/aerostack2_ws/install/as2_behaviors_perception:/root/aerostack2_ws/install/as2_behaviors_path_planning:/root/aerostack2_ws/install/as2_behaviors_motion:/root/aerostack2_ws/install/as2_usb_camera_interface:/root/aerostack2_ws/install/as2_state_estimator:/root/aerostack2_ws/install/as2_realsense_interface:/root/aerostack2_ws/install/as2_platform_multirotor_simulator:/root/aerostack2_ws/install/as2_motion_reference_handlers:/root/aerostack2_ws/install/as2_map_server:/root/aerostack2_ws/install/as2_geozones:/root/aerostack2_ws/install/as2_gazebo_assets:/root/aerostack2_ws/install/as2_external_object_to_tf:/root/aerostack2_ws/install/as2_behavior_tree:/root/aerostack2_ws/install/as2_behavior:/root/aerostack2_ws/install/as2_alphanumeric_viewer:/root/aerostack2_ws/install/as2_core:/root/aerostack2_ws/install/as2_msgs:/root/aerostack2_ws/install/as2_cli:/root/aerostack2_ws/install/rmf_demos_gz_classic:/root/aerostack2_ws/install/rmf_demos_gz:/root/aerostack2_ws/install/rmf_demos:/root/aerostack2_ws/install/rmf_demos_maps:/root/aerostack2_ws/install/aerostack2:/root/aerostack2_ws/install/as2_behaviors_swarm_flocking:/root/aerostack2_ws/install/rmf_demos_tasks:/root/aerostack2_ws/install/rmf_demos_panel:/root/aerostack2_ws/install/rmf_demos_fleet_adapter:/root/aerostack2_ws/install/rmf_demos_dashboard_resources:/root/aerostack2_ws/install/rmf_demos_bridges:/root/aerostack2_ws/install/rmf_demos_assets:/root/aerostack2_ws/install/as2_visualization:/root/aerostack2_ws/install/as2_keyboard_teleoperation:/root/aerostack2_ws/install/as2_python_api:/root/aerostack2_ws/install/as2_perception:/opt/ros/humble GZ_SIM_RESOURCE_PATH=/root/aerostack2_ws/install/as2_gazebo_assets/share/as2_ign_gazebo_assets/worlds:/root/aerostack2_ws/install/as2_gazebo_assets/share/as2_ign_gazebo_assets/models:${GZ_SIM_RESOURCE_PATH} GZ_VERSION=@GZ_VERSION@ LD_LIBRARY_PATH=/root/aerostack2_ws/install/as2_motion_controller/lib:/root/aerostack2_ws/install/as2_behaviors_trajectory_generation/lib:/root/aerostack2_ws/install/as2_behaviors_perception/lib:/root/aerostack2_ws/install/as2_behaviors_path_planning/lib:/root/aerostack2_ws/install/as2_behaviors_motion/lib:/root/aerostack2_ws/install/as2_state_estimator/lib:/root/aerostack2_ws/install/as2_map_server/lib:/root/aerostack2_ws/install/as2_gazebo_assets/lib:/root/aerostack2_ws/install/as2_behavior_tree/lib:/root/aerostack2_ws/install/as2_behavior/lib:/root/aerostack2_ws/install/as2_core/lib:/root/aerostack2_ws/install/as2_msgs/lib:/root/aerostack2_ws/install/as2_python_api/lib:/root/aerostack2_ws/install/as2_behaviors_swarm_flocking/lib:/root/aerostack2_ws/install/as2_motion_reference_handlers/lib:/opt/ros/humble/opt/rviz_ogre_vendor/lib:/opt/ros/humble/lib/x86_64-linux-gnu:/opt/ros/humble/lib PYTHONPATH=/root/aerostack2_ws/install/as2_keyboard_teleoperation/lib/python3.10/site-packages:/root/aerostack2_ws/install/as2_visualization/lib/python3.10/site-packages:/root/aerostack2_ws/install/as2_python_api/lib/python3.10/site-packages:/root/aerostack2_ws/install/rmf_demos_tasks/lib/python3.10/site-packages:/root/aerostack2_ws/install/rmf_demos_panel/lib/python3.10/site-packages:/root/aerostack2_ws/install/rmf_demos_fleet_adapter/lib/python3.10/site-packages:/root/aerostack2_ws/install/rmf_demos_bridges/lib/python3.10/site-packages:/root/aerostack2_ws/install/as2_perception/lib/python3.10/site-packages:/root/aerostack2_ws/install/as2_motion_reference_handlers/local/lib/python3.10/dist-packages:/root/aerostack2_ws/install/as2_gazebo_assets/local/lib/python3.10/dist-packages:/root/aerostack2_ws/install/as2_core/local/lib/python3.10/dist-packages:/root/aerostack2_ws/install/as2_msgs/local/lib/python3.10/dist-packages:/opt/ros/humble/lib/python3.10/site-packages:/opt/ros/humble/local/lib/python3.10/dist-packages /usr/bin/cmake --install /root/aerostack2_ws/build/aerostack2
[6.713s] Level 1:colcon.colcon_core.environment:checking '/root/aerostack2_ws/install/aerostack2' for CMake config files
[6.713s] Level 1:colcon.colcon_core.shell:create_environment_hook('aerostack2', 'cmake_prefix_path')
[6.714s] INFO:colcon.colcon_core.shell:Creating environment hook '/root/aerostack2_ws/install/aerostack2/share/aerostack2/hook/cmake_prefix_path.ps1'
[6.715s] INFO:colcon.colcon_core.shell:Creating environment descriptor '/root/aerostack2_ws/install/aerostack2/share/aerostack2/hook/cmake_prefix_path.dsv'
[6.715s] INFO:colcon.colcon_core.shell:Creating environment hook '/root/aerostack2_ws/install/aerostack2/share/aerostack2/hook/cmake_prefix_path.sh'
[6.716s] Level 1:colcon.colcon_core.environment:checking '/root/aerostack2_ws/install/aerostack2/bin'
[6.716s] Level 1:colcon.colcon_core.environment:checking '/root/aerostack2_ws/install/aerostack2/lib/pkgconfig/aerostack2.pc'
[6.716s] Level 1:colcon.colcon_core.environment:checking '/root/aerostack2_ws/install/aerostack2/lib/python3.10/site-packages'
[6.716s] Level 1:colcon.colcon_core.environment:checking '/root/aerostack2_ws/install/aerostack2/bin'
[6.716s] INFO:colcon.colcon_core.shell:Creating package script '/root/aerostack2_ws/install/aerostack2/share/aerostack2/package.ps1'
[6.717s] INFO:colcon.colcon_core.shell:Creating package descriptor '/root/aerostack2_ws/install/aerostack2/share/aerostack2/package.dsv'
[6.717s] INFO:colcon.colcon_core.shell:Creating package script '/root/aerostack2_ws/install/aerostack2/share/aerostack2/package.sh'
[6.717s] INFO:colcon.colcon_core.shell:Creating package script '/root/aerostack2_ws/install/aerostack2/share/aerostack2/package.bash'
[6.717s] INFO:colcon.colcon_core.shell:Creating package script '/root/aerostack2_ws/install/aerostack2/share/aerostack2/package.zsh'
[6.718s] Level 1:colcon.colcon_core.environment:create_file_with_runtime_dependencies(/root/aerostack2_ws/install/aerostack2/share/colcon-core/packages/aerostack2)
[6.718s] Level 1:colcon.colcon_core.environment:create_environment_scripts_only(aerostack2)
[6.718s] Level 1:colcon.colcon_core.environment:checking '/root/aerostack2_ws/install/aerostack2' for CMake module files
[6.718s] Level 1:colcon.colcon_core.environment:checking '/root/aerostack2_ws/install/aerostack2' for CMake config files
[6.718s] Level 1:colcon.colcon_core.shell:create_environment_hook('aerostack2', 'cmake_prefix_path')
[6.719s] INFO:colcon.colcon_core.shell:Creating environment hook '/root/aerostack2_ws/install/aerostack2/share/aerostack2/hook/cmake_prefix_path.ps1'
[6.719s] INFO:colcon.colcon_core.shell:Creating environment descriptor '/root/aerostack2_ws/install/aerostack2/share/aerostack2/hook/cmake_prefix_path.dsv'
[6.719s] INFO:colcon.colcon_core.shell:Creating environment hook '/root/aerostack2_ws/install/aerostack2/share/aerostack2/hook/cmake_prefix_path.sh'
[6.719s] Level 1:colcon.colcon_core.environment:checking '/root/aerostack2_ws/install/aerostack2/bin'
[6.719s] Level 1:colcon.colcon_core.environment:checking '/root/aerostack2_ws/install/aerostack2/lib/pkgconfig/aerostack2.pc'
[6.720s] Level 1:colcon.colcon_core.environment:checking '/root/aerostack2_ws/install/aerostack2/lib/python3.10/site-packages'
[6.720s] Level 1:colcon.colcon_core.environment:checking '/root/aerostack2_ws/install/aerostack2/bin'
[6.720s] INFO:colcon.colcon_core.shell:Creating package script '/root/aerostack2_ws/install/aerostack2/share/aerostack2/package.ps1'
[6.720s] INFO:colcon.colcon_core.shell:Creating package descriptor '/root/aerostack2_ws/install/aerostack2/share/aerostack2/package.dsv'
[6.721s] INFO:colcon.colcon_core.shell:Creating package script '/root/aerostack2_ws/install/aerostack2/share/aerostack2/package.sh'
[6.721s] INFO:colcon.colcon_core.shell:Creating package script '/root/aerostack2_ws/install/aerostack2/share/aerostack2/package.bash'
[6.721s] INFO:colcon.colcon_core.shell:Creating package script '/root/aerostack2_ws/install/aerostack2/share/aerostack2/package.zsh'
[6.721s] Level 1:colcon.colcon_core.environment:create_file_with_runtime_dependencies(/root/aerostack2_ws/install/aerostack2/share/colcon-core/packages/aerostack2)
[6.721s] DEBUG:colcon.colcon_parallel_executor.executor.parallel:closing loop
[6.722s] DEBUG:colcon.colcon_parallel_executor.executor.parallel:loop closed
[6.722s] DEBUG:colcon.colcon_parallel_executor.executor.parallel:run_until_complete finished with '0'
[6.722s] DEBUG:colcon.colcon_core.event_reactor:joining thread
[6.726s] INFO:colcon.colcon_core.plugin_system:Skipping extension 'colcon_notification.desktop_notification.notify_send': Could not find 'notify-send'
[6.726s] INFO:colcon.colcon_core.plugin_system:Skipping extension 'colcon_notification.desktop_notification.terminal_notifier': Not used on non-Darwin systems
[6.726s] INFO:colcon.colcon_core.plugin_system:Skipping extension 'colcon_notification.desktop_notification.win32': Not used on non-Windows systems
[6.726s] INFO:colcon.colcon_notification.desktop_notification:Sending desktop notification using 'notify2'
[6.728s] DEBUG:colcon.colcon_notification.desktop_notification.notify2:Failed to initialize notify2: org.freedesktop.DBus.Error.Spawn.ExecFailed: /usr/bin/dbus-launch terminated abnormally without any error message
[6.728s] DEBUG:colcon.colcon_core.event_reactor:joined thread
[6.728s] INFO:colcon.colcon_core.shell:Creating prefix script '/root/aerostack2_ws/install/local_setup.ps1'
[6.729s] INFO:colcon.colcon_core.shell:Creating prefix util module '/root/aerostack2_ws/install/_local_setup_util_ps1.py'
[6.730s] INFO:colcon.colcon_core.shell:Creating prefix chain script '/root/aerostack2_ws/install/setup.ps1'
[6.733s] INFO:colcon.colcon_core.shell:Creating prefix script '/root/aerostack2_ws/install/local_setup.sh'
[6.733s] INFO:colcon.colcon_core.shell:Creating prefix util module '/root/aerostack2_ws/install/_local_setup_util_sh.py'
[6.734s] INFO:colcon.colcon_core.shell:Creating prefix chain script '/root/aerostack2_ws/install/setup.sh'
[6.735s] INFO:colcon.colcon_core.shell:Creating prefix script '/root/aerostack2_ws/install/local_setup.bash'
[6.736s] INFO:colcon.colcon_core.shell:Creating prefix chain script '/root/aerostack2_ws/install/setup.bash'
[6.737s] INFO:colcon.colcon_core.shell:Creating prefix script '/root/aerostack2_ws/install/local_setup.zsh'
[6.737s] INFO:colcon.colcon_core.shell:Creating prefix chain script '/root/aerostack2_ws/install/setup.zsh'
