[0.120s] DEBUG:colcon:Command line arguments: ['/usr/bin/colcon', 'build']
[0.120s] DEBUG:colcon:Parsed command line arguments: Namespace(log_base=None, log_level=None, verb_name='build', build_base='build', install_base='install', merge_install=False, symlink_install=False, test_result_base=None, continue_on_error=False, executor='parallel', parallel_workers=8, event_handlers=None, ignore_user_meta=False, metas=['./colcon.meta'], base_paths=['.'], packages_ignore=None, packages_ignore_regex=None, paths=None, packages_up_to=None, packages_up_to_regex=None, packages_above=None, packages_above_and_dependencies=None, packages_above_depth=None, packages_select_by_dep=None, packages_skip_by_dep=None, packages_skip_up_to=None, packages_select_build_failed=False, packages_skip_build_finished=False, packages_select_test_failures=False, packages_skip_test_passed=False, packages_select=None, packages_skip=None, packages_select_regex=None, packages_skip_regex=None, packages_start=None, packages_end=None, cmake_args=None, cmake_target=None, cmake_target_skip_unavailable=False, cmake_clean_cache=False, cmake_clean_first=False, cmake_force_configure=False, ament_cmake_args=None, catkin_cmake_args=None, catkin_skip_building_tests=False, mixin_files=None, mixin=None, verb_parser=<colcon_mixin.mixin.mixin_argument.MixinArgumentDecorator object at 0x7387364d4640>, verb_extension=<colcon_core.verb.build.BuildVerb object at 0x738736466440>, main=<bound method BuildVerb.main of <colcon_core.verb.build.BuildVerb object at 0x738736466440>>, mixin_verb=('build',))
[0.339s] Level 1:colcon.colcon_core.package_discovery:discover_packages(colcon_meta) check parameters
[0.340s] INFO:colcon.colcon_metadata.package_discovery.colcon_meta:Using configuration from '/root/.colcon/metadata/default/Gazebo.meta'
[0.341s] INFO:colcon.colcon_metadata.package_discovery.colcon_meta:Using configuration from '/root/.colcon/metadata/default/fastdds.meta'
[0.341s] INFO:colcon.colcon_metadata.package_discovery.colcon_meta:Using configuration from '/root/.colcon/metadata/default/fastrtps.meta'
[0.341s] Level 1:colcon.colcon_core.package_discovery:discover_packages(recursive) check parameters
[0.341s] Level 1:colcon.colcon_core.package_discovery:discover_packages(ignore) check parameters
[0.341s] Level 1:colcon.colcon_core.package_discovery:discover_packages(path) check parameters
[0.341s] Level 1:colcon.colcon_core.package_discovery:discover_packages(colcon_meta) discover
[0.342s] Level 1:colcon.colcon_core.package_discovery:discover_packages(recursive) discover
[0.342s] INFO:colcon.colcon_core.package_discovery:Crawling recursively for packages in '/root/aerostack2_ws'
[0.342s] Level 1:colcon.colcon_core.package_identification:_identify(.) by extensions ['ignore', 'ignore_ament_install']
[0.342s] Level 1:colcon.colcon_core.package_identification:_identify(.) by extension 'ignore'
[0.342s] Level 1:colcon.colcon_core.package_identification:_identify(.) by extension 'ignore_ament_install'
[0.342s] Level 1:colcon.colcon_core.package_identification:_identify(.) by extensions ['colcon_pkg']
[0.342s] Level 1:colcon.colcon_core.package_identification:_identify(.) by extension 'colcon_pkg'
[0.342s] Level 1:colcon.colcon_core.package_identification:_identify(.) by extensions ['colcon_meta']
[0.342s] Level 1:colcon.colcon_core.package_identification:_identify(.) by extension 'colcon_meta'
[0.342s] Level 1:colcon.colcon_core.package_identification:_identify(.) by extensions ['ros']
[0.342s] Level 1:colcon.colcon_core.package_identification:_identify(.) by extension 'ros'
[0.352s] Level 1:colcon.colcon_core.package_identification:_identify(.) by extensions ['cmake', 'python']
[0.352s] Level 1:colcon.colcon_core.package_identification:_identify(.) by extension 'cmake'
[0.352s] Level 1:colcon.colcon_core.package_identification:_identify(.) by extension 'python'
[0.352s] Level 1:colcon.colcon_core.package_identification:_identify(.) by extensions ['python_setup_py']
[0.352s] Level 1:colcon.colcon_core.package_identification:_identify(.) by extension 'python_setup_py'
[0.352s] Level 1:colcon.colcon_core.package_identification:_identify(build) by extensions ['ignore', 'ignore_ament_install']
[0.352s] Level 1:colcon.colcon_core.package_identification:_identify(build) by extension 'ignore'
[0.352s] Level 1:colcon.colcon_core.package_identification:_identify(build) ignored
[0.352s] Level 1:colcon.colcon_core.package_identification:_identify(install) by extensions ['ignore', 'ignore_ament_install']
[0.352s] Level 1:colcon.colcon_core.package_identification:_identify(install) by extension 'ignore'
[0.352s] Level 1:colcon.colcon_core.package_identification:_identify(install) ignored
[0.352s] Level 1:colcon.colcon_core.package_identification:_identify(log) by extensions ['ignore', 'ignore_ament_install']
[0.352s] Level 1:colcon.colcon_core.package_identification:_identify(log) by extension 'ignore'
[0.352s] Level 1:colcon.colcon_core.package_identification:_identify(log) ignored
[0.352s] Level 1:colcon.colcon_core.package_identification:_identify(src) by extensions ['ignore', 'ignore_ament_install']
[0.352s] Level 1:colcon.colcon_core.package_identification:_identify(src) by extension 'ignore'
[0.353s] Level 1:colcon.colcon_core.package_identification:_identify(src) by extension 'ignore_ament_install'
[0.353s] Level 1:colcon.colcon_core.package_identification:_identify(src) by extensions ['colcon_pkg']
[0.353s] Level 1:colcon.colcon_core.package_identification:_identify(src) by extension 'colcon_pkg'
[0.353s] Level 1:colcon.colcon_core.package_identification:_identify(src) by extensions ['colcon_meta']
[0.353s] Level 1:colcon.colcon_core.package_identification:_identify(src) by extension 'colcon_meta'
[0.353s] Level 1:colcon.colcon_core.package_identification:_identify(src) by extensions ['ros']
[0.353s] Level 1:colcon.colcon_core.package_identification:_identify(src) by extension 'ros'
[0.353s] Level 1:colcon.colcon_core.package_identification:_identify(src) by extensions ['cmake', 'python']
[0.353s] Level 1:colcon.colcon_core.package_identification:_identify(src) by extension 'cmake'
[0.353s] Level 1:colcon.colcon_core.package_identification:_identify(src) by extension 'python'
[0.353s] Level 1:colcon.colcon_core.package_identification:_identify(src) by extensions ['python_setup_py']
[0.353s] Level 1:colcon.colcon_core.package_identification:_identify(src) by extension 'python_setup_py'
[0.353s] Level 1:colcon.colcon_core.package_identification:_identify(src/aerostack2) by extensions ['ignore', 'ignore_ament_install']
[0.353s] Level 1:colcon.colcon_core.package_identification:_identify(src/aerostack2) by extension 'ignore'
[0.353s] Level 1:colcon.colcon_core.package_identification:_identify(src/aerostack2) by extension 'ignore_ament_install'
[0.353s] Level 1:colcon.colcon_core.package_identification:_identify(src/aerostack2) by extensions ['colcon_pkg']
[0.353s] Level 1:colcon.colcon_core.package_identification:_identify(src/aerostack2) by extension 'colcon_pkg'
[0.353s] Level 1:colcon.colcon_core.package_identification:_identify(src/aerostack2) by extensions ['colcon_meta']
[0.353s] Level 1:colcon.colcon_core.package_identification:_identify(src/aerostack2) by extension 'colcon_meta'
[0.353s] Level 1:colcon.colcon_core.package_identification:_identify(src/aerostack2) by extensions ['ros']
[0.353s] Level 1:colcon.colcon_core.package_identification:_identify(src/aerostack2) by extension 'ros'
[0.353s] Level 1:colcon.colcon_core.package_identification:_identify(src/aerostack2) by extensions ['cmake', 'python']
[0.353s] Level 1:colcon.colcon_core.package_identification:_identify(src/aerostack2) by extension 'cmake'
[0.353s] Level 1:colcon.colcon_core.package_identification:_identify(src/aerostack2) by extension 'python'
[0.353s] Level 1:colcon.colcon_core.package_identification:_identify(src/aerostack2) by extensions ['python_setup_py']
[0.353s] Level 1:colcon.colcon_core.package_identification:_identify(src/aerostack2) by extension 'python_setup_py'
[0.354s] Level 1:colcon.colcon_core.package_identification:_identify(src/aerostack2/aerostack2) by extensions ['ignore', 'ignore_ament_install']
[0.354s] Level 1:colcon.colcon_core.package_identification:_identify(src/aerostack2/aerostack2) by extension 'ignore'
[0.354s] Level 1:colcon.colcon_core.package_identification:_identify(src/aerostack2/aerostack2) by extension 'ignore_ament_install'
[0.354s] Level 1:colcon.colcon_core.package_identification:_identify(src/aerostack2/aerostack2) by extensions ['colcon_pkg']
[0.354s] Level 1:colcon.colcon_core.package_identification:_identify(src/aerostack2/aerostack2) by extension 'colcon_pkg'
[0.354s] Level 1:colcon.colcon_core.package_identification:_identify(src/aerostack2/aerostack2) by extensions ['colcon_meta']
[0.354s] Level 1:colcon.colcon_core.package_identification:_identify(src/aerostack2/aerostack2) by extension 'colcon_meta'
[0.354s] Level 1:colcon.colcon_core.package_identification:_identify(src/aerostack2/aerostack2) by extensions ['ros']
[0.354s] Level 1:colcon.colcon_core.package_identification:_identify(src/aerostack2/aerostack2) by extension 'ros'
[0.357s] DEBUG:colcon.colcon_core.package_identification:Package 'src/aerostack2/aerostack2' with type 'ros.ament_cmake' and name 'aerostack2'
[0.358s] Level 1:colcon.colcon_core.package_identification:_identify(src/aerostack2/as2_aerial_platforms) by extensions ['ignore', 'ignore_ament_install']
[0.358s] Level 1:colcon.colcon_core.package_identification:_identify(src/aerostack2/as2_aerial_platforms) by extension 'ignore'
[0.358s] Level 1:colcon.colcon_core.package_identification:_identify(src/aerostack2/as2_aerial_platforms) by extension 'ignore_ament_install'
[0.358s] Level 1:colcon.colcon_core.package_identification:_identify(src/aerostack2/as2_aerial_platforms) by extensions ['colcon_pkg']
[0.358s] Level 1:colcon.colcon_core.package_identification:_identify(src/aerostack2/as2_aerial_platforms) by extension 'colcon_pkg'
[0.358s] Level 1:colcon.colcon_core.package_identification:_identify(src/aerostack2/as2_aerial_platforms) by extensions ['colcon_meta']
[0.358s] Level 1:colcon.colcon_core.package_identification:_identify(src/aerostack2/as2_aerial_platforms) by extension 'colcon_meta'
[0.358s] Level 1:colcon.colcon_core.package_identification:_identify(src/aerostack2/as2_aerial_platforms) by extensions ['ros']
[0.358s] Level 1:colcon.colcon_core.package_identification:_identify(src/aerostack2/as2_aerial_platforms) by extension 'ros'
[0.358s] Level 1:colcon.colcon_core.package_identification:_identify(src/aerostack2/as2_aerial_platforms) by extensions ['cmake', 'python']
[0.358s] Level 1:colcon.colcon_core.package_identification:_identify(src/aerostack2/as2_aerial_platforms) by extension 'cmake'
[0.358s] Level 1:colcon.colcon_core.package_identification:_identify(src/aerostack2/as2_aerial_platforms) by extension 'python'
[0.358s] Level 1:colcon.colcon_core.package_identification:_identify(src/aerostack2/as2_aerial_platforms) by extensions ['python_setup_py']
[0.358s] Level 1:colcon.colcon_core.package_identification:_identify(src/aerostack2/as2_aerial_platforms) by extension 'python_setup_py'
[0.358s] Level 1:colcon.colcon_core.package_identification:_identify(src/aerostack2/as2_aerial_platforms/as2_platform_gazebo) by extensions ['ignore', 'ignore_ament_install']
[0.358s] Level 1:colcon.colcon_core.package_identification:_identify(src/aerostack2/as2_aerial_platforms/as2_platform_gazebo) by extension 'ignore'
[0.358s] Level 1:colcon.colcon_core.package_identification:_identify(src/aerostack2/as2_aerial_platforms/as2_platform_gazebo) by extension 'ignore_ament_install'
[0.358s] Level 1:colcon.colcon_core.package_identification:_identify(src/aerostack2/as2_aerial_platforms/as2_platform_gazebo) by extensions ['colcon_pkg']
[0.358s] Level 1:colcon.colcon_core.package_identification:_identify(src/aerostack2/as2_aerial_platforms/as2_platform_gazebo) by extension 'colcon_pkg'
[0.358s] Level 1:colcon.colcon_core.package_identification:_identify(src/aerostack2/as2_aerial_platforms/as2_platform_gazebo) by extensions ['colcon_meta']
[0.358s] Level 1:colcon.colcon_core.package_identification:_identify(src/aerostack2/as2_aerial_platforms/as2_platform_gazebo) by extension 'colcon_meta'
[0.358s] Level 1:colcon.colcon_core.package_identification:_identify(src/aerostack2/as2_aerial_platforms/as2_platform_gazebo) by extensions ['ros']
[0.358s] Level 1:colcon.colcon_core.package_identification:_identify(src/aerostack2/as2_aerial_platforms/as2_platform_gazebo) by extension 'ros'
[0.359s] DEBUG:colcon.colcon_core.package_identification:Package 'src/aerostack2/as2_aerial_platforms/as2_platform_gazebo' with type 'ros.ament_cmake' and name 'as2_platform_gazebo'
[0.359s] Level 1:colcon.colcon_core.package_identification:_identify(src/aerostack2/as2_aerial_platforms/as2_platform_multirotor_simulator) by extensions ['ignore', 'ignore_ament_install']
[0.359s] Level 1:colcon.colcon_core.package_identification:_identify(src/aerostack2/as2_aerial_platforms/as2_platform_multirotor_simulator) by extension 'ignore'
[0.359s] Level 1:colcon.colcon_core.package_identification:_identify(src/aerostack2/as2_aerial_platforms/as2_platform_multirotor_simulator) by extension 'ignore_ament_install'
[0.359s] Level 1:colcon.colcon_core.package_identification:_identify(src/aerostack2/as2_aerial_platforms/as2_platform_multirotor_simulator) by extensions ['colcon_pkg']
[0.359s] Level 1:colcon.colcon_core.package_identification:_identify(src/aerostack2/as2_aerial_platforms/as2_platform_multirotor_simulator) by extension 'colcon_pkg'
[0.359s] Level 1:colcon.colcon_core.package_identification:_identify(src/aerostack2/as2_aerial_platforms/as2_platform_multirotor_simulator) by extensions ['colcon_meta']
[0.359s] Level 1:colcon.colcon_core.package_identification:_identify(src/aerostack2/as2_aerial_platforms/as2_platform_multirotor_simulator) by extension 'colcon_meta'
[0.359s] Level 1:colcon.colcon_core.package_identification:_identify(src/aerostack2/as2_aerial_platforms/as2_platform_multirotor_simulator) by extensions ['ros']
[0.359s] Level 1:colcon.colcon_core.package_identification:_identify(src/aerostack2/as2_aerial_platforms/as2_platform_multirotor_simulator) by extension 'ros'
[0.360s] DEBUG:colcon.colcon_core.package_identification:Package 'src/aerostack2/as2_aerial_platforms/as2_platform_multirotor_simulator' with type 'ros.ament_cmake' and name 'as2_platform_multirotor_simulator'
[0.360s] Level 1:colcon.colcon_core.package_identification:_identify(src/aerostack2/as2_behavior_tree) by extensions ['ignore', 'ignore_ament_install']
[0.360s] Level 1:colcon.colcon_core.package_identification:_identify(src/aerostack2/as2_behavior_tree) by extension 'ignore'
[0.360s] Level 1:colcon.colcon_core.package_identification:_identify(src/aerostack2/as2_behavior_tree) by extension 'ignore_ament_install'
[0.360s] Level 1:colcon.colcon_core.package_identification:_identify(src/aerostack2/as2_behavior_tree) by extensions ['colcon_pkg']
[0.360s] Level 1:colcon.colcon_core.package_identification:_identify(src/aerostack2/as2_behavior_tree) by extension 'colcon_pkg'
[0.360s] Level 1:colcon.colcon_core.package_identification:_identify(src/aerostack2/as2_behavior_tree) by extensions ['colcon_meta']
[0.360s] Level 1:colcon.colcon_core.package_identification:_identify(src/aerostack2/as2_behavior_tree) by extension 'colcon_meta'
[0.360s] Level 1:colcon.colcon_core.package_identification:_identify(src/aerostack2/as2_behavior_tree) by extensions ['ros']
[0.360s] Level 1:colcon.colcon_core.package_identification:_identify(src/aerostack2/as2_behavior_tree) by extension 'ros'
[0.361s] DEBUG:colcon.colcon_core.package_identification:Package 'src/aerostack2/as2_behavior_tree' with type 'ros.ament_cmake' and name 'as2_behavior_tree'
[0.361s] Level 1:colcon.colcon_core.package_identification:_identify(src/aerostack2/as2_behaviors) by extensions ['ignore', 'ignore_ament_install']
[0.361s] Level 1:colcon.colcon_core.package_identification:_identify(src/aerostack2/as2_behaviors) by extension 'ignore'
[0.361s] Level 1:colcon.colcon_core.package_identification:_identify(src/aerostack2/as2_behaviors) by extension 'ignore_ament_install'
[0.361s] Level 1:colcon.colcon_core.package_identification:_identify(src/aerostack2/as2_behaviors) by extensions ['colcon_pkg']
[0.361s] Level 1:colcon.colcon_core.package_identification:_identify(src/aerostack2/as2_behaviors) by extension 'colcon_pkg'
[0.361s] Level 1:colcon.colcon_core.package_identification:_identify(src/aerostack2/as2_behaviors) by extensions ['colcon_meta']
[0.361s] Level 1:colcon.colcon_core.package_identification:_identify(src/aerostack2/as2_behaviors) by extension 'colcon_meta'
[0.361s] Level 1:colcon.colcon_core.package_identification:_identify(src/aerostack2/as2_behaviors) by extensions ['ros']
[0.361s] Level 1:colcon.colcon_core.package_identification:_identify(src/aerostack2/as2_behaviors) by extension 'ros'
[0.361s] Level 1:colcon.colcon_core.package_identification:_identify(src/aerostack2/as2_behaviors) by extensions ['cmake', 'python']
[0.361s] Level 1:colcon.colcon_core.package_identification:_identify(src/aerostack2/as2_behaviors) by extension 'cmake'
[0.361s] Level 1:colcon.colcon_core.package_identification:_identify(src/aerostack2/as2_behaviors) by extension 'python'
[0.361s] Level 1:colcon.colcon_core.package_identification:_identify(src/aerostack2/as2_behaviors) by extensions ['python_setup_py']
[0.361s] Level 1:colcon.colcon_core.package_identification:_identify(src/aerostack2/as2_behaviors) by extension 'python_setup_py'
[0.362s] Level 1:colcon.colcon_core.package_identification:_identify(src/aerostack2/as2_behaviors/as2_behavior) by extensions ['ignore', 'ignore_ament_install']
[0.362s] Level 1:colcon.colcon_core.package_identification:_identify(src/aerostack2/as2_behaviors/as2_behavior) by extension 'ignore'
[0.362s] Level 1:colcon.colcon_core.package_identification:_identify(src/aerostack2/as2_behaviors/as2_behavior) by extension 'ignore_ament_install'
[0.362s] Level 1:colcon.colcon_core.package_identification:_identify(src/aerostack2/as2_behaviors/as2_behavior) by extensions ['colcon_pkg']
[0.362s] Level 1:colcon.colcon_core.package_identification:_identify(src/aerostack2/as2_behaviors/as2_behavior) by extension 'colcon_pkg'
[0.362s] Level 1:colcon.colcon_core.package_identification:_identify(src/aerostack2/as2_behaviors/as2_behavior) by extensions ['colcon_meta']
[0.362s] Level 1:colcon.colcon_core.package_identification:_identify(src/aerostack2/as2_behaviors/as2_behavior) by extension 'colcon_meta'
[0.362s] Level 1:colcon.colcon_core.package_identification:_identify(src/aerostack2/as2_behaviors/as2_behavior) by extensions ['ros']
[0.362s] Level 1:colcon.colcon_core.package_identification:_identify(src/aerostack2/as2_behaviors/as2_behavior) by extension 'ros'
[0.362s] DEBUG:colcon.colcon_core.package_identification:Package 'src/aerostack2/as2_behaviors/as2_behavior' with type 'ros.ament_cmake' and name 'as2_behavior'
[0.363s] Level 1:colcon.colcon_core.package_identification:_identify(src/aerostack2/as2_behaviors/as2_behaviors_motion) by extensions ['ignore', 'ignore_ament_install']
[0.363s] Level 1:colcon.colcon_core.package_identification:_identify(src/aerostack2/as2_behaviors/as2_behaviors_motion) by extension 'ignore'
[0.363s] Level 1:colcon.colcon_core.package_identification:_identify(src/aerostack2/as2_behaviors/as2_behaviors_motion) by extension 'ignore_ament_install'
[0.363s] Level 1:colcon.colcon_core.package_identification:_identify(src/aerostack2/as2_behaviors/as2_behaviors_motion) by extensions ['colcon_pkg']
[0.363s] Level 1:colcon.colcon_core.package_identification:_identify(src/aerostack2/as2_behaviors/as2_behaviors_motion) by extension 'colcon_pkg'
[0.363s] Level 1:colcon.colcon_core.package_identification:_identify(src/aerostack2/as2_behaviors/as2_behaviors_motion) by extensions ['colcon_meta']
[0.363s] Level 1:colcon.colcon_core.package_identification:_identify(src/aerostack2/as2_behaviors/as2_behaviors_motion) by extension 'colcon_meta'
[0.363s] Level 1:colcon.colcon_core.package_identification:_identify(src/aerostack2/as2_behaviors/as2_behaviors_motion) by extensions ['ros']
[0.363s] Level 1:colcon.colcon_core.package_identification:_identify(src/aerostack2/as2_behaviors/as2_behaviors_motion) by extension 'ros'
[0.364s] DEBUG:colcon.colcon_core.package_identification:Package 'src/aerostack2/as2_behaviors/as2_behaviors_motion' with type 'ros.ament_cmake' and name 'as2_behaviors_motion'
[0.364s] Level 1:colcon.colcon_core.package_identification:_identify(src/aerostack2/as2_behaviors/as2_behaviors_path_planning) by extensions ['ignore', 'ignore_ament_install']
[0.364s] Level 1:colcon.colcon_core.package_identification:_identify(src/aerostack2/as2_behaviors/as2_behaviors_path_planning) by extension 'ignore'
[0.364s] Level 1:colcon.colcon_core.package_identification:_identify(src/aerostack2/as2_behaviors/as2_behaviors_path_planning) by extension 'ignore_ament_install'
[0.364s] Level 1:colcon.colcon_core.package_identification:_identify(src/aerostack2/as2_behaviors/as2_behaviors_path_planning) by extensions ['colcon_pkg']
[0.364s] Level 1:colcon.colcon_core.package_identification:_identify(src/aerostack2/as2_behaviors/as2_behaviors_path_planning) by extension 'colcon_pkg'
[0.364s] Level 1:colcon.colcon_core.package_identification:_identify(src/aerostack2/as2_behaviors/as2_behaviors_path_planning) by extensions ['colcon_meta']
[0.364s] Level 1:colcon.colcon_core.package_identification:_identify(src/aerostack2/as2_behaviors/as2_behaviors_path_planning) by extension 'colcon_meta'
[0.364s] Level 1:colcon.colcon_core.package_identification:_identify(src/aerostack2/as2_behaviors/as2_behaviors_path_planning) by extensions ['ros']
[0.364s] Level 1:colcon.colcon_core.package_identification:_identify(src/aerostack2/as2_behaviors/as2_behaviors_path_planning) by extension 'ros'
[0.364s] DEBUG:colcon.colcon_core.package_identification:Package 'src/aerostack2/as2_behaviors/as2_behaviors_path_planning' with type 'ros.ament_cmake' and name 'as2_behaviors_path_planning'
[0.365s] Level 1:colcon.colcon_core.package_identification:_identify(src/aerostack2/as2_behaviors/as2_behaviors_perception) by extensions ['ignore', 'ignore_ament_install']
[0.365s] Level 1:colcon.colcon_core.package_identification:_identify(src/aerostack2/as2_behaviors/as2_behaviors_perception) by extension 'ignore'
[0.365s] Level 1:colcon.colcon_core.package_identification:_identify(src/aerostack2/as2_behaviors/as2_behaviors_perception) by extension 'ignore_ament_install'
[0.365s] Level 1:colcon.colcon_core.package_identification:_identify(src/aerostack2/as2_behaviors/as2_behaviors_perception) by extensions ['colcon_pkg']
[0.365s] Level 1:colcon.colcon_core.package_identification:_identify(src/aerostack2/as2_behaviors/as2_behaviors_perception) by extension 'colcon_pkg'
[0.365s] Level 1:colcon.colcon_core.package_identification:_identify(src/aerostack2/as2_behaviors/as2_behaviors_perception) by extensions ['colcon_meta']
[0.365s] Level 1:colcon.colcon_core.package_identification:_identify(src/aerostack2/as2_behaviors/as2_behaviors_perception) by extension 'colcon_meta'
[0.365s] Level 1:colcon.colcon_core.package_identification:_identify(src/aerostack2/as2_behaviors/as2_behaviors_perception) by extensions ['ros']
[0.365s] Level 1:colcon.colcon_core.package_identification:_identify(src/aerostack2/as2_behaviors/as2_behaviors_perception) by extension 'ros'
[0.366s] DEBUG:colcon.colcon_core.package_identification:Package 'src/aerostack2/as2_behaviors/as2_behaviors_perception' with type 'ros.ament_cmake' and name 'as2_behaviors_perception'
[0.366s] Level 1:colcon.colcon_core.package_identification:_identify(src/aerostack2/as2_behaviors/as2_behaviors_platform) by extensions ['ignore', 'ignore_ament_install']
[0.366s] Level 1:colcon.colcon_core.package_identification:_identify(src/aerostack2/as2_behaviors/as2_behaviors_platform) by extension 'ignore'
[0.366s] Level 1:colcon.colcon_core.package_identification:_identify(src/aerostack2/as2_behaviors/as2_behaviors_platform) by extension 'ignore_ament_install'
[0.366s] Level 1:colcon.colcon_core.package_identification:_identify(src/aerostack2/as2_behaviors/as2_behaviors_platform) by extensions ['colcon_pkg']
[0.366s] Level 1:colcon.colcon_core.package_identification:_identify(src/aerostack2/as2_behaviors/as2_behaviors_platform) by extension 'colcon_pkg'
[0.366s] Level 1:colcon.colcon_core.package_identification:_identify(src/aerostack2/as2_behaviors/as2_behaviors_platform) by extensions ['colcon_meta']
[0.366s] Level 1:colcon.colcon_core.package_identification:_identify(src/aerostack2/as2_behaviors/as2_behaviors_platform) by extension 'colcon_meta'
[0.366s] Level 1:colcon.colcon_core.package_identification:_identify(src/aerostack2/as2_behaviors/as2_behaviors_platform) by extensions ['ros']
[0.366s] Level 1:colcon.colcon_core.package_identification:_identify(src/aerostack2/as2_behaviors/as2_behaviors_platform) by extension 'ros'
[0.366s] DEBUG:colcon.colcon_core.package_identification:Package 'src/aerostack2/as2_behaviors/as2_behaviors_platform' with type 'ros.ament_cmake' and name 'as2_behaviors_platform'
[0.366s] Level 1:colcon.colcon_core.package_identification:_identify(src/aerostack2/as2_behaviors/as2_behaviors_swarm_flocking) by extensions ['ignore', 'ignore_ament_install']
[0.366s] Level 1:colcon.colcon_core.package_identification:_identify(src/aerostack2/as2_behaviors/as2_behaviors_swarm_flocking) by extension 'ignore'
[0.366s] Level 1:colcon.colcon_core.package_identification:_identify(src/aerostack2/as2_behaviors/as2_behaviors_swarm_flocking) by extension 'ignore_ament_install'
[0.366s] Level 1:colcon.colcon_core.package_identification:_identify(src/aerostack2/as2_behaviors/as2_behaviors_swarm_flocking) by extensions ['colcon_pkg']
[0.366s] Level 1:colcon.colcon_core.package_identification:_identify(src/aerostack2/as2_behaviors/as2_behaviors_swarm_flocking) by extension 'colcon_pkg'
[0.367s] Level 1:colcon.colcon_core.package_identification:_identify(src/aerostack2/as2_behaviors/as2_behaviors_swarm_flocking) by extensions ['colcon_meta']
[0.367s] Level 1:colcon.colcon_core.package_identification:_identify(src/aerostack2/as2_behaviors/as2_behaviors_swarm_flocking) by extension 'colcon_meta'
[0.367s] Level 1:colcon.colcon_core.package_identification:_identify(src/aerostack2/as2_behaviors/as2_behaviors_swarm_flocking) by extensions ['ros']
[0.367s] Level 1:colcon.colcon_core.package_identification:_identify(src/aerostack2/as2_behaviors/as2_behaviors_swarm_flocking) by extension 'ros'
[0.368s] DEBUG:colcon.colcon_core.package_identification:Package 'src/aerostack2/as2_behaviors/as2_behaviors_swarm_flocking' with type 'ros.ament_cmake' and name 'as2_behaviors_swarm_flocking'
[0.368s] Level 1:colcon.colcon_core.package_identification:_identify(src/aerostack2/as2_behaviors/as2_behaviors_trajectory_generation) by extensions ['ignore', 'ignore_ament_install']
[0.369s] Level 1:colcon.colcon_core.package_identification:_identify(src/aerostack2/as2_behaviors/as2_behaviors_trajectory_generation) by extension 'ignore'
[0.369s] Level 1:colcon.colcon_core.package_identification:_identify(src/aerostack2/as2_behaviors/as2_behaviors_trajectory_generation) by extension 'ignore_ament_install'
[0.369s] Level 1:colcon.colcon_core.package_identification:_identify(src/aerostack2/as2_behaviors/as2_behaviors_trajectory_generation) by extensions ['colcon_pkg']
[0.369s] Level 1:colcon.colcon_core.package_identification:_identify(src/aerostack2/as2_behaviors/as2_behaviors_trajectory_generation) by extension 'colcon_pkg'
[0.369s] Level 1:colcon.colcon_core.package_identification:_identify(src/aerostack2/as2_behaviors/as2_behaviors_trajectory_generation) by extensions ['colcon_meta']
[0.369s] Level 1:colcon.colcon_core.package_identification:_identify(src/aerostack2/as2_behaviors/as2_behaviors_trajectory_generation) by extension 'colcon_meta'
[0.369s] Level 1:colcon.colcon_core.package_identification:_identify(src/aerostack2/as2_behaviors/as2_behaviors_trajectory_generation) by extensions ['ros']
[0.369s] Level 1:colcon.colcon_core.package_identification:_identify(src/aerostack2/as2_behaviors/as2_behaviors_trajectory_generation) by extension 'ros'
[0.370s] DEBUG:colcon.colcon_core.package_identification:Package 'src/aerostack2/as2_behaviors/as2_behaviors_trajectory_generation' with type 'ros.ament_cmake' and name 'as2_behaviors_trajectory_generation'
[0.370s] Level 1:colcon.colcon_core.package_identification:_identify(src/aerostack2/as2_cli) by extensions ['ignore', 'ignore_ament_install']
[0.370s] Level 1:colcon.colcon_core.package_identification:_identify(src/aerostack2/as2_cli) by extension 'ignore'
[0.370s] Level 1:colcon.colcon_core.package_identification:_identify(src/aerostack2/as2_cli) by extension 'ignore_ament_install'
[0.370s] Level 1:colcon.colcon_core.package_identification:_identify(src/aerostack2/as2_cli) by extensions ['colcon_pkg']
[0.370s] Level 1:colcon.colcon_core.package_identification:_identify(src/aerostack2/as2_cli) by extension 'colcon_pkg'
[0.370s] Level 1:colcon.colcon_core.package_identification:_identify(src/aerostack2/as2_cli) by extensions ['colcon_meta']
[0.370s] Level 1:colcon.colcon_core.package_identification:_identify(src/aerostack2/as2_cli) by extension 'colcon_meta'
[0.370s] Level 1:colcon.colcon_core.package_identification:_identify(src/aerostack2/as2_cli) by extensions ['ros']
[0.370s] Level 1:colcon.colcon_core.package_identification:_identify(src/aerostack2/as2_cli) by extension 'ros'
[0.371s] DEBUG:colcon.colcon_core.package_identification:Package 'src/aerostack2/as2_cli' with type 'ros.ament_cmake' and name 'as2_cli'
[0.371s] Level 1:colcon.colcon_core.package_identification:_identify(src/aerostack2/as2_core) by extensions ['ignore', 'ignore_ament_install']
[0.371s] Level 1:colcon.colcon_core.package_identification:_identify(src/aerostack2/as2_core) by extension 'ignore'
[0.371s] Level 1:colcon.colcon_core.package_identification:_identify(src/aerostack2/as2_core) by extension 'ignore_ament_install'
[0.371s] Level 1:colcon.colcon_core.package_identification:_identify(src/aerostack2/as2_core) by extensions ['colcon_pkg']
[0.371s] Level 1:colcon.colcon_core.package_identification:_identify(src/aerostack2/as2_core) by extension 'colcon_pkg'
[0.371s] Level 1:colcon.colcon_core.package_identification:_identify(src/aerostack2/as2_core) by extensions ['colcon_meta']
[0.371s] Level 1:colcon.colcon_core.package_identification:_identify(src/aerostack2/as2_core) by extension 'colcon_meta'
[0.371s] Level 1:colcon.colcon_core.package_identification:_identify(src/aerostack2/as2_core) by extensions ['ros']
[0.372s] Level 1:colcon.colcon_core.package_identification:_identify(src/aerostack2/as2_core) by extension 'ros'
[0.381s] DEBUG:colcon.colcon_core.package_identification:Package 'src/aerostack2/as2_core' with type 'ros.ament_cmake' and name 'as2_core'
[0.381s] Level 1:colcon.colcon_core.package_identification:_identify(src/aerostack2/as2_hardware_drivers) by extensions ['ignore', 'ignore_ament_install']
[0.381s] Level 1:colcon.colcon_core.package_identification:_identify(src/aerostack2/as2_hardware_drivers) by extension 'ignore'
[0.381s] Level 1:colcon.colcon_core.package_identification:_identify(src/aerostack2/as2_hardware_drivers) by extension 'ignore_ament_install'
[0.381s] Level 1:colcon.colcon_core.package_identification:_identify(src/aerostack2/as2_hardware_drivers) by extensions ['colcon_pkg']
[0.381s] Level 1:colcon.colcon_core.package_identification:_identify(src/aerostack2/as2_hardware_drivers) by extension 'colcon_pkg'
[0.381s] Level 1:colcon.colcon_core.package_identification:_identify(src/aerostack2/as2_hardware_drivers) by extensions ['colcon_meta']
[0.381s] Level 1:colcon.colcon_core.package_identification:_identify(src/aerostack2/as2_hardware_drivers) by extension 'colcon_meta'
[0.381s] Level 1:colcon.colcon_core.package_identification:_identify(src/aerostack2/as2_hardware_drivers) by extensions ['ros']
[0.381s] Level 1:colcon.colcon_core.package_identification:_identify(src/aerostack2/as2_hardware_drivers) by extension 'ros'
[0.381s] Level 1:colcon.colcon_core.package_identification:_identify(src/aerostack2/as2_hardware_drivers) by extensions ['cmake', 'python']
[0.381s] Level 1:colcon.colcon_core.package_identification:_identify(src/aerostack2/as2_hardware_drivers) by extension 'cmake'
[0.381s] Level 1:colcon.colcon_core.package_identification:_identify(src/aerostack2/as2_hardware_drivers) by extension 'python'
[0.381s] Level 1:colcon.colcon_core.package_identification:_identify(src/aerostack2/as2_hardware_drivers) by extensions ['python_setup_py']
[0.381s] Level 1:colcon.colcon_core.package_identification:_identify(src/aerostack2/as2_hardware_drivers) by extension 'python_setup_py'
[0.382s] Level 1:colcon.colcon_core.package_identification:_identify(src/aerostack2/as2_hardware_drivers/as2_realsense_interface) by extensions ['ignore', 'ignore_ament_install']
[0.382s] Level 1:colcon.colcon_core.package_identification:_identify(src/aerostack2/as2_hardware_drivers/as2_realsense_interface) by extension 'ignore'
[0.382s] Level 1:colcon.colcon_core.package_identification:_identify(src/aerostack2/as2_hardware_drivers/as2_realsense_interface) by extension 'ignore_ament_install'
[0.382s] Level 1:colcon.colcon_core.package_identification:_identify(src/aerostack2/as2_hardware_drivers/as2_realsense_interface) by extensions ['colcon_pkg']
[0.382s] Level 1:colcon.colcon_core.package_identification:_identify(src/aerostack2/as2_hardware_drivers/as2_realsense_interface) by extension 'colcon_pkg'
[0.382s] Level 1:colcon.colcon_core.package_identification:_identify(src/aerostack2/as2_hardware_drivers/as2_realsense_interface) by extensions ['colcon_meta']
[0.382s] Level 1:colcon.colcon_core.package_identification:_identify(src/aerostack2/as2_hardware_drivers/as2_realsense_interface) by extension 'colcon_meta'
[0.382s] Level 1:colcon.colcon_core.package_identification:_identify(src/aerostack2/as2_hardware_drivers/as2_realsense_interface) by extensions ['ros']
[0.382s] Level 1:colcon.colcon_core.package_identification:_identify(src/aerostack2/as2_hardware_drivers/as2_realsense_interface) by extension 'ros'
[0.383s] DEBUG:colcon.colcon_core.package_identification:Package 'src/aerostack2/as2_hardware_drivers/as2_realsense_interface' with type 'ros.ament_cmake' and name 'as2_realsense_interface'
[0.383s] Level 1:colcon.colcon_core.package_identification:_identify(src/aerostack2/as2_hardware_drivers/as2_usb_camera_interface) by extensions ['ignore', 'ignore_ament_install']
[0.383s] Level 1:colcon.colcon_core.package_identification:_identify(src/aerostack2/as2_hardware_drivers/as2_usb_camera_interface) by extension 'ignore'
[0.383s] Level 1:colcon.colcon_core.package_identification:_identify(src/aerostack2/as2_hardware_drivers/as2_usb_camera_interface) by extension 'ignore_ament_install'
[0.383s] Level 1:colcon.colcon_core.package_identification:_identify(src/aerostack2/as2_hardware_drivers/as2_usb_camera_interface) by extensions ['colcon_pkg']
[0.383s] Level 1:colcon.colcon_core.package_identification:_identify(src/aerostack2/as2_hardware_drivers/as2_usb_camera_interface) by extension 'colcon_pkg'
[0.383s] Level 1:colcon.colcon_core.package_identification:_identify(src/aerostack2/as2_hardware_drivers/as2_usb_camera_interface) by extensions ['colcon_meta']
[0.383s] Level 1:colcon.colcon_core.package_identification:_identify(src/aerostack2/as2_hardware_drivers/as2_usb_camera_interface) by extension 'colcon_meta'
[0.383s] Level 1:colcon.colcon_core.package_identification:_identify(src/aerostack2/as2_hardware_drivers/as2_usb_camera_interface) by extensions ['ros']
[0.383s] Level 1:colcon.colcon_core.package_identification:_identify(src/aerostack2/as2_hardware_drivers/as2_usb_camera_interface) by extension 'ros'
[0.384s] DEBUG:colcon.colcon_core.package_identification:Package 'src/aerostack2/as2_hardware_drivers/as2_usb_camera_interface' with type 'ros.ament_cmake' and name 'as2_usb_camera_interface'
[0.384s] Level 1:colcon.colcon_core.package_identification:_identify(src/aerostack2/as2_map_server) by extensions ['ignore', 'ignore_ament_install']
[0.384s] Level 1:colcon.colcon_core.package_identification:_identify(src/aerostack2/as2_map_server) by extension 'ignore'
[0.384s] Level 1:colcon.colcon_core.package_identification:_identify(src/aerostack2/as2_map_server) by extension 'ignore_ament_install'
[0.384s] Level 1:colcon.colcon_core.package_identification:_identify(src/aerostack2/as2_map_server) by extensions ['colcon_pkg']
[0.384s] Level 1:colcon.colcon_core.package_identification:_identify(src/aerostack2/as2_map_server) by extension 'colcon_pkg'
[0.384s] Level 1:colcon.colcon_core.package_identification:_identify(src/aerostack2/as2_map_server) by extensions ['colcon_meta']
[0.384s] Level 1:colcon.colcon_core.package_identification:_identify(src/aerostack2/as2_map_server) by extension 'colcon_meta'
[0.384s] Level 1:colcon.colcon_core.package_identification:_identify(src/aerostack2/as2_map_server) by extensions ['ros']
[0.384s] Level 1:colcon.colcon_core.package_identification:_identify(src/aerostack2/as2_map_server) by extension 'ros'
[0.385s] DEBUG:colcon.colcon_core.package_identification:Package 'src/aerostack2/as2_map_server' with type 'ros.ament_cmake' and name 'as2_map_server'
[0.385s] Level 1:colcon.colcon_core.package_identification:_identify(src/aerostack2/as2_motion_controller) by extensions ['ignore', 'ignore_ament_install']
[0.385s] Level 1:colcon.colcon_core.package_identification:_identify(src/aerostack2/as2_motion_controller) by extension 'ignore'
[0.386s] Level 1:colcon.colcon_core.package_identification:_identify(src/aerostack2/as2_motion_controller) by extension 'ignore_ament_install'
[0.386s] Level 1:colcon.colcon_core.package_identification:_identify(src/aerostack2/as2_motion_controller) by extensions ['colcon_pkg']
[0.386s] Level 1:colcon.colcon_core.package_identification:_identify(src/aerostack2/as2_motion_controller) by extension 'colcon_pkg'
[0.386s] Level 1:colcon.colcon_core.package_identification:_identify(src/aerostack2/as2_motion_controller) by extensions ['colcon_meta']
[0.386s] Level 1:colcon.colcon_core.package_identification:_identify(src/aerostack2/as2_motion_controller) by extension 'colcon_meta'
[0.386s] Level 1:colcon.colcon_core.package_identification:_identify(src/aerostack2/as2_motion_controller) by extensions ['ros']
[0.386s] Level 1:colcon.colcon_core.package_identification:_identify(src/aerostack2/as2_motion_controller) by extension 'ros'
[0.387s] DEBUG:colcon.colcon_core.package_identification:Package 'src/aerostack2/as2_motion_controller' with type 'ros.ament_cmake' and name 'as2_motion_controller'
[0.387s] Level 1:colcon.colcon_core.package_identification:_identify(src/aerostack2/as2_motion_reference_handlers) by extensions ['ignore', 'ignore_ament_install']
[0.387s] Level 1:colcon.colcon_core.package_identification:_identify(src/aerostack2/as2_motion_reference_handlers) by extension 'ignore'
[0.387s] Level 1:colcon.colcon_core.package_identification:_identify(src/aerostack2/as2_motion_reference_handlers) by extension 'ignore_ament_install'
[0.387s] Level 1:colcon.colcon_core.package_identification:_identify(src/aerostack2/as2_motion_reference_handlers) by extensions ['colcon_pkg']
[0.387s] Level 1:colcon.colcon_core.package_identification:_identify(src/aerostack2/as2_motion_reference_handlers) by extension 'colcon_pkg'
[0.387s] Level 1:colcon.colcon_core.package_identification:_identify(src/aerostack2/as2_motion_reference_handlers) by extensions ['colcon_meta']
[0.387s] Level 1:colcon.colcon_core.package_identification:_identify(src/aerostack2/as2_motion_reference_handlers) by extension 'colcon_meta'
[0.387s] Level 1:colcon.colcon_core.package_identification:_identify(src/aerostack2/as2_motion_reference_handlers) by extensions ['ros']
[0.388s] Level 1:colcon.colcon_core.package_identification:_identify(src/aerostack2/as2_motion_reference_handlers) by extension 'ros'
[0.388s] DEBUG:colcon.colcon_core.package_identification:Package 'src/aerostack2/as2_motion_reference_handlers' with type 'ros.ament_cmake' and name 'as2_motion_reference_handlers'
[0.389s] Level 1:colcon.colcon_core.package_identification:_identify(src/aerostack2/as2_msgs) by extensions ['ignore', 'ignore_ament_install']
[0.389s] Level 1:colcon.colcon_core.package_identification:_identify(src/aerostack2/as2_msgs) by extension 'ignore'
[0.389s] Level 1:colcon.colcon_core.package_identification:_identify(src/aerostack2/as2_msgs) by extension 'ignore_ament_install'
[0.389s] Level 1:colcon.colcon_core.package_identification:_identify(src/aerostack2/as2_msgs) by extensions ['colcon_pkg']
[0.389s] Level 1:colcon.colcon_core.package_identification:_identify(src/aerostack2/as2_msgs) by extension 'colcon_pkg'
[0.389s] Level 1:colcon.colcon_core.package_identification:_identify(src/aerostack2/as2_msgs) by extensions ['colcon_meta']
[0.389s] Level 1:colcon.colcon_core.package_identification:_identify(src/aerostack2/as2_msgs) by extension 'colcon_meta'
[0.389s] Level 1:colcon.colcon_core.package_identification:_identify(src/aerostack2/as2_msgs) by extensions ['ros']
[0.389s] Level 1:colcon.colcon_core.package_identification:_identify(src/aerostack2/as2_msgs) by extension 'ros'
[0.390s] DEBUG:colcon.colcon_core.package_identification:Package 'src/aerostack2/as2_msgs' with type 'ros.ament_cmake' and name 'as2_msgs'
[0.391s] Level 1:colcon.colcon_core.package_identification:_identify(src/aerostack2/as2_perception) by extensions ['ignore', 'ignore_ament_install']
[0.391s] Level 1:colcon.colcon_core.package_identification:_identify(src/aerostack2/as2_perception) by extension 'ignore'
[0.391s] Level 1:colcon.colcon_core.package_identification:_identify(src/aerostack2/as2_perception) by extension 'ignore_ament_install'
[0.391s] Level 1:colcon.colcon_core.package_identification:_identify(src/aerostack2/as2_perception) by extensions ['colcon_pkg']
[0.391s] Level 1:colcon.colcon_core.package_identification:_identify(src/aerostack2/as2_perception) by extension 'colcon_pkg'
[0.391s] Level 1:colcon.colcon_core.package_identification:_identify(src/aerostack2/as2_perception) by extensions ['colcon_meta']
[0.391s] Level 1:colcon.colcon_core.package_identification:_identify(src/aerostack2/as2_perception) by extension 'colcon_meta'
[0.391s] Level 1:colcon.colcon_core.package_identification:_identify(src/aerostack2/as2_perception) by extensions ['ros']
[0.391s] Level 1:colcon.colcon_core.package_identification:_identify(src/aerostack2/as2_perception) by extension 'ros'
[0.392s] DEBUG:colcon.colcon_core.package_identification:Package 'src/aerostack2/as2_perception' with type 'ros.ament_python' and name 'as2_perception'
[0.392s] Level 1:colcon.colcon_core.package_identification:_identify(src/aerostack2/as2_platform_gazebo) by extensions ['ignore', 'ignore_ament_install']
[0.392s] Level 1:colcon.colcon_core.package_identification:_identify(src/aerostack2/as2_platform_gazebo) by extension 'ignore'
[0.392s] Level 1:colcon.colcon_core.package_identification:_identify(src/aerostack2/as2_platform_gazebo) by extension 'ignore_ament_install'
[0.392s] Level 1:colcon.colcon_core.package_identification:_identify(src/aerostack2/as2_platform_gazebo) by extensions ['colcon_pkg']
[0.392s] Level 1:colcon.colcon_core.package_identification:_identify(src/aerostack2/as2_platform_gazebo) by extension 'colcon_pkg'
[0.392s] Level 1:colcon.colcon_core.package_identification:_identify(src/aerostack2/as2_platform_gazebo) by extensions ['colcon_meta']
[0.392s] Level 1:colcon.colcon_core.package_identification:_identify(src/aerostack2/as2_platform_gazebo) by extension 'colcon_meta'
[0.392s] Level 1:colcon.colcon_core.package_identification:_identify(src/aerostack2/as2_platform_gazebo) by extensions ['ros']
[0.392s] Level 1:colcon.colcon_core.package_identification:_identify(src/aerostack2/as2_platform_gazebo) by extension 'ros'
[0.392s] Level 1:colcon.colcon_core.package_identification:_identify(src/aerostack2/as2_platform_gazebo) by extensions ['cmake', 'python']
[0.392s] Level 1:colcon.colcon_core.package_identification:_identify(src/aerostack2/as2_platform_gazebo) by extension 'cmake'
[0.392s] Level 1:colcon.colcon_core.package_identification:_identify(src/aerostack2/as2_platform_gazebo) by extension 'python'
[0.392s] Level 1:colcon.colcon_core.package_identification:_identify(src/aerostack2/as2_platform_gazebo) by extensions ['python_setup_py']
[0.392s] Level 1:colcon.colcon_core.package_identification:_identify(src/aerostack2/as2_platform_gazebo) by extension 'python_setup_py'
[0.392s] Level 1:colcon.colcon_core.package_identification:_identify(src/aerostack2/as2_platform_gazebo/config) by extensions ['ignore', 'ignore_ament_install']
[0.392s] Level 1:colcon.colcon_core.package_identification:_identify(src/aerostack2/as2_platform_gazebo/config) by extension 'ignore'
[0.392s] Level 1:colcon.colcon_core.package_identification:_identify(src/aerostack2/as2_platform_gazebo/config) by extension 'ignore_ament_install'
[0.392s] Level 1:colcon.colcon_core.package_identification:_identify(src/aerostack2/as2_platform_gazebo/config) by extensions ['colcon_pkg']
[0.392s] Level 1:colcon.colcon_core.package_identification:_identify(src/aerostack2/as2_platform_gazebo/config) by extension 'colcon_pkg'
[0.392s] Level 1:colcon.colcon_core.package_identification:_identify(src/aerostack2/as2_platform_gazebo/config) by extensions ['colcon_meta']
[0.392s] Level 1:colcon.colcon_core.package_identification:_identify(src/aerostack2/as2_platform_gazebo/config) by extension 'colcon_meta'
[0.392s] Level 1:colcon.colcon_core.package_identification:_identify(src/aerostack2/as2_platform_gazebo/config) by extensions ['ros']
[0.392s] Level 1:colcon.colcon_core.package_identification:_identify(src/aerostack2/as2_platform_gazebo/config) by extension 'ros'
[0.392s] Level 1:colcon.colcon_core.package_identification:_identify(src/aerostack2/as2_platform_gazebo/config) by extensions ['cmake', 'python']
[0.392s] Level 1:colcon.colcon_core.package_identification:_identify(src/aerostack2/as2_platform_gazebo/config) by extension 'cmake'
[0.392s] Level 1:colcon.colcon_core.package_identification:_identify(src/aerostack2/as2_platform_gazebo/config) by extension 'python'
[0.392s] Level 1:colcon.colcon_core.package_identification:_identify(src/aerostack2/as2_platform_gazebo/config) by extensions ['python_setup_py']
[0.393s] Level 1:colcon.colcon_core.package_identification:_identify(src/aerostack2/as2_platform_gazebo/config) by extension 'python_setup_py'
[0.393s] Level 1:colcon.colcon_core.package_identification:_identify(src/aerostack2/as2_project_bringup) by extensions ['ignore', 'ignore_ament_install']
[0.393s] Level 1:colcon.colcon_core.package_identification:_identify(src/aerostack2/as2_project_bringup) by extension 'ignore'
[0.393s] Level 1:colcon.colcon_core.package_identification:_identify(src/aerostack2/as2_project_bringup) by extension 'ignore_ament_install'
[0.393s] Level 1:colcon.colcon_core.package_identification:_identify(src/aerostack2/as2_project_bringup) by extensions ['colcon_pkg']
[0.393s] Level 1:colcon.colcon_core.package_identification:_identify(src/aerostack2/as2_project_bringup) by extension 'colcon_pkg'
[0.393s] Level 1:colcon.colcon_core.package_identification:_identify(src/aerostack2/as2_project_bringup) by extensions ['colcon_meta']
[0.393s] Level 1:colcon.colcon_core.package_identification:_identify(src/aerostack2/as2_project_bringup) by extension 'colcon_meta'
[0.393s] Level 1:colcon.colcon_core.package_identification:_identify(src/aerostack2/as2_project_bringup) by extensions ['ros']
[0.393s] Level 1:colcon.colcon_core.package_identification:_identify(src/aerostack2/as2_project_bringup) by extension 'ros'
[0.393s] DEBUG:colcon.colcon_core.package_identification:Package 'src/aerostack2/as2_project_bringup' with type 'ros.ament_python' and name 'as2_project_bringup'
[0.393s] Level 1:colcon.colcon_core.package_identification:_identify(src/aerostack2/as2_python_api) by extensions ['ignore', 'ignore_ament_install']
[0.393s] Level 1:colcon.colcon_core.package_identification:_identify(src/aerostack2/as2_python_api) by extension 'ignore'
[0.393s] Level 1:colcon.colcon_core.package_identification:_identify(src/aerostack2/as2_python_api) by extension 'ignore_ament_install'
[0.393s] Level 1:colcon.colcon_core.package_identification:_identify(src/aerostack2/as2_python_api) by extensions ['colcon_pkg']
[0.393s] Level 1:colcon.colcon_core.package_identification:_identify(src/aerostack2/as2_python_api) by extension 'colcon_pkg'
[0.394s] Level 1:colcon.colcon_core.package_identification:_identify(src/aerostack2/as2_python_api) by extensions ['colcon_meta']
[0.394s] Level 1:colcon.colcon_core.package_identification:_identify(src/aerostack2/as2_python_api) by extension 'colcon_meta'
[0.394s] Level 1:colcon.colcon_core.package_identification:_identify(src/aerostack2/as2_python_api) by extensions ['ros']
[0.394s] Level 1:colcon.colcon_core.package_identification:_identify(src/aerostack2/as2_python_api) by extension 'ros'
[0.395s] DEBUG:colcon.colcon_core.package_identification:Package 'src/aerostack2/as2_python_api' with type 'ros.ament_python' and name 'as2_python_api'
[0.395s] Level 1:colcon.colcon_core.package_identification:_identify(src/aerostack2/as2_simulation_assets) by extensions ['ignore', 'ignore_ament_install']
[0.395s] Level 1:colcon.colcon_core.package_identification:_identify(src/aerostack2/as2_simulation_assets) by extension 'ignore'
[0.395s] Level 1:colcon.colcon_core.package_identification:_identify(src/aerostack2/as2_simulation_assets) by extension 'ignore_ament_install'
[0.395s] Level 1:colcon.colcon_core.package_identification:_identify(src/aerostack2/as2_simulation_assets) by extensions ['colcon_pkg']
[0.395s] Level 1:colcon.colcon_core.package_identification:_identify(src/aerostack2/as2_simulation_assets) by extension 'colcon_pkg'
[0.395s] Level 1:colcon.colcon_core.package_identification:_identify(src/aerostack2/as2_simulation_assets) by extensions ['colcon_meta']
[0.395s] Level 1:colcon.colcon_core.package_identification:_identify(src/aerostack2/as2_simulation_assets) by extension 'colcon_meta'
[0.395s] Level 1:colcon.colcon_core.package_identification:_identify(src/aerostack2/as2_simulation_assets) by extensions ['ros']
[0.395s] Level 1:colcon.colcon_core.package_identification:_identify(src/aerostack2/as2_simulation_assets) by extension 'ros'
[0.395s] Level 1:colcon.colcon_core.package_identification:_identify(src/aerostack2/as2_simulation_assets) by extensions ['cmake', 'python']
[0.395s] Level 1:colcon.colcon_core.package_identification:_identify(src/aerostack2/as2_simulation_assets) by extension 'cmake'
[0.395s] Level 1:colcon.colcon_core.package_identification:_identify(src/aerostack2/as2_simulation_assets) by extension 'python'
[0.395s] Level 1:colcon.colcon_core.package_identification:_identify(src/aerostack2/as2_simulation_assets) by extensions ['python_setup_py']
[0.395s] Level 1:colcon.colcon_core.package_identification:_identify(src/aerostack2/as2_simulation_assets) by extension 'python_setup_py'
[0.395s] Level 1:colcon.colcon_core.package_identification:_identify(src/aerostack2/as2_simulation_assets/as2_gazebo_assets) by extensions ['ignore', 'ignore_ament_install']
[0.395s] Level 1:colcon.colcon_core.package_identification:_identify(src/aerostack2/as2_simulation_assets/as2_gazebo_assets) by extension 'ignore'
[0.395s] Level 1:colcon.colcon_core.package_identification:_identify(src/aerostack2/as2_simulation_assets/as2_gazebo_assets) by extension 'ignore_ament_install'
[0.395s] Level 1:colcon.colcon_core.package_identification:_identify(src/aerostack2/as2_simulation_assets/as2_gazebo_assets) by extensions ['colcon_pkg']
[0.395s] Level 1:colcon.colcon_core.package_identification:_identify(src/aerostack2/as2_simulation_assets/as2_gazebo_assets) by extension 'colcon_pkg'
[0.395s] Level 1:colcon.colcon_core.package_identification:_identify(src/aerostack2/as2_simulation_assets/as2_gazebo_assets) by extensions ['colcon_meta']
[0.395s] Level 1:colcon.colcon_core.package_identification:_identify(src/aerostack2/as2_simulation_assets/as2_gazebo_assets) by extension 'colcon_meta'
[0.395s] Level 1:colcon.colcon_core.package_identification:_identify(src/aerostack2/as2_simulation_assets/as2_gazebo_assets) by extensions ['ros']
[0.395s] Level 1:colcon.colcon_core.package_identification:_identify(src/aerostack2/as2_simulation_assets/as2_gazebo_assets) by extension 'ros'
[0.396s] DEBUG:colcon.colcon_core.package_identification:Package 'src/aerostack2/as2_simulation_assets/as2_gazebo_assets' with type 'ros.ament_cmake' and name 'as2_gazebo_assets'
[0.396s] Level 1:colcon.colcon_core.package_identification:_identify(src/aerostack2/as2_state_estimator) by extensions ['ignore', 'ignore_ament_install']
[0.396s] Level 1:colcon.colcon_core.package_identification:_identify(src/aerostack2/as2_state_estimator) by extension 'ignore'
[0.396s] Level 1:colcon.colcon_core.package_identification:_identify(src/aerostack2/as2_state_estimator) by extension 'ignore_ament_install'
[0.396s] Level 1:colcon.colcon_core.package_identification:_identify(src/aerostack2/as2_state_estimator) by extensions ['colcon_pkg']
[0.396s] Level 1:colcon.colcon_core.package_identification:_identify(src/aerostack2/as2_state_estimator) by extension 'colcon_pkg'
[0.396s] Level 1:colcon.colcon_core.package_identification:_identify(src/aerostack2/as2_state_estimator) by extensions ['colcon_meta']
[0.396s] Level 1:colcon.colcon_core.package_identification:_identify(src/aerostack2/as2_state_estimator) by extension 'colcon_meta'
[0.396s] Level 1:colcon.colcon_core.package_identification:_identify(src/aerostack2/as2_state_estimator) by extensions ['ros']
[0.396s] Level 1:colcon.colcon_core.package_identification:_identify(src/aerostack2/as2_state_estimator) by extension 'ros'
[0.397s] DEBUG:colcon.colcon_core.package_identification:Package 'src/aerostack2/as2_state_estimator' with type 'ros.ament_cmake' and name 'as2_state_estimator'
[0.397s] Level 1:colcon.colcon_core.package_identification:_identify(src/aerostack2/as2_user_interfaces) by extensions ['ignore', 'ignore_ament_install']
[0.397s] Level 1:colcon.colcon_core.package_identification:_identify(src/aerostack2/as2_user_interfaces) by extension 'ignore'
[0.397s] Level 1:colcon.colcon_core.package_identification:_identify(src/aerostack2/as2_user_interfaces) by extension 'ignore_ament_install'
[0.397s] Level 1:colcon.colcon_core.package_identification:_identify(src/aerostack2/as2_user_interfaces) by extensions ['colcon_pkg']
[0.397s] Level 1:colcon.colcon_core.package_identification:_identify(src/aerostack2/as2_user_interfaces) by extension 'colcon_pkg'
[0.397s] Level 1:colcon.colcon_core.package_identification:_identify(src/aerostack2/as2_user_interfaces) by extensions ['colcon_meta']
[0.397s] Level 1:colcon.colcon_core.package_identification:_identify(src/aerostack2/as2_user_interfaces) by extension 'colcon_meta'
[0.398s] Level 1:colcon.colcon_core.package_identification:_identify(src/aerostack2/as2_user_interfaces) by extensions ['ros']
[0.398s] Level 1:colcon.colcon_core.package_identification:_identify(src/aerostack2/as2_user_interfaces) by extension 'ros'
[0.398s] Level 1:colcon.colcon_core.package_identification:_identify(src/aerostack2/as2_user_interfaces) by extensions ['cmake', 'python']
[0.398s] Level 1:colcon.colcon_core.package_identification:_identify(src/aerostack2/as2_user_interfaces) by extension 'cmake'
[0.398s] Level 1:colcon.colcon_core.package_identification:_identify(src/aerostack2/as2_user_interfaces) by extension 'python'
[0.398s] Level 1:colcon.colcon_core.package_identification:_identify(src/aerostack2/as2_user_interfaces) by extensions ['python_setup_py']
[0.398s] Level 1:colcon.colcon_core.package_identification:_identify(src/aerostack2/as2_user_interfaces) by extension 'python_setup_py'
[0.398s] Level 1:colcon.colcon_core.package_identification:_identify(src/aerostack2/as2_user_interfaces/as2_alphanumeric_viewer) by extensions ['ignore', 'ignore_ament_install']
[0.398s] Level 1:colcon.colcon_core.package_identification:_identify(src/aerostack2/as2_user_interfaces/as2_alphanumeric_viewer) by extension 'ignore'
[0.398s] Level 1:colcon.colcon_core.package_identification:_identify(src/aerostack2/as2_user_interfaces/as2_alphanumeric_viewer) by extension 'ignore_ament_install'
[0.398s] Level 1:colcon.colcon_core.package_identification:_identify(src/aerostack2/as2_user_interfaces/as2_alphanumeric_viewer) by extensions ['colcon_pkg']
[0.398s] Level 1:colcon.colcon_core.package_identification:_identify(src/aerostack2/as2_user_interfaces/as2_alphanumeric_viewer) by extension 'colcon_pkg'
[0.398s] Level 1:colcon.colcon_core.package_identification:_identify(src/aerostack2/as2_user_interfaces/as2_alphanumeric_viewer) by extensions ['colcon_meta']
[0.398s] Level 1:colcon.colcon_core.package_identification:_identify(src/aerostack2/as2_user_interfaces/as2_alphanumeric_viewer) by extension 'colcon_meta'
[0.398s] Level 1:colcon.colcon_core.package_identification:_identify(src/aerostack2/as2_user_interfaces/as2_alphanumeric_viewer) by extensions ['ros']
[0.398s] Level 1:colcon.colcon_core.package_identification:_identify(src/aerostack2/as2_user_interfaces/as2_alphanumeric_viewer) by extension 'ros'
[0.399s] DEBUG:colcon.colcon_core.package_identification:Package 'src/aerostack2/as2_user_interfaces/as2_alphanumeric_viewer' with type 'ros.ament_cmake' and name 'as2_alphanumeric_viewer'
[0.399s] Level 1:colcon.colcon_core.package_identification:_identify(src/aerostack2/as2_user_interfaces/as2_keyboard_teleoperation) by extensions ['ignore', 'ignore_ament_install']
[0.399s] Level 1:colcon.colcon_core.package_identification:_identify(src/aerostack2/as2_user_interfaces/as2_keyboard_teleoperation) by extension 'ignore'
[0.399s] Level 1:colcon.colcon_core.package_identification:_identify(src/aerostack2/as2_user_interfaces/as2_keyboard_teleoperation) by extension 'ignore_ament_install'
[0.399s] Level 1:colcon.colcon_core.package_identification:_identify(src/aerostack2/as2_user_interfaces/as2_keyboard_teleoperation) by extensions ['colcon_pkg']
[0.399s] Level 1:colcon.colcon_core.package_identification:_identify(src/aerostack2/as2_user_interfaces/as2_keyboard_teleoperation) by extension 'colcon_pkg'
[0.399s] Level 1:colcon.colcon_core.package_identification:_identify(src/aerostack2/as2_user_interfaces/as2_keyboard_teleoperation) by extensions ['colcon_meta']
[0.399s] Level 1:colcon.colcon_core.package_identification:_identify(src/aerostack2/as2_user_interfaces/as2_keyboard_teleoperation) by extension 'colcon_meta'
[0.399s] Level 1:colcon.colcon_core.package_identification:_identify(src/aerostack2/as2_user_interfaces/as2_keyboard_teleoperation) by extensions ['ros']
[0.399s] Level 1:colcon.colcon_core.package_identification:_identify(src/aerostack2/as2_user_interfaces/as2_keyboard_teleoperation) by extension 'ros'
[0.400s] DEBUG:colcon.colcon_core.package_identification:Package 'src/aerostack2/as2_user_interfaces/as2_keyboard_teleoperation' with type 'ros.ament_python' and name 'as2_keyboard_teleoperation'
[0.400s] Level 1:colcon.colcon_core.package_identification:_identify(src/aerostack2/as2_user_interfaces/as2_visualization) by extensions ['ignore', 'ignore_ament_install']
[0.400s] Level 1:colcon.colcon_core.package_identification:_identify(src/aerostack2/as2_user_interfaces/as2_visualization) by extension 'ignore'
[0.400s] Level 1:colcon.colcon_core.package_identification:_identify(src/aerostack2/as2_user_interfaces/as2_visualization) by extension 'ignore_ament_install'
[0.400s] Level 1:colcon.colcon_core.package_identification:_identify(src/aerostack2/as2_user_interfaces/as2_visualization) by extensions ['colcon_pkg']
[0.400s] Level 1:colcon.colcon_core.package_identification:_identify(src/aerostack2/as2_user_interfaces/as2_visualization) by extension 'colcon_pkg'
[0.400s] Level 1:colcon.colcon_core.package_identification:_identify(src/aerostack2/as2_user_interfaces/as2_visualization) by extensions ['colcon_meta']
[0.400s] Level 1:colcon.colcon_core.package_identification:_identify(src/aerostack2/as2_user_interfaces/as2_visualization) by extension 'colcon_meta'
[0.400s] Level 1:colcon.colcon_core.package_identification:_identify(src/aerostack2/as2_user_interfaces/as2_visualization) by extensions ['ros']
[0.400s] Level 1:colcon.colcon_core.package_identification:_identify(src/aerostack2/as2_user_interfaces/as2_visualization) by extension 'ros'
[0.400s] Level 1:colcon.colcon_core.package_identification:_identify(src/aerostack2/as2_user_interfaces/as2_visualization) by extensions ['cmake', 'python']
[0.400s] Level 1:colcon.colcon_core.package_identification:_identify(src/aerostack2/as2_user_interfaces/as2_visualization) by extension 'cmake'
[0.400s] Level 1:colcon.colcon_core.package_identification:_identify(src/aerostack2/as2_user_interfaces/as2_visualization) by extension 'python'
[0.400s] Level 1:colcon.colcon_core.package_identification:_identify(src/aerostack2/as2_user_interfaces/as2_visualization) by extensions ['python_setup_py']
[0.400s] Level 1:colcon.colcon_core.package_identification:_identify(src/aerostack2/as2_user_interfaces/as2_visualization) by extension 'python_setup_py'
[0.401s] Level 1:colcon.colcon_core.package_identification:_identify(src/aerostack2/as2_user_interfaces/as2_visualization/as2_rviz_plugins) by extensions ['ignore', 'ignore_ament_install']
[0.401s] Level 1:colcon.colcon_core.package_identification:_identify(src/aerostack2/as2_user_interfaces/as2_visualization/as2_rviz_plugins) by extension 'ignore'
[0.401s] Level 1:colcon.colcon_core.package_identification:_identify(src/aerostack2/as2_user_interfaces/as2_visualization/as2_rviz_plugins) by extension 'ignore_ament_install'
[0.401s] Level 1:colcon.colcon_core.package_identification:_identify(src/aerostack2/as2_user_interfaces/as2_visualization/as2_rviz_plugins) by extensions ['colcon_pkg']
[0.401s] Level 1:colcon.colcon_core.package_identification:_identify(src/aerostack2/as2_user_interfaces/as2_visualization/as2_rviz_plugins) by extension 'colcon_pkg'
[0.401s] Level 1:colcon.colcon_core.package_identification:_identify(src/aerostack2/as2_user_interfaces/as2_visualization/as2_rviz_plugins) by extensions ['colcon_meta']
[0.401s] Level 1:colcon.colcon_core.package_identification:_identify(src/aerostack2/as2_user_interfaces/as2_visualization/as2_rviz_plugins) by extension 'colcon_meta'
[0.401s] Level 1:colcon.colcon_core.package_identification:_identify(src/aerostack2/as2_user_interfaces/as2_visualization/as2_rviz_plugins) by extensions ['ros']
[0.401s] Level 1:colcon.colcon_core.package_identification:_identify(src/aerostack2/as2_user_interfaces/as2_visualization/as2_rviz_plugins) by extension 'ros'
[0.402s] DEBUG:colcon.colcon_core.package_identification:Package 'src/aerostack2/as2_user_interfaces/as2_visualization/as2_rviz_plugins' with type 'ros.ament_cmake' and name 'as2_rviz_plugins'
[0.402s] Level 1:colcon.colcon_core.package_identification:_identify(src/aerostack2/as2_user_interfaces/as2_visualization/as2_visualization) by extensions ['ignore', 'ignore_ament_install']
[0.402s] Level 1:colcon.colcon_core.package_identification:_identify(src/aerostack2/as2_user_interfaces/as2_visualization/as2_visualization) by extension 'ignore'
[0.402s] Level 1:colcon.colcon_core.package_identification:_identify(src/aerostack2/as2_user_interfaces/as2_visualization/as2_visualization) by extension 'ignore_ament_install'
[0.402s] Level 1:colcon.colcon_core.package_identification:_identify(src/aerostack2/as2_user_interfaces/as2_visualization/as2_visualization) by extensions ['colcon_pkg']
[0.402s] Level 1:colcon.colcon_core.package_identification:_identify(src/aerostack2/as2_user_interfaces/as2_visualization/as2_visualization) by extension 'colcon_pkg'
[0.402s] Level 1:colcon.colcon_core.package_identification:_identify(src/aerostack2/as2_user_interfaces/as2_visualization/as2_visualization) by extensions ['colcon_meta']
[0.402s] Level 1:colcon.colcon_core.package_identification:_identify(src/aerostack2/as2_user_interfaces/as2_visualization/as2_visualization) by extension 'colcon_meta'
[0.402s] Level 1:colcon.colcon_core.package_identification:_identify(src/aerostack2/as2_user_interfaces/as2_visualization/as2_visualization) by extensions ['ros']
[0.402s] Level 1:colcon.colcon_core.package_identification:_identify(src/aerostack2/as2_user_interfaces/as2_visualization/as2_visualization) by extension 'ros'
[0.403s] DEBUG:colcon.colcon_core.package_identification:Package 'src/aerostack2/as2_user_interfaces/as2_visualization/as2_visualization' with type 'ros.ament_python' and name 'as2_visualization'
[0.403s] Level 1:colcon.colcon_core.package_identification:_identify(src/aerostack2/as2_utilities) by extensions ['ignore', 'ignore_ament_install']
[0.403s] Level 1:colcon.colcon_core.package_identification:_identify(src/aerostack2/as2_utilities) by extension 'ignore'
[0.403s] Level 1:colcon.colcon_core.package_identification:_identify(src/aerostack2/as2_utilities) by extension 'ignore_ament_install'
[0.403s] Level 1:colcon.colcon_core.package_identification:_identify(src/aerostack2/as2_utilities) by extensions ['colcon_pkg']
[0.403s] Level 1:colcon.colcon_core.package_identification:_identify(src/aerostack2/as2_utilities) by extension 'colcon_pkg'
[0.403s] Level 1:colcon.colcon_core.package_identification:_identify(src/aerostack2/as2_utilities) by extensions ['colcon_meta']
[0.403s] Level 1:colcon.colcon_core.package_identification:_identify(src/aerostack2/as2_utilities) by extension 'colcon_meta'
[0.403s] Level 1:colcon.colcon_core.package_identification:_identify(src/aerostack2/as2_utilities) by extensions ['ros']
[0.403s] Level 1:colcon.colcon_core.package_identification:_identify(src/aerostack2/as2_utilities) by extension 'ros'
[0.403s] Level 1:colcon.colcon_core.package_identification:_identify(src/aerostack2/as2_utilities) by extensions ['cmake', 'python']
[0.403s] Level 1:colcon.colcon_core.package_identification:_identify(src/aerostack2/as2_utilities) by extension 'cmake'
[0.403s] Level 1:colcon.colcon_core.package_identification:_identify(src/aerostack2/as2_utilities) by extension 'python'
[0.403s] Level 1:colcon.colcon_core.package_identification:_identify(src/aerostack2/as2_utilities) by extensions ['python_setup_py']
[0.403s] Level 1:colcon.colcon_core.package_identification:_identify(src/aerostack2/as2_utilities) by extension 'python_setup_py'
[0.404s] Level 1:colcon.colcon_core.package_identification:_identify(src/aerostack2/as2_utilities/as2_external_object_to_tf) by extensions ['ignore', 'ignore_ament_install']
[0.404s] Level 1:colcon.colcon_core.package_identification:_identify(src/aerostack2/as2_utilities/as2_external_object_to_tf) by extension 'ignore'
[0.404s] Level 1:colcon.colcon_core.package_identification:_identify(src/aerostack2/as2_utilities/as2_external_object_to_tf) by extension 'ignore_ament_install'
[0.404s] Level 1:colcon.colcon_core.package_identification:_identify(src/aerostack2/as2_utilities/as2_external_object_to_tf) by extensions ['colcon_pkg']
[0.404s] Level 1:colcon.colcon_core.package_identification:_identify(src/aerostack2/as2_utilities/as2_external_object_to_tf) by extension 'colcon_pkg'
[0.404s] Level 1:colcon.colcon_core.package_identification:_identify(src/aerostack2/as2_utilities/as2_external_object_to_tf) by extensions ['colcon_meta']
[0.404s] Level 1:colcon.colcon_core.package_identification:_identify(src/aerostack2/as2_utilities/as2_external_object_to_tf) by extension 'colcon_meta'
[0.404s] Level 1:colcon.colcon_core.package_identification:_identify(src/aerostack2/as2_utilities/as2_external_object_to_tf) by extensions ['ros']
[0.404s] Level 1:colcon.colcon_core.package_identification:_identify(src/aerostack2/as2_utilities/as2_external_object_to_tf) by extension 'ros'
[0.406s] DEBUG:colcon.colcon_core.package_identification:Package 'src/aerostack2/as2_utilities/as2_external_object_to_tf' with type 'ros.ament_cmake' and name 'as2_external_object_to_tf'
[0.406s] Level 1:colcon.colcon_core.package_identification:_identify(src/aerostack2/as2_utilities/as2_geozones) by extensions ['ignore', 'ignore_ament_install']
[0.406s] Level 1:colcon.colcon_core.package_identification:_identify(src/aerostack2/as2_utilities/as2_geozones) by extension 'ignore'
[0.406s] Level 1:colcon.colcon_core.package_identification:_identify(src/aerostack2/as2_utilities/as2_geozones) by extension 'ignore_ament_install'
[0.406s] Level 1:colcon.colcon_core.package_identification:_identify(src/aerostack2/as2_utilities/as2_geozones) by extensions ['colcon_pkg']
[0.406s] Level 1:colcon.colcon_core.package_identification:_identify(src/aerostack2/as2_utilities/as2_geozones) by extension 'colcon_pkg'
[0.406s] Level 1:colcon.colcon_core.package_identification:_identify(src/aerostack2/as2_utilities/as2_geozones) by extensions ['colcon_meta']
[0.406s] Level 1:colcon.colcon_core.package_identification:_identify(src/aerostack2/as2_utilities/as2_geozones) by extension 'colcon_meta'
[0.407s] Level 1:colcon.colcon_core.package_identification:_identify(src/aerostack2/as2_utilities/as2_geozones) by extensions ['ros']
[0.407s] Level 1:colcon.colcon_core.package_identification:_identify(src/aerostack2/as2_utilities/as2_geozones) by extension 'ros'
[0.408s] DEBUG:colcon.colcon_core.package_identification:Package 'src/aerostack2/as2_utilities/as2_geozones' with type 'ros.ament_cmake' and name 'as2_geozones'
[0.408s] Level 1:colcon.colcon_core.package_identification:_identify(src/aerostack2/build) by extensions ['ignore', 'ignore_ament_install']
[0.408s] Level 1:colcon.colcon_core.package_identification:_identify(src/aerostack2/build) by extension 'ignore'
[0.408s] Level 1:colcon.colcon_core.package_identification:_identify(src/aerostack2/build) ignored
[0.408s] Level 1:colcon.colcon_core.package_identification:_identify(src/aerostack2/docker) by extensions ['ignore', 'ignore_ament_install']
[0.408s] Level 1:colcon.colcon_core.package_identification:_identify(src/aerostack2/docker) by extension 'ignore'
[0.408s] Level 1:colcon.colcon_core.package_identification:_identify(src/aerostack2/docker) by extension 'ignore_ament_install'
[0.408s] Level 1:colcon.colcon_core.package_identification:_identify(src/aerostack2/docker) by extensions ['colcon_pkg']
[0.408s] Level 1:colcon.colcon_core.package_identification:_identify(src/aerostack2/docker) by extension 'colcon_pkg'
[0.408s] Level 1:colcon.colcon_core.package_identification:_identify(src/aerostack2/docker) by extensions ['colcon_meta']
[0.408s] Level 1:colcon.colcon_core.package_identification:_identify(src/aerostack2/docker) by extension 'colcon_meta'
[0.408s] Level 1:colcon.colcon_core.package_identification:_identify(src/aerostack2/docker) by extensions ['ros']
[0.408s] Level 1:colcon.colcon_core.package_identification:_identify(src/aerostack2/docker) by extension 'ros'
[0.409s] Level 1:colcon.colcon_core.package_identification:_identify(src/aerostack2/docker) by extensions ['cmake', 'python']
[0.409s] Level 1:colcon.colcon_core.package_identification:_identify(src/aerostack2/docker) by extension 'cmake'
[0.409s] Level 1:colcon.colcon_core.package_identification:_identify(src/aerostack2/docker) by extension 'python'
[0.409s] Level 1:colcon.colcon_core.package_identification:_identify(src/aerostack2/docker) by extensions ['python_setup_py']
[0.409s] Level 1:colcon.colcon_core.package_identification:_identify(src/aerostack2/docker) by extension 'python_setup_py'
[0.409s] Level 1:colcon.colcon_core.package_identification:_identify(src/aerostack2/docker/galactic) by extensions ['ignore', 'ignore_ament_install']
[0.409s] Level 1:colcon.colcon_core.package_identification:_identify(src/aerostack2/docker/galactic) by extension 'ignore'
[0.409s] Level 1:colcon.colcon_core.package_identification:_identify(src/aerostack2/docker/galactic) by extension 'ignore_ament_install'
[0.409s] Level 1:colcon.colcon_core.package_identification:_identify(src/aerostack2/docker/galactic) by extensions ['colcon_pkg']
[0.409s] Level 1:colcon.colcon_core.package_identification:_identify(src/aerostack2/docker/galactic) by extension 'colcon_pkg'
[0.409s] Level 1:colcon.colcon_core.package_identification:_identify(src/aerostack2/docker/galactic) by extensions ['colcon_meta']
[0.409s] Level 1:colcon.colcon_core.package_identification:_identify(src/aerostack2/docker/galactic) by extension 'colcon_meta'
[0.409s] Level 1:colcon.colcon_core.package_identification:_identify(src/aerostack2/docker/galactic) by extensions ['ros']
[0.409s] Level 1:colcon.colcon_core.package_identification:_identify(src/aerostack2/docker/galactic) by extension 'ros'
[0.409s] Level 1:colcon.colcon_core.package_identification:_identify(src/aerostack2/docker/galactic) by extensions ['cmake', 'python']
[0.409s] Level 1:colcon.colcon_core.package_identification:_identify(src/aerostack2/docker/galactic) by extension 'cmake'
[0.409s] Level 1:colcon.colcon_core.package_identification:_identify(src/aerostack2/docker/galactic) by extension 'python'
[0.409s] Level 1:colcon.colcon_core.package_identification:_identify(src/aerostack2/docker/galactic) by extensions ['python_setup_py']
[0.409s] Level 1:colcon.colcon_core.package_identification:_identify(src/aerostack2/docker/galactic) by extension 'python_setup_py'
[0.409s] Level 1:colcon.colcon_core.package_identification:_identify(src/aerostack2/docker/humble) by extensions ['ignore', 'ignore_ament_install']
[0.409s] Level 1:colcon.colcon_core.package_identification:_identify(src/aerostack2/docker/humble) by extension 'ignore'
[0.409s] Level 1:colcon.colcon_core.package_identification:_identify(src/aerostack2/docker/humble) by extension 'ignore_ament_install'
[0.409s] Level 1:colcon.colcon_core.package_identification:_identify(src/aerostack2/docker/humble) by extensions ['colcon_pkg']
[0.409s] Level 1:colcon.colcon_core.package_identification:_identify(src/aerostack2/docker/humble) by extension 'colcon_pkg'
[0.409s] Level 1:colcon.colcon_core.package_identification:_identify(src/aerostack2/docker/humble) by extensions ['colcon_meta']
[0.409s] Level 1:colcon.colcon_core.package_identification:_identify(src/aerostack2/docker/humble) by extension 'colcon_meta'
[0.409s] Level 1:colcon.colcon_core.package_identification:_identify(src/aerostack2/docker/humble) by extensions ['ros']
[0.409s] Level 1:colcon.colcon_core.package_identification:_identify(src/aerostack2/docker/humble) by extension 'ros'
[0.409s] Level 1:colcon.colcon_core.package_identification:_identify(src/aerostack2/docker/humble) by extensions ['cmake', 'python']
[0.410s] Level 1:colcon.colcon_core.package_identification:_identify(src/aerostack2/docker/humble) by extension 'cmake'
[0.410s] Level 1:colcon.colcon_core.package_identification:_identify(src/aerostack2/docker/humble) by extension 'python'
[0.410s] Level 1:colcon.colcon_core.package_identification:_identify(src/aerostack2/docker/humble) by extensions ['python_setup_py']
[0.410s] Level 1:colcon.colcon_core.package_identification:_identify(src/aerostack2/docker/humble) by extension 'python_setup_py'
[0.410s] Level 1:colcon.colcon_core.package_identification:_identify(src/aerostack2/docker/humble_gzharmonic) by extensions ['ignore', 'ignore_ament_install']
[0.410s] Level 1:colcon.colcon_core.package_identification:_identify(src/aerostack2/docker/humble_gzharmonic) by extension 'ignore'
[0.410s] Level 1:colcon.colcon_core.package_identification:_identify(src/aerostack2/docker/humble_gzharmonic) by extension 'ignore_ament_install'
[0.410s] Level 1:colcon.colcon_core.package_identification:_identify(src/aerostack2/docker/humble_gzharmonic) by extensions ['colcon_pkg']
[0.410s] Level 1:colcon.colcon_core.package_identification:_identify(src/aerostack2/docker/humble_gzharmonic) by extension 'colcon_pkg'
[0.410s] Level 1:colcon.colcon_core.package_identification:_identify(src/aerostack2/docker/humble_gzharmonic) by extensions ['colcon_meta']
[0.410s] Level 1:colcon.colcon_core.package_identification:_identify(src/aerostack2/docker/humble_gzharmonic) by extension 'colcon_meta'
[0.410s] Level 1:colcon.colcon_core.package_identification:_identify(src/aerostack2/docker/humble_gzharmonic) by extensions ['ros']
[0.410s] Level 1:colcon.colcon_core.package_identification:_identify(src/aerostack2/docker/humble_gzharmonic) by extension 'ros'
[0.410s] Level 1:colcon.colcon_core.package_identification:_identify(src/aerostack2/docker/humble_gzharmonic) by extensions ['cmake', 'python']
[0.410s] Level 1:colcon.colcon_core.package_identification:_identify(src/aerostack2/docker/humble_gzharmonic) by extension 'cmake'
[0.410s] Level 1:colcon.colcon_core.package_identification:_identify(src/aerostack2/docker/humble_gzharmonic) by extension 'python'
[0.410s] Level 1:colcon.colcon_core.package_identification:_identify(src/aerostack2/docker/humble_gzharmonic) by extensions ['python_setup_py']
[0.410s] Level 1:colcon.colcon_core.package_identification:_identify(src/aerostack2/docker/humble_gzharmonic) by extension 'python_setup_py'
[0.410s] Level 1:colcon.colcon_core.package_identification:_identify(src/aerostack2/docker/humble_vnc) by extensions ['ignore', 'ignore_ament_install']
[0.410s] Level 1:colcon.colcon_core.package_identification:_identify(src/aerostack2/docker/humble_vnc) by extension 'ignore'
[0.410s] Level 1:colcon.colcon_core.package_identification:_identify(src/aerostack2/docker/humble_vnc) by extension 'ignore_ament_install'
[0.410s] Level 1:colcon.colcon_core.package_identification:_identify(src/aerostack2/docker/humble_vnc) by extensions ['colcon_pkg']
[0.410s] Level 1:colcon.colcon_core.package_identification:_identify(src/aerostack2/docker/humble_vnc) by extension 'colcon_pkg'
[0.410s] Level 1:colcon.colcon_core.package_identification:_identify(src/aerostack2/docker/humble_vnc) by extensions ['colcon_meta']
[0.410s] Level 1:colcon.colcon_core.package_identification:_identify(src/aerostack2/docker/humble_vnc) by extension 'colcon_meta'
[0.410s] Level 1:colcon.colcon_core.package_identification:_identify(src/aerostack2/docker/humble_vnc) by extensions ['ros']
[0.410s] Level 1:colcon.colcon_core.package_identification:_identify(src/aerostack2/docker/humble_vnc) by extension 'ros'
[0.410s] Level 1:colcon.colcon_core.package_identification:_identify(src/aerostack2/docker/humble_vnc) by extensions ['cmake', 'python']
[0.410s] Level 1:colcon.colcon_core.package_identification:_identify(src/aerostack2/docker/humble_vnc) by extension 'cmake'
[0.410s] Level 1:colcon.colcon_core.package_identification:_identify(src/aerostack2/docker/humble_vnc) by extension 'python'
[0.410s] Level 1:colcon.colcon_core.package_identification:_identify(src/aerostack2/docker/humble_vnc) by extensions ['python_setup_py']
[0.410s] Level 1:colcon.colcon_core.package_identification:_identify(src/aerostack2/docker/humble_vnc) by extension 'python_setup_py'
[0.411s] Level 1:colcon.colcon_core.package_identification:_identify(src/aerostack2/install) by extensions ['ignore', 'ignore_ament_install']
[0.411s] Level 1:colcon.colcon_core.package_identification:_identify(src/aerostack2/install) by extension 'ignore'
[0.411s] Level 1:colcon.colcon_core.package_identification:_identify(src/aerostack2/install) ignored
[0.411s] Level 1:colcon.colcon_core.package_identification:_identify(src/aerostack2/log) by extensions ['ignore', 'ignore_ament_install']
[0.411s] Level 1:colcon.colcon_core.package_identification:_identify(src/aerostack2/log) by extension 'ignore'
[0.411s] Level 1:colcon.colcon_core.package_identification:_identify(src/aerostack2/log) ignored
[0.411s] Level 1:colcon.colcon_core.package_discovery:discover_packages(recursive) using defaults
[0.411s] Level 1:colcon.colcon_core.package_discovery:discover_packages(ignore) discover
[0.411s] Level 1:colcon.colcon_core.package_discovery:discover_packages(ignore) using defaults
[0.411s] Level 1:colcon.colcon_core.package_discovery:discover_packages(path) discover
[0.411s] Level 1:colcon.colcon_core.package_discovery:discover_packages(path) using defaults
[0.432s] INFO:colcon.colcon_metadata.metadata.colcon_pkg:Updating descriptor of package 'src/aerostack2/as2_python_api' from colcon.pkg: {'hooks': ['share/as2_python_api/hooks/resource_paths.sh']}
[0.444s] Level 5:colcon.colcon_core.verb:set package 'as2_cli' build argument 'cmake_args' from command line to 'None'
[0.444s] Level 5:colcon.colcon_core.verb:set package 'as2_cli' build argument 'cmake_target' from command line to 'None'
[0.444s] Level 5:colcon.colcon_core.verb:set package 'as2_cli' build argument 'cmake_target_skip_unavailable' from command line to 'False'
[0.444s] Level 5:colcon.colcon_core.verb:set package 'as2_cli' build argument 'cmake_clean_cache' from command line to 'False'
[0.444s] Level 5:colcon.colcon_core.verb:set package 'as2_cli' build argument 'cmake_clean_first' from command line to 'False'
[0.444s] Level 5:colcon.colcon_core.verb:set package 'as2_cli' build argument 'cmake_force_configure' from command line to 'False'
[0.444s] Level 5:colcon.colcon_core.verb:set package 'as2_cli' build argument 'ament_cmake_args' from command line to 'None'
[0.444s] Level 5:colcon.colcon_core.verb:set package 'as2_cli' build argument 'catkin_cmake_args' from command line to 'None'
[0.444s] Level 5:colcon.colcon_core.verb:set package 'as2_cli' build argument 'catkin_skip_building_tests' from command line to 'False'
[0.444s] DEBUG:colcon.colcon_core.verb:Building package 'as2_cli' with the following arguments: {'ament_cmake_args': None, 'build_base': '/root/aerostack2_ws/build/as2_cli', 'catkin_cmake_args': None, 'catkin_skip_building_tests': False, 'cmake_args': None, 'cmake_clean_cache': False, 'cmake_clean_first': False, 'cmake_force_configure': False, 'cmake_target': None, 'cmake_target_skip_unavailable': False, 'install_base': '/root/aerostack2_ws/install/as2_cli', 'merge_install': False, 'path': '/root/aerostack2_ws/src/aerostack2/as2_cli', 'symlink_install': False, 'test_result_base': None}
[0.445s] Level 5:colcon.colcon_core.verb:set package 'as2_msgs' build argument 'cmake_args' from command line to 'None'
[0.445s] Level 5:colcon.colcon_core.verb:set package 'as2_msgs' build argument 'cmake_target' from command line to 'None'
[0.445s] Level 5:colcon.colcon_core.verb:set package 'as2_msgs' build argument 'cmake_target_skip_unavailable' from command line to 'False'
[0.445s] Level 5:colcon.colcon_core.verb:set package 'as2_msgs' build argument 'cmake_clean_cache' from command line to 'False'
[0.445s] Level 5:colcon.colcon_core.verb:set package 'as2_msgs' build argument 'cmake_clean_first' from command line to 'False'
[0.445s] Level 5:colcon.colcon_core.verb:set package 'as2_msgs' build argument 'cmake_force_configure' from command line to 'False'
[0.445s] Level 5:colcon.colcon_core.verb:set package 'as2_msgs' build argument 'ament_cmake_args' from command line to 'None'
[0.445s] Level 5:colcon.colcon_core.verb:set package 'as2_msgs' build argument 'catkin_cmake_args' from command line to 'None'
[0.445s] Level 5:colcon.colcon_core.verb:set package 'as2_msgs' build argument 'catkin_skip_building_tests' from command line to 'False'
[0.445s] DEBUG:colcon.colcon_core.verb:Building package 'as2_msgs' with the following arguments: {'ament_cmake_args': None, 'build_base': '/root/aerostack2_ws/build/as2_msgs', 'catkin_cmake_args': None, 'catkin_skip_building_tests': False, 'cmake_args': None, 'cmake_clean_cache': False, 'cmake_clean_first': False, 'cmake_force_configure': False, 'cmake_target': None, 'cmake_target_skip_unavailable': False, 'install_base': '/root/aerostack2_ws/install/as2_msgs', 'merge_install': False, 'path': '/root/aerostack2_ws/src/aerostack2/as2_msgs', 'symlink_install': False, 'test_result_base': None}
[0.445s] Level 5:colcon.colcon_core.verb:set package 'as2_perception' build argument 'cmake_args' from command line to 'None'
[0.445s] Level 5:colcon.colcon_core.verb:set package 'as2_perception' build argument 'cmake_target' from command line to 'None'
[0.445s] Level 5:colcon.colcon_core.verb:set package 'as2_perception' build argument 'cmake_target_skip_unavailable' from command line to 'False'
[0.445s] Level 5:colcon.colcon_core.verb:set package 'as2_perception' build argument 'cmake_clean_cache' from command line to 'False'
[0.445s] Level 5:colcon.colcon_core.verb:set package 'as2_perception' build argument 'cmake_clean_first' from command line to 'False'
[0.445s] Level 5:colcon.colcon_core.verb:set package 'as2_perception' build argument 'cmake_force_configure' from command line to 'False'
[0.445s] Level 5:colcon.colcon_core.verb:set package 'as2_perception' build argument 'ament_cmake_args' from command line to 'None'
[0.445s] Level 5:colcon.colcon_core.verb:set package 'as2_perception' build argument 'catkin_cmake_args' from command line to 'None'
[0.445s] Level 5:colcon.colcon_core.verb:set package 'as2_perception' build argument 'catkin_skip_building_tests' from command line to 'False'
[0.445s] DEBUG:colcon.colcon_core.verb:Building package 'as2_perception' with the following arguments: {'ament_cmake_args': None, 'build_base': '/root/aerostack2_ws/build/as2_perception', 'catkin_cmake_args': None, 'catkin_skip_building_tests': False, 'cmake_args': None, 'cmake_clean_cache': False, 'cmake_clean_first': False, 'cmake_force_configure': False, 'cmake_target': None, 'cmake_target_skip_unavailable': False, 'install_base': '/root/aerostack2_ws/install/as2_perception', 'merge_install': False, 'path': '/root/aerostack2_ws/src/aerostack2/as2_perception', 'symlink_install': False, 'test_result_base': None}
[0.445s] Level 5:colcon.colcon_core.verb:set package 'as2_project_bringup' build argument 'cmake_args' from command line to 'None'
[0.445s] Level 5:colcon.colcon_core.verb:set package 'as2_project_bringup' build argument 'cmake_target' from command line to 'None'
[0.445s] Level 5:colcon.colcon_core.verb:set package 'as2_project_bringup' build argument 'cmake_target_skip_unavailable' from command line to 'False'
[0.445s] Level 5:colcon.colcon_core.verb:set package 'as2_project_bringup' build argument 'cmake_clean_cache' from command line to 'False'
[0.445s] Level 5:colcon.colcon_core.verb:set package 'as2_project_bringup' build argument 'cmake_clean_first' from command line to 'False'
[0.445s] Level 5:colcon.colcon_core.verb:set package 'as2_project_bringup' build argument 'cmake_force_configure' from command line to 'False'
[0.445s] Level 5:colcon.colcon_core.verb:set package 'as2_project_bringup' build argument 'ament_cmake_args' from command line to 'None'
[0.445s] Level 5:colcon.colcon_core.verb:set package 'as2_project_bringup' build argument 'catkin_cmake_args' from command line to 'None'
[0.445s] Level 5:colcon.colcon_core.verb:set package 'as2_project_bringup' build argument 'catkin_skip_building_tests' from command line to 'False'
[0.445s] DEBUG:colcon.colcon_core.verb:Building package 'as2_project_bringup' with the following arguments: {'ament_cmake_args': None, 'build_base': '/root/aerostack2_ws/build/as2_project_bringup', 'catkin_cmake_args': None, 'catkin_skip_building_tests': False, 'cmake_args': None, 'cmake_clean_cache': False, 'cmake_clean_first': False, 'cmake_force_configure': False, 'cmake_target': None, 'cmake_target_skip_unavailable': False, 'install_base': '/root/aerostack2_ws/install/as2_project_bringup', 'merge_install': False, 'path': '/root/aerostack2_ws/src/aerostack2/as2_project_bringup', 'symlink_install': False, 'test_result_base': None}
[0.446s] Level 5:colcon.colcon_core.verb:set package 'as2_core' build argument 'cmake_args' from command line to 'None'
[0.446s] Level 5:colcon.colcon_core.verb:set package 'as2_core' build argument 'cmake_target' from command line to 'None'
[0.446s] Level 5:colcon.colcon_core.verb:set package 'as2_core' build argument 'cmake_target_skip_unavailable' from command line to 'False'
[0.446s] Level 5:colcon.colcon_core.verb:set package 'as2_core' build argument 'cmake_clean_cache' from command line to 'False'
[0.446s] Level 5:colcon.colcon_core.verb:set package 'as2_core' build argument 'cmake_clean_first' from command line to 'False'
[0.446s] Level 5:colcon.colcon_core.verb:set package 'as2_core' build argument 'cmake_force_configure' from command line to 'False'
[0.446s] Level 5:colcon.colcon_core.verb:set package 'as2_core' build argument 'ament_cmake_args' from command line to 'None'
[0.446s] Level 5:colcon.colcon_core.verb:set package 'as2_core' build argument 'catkin_cmake_args' from command line to 'None'
[0.446s] Level 5:colcon.colcon_core.verb:set package 'as2_core' build argument 'catkin_skip_building_tests' from command line to 'False'
[0.446s] DEBUG:colcon.colcon_core.verb:Building package 'as2_core' with the following arguments: {'ament_cmake_args': None, 'build_base': '/root/aerostack2_ws/build/as2_core', 'catkin_cmake_args': None, 'catkin_skip_building_tests': False, 'cmake_args': None, 'cmake_clean_cache': False, 'cmake_clean_first': False, 'cmake_force_configure': False, 'cmake_target': None, 'cmake_target_skip_unavailable': False, 'install_base': '/root/aerostack2_ws/install/as2_core', 'merge_install': False, 'path': '/root/aerostack2_ws/src/aerostack2/as2_core', 'symlink_install': False, 'test_result_base': None}
[0.446s] Level 5:colcon.colcon_core.verb:set package 'as2_alphanumeric_viewer' build argument 'cmake_args' from command line to 'None'
[0.446s] Level 5:colcon.colcon_core.verb:set package 'as2_alphanumeric_viewer' build argument 'cmake_target' from command line to 'None'
[0.446s] Level 5:colcon.colcon_core.verb:set package 'as2_alphanumeric_viewer' build argument 'cmake_target_skip_unavailable' from command line to 'False'
[0.446s] Level 5:colcon.colcon_core.verb:set package 'as2_alphanumeric_viewer' build argument 'cmake_clean_cache' from command line to 'False'
[0.446s] Level 5:colcon.colcon_core.verb:set package 'as2_alphanumeric_viewer' build argument 'cmake_clean_first' from command line to 'False'
[0.446s] Level 5:colcon.colcon_core.verb:set package 'as2_alphanumeric_viewer' build argument 'cmake_force_configure' from command line to 'False'
[0.446s] Level 5:colcon.colcon_core.verb:set package 'as2_alphanumeric_viewer' build argument 'ament_cmake_args' from command line to 'None'
[0.446s] Level 5:colcon.colcon_core.verb:set package 'as2_alphanumeric_viewer' build argument 'catkin_cmake_args' from command line to 'None'
[0.446s] Level 5:colcon.colcon_core.verb:set package 'as2_alphanumeric_viewer' build argument 'catkin_skip_building_tests' from command line to 'False'
[0.446s] DEBUG:colcon.colcon_core.verb:Building package 'as2_alphanumeric_viewer' with the following arguments: {'ament_cmake_args': None, 'build_base': '/root/aerostack2_ws/build/as2_alphanumeric_viewer', 'catkin_cmake_args': None, 'catkin_skip_building_tests': False, 'cmake_args': None, 'cmake_clean_cache': False, 'cmake_clean_first': False, 'cmake_force_configure': False, 'cmake_target': None, 'cmake_target_skip_unavailable': False, 'install_base': '/root/aerostack2_ws/install/as2_alphanumeric_viewer', 'merge_install': False, 'path': '/root/aerostack2_ws/src/aerostack2/as2_user_interfaces/as2_alphanumeric_viewer', 'symlink_install': False, 'test_result_base': None}
[0.446s] Level 5:colcon.colcon_core.verb:set package 'as2_behavior' build argument 'cmake_args' from command line to 'None'
[0.446s] Level 5:colcon.colcon_core.verb:set package 'as2_behavior' build argument 'cmake_target' from command line to 'None'
[0.446s] Level 5:colcon.colcon_core.verb:set package 'as2_behavior' build argument 'cmake_target_skip_unavailable' from command line to 'False'
[0.446s] Level 5:colcon.colcon_core.verb:set package 'as2_behavior' build argument 'cmake_clean_cache' from command line to 'False'
[0.446s] Level 5:colcon.colcon_core.verb:set package 'as2_behavior' build argument 'cmake_clean_first' from command line to 'False'
[0.446s] Level 5:colcon.colcon_core.verb:set package 'as2_behavior' build argument 'cmake_force_configure' from command line to 'False'
[0.446s] Level 5:colcon.colcon_core.verb:set package 'as2_behavior' build argument 'ament_cmake_args' from command line to 'None'
[0.446s] Level 5:colcon.colcon_core.verb:set package 'as2_behavior' build argument 'catkin_cmake_args' from command line to 'None'
[0.446s] Level 5:colcon.colcon_core.verb:set package 'as2_behavior' build argument 'catkin_skip_building_tests' from command line to 'False'
[0.446s] DEBUG:colcon.colcon_core.verb:Building package 'as2_behavior' with the following arguments: {'ament_cmake_args': None, 'build_base': '/root/aerostack2_ws/build/as2_behavior', 'catkin_cmake_args': None, 'catkin_skip_building_tests': False, 'cmake_args': None, 'cmake_clean_cache': False, 'cmake_clean_first': False, 'cmake_force_configure': False, 'cmake_target': None, 'cmake_target_skip_unavailable': False, 'install_base': '/root/aerostack2_ws/install/as2_behavior', 'merge_install': False, 'path': '/root/aerostack2_ws/src/aerostack2/as2_behaviors/as2_behavior', 'symlink_install': False, 'test_result_base': None}
[0.447s] Level 5:colcon.colcon_core.verb:set package 'as2_behavior_tree' build argument 'cmake_args' from command line to 'None'
[0.447s] Level 5:colcon.colcon_core.verb:set package 'as2_behavior_tree' build argument 'cmake_target' from command line to 'None'
[0.447s] Level 5:colcon.colcon_core.verb:set package 'as2_behavior_tree' build argument 'cmake_target_skip_unavailable' from command line to 'False'
[0.447s] Level 5:colcon.colcon_core.verb:set package 'as2_behavior_tree' build argument 'cmake_clean_cache' from command line to 'False'
[0.447s] Level 5:colcon.colcon_core.verb:set package 'as2_behavior_tree' build argument 'cmake_clean_first' from command line to 'False'
[0.447s] Level 5:colcon.colcon_core.verb:set package 'as2_behavior_tree' build argument 'cmake_force_configure' from command line to 'False'
[0.447s] Level 5:colcon.colcon_core.verb:set package 'as2_behavior_tree' build argument 'ament_cmake_args' from command line to 'None'
[0.447s] Level 5:colcon.colcon_core.verb:set package 'as2_behavior_tree' build argument 'catkin_cmake_args' from command line to 'None'
[0.447s] Level 5:colcon.colcon_core.verb:set package 'as2_behavior_tree' build argument 'catkin_skip_building_tests' from command line to 'False'
[0.447s] DEBUG:colcon.colcon_core.verb:Building package 'as2_behavior_tree' with the following arguments: {'ament_cmake_args': None, 'build_base': '/root/aerostack2_ws/build/as2_behavior_tree', 'catkin_cmake_args': None, 'catkin_skip_building_tests': False, 'cmake_args': None, 'cmake_clean_cache': False, 'cmake_clean_first': False, 'cmake_force_configure': False, 'cmake_target': None, 'cmake_target_skip_unavailable': False, 'install_base': '/root/aerostack2_ws/install/as2_behavior_tree', 'merge_install': False, 'path': '/root/aerostack2_ws/src/aerostack2/as2_behavior_tree', 'symlink_install': False, 'test_result_base': None}
[0.447s] Level 5:colcon.colcon_core.verb:set package 'as2_external_object_to_tf' build argument 'cmake_args' from command line to 'None'
[0.447s] Level 5:colcon.colcon_core.verb:set package 'as2_external_object_to_tf' build argument 'cmake_target' from command line to 'None'
[0.447s] Level 5:colcon.colcon_core.verb:set package 'as2_external_object_to_tf' build argument 'cmake_target_skip_unavailable' from command line to 'False'
[0.447s] Level 5:colcon.colcon_core.verb:set package 'as2_external_object_to_tf' build argument 'cmake_clean_cache' from command line to 'False'
[0.447s] Level 5:colcon.colcon_core.verb:set package 'as2_external_object_to_tf' build argument 'cmake_clean_first' from command line to 'False'
[0.447s] Level 5:colcon.colcon_core.verb:set package 'as2_external_object_to_tf' build argument 'cmake_force_configure' from command line to 'False'
[0.447s] Level 5:colcon.colcon_core.verb:set package 'as2_external_object_to_tf' build argument 'ament_cmake_args' from command line to 'None'
[0.447s] Level 5:colcon.colcon_core.verb:set package 'as2_external_object_to_tf' build argument 'catkin_cmake_args' from command line to 'None'
[0.447s] Level 5:colcon.colcon_core.verb:set package 'as2_external_object_to_tf' build argument 'catkin_skip_building_tests' from command line to 'False'
[0.447s] DEBUG:colcon.colcon_core.verb:Building package 'as2_external_object_to_tf' with the following arguments: {'ament_cmake_args': None, 'build_base': '/root/aerostack2_ws/build/as2_external_object_to_tf', 'catkin_cmake_args': None, 'catkin_skip_building_tests': False, 'cmake_args': None, 'cmake_clean_cache': False, 'cmake_clean_first': False, 'cmake_force_configure': False, 'cmake_target': None, 'cmake_target_skip_unavailable': False, 'install_base': '/root/aerostack2_ws/install/as2_external_object_to_tf', 'merge_install': False, 'path': '/root/aerostack2_ws/src/aerostack2/as2_utilities/as2_external_object_to_tf', 'symlink_install': False, 'test_result_base': None}
[0.447s] Level 5:colcon.colcon_core.verb:set package 'as2_gazebo_assets' build argument 'cmake_args' from command line to 'None'
[0.447s] Level 5:colcon.colcon_core.verb:set package 'as2_gazebo_assets' build argument 'cmake_target' from command line to 'None'
[0.447s] Level 5:colcon.colcon_core.verb:set package 'as2_gazebo_assets' build argument 'cmake_target_skip_unavailable' from command line to 'False'
[0.447s] Level 5:colcon.colcon_core.verb:set package 'as2_gazebo_assets' build argument 'cmake_clean_cache' from command line to 'False'
[0.447s] Level 5:colcon.colcon_core.verb:set package 'as2_gazebo_assets' build argument 'cmake_clean_first' from command line to 'False'
[0.447s] Level 5:colcon.colcon_core.verb:set package 'as2_gazebo_assets' build argument 'cmake_force_configure' from command line to 'False'
[0.447s] Level 5:colcon.colcon_core.verb:set package 'as2_gazebo_assets' build argument 'ament_cmake_args' from command line to 'None'
[0.447s] Level 5:colcon.colcon_core.verb:set package 'as2_gazebo_assets' build argument 'catkin_cmake_args' from command line to 'None'
[0.447s] Level 5:colcon.colcon_core.verb:set package 'as2_gazebo_assets' build argument 'catkin_skip_building_tests' from command line to 'False'
[0.447s] DEBUG:colcon.colcon_core.verb:Building package 'as2_gazebo_assets' with the following arguments: {'ament_cmake_args': None, 'build_base': '/root/aerostack2_ws/build/as2_gazebo_assets', 'catkin_cmake_args': None, 'catkin_skip_building_tests': False, 'cmake_args': None, 'cmake_clean_cache': False, 'cmake_clean_first': False, 'cmake_force_configure': False, 'cmake_target': None, 'cmake_target_skip_unavailable': False, 'install_base': '/root/aerostack2_ws/install/as2_gazebo_assets', 'merge_install': False, 'path': '/root/aerostack2_ws/src/aerostack2/as2_simulation_assets/as2_gazebo_assets', 'symlink_install': False, 'test_result_base': None}
[0.448s] Level 5:colcon.colcon_core.verb:set package 'as2_geozones' build argument 'cmake_args' from command line to 'None'
[0.448s] Level 5:colcon.colcon_core.verb:set package 'as2_geozones' build argument 'cmake_target' from command line to 'None'
[0.448s] Level 5:colcon.colcon_core.verb:set package 'as2_geozones' build argument 'cmake_target_skip_unavailable' from command line to 'False'
[0.448s] Level 5:colcon.colcon_core.verb:set package 'as2_geozones' build argument 'cmake_clean_cache' from command line to 'False'
[0.448s] Level 5:colcon.colcon_core.verb:set package 'as2_geozones' build argument 'cmake_clean_first' from command line to 'False'
[0.448s] Level 5:colcon.colcon_core.verb:set package 'as2_geozones' build argument 'cmake_force_configure' from command line to 'False'
[0.448s] Level 5:colcon.colcon_core.verb:set package 'as2_geozones' build argument 'ament_cmake_args' from command line to 'None'
[0.448s] Level 5:colcon.colcon_core.verb:set package 'as2_geozones' build argument 'catkin_cmake_args' from command line to 'None'
[0.448s] Level 5:colcon.colcon_core.verb:set package 'as2_geozones' build argument 'catkin_skip_building_tests' from command line to 'False'
[0.448s] DEBUG:colcon.colcon_core.verb:Building package 'as2_geozones' with the following arguments: {'ament_cmake_args': None, 'build_base': '/root/aerostack2_ws/build/as2_geozones', 'catkin_cmake_args': None, 'catkin_skip_building_tests': False, 'cmake_args': None, 'cmake_clean_cache': False, 'cmake_clean_first': False, 'cmake_force_configure': False, 'cmake_target': None, 'cmake_target_skip_unavailable': False, 'install_base': '/root/aerostack2_ws/install/as2_geozones', 'merge_install': False, 'path': '/root/aerostack2_ws/src/aerostack2/as2_utilities/as2_geozones', 'symlink_install': False, 'test_result_base': None}
[0.448s] Level 5:colcon.colcon_core.verb:set package 'as2_map_server' build argument 'cmake_args' from command line to 'None'
[0.448s] Level 5:colcon.colcon_core.verb:set package 'as2_map_server' build argument 'cmake_target' from command line to 'None'
[0.448s] Level 5:colcon.colcon_core.verb:set package 'as2_map_server' build argument 'cmake_target_skip_unavailable' from command line to 'False'
[0.448s] Level 5:colcon.colcon_core.verb:set package 'as2_map_server' build argument 'cmake_clean_cache' from command line to 'False'
[0.448s] Level 5:colcon.colcon_core.verb:set package 'as2_map_server' build argument 'cmake_clean_first' from command line to 'False'
[0.448s] Level 5:colcon.colcon_core.verb:set package 'as2_map_server' build argument 'cmake_force_configure' from command line to 'False'
[0.448s] Level 5:colcon.colcon_core.verb:set package 'as2_map_server' build argument 'ament_cmake_args' from command line to 'None'
[0.448s] Level 5:colcon.colcon_core.verb:set package 'as2_map_server' build argument 'catkin_cmake_args' from command line to 'None'
[0.448s] Level 5:colcon.colcon_core.verb:set package 'as2_map_server' build argument 'catkin_skip_building_tests' from command line to 'False'
[0.448s] DEBUG:colcon.colcon_core.verb:Building package 'as2_map_server' with the following arguments: {'ament_cmake_args': None, 'build_base': '/root/aerostack2_ws/build/as2_map_server', 'catkin_cmake_args': None, 'catkin_skip_building_tests': False, 'cmake_args': None, 'cmake_clean_cache': False, 'cmake_clean_first': False, 'cmake_force_configure': False, 'cmake_target': None, 'cmake_target_skip_unavailable': False, 'install_base': '/root/aerostack2_ws/install/as2_map_server', 'merge_install': False, 'path': '/root/aerostack2_ws/src/aerostack2/as2_map_server', 'symlink_install': False, 'test_result_base': None}
[0.448s] Level 5:colcon.colcon_core.verb:set package 'as2_motion_reference_handlers' build argument 'cmake_args' from command line to 'None'
[0.448s] Level 5:colcon.colcon_core.verb:set package 'as2_motion_reference_handlers' build argument 'cmake_target' from command line to 'None'
[0.448s] Level 5:colcon.colcon_core.verb:set package 'as2_motion_reference_handlers' build argument 'cmake_target_skip_unavailable' from command line to 'False'
[0.448s] Level 5:colcon.colcon_core.verb:set package 'as2_motion_reference_handlers' build argument 'cmake_clean_cache' from command line to 'False'
[0.448s] Level 5:colcon.colcon_core.verb:set package 'as2_motion_reference_handlers' build argument 'cmake_clean_first' from command line to 'False'
[0.448s] Level 5:colcon.colcon_core.verb:set package 'as2_motion_reference_handlers' build argument 'cmake_force_configure' from command line to 'False'
[0.448s] Level 5:colcon.colcon_core.verb:set package 'as2_motion_reference_handlers' build argument 'ament_cmake_args' from command line to 'None'
[0.448s] Level 5:colcon.colcon_core.verb:set package 'as2_motion_reference_handlers' build argument 'catkin_cmake_args' from command line to 'None'
[0.448s] Level 5:colcon.colcon_core.verb:set package 'as2_motion_reference_handlers' build argument 'catkin_skip_building_tests' from command line to 'False'
[0.448s] DEBUG:colcon.colcon_core.verb:Building package 'as2_motion_reference_handlers' with the following arguments: {'ament_cmake_args': None, 'build_base': '/root/aerostack2_ws/build/as2_motion_reference_handlers', 'catkin_cmake_args': None, 'catkin_skip_building_tests': False, 'cmake_args': None, 'cmake_clean_cache': False, 'cmake_clean_first': False, 'cmake_force_configure': False, 'cmake_target': None, 'cmake_target_skip_unavailable': False, 'install_base': '/root/aerostack2_ws/install/as2_motion_reference_handlers', 'merge_install': False, 'path': '/root/aerostack2_ws/src/aerostack2/as2_motion_reference_handlers', 'symlink_install': False, 'test_result_base': None}
[0.449s] Level 5:colcon.colcon_core.verb:set package 'as2_platform_multirotor_simulator' build argument 'cmake_args' from command line to 'None'
[0.449s] Level 5:colcon.colcon_core.verb:set package 'as2_platform_multirotor_simulator' build argument 'cmake_target' from command line to 'None'
[0.449s] Level 5:colcon.colcon_core.verb:set package 'as2_platform_multirotor_simulator' build argument 'cmake_target_skip_unavailable' from command line to 'False'
[0.449s] Level 5:colcon.colcon_core.verb:set package 'as2_platform_multirotor_simulator' build argument 'cmake_clean_cache' from command line to 'False'
[0.449s] Level 5:colcon.colcon_core.verb:set package 'as2_platform_multirotor_simulator' build argument 'cmake_clean_first' from command line to 'False'
[0.449s] Level 5:colcon.colcon_core.verb:set package 'as2_platform_multirotor_simulator' build argument 'cmake_force_configure' from command line to 'False'
[0.449s] Level 5:colcon.colcon_core.verb:set package 'as2_platform_multirotor_simulator' build argument 'ament_cmake_args' from command line to 'None'
[0.449s] Level 5:colcon.colcon_core.verb:set package 'as2_platform_multirotor_simulator' build argument 'catkin_cmake_args' from command line to 'None'
[0.449s] Level 5:colcon.colcon_core.verb:set package 'as2_platform_multirotor_simulator' build argument 'catkin_skip_building_tests' from command line to 'False'
[0.449s] DEBUG:colcon.colcon_core.verb:Building package 'as2_platform_multirotor_simulator' with the following arguments: {'ament_cmake_args': None, 'build_base': '/root/aerostack2_ws/build/as2_platform_multirotor_simulator', 'catkin_cmake_args': None, 'catkin_skip_building_tests': False, 'cmake_args': None, 'cmake_clean_cache': False, 'cmake_clean_first': False, 'cmake_force_configure': False, 'cmake_target': None, 'cmake_target_skip_unavailable': False, 'install_base': '/root/aerostack2_ws/install/as2_platform_multirotor_simulator', 'merge_install': False, 'path': '/root/aerostack2_ws/src/aerostack2/as2_aerial_platforms/as2_platform_multirotor_simulator', 'symlink_install': False, 'test_result_base': None}
[0.449s] Level 5:colcon.colcon_core.verb:set package 'as2_realsense_interface' build argument 'cmake_args' from command line to 'None'
[0.449s] Level 5:colcon.colcon_core.verb:set package 'as2_realsense_interface' build argument 'cmake_target' from command line to 'None'
[0.449s] Level 5:colcon.colcon_core.verb:set package 'as2_realsense_interface' build argument 'cmake_target_skip_unavailable' from command line to 'False'
[0.449s] Level 5:colcon.colcon_core.verb:set package 'as2_realsense_interface' build argument 'cmake_clean_cache' from command line to 'False'
[0.449s] Level 5:colcon.colcon_core.verb:set package 'as2_realsense_interface' build argument 'cmake_clean_first' from command line to 'False'
[0.449s] Level 5:colcon.colcon_core.verb:set package 'as2_realsense_interface' build argument 'cmake_force_configure' from command line to 'False'
[0.449s] Level 5:colcon.colcon_core.verb:set package 'as2_realsense_interface' build argument 'ament_cmake_args' from command line to 'None'
[0.449s] Level 5:colcon.colcon_core.verb:set package 'as2_realsense_interface' build argument 'catkin_cmake_args' from command line to 'None'
[0.449s] Level 5:colcon.colcon_core.verb:set package 'as2_realsense_interface' build argument 'catkin_skip_building_tests' from command line to 'False'
[0.449s] DEBUG:colcon.colcon_core.verb:Building package 'as2_realsense_interface' with the following arguments: {'ament_cmake_args': None, 'build_base': '/root/aerostack2_ws/build/as2_realsense_interface', 'catkin_cmake_args': None, 'catkin_skip_building_tests': False, 'cmake_args': None, 'cmake_clean_cache': False, 'cmake_clean_first': False, 'cmake_force_configure': False, 'cmake_target': None, 'cmake_target_skip_unavailable': False, 'install_base': '/root/aerostack2_ws/install/as2_realsense_interface', 'merge_install': False, 'path': '/root/aerostack2_ws/src/aerostack2/as2_hardware_drivers/as2_realsense_interface', 'symlink_install': False, 'test_result_base': None}
[0.450s] Level 5:colcon.colcon_core.verb:set package 'as2_state_estimator' build argument 'cmake_args' from command line to 'None'
[0.450s] Level 5:colcon.colcon_core.verb:set package 'as2_state_estimator' build argument 'cmake_target' from command line to 'None'
[0.450s] Level 5:colcon.colcon_core.verb:set package 'as2_state_estimator' build argument 'cmake_target_skip_unavailable' from command line to 'False'
[0.450s] Level 5:colcon.colcon_core.verb:set package 'as2_state_estimator' build argument 'cmake_clean_cache' from command line to 'False'
[0.450s] Level 5:colcon.colcon_core.verb:set package 'as2_state_estimator' build argument 'cmake_clean_first' from command line to 'False'
[0.450s] Level 5:colcon.colcon_core.verb:set package 'as2_state_estimator' build argument 'cmake_force_configure' from command line to 'False'
[0.450s] Level 5:colcon.colcon_core.verb:set package 'as2_state_estimator' build argument 'ament_cmake_args' from command line to 'None'
[0.450s] Level 5:colcon.colcon_core.verb:set package 'as2_state_estimator' build argument 'catkin_cmake_args' from command line to 'None'
[0.450s] Level 5:colcon.colcon_core.verb:set package 'as2_state_estimator' build argument 'catkin_skip_building_tests' from command line to 'False'
[0.450s] DEBUG:colcon.colcon_core.verb:Building package 'as2_state_estimator' with the following arguments: {'ament_cmake_args': None, 'build_base': '/root/aerostack2_ws/build/as2_state_estimator', 'catkin_cmake_args': None, 'catkin_skip_building_tests': False, 'cmake_args': None, 'cmake_clean_cache': False, 'cmake_clean_first': False, 'cmake_force_configure': False, 'cmake_target': None, 'cmake_target_skip_unavailable': False, 'install_base': '/root/aerostack2_ws/install/as2_state_estimator', 'merge_install': False, 'path': '/root/aerostack2_ws/src/aerostack2/as2_state_estimator', 'symlink_install': False, 'test_result_base': None}
[0.450s] Level 5:colcon.colcon_core.verb:set package 'as2_usb_camera_interface' build argument 'cmake_args' from command line to 'None'
[0.450s] Level 5:colcon.colcon_core.verb:set package 'as2_usb_camera_interface' build argument 'cmake_target' from command line to 'None'
[0.450s] Level 5:colcon.colcon_core.verb:set package 'as2_usb_camera_interface' build argument 'cmake_target_skip_unavailable' from command line to 'False'
[0.450s] Level 5:colcon.colcon_core.verb:set package 'as2_usb_camera_interface' build argument 'cmake_clean_cache' from command line to 'False'
[0.450s] Level 5:colcon.colcon_core.verb:set package 'as2_usb_camera_interface' build argument 'cmake_clean_first' from command line to 'False'
[0.450s] Level 5:colcon.colcon_core.verb:set package 'as2_usb_camera_interface' build argument 'cmake_force_configure' from command line to 'False'
[0.450s] Level 5:colcon.colcon_core.verb:set package 'as2_usb_camera_interface' build argument 'ament_cmake_args' from command line to 'None'
[0.450s] Level 5:colcon.colcon_core.verb:set package 'as2_usb_camera_interface' build argument 'catkin_cmake_args' from command line to 'None'
[0.450s] Level 5:colcon.colcon_core.verb:set package 'as2_usb_camera_interface' build argument 'catkin_skip_building_tests' from command line to 'False'
[0.450s] DEBUG:colcon.colcon_core.verb:Building package 'as2_usb_camera_interface' with the following arguments: {'ament_cmake_args': None, 'build_base': '/root/aerostack2_ws/build/as2_usb_camera_interface', 'catkin_cmake_args': None, 'catkin_skip_building_tests': False, 'cmake_args': None, 'cmake_clean_cache': False, 'cmake_clean_first': False, 'cmake_force_configure': False, 'cmake_target': None, 'cmake_target_skip_unavailable': False, 'install_base': '/root/aerostack2_ws/install/as2_usb_camera_interface', 'merge_install': False, 'path': '/root/aerostack2_ws/src/aerostack2/as2_hardware_drivers/as2_usb_camera_interface', 'symlink_install': False, 'test_result_base': None}
[0.450s] Level 5:colcon.colcon_core.verb:set package 'as2_behaviors_motion' build argument 'cmake_args' from command line to 'None'
[0.450s] Level 5:colcon.colcon_core.verb:set package 'as2_behaviors_motion' build argument 'cmake_target' from command line to 'None'
[0.450s] Level 5:colcon.colcon_core.verb:set package 'as2_behaviors_motion' build argument 'cmake_target_skip_unavailable' from command line to 'False'
[0.450s] Level 5:colcon.colcon_core.verb:set package 'as2_behaviors_motion' build argument 'cmake_clean_cache' from command line to 'False'
[0.450s] Level 5:colcon.colcon_core.verb:set package 'as2_behaviors_motion' build argument 'cmake_clean_first' from command line to 'False'
[0.450s] Level 5:colcon.colcon_core.verb:set package 'as2_behaviors_motion' build argument 'cmake_force_configure' from command line to 'False'
[0.450s] Level 5:colcon.colcon_core.verb:set package 'as2_behaviors_motion' build argument 'ament_cmake_args' from command line to 'None'
[0.450s] Level 5:colcon.colcon_core.verb:set package 'as2_behaviors_motion' build argument 'catkin_cmake_args' from command line to 'None'
[0.450s] Level 5:colcon.colcon_core.verb:set package 'as2_behaviors_motion' build argument 'catkin_skip_building_tests' from command line to 'False'
[0.451s] DEBUG:colcon.colcon_core.verb:Building package 'as2_behaviors_motion' with the following arguments: {'ament_cmake_args': None, 'build_base': '/root/aerostack2_ws/build/as2_behaviors_motion', 'catkin_cmake_args': None, 'catkin_skip_building_tests': False, 'cmake_args': None, 'cmake_clean_cache': False, 'cmake_clean_first': False, 'cmake_force_configure': False, 'cmake_target': None, 'cmake_target_skip_unavailable': False, 'install_base': '/root/aerostack2_ws/install/as2_behaviors_motion', 'merge_install': False, 'path': '/root/aerostack2_ws/src/aerostack2/as2_behaviors/as2_behaviors_motion', 'symlink_install': False, 'test_result_base': None}
[0.451s] Level 5:colcon.colcon_core.verb:set package 'as2_behaviors_path_planning' build argument 'cmake_args' from command line to 'None'
[0.451s] Level 5:colcon.colcon_core.verb:set package 'as2_behaviors_path_planning' build argument 'cmake_target' from command line to 'None'
[0.451s] Level 5:colcon.colcon_core.verb:set package 'as2_behaviors_path_planning' build argument 'cmake_target_skip_unavailable' from command line to 'False'
[0.451s] Level 5:colcon.colcon_core.verb:set package 'as2_behaviors_path_planning' build argument 'cmake_clean_cache' from command line to 'False'
[0.451s] Level 5:colcon.colcon_core.verb:set package 'as2_behaviors_path_planning' build argument 'cmake_clean_first' from command line to 'False'
[0.451s] Level 5:colcon.colcon_core.verb:set package 'as2_behaviors_path_planning' build argument 'cmake_force_configure' from command line to 'False'
[0.451s] Level 5:colcon.colcon_core.verb:set package 'as2_behaviors_path_planning' build argument 'ament_cmake_args' from command line to 'None'
[0.451s] Level 5:colcon.colcon_core.verb:set package 'as2_behaviors_path_planning' build argument 'catkin_cmake_args' from command line to 'None'
[0.451s] Level 5:colcon.colcon_core.verb:set package 'as2_behaviors_path_planning' build argument 'catkin_skip_building_tests' from command line to 'False'
[0.451s] DEBUG:colcon.colcon_core.verb:Building package 'as2_behaviors_path_planning' with the following arguments: {'ament_cmake_args': None, 'build_base': '/root/aerostack2_ws/build/as2_behaviors_path_planning', 'catkin_cmake_args': None, 'catkin_skip_building_tests': False, 'cmake_args': None, 'cmake_clean_cache': False, 'cmake_clean_first': False, 'cmake_force_configure': False, 'cmake_target': None, 'cmake_target_skip_unavailable': False, 'install_base': '/root/aerostack2_ws/install/as2_behaviors_path_planning', 'merge_install': False, 'path': '/root/aerostack2_ws/src/aerostack2/as2_behaviors/as2_behaviors_path_planning', 'symlink_install': False, 'test_result_base': None}
[0.451s] Level 5:colcon.colcon_core.verb:set package 'as2_behaviors_perception' build argument 'cmake_args' from command line to 'None'
[0.451s] Level 5:colcon.colcon_core.verb:set package 'as2_behaviors_perception' build argument 'cmake_target' from command line to 'None'
[0.451s] Level 5:colcon.colcon_core.verb:set package 'as2_behaviors_perception' build argument 'cmake_target_skip_unavailable' from command line to 'False'
[0.451s] Level 5:colcon.colcon_core.verb:set package 'as2_behaviors_perception' build argument 'cmake_clean_cache' from command line to 'False'
[0.451s] Level 5:colcon.colcon_core.verb:set package 'as2_behaviors_perception' build argument 'cmake_clean_first' from command line to 'False'
[0.451s] Level 5:colcon.colcon_core.verb:set package 'as2_behaviors_perception' build argument 'cmake_force_configure' from command line to 'False'
[0.451s] Level 5:colcon.colcon_core.verb:set package 'as2_behaviors_perception' build argument 'ament_cmake_args' from command line to 'None'
[0.451s] Level 5:colcon.colcon_core.verb:set package 'as2_behaviors_perception' build argument 'catkin_cmake_args' from command line to 'None'
[0.451s] Level 5:colcon.colcon_core.verb:set package 'as2_behaviors_perception' build argument 'catkin_skip_building_tests' from command line to 'False'
[0.451s] DEBUG:colcon.colcon_core.verb:Building package 'as2_behaviors_perception' with the following arguments: {'ament_cmake_args': None, 'build_base': '/root/aerostack2_ws/build/as2_behaviors_perception', 'catkin_cmake_args': None, 'catkin_skip_building_tests': False, 'cmake_args': None, 'cmake_clean_cache': False, 'cmake_clean_first': False, 'cmake_force_configure': False, 'cmake_target': None, 'cmake_target_skip_unavailable': False, 'install_base': '/root/aerostack2_ws/install/as2_behaviors_perception', 'merge_install': False, 'path': '/root/aerostack2_ws/src/aerostack2/as2_behaviors/as2_behaviors_perception', 'symlink_install': False, 'test_result_base': None}
[0.451s] Level 5:colcon.colcon_core.verb:set package 'as2_behaviors_platform' build argument 'cmake_args' from command line to 'None'
[0.451s] Level 5:colcon.colcon_core.verb:set package 'as2_behaviors_platform' build argument 'cmake_target' from command line to 'None'
[0.451s] Level 5:colcon.colcon_core.verb:set package 'as2_behaviors_platform' build argument 'cmake_target_skip_unavailable' from command line to 'False'
[0.451s] Level 5:colcon.colcon_core.verb:set package 'as2_behaviors_platform' build argument 'cmake_clean_cache' from command line to 'False'
[0.451s] Level 5:colcon.colcon_core.verb:set package 'as2_behaviors_platform' build argument 'cmake_clean_first' from command line to 'False'
[0.451s] Level 5:colcon.colcon_core.verb:set package 'as2_behaviors_platform' build argument 'cmake_force_configure' from command line to 'False'
[0.451s] Level 5:colcon.colcon_core.verb:set package 'as2_behaviors_platform' build argument 'ament_cmake_args' from command line to 'None'
[0.451s] Level 5:colcon.colcon_core.verb:set package 'as2_behaviors_platform' build argument 'catkin_cmake_args' from command line to 'None'
[0.451s] Level 5:colcon.colcon_core.verb:set package 'as2_behaviors_platform' build argument 'catkin_skip_building_tests' from command line to 'False'
[0.451s] DEBUG:colcon.colcon_core.verb:Building package 'as2_behaviors_platform' with the following arguments: {'ament_cmake_args': None, 'build_base': '/root/aerostack2_ws/build/as2_behaviors_platform', 'catkin_cmake_args': None, 'catkin_skip_building_tests': False, 'cmake_args': None, 'cmake_clean_cache': False, 'cmake_clean_first': False, 'cmake_force_configure': False, 'cmake_target': None, 'cmake_target_skip_unavailable': False, 'install_base': '/root/aerostack2_ws/install/as2_behaviors_platform', 'merge_install': False, 'path': '/root/aerostack2_ws/src/aerostack2/as2_behaviors/as2_behaviors_platform', 'symlink_install': False, 'test_result_base': None}
[0.452s] Level 5:colcon.colcon_core.verb:set package 'as2_behaviors_swarm_flocking' build argument 'cmake_args' from command line to 'None'
[0.452s] Level 5:colcon.colcon_core.verb:set package 'as2_behaviors_swarm_flocking' build argument 'cmake_target' from command line to 'None'
[0.452s] Level 5:colcon.colcon_core.verb:set package 'as2_behaviors_swarm_flocking' build argument 'cmake_target_skip_unavailable' from command line to 'False'
[0.452s] Level 5:colcon.colcon_core.verb:set package 'as2_behaviors_swarm_flocking' build argument 'cmake_clean_cache' from command line to 'False'
[0.452s] Level 5:colcon.colcon_core.verb:set package 'as2_behaviors_swarm_flocking' build argument 'cmake_clean_first' from command line to 'False'
[0.452s] Level 5:colcon.colcon_core.verb:set package 'as2_behaviors_swarm_flocking' build argument 'cmake_force_configure' from command line to 'False'
[0.452s] Level 5:colcon.colcon_core.verb:set package 'as2_behaviors_swarm_flocking' build argument 'ament_cmake_args' from command line to 'None'
[0.452s] Level 5:colcon.colcon_core.verb:set package 'as2_behaviors_swarm_flocking' build argument 'catkin_cmake_args' from command line to 'None'
[0.452s] Level 5:colcon.colcon_core.verb:set package 'as2_behaviors_swarm_flocking' build argument 'catkin_skip_building_tests' from command line to 'False'
[0.452s] DEBUG:colcon.colcon_core.verb:Building package 'as2_behaviors_swarm_flocking' with the following arguments: {'ament_cmake_args': None, 'build_base': '/root/aerostack2_ws/build/as2_behaviors_swarm_flocking', 'catkin_cmake_args': None, 'catkin_skip_building_tests': False, 'cmake_args': None, 'cmake_clean_cache': False, 'cmake_clean_first': False, 'cmake_force_configure': False, 'cmake_target': None, 'cmake_target_skip_unavailable': False, 'install_base': '/root/aerostack2_ws/install/as2_behaviors_swarm_flocking', 'merge_install': False, 'path': '/root/aerostack2_ws/src/aerostack2/as2_behaviors/as2_behaviors_swarm_flocking', 'symlink_install': False, 'test_result_base': None}
[0.452s] Level 5:colcon.colcon_core.verb:set package 'as2_behaviors_trajectory_generation' build argument 'cmake_args' from command line to 'None'
[0.452s] Level 5:colcon.colcon_core.verb:set package 'as2_behaviors_trajectory_generation' build argument 'cmake_target' from command line to 'None'
[0.452s] Level 5:colcon.colcon_core.verb:set package 'as2_behaviors_trajectory_generation' build argument 'cmake_target_skip_unavailable' from command line to 'False'
[0.452s] Level 5:colcon.colcon_core.verb:set package 'as2_behaviors_trajectory_generation' build argument 'cmake_clean_cache' from command line to 'False'
[0.452s] Level 5:colcon.colcon_core.verb:set package 'as2_behaviors_trajectory_generation' build argument 'cmake_clean_first' from command line to 'False'
[0.452s] Level 5:colcon.colcon_core.verb:set package 'as2_behaviors_trajectory_generation' build argument 'cmake_force_configure' from command line to 'False'
[0.452s] Level 5:colcon.colcon_core.verb:set package 'as2_behaviors_trajectory_generation' build argument 'ament_cmake_args' from command line to 'None'
[0.452s] Level 5:colcon.colcon_core.verb:set package 'as2_behaviors_trajectory_generation' build argument 'catkin_cmake_args' from command line to 'None'
[0.452s] Level 5:colcon.colcon_core.verb:set package 'as2_behaviors_trajectory_generation' build argument 'catkin_skip_building_tests' from command line to 'False'
[0.452s] DEBUG:colcon.colcon_core.verb:Building package 'as2_behaviors_trajectory_generation' with the following arguments: {'ament_cmake_args': None, 'build_base': '/root/aerostack2_ws/build/as2_behaviors_trajectory_generation', 'catkin_cmake_args': None, 'catkin_skip_building_tests': False, 'cmake_args': None, 'cmake_clean_cache': False, 'cmake_clean_first': False, 'cmake_force_configure': False, 'cmake_target': None, 'cmake_target_skip_unavailable': False, 'install_base': '/root/aerostack2_ws/install/as2_behaviors_trajectory_generation', 'merge_install': False, 'path': '/root/aerostack2_ws/src/aerostack2/as2_behaviors/as2_behaviors_trajectory_generation', 'symlink_install': False, 'test_result_base': None}
[0.453s] Level 5:colcon.colcon_core.verb:set package 'as2_motion_controller' build argument 'cmake_args' from command line to 'None'
[0.453s] Level 5:colcon.colcon_core.verb:set package 'as2_motion_controller' build argument 'cmake_target' from command line to 'None'
[0.453s] Level 5:colcon.colcon_core.verb:set package 'as2_motion_controller' build argument 'cmake_target_skip_unavailable' from command line to 'False'
[0.453s] Level 5:colcon.colcon_core.verb:set package 'as2_motion_controller' build argument 'cmake_clean_cache' from command line to 'False'
[0.453s] Level 5:colcon.colcon_core.verb:set package 'as2_motion_controller' build argument 'cmake_clean_first' from command line to 'False'
[0.453s] Level 5:colcon.colcon_core.verb:set package 'as2_motion_controller' build argument 'cmake_force_configure' from command line to 'False'
[0.453s] Level 5:colcon.colcon_core.verb:set package 'as2_motion_controller' build argument 'ament_cmake_args' from command line to 'None'
[0.453s] Level 5:colcon.colcon_core.verb:set package 'as2_motion_controller' build argument 'catkin_cmake_args' from command line to 'None'
[0.453s] Level 5:colcon.colcon_core.verb:set package 'as2_motion_controller' build argument 'catkin_skip_building_tests' from command line to 'False'
[0.453s] DEBUG:colcon.colcon_core.verb:Building package 'as2_motion_controller' with the following arguments: {'ament_cmake_args': None, 'build_base': '/root/aerostack2_ws/build/as2_motion_controller', 'catkin_cmake_args': None, 'catkin_skip_building_tests': False, 'cmake_args': None, 'cmake_clean_cache': False, 'cmake_clean_first': False, 'cmake_force_configure': False, 'cmake_target': None, 'cmake_target_skip_unavailable': False, 'install_base': '/root/aerostack2_ws/install/as2_motion_controller', 'merge_install': False, 'path': '/root/aerostack2_ws/src/aerostack2/as2_motion_controller', 'symlink_install': False, 'test_result_base': None}
[0.453s] Level 5:colcon.colcon_core.verb:set package 'as2_platform_gazebo' build argument 'cmake_args' from command line to 'None'
[0.453s] Level 5:colcon.colcon_core.verb:set package 'as2_platform_gazebo' build argument 'cmake_target' from command line to 'None'
[0.453s] Level 5:colcon.colcon_core.verb:set package 'as2_platform_gazebo' build argument 'cmake_target_skip_unavailable' from command line to 'False'
[0.453s] Level 5:colcon.colcon_core.verb:set package 'as2_platform_gazebo' build argument 'cmake_clean_cache' from command line to 'False'
[0.453s] Level 5:colcon.colcon_core.verb:set package 'as2_platform_gazebo' build argument 'cmake_clean_first' from command line to 'False'
[0.453s] Level 5:colcon.colcon_core.verb:set package 'as2_platform_gazebo' build argument 'cmake_force_configure' from command line to 'False'
[0.453s] Level 5:colcon.colcon_core.verb:set package 'as2_platform_gazebo' build argument 'ament_cmake_args' from command line to 'None'
[0.453s] Level 5:colcon.colcon_core.verb:set package 'as2_platform_gazebo' build argument 'catkin_cmake_args' from command line to 'None'
[0.453s] Level 5:colcon.colcon_core.verb:set package 'as2_platform_gazebo' build argument 'catkin_skip_building_tests' from command line to 'False'
[0.453s] DEBUG:colcon.colcon_core.verb:Building package 'as2_platform_gazebo' with the following arguments: {'ament_cmake_args': None, 'build_base': '/root/aerostack2_ws/build/as2_platform_gazebo', 'catkin_cmake_args': None, 'catkin_skip_building_tests': False, 'cmake_args': None, 'cmake_clean_cache': False, 'cmake_clean_first': False, 'cmake_force_configure': False, 'cmake_target': None, 'cmake_target_skip_unavailable': False, 'install_base': '/root/aerostack2_ws/install/as2_platform_gazebo', 'merge_install': False, 'path': '/root/aerostack2_ws/src/aerostack2/as2_aerial_platforms/as2_platform_gazebo', 'symlink_install': False, 'test_result_base': None}
[0.453s] Level 5:colcon.colcon_core.verb:set package 'as2_python_api' build argument 'cmake_args' from command line to 'None'
[0.453s] Level 5:colcon.colcon_core.verb:set package 'as2_python_api' build argument 'cmake_target' from command line to 'None'
[0.453s] Level 5:colcon.colcon_core.verb:set package 'as2_python_api' build argument 'cmake_target_skip_unavailable' from command line to 'False'
[0.453s] Level 5:colcon.colcon_core.verb:set package 'as2_python_api' build argument 'cmake_clean_cache' from command line to 'False'
[0.453s] Level 5:colcon.colcon_core.verb:set package 'as2_python_api' build argument 'cmake_clean_first' from command line to 'False'
[0.454s] Level 5:colcon.colcon_core.verb:set package 'as2_python_api' build argument 'cmake_force_configure' from command line to 'False'
[0.454s] Level 5:colcon.colcon_core.verb:set package 'as2_python_api' build argument 'ament_cmake_args' from command line to 'None'
[0.454s] Level 5:colcon.colcon_core.verb:set package 'as2_python_api' build argument 'catkin_cmake_args' from command line to 'None'
[0.454s] Level 5:colcon.colcon_core.verb:set package 'as2_python_api' build argument 'catkin_skip_building_tests' from command line to 'False'
[0.454s] DEBUG:colcon.colcon_core.verb:Building package 'as2_python_api' with the following arguments: {'ament_cmake_args': None, 'build_base': '/root/aerostack2_ws/build/as2_python_api', 'catkin_cmake_args': None, 'catkin_skip_building_tests': False, 'cmake_args': None, 'cmake_clean_cache': False, 'cmake_clean_first': False, 'cmake_force_configure': False, 'cmake_target': None, 'cmake_target_skip_unavailable': False, 'install_base': '/root/aerostack2_ws/install/as2_python_api', 'merge_install': False, 'path': '/root/aerostack2_ws/src/aerostack2/as2_python_api', 'symlink_install': False, 'test_result_base': None}
[0.454s] Level 5:colcon.colcon_core.verb:set package 'as2_rviz_plugins' build argument 'cmake_args' from command line to 'None'
[0.454s] Level 5:colcon.colcon_core.verb:set package 'as2_rviz_plugins' build argument 'cmake_target' from command line to 'None'
[0.454s] Level 5:colcon.colcon_core.verb:set package 'as2_rviz_plugins' build argument 'cmake_target_skip_unavailable' from command line to 'False'
[0.454s] Level 5:colcon.colcon_core.verb:set package 'as2_rviz_plugins' build argument 'cmake_clean_cache' from command line to 'False'
[0.454s] Level 5:colcon.colcon_core.verb:set package 'as2_rviz_plugins' build argument 'cmake_clean_first' from command line to 'False'
[0.454s] Level 5:colcon.colcon_core.verb:set package 'as2_rviz_plugins' build argument 'cmake_force_configure' from command line to 'False'
[0.454s] Level 5:colcon.colcon_core.verb:set package 'as2_rviz_plugins' build argument 'ament_cmake_args' from command line to 'None'
[0.454s] Level 5:colcon.colcon_core.verb:set package 'as2_rviz_plugins' build argument 'catkin_cmake_args' from command line to 'None'
[0.454s] Level 5:colcon.colcon_core.verb:set package 'as2_rviz_plugins' build argument 'catkin_skip_building_tests' from command line to 'False'
[0.454s] DEBUG:colcon.colcon_core.verb:Building package 'as2_rviz_plugins' with the following arguments: {'ament_cmake_args': None, 'build_base': '/root/aerostack2_ws/build/as2_rviz_plugins', 'catkin_cmake_args': None, 'catkin_skip_building_tests': False, 'cmake_args': None, 'cmake_clean_cache': False, 'cmake_clean_first': False, 'cmake_force_configure': False, 'cmake_target': None, 'cmake_target_skip_unavailable': False, 'install_base': '/root/aerostack2_ws/install/as2_rviz_plugins', 'merge_install': False, 'path': '/root/aerostack2_ws/src/aerostack2/as2_user_interfaces/as2_visualization/as2_rviz_plugins', 'symlink_install': False, 'test_result_base': None}
[0.454s] Level 5:colcon.colcon_core.verb:set package 'as2_visualization' build argument 'cmake_args' from command line to 'None'
[0.454s] Level 5:colcon.colcon_core.verb:set package 'as2_visualization' build argument 'cmake_target' from command line to 'None'
[0.454s] Level 5:colcon.colcon_core.verb:set package 'as2_visualization' build argument 'cmake_target_skip_unavailable' from command line to 'False'
[0.454s] Level 5:colcon.colcon_core.verb:set package 'as2_visualization' build argument 'cmake_clean_cache' from command line to 'False'
[0.454s] Level 5:colcon.colcon_core.verb:set package 'as2_visualization' build argument 'cmake_clean_first' from command line to 'False'
[0.454s] Level 5:colcon.colcon_core.verb:set package 'as2_visualization' build argument 'cmake_force_configure' from command line to 'False'
[0.454s] Level 5:colcon.colcon_core.verb:set package 'as2_visualization' build argument 'ament_cmake_args' from command line to 'None'
[0.454s] Level 5:colcon.colcon_core.verb:set package 'as2_visualization' build argument 'catkin_cmake_args' from command line to 'None'
[0.454s] Level 5:colcon.colcon_core.verb:set package 'as2_visualization' build argument 'catkin_skip_building_tests' from command line to 'False'
[0.454s] DEBUG:colcon.colcon_core.verb:Building package 'as2_visualization' with the following arguments: {'ament_cmake_args': None, 'build_base': '/root/aerostack2_ws/build/as2_visualization', 'catkin_cmake_args': None, 'catkin_skip_building_tests': False, 'cmake_args': None, 'cmake_clean_cache': False, 'cmake_clean_first': False, 'cmake_force_configure': False, 'cmake_target': None, 'cmake_target_skip_unavailable': False, 'install_base': '/root/aerostack2_ws/install/as2_visualization', 'merge_install': False, 'path': '/root/aerostack2_ws/src/aerostack2/as2_user_interfaces/as2_visualization/as2_visualization', 'symlink_install': False, 'test_result_base': None}
[0.455s] Level 5:colcon.colcon_core.verb:set package 'as2_keyboard_teleoperation' build argument 'cmake_args' from command line to 'None'
[0.455s] Level 5:colcon.colcon_core.verb:set package 'as2_keyboard_teleoperation' build argument 'cmake_target' from command line to 'None'
[0.455s] Level 5:colcon.colcon_core.verb:set package 'as2_keyboard_teleoperation' build argument 'cmake_target_skip_unavailable' from command line to 'False'
[0.455s] Level 5:colcon.colcon_core.verb:set package 'as2_keyboard_teleoperation' build argument 'cmake_clean_cache' from command line to 'False'
[0.455s] Level 5:colcon.colcon_core.verb:set package 'as2_keyboard_teleoperation' build argument 'cmake_clean_first' from command line to 'False'
[0.455s] Level 5:colcon.colcon_core.verb:set package 'as2_keyboard_teleoperation' build argument 'cmake_force_configure' from command line to 'False'
[0.455s] Level 5:colcon.colcon_core.verb:set package 'as2_keyboard_teleoperation' build argument 'ament_cmake_args' from command line to 'None'
[0.455s] Level 5:colcon.colcon_core.verb:set package 'as2_keyboard_teleoperation' build argument 'catkin_cmake_args' from command line to 'None'
[0.455s] Level 5:colcon.colcon_core.verb:set package 'as2_keyboard_teleoperation' build argument 'catkin_skip_building_tests' from command line to 'False'
[0.455s] DEBUG:colcon.colcon_core.verb:Building package 'as2_keyboard_teleoperation' with the following arguments: {'ament_cmake_args': None, 'build_base': '/root/aerostack2_ws/build/as2_keyboard_teleoperation', 'catkin_cmake_args': None, 'catkin_skip_building_tests': False, 'cmake_args': None, 'cmake_clean_cache': False, 'cmake_clean_first': False, 'cmake_force_configure': False, 'cmake_target': None, 'cmake_target_skip_unavailable': False, 'install_base': '/root/aerostack2_ws/install/as2_keyboard_teleoperation', 'merge_install': False, 'path': '/root/aerostack2_ws/src/aerostack2/as2_user_interfaces/as2_keyboard_teleoperation', 'symlink_install': False, 'test_result_base': None}
[0.455s] Level 5:colcon.colcon_core.verb:set package 'aerostack2' build argument 'cmake_args' from command line to 'None'
[0.455s] Level 5:colcon.colcon_core.verb:set package 'aerostack2' build argument 'cmake_target' from command line to 'None'
[0.455s] Level 5:colcon.colcon_core.verb:set package 'aerostack2' build argument 'cmake_target_skip_unavailable' from command line to 'False'
[0.455s] Level 5:colcon.colcon_core.verb:set package 'aerostack2' build argument 'cmake_clean_cache' from command line to 'False'
[0.455s] Level 5:colcon.colcon_core.verb:set package 'aerostack2' build argument 'cmake_clean_first' from command line to 'False'
[0.455s] Level 5:colcon.colcon_core.verb:set package 'aerostack2' build argument 'cmake_force_configure' from command line to 'False'
[0.455s] Level 5:colcon.colcon_core.verb:set package 'aerostack2' build argument 'ament_cmake_args' from command line to 'None'
[0.455s] Level 5:colcon.colcon_core.verb:set package 'aerostack2' build argument 'catkin_cmake_args' from command line to 'None'
[0.455s] Level 5:colcon.colcon_core.verb:set package 'aerostack2' build argument 'catkin_skip_building_tests' from command line to 'False'
[0.455s] DEBUG:colcon.colcon_core.verb:Building package 'aerostack2' with the following arguments: {'ament_cmake_args': None, 'build_base': '/root/aerostack2_ws/build/aerostack2', 'catkin_cmake_args': None, 'catkin_skip_building_tests': False, 'cmake_args': None, 'cmake_clean_cache': False, 'cmake_clean_first': False, 'cmake_force_configure': False, 'cmake_target': None, 'cmake_target_skip_unavailable': False, 'install_base': '/root/aerostack2_ws/install/aerostack2', 'merge_install': False, 'path': '/root/aerostack2_ws/src/aerostack2/aerostack2', 'symlink_install': False, 'test_result_base': None}
[0.455s] INFO:colcon.colcon_core.executor:Executing jobs using 'parallel' executor
[0.457s] DEBUG:colcon.colcon_parallel_executor.executor.parallel:run_until_complete
[0.457s] INFO:colcon.colcon_ros.task.ament_cmake.build:Building ROS package in '/root/aerostack2_ws/src/aerostack2/as2_msgs' with build type 'ament_cmake'
[0.457s] INFO:colcon.colcon_cmake.task.cmake.build:Building CMake package in '/root/aerostack2_ws/src/aerostack2/as2_msgs'
[0.461s] INFO:colcon.colcon_core.plugin_system:Skipping extension 'colcon_core.shell.bat': Not used on non-Windows systems
[0.461s] INFO:colcon.colcon_core.shell:Skip shell extension 'powershell' for command environment: Not usable outside of PowerShell
[0.461s] DEBUG:colcon.colcon_core.shell:Skip shell extension 'dsv' for command environment
[0.473s] INFO:colcon.colcon_ros.task.ament_cmake.build:Building ROS package in '/root/aerostack2_ws/src/aerostack2/as2_cli' with build type 'ament_cmake'
[0.473s] INFO:colcon.colcon_cmake.task.cmake.build:Building CMake package in '/root/aerostack2_ws/src/aerostack2/as2_cli'
[0.473s] INFO:colcon.colcon_core.shell:Skip shell extension 'powershell' for command environment: Not usable outside of PowerShell
[0.473s] DEBUG:colcon.colcon_core.shell:Skip shell extension 'dsv' for command environment
[0.478s] INFO:colcon.colcon_ros.task.ament_python.build:Building ROS package in '/root/aerostack2_ws/src/aerostack2/as2_perception' with build type 'ament_python'
[0.478s] Level 1:colcon.colcon_core.shell:create_environment_hook('as2_perception', 'ament_prefix_path')
[0.478s] INFO:colcon.colcon_core.shell:Creating environment hook '/root/aerostack2_ws/install/as2_perception/share/as2_perception/hook/ament_prefix_path.ps1'
[0.480s] INFO:colcon.colcon_core.shell:Creating environment descriptor '/root/aerostack2_ws/install/as2_perception/share/as2_perception/hook/ament_prefix_path.dsv'
[0.480s] INFO:colcon.colcon_core.shell:Creating environment hook '/root/aerostack2_ws/install/as2_perception/share/as2_perception/hook/ament_prefix_path.sh'
[0.481s] INFO:colcon.colcon_core.shell:Skip shell extension 'powershell' for command environment: Not usable outside of PowerShell
[0.481s] DEBUG:colcon.colcon_core.shell:Skip shell extension 'dsv' for command environment
[0.487s] INFO:colcon.colcon_ros.task.ament_python.build:Building ROS package in '/root/aerostack2_ws/src/aerostack2/as2_project_bringup' with build type 'ament_python'
[0.487s] Level 1:colcon.colcon_core.shell:create_environment_hook('as2_project_bringup', 'ament_prefix_path')
[0.487s] INFO:colcon.colcon_core.shell:Creating environment hook '/root/aerostack2_ws/install/as2_project_bringup/share/as2_project_bringup/hook/ament_prefix_path.ps1'
[0.490s] INFO:colcon.colcon_core.shell:Creating environment descriptor '/root/aerostack2_ws/install/as2_project_bringup/share/as2_project_bringup/hook/ament_prefix_path.dsv'
[0.491s] INFO:colcon.colcon_core.shell:Creating environment hook '/root/aerostack2_ws/install/as2_project_bringup/share/as2_project_bringup/hook/ament_prefix_path.sh'
[0.493s] INFO:colcon.colcon_core.shell:Skip shell extension 'powershell' for command environment: Not usable outside of PowerShell
[0.493s] DEBUG:colcon.colcon_core.shell:Skip shell extension 'dsv' for command environment
[0.505s] DEBUG:colcon.colcon_core.event_handler.log_command:Invoking command in '/root/aerostack2_ws/build/as2_msgs': CMAKE_PREFIX_PATH=${CMAKE_PREFIX_PATH}:/root/aerostack2_ws/install/as2_project_bringup:/root/aerostack2_ws/install/rmf_demos_tasks:/root/aerostack2_ws/install/rmf_demos_panel:/root/aerostack2_ws/install/rmf_demos_fleet_adapter:/root/aerostack2_ws/install/rmf_demos_dashboard_resources:/root/aerostack2_ws/install/rmf_demos_bridges:/root/aerostack2_ws/install/rmf_demos_assets:/root/aerostack2_ws/install/as2_visualization:/root/aerostack2_ws/install/as2_keyboard_teleoperation:/root/aerostack2_ws/install/as2_python_api:/root/aerostack2_ws/install/as2_perception:/opt/ros/humble /usr/bin/cmake --build /root/aerostack2_ws/build/as2_msgs -- -j8 -l8
[0.513s] DEBUG:colcon.colcon_core.event_handler.log_command:Invoking command in '/root/aerostack2_ws/build/as2_cli': CMAKE_PREFIX_PATH=${CMAKE_PREFIX_PATH}:/root/aerostack2_ws/install/as2_project_bringup:/root/aerostack2_ws/install/rmf_demos_tasks:/root/aerostack2_ws/install/rmf_demos_panel:/root/aerostack2_ws/install/rmf_demos_fleet_adapter:/root/aerostack2_ws/install/rmf_demos_dashboard_resources:/root/aerostack2_ws/install/rmf_demos_bridges:/root/aerostack2_ws/install/rmf_demos_assets:/root/aerostack2_ws/install/as2_visualization:/root/aerostack2_ws/install/as2_keyboard_teleoperation:/root/aerostack2_ws/install/as2_python_api:/root/aerostack2_ws/install/as2_perception:/opt/ros/humble /usr/bin/cmake --build /root/aerostack2_ws/build/as2_cli -- -j8 -l8
[0.859s] INFO:colcon.colcon_core.task.python.build:Building Python package in '/root/aerostack2_ws/src/aerostack2/as2_perception'
[0.859s] INFO:colcon.colcon_core.shell:Skip shell extension 'powershell' for command environment: Not usable outside of PowerShell
[0.859s] DEBUG:colcon.colcon_core.shell:Skip shell extension 'dsv' for command environment
[1.204s] INFO:colcon.colcon_core.task.python.build:Building Python package in '/root/aerostack2_ws/src/aerostack2/as2_project_bringup'
[1.205s] INFO:colcon.colcon_core.shell:Skip shell extension 'powershell' for command environment: Not usable outside of PowerShell
[1.205s] DEBUG:colcon.colcon_core.shell:Skip shell extension 'dsv' for command environment
[1.213s] DEBUG:colcon.colcon_core.event_handler.log_command:Invoked command in '/root/aerostack2_ws/build/as2_cli' returned '0': CMAKE_PREFIX_PATH=${CMAKE_PREFIX_PATH}:/root/aerostack2_ws/install/as2_project_bringup:/root/aerostack2_ws/install/rmf_demos_tasks:/root/aerostack2_ws/install/rmf_demos_panel:/root/aerostack2_ws/install/rmf_demos_fleet_adapter:/root/aerostack2_ws/install/rmf_demos_dashboard_resources:/root/aerostack2_ws/install/rmf_demos_bridges:/root/aerostack2_ws/install/rmf_demos_assets:/root/aerostack2_ws/install/as2_visualization:/root/aerostack2_ws/install/as2_keyboard_teleoperation:/root/aerostack2_ws/install/as2_python_api:/root/aerostack2_ws/install/as2_perception:/opt/ros/humble /usr/bin/cmake --build /root/aerostack2_ws/build/as2_cli -- -j8 -l8
[1.225s] DEBUG:colcon.colcon_core.event_handler.log_command:Invoking command in '/root/aerostack2_ws/build/as2_cli': CMAKE_PREFIX_PATH=${CMAKE_PREFIX_PATH}:/root/aerostack2_ws/install/as2_project_bringup:/root/aerostack2_ws/install/rmf_demos_tasks:/root/aerostack2_ws/install/rmf_demos_panel:/root/aerostack2_ws/install/rmf_demos_fleet_adapter:/root/aerostack2_ws/install/rmf_demos_dashboard_resources:/root/aerostack2_ws/install/rmf_demos_bridges:/root/aerostack2_ws/install/rmf_demos_assets:/root/aerostack2_ws/install/as2_visualization:/root/aerostack2_ws/install/as2_keyboard_teleoperation:/root/aerostack2_ws/install/as2_python_api:/root/aerostack2_ws/install/as2_perception:/opt/ros/humble /usr/bin/cmake --install /root/aerostack2_ws/build/as2_cli
[1.240s] Level 1:colcon.colcon_core.environment:create_environment_scripts_only(as2_cli)
[1.241s] DEBUG:colcon.colcon_core.event_handler.log_command:Invoked command in '/root/aerostack2_ws/build/as2_cli' returned '0': CMAKE_PREFIX_PATH=${CMAKE_PREFIX_PATH}:/root/aerostack2_ws/install/as2_project_bringup:/root/aerostack2_ws/install/rmf_demos_tasks:/root/aerostack2_ws/install/rmf_demos_panel:/root/aerostack2_ws/install/rmf_demos_fleet_adapter:/root/aerostack2_ws/install/rmf_demos_dashboard_resources:/root/aerostack2_ws/install/rmf_demos_bridges:/root/aerostack2_ws/install/rmf_demos_assets:/root/aerostack2_ws/install/as2_visualization:/root/aerostack2_ws/install/as2_keyboard_teleoperation:/root/aerostack2_ws/install/as2_python_api:/root/aerostack2_ws/install/as2_perception:/opt/ros/humble /usr/bin/cmake --install /root/aerostack2_ws/build/as2_cli
[1.248s] Level 1:colcon.colcon_core.environment:checking '/root/aerostack2_ws/install/as2_cli' for CMake module files
[1.249s] Level 1:colcon.colcon_core.environment:checking '/root/aerostack2_ws/install/as2_cli' for CMake config files
[1.250s] Level 1:colcon.colcon_core.shell:create_environment_hook('as2_cli', 'cmake_prefix_path')
[1.250s] INFO:colcon.colcon_core.shell:Creating environment hook '/root/aerostack2_ws/install/as2_cli/share/as2_cli/hook/cmake_prefix_path.ps1'
[1.251s] INFO:colcon.colcon_core.shell:Creating environment descriptor '/root/aerostack2_ws/install/as2_cli/share/as2_cli/hook/cmake_prefix_path.dsv'
[1.251s] INFO:colcon.colcon_core.shell:Creating environment hook '/root/aerostack2_ws/install/as2_cli/share/as2_cli/hook/cmake_prefix_path.sh'
[1.252s] Level 1:colcon.colcon_core.environment:checking '/root/aerostack2_ws/install/as2_cli/bin'
[1.252s] Level 1:colcon.colcon_core.environment:checking '/root/aerostack2_ws/install/as2_cli/lib/pkgconfig/as2_cli.pc'
[1.252s] Level 1:colcon.colcon_core.environment:checking '/root/aerostack2_ws/install/as2_cli/lib/python3.10/site-packages'
[1.253s] Level 1:colcon.colcon_core.environment:checking '/root/aerostack2_ws/install/as2_cli/bin'
[1.253s] INFO:colcon.colcon_core.shell:Creating package script '/root/aerostack2_ws/install/as2_cli/share/as2_cli/package.ps1'
[1.254s] INFO:colcon.colcon_core.shell:Creating package descriptor '/root/aerostack2_ws/install/as2_cli/share/as2_cli/package.dsv'
[1.255s] INFO:colcon.colcon_core.shell:Creating package script '/root/aerostack2_ws/install/as2_cli/share/as2_cli/package.sh'
[1.256s] INFO:colcon.colcon_core.shell:Creating package script '/root/aerostack2_ws/install/as2_cli/share/as2_cli/package.bash'
[1.257s] INFO:colcon.colcon_core.shell:Creating package script '/root/aerostack2_ws/install/as2_cli/share/as2_cli/package.zsh'
[1.259s] Level 1:colcon.colcon_core.environment:create_file_with_runtime_dependencies(/root/aerostack2_ws/install/as2_cli/share/colcon-core/packages/as2_cli)
[1.261s] Level 1:colcon.colcon_core.environment:create_environment_scripts_only(as2_cli)
[1.262s] Level 1:colcon.colcon_core.environment:checking '/root/aerostack2_ws/install/as2_cli' for CMake module files
[1.263s] Level 1:colcon.colcon_core.environment:checking '/root/aerostack2_ws/install/as2_cli' for CMake config files
[1.264s] Level 1:colcon.colcon_core.shell:create_environment_hook('as2_cli', 'cmake_prefix_path')
[1.264s] INFO:colcon.colcon_core.shell:Creating environment hook '/root/aerostack2_ws/install/as2_cli/share/as2_cli/hook/cmake_prefix_path.ps1'
[1.265s] INFO:colcon.colcon_core.shell:Creating environment descriptor '/root/aerostack2_ws/install/as2_cli/share/as2_cli/hook/cmake_prefix_path.dsv'
[1.265s] INFO:colcon.colcon_core.shell:Creating environment hook '/root/aerostack2_ws/install/as2_cli/share/as2_cli/hook/cmake_prefix_path.sh'
[1.266s] Level 1:colcon.colcon_core.environment:checking '/root/aerostack2_ws/install/as2_cli/bin'
[1.266s] Level 1:colcon.colcon_core.environment:checking '/root/aerostack2_ws/install/as2_cli/lib/pkgconfig/as2_cli.pc'
[1.266s] Level 1:colcon.colcon_core.environment:checking '/root/aerostack2_ws/install/as2_cli/lib/python3.10/site-packages'
[1.267s] Level 1:colcon.colcon_core.environment:checking '/root/aerostack2_ws/install/as2_cli/bin'
[1.267s] INFO:colcon.colcon_core.shell:Creating package script '/root/aerostack2_ws/install/as2_cli/share/as2_cli/package.ps1'
[1.268s] INFO:colcon.colcon_core.shell:Creating package descriptor '/root/aerostack2_ws/install/as2_cli/share/as2_cli/package.dsv'
[1.268s] INFO:colcon.colcon_core.shell:Creating package script '/root/aerostack2_ws/install/as2_cli/share/as2_cli/package.sh'
[1.269s] INFO:colcon.colcon_core.shell:Creating package script '/root/aerostack2_ws/install/as2_cli/share/as2_cli/package.bash'
[1.269s] INFO:colcon.colcon_core.shell:Creating package script '/root/aerostack2_ws/install/as2_cli/share/as2_cli/package.zsh'
[1.270s] Level 1:colcon.colcon_core.environment:create_file_with_runtime_dependencies(/root/aerostack2_ws/install/as2_cli/share/colcon-core/packages/as2_cli)
[1.932s] DEBUG:colcon.colcon_core.event_handler.log_command:Invoking command in '/root/aerostack2_ws/src/aerostack2/as2_project_bringup': PYTHONPATH=/root/aerostack2_ws/build/as2_project_bringup/prefix_override:/usr/lib/python3/dist-packages/colcon_core/task/python/colcon_distutils_commands:/root/aerostack2_ws/install/as2_project_bringup/lib/python3.10/site-packages:${PYTHONPATH} /usr/bin/python3 -W ignore:setup.py install is deprecated -W ignore:easy_install command is deprecated setup.py egg_info --egg-base ../../../build/as2_project_bringup build --build-base /root/aerostack2_ws/build/as2_project_bringup/build install --record /root/aerostack2_ws/build/as2_project_bringup/install.log --single-version-externally-managed install_data
[1.935s] DEBUG:colcon.colcon_core.event_handler.log_command:Invoking command in '/root/aerostack2_ws/src/aerostack2/as2_perception': PYTHONPATH=/root/aerostack2_ws/build/as2_perception/prefix_override:/usr/lib/python3/dist-packages/colcon_core/task/python/colcon_distutils_commands:/root/aerostack2_ws/install/as2_perception/lib/python3.10/site-packages:${PYTHONPATH} /usr/bin/python3 -W ignore:setup.py install is deprecated -W ignore:easy_install command is deprecated setup.py egg_info --egg-base ../../../build/as2_perception build --build-base /root/aerostack2_ws/build/as2_perception/build install --record /root/aerostack2_ws/build/as2_perception/install.log --single-version-externally-managed install_data
[1.936s] DEBUG:colcon.colcon_core.event_handler.log_command:Invoked command in '/root/aerostack2_ws/build/as2_msgs' returned '0': CMAKE_PREFIX_PATH=${CMAKE_PREFIX_PATH}:/root/aerostack2_ws/install/as2_project_bringup:/root/aerostack2_ws/install/rmf_demos_tasks:/root/aerostack2_ws/install/rmf_demos_panel:/root/aerostack2_ws/install/rmf_demos_fleet_adapter:/root/aerostack2_ws/install/rmf_demos_dashboard_resources:/root/aerostack2_ws/install/rmf_demos_bridges:/root/aerostack2_ws/install/rmf_demos_assets:/root/aerostack2_ws/install/as2_visualization:/root/aerostack2_ws/install/as2_keyboard_teleoperation:/root/aerostack2_ws/install/as2_python_api:/root/aerostack2_ws/install/as2_perception:/opt/ros/humble /usr/bin/cmake --build /root/aerostack2_ws/build/as2_msgs -- -j8 -l8
[1.939s] DEBUG:colcon.colcon_core.event_handler.log_command:Invoking command in '/root/aerostack2_ws/build/as2_msgs': CMAKE_PREFIX_PATH=${CMAKE_PREFIX_PATH}:/root/aerostack2_ws/install/as2_project_bringup:/root/aerostack2_ws/install/rmf_demos_tasks:/root/aerostack2_ws/install/rmf_demos_panel:/root/aerostack2_ws/install/rmf_demos_fleet_adapter:/root/aerostack2_ws/install/rmf_demos_dashboard_resources:/root/aerostack2_ws/install/rmf_demos_bridges:/root/aerostack2_ws/install/rmf_demos_assets:/root/aerostack2_ws/install/as2_visualization:/root/aerostack2_ws/install/as2_keyboard_teleoperation:/root/aerostack2_ws/install/as2_python_api:/root/aerostack2_ws/install/as2_perception:/opt/ros/humble /usr/bin/cmake --install /root/aerostack2_ws/build/as2_msgs
[2.201s] Level 1:colcon.colcon_core.environment:create_environment_scripts_only(as2_msgs)
[2.202s] Level 1:colcon.colcon_core.environment:checking '/root/aerostack2_ws/install/as2_msgs' for CMake module files
[2.202s] DEBUG:colcon.colcon_core.event_handler.log_command:Invoked command in '/root/aerostack2_ws/build/as2_msgs' returned '0': CMAKE_PREFIX_PATH=${CMAKE_PREFIX_PATH}:/root/aerostack2_ws/install/as2_project_bringup:/root/aerostack2_ws/install/rmf_demos_tasks:/root/aerostack2_ws/install/rmf_demos_panel:/root/aerostack2_ws/install/rmf_demos_fleet_adapter:/root/aerostack2_ws/install/rmf_demos_dashboard_resources:/root/aerostack2_ws/install/rmf_demos_bridges:/root/aerostack2_ws/install/rmf_demos_assets:/root/aerostack2_ws/install/as2_visualization:/root/aerostack2_ws/install/as2_keyboard_teleoperation:/root/aerostack2_ws/install/as2_python_api:/root/aerostack2_ws/install/as2_perception:/opt/ros/humble /usr/bin/cmake --install /root/aerostack2_ws/build/as2_msgs
[2.204s] Level 1:colcon.colcon_core.environment:checking '/root/aerostack2_ws/install/as2_msgs' for CMake config files
[2.205s] Level 1:colcon.colcon_core.shell:create_environment_hook('as2_msgs', 'cmake_prefix_path')
[2.206s] INFO:colcon.colcon_core.shell:Creating environment hook '/root/aerostack2_ws/install/as2_msgs/share/as2_msgs/hook/cmake_prefix_path.ps1'
[2.206s] INFO:colcon.colcon_core.shell:Creating environment descriptor '/root/aerostack2_ws/install/as2_msgs/share/as2_msgs/hook/cmake_prefix_path.dsv'
[2.207s] INFO:colcon.colcon_core.shell:Creating environment hook '/root/aerostack2_ws/install/as2_msgs/share/as2_msgs/hook/cmake_prefix_path.sh'
[2.208s] Level 1:colcon.colcon_core.environment:checking '/root/aerostack2_ws/install/as2_msgs/lib'
[2.209s] Level 1:colcon.colcon_core.shell:create_environment_hook('as2_msgs', 'ld_library_path_lib')
[2.209s] INFO:colcon.colcon_core.shell:Creating environment hook '/root/aerostack2_ws/install/as2_msgs/share/as2_msgs/hook/ld_library_path_lib.ps1'
[2.210s] INFO:colcon.colcon_core.shell:Creating environment descriptor '/root/aerostack2_ws/install/as2_msgs/share/as2_msgs/hook/ld_library_path_lib.dsv'
[2.210s] INFO:colcon.colcon_core.shell:Creating environment hook '/root/aerostack2_ws/install/as2_msgs/share/as2_msgs/hook/ld_library_path_lib.sh'
[2.211s] Level 1:colcon.colcon_core.environment:checking '/root/aerostack2_ws/install/as2_msgs/bin'
[2.211s] Level 1:colcon.colcon_core.environment:checking '/root/aerostack2_ws/install/as2_msgs/lib/pkgconfig/as2_msgs.pc'
[2.211s] Level 1:colcon.colcon_core.environment:checking '/root/aerostack2_ws/install/as2_msgs/lib/python3.10/site-packages'
[2.212s] Level 1:colcon.colcon_core.environment:checking '/root/aerostack2_ws/install/as2_msgs/bin'
[2.213s] INFO:colcon.colcon_core.shell:Creating package script '/root/aerostack2_ws/install/as2_msgs/share/as2_msgs/package.ps1'
[2.214s] INFO:colcon.colcon_core.shell:Creating package descriptor '/root/aerostack2_ws/install/as2_msgs/share/as2_msgs/package.dsv'
[2.215s] INFO:colcon.colcon_core.shell:Creating package script '/root/aerostack2_ws/install/as2_msgs/share/as2_msgs/package.sh'
[2.215s] INFO:colcon.colcon_core.shell:Creating package script '/root/aerostack2_ws/install/as2_msgs/share/as2_msgs/package.bash'
[2.216s] INFO:colcon.colcon_core.shell:Creating package script '/root/aerostack2_ws/install/as2_msgs/share/as2_msgs/package.zsh'
[2.216s] Level 1:colcon.colcon_core.environment:create_file_with_runtime_dependencies(/root/aerostack2_ws/install/as2_msgs/share/colcon-core/packages/as2_msgs)
[2.217s] Level 1:colcon.colcon_core.environment:create_environment_scripts_only(as2_msgs)
[2.217s] Level 1:colcon.colcon_core.environment:checking '/root/aerostack2_ws/install/as2_msgs' for CMake module files
[2.218s] Level 1:colcon.colcon_core.environment:checking '/root/aerostack2_ws/install/as2_msgs' for CMake config files
[2.219s] Level 1:colcon.colcon_core.shell:create_environment_hook('as2_msgs', 'cmake_prefix_path')
[2.219s] INFO:colcon.colcon_core.shell:Creating environment hook '/root/aerostack2_ws/install/as2_msgs/share/as2_msgs/hook/cmake_prefix_path.ps1'
[2.220s] INFO:colcon.colcon_core.shell:Creating environment descriptor '/root/aerostack2_ws/install/as2_msgs/share/as2_msgs/hook/cmake_prefix_path.dsv'
[2.221s] INFO:colcon.colcon_core.shell:Creating environment hook '/root/aerostack2_ws/install/as2_msgs/share/as2_msgs/hook/cmake_prefix_path.sh'
[2.221s] Level 1:colcon.colcon_core.environment:checking '/root/aerostack2_ws/install/as2_msgs/lib'
[2.222s] Level 1:colcon.colcon_core.shell:create_environment_hook('as2_msgs', 'ld_library_path_lib')
[2.222s] INFO:colcon.colcon_core.shell:Creating environment hook '/root/aerostack2_ws/install/as2_msgs/share/as2_msgs/hook/ld_library_path_lib.ps1'
[2.223s] INFO:colcon.colcon_core.shell:Creating environment descriptor '/root/aerostack2_ws/install/as2_msgs/share/as2_msgs/hook/ld_library_path_lib.dsv'
[2.223s] INFO:colcon.colcon_core.shell:Creating environment hook '/root/aerostack2_ws/install/as2_msgs/share/as2_msgs/hook/ld_library_path_lib.sh'
[2.224s] Level 1:colcon.colcon_core.environment:checking '/root/aerostack2_ws/install/as2_msgs/bin'
[2.224s] Level 1:colcon.colcon_core.environment:checking '/root/aerostack2_ws/install/as2_msgs/lib/pkgconfig/as2_msgs.pc'
[2.224s] Level 1:colcon.colcon_core.environment:checking '/root/aerostack2_ws/install/as2_msgs/lib/python3.10/site-packages'
[2.225s] Level 1:colcon.colcon_core.environment:checking '/root/aerostack2_ws/install/as2_msgs/bin'
[2.225s] INFO:colcon.colcon_core.shell:Creating package script '/root/aerostack2_ws/install/as2_msgs/share/as2_msgs/package.ps1'
[2.226s] INFO:colcon.colcon_core.shell:Creating package descriptor '/root/aerostack2_ws/install/as2_msgs/share/as2_msgs/package.dsv'
[2.227s] INFO:colcon.colcon_core.shell:Creating package script '/root/aerostack2_ws/install/as2_msgs/share/as2_msgs/package.sh'
[2.227s] INFO:colcon.colcon_core.shell:Creating package script '/root/aerostack2_ws/install/as2_msgs/share/as2_msgs/package.bash'
[2.228s] INFO:colcon.colcon_core.shell:Creating package script '/root/aerostack2_ws/install/as2_msgs/share/as2_msgs/package.zsh'
[2.229s] Level 1:colcon.colcon_core.environment:create_file_with_runtime_dependencies(/root/aerostack2_ws/install/as2_msgs/share/colcon-core/packages/as2_msgs)
[2.229s] INFO:colcon.colcon_ros.task.ament_cmake.build:Building ROS package in '/root/aerostack2_ws/src/aerostack2/as2_core' with build type 'ament_cmake'
[2.230s] INFO:colcon.colcon_cmake.task.cmake.build:Building CMake package in '/root/aerostack2_ws/src/aerostack2/as2_core'
[2.230s] INFO:colcon.colcon_core.shell:Skip shell extension 'powershell' for command environment: Not usable outside of PowerShell
[2.231s] DEBUG:colcon.colcon_core.shell:Skip shell extension 'dsv' for command environment
[2.260s] DEBUG:colcon.colcon_core.event_handler.log_command:Invoking command in '/root/aerostack2_ws/build/as2_core': CMAKE_PREFIX_PATH=/root/aerostack2_ws/install/as2_msgs:/root/aerostack2_ws/install/rmf_demos_gz_classic:/root/aerostack2_ws/install/rmf_demos_gz:/root/aerostack2_ws/install/rmf_demos:/root/aerostack2_ws/install/rmf_demos_maps:/root/aerostack2_ws/install/aerostack2:/root/aerostack2_ws/install/as2_usb_camera_interface:/root/aerostack2_ws/install/as2_state_estimator:/root/aerostack2_ws/install/as2_rviz_plugins:/root/aerostack2_ws/install/as2_realsense_interface:/root/aerostack2_ws/install/as2_platform_multirotor_simulator:/root/aerostack2_ws/install/as2_platform_gazebo:/root/aerostack2_ws/install/as2_motion_controller:/root/aerostack2_ws/install/as2_behaviors_trajectory_generation:/root/aerostack2_ws/install/as2_behaviors_swarm_flocking:/root/aerostack2_ws/install/as2_behaviors_motion:/root/aerostack2_ws/install/as2_motion_reference_handlers:/root/aerostack2_ws/install/as2_map_server:/root/aerostack2_ws/install/as2_geozones:/root/aerostack2_ws/install/as2_gazebo_assets:/root/aerostack2_ws/install/as2_external_object_to_tf:/root/aerostack2_ws/install/as2_behaviors_platform:/root/aerostack2_ws/install/as2_behaviors_perception:/root/aerostack2_ws/install/as2_behaviors_path_planning:/root/aerostack2_ws/install/as2_behavior_tree:/root/aerostack2_ws/install/as2_behavior:/root/aerostack2_ws/install/as2_alphanumeric_viewer:/root/aerostack2_ws/install/as2_core:/root/aerostack2_ws/install/as2_cli:/root/aerostack2_ws/install/as2_project_bringup:/root/aerostack2_ws/install/rmf_demos_tasks:/root/aerostack2_ws/install/rmf_demos_panel:/root/aerostack2_ws/install/rmf_demos_fleet_adapter:/root/aerostack2_ws/install/rmf_demos_dashboard_resources:/root/aerostack2_ws/install/rmf_demos_bridges:/root/aerostack2_ws/install/rmf_demos_assets:/root/aerostack2_ws/install/as2_visualization:/root/aerostack2_ws/install/as2_keyboard_teleoperation:/root/aerostack2_ws/install/as2_python_api:/root/aerostack2_ws/install/as2_perception:/opt/ros/humble LD_LIBRARY_PATH=/root/aerostack2_ws/install/as2_msgs/lib:/root/aerostack2_ws/install/as2_state_estimator/lib:/root/aerostack2_ws/install/as2_python_api/lib:/root/aerostack2_ws/install/as2_motion_controller/lib:/root/aerostack2_ws/install/as2_behaviors_trajectory_generation/lib:/root/aerostack2_ws/install/as2_behaviors_swarm_flocking/lib:/root/aerostack2_ws/install/as2_behaviors_motion/lib:/root/aerostack2_ws/install/as2_motion_reference_handlers/lib:/root/aerostack2_ws/install/as2_map_server/lib:/root/aerostack2_ws/install/as2_gazebo_assets/lib:/root/aerostack2_ws/install/as2_behaviors_perception/lib:/root/aerostack2_ws/install/as2_behaviors_path_planning/lib:/root/aerostack2_ws/install/as2_behavior_tree/lib:/root/aerostack2_ws/install/as2_behavior/lib:/root/aerostack2_ws/install/as2_core/lib:/opt/ros/humble/opt/rviz_ogre_vendor/lib:/opt/ros/humble/lib/x86_64-linux-gnu:/opt/ros/humble/lib /usr/bin/cmake --build /root/aerostack2_ws/build/as2_core -- -j8 -l8
[2.450s] Level 1:colcon.colcon_core.environment:checking '/root/aerostack2_ws/install/as2_project_bringup' for CMake module files
[2.451s] DEBUG:colcon.colcon_core.event_handler.log_command:Invoked command in '/root/aerostack2_ws/src/aerostack2/as2_project_bringup' returned '0': PYTHONPATH=/root/aerostack2_ws/build/as2_project_bringup/prefix_override:/usr/lib/python3/dist-packages/colcon_core/task/python/colcon_distutils_commands:/root/aerostack2_ws/install/as2_project_bringup/lib/python3.10/site-packages:${PYTHONPATH} /usr/bin/python3 -W ignore:setup.py install is deprecated -W ignore:easy_install command is deprecated setup.py egg_info --egg-base ../../../build/as2_project_bringup build --build-base /root/aerostack2_ws/build/as2_project_bringup/build install --record /root/aerostack2_ws/build/as2_project_bringup/install.log --single-version-externally-managed install_data
[2.452s] Level 1:colcon.colcon_core.environment:checking '/root/aerostack2_ws/install/as2_project_bringup' for CMake config files
[2.454s] Level 1:colcon.colcon_core.environment:checking '/root/aerostack2_ws/install/as2_project_bringup/lib'
[2.454s] Level 1:colcon.colcon_core.environment:checking '/root/aerostack2_ws/install/as2_project_bringup/bin'
[2.454s] Level 1:colcon.colcon_core.environment:checking '/root/aerostack2_ws/install/as2_project_bringup/lib/pkgconfig/as2_project_bringup.pc'
[2.454s] Level 1:colcon.colcon_core.environment:checking '/root/aerostack2_ws/install/as2_project_bringup/lib/python3.10/site-packages'
[2.454s] Level 1:colcon.colcon_core.shell:create_environment_hook('as2_project_bringup', 'pythonpath')
[2.455s] INFO:colcon.colcon_core.shell:Creating environment hook '/root/aerostack2_ws/install/as2_project_bringup/share/as2_project_bringup/hook/pythonpath.ps1'
[2.455s] INFO:colcon.colcon_core.shell:Creating environment descriptor '/root/aerostack2_ws/install/as2_project_bringup/share/as2_project_bringup/hook/pythonpath.dsv'
[2.456s] INFO:colcon.colcon_core.shell:Creating environment hook '/root/aerostack2_ws/install/as2_project_bringup/share/as2_project_bringup/hook/pythonpath.sh'
[2.457s] Level 1:colcon.colcon_core.environment:checking '/root/aerostack2_ws/install/as2_project_bringup/bin'
[2.457s] Level 1:colcon.colcon_core.environment:create_environment_scripts_only(as2_project_bringup)
[2.457s] INFO:colcon.colcon_core.shell:Creating package script '/root/aerostack2_ws/install/as2_project_bringup/share/as2_project_bringup/package.ps1'
[2.458s] INFO:colcon.colcon_core.shell:Creating package descriptor '/root/aerostack2_ws/install/as2_project_bringup/share/as2_project_bringup/package.dsv'
[2.458s] INFO:colcon.colcon_core.shell:Creating package script '/root/aerostack2_ws/install/as2_project_bringup/share/as2_project_bringup/package.sh'
[2.459s] INFO:colcon.colcon_core.shell:Creating package script '/root/aerostack2_ws/install/as2_project_bringup/share/as2_project_bringup/package.bash'
[2.459s] INFO:colcon.colcon_core.shell:Creating package script '/root/aerostack2_ws/install/as2_project_bringup/share/as2_project_bringup/package.zsh'
[2.460s] Level 1:colcon.colcon_core.environment:create_file_with_runtime_dependencies(/root/aerostack2_ws/install/as2_project_bringup/share/colcon-core/packages/as2_project_bringup)
[2.472s] Level 1:colcon.colcon_core.environment:checking '/root/aerostack2_ws/install/as2_perception' for CMake module files
[2.473s] DEBUG:colcon.colcon_core.event_handler.log_command:Invoked command in '/root/aerostack2_ws/src/aerostack2/as2_perception' returned '0': PYTHONPATH=/root/aerostack2_ws/build/as2_perception/prefix_override:/usr/lib/python3/dist-packages/colcon_core/task/python/colcon_distutils_commands:/root/aerostack2_ws/install/as2_perception/lib/python3.10/site-packages:${PYTHONPATH} /usr/bin/python3 -W ignore:setup.py install is deprecated -W ignore:easy_install command is deprecated setup.py egg_info --egg-base ../../../build/as2_perception build --build-base /root/aerostack2_ws/build/as2_perception/build install --record /root/aerostack2_ws/build/as2_perception/install.log --single-version-externally-managed install_data
[2.474s] Level 1:colcon.colcon_core.environment:checking '/root/aerostack2_ws/install/as2_perception' for CMake config files
[2.477s] Level 1:colcon.colcon_core.environment:checking '/root/aerostack2_ws/install/as2_perception/lib'
[2.478s] Level 1:colcon.colcon_core.environment:checking '/root/aerostack2_ws/install/as2_perception/bin'
[2.478s] Level 1:colcon.colcon_core.environment:checking '/root/aerostack2_ws/install/as2_perception/lib/pkgconfig/as2_perception.pc'
[2.478s] Level 1:colcon.colcon_core.environment:checking '/root/aerostack2_ws/install/as2_perception/lib/python3.10/site-packages'
[2.478s] Level 1:colcon.colcon_core.shell:create_environment_hook('as2_perception', 'pythonpath')
[2.479s] INFO:colcon.colcon_core.shell:Creating environment hook '/root/aerostack2_ws/install/as2_perception/share/as2_perception/hook/pythonpath.ps1'
[2.480s] INFO:colcon.colcon_core.shell:Creating environment descriptor '/root/aerostack2_ws/install/as2_perception/share/as2_perception/hook/pythonpath.dsv'
[2.481s] INFO:colcon.colcon_core.shell:Creating environment hook '/root/aerostack2_ws/install/as2_perception/share/as2_perception/hook/pythonpath.sh'
[2.482s] Level 1:colcon.colcon_core.environment:checking '/root/aerostack2_ws/install/as2_perception/bin'
[2.482s] Level 1:colcon.colcon_core.environment:create_environment_scripts_only(as2_perception)
[2.483s] INFO:colcon.colcon_core.shell:Creating package script '/root/aerostack2_ws/install/as2_perception/share/as2_perception/package.ps1'
[2.483s] INFO:colcon.colcon_core.shell:Creating package descriptor '/root/aerostack2_ws/install/as2_perception/share/as2_perception/package.dsv'
[2.484s] INFO:colcon.colcon_core.shell:Creating package script '/root/aerostack2_ws/install/as2_perception/share/as2_perception/package.sh'
[2.484s] INFO:colcon.colcon_core.shell:Creating package script '/root/aerostack2_ws/install/as2_perception/share/as2_perception/package.bash'
[2.485s] INFO:colcon.colcon_core.shell:Creating package script '/root/aerostack2_ws/install/as2_perception/share/as2_perception/package.zsh'
[2.485s] Level 1:colcon.colcon_core.environment:create_file_with_runtime_dependencies(/root/aerostack2_ws/install/as2_perception/share/colcon-core/packages/as2_perception)
[3.212s] DEBUG:colcon.colcon_core.event_handler.log_command:Invoked command in '/root/aerostack2_ws/build/as2_core' returned '0': CMAKE_PREFIX_PATH=/root/aerostack2_ws/install/as2_msgs:/root/aerostack2_ws/install/rmf_demos_gz_classic:/root/aerostack2_ws/install/rmf_demos_gz:/root/aerostack2_ws/install/rmf_demos:/root/aerostack2_ws/install/rmf_demos_maps:/root/aerostack2_ws/install/aerostack2:/root/aerostack2_ws/install/as2_usb_camera_interface:/root/aerostack2_ws/install/as2_state_estimator:/root/aerostack2_ws/install/as2_rviz_plugins:/root/aerostack2_ws/install/as2_realsense_interface:/root/aerostack2_ws/install/as2_platform_multirotor_simulator:/root/aerostack2_ws/install/as2_platform_gazebo:/root/aerostack2_ws/install/as2_motion_controller:/root/aerostack2_ws/install/as2_behaviors_trajectory_generation:/root/aerostack2_ws/install/as2_behaviors_swarm_flocking:/root/aerostack2_ws/install/as2_behaviors_motion:/root/aerostack2_ws/install/as2_motion_reference_handlers:/root/aerostack2_ws/install/as2_map_server:/root/aerostack2_ws/install/as2_geozones:/root/aerostack2_ws/install/as2_gazebo_assets:/root/aerostack2_ws/install/as2_external_object_to_tf:/root/aerostack2_ws/install/as2_behaviors_platform:/root/aerostack2_ws/install/as2_behaviors_perception:/root/aerostack2_ws/install/as2_behaviors_path_planning:/root/aerostack2_ws/install/as2_behavior_tree:/root/aerostack2_ws/install/as2_behavior:/root/aerostack2_ws/install/as2_alphanumeric_viewer:/root/aerostack2_ws/install/as2_core:/root/aerostack2_ws/install/as2_cli:/root/aerostack2_ws/install/as2_project_bringup:/root/aerostack2_ws/install/rmf_demos_tasks:/root/aerostack2_ws/install/rmf_demos_panel:/root/aerostack2_ws/install/rmf_demos_fleet_adapter:/root/aerostack2_ws/install/rmf_demos_dashboard_resources:/root/aerostack2_ws/install/rmf_demos_bridges:/root/aerostack2_ws/install/rmf_demos_assets:/root/aerostack2_ws/install/as2_visualization:/root/aerostack2_ws/install/as2_keyboard_teleoperation:/root/aerostack2_ws/install/as2_python_api:/root/aerostack2_ws/install/as2_perception:/opt/ros/humble LD_LIBRARY_PATH=/root/aerostack2_ws/install/as2_msgs/lib:/root/aerostack2_ws/install/as2_state_estimator/lib:/root/aerostack2_ws/install/as2_python_api/lib:/root/aerostack2_ws/install/as2_motion_controller/lib:/root/aerostack2_ws/install/as2_behaviors_trajectory_generation/lib:/root/aerostack2_ws/install/as2_behaviors_swarm_flocking/lib:/root/aerostack2_ws/install/as2_behaviors_motion/lib:/root/aerostack2_ws/install/as2_motion_reference_handlers/lib:/root/aerostack2_ws/install/as2_map_server/lib:/root/aerostack2_ws/install/as2_gazebo_assets/lib:/root/aerostack2_ws/install/as2_behaviors_perception/lib:/root/aerostack2_ws/install/as2_behaviors_path_planning/lib:/root/aerostack2_ws/install/as2_behavior_tree/lib:/root/aerostack2_ws/install/as2_behavior/lib:/root/aerostack2_ws/install/as2_core/lib:/opt/ros/humble/opt/rviz_ogre_vendor/lib:/opt/ros/humble/lib/x86_64-linux-gnu:/opt/ros/humble/lib /usr/bin/cmake --build /root/aerostack2_ws/build/as2_core -- -j8 -l8
[3.216s] DEBUG:colcon.colcon_core.event_handler.log_command:Invoking command in '/root/aerostack2_ws/build/as2_core': CMAKE_PREFIX_PATH=/root/aerostack2_ws/install/as2_msgs:/root/aerostack2_ws/install/rmf_demos_gz_classic:/root/aerostack2_ws/install/rmf_demos_gz:/root/aerostack2_ws/install/rmf_demos:/root/aerostack2_ws/install/rmf_demos_maps:/root/aerostack2_ws/install/aerostack2:/root/aerostack2_ws/install/as2_usb_camera_interface:/root/aerostack2_ws/install/as2_state_estimator:/root/aerostack2_ws/install/as2_rviz_plugins:/root/aerostack2_ws/install/as2_realsense_interface:/root/aerostack2_ws/install/as2_platform_multirotor_simulator:/root/aerostack2_ws/install/as2_platform_gazebo:/root/aerostack2_ws/install/as2_motion_controller:/root/aerostack2_ws/install/as2_behaviors_trajectory_generation:/root/aerostack2_ws/install/as2_behaviors_swarm_flocking:/root/aerostack2_ws/install/as2_behaviors_motion:/root/aerostack2_ws/install/as2_motion_reference_handlers:/root/aerostack2_ws/install/as2_map_server:/root/aerostack2_ws/install/as2_geozones:/root/aerostack2_ws/install/as2_gazebo_assets:/root/aerostack2_ws/install/as2_external_object_to_tf:/root/aerostack2_ws/install/as2_behaviors_platform:/root/aerostack2_ws/install/as2_behaviors_perception:/root/aerostack2_ws/install/as2_behaviors_path_planning:/root/aerostack2_ws/install/as2_behavior_tree:/root/aerostack2_ws/install/as2_behavior:/root/aerostack2_ws/install/as2_alphanumeric_viewer:/root/aerostack2_ws/install/as2_core:/root/aerostack2_ws/install/as2_cli:/root/aerostack2_ws/install/as2_project_bringup:/root/aerostack2_ws/install/rmf_demos_tasks:/root/aerostack2_ws/install/rmf_demos_panel:/root/aerostack2_ws/install/rmf_demos_fleet_adapter:/root/aerostack2_ws/install/rmf_demos_dashboard_resources:/root/aerostack2_ws/install/rmf_demos_bridges:/root/aerostack2_ws/install/rmf_demos_assets:/root/aerostack2_ws/install/as2_visualization:/root/aerostack2_ws/install/as2_keyboard_teleoperation:/root/aerostack2_ws/install/as2_python_api:/root/aerostack2_ws/install/as2_perception:/opt/ros/humble LD_LIBRARY_PATH=/root/aerostack2_ws/install/as2_msgs/lib:/root/aerostack2_ws/install/as2_state_estimator/lib:/root/aerostack2_ws/install/as2_python_api/lib:/root/aerostack2_ws/install/as2_motion_controller/lib:/root/aerostack2_ws/install/as2_behaviors_trajectory_generation/lib:/root/aerostack2_ws/install/as2_behaviors_swarm_flocking/lib:/root/aerostack2_ws/install/as2_behaviors_motion/lib:/root/aerostack2_ws/install/as2_motion_reference_handlers/lib:/root/aerostack2_ws/install/as2_map_server/lib:/root/aerostack2_ws/install/as2_gazebo_assets/lib:/root/aerostack2_ws/install/as2_behaviors_perception/lib:/root/aerostack2_ws/install/as2_behaviors_path_planning/lib:/root/aerostack2_ws/install/as2_behavior_tree/lib:/root/aerostack2_ws/install/as2_behavior/lib:/root/aerostack2_ws/install/as2_core/lib:/opt/ros/humble/opt/rviz_ogre_vendor/lib:/opt/ros/humble/lib/x86_64-linux-gnu:/opt/ros/humble/lib /usr/bin/cmake --install /root/aerostack2_ws/build/as2_core
[3.285s] Level 1:colcon.colcon_core.environment:create_environment_scripts_only(as2_core)
[3.286s] Level 1:colcon.colcon_core.environment:checking '/root/aerostack2_ws/install/as2_core' for CMake module files
[3.286s] DEBUG:colcon.colcon_core.event_handler.log_command:Invoked command in '/root/aerostack2_ws/build/as2_core' returned '0': CMAKE_PREFIX_PATH=/root/aerostack2_ws/install/as2_msgs:/root/aerostack2_ws/install/rmf_demos_gz_classic:/root/aerostack2_ws/install/rmf_demos_gz:/root/aerostack2_ws/install/rmf_demos:/root/aerostack2_ws/install/rmf_demos_maps:/root/aerostack2_ws/install/aerostack2:/root/aerostack2_ws/install/as2_usb_camera_interface:/root/aerostack2_ws/install/as2_state_estimator:/root/aerostack2_ws/install/as2_rviz_plugins:/root/aerostack2_ws/install/as2_realsense_interface:/root/aerostack2_ws/install/as2_platform_multirotor_simulator:/root/aerostack2_ws/install/as2_platform_gazebo:/root/aerostack2_ws/install/as2_motion_controller:/root/aerostack2_ws/install/as2_behaviors_trajectory_generation:/root/aerostack2_ws/install/as2_behaviors_swarm_flocking:/root/aerostack2_ws/install/as2_behaviors_motion:/root/aerostack2_ws/install/as2_motion_reference_handlers:/root/aerostack2_ws/install/as2_map_server:/root/aerostack2_ws/install/as2_geozones:/root/aerostack2_ws/install/as2_gazebo_assets:/root/aerostack2_ws/install/as2_external_object_to_tf:/root/aerostack2_ws/install/as2_behaviors_platform:/root/aerostack2_ws/install/as2_behaviors_perception:/root/aerostack2_ws/install/as2_behaviors_path_planning:/root/aerostack2_ws/install/as2_behavior_tree:/root/aerostack2_ws/install/as2_behavior:/root/aerostack2_ws/install/as2_alphanumeric_viewer:/root/aerostack2_ws/install/as2_core:/root/aerostack2_ws/install/as2_cli:/root/aerostack2_ws/install/as2_project_bringup:/root/aerostack2_ws/install/rmf_demos_tasks:/root/aerostack2_ws/install/rmf_demos_panel:/root/aerostack2_ws/install/rmf_demos_fleet_adapter:/root/aerostack2_ws/install/rmf_demos_dashboard_resources:/root/aerostack2_ws/install/rmf_demos_bridges:/root/aerostack2_ws/install/rmf_demos_assets:/root/aerostack2_ws/install/as2_visualization:/root/aerostack2_ws/install/as2_keyboard_teleoperation:/root/aerostack2_ws/install/as2_python_api:/root/aerostack2_ws/install/as2_perception:/opt/ros/humble LD_LIBRARY_PATH=/root/aerostack2_ws/install/as2_msgs/lib:/root/aerostack2_ws/install/as2_state_estimator/lib:/root/aerostack2_ws/install/as2_python_api/lib:/root/aerostack2_ws/install/as2_motion_controller/lib:/root/aerostack2_ws/install/as2_behaviors_trajectory_generation/lib:/root/aerostack2_ws/install/as2_behaviors_swarm_flocking/lib:/root/aerostack2_ws/install/as2_behaviors_motion/lib:/root/aerostack2_ws/install/as2_motion_reference_handlers/lib:/root/aerostack2_ws/install/as2_map_server/lib:/root/aerostack2_ws/install/as2_gazebo_assets/lib:/root/aerostack2_ws/install/as2_behaviors_perception/lib:/root/aerostack2_ws/install/as2_behaviors_path_planning/lib:/root/aerostack2_ws/install/as2_behavior_tree/lib:/root/aerostack2_ws/install/as2_behavior/lib:/root/aerostack2_ws/install/as2_core/lib:/opt/ros/humble/opt/rviz_ogre_vendor/lib:/opt/ros/humble/lib/x86_64-linux-gnu:/opt/ros/humble/lib /usr/bin/cmake --install /root/aerostack2_ws/build/as2_core
[3.287s] Level 1:colcon.colcon_core.environment:checking '/root/aerostack2_ws/install/as2_core' for CMake config files
[3.288s] Level 1:colcon.colcon_core.shell:create_environment_hook('as2_core', 'cmake_prefix_path')
[3.289s] INFO:colcon.colcon_core.shell:Creating environment hook '/root/aerostack2_ws/install/as2_core/share/as2_core/hook/cmake_prefix_path.ps1'
[3.290s] INFO:colcon.colcon_core.shell:Creating environment descriptor '/root/aerostack2_ws/install/as2_core/share/as2_core/hook/cmake_prefix_path.dsv'
[3.290s] INFO:colcon.colcon_core.shell:Creating environment hook '/root/aerostack2_ws/install/as2_core/share/as2_core/hook/cmake_prefix_path.sh'
[3.291s] Level 1:colcon.colcon_core.environment:checking '/root/aerostack2_ws/install/as2_core/lib'
[3.292s] Level 1:colcon.colcon_core.shell:create_environment_hook('as2_core', 'ld_library_path_lib')
[3.292s] INFO:colcon.colcon_core.shell:Creating environment hook '/root/aerostack2_ws/install/as2_core/share/as2_core/hook/ld_library_path_lib.ps1'
[3.292s] INFO:colcon.colcon_core.shell:Creating environment descriptor '/root/aerostack2_ws/install/as2_core/share/as2_core/hook/ld_library_path_lib.dsv'
[3.293s] INFO:colcon.colcon_core.shell:Creating environment hook '/root/aerostack2_ws/install/as2_core/share/as2_core/hook/ld_library_path_lib.sh'
[3.293s] Level 1:colcon.colcon_core.environment:checking '/root/aerostack2_ws/install/as2_core/bin'
[3.293s] Level 1:colcon.colcon_core.environment:checking '/root/aerostack2_ws/install/as2_core/lib/pkgconfig/as2_core.pc'
[3.294s] Level 1:colcon.colcon_core.environment:checking '/root/aerostack2_ws/install/as2_core/lib/python3.10/site-packages'
[3.294s] Level 1:colcon.colcon_core.environment:checking '/root/aerostack2_ws/install/as2_core/bin'
[3.294s] INFO:colcon.colcon_core.shell:Creating package script '/root/aerostack2_ws/install/as2_core/share/as2_core/package.ps1'
[3.295s] INFO:colcon.colcon_core.shell:Creating package descriptor '/root/aerostack2_ws/install/as2_core/share/as2_core/package.dsv'
[3.295s] INFO:colcon.colcon_core.shell:Creating package script '/root/aerostack2_ws/install/as2_core/share/as2_core/package.sh'
[3.296s] INFO:colcon.colcon_core.shell:Creating package script '/root/aerostack2_ws/install/as2_core/share/as2_core/package.bash'
[3.296s] INFO:colcon.colcon_core.shell:Creating package script '/root/aerostack2_ws/install/as2_core/share/as2_core/package.zsh'
[3.296s] Level 1:colcon.colcon_core.environment:create_file_with_runtime_dependencies(/root/aerostack2_ws/install/as2_core/share/colcon-core/packages/as2_core)
[3.297s] Level 1:colcon.colcon_core.environment:create_environment_scripts_only(as2_core)
[3.298s] Level 1:colcon.colcon_core.environment:checking '/root/aerostack2_ws/install/as2_core' for CMake module files
[3.298s] Level 1:colcon.colcon_core.environment:checking '/root/aerostack2_ws/install/as2_core' for CMake config files
[3.299s] Level 1:colcon.colcon_core.shell:create_environment_hook('as2_core', 'cmake_prefix_path')
[3.299s] INFO:colcon.colcon_core.shell:Creating environment hook '/root/aerostack2_ws/install/as2_core/share/as2_core/hook/cmake_prefix_path.ps1'
[3.299s] INFO:colcon.colcon_core.shell:Creating environment descriptor '/root/aerostack2_ws/install/as2_core/share/as2_core/hook/cmake_prefix_path.dsv'
[3.300s] INFO:colcon.colcon_core.shell:Creating environment hook '/root/aerostack2_ws/install/as2_core/share/as2_core/hook/cmake_prefix_path.sh'
[3.301s] Level 1:colcon.colcon_core.environment:checking '/root/aerostack2_ws/install/as2_core/lib'
[3.301s] Level 1:colcon.colcon_core.shell:create_environment_hook('as2_core', 'ld_library_path_lib')
[3.301s] INFO:colcon.colcon_core.shell:Creating environment hook '/root/aerostack2_ws/install/as2_core/share/as2_core/hook/ld_library_path_lib.ps1'
[3.302s] INFO:colcon.colcon_core.shell:Creating environment descriptor '/root/aerostack2_ws/install/as2_core/share/as2_core/hook/ld_library_path_lib.dsv'
[3.302s] INFO:colcon.colcon_core.shell:Creating environment hook '/root/aerostack2_ws/install/as2_core/share/as2_core/hook/ld_library_path_lib.sh'
[3.303s] Level 1:colcon.colcon_core.environment:checking '/root/aerostack2_ws/install/as2_core/bin'
[3.303s] Level 1:colcon.colcon_core.environment:checking '/root/aerostack2_ws/install/as2_core/lib/pkgconfig/as2_core.pc'
[3.303s] Level 1:colcon.colcon_core.environment:checking '/root/aerostack2_ws/install/as2_core/lib/python3.10/site-packages'
[3.303s] Level 1:colcon.colcon_core.environment:checking '/root/aerostack2_ws/install/as2_core/bin'
[3.304s] INFO:colcon.colcon_core.shell:Creating package script '/root/aerostack2_ws/install/as2_core/share/as2_core/package.ps1'
[3.305s] INFO:colcon.colcon_core.shell:Creating package descriptor '/root/aerostack2_ws/install/as2_core/share/as2_core/package.dsv'
[3.306s] INFO:colcon.colcon_core.shell:Creating package script '/root/aerostack2_ws/install/as2_core/share/as2_core/package.sh'
[3.306s] INFO:colcon.colcon_core.shell:Creating package script '/root/aerostack2_ws/install/as2_core/share/as2_core/package.bash'
[3.307s] INFO:colcon.colcon_core.shell:Creating package script '/root/aerostack2_ws/install/as2_core/share/as2_core/package.zsh'
[3.307s] Level 1:colcon.colcon_core.environment:create_file_with_runtime_dependencies(/root/aerostack2_ws/install/as2_core/share/colcon-core/packages/as2_core)
[3.308s] INFO:colcon.colcon_ros.task.ament_cmake.build:Building ROS package in '/root/aerostack2_ws/src/aerostack2/as2_motion_reference_handlers' with build type 'ament_cmake'
[3.308s] INFO:colcon.colcon_cmake.task.cmake.build:Building CMake package in '/root/aerostack2_ws/src/aerostack2/as2_motion_reference_handlers'
[3.308s] INFO:colcon.colcon_core.shell:Skip shell extension 'powershell' for command environment: Not usable outside of PowerShell
[3.309s] DEBUG:colcon.colcon_core.shell:Skip shell extension 'dsv' for command environment
[3.316s] INFO:colcon.colcon_ros.task.ament_cmake.build:Building ROS package in '/root/aerostack2_ws/src/aerostack2/as2_behaviors/as2_behavior' with build type 'ament_cmake'
[3.317s] INFO:colcon.colcon_cmake.task.cmake.build:Building CMake package in '/root/aerostack2_ws/src/aerostack2/as2_behaviors/as2_behavior'
[3.317s] INFO:colcon.colcon_core.shell:Skip shell extension 'powershell' for command environment: Not usable outside of PowerShell
[3.317s] DEBUG:colcon.colcon_core.shell:Skip shell extension 'dsv' for command environment
[3.325s] INFO:colcon.colcon_ros.task.ament_cmake.build:Building ROS package in '/root/aerostack2_ws/src/aerostack2/as2_simulation_assets/as2_gazebo_assets' with build type 'ament_cmake'
[3.325s] INFO:colcon.colcon_cmake.task.cmake.build:Building CMake package in '/root/aerostack2_ws/src/aerostack2/as2_simulation_assets/as2_gazebo_assets'
[3.326s] INFO:colcon.colcon_core.shell:Skip shell extension 'powershell' for command environment: Not usable outside of PowerShell
[3.326s] DEBUG:colcon.colcon_core.shell:Skip shell extension 'dsv' for command environment
[3.335s] INFO:colcon.colcon_ros.task.ament_cmake.build:Building ROS package in '/root/aerostack2_ws/src/aerostack2/as2_user_interfaces/as2_alphanumeric_viewer' with build type 'ament_cmake'
[3.335s] INFO:colcon.colcon_cmake.task.cmake.build:Building CMake package in '/root/aerostack2_ws/src/aerostack2/as2_user_interfaces/as2_alphanumeric_viewer'
[3.335s] INFO:colcon.colcon_core.shell:Skip shell extension 'powershell' for command environment: Not usable outside of PowerShell
[3.336s] DEBUG:colcon.colcon_core.shell:Skip shell extension 'dsv' for command environment
[3.344s] INFO:colcon.colcon_ros.task.ament_cmake.build:Building ROS package in '/root/aerostack2_ws/src/aerostack2/as2_behavior_tree' with build type 'ament_cmake'
[3.344s] INFO:colcon.colcon_cmake.task.cmake.build:Building CMake package in '/root/aerostack2_ws/src/aerostack2/as2_behavior_tree'
[3.345s] INFO:colcon.colcon_core.shell:Skip shell extension 'powershell' for command environment: Not usable outside of PowerShell
[3.345s] DEBUG:colcon.colcon_core.shell:Skip shell extension 'dsv' for command environment
[3.351s] INFO:colcon.colcon_ros.task.ament_cmake.build:Building ROS package in '/root/aerostack2_ws/src/aerostack2/as2_utilities/as2_external_object_to_tf' with build type 'ament_cmake'
[3.352s] INFO:colcon.colcon_cmake.task.cmake.build:Building CMake package in '/root/aerostack2_ws/src/aerostack2/as2_utilities/as2_external_object_to_tf'
[3.352s] INFO:colcon.colcon_core.shell:Skip shell extension 'powershell' for command environment: Not usable outside of PowerShell
[3.352s] DEBUG:colcon.colcon_core.shell:Skip shell extension 'dsv' for command environment
[3.360s] INFO:colcon.colcon_ros.task.ament_cmake.build:Building ROS package in '/root/aerostack2_ws/src/aerostack2/as2_utilities/as2_geozones' with build type 'ament_cmake'
[3.361s] INFO:colcon.colcon_cmake.task.cmake.build:Building CMake package in '/root/aerostack2_ws/src/aerostack2/as2_utilities/as2_geozones'
[3.361s] INFO:colcon.colcon_core.shell:Skip shell extension 'powershell' for command environment: Not usable outside of PowerShell
[3.361s] DEBUG:colcon.colcon_core.shell:Skip shell extension 'dsv' for command environment
[3.370s] INFO:colcon.colcon_ros.task.ament_cmake.build:Building ROS package in '/root/aerostack2_ws/src/aerostack2/as2_map_server' with build type 'ament_cmake'
[3.370s] INFO:colcon.colcon_cmake.task.cmake.build:Building CMake package in '/root/aerostack2_ws/src/aerostack2/as2_map_server'
[3.370s] INFO:colcon.colcon_core.shell:Skip shell extension 'powershell' for command environment: Not usable outside of PowerShell
[3.370s] DEBUG:colcon.colcon_core.shell:Skip shell extension 'dsv' for command environment
[3.385s] DEBUG:colcon.colcon_core.event_handler.log_command:Invoking command in '/root/aerostack2_ws/build/as2_motion_reference_handlers': CMAKE_PREFIX_PATH=/root/aerostack2_ws/install/as2_core:/root/aerostack2_ws/install/as2_msgs:/root/aerostack2_ws/install/rmf_demos_gz_classic:/root/aerostack2_ws/install/rmf_demos_gz:/root/aerostack2_ws/install/rmf_demos:/root/aerostack2_ws/install/rmf_demos_maps:/root/aerostack2_ws/install/aerostack2:/root/aerostack2_ws/install/as2_usb_camera_interface:/root/aerostack2_ws/install/as2_state_estimator:/root/aerostack2_ws/install/as2_rviz_plugins:/root/aerostack2_ws/install/as2_realsense_interface:/root/aerostack2_ws/install/as2_platform_multirotor_simulator:/root/aerostack2_ws/install/as2_platform_gazebo:/root/aerostack2_ws/install/as2_motion_controller:/root/aerostack2_ws/install/as2_behaviors_trajectory_generation:/root/aerostack2_ws/install/as2_behaviors_swarm_flocking:/root/aerostack2_ws/install/as2_behaviors_motion:/root/aerostack2_ws/install/as2_motion_reference_handlers:/root/aerostack2_ws/install/as2_map_server:/root/aerostack2_ws/install/as2_geozones:/root/aerostack2_ws/install/as2_gazebo_assets:/root/aerostack2_ws/install/as2_external_object_to_tf:/root/aerostack2_ws/install/as2_behaviors_platform:/root/aerostack2_ws/install/as2_behaviors_perception:/root/aerostack2_ws/install/as2_behaviors_path_planning:/root/aerostack2_ws/install/as2_behavior_tree:/root/aerostack2_ws/install/as2_behavior:/root/aerostack2_ws/install/as2_alphanumeric_viewer:/root/aerostack2_ws/install/as2_cli:/root/aerostack2_ws/install/as2_project_bringup:/root/aerostack2_ws/install/rmf_demos_tasks:/root/aerostack2_ws/install/rmf_demos_panel:/root/aerostack2_ws/install/rmf_demos_fleet_adapter:/root/aerostack2_ws/install/rmf_demos_dashboard_resources:/root/aerostack2_ws/install/rmf_demos_bridges:/root/aerostack2_ws/install/rmf_demos_assets:/root/aerostack2_ws/install/as2_visualization:/root/aerostack2_ws/install/as2_keyboard_teleoperation:/root/aerostack2_ws/install/as2_python_api:/root/aerostack2_ws/install/as2_perception:/opt/ros/humble LD_LIBRARY_PATH=/root/aerostack2_ws/install/as2_core/lib:/root/aerostack2_ws/install/as2_msgs/lib:/root/aerostack2_ws/install/as2_state_estimator/lib:/root/aerostack2_ws/install/as2_python_api/lib:/root/aerostack2_ws/install/as2_motion_controller/lib:/root/aerostack2_ws/install/as2_behaviors_trajectory_generation/lib:/root/aerostack2_ws/install/as2_behaviors_swarm_flocking/lib:/root/aerostack2_ws/install/as2_behaviors_motion/lib:/root/aerostack2_ws/install/as2_motion_reference_handlers/lib:/root/aerostack2_ws/install/as2_map_server/lib:/root/aerostack2_ws/install/as2_gazebo_assets/lib:/root/aerostack2_ws/install/as2_behaviors_perception/lib:/root/aerostack2_ws/install/as2_behaviors_path_planning/lib:/root/aerostack2_ws/install/as2_behavior_tree/lib:/root/aerostack2_ws/install/as2_behavior/lib:/opt/ros/humble/opt/rviz_ogre_vendor/lib:/opt/ros/humble/lib/x86_64-linux-gnu:/opt/ros/humble/lib /usr/bin/cmake --build /root/aerostack2_ws/build/as2_motion_reference_handlers -- -j8 -l8
[3.388s] DEBUG:colcon.colcon_core.event_handler.log_command:Invoking command in '/root/aerostack2_ws/build/as2_behavior': CMAKE_PREFIX_PATH=/root/aerostack2_ws/install/as2_core:/root/aerostack2_ws/install/as2_msgs:/root/aerostack2_ws/install/rmf_demos_gz_classic:/root/aerostack2_ws/install/rmf_demos_gz:/root/aerostack2_ws/install/rmf_demos:/root/aerostack2_ws/install/rmf_demos_maps:/root/aerostack2_ws/install/aerostack2:/root/aerostack2_ws/install/as2_usb_camera_interface:/root/aerostack2_ws/install/as2_state_estimator:/root/aerostack2_ws/install/as2_rviz_plugins:/root/aerostack2_ws/install/as2_realsense_interface:/root/aerostack2_ws/install/as2_platform_multirotor_simulator:/root/aerostack2_ws/install/as2_platform_gazebo:/root/aerostack2_ws/install/as2_motion_controller:/root/aerostack2_ws/install/as2_behaviors_trajectory_generation:/root/aerostack2_ws/install/as2_behaviors_swarm_flocking:/root/aerostack2_ws/install/as2_behaviors_motion:/root/aerostack2_ws/install/as2_motion_reference_handlers:/root/aerostack2_ws/install/as2_map_server:/root/aerostack2_ws/install/as2_geozones:/root/aerostack2_ws/install/as2_gazebo_assets:/root/aerostack2_ws/install/as2_external_object_to_tf:/root/aerostack2_ws/install/as2_behaviors_platform:/root/aerostack2_ws/install/as2_behaviors_perception:/root/aerostack2_ws/install/as2_behaviors_path_planning:/root/aerostack2_ws/install/as2_behavior_tree:/root/aerostack2_ws/install/as2_behavior:/root/aerostack2_ws/install/as2_alphanumeric_viewer:/root/aerostack2_ws/install/as2_cli:/root/aerostack2_ws/install/as2_project_bringup:/root/aerostack2_ws/install/rmf_demos_tasks:/root/aerostack2_ws/install/rmf_demos_panel:/root/aerostack2_ws/install/rmf_demos_fleet_adapter:/root/aerostack2_ws/install/rmf_demos_dashboard_resources:/root/aerostack2_ws/install/rmf_demos_bridges:/root/aerostack2_ws/install/rmf_demos_assets:/root/aerostack2_ws/install/as2_visualization:/root/aerostack2_ws/install/as2_keyboard_teleoperation:/root/aerostack2_ws/install/as2_python_api:/root/aerostack2_ws/install/as2_perception:/opt/ros/humble LD_LIBRARY_PATH=/root/aerostack2_ws/install/as2_core/lib:/root/aerostack2_ws/install/as2_msgs/lib:/root/aerostack2_ws/install/as2_state_estimator/lib:/root/aerostack2_ws/install/as2_python_api/lib:/root/aerostack2_ws/install/as2_motion_controller/lib:/root/aerostack2_ws/install/as2_behaviors_trajectory_generation/lib:/root/aerostack2_ws/install/as2_behaviors_swarm_flocking/lib:/root/aerostack2_ws/install/as2_behaviors_motion/lib:/root/aerostack2_ws/install/as2_motion_reference_handlers/lib:/root/aerostack2_ws/install/as2_map_server/lib:/root/aerostack2_ws/install/as2_gazebo_assets/lib:/root/aerostack2_ws/install/as2_behaviors_perception/lib:/root/aerostack2_ws/install/as2_behaviors_path_planning/lib:/root/aerostack2_ws/install/as2_behavior_tree/lib:/root/aerostack2_ws/install/as2_behavior/lib:/opt/ros/humble/opt/rviz_ogre_vendor/lib:/opt/ros/humble/lib/x86_64-linux-gnu:/opt/ros/humble/lib /usr/bin/cmake --build /root/aerostack2_ws/build/as2_behavior -- -j8 -l8
[3.397s] DEBUG:colcon.colcon_core.event_handler.log_command:Invoking command in '/root/aerostack2_ws/build/as2_gazebo_assets': CMAKE_PREFIX_PATH=/root/aerostack2_ws/install/as2_core:/root/aerostack2_ws/install/as2_msgs:/root/aerostack2_ws/install/rmf_demos_gz_classic:/root/aerostack2_ws/install/rmf_demos_gz:/root/aerostack2_ws/install/rmf_demos:/root/aerostack2_ws/install/rmf_demos_maps:/root/aerostack2_ws/install/aerostack2:/root/aerostack2_ws/install/as2_usb_camera_interface:/root/aerostack2_ws/install/as2_state_estimator:/root/aerostack2_ws/install/as2_rviz_plugins:/root/aerostack2_ws/install/as2_realsense_interface:/root/aerostack2_ws/install/as2_platform_multirotor_simulator:/root/aerostack2_ws/install/as2_platform_gazebo:/root/aerostack2_ws/install/as2_motion_controller:/root/aerostack2_ws/install/as2_behaviors_trajectory_generation:/root/aerostack2_ws/install/as2_behaviors_swarm_flocking:/root/aerostack2_ws/install/as2_behaviors_motion:/root/aerostack2_ws/install/as2_motion_reference_handlers:/root/aerostack2_ws/install/as2_map_server:/root/aerostack2_ws/install/as2_geozones:/root/aerostack2_ws/install/as2_gazebo_assets:/root/aerostack2_ws/install/as2_external_object_to_tf:/root/aerostack2_ws/install/as2_behaviors_platform:/root/aerostack2_ws/install/as2_behaviors_perception:/root/aerostack2_ws/install/as2_behaviors_path_planning:/root/aerostack2_ws/install/as2_behavior_tree:/root/aerostack2_ws/install/as2_behavior:/root/aerostack2_ws/install/as2_alphanumeric_viewer:/root/aerostack2_ws/install/as2_cli:/root/aerostack2_ws/install/as2_project_bringup:/root/aerostack2_ws/install/rmf_demos_tasks:/root/aerostack2_ws/install/rmf_demos_panel:/root/aerostack2_ws/install/rmf_demos_fleet_adapter:/root/aerostack2_ws/install/rmf_demos_dashboard_resources:/root/aerostack2_ws/install/rmf_demos_bridges:/root/aerostack2_ws/install/rmf_demos_assets:/root/aerostack2_ws/install/as2_visualization:/root/aerostack2_ws/install/as2_keyboard_teleoperation:/root/aerostack2_ws/install/as2_python_api:/root/aerostack2_ws/install/as2_perception:/opt/ros/humble LD_LIBRARY_PATH=/root/aerostack2_ws/install/as2_core/lib:/root/aerostack2_ws/install/as2_msgs/lib:/root/aerostack2_ws/install/as2_state_estimator/lib:/root/aerostack2_ws/install/as2_python_api/lib:/root/aerostack2_ws/install/as2_motion_controller/lib:/root/aerostack2_ws/install/as2_behaviors_trajectory_generation/lib:/root/aerostack2_ws/install/as2_behaviors_swarm_flocking/lib:/root/aerostack2_ws/install/as2_behaviors_motion/lib:/root/aerostack2_ws/install/as2_motion_reference_handlers/lib:/root/aerostack2_ws/install/as2_map_server/lib:/root/aerostack2_ws/install/as2_gazebo_assets/lib:/root/aerostack2_ws/install/as2_behaviors_perception/lib:/root/aerostack2_ws/install/as2_behaviors_path_planning/lib:/root/aerostack2_ws/install/as2_behavior_tree/lib:/root/aerostack2_ws/install/as2_behavior/lib:/opt/ros/humble/opt/rviz_ogre_vendor/lib:/opt/ros/humble/lib/x86_64-linux-gnu:/opt/ros/humble/lib /usr/bin/cmake --build /root/aerostack2_ws/build/as2_gazebo_assets -- -j8 -l8
[3.403s] DEBUG:colcon.colcon_core.event_handler.log_command:Invoking command in '/root/aerostack2_ws/build/as2_alphanumeric_viewer': CMAKE_PREFIX_PATH=/root/aerostack2_ws/install/as2_core:/root/aerostack2_ws/install/as2_msgs:/root/aerostack2_ws/install/rmf_demos_gz_classic:/root/aerostack2_ws/install/rmf_demos_gz:/root/aerostack2_ws/install/rmf_demos:/root/aerostack2_ws/install/rmf_demos_maps:/root/aerostack2_ws/install/aerostack2:/root/aerostack2_ws/install/as2_usb_camera_interface:/root/aerostack2_ws/install/as2_state_estimator:/root/aerostack2_ws/install/as2_rviz_plugins:/root/aerostack2_ws/install/as2_realsense_interface:/root/aerostack2_ws/install/as2_platform_multirotor_simulator:/root/aerostack2_ws/install/as2_platform_gazebo:/root/aerostack2_ws/install/as2_motion_controller:/root/aerostack2_ws/install/as2_behaviors_trajectory_generation:/root/aerostack2_ws/install/as2_behaviors_swarm_flocking:/root/aerostack2_ws/install/as2_behaviors_motion:/root/aerostack2_ws/install/as2_motion_reference_handlers:/root/aerostack2_ws/install/as2_map_server:/root/aerostack2_ws/install/as2_geozones:/root/aerostack2_ws/install/as2_gazebo_assets:/root/aerostack2_ws/install/as2_external_object_to_tf:/root/aerostack2_ws/install/as2_behaviors_platform:/root/aerostack2_ws/install/as2_behaviors_perception:/root/aerostack2_ws/install/as2_behaviors_path_planning:/root/aerostack2_ws/install/as2_behavior_tree:/root/aerostack2_ws/install/as2_behavior:/root/aerostack2_ws/install/as2_alphanumeric_viewer:/root/aerostack2_ws/install/as2_cli:/root/aerostack2_ws/install/as2_project_bringup:/root/aerostack2_ws/install/rmf_demos_tasks:/root/aerostack2_ws/install/rmf_demos_panel:/root/aerostack2_ws/install/rmf_demos_fleet_adapter:/root/aerostack2_ws/install/rmf_demos_dashboard_resources:/root/aerostack2_ws/install/rmf_demos_bridges:/root/aerostack2_ws/install/rmf_demos_assets:/root/aerostack2_ws/install/as2_visualization:/root/aerostack2_ws/install/as2_keyboard_teleoperation:/root/aerostack2_ws/install/as2_python_api:/root/aerostack2_ws/install/as2_perception:/opt/ros/humble LD_LIBRARY_PATH=/root/aerostack2_ws/install/as2_core/lib:/root/aerostack2_ws/install/as2_msgs/lib:/root/aerostack2_ws/install/as2_state_estimator/lib:/root/aerostack2_ws/install/as2_python_api/lib:/root/aerostack2_ws/install/as2_motion_controller/lib:/root/aerostack2_ws/install/as2_behaviors_trajectory_generation/lib:/root/aerostack2_ws/install/as2_behaviors_swarm_flocking/lib:/root/aerostack2_ws/install/as2_behaviors_motion/lib:/root/aerostack2_ws/install/as2_motion_reference_handlers/lib:/root/aerostack2_ws/install/as2_map_server/lib:/root/aerostack2_ws/install/as2_gazebo_assets/lib:/root/aerostack2_ws/install/as2_behaviors_perception/lib:/root/aerostack2_ws/install/as2_behaviors_path_planning/lib:/root/aerostack2_ws/install/as2_behavior_tree/lib:/root/aerostack2_ws/install/as2_behavior/lib:/opt/ros/humble/opt/rviz_ogre_vendor/lib:/opt/ros/humble/lib/x86_64-linux-gnu:/opt/ros/humble/lib /usr/bin/cmake --build /root/aerostack2_ws/build/as2_alphanumeric_viewer -- -j8 -l8
[3.408s] DEBUG:colcon.colcon_core.event_handler.log_command:Invoking command in '/root/aerostack2_ws/build/as2_behavior_tree': CMAKE_PREFIX_PATH=/root/aerostack2_ws/install/as2_core:/root/aerostack2_ws/install/as2_msgs:/root/aerostack2_ws/install/rmf_demos_gz_classic:/root/aerostack2_ws/install/rmf_demos_gz:/root/aerostack2_ws/install/rmf_demos:/root/aerostack2_ws/install/rmf_demos_maps:/root/aerostack2_ws/install/aerostack2:/root/aerostack2_ws/install/as2_usb_camera_interface:/root/aerostack2_ws/install/as2_state_estimator:/root/aerostack2_ws/install/as2_rviz_plugins:/root/aerostack2_ws/install/as2_realsense_interface:/root/aerostack2_ws/install/as2_platform_multirotor_simulator:/root/aerostack2_ws/install/as2_platform_gazebo:/root/aerostack2_ws/install/as2_motion_controller:/root/aerostack2_ws/install/as2_behaviors_trajectory_generation:/root/aerostack2_ws/install/as2_behaviors_swarm_flocking:/root/aerostack2_ws/install/as2_behaviors_motion:/root/aerostack2_ws/install/as2_motion_reference_handlers:/root/aerostack2_ws/install/as2_map_server:/root/aerostack2_ws/install/as2_geozones:/root/aerostack2_ws/install/as2_gazebo_assets:/root/aerostack2_ws/install/as2_external_object_to_tf:/root/aerostack2_ws/install/as2_behaviors_platform:/root/aerostack2_ws/install/as2_behaviors_perception:/root/aerostack2_ws/install/as2_behaviors_path_planning:/root/aerostack2_ws/install/as2_behavior_tree:/root/aerostack2_ws/install/as2_behavior:/root/aerostack2_ws/install/as2_alphanumeric_viewer:/root/aerostack2_ws/install/as2_cli:/root/aerostack2_ws/install/as2_project_bringup:/root/aerostack2_ws/install/rmf_demos_tasks:/root/aerostack2_ws/install/rmf_demos_panel:/root/aerostack2_ws/install/rmf_demos_fleet_adapter:/root/aerostack2_ws/install/rmf_demos_dashboard_resources:/root/aerostack2_ws/install/rmf_demos_bridges:/root/aerostack2_ws/install/rmf_demos_assets:/root/aerostack2_ws/install/as2_visualization:/root/aerostack2_ws/install/as2_keyboard_teleoperation:/root/aerostack2_ws/install/as2_python_api:/root/aerostack2_ws/install/as2_perception:/opt/ros/humble LD_LIBRARY_PATH=/root/aerostack2_ws/install/as2_core/lib:/root/aerostack2_ws/install/as2_msgs/lib:/root/aerostack2_ws/install/as2_state_estimator/lib:/root/aerostack2_ws/install/as2_python_api/lib:/root/aerostack2_ws/install/as2_motion_controller/lib:/root/aerostack2_ws/install/as2_behaviors_trajectory_generation/lib:/root/aerostack2_ws/install/as2_behaviors_swarm_flocking/lib:/root/aerostack2_ws/install/as2_behaviors_motion/lib:/root/aerostack2_ws/install/as2_motion_reference_handlers/lib:/root/aerostack2_ws/install/as2_map_server/lib:/root/aerostack2_ws/install/as2_gazebo_assets/lib:/root/aerostack2_ws/install/as2_behaviors_perception/lib:/root/aerostack2_ws/install/as2_behaviors_path_planning/lib:/root/aerostack2_ws/install/as2_behavior_tree/lib:/root/aerostack2_ws/install/as2_behavior/lib:/opt/ros/humble/opt/rviz_ogre_vendor/lib:/opt/ros/humble/lib/x86_64-linux-gnu:/opt/ros/humble/lib /usr/bin/cmake --build /root/aerostack2_ws/build/as2_behavior_tree -- -j8 -l8
[3.414s] DEBUG:colcon.colcon_core.event_handler.log_command:Invoking command in '/root/aerostack2_ws/build/as2_external_object_to_tf': CMAKE_PREFIX_PATH=/root/aerostack2_ws/install/as2_core:/root/aerostack2_ws/install/as2_msgs:/root/aerostack2_ws/install/rmf_demos_gz_classic:/root/aerostack2_ws/install/rmf_demos_gz:/root/aerostack2_ws/install/rmf_demos:/root/aerostack2_ws/install/rmf_demos_maps:/root/aerostack2_ws/install/aerostack2:/root/aerostack2_ws/install/as2_usb_camera_interface:/root/aerostack2_ws/install/as2_state_estimator:/root/aerostack2_ws/install/as2_rviz_plugins:/root/aerostack2_ws/install/as2_realsense_interface:/root/aerostack2_ws/install/as2_platform_multirotor_simulator:/root/aerostack2_ws/install/as2_platform_gazebo:/root/aerostack2_ws/install/as2_motion_controller:/root/aerostack2_ws/install/as2_behaviors_trajectory_generation:/root/aerostack2_ws/install/as2_behaviors_swarm_flocking:/root/aerostack2_ws/install/as2_behaviors_motion:/root/aerostack2_ws/install/as2_motion_reference_handlers:/root/aerostack2_ws/install/as2_map_server:/root/aerostack2_ws/install/as2_geozones:/root/aerostack2_ws/install/as2_gazebo_assets:/root/aerostack2_ws/install/as2_external_object_to_tf:/root/aerostack2_ws/install/as2_behaviors_platform:/root/aerostack2_ws/install/as2_behaviors_perception:/root/aerostack2_ws/install/as2_behaviors_path_planning:/root/aerostack2_ws/install/as2_behavior_tree:/root/aerostack2_ws/install/as2_behavior:/root/aerostack2_ws/install/as2_alphanumeric_viewer:/root/aerostack2_ws/install/as2_cli:/root/aerostack2_ws/install/as2_project_bringup:/root/aerostack2_ws/install/rmf_demos_tasks:/root/aerostack2_ws/install/rmf_demos_panel:/root/aerostack2_ws/install/rmf_demos_fleet_adapter:/root/aerostack2_ws/install/rmf_demos_dashboard_resources:/root/aerostack2_ws/install/rmf_demos_bridges:/root/aerostack2_ws/install/rmf_demos_assets:/root/aerostack2_ws/install/as2_visualization:/root/aerostack2_ws/install/as2_keyboard_teleoperation:/root/aerostack2_ws/install/as2_python_api:/root/aerostack2_ws/install/as2_perception:/opt/ros/humble LD_LIBRARY_PATH=/root/aerostack2_ws/install/as2_core/lib:/root/aerostack2_ws/install/as2_msgs/lib:/root/aerostack2_ws/install/as2_state_estimator/lib:/root/aerostack2_ws/install/as2_python_api/lib:/root/aerostack2_ws/install/as2_motion_controller/lib:/root/aerostack2_ws/install/as2_behaviors_trajectory_generation/lib:/root/aerostack2_ws/install/as2_behaviors_swarm_flocking/lib:/root/aerostack2_ws/install/as2_behaviors_motion/lib:/root/aerostack2_ws/install/as2_motion_reference_handlers/lib:/root/aerostack2_ws/install/as2_map_server/lib:/root/aerostack2_ws/install/as2_gazebo_assets/lib:/root/aerostack2_ws/install/as2_behaviors_perception/lib:/root/aerostack2_ws/install/as2_behaviors_path_planning/lib:/root/aerostack2_ws/install/as2_behavior_tree/lib:/root/aerostack2_ws/install/as2_behavior/lib:/opt/ros/humble/opt/rviz_ogre_vendor/lib:/opt/ros/humble/lib/x86_64-linux-gnu:/opt/ros/humble/lib /usr/bin/cmake --build /root/aerostack2_ws/build/as2_external_object_to_tf -- -j8 -l8
[3.429s] DEBUG:colcon.colcon_core.event_handler.log_command:Invoking command in '/root/aerostack2_ws/build/as2_geozones': CMAKE_PREFIX_PATH=/root/aerostack2_ws/install/as2_core:/root/aerostack2_ws/install/as2_msgs:/root/aerostack2_ws/install/rmf_demos_gz_classic:/root/aerostack2_ws/install/rmf_demos_gz:/root/aerostack2_ws/install/rmf_demos:/root/aerostack2_ws/install/rmf_demos_maps:/root/aerostack2_ws/install/aerostack2:/root/aerostack2_ws/install/as2_usb_camera_interface:/root/aerostack2_ws/install/as2_state_estimator:/root/aerostack2_ws/install/as2_rviz_plugins:/root/aerostack2_ws/install/as2_realsense_interface:/root/aerostack2_ws/install/as2_platform_multirotor_simulator:/root/aerostack2_ws/install/as2_platform_gazebo:/root/aerostack2_ws/install/as2_motion_controller:/root/aerostack2_ws/install/as2_behaviors_trajectory_generation:/root/aerostack2_ws/install/as2_behaviors_swarm_flocking:/root/aerostack2_ws/install/as2_behaviors_motion:/root/aerostack2_ws/install/as2_motion_reference_handlers:/root/aerostack2_ws/install/as2_map_server:/root/aerostack2_ws/install/as2_geozones:/root/aerostack2_ws/install/as2_gazebo_assets:/root/aerostack2_ws/install/as2_external_object_to_tf:/root/aerostack2_ws/install/as2_behaviors_platform:/root/aerostack2_ws/install/as2_behaviors_perception:/root/aerostack2_ws/install/as2_behaviors_path_planning:/root/aerostack2_ws/install/as2_behavior_tree:/root/aerostack2_ws/install/as2_behavior:/root/aerostack2_ws/install/as2_alphanumeric_viewer:/root/aerostack2_ws/install/as2_cli:/root/aerostack2_ws/install/as2_project_bringup:/root/aerostack2_ws/install/rmf_demos_tasks:/root/aerostack2_ws/install/rmf_demos_panel:/root/aerostack2_ws/install/rmf_demos_fleet_adapter:/root/aerostack2_ws/install/rmf_demos_dashboard_resources:/root/aerostack2_ws/install/rmf_demos_bridges:/root/aerostack2_ws/install/rmf_demos_assets:/root/aerostack2_ws/install/as2_visualization:/root/aerostack2_ws/install/as2_keyboard_teleoperation:/root/aerostack2_ws/install/as2_python_api:/root/aerostack2_ws/install/as2_perception:/opt/ros/humble LD_LIBRARY_PATH=/root/aerostack2_ws/install/as2_core/lib:/root/aerostack2_ws/install/as2_msgs/lib:/root/aerostack2_ws/install/as2_state_estimator/lib:/root/aerostack2_ws/install/as2_python_api/lib:/root/aerostack2_ws/install/as2_motion_controller/lib:/root/aerostack2_ws/install/as2_behaviors_trajectory_generation/lib:/root/aerostack2_ws/install/as2_behaviors_swarm_flocking/lib:/root/aerostack2_ws/install/as2_behaviors_motion/lib:/root/aerostack2_ws/install/as2_motion_reference_handlers/lib:/root/aerostack2_ws/install/as2_map_server/lib:/root/aerostack2_ws/install/as2_gazebo_assets/lib:/root/aerostack2_ws/install/as2_behaviors_perception/lib:/root/aerostack2_ws/install/as2_behaviors_path_planning/lib:/root/aerostack2_ws/install/as2_behavior_tree/lib:/root/aerostack2_ws/install/as2_behavior/lib:/opt/ros/humble/opt/rviz_ogre_vendor/lib:/opt/ros/humble/lib/x86_64-linux-gnu:/opt/ros/humble/lib /usr/bin/cmake --build /root/aerostack2_ws/build/as2_geozones -- -j8 -l8
[3.445s] DEBUG:colcon.colcon_core.event_handler.log_command:Invoking command in '/root/aerostack2_ws/build/as2_map_server': CMAKE_PREFIX_PATH=/root/aerostack2_ws/install/as2_core:/root/aerostack2_ws/install/as2_msgs:/root/aerostack2_ws/install/rmf_demos_gz_classic:/root/aerostack2_ws/install/rmf_demos_gz:/root/aerostack2_ws/install/rmf_demos:/root/aerostack2_ws/install/rmf_demos_maps:/root/aerostack2_ws/install/aerostack2:/root/aerostack2_ws/install/as2_usb_camera_interface:/root/aerostack2_ws/install/as2_state_estimator:/root/aerostack2_ws/install/as2_rviz_plugins:/root/aerostack2_ws/install/as2_realsense_interface:/root/aerostack2_ws/install/as2_platform_multirotor_simulator:/root/aerostack2_ws/install/as2_platform_gazebo:/root/aerostack2_ws/install/as2_motion_controller:/root/aerostack2_ws/install/as2_behaviors_trajectory_generation:/root/aerostack2_ws/install/as2_behaviors_swarm_flocking:/root/aerostack2_ws/install/as2_behaviors_motion:/root/aerostack2_ws/install/as2_motion_reference_handlers:/root/aerostack2_ws/install/as2_map_server:/root/aerostack2_ws/install/as2_geozones:/root/aerostack2_ws/install/as2_gazebo_assets:/root/aerostack2_ws/install/as2_external_object_to_tf:/root/aerostack2_ws/install/as2_behaviors_platform:/root/aerostack2_ws/install/as2_behaviors_perception:/root/aerostack2_ws/install/as2_behaviors_path_planning:/root/aerostack2_ws/install/as2_behavior_tree:/root/aerostack2_ws/install/as2_behavior:/root/aerostack2_ws/install/as2_alphanumeric_viewer:/root/aerostack2_ws/install/as2_cli:/root/aerostack2_ws/install/as2_project_bringup:/root/aerostack2_ws/install/rmf_demos_tasks:/root/aerostack2_ws/install/rmf_demos_panel:/root/aerostack2_ws/install/rmf_demos_fleet_adapter:/root/aerostack2_ws/install/rmf_demos_dashboard_resources:/root/aerostack2_ws/install/rmf_demos_bridges:/root/aerostack2_ws/install/rmf_demos_assets:/root/aerostack2_ws/install/as2_visualization:/root/aerostack2_ws/install/as2_keyboard_teleoperation:/root/aerostack2_ws/install/as2_python_api:/root/aerostack2_ws/install/as2_perception:/opt/ros/humble LD_LIBRARY_PATH=/root/aerostack2_ws/install/as2_core/lib:/root/aerostack2_ws/install/as2_msgs/lib:/root/aerostack2_ws/install/as2_state_estimator/lib:/root/aerostack2_ws/install/as2_python_api/lib:/root/aerostack2_ws/install/as2_motion_controller/lib:/root/aerostack2_ws/install/as2_behaviors_trajectory_generation/lib:/root/aerostack2_ws/install/as2_behaviors_swarm_flocking/lib:/root/aerostack2_ws/install/as2_behaviors_motion/lib:/root/aerostack2_ws/install/as2_motion_reference_handlers/lib:/root/aerostack2_ws/install/as2_map_server/lib:/root/aerostack2_ws/install/as2_gazebo_assets/lib:/root/aerostack2_ws/install/as2_behaviors_perception/lib:/root/aerostack2_ws/install/as2_behaviors_path_planning/lib:/root/aerostack2_ws/install/as2_behavior_tree/lib:/root/aerostack2_ws/install/as2_behavior/lib:/opt/ros/humble/opt/rviz_ogre_vendor/lib:/opt/ros/humble/lib/x86_64-linux-gnu:/opt/ros/humble/lib /usr/bin/cmake --build /root/aerostack2_ws/build/as2_map_server -- -j8 -l8
[3.595s] DEBUG:colcon.colcon_core.event_handler.log_command:Invoked command in '/root/aerostack2_ws/build/as2_alphanumeric_viewer' returned '0': CMAKE_PREFIX_PATH=/root/aerostack2_ws/install/as2_core:/root/aerostack2_ws/install/as2_msgs:/root/aerostack2_ws/install/rmf_demos_gz_classic:/root/aerostack2_ws/install/rmf_demos_gz:/root/aerostack2_ws/install/rmf_demos:/root/aerostack2_ws/install/rmf_demos_maps:/root/aerostack2_ws/install/aerostack2:/root/aerostack2_ws/install/as2_usb_camera_interface:/root/aerostack2_ws/install/as2_state_estimator:/root/aerostack2_ws/install/as2_rviz_plugins:/root/aerostack2_ws/install/as2_realsense_interface:/root/aerostack2_ws/install/as2_platform_multirotor_simulator:/root/aerostack2_ws/install/as2_platform_gazebo:/root/aerostack2_ws/install/as2_motion_controller:/root/aerostack2_ws/install/as2_behaviors_trajectory_generation:/root/aerostack2_ws/install/as2_behaviors_swarm_flocking:/root/aerostack2_ws/install/as2_behaviors_motion:/root/aerostack2_ws/install/as2_motion_reference_handlers:/root/aerostack2_ws/install/as2_map_server:/root/aerostack2_ws/install/as2_geozones:/root/aerostack2_ws/install/as2_gazebo_assets:/root/aerostack2_ws/install/as2_external_object_to_tf:/root/aerostack2_ws/install/as2_behaviors_platform:/root/aerostack2_ws/install/as2_behaviors_perception:/root/aerostack2_ws/install/as2_behaviors_path_planning:/root/aerostack2_ws/install/as2_behavior_tree:/root/aerostack2_ws/install/as2_behavior:/root/aerostack2_ws/install/as2_alphanumeric_viewer:/root/aerostack2_ws/install/as2_cli:/root/aerostack2_ws/install/as2_project_bringup:/root/aerostack2_ws/install/rmf_demos_tasks:/root/aerostack2_ws/install/rmf_demos_panel:/root/aerostack2_ws/install/rmf_demos_fleet_adapter:/root/aerostack2_ws/install/rmf_demos_dashboard_resources:/root/aerostack2_ws/install/rmf_demos_bridges:/root/aerostack2_ws/install/rmf_demos_assets:/root/aerostack2_ws/install/as2_visualization:/root/aerostack2_ws/install/as2_keyboard_teleoperation:/root/aerostack2_ws/install/as2_python_api:/root/aerostack2_ws/install/as2_perception:/opt/ros/humble LD_LIBRARY_PATH=/root/aerostack2_ws/install/as2_core/lib:/root/aerostack2_ws/install/as2_msgs/lib:/root/aerostack2_ws/install/as2_state_estimator/lib:/root/aerostack2_ws/install/as2_python_api/lib:/root/aerostack2_ws/install/as2_motion_controller/lib:/root/aerostack2_ws/install/as2_behaviors_trajectory_generation/lib:/root/aerostack2_ws/install/as2_behaviors_swarm_flocking/lib:/root/aerostack2_ws/install/as2_behaviors_motion/lib:/root/aerostack2_ws/install/as2_motion_reference_handlers/lib:/root/aerostack2_ws/install/as2_map_server/lib:/root/aerostack2_ws/install/as2_gazebo_assets/lib:/root/aerostack2_ws/install/as2_behaviors_perception/lib:/root/aerostack2_ws/install/as2_behaviors_path_planning/lib:/root/aerostack2_ws/install/as2_behavior_tree/lib:/root/aerostack2_ws/install/as2_behavior/lib:/opt/ros/humble/opt/rviz_ogre_vendor/lib:/opt/ros/humble/lib/x86_64-linux-gnu:/opt/ros/humble/lib /usr/bin/cmake --build /root/aerostack2_ws/build/as2_alphanumeric_viewer -- -j8 -l8
[3.604s] DEBUG:colcon.colcon_core.event_handler.log_command:Invoking command in '/root/aerostack2_ws/build/as2_alphanumeric_viewer': CMAKE_PREFIX_PATH=/root/aerostack2_ws/install/as2_core:/root/aerostack2_ws/install/as2_msgs:/root/aerostack2_ws/install/rmf_demos_gz_classic:/root/aerostack2_ws/install/rmf_demos_gz:/root/aerostack2_ws/install/rmf_demos:/root/aerostack2_ws/install/rmf_demos_maps:/root/aerostack2_ws/install/aerostack2:/root/aerostack2_ws/install/as2_usb_camera_interface:/root/aerostack2_ws/install/as2_state_estimator:/root/aerostack2_ws/install/as2_rviz_plugins:/root/aerostack2_ws/install/as2_realsense_interface:/root/aerostack2_ws/install/as2_platform_multirotor_simulator:/root/aerostack2_ws/install/as2_platform_gazebo:/root/aerostack2_ws/install/as2_motion_controller:/root/aerostack2_ws/install/as2_behaviors_trajectory_generation:/root/aerostack2_ws/install/as2_behaviors_swarm_flocking:/root/aerostack2_ws/install/as2_behaviors_motion:/root/aerostack2_ws/install/as2_motion_reference_handlers:/root/aerostack2_ws/install/as2_map_server:/root/aerostack2_ws/install/as2_geozones:/root/aerostack2_ws/install/as2_gazebo_assets:/root/aerostack2_ws/install/as2_external_object_to_tf:/root/aerostack2_ws/install/as2_behaviors_platform:/root/aerostack2_ws/install/as2_behaviors_perception:/root/aerostack2_ws/install/as2_behaviors_path_planning:/root/aerostack2_ws/install/as2_behavior_tree:/root/aerostack2_ws/install/as2_behavior:/root/aerostack2_ws/install/as2_alphanumeric_viewer:/root/aerostack2_ws/install/as2_cli:/root/aerostack2_ws/install/as2_project_bringup:/root/aerostack2_ws/install/rmf_demos_tasks:/root/aerostack2_ws/install/rmf_demos_panel:/root/aerostack2_ws/install/rmf_demos_fleet_adapter:/root/aerostack2_ws/install/rmf_demos_dashboard_resources:/root/aerostack2_ws/install/rmf_demos_bridges:/root/aerostack2_ws/install/rmf_demos_assets:/root/aerostack2_ws/install/as2_visualization:/root/aerostack2_ws/install/as2_keyboard_teleoperation:/root/aerostack2_ws/install/as2_python_api:/root/aerostack2_ws/install/as2_perception:/opt/ros/humble LD_LIBRARY_PATH=/root/aerostack2_ws/install/as2_core/lib:/root/aerostack2_ws/install/as2_msgs/lib:/root/aerostack2_ws/install/as2_state_estimator/lib:/root/aerostack2_ws/install/as2_python_api/lib:/root/aerostack2_ws/install/as2_motion_controller/lib:/root/aerostack2_ws/install/as2_behaviors_trajectory_generation/lib:/root/aerostack2_ws/install/as2_behaviors_swarm_flocking/lib:/root/aerostack2_ws/install/as2_behaviors_motion/lib:/root/aerostack2_ws/install/as2_motion_reference_handlers/lib:/root/aerostack2_ws/install/as2_map_server/lib:/root/aerostack2_ws/install/as2_gazebo_assets/lib:/root/aerostack2_ws/install/as2_behaviors_perception/lib:/root/aerostack2_ws/install/as2_behaviors_path_planning/lib:/root/aerostack2_ws/install/as2_behavior_tree/lib:/root/aerostack2_ws/install/as2_behavior/lib:/opt/ros/humble/opt/rviz_ogre_vendor/lib:/opt/ros/humble/lib/x86_64-linux-gnu:/opt/ros/humble/lib /usr/bin/cmake --install /root/aerostack2_ws/build/as2_alphanumeric_viewer
[3.949s] DEBUG:colcon.colcon_core.event_handler.log_command:Invoked command in '/root/aerostack2_ws/build/as2_behavior' returned '0': CMAKE_PREFIX_PATH=/root/aerostack2_ws/install/as2_core:/root/aerostack2_ws/install/as2_msgs:/root/aerostack2_ws/install/rmf_demos_gz_classic:/root/aerostack2_ws/install/rmf_demos_gz:/root/aerostack2_ws/install/rmf_demos:/root/aerostack2_ws/install/rmf_demos_maps:/root/aerostack2_ws/install/aerostack2:/root/aerostack2_ws/install/as2_usb_camera_interface:/root/aerostack2_ws/install/as2_state_estimator:/root/aerostack2_ws/install/as2_rviz_plugins:/root/aerostack2_ws/install/as2_realsense_interface:/root/aerostack2_ws/install/as2_platform_multirotor_simulator:/root/aerostack2_ws/install/as2_platform_gazebo:/root/aerostack2_ws/install/as2_motion_controller:/root/aerostack2_ws/install/as2_behaviors_trajectory_generation:/root/aerostack2_ws/install/as2_behaviors_swarm_flocking:/root/aerostack2_ws/install/as2_behaviors_motion:/root/aerostack2_ws/install/as2_motion_reference_handlers:/root/aerostack2_ws/install/as2_map_server:/root/aerostack2_ws/install/as2_geozones:/root/aerostack2_ws/install/as2_gazebo_assets:/root/aerostack2_ws/install/as2_external_object_to_tf:/root/aerostack2_ws/install/as2_behaviors_platform:/root/aerostack2_ws/install/as2_behaviors_perception:/root/aerostack2_ws/install/as2_behaviors_path_planning:/root/aerostack2_ws/install/as2_behavior_tree:/root/aerostack2_ws/install/as2_behavior:/root/aerostack2_ws/install/as2_alphanumeric_viewer:/root/aerostack2_ws/install/as2_cli:/root/aerostack2_ws/install/as2_project_bringup:/root/aerostack2_ws/install/rmf_demos_tasks:/root/aerostack2_ws/install/rmf_demos_panel:/root/aerostack2_ws/install/rmf_demos_fleet_adapter:/root/aerostack2_ws/install/rmf_demos_dashboard_resources:/root/aerostack2_ws/install/rmf_demos_bridges:/root/aerostack2_ws/install/rmf_demos_assets:/root/aerostack2_ws/install/as2_visualization:/root/aerostack2_ws/install/as2_keyboard_teleoperation:/root/aerostack2_ws/install/as2_python_api:/root/aerostack2_ws/install/as2_perception:/opt/ros/humble LD_LIBRARY_PATH=/root/aerostack2_ws/install/as2_core/lib:/root/aerostack2_ws/install/as2_msgs/lib:/root/aerostack2_ws/install/as2_state_estimator/lib:/root/aerostack2_ws/install/as2_python_api/lib:/root/aerostack2_ws/install/as2_motion_controller/lib:/root/aerostack2_ws/install/as2_behaviors_trajectory_generation/lib:/root/aerostack2_ws/install/as2_behaviors_swarm_flocking/lib:/root/aerostack2_ws/install/as2_behaviors_motion/lib:/root/aerostack2_ws/install/as2_motion_reference_handlers/lib:/root/aerostack2_ws/install/as2_map_server/lib:/root/aerostack2_ws/install/as2_gazebo_assets/lib:/root/aerostack2_ws/install/as2_behaviors_perception/lib:/root/aerostack2_ws/install/as2_behaviors_path_planning/lib:/root/aerostack2_ws/install/as2_behavior_tree/lib:/root/aerostack2_ws/install/as2_behavior/lib:/opt/ros/humble/opt/rviz_ogre_vendor/lib:/opt/ros/humble/lib/x86_64-linux-gnu:/opt/ros/humble/lib /usr/bin/cmake --build /root/aerostack2_ws/build/as2_behavior -- -j8 -l8
[3.954s] DEBUG:colcon.colcon_core.event_handler.log_command:Invoking command in '/root/aerostack2_ws/build/as2_behavior': CMAKE_PREFIX_PATH=/root/aerostack2_ws/install/as2_core:/root/aerostack2_ws/install/as2_msgs:/root/aerostack2_ws/install/rmf_demos_gz_classic:/root/aerostack2_ws/install/rmf_demos_gz:/root/aerostack2_ws/install/rmf_demos:/root/aerostack2_ws/install/rmf_demos_maps:/root/aerostack2_ws/install/aerostack2:/root/aerostack2_ws/install/as2_usb_camera_interface:/root/aerostack2_ws/install/as2_state_estimator:/root/aerostack2_ws/install/as2_rviz_plugins:/root/aerostack2_ws/install/as2_realsense_interface:/root/aerostack2_ws/install/as2_platform_multirotor_simulator:/root/aerostack2_ws/install/as2_platform_gazebo:/root/aerostack2_ws/install/as2_motion_controller:/root/aerostack2_ws/install/as2_behaviors_trajectory_generation:/root/aerostack2_ws/install/as2_behaviors_swarm_flocking:/root/aerostack2_ws/install/as2_behaviors_motion:/root/aerostack2_ws/install/as2_motion_reference_handlers:/root/aerostack2_ws/install/as2_map_server:/root/aerostack2_ws/install/as2_geozones:/root/aerostack2_ws/install/as2_gazebo_assets:/root/aerostack2_ws/install/as2_external_object_to_tf:/root/aerostack2_ws/install/as2_behaviors_platform:/root/aerostack2_ws/install/as2_behaviors_perception:/root/aerostack2_ws/install/as2_behaviors_path_planning:/root/aerostack2_ws/install/as2_behavior_tree:/root/aerostack2_ws/install/as2_behavior:/root/aerostack2_ws/install/as2_alphanumeric_viewer:/root/aerostack2_ws/install/as2_cli:/root/aerostack2_ws/install/as2_project_bringup:/root/aerostack2_ws/install/rmf_demos_tasks:/root/aerostack2_ws/install/rmf_demos_panel:/root/aerostack2_ws/install/rmf_demos_fleet_adapter:/root/aerostack2_ws/install/rmf_demos_dashboard_resources:/root/aerostack2_ws/install/rmf_demos_bridges:/root/aerostack2_ws/install/rmf_demos_assets:/root/aerostack2_ws/install/as2_visualization:/root/aerostack2_ws/install/as2_keyboard_teleoperation:/root/aerostack2_ws/install/as2_python_api:/root/aerostack2_ws/install/as2_perception:/opt/ros/humble LD_LIBRARY_PATH=/root/aerostack2_ws/install/as2_core/lib:/root/aerostack2_ws/install/as2_msgs/lib:/root/aerostack2_ws/install/as2_state_estimator/lib:/root/aerostack2_ws/install/as2_python_api/lib:/root/aerostack2_ws/install/as2_motion_controller/lib:/root/aerostack2_ws/install/as2_behaviors_trajectory_generation/lib:/root/aerostack2_ws/install/as2_behaviors_swarm_flocking/lib:/root/aerostack2_ws/install/as2_behaviors_motion/lib:/root/aerostack2_ws/install/as2_motion_reference_handlers/lib:/root/aerostack2_ws/install/as2_map_server/lib:/root/aerostack2_ws/install/as2_gazebo_assets/lib:/root/aerostack2_ws/install/as2_behaviors_perception/lib:/root/aerostack2_ws/install/as2_behaviors_path_planning/lib:/root/aerostack2_ws/install/as2_behavior_tree/lib:/root/aerostack2_ws/install/as2_behavior/lib:/opt/ros/humble/opt/rviz_ogre_vendor/lib:/opt/ros/humble/lib/x86_64-linux-gnu:/opt/ros/humble/lib /usr/bin/cmake --install /root/aerostack2_ws/build/as2_behavior
[4.042s] Level 1:colcon.colcon_core.environment:create_environment_scripts_only(as2_alphanumeric_viewer)
[4.044s] Level 1:colcon.colcon_core.environment:checking '/root/aerostack2_ws/install/as2_alphanumeric_viewer' for CMake module files
[4.051s] DEBUG:colcon.colcon_core.event_handler.log_command:Invoked command in '/root/aerostack2_ws/build/as2_external_object_to_tf' returned '0': CMAKE_PREFIX_PATH=/root/aerostack2_ws/install/as2_core:/root/aerostack2_ws/install/as2_msgs:/root/aerostack2_ws/install/rmf_demos_gz_classic:/root/aerostack2_ws/install/rmf_demos_gz:/root/aerostack2_ws/install/rmf_demos:/root/aerostack2_ws/install/rmf_demos_maps:/root/aerostack2_ws/install/aerostack2:/root/aerostack2_ws/install/as2_usb_camera_interface:/root/aerostack2_ws/install/as2_state_estimator:/root/aerostack2_ws/install/as2_rviz_plugins:/root/aerostack2_ws/install/as2_realsense_interface:/root/aerostack2_ws/install/as2_platform_multirotor_simulator:/root/aerostack2_ws/install/as2_platform_gazebo:/root/aerostack2_ws/install/as2_motion_controller:/root/aerostack2_ws/install/as2_behaviors_trajectory_generation:/root/aerostack2_ws/install/as2_behaviors_swarm_flocking:/root/aerostack2_ws/install/as2_behaviors_motion:/root/aerostack2_ws/install/as2_motion_reference_handlers:/root/aerostack2_ws/install/as2_map_server:/root/aerostack2_ws/install/as2_geozones:/root/aerostack2_ws/install/as2_gazebo_assets:/root/aerostack2_ws/install/as2_external_object_to_tf:/root/aerostack2_ws/install/as2_behaviors_platform:/root/aerostack2_ws/install/as2_behaviors_perception:/root/aerostack2_ws/install/as2_behaviors_path_planning:/root/aerostack2_ws/install/as2_behavior_tree:/root/aerostack2_ws/install/as2_behavior:/root/aerostack2_ws/install/as2_alphanumeric_viewer:/root/aerostack2_ws/install/as2_cli:/root/aerostack2_ws/install/as2_project_bringup:/root/aerostack2_ws/install/rmf_demos_tasks:/root/aerostack2_ws/install/rmf_demos_panel:/root/aerostack2_ws/install/rmf_demos_fleet_adapter:/root/aerostack2_ws/install/rmf_demos_dashboard_resources:/root/aerostack2_ws/install/rmf_demos_bridges:/root/aerostack2_ws/install/rmf_demos_assets:/root/aerostack2_ws/install/as2_visualization:/root/aerostack2_ws/install/as2_keyboard_teleoperation:/root/aerostack2_ws/install/as2_python_api:/root/aerostack2_ws/install/as2_perception:/opt/ros/humble LD_LIBRARY_PATH=/root/aerostack2_ws/install/as2_core/lib:/root/aerostack2_ws/install/as2_msgs/lib:/root/aerostack2_ws/install/as2_state_estimator/lib:/root/aerostack2_ws/install/as2_python_api/lib:/root/aerostack2_ws/install/as2_motion_controller/lib:/root/aerostack2_ws/install/as2_behaviors_trajectory_generation/lib:/root/aerostack2_ws/install/as2_behaviors_swarm_flocking/lib:/root/aerostack2_ws/install/as2_behaviors_motion/lib:/root/aerostack2_ws/install/as2_motion_reference_handlers/lib:/root/aerostack2_ws/install/as2_map_server/lib:/root/aerostack2_ws/install/as2_gazebo_assets/lib:/root/aerostack2_ws/install/as2_behaviors_perception/lib:/root/aerostack2_ws/install/as2_behaviors_path_planning/lib:/root/aerostack2_ws/install/as2_behavior_tree/lib:/root/aerostack2_ws/install/as2_behavior/lib:/opt/ros/humble/opt/rviz_ogre_vendor/lib:/opt/ros/humble/lib/x86_64-linux-gnu:/opt/ros/humble/lib /usr/bin/cmake --build /root/aerostack2_ws/build/as2_external_object_to_tf -- -j8 -l8
[4.054s] DEBUG:colcon.colcon_core.event_handler.log_command:Invoking command in '/root/aerostack2_ws/build/as2_external_object_to_tf': CMAKE_PREFIX_PATH=/root/aerostack2_ws/install/as2_core:/root/aerostack2_ws/install/as2_msgs:/root/aerostack2_ws/install/rmf_demos_gz_classic:/root/aerostack2_ws/install/rmf_demos_gz:/root/aerostack2_ws/install/rmf_demos:/root/aerostack2_ws/install/rmf_demos_maps:/root/aerostack2_ws/install/aerostack2:/root/aerostack2_ws/install/as2_usb_camera_interface:/root/aerostack2_ws/install/as2_state_estimator:/root/aerostack2_ws/install/as2_rviz_plugins:/root/aerostack2_ws/install/as2_realsense_interface:/root/aerostack2_ws/install/as2_platform_multirotor_simulator:/root/aerostack2_ws/install/as2_platform_gazebo:/root/aerostack2_ws/install/as2_motion_controller:/root/aerostack2_ws/install/as2_behaviors_trajectory_generation:/root/aerostack2_ws/install/as2_behaviors_swarm_flocking:/root/aerostack2_ws/install/as2_behaviors_motion:/root/aerostack2_ws/install/as2_motion_reference_handlers:/root/aerostack2_ws/install/as2_map_server:/root/aerostack2_ws/install/as2_geozones:/root/aerostack2_ws/install/as2_gazebo_assets:/root/aerostack2_ws/install/as2_external_object_to_tf:/root/aerostack2_ws/install/as2_behaviors_platform:/root/aerostack2_ws/install/as2_behaviors_perception:/root/aerostack2_ws/install/as2_behaviors_path_planning:/root/aerostack2_ws/install/as2_behavior_tree:/root/aerostack2_ws/install/as2_behavior:/root/aerostack2_ws/install/as2_alphanumeric_viewer:/root/aerostack2_ws/install/as2_cli:/root/aerostack2_ws/install/as2_project_bringup:/root/aerostack2_ws/install/rmf_demos_tasks:/root/aerostack2_ws/install/rmf_demos_panel:/root/aerostack2_ws/install/rmf_demos_fleet_adapter:/root/aerostack2_ws/install/rmf_demos_dashboard_resources:/root/aerostack2_ws/install/rmf_demos_bridges:/root/aerostack2_ws/install/rmf_demos_assets:/root/aerostack2_ws/install/as2_visualization:/root/aerostack2_ws/install/as2_keyboard_teleoperation:/root/aerostack2_ws/install/as2_python_api:/root/aerostack2_ws/install/as2_perception:/opt/ros/humble LD_LIBRARY_PATH=/root/aerostack2_ws/install/as2_core/lib:/root/aerostack2_ws/install/as2_msgs/lib:/root/aerostack2_ws/install/as2_state_estimator/lib:/root/aerostack2_ws/install/as2_python_api/lib:/root/aerostack2_ws/install/as2_motion_controller/lib:/root/aerostack2_ws/install/as2_behaviors_trajectory_generation/lib:/root/aerostack2_ws/install/as2_behaviors_swarm_flocking/lib:/root/aerostack2_ws/install/as2_behaviors_motion/lib:/root/aerostack2_ws/install/as2_motion_reference_handlers/lib:/root/aerostack2_ws/install/as2_map_server/lib:/root/aerostack2_ws/install/as2_gazebo_assets/lib:/root/aerostack2_ws/install/as2_behaviors_perception/lib:/root/aerostack2_ws/install/as2_behaviors_path_planning/lib:/root/aerostack2_ws/install/as2_behavior_tree/lib:/root/aerostack2_ws/install/as2_behavior/lib:/opt/ros/humble/opt/rviz_ogre_vendor/lib:/opt/ros/humble/lib/x86_64-linux-gnu:/opt/ros/humble/lib /usr/bin/cmake --install /root/aerostack2_ws/build/as2_external_object_to_tf
[4.054s] DEBUG:colcon.colcon_core.event_handler.log_command:Invoked command in '/root/aerostack2_ws/build/as2_alphanumeric_viewer' returned '0': CMAKE_PREFIX_PATH=/root/aerostack2_ws/install/as2_core:/root/aerostack2_ws/install/as2_msgs:/root/aerostack2_ws/install/rmf_demos_gz_classic:/root/aerostack2_ws/install/rmf_demos_gz:/root/aerostack2_ws/install/rmf_demos:/root/aerostack2_ws/install/rmf_demos_maps:/root/aerostack2_ws/install/aerostack2:/root/aerostack2_ws/install/as2_usb_camera_interface:/root/aerostack2_ws/install/as2_state_estimator:/root/aerostack2_ws/install/as2_rviz_plugins:/root/aerostack2_ws/install/as2_realsense_interface:/root/aerostack2_ws/install/as2_platform_multirotor_simulator:/root/aerostack2_ws/install/as2_platform_gazebo:/root/aerostack2_ws/install/as2_motion_controller:/root/aerostack2_ws/install/as2_behaviors_trajectory_generation:/root/aerostack2_ws/install/as2_behaviors_swarm_flocking:/root/aerostack2_ws/install/as2_behaviors_motion:/root/aerostack2_ws/install/as2_motion_reference_handlers:/root/aerostack2_ws/install/as2_map_server:/root/aerostack2_ws/install/as2_geozones:/root/aerostack2_ws/install/as2_gazebo_assets:/root/aerostack2_ws/install/as2_external_object_to_tf:/root/aerostack2_ws/install/as2_behaviors_platform:/root/aerostack2_ws/install/as2_behaviors_perception:/root/aerostack2_ws/install/as2_behaviors_path_planning:/root/aerostack2_ws/install/as2_behavior_tree:/root/aerostack2_ws/install/as2_behavior:/root/aerostack2_ws/install/as2_alphanumeric_viewer:/root/aerostack2_ws/install/as2_cli:/root/aerostack2_ws/install/as2_project_bringup:/root/aerostack2_ws/install/rmf_demos_tasks:/root/aerostack2_ws/install/rmf_demos_panel:/root/aerostack2_ws/install/rmf_demos_fleet_adapter:/root/aerostack2_ws/install/rmf_demos_dashboard_resources:/root/aerostack2_ws/install/rmf_demos_bridges:/root/aerostack2_ws/install/rmf_demos_assets:/root/aerostack2_ws/install/as2_visualization:/root/aerostack2_ws/install/as2_keyboard_teleoperation:/root/aerostack2_ws/install/as2_python_api:/root/aerostack2_ws/install/as2_perception:/opt/ros/humble LD_LIBRARY_PATH=/root/aerostack2_ws/install/as2_core/lib:/root/aerostack2_ws/install/as2_msgs/lib:/root/aerostack2_ws/install/as2_state_estimator/lib:/root/aerostack2_ws/install/as2_python_api/lib:/root/aerostack2_ws/install/as2_motion_controller/lib:/root/aerostack2_ws/install/as2_behaviors_trajectory_generation/lib:/root/aerostack2_ws/install/as2_behaviors_swarm_flocking/lib:/root/aerostack2_ws/install/as2_behaviors_motion/lib:/root/aerostack2_ws/install/as2_motion_reference_handlers/lib:/root/aerostack2_ws/install/as2_map_server/lib:/root/aerostack2_ws/install/as2_gazebo_assets/lib:/root/aerostack2_ws/install/as2_behaviors_perception/lib:/root/aerostack2_ws/install/as2_behaviors_path_planning/lib:/root/aerostack2_ws/install/as2_behavior_tree/lib:/root/aerostack2_ws/install/as2_behavior/lib:/opt/ros/humble/opt/rviz_ogre_vendor/lib:/opt/ros/humble/lib/x86_64-linux-gnu:/opt/ros/humble/lib /usr/bin/cmake --install /root/aerostack2_ws/build/as2_alphanumeric_viewer
[4.056s] Level 1:colcon.colcon_core.environment:checking '/root/aerostack2_ws/install/as2_alphanumeric_viewer' for CMake config files
[4.057s] Level 1:colcon.colcon_core.shell:create_environment_hook('as2_alphanumeric_viewer', 'cmake_prefix_path')
[4.057s] INFO:colcon.colcon_core.shell:Creating environment hook '/root/aerostack2_ws/install/as2_alphanumeric_viewer/share/as2_alphanumeric_viewer/hook/cmake_prefix_path.ps1'
[4.062s] INFO:colcon.colcon_core.shell:Creating environment descriptor '/root/aerostack2_ws/install/as2_alphanumeric_viewer/share/as2_alphanumeric_viewer/hook/cmake_prefix_path.dsv'
[4.063s] INFO:colcon.colcon_core.shell:Creating environment hook '/root/aerostack2_ws/install/as2_alphanumeric_viewer/share/as2_alphanumeric_viewer/hook/cmake_prefix_path.sh'
[4.065s] Level 1:colcon.colcon_core.environment:checking '/root/aerostack2_ws/install/as2_alphanumeric_viewer/lib'
[4.065s] Level 1:colcon.colcon_core.environment:checking '/root/aerostack2_ws/install/as2_alphanumeric_viewer/bin'
[4.065s] Level 1:colcon.colcon_core.environment:checking '/root/aerostack2_ws/install/as2_alphanumeric_viewer/lib/pkgconfig/as2_alphanumeric_viewer.pc'
[4.065s] Level 1:colcon.colcon_core.environment:checking '/root/aerostack2_ws/install/as2_alphanumeric_viewer/lib/python3.10/site-packages'
[4.069s] Level 1:colcon.colcon_core.environment:checking '/root/aerostack2_ws/install/as2_alphanumeric_viewer/bin'
[4.071s] INFO:colcon.colcon_core.shell:Creating package script '/root/aerostack2_ws/install/as2_alphanumeric_viewer/share/as2_alphanumeric_viewer/package.ps1'
[4.072s] INFO:colcon.colcon_core.shell:Creating package descriptor '/root/aerostack2_ws/install/as2_alphanumeric_viewer/share/as2_alphanumeric_viewer/package.dsv'
[4.072s] INFO:colcon.colcon_core.shell:Creating package script '/root/aerostack2_ws/install/as2_alphanumeric_viewer/share/as2_alphanumeric_viewer/package.sh'
[4.073s] INFO:colcon.colcon_core.shell:Creating package script '/root/aerostack2_ws/install/as2_alphanumeric_viewer/share/as2_alphanumeric_viewer/package.bash'
[4.074s] INFO:colcon.colcon_core.shell:Creating package script '/root/aerostack2_ws/install/as2_alphanumeric_viewer/share/as2_alphanumeric_viewer/package.zsh'
[4.075s] Level 1:colcon.colcon_core.environment:create_file_with_runtime_dependencies(/root/aerostack2_ws/install/as2_alphanumeric_viewer/share/colcon-core/packages/as2_alphanumeric_viewer)
[4.076s] Level 1:colcon.colcon_core.environment:create_environment_scripts_only(as2_alphanumeric_viewer)
[4.076s] Level 1:colcon.colcon_core.environment:checking '/root/aerostack2_ws/install/as2_alphanumeric_viewer' for CMake module files
[4.080s] Level 1:colcon.colcon_core.environment:checking '/root/aerostack2_ws/install/as2_alphanumeric_viewer' for CMake config files
[4.080s] Level 1:colcon.colcon_core.shell:create_environment_hook('as2_alphanumeric_viewer', 'cmake_prefix_path')
[4.084s] INFO:colcon.colcon_core.shell:Creating environment hook '/root/aerostack2_ws/install/as2_alphanumeric_viewer/share/as2_alphanumeric_viewer/hook/cmake_prefix_path.ps1'
[4.085s] INFO:colcon.colcon_core.shell:Creating environment descriptor '/root/aerostack2_ws/install/as2_alphanumeric_viewer/share/as2_alphanumeric_viewer/hook/cmake_prefix_path.dsv'
[4.085s] INFO:colcon.colcon_core.shell:Creating environment hook '/root/aerostack2_ws/install/as2_alphanumeric_viewer/share/as2_alphanumeric_viewer/hook/cmake_prefix_path.sh'
[4.086s] Level 1:colcon.colcon_core.environment:checking '/root/aerostack2_ws/install/as2_alphanumeric_viewer/lib'
[4.086s] Level 1:colcon.colcon_core.environment:checking '/root/aerostack2_ws/install/as2_alphanumeric_viewer/bin'
[4.086s] Level 1:colcon.colcon_core.environment:checking '/root/aerostack2_ws/install/as2_alphanumeric_viewer/lib/pkgconfig/as2_alphanumeric_viewer.pc'
[4.087s] Level 1:colcon.colcon_core.environment:checking '/root/aerostack2_ws/install/as2_alphanumeric_viewer/lib/python3.10/site-packages'
[4.087s] Level 1:colcon.colcon_core.environment:checking '/root/aerostack2_ws/install/as2_alphanumeric_viewer/bin'
[4.088s] INFO:colcon.colcon_core.shell:Creating package script '/root/aerostack2_ws/install/as2_alphanumeric_viewer/share/as2_alphanumeric_viewer/package.ps1'
[4.089s] INFO:colcon.colcon_core.shell:Creating package descriptor '/root/aerostack2_ws/install/as2_alphanumeric_viewer/share/as2_alphanumeric_viewer/package.dsv'
[4.089s] INFO:colcon.colcon_core.shell:Creating package script '/root/aerostack2_ws/install/as2_alphanumeric_viewer/share/as2_alphanumeric_viewer/package.sh'
[4.090s] INFO:colcon.colcon_core.shell:Creating package script '/root/aerostack2_ws/install/as2_alphanumeric_viewer/share/as2_alphanumeric_viewer/package.bash'
[4.091s] INFO:colcon.colcon_core.shell:Creating package script '/root/aerostack2_ws/install/as2_alphanumeric_viewer/share/as2_alphanumeric_viewer/package.zsh'
[4.093s] Level 1:colcon.colcon_core.environment:create_file_with_runtime_dependencies(/root/aerostack2_ws/install/as2_alphanumeric_viewer/share/colcon-core/packages/as2_alphanumeric_viewer)
[4.098s] INFO:colcon.colcon_ros.task.ament_cmake.build:Building ROS package in '/root/aerostack2_ws/src/aerostack2/as2_aerial_platforms/as2_platform_multirotor_simulator' with build type 'ament_cmake'
[4.098s] INFO:colcon.colcon_cmake.task.cmake.build:Building CMake package in '/root/aerostack2_ws/src/aerostack2/as2_aerial_platforms/as2_platform_multirotor_simulator'
[4.098s] INFO:colcon.colcon_core.shell:Skip shell extension 'powershell' for command environment: Not usable outside of PowerShell
[4.099s] DEBUG:colcon.colcon_core.shell:Skip shell extension 'dsv' for command environment
[4.132s] Level 1:colcon.colcon_core.environment:create_environment_scripts_only(as2_behavior)
[4.133s] Level 1:colcon.colcon_core.environment:checking '/root/aerostack2_ws/install/as2_behavior' for CMake module files
[4.133s] DEBUG:colcon.colcon_core.event_handler.log_command:Invoked command in '/root/aerostack2_ws/build/as2_behavior' returned '0': CMAKE_PREFIX_PATH=/root/aerostack2_ws/install/as2_core:/root/aerostack2_ws/install/as2_msgs:/root/aerostack2_ws/install/rmf_demos_gz_classic:/root/aerostack2_ws/install/rmf_demos_gz:/root/aerostack2_ws/install/rmf_demos:/root/aerostack2_ws/install/rmf_demos_maps:/root/aerostack2_ws/install/aerostack2:/root/aerostack2_ws/install/as2_usb_camera_interface:/root/aerostack2_ws/install/as2_state_estimator:/root/aerostack2_ws/install/as2_rviz_plugins:/root/aerostack2_ws/install/as2_realsense_interface:/root/aerostack2_ws/install/as2_platform_multirotor_simulator:/root/aerostack2_ws/install/as2_platform_gazebo:/root/aerostack2_ws/install/as2_motion_controller:/root/aerostack2_ws/install/as2_behaviors_trajectory_generation:/root/aerostack2_ws/install/as2_behaviors_swarm_flocking:/root/aerostack2_ws/install/as2_behaviors_motion:/root/aerostack2_ws/install/as2_motion_reference_handlers:/root/aerostack2_ws/install/as2_map_server:/root/aerostack2_ws/install/as2_geozones:/root/aerostack2_ws/install/as2_gazebo_assets:/root/aerostack2_ws/install/as2_external_object_to_tf:/root/aerostack2_ws/install/as2_behaviors_platform:/root/aerostack2_ws/install/as2_behaviors_perception:/root/aerostack2_ws/install/as2_behaviors_path_planning:/root/aerostack2_ws/install/as2_behavior_tree:/root/aerostack2_ws/install/as2_behavior:/root/aerostack2_ws/install/as2_alphanumeric_viewer:/root/aerostack2_ws/install/as2_cli:/root/aerostack2_ws/install/as2_project_bringup:/root/aerostack2_ws/install/rmf_demos_tasks:/root/aerostack2_ws/install/rmf_demos_panel:/root/aerostack2_ws/install/rmf_demos_fleet_adapter:/root/aerostack2_ws/install/rmf_demos_dashboard_resources:/root/aerostack2_ws/install/rmf_demos_bridges:/root/aerostack2_ws/install/rmf_demos_assets:/root/aerostack2_ws/install/as2_visualization:/root/aerostack2_ws/install/as2_keyboard_teleoperation:/root/aerostack2_ws/install/as2_python_api:/root/aerostack2_ws/install/as2_perception:/opt/ros/humble LD_LIBRARY_PATH=/root/aerostack2_ws/install/as2_core/lib:/root/aerostack2_ws/install/as2_msgs/lib:/root/aerostack2_ws/install/as2_state_estimator/lib:/root/aerostack2_ws/install/as2_python_api/lib:/root/aerostack2_ws/install/as2_motion_controller/lib:/root/aerostack2_ws/install/as2_behaviors_trajectory_generation/lib:/root/aerostack2_ws/install/as2_behaviors_swarm_flocking/lib:/root/aerostack2_ws/install/as2_behaviors_motion/lib:/root/aerostack2_ws/install/as2_motion_reference_handlers/lib:/root/aerostack2_ws/install/as2_map_server/lib:/root/aerostack2_ws/install/as2_gazebo_assets/lib:/root/aerostack2_ws/install/as2_behaviors_perception/lib:/root/aerostack2_ws/install/as2_behaviors_path_planning/lib:/root/aerostack2_ws/install/as2_behavior_tree/lib:/root/aerostack2_ws/install/as2_behavior/lib:/opt/ros/humble/opt/rviz_ogre_vendor/lib:/opt/ros/humble/lib/x86_64-linux-gnu:/opt/ros/humble/lib /usr/bin/cmake --install /root/aerostack2_ws/build/as2_behavior
[4.137s] Level 1:colcon.colcon_core.environment:checking '/root/aerostack2_ws/install/as2_behavior' for CMake config files
[4.145s] Level 1:colcon.colcon_core.shell:create_environment_hook('as2_behavior', 'cmake_prefix_path')
[4.145s] INFO:colcon.colcon_core.shell:Creating environment hook '/root/aerostack2_ws/install/as2_behavior/share/as2_behavior/hook/cmake_prefix_path.ps1'
[4.149s] INFO:colcon.colcon_core.shell:Creating environment descriptor '/root/aerostack2_ws/install/as2_behavior/share/as2_behavior/hook/cmake_prefix_path.dsv'
[4.150s] INFO:colcon.colcon_core.shell:Creating environment hook '/root/aerostack2_ws/install/as2_behavior/share/as2_behavior/hook/cmake_prefix_path.sh'
[4.151s] Level 1:colcon.colcon_core.environment:checking '/root/aerostack2_ws/install/as2_behavior/lib'
[4.151s] Level 1:colcon.colcon_core.shell:create_environment_hook('as2_behavior', 'ld_library_path_lib')
[4.152s] INFO:colcon.colcon_core.shell:Creating environment hook '/root/aerostack2_ws/install/as2_behavior/share/as2_behavior/hook/ld_library_path_lib.ps1'
[4.152s] INFO:colcon.colcon_core.shell:Creating environment descriptor '/root/aerostack2_ws/install/as2_behavior/share/as2_behavior/hook/ld_library_path_lib.dsv'
[4.153s] INFO:colcon.colcon_core.shell:Creating environment hook '/root/aerostack2_ws/install/as2_behavior/share/as2_behavior/hook/ld_library_path_lib.sh'
[4.153s] Level 1:colcon.colcon_core.environment:checking '/root/aerostack2_ws/install/as2_behavior/bin'
[4.153s] Level 1:colcon.colcon_core.environment:checking '/root/aerostack2_ws/install/as2_behavior/lib/pkgconfig/as2_behavior.pc'
[4.154s] Level 1:colcon.colcon_core.environment:checking '/root/aerostack2_ws/install/as2_behavior/lib/python3.10/site-packages'
[4.154s] Level 1:colcon.colcon_core.environment:checking '/root/aerostack2_ws/install/as2_behavior/bin'
[4.155s] INFO:colcon.colcon_core.shell:Creating package script '/root/aerostack2_ws/install/as2_behavior/share/as2_behavior/package.ps1'
[4.156s] INFO:colcon.colcon_core.shell:Creating package descriptor '/root/aerostack2_ws/install/as2_behavior/share/as2_behavior/package.dsv'
[4.156s] INFO:colcon.colcon_core.shell:Creating package script '/root/aerostack2_ws/install/as2_behavior/share/as2_behavior/package.sh'
[4.157s] INFO:colcon.colcon_core.shell:Creating package script '/root/aerostack2_ws/install/as2_behavior/share/as2_behavior/package.bash'
[4.158s] INFO:colcon.colcon_core.shell:Creating package script '/root/aerostack2_ws/install/as2_behavior/share/as2_behavior/package.zsh'
[4.158s] Level 1:colcon.colcon_core.environment:create_file_with_runtime_dependencies(/root/aerostack2_ws/install/as2_behavior/share/colcon-core/packages/as2_behavior)
[4.159s] Level 1:colcon.colcon_core.environment:create_environment_scripts_only(as2_behavior)
[4.160s] Level 1:colcon.colcon_core.environment:checking '/root/aerostack2_ws/install/as2_behavior' for CMake module files
[4.161s] Level 1:colcon.colcon_core.environment:checking '/root/aerostack2_ws/install/as2_behavior' for CMake config files
[4.161s] Level 1:colcon.colcon_core.shell:create_environment_hook('as2_behavior', 'cmake_prefix_path')
[4.162s] INFO:colcon.colcon_core.shell:Creating environment hook '/root/aerostack2_ws/install/as2_behavior/share/as2_behavior/hook/cmake_prefix_path.ps1'
[4.163s] INFO:colcon.colcon_core.shell:Creating environment descriptor '/root/aerostack2_ws/install/as2_behavior/share/as2_behavior/hook/cmake_prefix_path.dsv'
[4.163s] INFO:colcon.colcon_core.shell:Creating environment hook '/root/aerostack2_ws/install/as2_behavior/share/as2_behavior/hook/cmake_prefix_path.sh'
[4.164s] Level 1:colcon.colcon_core.environment:checking '/root/aerostack2_ws/install/as2_behavior/lib'
[4.164s] Level 1:colcon.colcon_core.shell:create_environment_hook('as2_behavior', 'ld_library_path_lib')
[4.165s] INFO:colcon.colcon_core.shell:Creating environment hook '/root/aerostack2_ws/install/as2_behavior/share/as2_behavior/hook/ld_library_path_lib.ps1'
[4.166s] INFO:colcon.colcon_core.shell:Creating environment descriptor '/root/aerostack2_ws/install/as2_behavior/share/as2_behavior/hook/ld_library_path_lib.dsv'
[4.166s] INFO:colcon.colcon_core.shell:Creating environment hook '/root/aerostack2_ws/install/as2_behavior/share/as2_behavior/hook/ld_library_path_lib.sh'
[4.167s] Level 1:colcon.colcon_core.environment:checking '/root/aerostack2_ws/install/as2_behavior/bin'
[4.167s] Level 1:colcon.colcon_core.environment:checking '/root/aerostack2_ws/install/as2_behavior/lib/pkgconfig/as2_behavior.pc'
[4.167s] Level 1:colcon.colcon_core.environment:checking '/root/aerostack2_ws/install/as2_behavior/lib/python3.10/site-packages'
[4.168s] Level 1:colcon.colcon_core.environment:checking '/root/aerostack2_ws/install/as2_behavior/bin'
[4.168s] INFO:colcon.colcon_core.shell:Creating package script '/root/aerostack2_ws/install/as2_behavior/share/as2_behavior/package.ps1'
[4.169s] INFO:colcon.colcon_core.shell:Creating package descriptor '/root/aerostack2_ws/install/as2_behavior/share/as2_behavior/package.dsv'
[4.170s] INFO:colcon.colcon_core.shell:Creating package script '/root/aerostack2_ws/install/as2_behavior/share/as2_behavior/package.sh'
[4.170s] INFO:colcon.colcon_core.shell:Creating package script '/root/aerostack2_ws/install/as2_behavior/share/as2_behavior/package.bash'
[4.171s] INFO:colcon.colcon_core.shell:Creating package script '/root/aerostack2_ws/install/as2_behavior/share/as2_behavior/package.zsh'
[4.172s] Level 1:colcon.colcon_core.environment:create_file_with_runtime_dependencies(/root/aerostack2_ws/install/as2_behavior/share/colcon-core/packages/as2_behavior)
[4.174s] INFO:colcon.colcon_ros.task.ament_cmake.build:Building ROS package in '/root/aerostack2_ws/src/aerostack2/as2_hardware_drivers/as2_realsense_interface' with build type 'ament_cmake'
[4.175s] INFO:colcon.colcon_cmake.task.cmake.build:Building CMake package in '/root/aerostack2_ws/src/aerostack2/as2_hardware_drivers/as2_realsense_interface'
[4.176s] INFO:colcon.colcon_core.shell:Skip shell extension 'powershell' for command environment: Not usable outside of PowerShell
[4.176s] DEBUG:colcon.colcon_core.shell:Skip shell extension 'dsv' for command environment
[4.189s] Level 1:colcon.colcon_core.environment:create_environment_scripts_only(as2_external_object_to_tf)
[4.190s] Level 1:colcon.colcon_core.environment:checking '/root/aerostack2_ws/install/as2_external_object_to_tf' for CMake module files
[4.191s] DEBUG:colcon.colcon_core.event_handler.log_command:Invoked command in '/root/aerostack2_ws/build/as2_external_object_to_tf' returned '0': CMAKE_PREFIX_PATH=/root/aerostack2_ws/install/as2_core:/root/aerostack2_ws/install/as2_msgs:/root/aerostack2_ws/install/rmf_demos_gz_classic:/root/aerostack2_ws/install/rmf_demos_gz:/root/aerostack2_ws/install/rmf_demos:/root/aerostack2_ws/install/rmf_demos_maps:/root/aerostack2_ws/install/aerostack2:/root/aerostack2_ws/install/as2_usb_camera_interface:/root/aerostack2_ws/install/as2_state_estimator:/root/aerostack2_ws/install/as2_rviz_plugins:/root/aerostack2_ws/install/as2_realsense_interface:/root/aerostack2_ws/install/as2_platform_multirotor_simulator:/root/aerostack2_ws/install/as2_platform_gazebo:/root/aerostack2_ws/install/as2_motion_controller:/root/aerostack2_ws/install/as2_behaviors_trajectory_generation:/root/aerostack2_ws/install/as2_behaviors_swarm_flocking:/root/aerostack2_ws/install/as2_behaviors_motion:/root/aerostack2_ws/install/as2_motion_reference_handlers:/root/aerostack2_ws/install/as2_map_server:/root/aerostack2_ws/install/as2_geozones:/root/aerostack2_ws/install/as2_gazebo_assets:/root/aerostack2_ws/install/as2_external_object_to_tf:/root/aerostack2_ws/install/as2_behaviors_platform:/root/aerostack2_ws/install/as2_behaviors_perception:/root/aerostack2_ws/install/as2_behaviors_path_planning:/root/aerostack2_ws/install/as2_behavior_tree:/root/aerostack2_ws/install/as2_behavior:/root/aerostack2_ws/install/as2_alphanumeric_viewer:/root/aerostack2_ws/install/as2_cli:/root/aerostack2_ws/install/as2_project_bringup:/root/aerostack2_ws/install/rmf_demos_tasks:/root/aerostack2_ws/install/rmf_demos_panel:/root/aerostack2_ws/install/rmf_demos_fleet_adapter:/root/aerostack2_ws/install/rmf_demos_dashboard_resources:/root/aerostack2_ws/install/rmf_demos_bridges:/root/aerostack2_ws/install/rmf_demos_assets:/root/aerostack2_ws/install/as2_visualization:/root/aerostack2_ws/install/as2_keyboard_teleoperation:/root/aerostack2_ws/install/as2_python_api:/root/aerostack2_ws/install/as2_perception:/opt/ros/humble LD_LIBRARY_PATH=/root/aerostack2_ws/install/as2_core/lib:/root/aerostack2_ws/install/as2_msgs/lib:/root/aerostack2_ws/install/as2_state_estimator/lib:/root/aerostack2_ws/install/as2_python_api/lib:/root/aerostack2_ws/install/as2_motion_controller/lib:/root/aerostack2_ws/install/as2_behaviors_trajectory_generation/lib:/root/aerostack2_ws/install/as2_behaviors_swarm_flocking/lib:/root/aerostack2_ws/install/as2_behaviors_motion/lib:/root/aerostack2_ws/install/as2_motion_reference_handlers/lib:/root/aerostack2_ws/install/as2_map_server/lib:/root/aerostack2_ws/install/as2_gazebo_assets/lib:/root/aerostack2_ws/install/as2_behaviors_perception/lib:/root/aerostack2_ws/install/as2_behaviors_path_planning/lib:/root/aerostack2_ws/install/as2_behavior_tree/lib:/root/aerostack2_ws/install/as2_behavior/lib:/opt/ros/humble/opt/rviz_ogre_vendor/lib:/opt/ros/humble/lib/x86_64-linux-gnu:/opt/ros/humble/lib /usr/bin/cmake --install /root/aerostack2_ws/build/as2_external_object_to_tf
[4.192s] Level 1:colcon.colcon_core.environment:checking '/root/aerostack2_ws/install/as2_external_object_to_tf' for CMake config files
[4.195s] Level 1:colcon.colcon_core.shell:create_environment_hook('as2_external_object_to_tf', 'cmake_prefix_path')
[4.195s] INFO:colcon.colcon_core.shell:Creating environment hook '/root/aerostack2_ws/install/as2_external_object_to_tf/share/as2_external_object_to_tf/hook/cmake_prefix_path.ps1'
[4.196s] INFO:colcon.colcon_core.shell:Creating environment descriptor '/root/aerostack2_ws/install/as2_external_object_to_tf/share/as2_external_object_to_tf/hook/cmake_prefix_path.dsv'
[4.196s] INFO:colcon.colcon_core.shell:Creating environment hook '/root/aerostack2_ws/install/as2_external_object_to_tf/share/as2_external_object_to_tf/hook/cmake_prefix_path.sh'
[4.197s] Level 1:colcon.colcon_core.environment:checking '/root/aerostack2_ws/install/as2_external_object_to_tf/lib'
[4.198s] Level 1:colcon.colcon_core.environment:checking '/root/aerostack2_ws/install/as2_external_object_to_tf/bin'
[4.198s] Level 1:colcon.colcon_core.environment:checking '/root/aerostack2_ws/install/as2_external_object_to_tf/lib/pkgconfig/as2_external_object_to_tf.pc'
[4.199s] Level 1:colcon.colcon_core.environment:checking '/root/aerostack2_ws/install/as2_external_object_to_tf/lib/python3.10/site-packages'
[4.199s] Level 1:colcon.colcon_core.environment:checking '/root/aerostack2_ws/install/as2_external_object_to_tf/bin'
[4.199s] INFO:colcon.colcon_core.shell:Creating package script '/root/aerostack2_ws/install/as2_external_object_to_tf/share/as2_external_object_to_tf/package.ps1'
[4.200s] INFO:colcon.colcon_core.shell:Creating package descriptor '/root/aerostack2_ws/install/as2_external_object_to_tf/share/as2_external_object_to_tf/package.dsv'
[4.201s] INFO:colcon.colcon_core.shell:Creating package script '/root/aerostack2_ws/install/as2_external_object_to_tf/share/as2_external_object_to_tf/package.sh'
[4.207s] INFO:colcon.colcon_core.shell:Creating package script '/root/aerostack2_ws/install/as2_external_object_to_tf/share/as2_external_object_to_tf/package.bash'
[4.209s] INFO:colcon.colcon_core.shell:Creating package script '/root/aerostack2_ws/install/as2_external_object_to_tf/share/as2_external_object_to_tf/package.zsh'
[4.210s] Level 1:colcon.colcon_core.environment:create_file_with_runtime_dependencies(/root/aerostack2_ws/install/as2_external_object_to_tf/share/colcon-core/packages/as2_external_object_to_tf)
[4.211s] Level 1:colcon.colcon_core.environment:create_environment_scripts_only(as2_external_object_to_tf)
[4.211s] Level 1:colcon.colcon_core.environment:checking '/root/aerostack2_ws/install/as2_external_object_to_tf' for CMake module files
[4.212s] Level 1:colcon.colcon_core.environment:checking '/root/aerostack2_ws/install/as2_external_object_to_tf' for CMake config files
[4.212s] Level 1:colcon.colcon_core.shell:create_environment_hook('as2_external_object_to_tf', 'cmake_prefix_path')
[4.212s] INFO:colcon.colcon_core.shell:Creating environment hook '/root/aerostack2_ws/install/as2_external_object_to_tf/share/as2_external_object_to_tf/hook/cmake_prefix_path.ps1'
[4.213s] INFO:colcon.colcon_core.shell:Creating environment descriptor '/root/aerostack2_ws/install/as2_external_object_to_tf/share/as2_external_object_to_tf/hook/cmake_prefix_path.dsv'
[4.213s] INFO:colcon.colcon_core.shell:Creating environment hook '/root/aerostack2_ws/install/as2_external_object_to_tf/share/as2_external_object_to_tf/hook/cmake_prefix_path.sh'
[4.214s] Level 1:colcon.colcon_core.environment:checking '/root/aerostack2_ws/install/as2_external_object_to_tf/lib'
[4.214s] Level 1:colcon.colcon_core.environment:checking '/root/aerostack2_ws/install/as2_external_object_to_tf/bin'
[4.214s] Level 1:colcon.colcon_core.environment:checking '/root/aerostack2_ws/install/as2_external_object_to_tf/lib/pkgconfig/as2_external_object_to_tf.pc'
[4.214s] Level 1:colcon.colcon_core.environment:checking '/root/aerostack2_ws/install/as2_external_object_to_tf/lib/python3.10/site-packages'
[4.215s] Level 1:colcon.colcon_core.environment:checking '/root/aerostack2_ws/install/as2_external_object_to_tf/bin'
[4.215s] INFO:colcon.colcon_core.shell:Creating package script '/root/aerostack2_ws/install/as2_external_object_to_tf/share/as2_external_object_to_tf/package.ps1'
[4.216s] INFO:colcon.colcon_core.shell:Creating package descriptor '/root/aerostack2_ws/install/as2_external_object_to_tf/share/as2_external_object_to_tf/package.dsv'
[4.217s] INFO:colcon.colcon_core.shell:Creating package script '/root/aerostack2_ws/install/as2_external_object_to_tf/share/as2_external_object_to_tf/package.sh'
[4.219s] INFO:colcon.colcon_core.shell:Creating package script '/root/aerostack2_ws/install/as2_external_object_to_tf/share/as2_external_object_to_tf/package.bash'
[4.220s] INFO:colcon.colcon_core.shell:Creating package script '/root/aerostack2_ws/install/as2_external_object_to_tf/share/as2_external_object_to_tf/package.zsh'
[4.220s] Level 1:colcon.colcon_core.environment:create_file_with_runtime_dependencies(/root/aerostack2_ws/install/as2_external_object_to_tf/share/colcon-core/packages/as2_external_object_to_tf)
[4.222s] DEBUG:colcon.colcon_core.event_handler.log_command:Invoked command in '/root/aerostack2_ws/build/as2_geozones' returned '0': CMAKE_PREFIX_PATH=/root/aerostack2_ws/install/as2_core:/root/aerostack2_ws/install/as2_msgs:/root/aerostack2_ws/install/rmf_demos_gz_classic:/root/aerostack2_ws/install/rmf_demos_gz:/root/aerostack2_ws/install/rmf_demos:/root/aerostack2_ws/install/rmf_demos_maps:/root/aerostack2_ws/install/aerostack2:/root/aerostack2_ws/install/as2_usb_camera_interface:/root/aerostack2_ws/install/as2_state_estimator:/root/aerostack2_ws/install/as2_rviz_plugins:/root/aerostack2_ws/install/as2_realsense_interface:/root/aerostack2_ws/install/as2_platform_multirotor_simulator:/root/aerostack2_ws/install/as2_platform_gazebo:/root/aerostack2_ws/install/as2_motion_controller:/root/aerostack2_ws/install/as2_behaviors_trajectory_generation:/root/aerostack2_ws/install/as2_behaviors_swarm_flocking:/root/aerostack2_ws/install/as2_behaviors_motion:/root/aerostack2_ws/install/as2_motion_reference_handlers:/root/aerostack2_ws/install/as2_map_server:/root/aerostack2_ws/install/as2_geozones:/root/aerostack2_ws/install/as2_gazebo_assets:/root/aerostack2_ws/install/as2_external_object_to_tf:/root/aerostack2_ws/install/as2_behaviors_platform:/root/aerostack2_ws/install/as2_behaviors_perception:/root/aerostack2_ws/install/as2_behaviors_path_planning:/root/aerostack2_ws/install/as2_behavior_tree:/root/aerostack2_ws/install/as2_behavior:/root/aerostack2_ws/install/as2_alphanumeric_viewer:/root/aerostack2_ws/install/as2_cli:/root/aerostack2_ws/install/as2_project_bringup:/root/aerostack2_ws/install/rmf_demos_tasks:/root/aerostack2_ws/install/rmf_demos_panel:/root/aerostack2_ws/install/rmf_demos_fleet_adapter:/root/aerostack2_ws/install/rmf_demos_dashboard_resources:/root/aerostack2_ws/install/rmf_demos_bridges:/root/aerostack2_ws/install/rmf_demos_assets:/root/aerostack2_ws/install/as2_visualization:/root/aerostack2_ws/install/as2_keyboard_teleoperation:/root/aerostack2_ws/install/as2_python_api:/root/aerostack2_ws/install/as2_perception:/opt/ros/humble LD_LIBRARY_PATH=/root/aerostack2_ws/install/as2_core/lib:/root/aerostack2_ws/install/as2_msgs/lib:/root/aerostack2_ws/install/as2_state_estimator/lib:/root/aerostack2_ws/install/as2_python_api/lib:/root/aerostack2_ws/install/as2_motion_controller/lib:/root/aerostack2_ws/install/as2_behaviors_trajectory_generation/lib:/root/aerostack2_ws/install/as2_behaviors_swarm_flocking/lib:/root/aerostack2_ws/install/as2_behaviors_motion/lib:/root/aerostack2_ws/install/as2_motion_reference_handlers/lib:/root/aerostack2_ws/install/as2_map_server/lib:/root/aerostack2_ws/install/as2_gazebo_assets/lib:/root/aerostack2_ws/install/as2_behaviors_perception/lib:/root/aerostack2_ws/install/as2_behaviors_path_planning/lib:/root/aerostack2_ws/install/as2_behavior_tree/lib:/root/aerostack2_ws/install/as2_behavior/lib:/opt/ros/humble/opt/rviz_ogre_vendor/lib:/opt/ros/humble/lib/x86_64-linux-gnu:/opt/ros/humble/lib /usr/bin/cmake --build /root/aerostack2_ws/build/as2_geozones -- -j8 -l8
[4.224s] DEBUG:colcon.colcon_core.event_handler.log_command:Invoking command in '/root/aerostack2_ws/build/as2_geozones': CMAKE_PREFIX_PATH=/root/aerostack2_ws/install/as2_core:/root/aerostack2_ws/install/as2_msgs:/root/aerostack2_ws/install/rmf_demos_gz_classic:/root/aerostack2_ws/install/rmf_demos_gz:/root/aerostack2_ws/install/rmf_demos:/root/aerostack2_ws/install/rmf_demos_maps:/root/aerostack2_ws/install/aerostack2:/root/aerostack2_ws/install/as2_usb_camera_interface:/root/aerostack2_ws/install/as2_state_estimator:/root/aerostack2_ws/install/as2_rviz_plugins:/root/aerostack2_ws/install/as2_realsense_interface:/root/aerostack2_ws/install/as2_platform_multirotor_simulator:/root/aerostack2_ws/install/as2_platform_gazebo:/root/aerostack2_ws/install/as2_motion_controller:/root/aerostack2_ws/install/as2_behaviors_trajectory_generation:/root/aerostack2_ws/install/as2_behaviors_swarm_flocking:/root/aerostack2_ws/install/as2_behaviors_motion:/root/aerostack2_ws/install/as2_motion_reference_handlers:/root/aerostack2_ws/install/as2_map_server:/root/aerostack2_ws/install/as2_geozones:/root/aerostack2_ws/install/as2_gazebo_assets:/root/aerostack2_ws/install/as2_external_object_to_tf:/root/aerostack2_ws/install/as2_behaviors_platform:/root/aerostack2_ws/install/as2_behaviors_perception:/root/aerostack2_ws/install/as2_behaviors_path_planning:/root/aerostack2_ws/install/as2_behavior_tree:/root/aerostack2_ws/install/as2_behavior:/root/aerostack2_ws/install/as2_alphanumeric_viewer:/root/aerostack2_ws/install/as2_cli:/root/aerostack2_ws/install/as2_project_bringup:/root/aerostack2_ws/install/rmf_demos_tasks:/root/aerostack2_ws/install/rmf_demos_panel:/root/aerostack2_ws/install/rmf_demos_fleet_adapter:/root/aerostack2_ws/install/rmf_demos_dashboard_resources:/root/aerostack2_ws/install/rmf_demos_bridges:/root/aerostack2_ws/install/rmf_demos_assets:/root/aerostack2_ws/install/as2_visualization:/root/aerostack2_ws/install/as2_keyboard_teleoperation:/root/aerostack2_ws/install/as2_python_api:/root/aerostack2_ws/install/as2_perception:/opt/ros/humble LD_LIBRARY_PATH=/root/aerostack2_ws/install/as2_core/lib:/root/aerostack2_ws/install/as2_msgs/lib:/root/aerostack2_ws/install/as2_state_estimator/lib:/root/aerostack2_ws/install/as2_python_api/lib:/root/aerostack2_ws/install/as2_motion_controller/lib:/root/aerostack2_ws/install/as2_behaviors_trajectory_generation/lib:/root/aerostack2_ws/install/as2_behaviors_swarm_flocking/lib:/root/aerostack2_ws/install/as2_behaviors_motion/lib:/root/aerostack2_ws/install/as2_motion_reference_handlers/lib:/root/aerostack2_ws/install/as2_map_server/lib:/root/aerostack2_ws/install/as2_gazebo_assets/lib:/root/aerostack2_ws/install/as2_behaviors_perception/lib:/root/aerostack2_ws/install/as2_behaviors_path_planning/lib:/root/aerostack2_ws/install/as2_behavior_tree/lib:/root/aerostack2_ws/install/as2_behavior/lib:/opt/ros/humble/opt/rviz_ogre_vendor/lib:/opt/ros/humble/lib/x86_64-linux-gnu:/opt/ros/humble/lib /usr/bin/cmake --install /root/aerostack2_ws/build/as2_geozones
[4.226s] INFO:colcon.colcon_ros.task.ament_cmake.build:Building ROS package in '/root/aerostack2_ws/src/aerostack2/as2_state_estimator' with build type 'ament_cmake'
[4.227s] INFO:colcon.colcon_cmake.task.cmake.build:Building CMake package in '/root/aerostack2_ws/src/aerostack2/as2_state_estimator'
[4.227s] INFO:colcon.colcon_core.shell:Skip shell extension 'powershell' for command environment: Not usable outside of PowerShell
[4.227s] DEBUG:colcon.colcon_core.shell:Skip shell extension 'dsv' for command environment
[4.252s] DEBUG:colcon.colcon_core.event_handler.log_command:Invoking command in '/root/aerostack2_ws/build/as2_platform_multirotor_simulator': CMAKE_PREFIX_PATH=/root/aerostack2_ws/install/as2_core:/root/aerostack2_ws/install/as2_msgs:/root/aerostack2_ws/install/rmf_demos_gz_classic:/root/aerostack2_ws/install/rmf_demos_gz:/root/aerostack2_ws/install/rmf_demos:/root/aerostack2_ws/install/rmf_demos_maps:/root/aerostack2_ws/install/aerostack2:/root/aerostack2_ws/install/as2_usb_camera_interface:/root/aerostack2_ws/install/as2_state_estimator:/root/aerostack2_ws/install/as2_rviz_plugins:/root/aerostack2_ws/install/as2_realsense_interface:/root/aerostack2_ws/install/as2_platform_multirotor_simulator:/root/aerostack2_ws/install/as2_platform_gazebo:/root/aerostack2_ws/install/as2_motion_controller:/root/aerostack2_ws/install/as2_behaviors_trajectory_generation:/root/aerostack2_ws/install/as2_behaviors_swarm_flocking:/root/aerostack2_ws/install/as2_behaviors_motion:/root/aerostack2_ws/install/as2_motion_reference_handlers:/root/aerostack2_ws/install/as2_map_server:/root/aerostack2_ws/install/as2_geozones:/root/aerostack2_ws/install/as2_gazebo_assets:/root/aerostack2_ws/install/as2_external_object_to_tf:/root/aerostack2_ws/install/as2_behaviors_platform:/root/aerostack2_ws/install/as2_behaviors_perception:/root/aerostack2_ws/install/as2_behaviors_path_planning:/root/aerostack2_ws/install/as2_behavior_tree:/root/aerostack2_ws/install/as2_behavior:/root/aerostack2_ws/install/as2_alphanumeric_viewer:/root/aerostack2_ws/install/as2_cli:/root/aerostack2_ws/install/as2_project_bringup:/root/aerostack2_ws/install/rmf_demos_tasks:/root/aerostack2_ws/install/rmf_demos_panel:/root/aerostack2_ws/install/rmf_demos_fleet_adapter:/root/aerostack2_ws/install/rmf_demos_dashboard_resources:/root/aerostack2_ws/install/rmf_demos_bridges:/root/aerostack2_ws/install/rmf_demos_assets:/root/aerostack2_ws/install/as2_visualization:/root/aerostack2_ws/install/as2_keyboard_teleoperation:/root/aerostack2_ws/install/as2_python_api:/root/aerostack2_ws/install/as2_perception:/opt/ros/humble LD_LIBRARY_PATH=/root/aerostack2_ws/install/as2_core/lib:/root/aerostack2_ws/install/as2_msgs/lib:/root/aerostack2_ws/install/as2_state_estimator/lib:/root/aerostack2_ws/install/as2_python_api/lib:/root/aerostack2_ws/install/as2_motion_controller/lib:/root/aerostack2_ws/install/as2_behaviors_trajectory_generation/lib:/root/aerostack2_ws/install/as2_behaviors_swarm_flocking/lib:/root/aerostack2_ws/install/as2_behaviors_motion/lib:/root/aerostack2_ws/install/as2_motion_reference_handlers/lib:/root/aerostack2_ws/install/as2_map_server/lib:/root/aerostack2_ws/install/as2_gazebo_assets/lib:/root/aerostack2_ws/install/as2_behaviors_perception/lib:/root/aerostack2_ws/install/as2_behaviors_path_planning/lib:/root/aerostack2_ws/install/as2_behavior_tree/lib:/root/aerostack2_ws/install/as2_behavior/lib:/opt/ros/humble/opt/rviz_ogre_vendor/lib:/opt/ros/humble/lib/x86_64-linux-gnu:/opt/ros/humble/lib /usr/bin/cmake --build /root/aerostack2_ws/build/as2_platform_multirotor_simulator -- -j8 -l8
[4.255s] DEBUG:colcon.colcon_core.event_handler.log_command:Invoked command in '/root/aerostack2_ws/build/as2_map_server' returned '0': CMAKE_PREFIX_PATH=/root/aerostack2_ws/install/as2_core:/root/aerostack2_ws/install/as2_msgs:/root/aerostack2_ws/install/rmf_demos_gz_classic:/root/aerostack2_ws/install/rmf_demos_gz:/root/aerostack2_ws/install/rmf_demos:/root/aerostack2_ws/install/rmf_demos_maps:/root/aerostack2_ws/install/aerostack2:/root/aerostack2_ws/install/as2_usb_camera_interface:/root/aerostack2_ws/install/as2_state_estimator:/root/aerostack2_ws/install/as2_rviz_plugins:/root/aerostack2_ws/install/as2_realsense_interface:/root/aerostack2_ws/install/as2_platform_multirotor_simulator:/root/aerostack2_ws/install/as2_platform_gazebo:/root/aerostack2_ws/install/as2_motion_controller:/root/aerostack2_ws/install/as2_behaviors_trajectory_generation:/root/aerostack2_ws/install/as2_behaviors_swarm_flocking:/root/aerostack2_ws/install/as2_behaviors_motion:/root/aerostack2_ws/install/as2_motion_reference_handlers:/root/aerostack2_ws/install/as2_map_server:/root/aerostack2_ws/install/as2_geozones:/root/aerostack2_ws/install/as2_gazebo_assets:/root/aerostack2_ws/install/as2_external_object_to_tf:/root/aerostack2_ws/install/as2_behaviors_platform:/root/aerostack2_ws/install/as2_behaviors_perception:/root/aerostack2_ws/install/as2_behaviors_path_planning:/root/aerostack2_ws/install/as2_behavior_tree:/root/aerostack2_ws/install/as2_behavior:/root/aerostack2_ws/install/as2_alphanumeric_viewer:/root/aerostack2_ws/install/as2_cli:/root/aerostack2_ws/install/as2_project_bringup:/root/aerostack2_ws/install/rmf_demos_tasks:/root/aerostack2_ws/install/rmf_demos_panel:/root/aerostack2_ws/install/rmf_demos_fleet_adapter:/root/aerostack2_ws/install/rmf_demos_dashboard_resources:/root/aerostack2_ws/install/rmf_demos_bridges:/root/aerostack2_ws/install/rmf_demos_assets:/root/aerostack2_ws/install/as2_visualization:/root/aerostack2_ws/install/as2_keyboard_teleoperation:/root/aerostack2_ws/install/as2_python_api:/root/aerostack2_ws/install/as2_perception:/opt/ros/humble LD_LIBRARY_PATH=/root/aerostack2_ws/install/as2_core/lib:/root/aerostack2_ws/install/as2_msgs/lib:/root/aerostack2_ws/install/as2_state_estimator/lib:/root/aerostack2_ws/install/as2_python_api/lib:/root/aerostack2_ws/install/as2_motion_controller/lib:/root/aerostack2_ws/install/as2_behaviors_trajectory_generation/lib:/root/aerostack2_ws/install/as2_behaviors_swarm_flocking/lib:/root/aerostack2_ws/install/as2_behaviors_motion/lib:/root/aerostack2_ws/install/as2_motion_reference_handlers/lib:/root/aerostack2_ws/install/as2_map_server/lib:/root/aerostack2_ws/install/as2_gazebo_assets/lib:/root/aerostack2_ws/install/as2_behaviors_perception/lib:/root/aerostack2_ws/install/as2_behaviors_path_planning/lib:/root/aerostack2_ws/install/as2_behavior_tree/lib:/root/aerostack2_ws/install/as2_behavior/lib:/opt/ros/humble/opt/rviz_ogre_vendor/lib:/opt/ros/humble/lib/x86_64-linux-gnu:/opt/ros/humble/lib /usr/bin/cmake --build /root/aerostack2_ws/build/as2_map_server -- -j8 -l8
[4.260s] DEBUG:colcon.colcon_core.event_handler.log_command:Invoking command in '/root/aerostack2_ws/build/as2_map_server': CMAKE_PREFIX_PATH=/root/aerostack2_ws/install/as2_core:/root/aerostack2_ws/install/as2_msgs:/root/aerostack2_ws/install/rmf_demos_gz_classic:/root/aerostack2_ws/install/rmf_demos_gz:/root/aerostack2_ws/install/rmf_demos:/root/aerostack2_ws/install/rmf_demos_maps:/root/aerostack2_ws/install/aerostack2:/root/aerostack2_ws/install/as2_usb_camera_interface:/root/aerostack2_ws/install/as2_state_estimator:/root/aerostack2_ws/install/as2_rviz_plugins:/root/aerostack2_ws/install/as2_realsense_interface:/root/aerostack2_ws/install/as2_platform_multirotor_simulator:/root/aerostack2_ws/install/as2_platform_gazebo:/root/aerostack2_ws/install/as2_motion_controller:/root/aerostack2_ws/install/as2_behaviors_trajectory_generation:/root/aerostack2_ws/install/as2_behaviors_swarm_flocking:/root/aerostack2_ws/install/as2_behaviors_motion:/root/aerostack2_ws/install/as2_motion_reference_handlers:/root/aerostack2_ws/install/as2_map_server:/root/aerostack2_ws/install/as2_geozones:/root/aerostack2_ws/install/as2_gazebo_assets:/root/aerostack2_ws/install/as2_external_object_to_tf:/root/aerostack2_ws/install/as2_behaviors_platform:/root/aerostack2_ws/install/as2_behaviors_perception:/root/aerostack2_ws/install/as2_behaviors_path_planning:/root/aerostack2_ws/install/as2_behavior_tree:/root/aerostack2_ws/install/as2_behavior:/root/aerostack2_ws/install/as2_alphanumeric_viewer:/root/aerostack2_ws/install/as2_cli:/root/aerostack2_ws/install/as2_project_bringup:/root/aerostack2_ws/install/rmf_demos_tasks:/root/aerostack2_ws/install/rmf_demos_panel:/root/aerostack2_ws/install/rmf_demos_fleet_adapter:/root/aerostack2_ws/install/rmf_demos_dashboard_resources:/root/aerostack2_ws/install/rmf_demos_bridges:/root/aerostack2_ws/install/rmf_demos_assets:/root/aerostack2_ws/install/as2_visualization:/root/aerostack2_ws/install/as2_keyboard_teleoperation:/root/aerostack2_ws/install/as2_python_api:/root/aerostack2_ws/install/as2_perception:/opt/ros/humble LD_LIBRARY_PATH=/root/aerostack2_ws/install/as2_core/lib:/root/aerostack2_ws/install/as2_msgs/lib:/root/aerostack2_ws/install/as2_state_estimator/lib:/root/aerostack2_ws/install/as2_python_api/lib:/root/aerostack2_ws/install/as2_motion_controller/lib:/root/aerostack2_ws/install/as2_behaviors_trajectory_generation/lib:/root/aerostack2_ws/install/as2_behaviors_swarm_flocking/lib:/root/aerostack2_ws/install/as2_behaviors_motion/lib:/root/aerostack2_ws/install/as2_motion_reference_handlers/lib:/root/aerostack2_ws/install/as2_map_server/lib:/root/aerostack2_ws/install/as2_gazebo_assets/lib:/root/aerostack2_ws/install/as2_behaviors_perception/lib:/root/aerostack2_ws/install/as2_behaviors_path_planning/lib:/root/aerostack2_ws/install/as2_behavior_tree/lib:/root/aerostack2_ws/install/as2_behavior/lib:/opt/ros/humble/opt/rviz_ogre_vendor/lib:/opt/ros/humble/lib/x86_64-linux-gnu:/opt/ros/humble/lib /usr/bin/cmake --install /root/aerostack2_ws/build/as2_map_server
[4.264s] DEBUG:colcon.colcon_core.event_handler.log_command:Invoking command in '/root/aerostack2_ws/build/as2_realsense_interface': CMAKE_PREFIX_PATH=/root/aerostack2_ws/install/as2_core:/root/aerostack2_ws/install/as2_msgs:/root/aerostack2_ws/install/rmf_demos_gz_classic:/root/aerostack2_ws/install/rmf_demos_gz:/root/aerostack2_ws/install/rmf_demos:/root/aerostack2_ws/install/rmf_demos_maps:/root/aerostack2_ws/install/aerostack2:/root/aerostack2_ws/install/as2_usb_camera_interface:/root/aerostack2_ws/install/as2_state_estimator:/root/aerostack2_ws/install/as2_rviz_plugins:/root/aerostack2_ws/install/as2_realsense_interface:/root/aerostack2_ws/install/as2_platform_multirotor_simulator:/root/aerostack2_ws/install/as2_platform_gazebo:/root/aerostack2_ws/install/as2_motion_controller:/root/aerostack2_ws/install/as2_behaviors_trajectory_generation:/root/aerostack2_ws/install/as2_behaviors_swarm_flocking:/root/aerostack2_ws/install/as2_behaviors_motion:/root/aerostack2_ws/install/as2_motion_reference_handlers:/root/aerostack2_ws/install/as2_map_server:/root/aerostack2_ws/install/as2_geozones:/root/aerostack2_ws/install/as2_gazebo_assets:/root/aerostack2_ws/install/as2_external_object_to_tf:/root/aerostack2_ws/install/as2_behaviors_platform:/root/aerostack2_ws/install/as2_behaviors_perception:/root/aerostack2_ws/install/as2_behaviors_path_planning:/root/aerostack2_ws/install/as2_behavior_tree:/root/aerostack2_ws/install/as2_behavior:/root/aerostack2_ws/install/as2_alphanumeric_viewer:/root/aerostack2_ws/install/as2_cli:/root/aerostack2_ws/install/as2_project_bringup:/root/aerostack2_ws/install/rmf_demos_tasks:/root/aerostack2_ws/install/rmf_demos_panel:/root/aerostack2_ws/install/rmf_demos_fleet_adapter:/root/aerostack2_ws/install/rmf_demos_dashboard_resources:/root/aerostack2_ws/install/rmf_demos_bridges:/root/aerostack2_ws/install/rmf_demos_assets:/root/aerostack2_ws/install/as2_visualization:/root/aerostack2_ws/install/as2_keyboard_teleoperation:/root/aerostack2_ws/install/as2_python_api:/root/aerostack2_ws/install/as2_perception:/opt/ros/humble LD_LIBRARY_PATH=/root/aerostack2_ws/install/as2_core/lib:/root/aerostack2_ws/install/as2_msgs/lib:/root/aerostack2_ws/install/as2_state_estimator/lib:/root/aerostack2_ws/install/as2_python_api/lib:/root/aerostack2_ws/install/as2_motion_controller/lib:/root/aerostack2_ws/install/as2_behaviors_trajectory_generation/lib:/root/aerostack2_ws/install/as2_behaviors_swarm_flocking/lib:/root/aerostack2_ws/install/as2_behaviors_motion/lib:/root/aerostack2_ws/install/as2_motion_reference_handlers/lib:/root/aerostack2_ws/install/as2_map_server/lib:/root/aerostack2_ws/install/as2_gazebo_assets/lib:/root/aerostack2_ws/install/as2_behaviors_perception/lib:/root/aerostack2_ws/install/as2_behaviors_path_planning/lib:/root/aerostack2_ws/install/as2_behavior_tree/lib:/root/aerostack2_ws/install/as2_behavior/lib:/opt/ros/humble/opt/rviz_ogre_vendor/lib:/opt/ros/humble/lib/x86_64-linux-gnu:/opt/ros/humble/lib /usr/bin/cmake --build /root/aerostack2_ws/build/as2_realsense_interface -- -j8 -l8
[4.265s] Level 1:colcon.colcon_core.environment:create_environment_scripts_only(as2_geozones)
[4.266s] Level 1:colcon.colcon_core.environment:checking '/root/aerostack2_ws/install/as2_geozones' for CMake module files
[4.266s] DEBUG:colcon.colcon_core.event_handler.log_command:Invoked command in '/root/aerostack2_ws/build/as2_geozones' returned '0': CMAKE_PREFIX_PATH=/root/aerostack2_ws/install/as2_core:/root/aerostack2_ws/install/as2_msgs:/root/aerostack2_ws/install/rmf_demos_gz_classic:/root/aerostack2_ws/install/rmf_demos_gz:/root/aerostack2_ws/install/rmf_demos:/root/aerostack2_ws/install/rmf_demos_maps:/root/aerostack2_ws/install/aerostack2:/root/aerostack2_ws/install/as2_usb_camera_interface:/root/aerostack2_ws/install/as2_state_estimator:/root/aerostack2_ws/install/as2_rviz_plugins:/root/aerostack2_ws/install/as2_realsense_interface:/root/aerostack2_ws/install/as2_platform_multirotor_simulator:/root/aerostack2_ws/install/as2_platform_gazebo:/root/aerostack2_ws/install/as2_motion_controller:/root/aerostack2_ws/install/as2_behaviors_trajectory_generation:/root/aerostack2_ws/install/as2_behaviors_swarm_flocking:/root/aerostack2_ws/install/as2_behaviors_motion:/root/aerostack2_ws/install/as2_motion_reference_handlers:/root/aerostack2_ws/install/as2_map_server:/root/aerostack2_ws/install/as2_geozones:/root/aerostack2_ws/install/as2_gazebo_assets:/root/aerostack2_ws/install/as2_external_object_to_tf:/root/aerostack2_ws/install/as2_behaviors_platform:/root/aerostack2_ws/install/as2_behaviors_perception:/root/aerostack2_ws/install/as2_behaviors_path_planning:/root/aerostack2_ws/install/as2_behavior_tree:/root/aerostack2_ws/install/as2_behavior:/root/aerostack2_ws/install/as2_alphanumeric_viewer:/root/aerostack2_ws/install/as2_cli:/root/aerostack2_ws/install/as2_project_bringup:/root/aerostack2_ws/install/rmf_demos_tasks:/root/aerostack2_ws/install/rmf_demos_panel:/root/aerostack2_ws/install/rmf_demos_fleet_adapter:/root/aerostack2_ws/install/rmf_demos_dashboard_resources:/root/aerostack2_ws/install/rmf_demos_bridges:/root/aerostack2_ws/install/rmf_demos_assets:/root/aerostack2_ws/install/as2_visualization:/root/aerostack2_ws/install/as2_keyboard_teleoperation:/root/aerostack2_ws/install/as2_python_api:/root/aerostack2_ws/install/as2_perception:/opt/ros/humble LD_LIBRARY_PATH=/root/aerostack2_ws/install/as2_core/lib:/root/aerostack2_ws/install/as2_msgs/lib:/root/aerostack2_ws/install/as2_state_estimator/lib:/root/aerostack2_ws/install/as2_python_api/lib:/root/aerostack2_ws/install/as2_motion_controller/lib:/root/aerostack2_ws/install/as2_behaviors_trajectory_generation/lib:/root/aerostack2_ws/install/as2_behaviors_swarm_flocking/lib:/root/aerostack2_ws/install/as2_behaviors_motion/lib:/root/aerostack2_ws/install/as2_motion_reference_handlers/lib:/root/aerostack2_ws/install/as2_map_server/lib:/root/aerostack2_ws/install/as2_gazebo_assets/lib:/root/aerostack2_ws/install/as2_behaviors_perception/lib:/root/aerostack2_ws/install/as2_behaviors_path_planning/lib:/root/aerostack2_ws/install/as2_behavior_tree/lib:/root/aerostack2_ws/install/as2_behavior/lib:/opt/ros/humble/opt/rviz_ogre_vendor/lib:/opt/ros/humble/lib/x86_64-linux-gnu:/opt/ros/humble/lib /usr/bin/cmake --install /root/aerostack2_ws/build/as2_geozones
[4.271s] Level 1:colcon.colcon_core.environment:checking '/root/aerostack2_ws/install/as2_geozones' for CMake config files
[4.272s] Level 1:colcon.colcon_core.shell:create_environment_hook('as2_geozones', 'cmake_prefix_path')
[4.272s] INFO:colcon.colcon_core.shell:Creating environment hook '/root/aerostack2_ws/install/as2_geozones/share/as2_geozones/hook/cmake_prefix_path.ps1'
[4.274s] INFO:colcon.colcon_core.shell:Creating environment descriptor '/root/aerostack2_ws/install/as2_geozones/share/as2_geozones/hook/cmake_prefix_path.dsv'
[4.274s] INFO:colcon.colcon_core.shell:Creating environment hook '/root/aerostack2_ws/install/as2_geozones/share/as2_geozones/hook/cmake_prefix_path.sh'
[4.275s] Level 1:colcon.colcon_core.environment:checking '/root/aerostack2_ws/install/as2_geozones/lib'
[4.276s] Level 1:colcon.colcon_core.environment:checking '/root/aerostack2_ws/install/as2_geozones/bin'
[4.276s] Level 1:colcon.colcon_core.environment:checking '/root/aerostack2_ws/install/as2_geozones/lib/pkgconfig/as2_geozones.pc'
[4.277s] Level 1:colcon.colcon_core.environment:checking '/root/aerostack2_ws/install/as2_geozones/lib/python3.10/site-packages'
[4.277s] Level 1:colcon.colcon_core.environment:checking '/root/aerostack2_ws/install/as2_geozones/bin'
[4.280s] INFO:colcon.colcon_core.shell:Creating package script '/root/aerostack2_ws/install/as2_geozones/share/as2_geozones/package.ps1'
[4.287s] INFO:colcon.colcon_core.shell:Creating package descriptor '/root/aerostack2_ws/install/as2_geozones/share/as2_geozones/package.dsv'
[4.288s] INFO:colcon.colcon_core.shell:Creating package script '/root/aerostack2_ws/install/as2_geozones/share/as2_geozones/package.sh'
[4.289s] INFO:colcon.colcon_core.shell:Creating package script '/root/aerostack2_ws/install/as2_geozones/share/as2_geozones/package.bash'
[4.293s] INFO:colcon.colcon_core.shell:Creating package script '/root/aerostack2_ws/install/as2_geozones/share/as2_geozones/package.zsh'
[4.294s] Level 1:colcon.colcon_core.environment:create_file_with_runtime_dependencies(/root/aerostack2_ws/install/as2_geozones/share/colcon-core/packages/as2_geozones)
[4.297s] Level 1:colcon.colcon_core.environment:create_environment_scripts_only(as2_geozones)
[4.300s] Level 1:colcon.colcon_core.environment:checking '/root/aerostack2_ws/install/as2_geozones' for CMake module files
[4.302s] Level 1:colcon.colcon_core.environment:checking '/root/aerostack2_ws/install/as2_geozones' for CMake config files
[4.303s] Level 1:colcon.colcon_core.shell:create_environment_hook('as2_geozones', 'cmake_prefix_path')
[4.303s] INFO:colcon.colcon_core.shell:Creating environment hook '/root/aerostack2_ws/install/as2_geozones/share/as2_geozones/hook/cmake_prefix_path.ps1'
[4.304s] INFO:colcon.colcon_core.shell:Creating environment descriptor '/root/aerostack2_ws/install/as2_geozones/share/as2_geozones/hook/cmake_prefix_path.dsv'
[4.306s] INFO:colcon.colcon_core.shell:Creating environment hook '/root/aerostack2_ws/install/as2_geozones/share/as2_geozones/hook/cmake_prefix_path.sh'
[4.312s] Level 1:colcon.colcon_core.environment:checking '/root/aerostack2_ws/install/as2_geozones/lib'
[4.312s] Level 1:colcon.colcon_core.environment:checking '/root/aerostack2_ws/install/as2_geozones/bin'
[4.312s] Level 1:colcon.colcon_core.environment:checking '/root/aerostack2_ws/install/as2_geozones/lib/pkgconfig/as2_geozones.pc'
[4.312s] Level 1:colcon.colcon_core.environment:checking '/root/aerostack2_ws/install/as2_geozones/lib/python3.10/site-packages'
[4.314s] Level 1:colcon.colcon_core.environment:checking '/root/aerostack2_ws/install/as2_geozones/bin'
[4.315s] INFO:colcon.colcon_core.shell:Creating package script '/root/aerostack2_ws/install/as2_geozones/share/as2_geozones/package.ps1'
[4.319s] INFO:colcon.colcon_core.shell:Creating package descriptor '/root/aerostack2_ws/install/as2_geozones/share/as2_geozones/package.dsv'
[4.320s] INFO:colcon.colcon_core.shell:Creating package script '/root/aerostack2_ws/install/as2_geozones/share/as2_geozones/package.sh'
[4.320s] INFO:colcon.colcon_core.shell:Creating package script '/root/aerostack2_ws/install/as2_geozones/share/as2_geozones/package.bash'
[4.321s] INFO:colcon.colcon_core.shell:Creating package script '/root/aerostack2_ws/install/as2_geozones/share/as2_geozones/package.zsh'
[4.321s] Level 1:colcon.colcon_core.environment:create_file_with_runtime_dependencies(/root/aerostack2_ws/install/as2_geozones/share/colcon-core/packages/as2_geozones)
[4.327s] INFO:colcon.colcon_ros.task.ament_cmake.build:Building ROS package in '/root/aerostack2_ws/src/aerostack2/as2_hardware_drivers/as2_usb_camera_interface' with build type 'ament_cmake'
[4.327s] INFO:colcon.colcon_cmake.task.cmake.build:Building CMake package in '/root/aerostack2_ws/src/aerostack2/as2_hardware_drivers/as2_usb_camera_interface'
[4.328s] INFO:colcon.colcon_core.shell:Skip shell extension 'powershell' for command environment: Not usable outside of PowerShell
[4.328s] DEBUG:colcon.colcon_core.shell:Skip shell extension 'dsv' for command environment
[4.355s] Level 1:colcon.colcon_core.environment:create_environment_scripts_only(as2_map_server)
[4.357s] Level 1:colcon.colcon_core.environment:checking '/root/aerostack2_ws/install/as2_map_server' for CMake module files
[4.358s] DEBUG:colcon.colcon_core.event_handler.log_command:Invoking command in '/root/aerostack2_ws/build/as2_state_estimator': CMAKE_PREFIX_PATH=/root/aerostack2_ws/install/as2_core:/root/aerostack2_ws/install/as2_msgs:/root/aerostack2_ws/install/rmf_demos_gz_classic:/root/aerostack2_ws/install/rmf_demos_gz:/root/aerostack2_ws/install/rmf_demos:/root/aerostack2_ws/install/rmf_demos_maps:/root/aerostack2_ws/install/aerostack2:/root/aerostack2_ws/install/as2_usb_camera_interface:/root/aerostack2_ws/install/as2_state_estimator:/root/aerostack2_ws/install/as2_rviz_plugins:/root/aerostack2_ws/install/as2_realsense_interface:/root/aerostack2_ws/install/as2_platform_multirotor_simulator:/root/aerostack2_ws/install/as2_platform_gazebo:/root/aerostack2_ws/install/as2_motion_controller:/root/aerostack2_ws/install/as2_behaviors_trajectory_generation:/root/aerostack2_ws/install/as2_behaviors_swarm_flocking:/root/aerostack2_ws/install/as2_behaviors_motion:/root/aerostack2_ws/install/as2_motion_reference_handlers:/root/aerostack2_ws/install/as2_map_server:/root/aerostack2_ws/install/as2_geozones:/root/aerostack2_ws/install/as2_gazebo_assets:/root/aerostack2_ws/install/as2_external_object_to_tf:/root/aerostack2_ws/install/as2_behaviors_platform:/root/aerostack2_ws/install/as2_behaviors_perception:/root/aerostack2_ws/install/as2_behaviors_path_planning:/root/aerostack2_ws/install/as2_behavior_tree:/root/aerostack2_ws/install/as2_behavior:/root/aerostack2_ws/install/as2_alphanumeric_viewer:/root/aerostack2_ws/install/as2_cli:/root/aerostack2_ws/install/as2_project_bringup:/root/aerostack2_ws/install/rmf_demos_tasks:/root/aerostack2_ws/install/rmf_demos_panel:/root/aerostack2_ws/install/rmf_demos_fleet_adapter:/root/aerostack2_ws/install/rmf_demos_dashboard_resources:/root/aerostack2_ws/install/rmf_demos_bridges:/root/aerostack2_ws/install/rmf_demos_assets:/root/aerostack2_ws/install/as2_visualization:/root/aerostack2_ws/install/as2_keyboard_teleoperation:/root/aerostack2_ws/install/as2_python_api:/root/aerostack2_ws/install/as2_perception:/opt/ros/humble LD_LIBRARY_PATH=/root/aerostack2_ws/install/as2_core/lib:/root/aerostack2_ws/install/as2_msgs/lib:/root/aerostack2_ws/install/as2_state_estimator/lib:/root/aerostack2_ws/install/as2_python_api/lib:/root/aerostack2_ws/install/as2_motion_controller/lib:/root/aerostack2_ws/install/as2_behaviors_trajectory_generation/lib:/root/aerostack2_ws/install/as2_behaviors_swarm_flocking/lib:/root/aerostack2_ws/install/as2_behaviors_motion/lib:/root/aerostack2_ws/install/as2_motion_reference_handlers/lib:/root/aerostack2_ws/install/as2_map_server/lib:/root/aerostack2_ws/install/as2_gazebo_assets/lib:/root/aerostack2_ws/install/as2_behaviors_perception/lib:/root/aerostack2_ws/install/as2_behaviors_path_planning/lib:/root/aerostack2_ws/install/as2_behavior_tree/lib:/root/aerostack2_ws/install/as2_behavior/lib:/opt/ros/humble/opt/rviz_ogre_vendor/lib:/opt/ros/humble/lib/x86_64-linux-gnu:/opt/ros/humble/lib /usr/bin/cmake --build /root/aerostack2_ws/build/as2_state_estimator -- -j8 -l8
[4.360s] DEBUG:colcon.colcon_core.event_handler.log_command:Invoked command in '/root/aerostack2_ws/build/as2_map_server' returned '0': CMAKE_PREFIX_PATH=/root/aerostack2_ws/install/as2_core:/root/aerostack2_ws/install/as2_msgs:/root/aerostack2_ws/install/rmf_demos_gz_classic:/root/aerostack2_ws/install/rmf_demos_gz:/root/aerostack2_ws/install/rmf_demos:/root/aerostack2_ws/install/rmf_demos_maps:/root/aerostack2_ws/install/aerostack2:/root/aerostack2_ws/install/as2_usb_camera_interface:/root/aerostack2_ws/install/as2_state_estimator:/root/aerostack2_ws/install/as2_rviz_plugins:/root/aerostack2_ws/install/as2_realsense_interface:/root/aerostack2_ws/install/as2_platform_multirotor_simulator:/root/aerostack2_ws/install/as2_platform_gazebo:/root/aerostack2_ws/install/as2_motion_controller:/root/aerostack2_ws/install/as2_behaviors_trajectory_generation:/root/aerostack2_ws/install/as2_behaviors_swarm_flocking:/root/aerostack2_ws/install/as2_behaviors_motion:/root/aerostack2_ws/install/as2_motion_reference_handlers:/root/aerostack2_ws/install/as2_map_server:/root/aerostack2_ws/install/as2_geozones:/root/aerostack2_ws/install/as2_gazebo_assets:/root/aerostack2_ws/install/as2_external_object_to_tf:/root/aerostack2_ws/install/as2_behaviors_platform:/root/aerostack2_ws/install/as2_behaviors_perception:/root/aerostack2_ws/install/as2_behaviors_path_planning:/root/aerostack2_ws/install/as2_behavior_tree:/root/aerostack2_ws/install/as2_behavior:/root/aerostack2_ws/install/as2_alphanumeric_viewer:/root/aerostack2_ws/install/as2_cli:/root/aerostack2_ws/install/as2_project_bringup:/root/aerostack2_ws/install/rmf_demos_tasks:/root/aerostack2_ws/install/rmf_demos_panel:/root/aerostack2_ws/install/rmf_demos_fleet_adapter:/root/aerostack2_ws/install/rmf_demos_dashboard_resources:/root/aerostack2_ws/install/rmf_demos_bridges:/root/aerostack2_ws/install/rmf_demos_assets:/root/aerostack2_ws/install/as2_visualization:/root/aerostack2_ws/install/as2_keyboard_teleoperation:/root/aerostack2_ws/install/as2_python_api:/root/aerostack2_ws/install/as2_perception:/opt/ros/humble LD_LIBRARY_PATH=/root/aerostack2_ws/install/as2_core/lib:/root/aerostack2_ws/install/as2_msgs/lib:/root/aerostack2_ws/install/as2_state_estimator/lib:/root/aerostack2_ws/install/as2_python_api/lib:/root/aerostack2_ws/install/as2_motion_controller/lib:/root/aerostack2_ws/install/as2_behaviors_trajectory_generation/lib:/root/aerostack2_ws/install/as2_behaviors_swarm_flocking/lib:/root/aerostack2_ws/install/as2_behaviors_motion/lib:/root/aerostack2_ws/install/as2_motion_reference_handlers/lib:/root/aerostack2_ws/install/as2_map_server/lib:/root/aerostack2_ws/install/as2_gazebo_assets/lib:/root/aerostack2_ws/install/as2_behaviors_perception/lib:/root/aerostack2_ws/install/as2_behaviors_path_planning/lib:/root/aerostack2_ws/install/as2_behavior_tree/lib:/root/aerostack2_ws/install/as2_behavior/lib:/opt/ros/humble/opt/rviz_ogre_vendor/lib:/opt/ros/humble/lib/x86_64-linux-gnu:/opt/ros/humble/lib /usr/bin/cmake --install /root/aerostack2_ws/build/as2_map_server
[4.362s] Level 1:colcon.colcon_core.environment:checking '/root/aerostack2_ws/install/as2_map_server' for CMake config files
[4.366s] Level 1:colcon.colcon_core.shell:create_environment_hook('as2_map_server', 'cmake_prefix_path')
[4.369s] INFO:colcon.colcon_core.shell:Creating environment hook '/root/aerostack2_ws/install/as2_map_server/share/as2_map_server/hook/cmake_prefix_path.ps1'
[4.371s] INFO:colcon.colcon_core.shell:Creating environment descriptor '/root/aerostack2_ws/install/as2_map_server/share/as2_map_server/hook/cmake_prefix_path.dsv'
[4.372s] INFO:colcon.colcon_core.shell:Creating environment hook '/root/aerostack2_ws/install/as2_map_server/share/as2_map_server/hook/cmake_prefix_path.sh'
[4.373s] Level 1:colcon.colcon_core.environment:checking '/root/aerostack2_ws/install/as2_map_server/lib'
[4.375s] Level 1:colcon.colcon_core.shell:create_environment_hook('as2_map_server', 'ld_library_path_lib')
[4.376s] INFO:colcon.colcon_core.shell:Creating environment hook '/root/aerostack2_ws/install/as2_map_server/share/as2_map_server/hook/ld_library_path_lib.ps1'
[4.377s] INFO:colcon.colcon_core.shell:Creating environment descriptor '/root/aerostack2_ws/install/as2_map_server/share/as2_map_server/hook/ld_library_path_lib.dsv'
[4.378s] INFO:colcon.colcon_core.shell:Creating environment hook '/root/aerostack2_ws/install/as2_map_server/share/as2_map_server/hook/ld_library_path_lib.sh'
[4.379s] Level 1:colcon.colcon_core.environment:checking '/root/aerostack2_ws/install/as2_map_server/bin'
[4.379s] Level 1:colcon.colcon_core.environment:checking '/root/aerostack2_ws/install/as2_map_server/lib/pkgconfig/as2_map_server.pc'
[4.379s] Level 1:colcon.colcon_core.environment:checking '/root/aerostack2_ws/install/as2_map_server/lib/python3.10/site-packages'
[4.380s] Level 1:colcon.colcon_core.environment:checking '/root/aerostack2_ws/install/as2_map_server/bin'
[4.380s] INFO:colcon.colcon_core.shell:Creating package script '/root/aerostack2_ws/install/as2_map_server/share/as2_map_server/package.ps1'
[4.381s] INFO:colcon.colcon_core.shell:Creating package descriptor '/root/aerostack2_ws/install/as2_map_server/share/as2_map_server/package.dsv'
[4.381s] INFO:colcon.colcon_core.shell:Creating package script '/root/aerostack2_ws/install/as2_map_server/share/as2_map_server/package.sh'
[4.382s] INFO:colcon.colcon_core.shell:Creating package script '/root/aerostack2_ws/install/as2_map_server/share/as2_map_server/package.bash'
[4.382s] INFO:colcon.colcon_core.shell:Creating package script '/root/aerostack2_ws/install/as2_map_server/share/as2_map_server/package.zsh'
[4.383s] Level 1:colcon.colcon_core.environment:create_file_with_runtime_dependencies(/root/aerostack2_ws/install/as2_map_server/share/colcon-core/packages/as2_map_server)
[4.384s] Level 1:colcon.colcon_core.environment:create_environment_scripts_only(as2_map_server)
[4.384s] Level 1:colcon.colcon_core.environment:checking '/root/aerostack2_ws/install/as2_map_server' for CMake module files
[4.385s] Level 1:colcon.colcon_core.environment:checking '/root/aerostack2_ws/install/as2_map_server' for CMake config files
[4.386s] Level 1:colcon.colcon_core.shell:create_environment_hook('as2_map_server', 'cmake_prefix_path')
[4.386s] INFO:colcon.colcon_core.shell:Creating environment hook '/root/aerostack2_ws/install/as2_map_server/share/as2_map_server/hook/cmake_prefix_path.ps1'
[4.387s] INFO:colcon.colcon_core.shell:Creating environment descriptor '/root/aerostack2_ws/install/as2_map_server/share/as2_map_server/hook/cmake_prefix_path.dsv'
[4.388s] INFO:colcon.colcon_core.shell:Creating environment hook '/root/aerostack2_ws/install/as2_map_server/share/as2_map_server/hook/cmake_prefix_path.sh'
[4.390s] Level 1:colcon.colcon_core.environment:checking '/root/aerostack2_ws/install/as2_map_server/lib'
[4.390s] Level 1:colcon.colcon_core.shell:create_environment_hook('as2_map_server', 'ld_library_path_lib')
[4.391s] INFO:colcon.colcon_core.shell:Creating environment hook '/root/aerostack2_ws/install/as2_map_server/share/as2_map_server/hook/ld_library_path_lib.ps1'
[4.392s] INFO:colcon.colcon_core.shell:Creating environment descriptor '/root/aerostack2_ws/install/as2_map_server/share/as2_map_server/hook/ld_library_path_lib.dsv'
[4.392s] INFO:colcon.colcon_core.shell:Creating environment hook '/root/aerostack2_ws/install/as2_map_server/share/as2_map_server/hook/ld_library_path_lib.sh'
[4.393s] Level 1:colcon.colcon_core.environment:checking '/root/aerostack2_ws/install/as2_map_server/bin'
[4.393s] Level 1:colcon.colcon_core.environment:checking '/root/aerostack2_ws/install/as2_map_server/lib/pkgconfig/as2_map_server.pc'
[4.393s] Level 1:colcon.colcon_core.environment:checking '/root/aerostack2_ws/install/as2_map_server/lib/python3.10/site-packages'
[4.394s] Level 1:colcon.colcon_core.environment:checking '/root/aerostack2_ws/install/as2_map_server/bin'
[4.394s] INFO:colcon.colcon_core.shell:Creating package script '/root/aerostack2_ws/install/as2_map_server/share/as2_map_server/package.ps1'
[4.395s] INFO:colcon.colcon_core.shell:Creating package descriptor '/root/aerostack2_ws/install/as2_map_server/share/as2_map_server/package.dsv'
[4.396s] INFO:colcon.colcon_core.shell:Creating package script '/root/aerostack2_ws/install/as2_map_server/share/as2_map_server/package.sh'
[4.396s] INFO:colcon.colcon_core.shell:Creating package script '/root/aerostack2_ws/install/as2_map_server/share/as2_map_server/package.bash'
[4.399s] INFO:colcon.colcon_core.shell:Creating package script '/root/aerostack2_ws/install/as2_map_server/share/as2_map_server/package.zsh'
[4.399s] Level 1:colcon.colcon_core.environment:create_file_with_runtime_dependencies(/root/aerostack2_ws/install/as2_map_server/share/colcon-core/packages/as2_map_server)
[4.401s] INFO:colcon.colcon_ros.task.ament_cmake.build:Building ROS package in '/root/aerostack2_ws/src/aerostack2/as2_behaviors/as2_behaviors_path_planning' with build type 'ament_cmake'
[4.401s] INFO:colcon.colcon_cmake.task.cmake.build:Building CMake package in '/root/aerostack2_ws/src/aerostack2/as2_behaviors/as2_behaviors_path_planning'
[4.402s] INFO:colcon.colcon_core.shell:Skip shell extension 'powershell' for command environment: Not usable outside of PowerShell
[4.402s] DEBUG:colcon.colcon_core.shell:Skip shell extension 'dsv' for command environment
[4.435s] DEBUG:colcon.colcon_core.event_handler.log_command:Invoking command in '/root/aerostack2_ws/build/as2_usb_camera_interface': CMAKE_PREFIX_PATH=/root/aerostack2_ws/install/as2_core:/root/aerostack2_ws/install/as2_msgs:/root/aerostack2_ws/install/rmf_demos_gz_classic:/root/aerostack2_ws/install/rmf_demos_gz:/root/aerostack2_ws/install/rmf_demos:/root/aerostack2_ws/install/rmf_demos_maps:/root/aerostack2_ws/install/aerostack2:/root/aerostack2_ws/install/as2_usb_camera_interface:/root/aerostack2_ws/install/as2_state_estimator:/root/aerostack2_ws/install/as2_rviz_plugins:/root/aerostack2_ws/install/as2_realsense_interface:/root/aerostack2_ws/install/as2_platform_multirotor_simulator:/root/aerostack2_ws/install/as2_platform_gazebo:/root/aerostack2_ws/install/as2_motion_controller:/root/aerostack2_ws/install/as2_behaviors_trajectory_generation:/root/aerostack2_ws/install/as2_behaviors_swarm_flocking:/root/aerostack2_ws/install/as2_behaviors_motion:/root/aerostack2_ws/install/as2_motion_reference_handlers:/root/aerostack2_ws/install/as2_map_server:/root/aerostack2_ws/install/as2_geozones:/root/aerostack2_ws/install/as2_gazebo_assets:/root/aerostack2_ws/install/as2_external_object_to_tf:/root/aerostack2_ws/install/as2_behaviors_platform:/root/aerostack2_ws/install/as2_behaviors_perception:/root/aerostack2_ws/install/as2_behaviors_path_planning:/root/aerostack2_ws/install/as2_behavior_tree:/root/aerostack2_ws/install/as2_behavior:/root/aerostack2_ws/install/as2_alphanumeric_viewer:/root/aerostack2_ws/install/as2_cli:/root/aerostack2_ws/install/as2_project_bringup:/root/aerostack2_ws/install/rmf_demos_tasks:/root/aerostack2_ws/install/rmf_demos_panel:/root/aerostack2_ws/install/rmf_demos_fleet_adapter:/root/aerostack2_ws/install/rmf_demos_dashboard_resources:/root/aerostack2_ws/install/rmf_demos_bridges:/root/aerostack2_ws/install/rmf_demos_assets:/root/aerostack2_ws/install/as2_visualization:/root/aerostack2_ws/install/as2_keyboard_teleoperation:/root/aerostack2_ws/install/as2_python_api:/root/aerostack2_ws/install/as2_perception:/opt/ros/humble LD_LIBRARY_PATH=/root/aerostack2_ws/install/as2_core/lib:/root/aerostack2_ws/install/as2_msgs/lib:/root/aerostack2_ws/install/as2_state_estimator/lib:/root/aerostack2_ws/install/as2_python_api/lib:/root/aerostack2_ws/install/as2_motion_controller/lib:/root/aerostack2_ws/install/as2_behaviors_trajectory_generation/lib:/root/aerostack2_ws/install/as2_behaviors_swarm_flocking/lib:/root/aerostack2_ws/install/as2_behaviors_motion/lib:/root/aerostack2_ws/install/as2_motion_reference_handlers/lib:/root/aerostack2_ws/install/as2_map_server/lib:/root/aerostack2_ws/install/as2_gazebo_assets/lib:/root/aerostack2_ws/install/as2_behaviors_perception/lib:/root/aerostack2_ws/install/as2_behaviors_path_planning/lib:/root/aerostack2_ws/install/as2_behavior_tree/lib:/root/aerostack2_ws/install/as2_behavior/lib:/opt/ros/humble/opt/rviz_ogre_vendor/lib:/opt/ros/humble/lib/x86_64-linux-gnu:/opt/ros/humble/lib /usr/bin/cmake --build /root/aerostack2_ws/build/as2_usb_camera_interface -- -j8 -l8
[4.441s] DEBUG:colcon.colcon_core.event_handler.log_command:Invoked command in '/root/aerostack2_ws/build/as2_behavior_tree' returned '0': CMAKE_PREFIX_PATH=/root/aerostack2_ws/install/as2_core:/root/aerostack2_ws/install/as2_msgs:/root/aerostack2_ws/install/rmf_demos_gz_classic:/root/aerostack2_ws/install/rmf_demos_gz:/root/aerostack2_ws/install/rmf_demos:/root/aerostack2_ws/install/rmf_demos_maps:/root/aerostack2_ws/install/aerostack2:/root/aerostack2_ws/install/as2_usb_camera_interface:/root/aerostack2_ws/install/as2_state_estimator:/root/aerostack2_ws/install/as2_rviz_plugins:/root/aerostack2_ws/install/as2_realsense_interface:/root/aerostack2_ws/install/as2_platform_multirotor_simulator:/root/aerostack2_ws/install/as2_platform_gazebo:/root/aerostack2_ws/install/as2_motion_controller:/root/aerostack2_ws/install/as2_behaviors_trajectory_generation:/root/aerostack2_ws/install/as2_behaviors_swarm_flocking:/root/aerostack2_ws/install/as2_behaviors_motion:/root/aerostack2_ws/install/as2_motion_reference_handlers:/root/aerostack2_ws/install/as2_map_server:/root/aerostack2_ws/install/as2_geozones:/root/aerostack2_ws/install/as2_gazebo_assets:/root/aerostack2_ws/install/as2_external_object_to_tf:/root/aerostack2_ws/install/as2_behaviors_platform:/root/aerostack2_ws/install/as2_behaviors_perception:/root/aerostack2_ws/install/as2_behaviors_path_planning:/root/aerostack2_ws/install/as2_behavior_tree:/root/aerostack2_ws/install/as2_behavior:/root/aerostack2_ws/install/as2_alphanumeric_viewer:/root/aerostack2_ws/install/as2_cli:/root/aerostack2_ws/install/as2_project_bringup:/root/aerostack2_ws/install/rmf_demos_tasks:/root/aerostack2_ws/install/rmf_demos_panel:/root/aerostack2_ws/install/rmf_demos_fleet_adapter:/root/aerostack2_ws/install/rmf_demos_dashboard_resources:/root/aerostack2_ws/install/rmf_demos_bridges:/root/aerostack2_ws/install/rmf_demos_assets:/root/aerostack2_ws/install/as2_visualization:/root/aerostack2_ws/install/as2_keyboard_teleoperation:/root/aerostack2_ws/install/as2_python_api:/root/aerostack2_ws/install/as2_perception:/opt/ros/humble LD_LIBRARY_PATH=/root/aerostack2_ws/install/as2_core/lib:/root/aerostack2_ws/install/as2_msgs/lib:/root/aerostack2_ws/install/as2_state_estimator/lib:/root/aerostack2_ws/install/as2_python_api/lib:/root/aerostack2_ws/install/as2_motion_controller/lib:/root/aerostack2_ws/install/as2_behaviors_trajectory_generation/lib:/root/aerostack2_ws/install/as2_behaviors_swarm_flocking/lib:/root/aerostack2_ws/install/as2_behaviors_motion/lib:/root/aerostack2_ws/install/as2_motion_reference_handlers/lib:/root/aerostack2_ws/install/as2_map_server/lib:/root/aerostack2_ws/install/as2_gazebo_assets/lib:/root/aerostack2_ws/install/as2_behaviors_perception/lib:/root/aerostack2_ws/install/as2_behaviors_path_planning/lib:/root/aerostack2_ws/install/as2_behavior_tree/lib:/root/aerostack2_ws/install/as2_behavior/lib:/opt/ros/humble/opt/rviz_ogre_vendor/lib:/opt/ros/humble/lib/x86_64-linux-gnu:/opt/ros/humble/lib /usr/bin/cmake --build /root/aerostack2_ws/build/as2_behavior_tree -- -j8 -l8
[4.445s] DEBUG:colcon.colcon_core.event_handler.log_command:Invoking command in '/root/aerostack2_ws/build/as2_behavior_tree': CMAKE_PREFIX_PATH=/root/aerostack2_ws/install/as2_core:/root/aerostack2_ws/install/as2_msgs:/root/aerostack2_ws/install/rmf_demos_gz_classic:/root/aerostack2_ws/install/rmf_demos_gz:/root/aerostack2_ws/install/rmf_demos:/root/aerostack2_ws/install/rmf_demos_maps:/root/aerostack2_ws/install/aerostack2:/root/aerostack2_ws/install/as2_usb_camera_interface:/root/aerostack2_ws/install/as2_state_estimator:/root/aerostack2_ws/install/as2_rviz_plugins:/root/aerostack2_ws/install/as2_realsense_interface:/root/aerostack2_ws/install/as2_platform_multirotor_simulator:/root/aerostack2_ws/install/as2_platform_gazebo:/root/aerostack2_ws/install/as2_motion_controller:/root/aerostack2_ws/install/as2_behaviors_trajectory_generation:/root/aerostack2_ws/install/as2_behaviors_swarm_flocking:/root/aerostack2_ws/install/as2_behaviors_motion:/root/aerostack2_ws/install/as2_motion_reference_handlers:/root/aerostack2_ws/install/as2_map_server:/root/aerostack2_ws/install/as2_geozones:/root/aerostack2_ws/install/as2_gazebo_assets:/root/aerostack2_ws/install/as2_external_object_to_tf:/root/aerostack2_ws/install/as2_behaviors_platform:/root/aerostack2_ws/install/as2_behaviors_perception:/root/aerostack2_ws/install/as2_behaviors_path_planning:/root/aerostack2_ws/install/as2_behavior_tree:/root/aerostack2_ws/install/as2_behavior:/root/aerostack2_ws/install/as2_alphanumeric_viewer:/root/aerostack2_ws/install/as2_cli:/root/aerostack2_ws/install/as2_project_bringup:/root/aerostack2_ws/install/rmf_demos_tasks:/root/aerostack2_ws/install/rmf_demos_panel:/root/aerostack2_ws/install/rmf_demos_fleet_adapter:/root/aerostack2_ws/install/rmf_demos_dashboard_resources:/root/aerostack2_ws/install/rmf_demos_bridges:/root/aerostack2_ws/install/rmf_demos_assets:/root/aerostack2_ws/install/as2_visualization:/root/aerostack2_ws/install/as2_keyboard_teleoperation:/root/aerostack2_ws/install/as2_python_api:/root/aerostack2_ws/install/as2_perception:/opt/ros/humble LD_LIBRARY_PATH=/root/aerostack2_ws/install/as2_core/lib:/root/aerostack2_ws/install/as2_msgs/lib:/root/aerostack2_ws/install/as2_state_estimator/lib:/root/aerostack2_ws/install/as2_python_api/lib:/root/aerostack2_ws/install/as2_motion_controller/lib:/root/aerostack2_ws/install/as2_behaviors_trajectory_generation/lib:/root/aerostack2_ws/install/as2_behaviors_swarm_flocking/lib:/root/aerostack2_ws/install/as2_behaviors_motion/lib:/root/aerostack2_ws/install/as2_motion_reference_handlers/lib:/root/aerostack2_ws/install/as2_map_server/lib:/root/aerostack2_ws/install/as2_gazebo_assets/lib:/root/aerostack2_ws/install/as2_behaviors_perception/lib:/root/aerostack2_ws/install/as2_behaviors_path_planning/lib:/root/aerostack2_ws/install/as2_behavior_tree/lib:/root/aerostack2_ws/install/as2_behavior/lib:/opt/ros/humble/opt/rviz_ogre_vendor/lib:/opt/ros/humble/lib/x86_64-linux-gnu:/opt/ros/humble/lib /usr/bin/cmake --install /root/aerostack2_ws/build/as2_behavior_tree
[4.448s] DEBUG:colcon.colcon_core.event_handler.log_command:Invoked command in '/root/aerostack2_ws/build/as2_motion_reference_handlers' returned '0': CMAKE_PREFIX_PATH=/root/aerostack2_ws/install/as2_core:/root/aerostack2_ws/install/as2_msgs:/root/aerostack2_ws/install/rmf_demos_gz_classic:/root/aerostack2_ws/install/rmf_demos_gz:/root/aerostack2_ws/install/rmf_demos:/root/aerostack2_ws/install/rmf_demos_maps:/root/aerostack2_ws/install/aerostack2:/root/aerostack2_ws/install/as2_usb_camera_interface:/root/aerostack2_ws/install/as2_state_estimator:/root/aerostack2_ws/install/as2_rviz_plugins:/root/aerostack2_ws/install/as2_realsense_interface:/root/aerostack2_ws/install/as2_platform_multirotor_simulator:/root/aerostack2_ws/install/as2_platform_gazebo:/root/aerostack2_ws/install/as2_motion_controller:/root/aerostack2_ws/install/as2_behaviors_trajectory_generation:/root/aerostack2_ws/install/as2_behaviors_swarm_flocking:/root/aerostack2_ws/install/as2_behaviors_motion:/root/aerostack2_ws/install/as2_motion_reference_handlers:/root/aerostack2_ws/install/as2_map_server:/root/aerostack2_ws/install/as2_geozones:/root/aerostack2_ws/install/as2_gazebo_assets:/root/aerostack2_ws/install/as2_external_object_to_tf:/root/aerostack2_ws/install/as2_behaviors_platform:/root/aerostack2_ws/install/as2_behaviors_perception:/root/aerostack2_ws/install/as2_behaviors_path_planning:/root/aerostack2_ws/install/as2_behavior_tree:/root/aerostack2_ws/install/as2_behavior:/root/aerostack2_ws/install/as2_alphanumeric_viewer:/root/aerostack2_ws/install/as2_cli:/root/aerostack2_ws/install/as2_project_bringup:/root/aerostack2_ws/install/rmf_demos_tasks:/root/aerostack2_ws/install/rmf_demos_panel:/root/aerostack2_ws/install/rmf_demos_fleet_adapter:/root/aerostack2_ws/install/rmf_demos_dashboard_resources:/root/aerostack2_ws/install/rmf_demos_bridges:/root/aerostack2_ws/install/rmf_demos_assets:/root/aerostack2_ws/install/as2_visualization:/root/aerostack2_ws/install/as2_keyboard_teleoperation:/root/aerostack2_ws/install/as2_python_api:/root/aerostack2_ws/install/as2_perception:/opt/ros/humble LD_LIBRARY_PATH=/root/aerostack2_ws/install/as2_core/lib:/root/aerostack2_ws/install/as2_msgs/lib:/root/aerostack2_ws/install/as2_state_estimator/lib:/root/aerostack2_ws/install/as2_python_api/lib:/root/aerostack2_ws/install/as2_motion_controller/lib:/root/aerostack2_ws/install/as2_behaviors_trajectory_generation/lib:/root/aerostack2_ws/install/as2_behaviors_swarm_flocking/lib:/root/aerostack2_ws/install/as2_behaviors_motion/lib:/root/aerostack2_ws/install/as2_motion_reference_handlers/lib:/root/aerostack2_ws/install/as2_map_server/lib:/root/aerostack2_ws/install/as2_gazebo_assets/lib:/root/aerostack2_ws/install/as2_behaviors_perception/lib:/root/aerostack2_ws/install/as2_behaviors_path_planning/lib:/root/aerostack2_ws/install/as2_behavior_tree/lib:/root/aerostack2_ws/install/as2_behavior/lib:/opt/ros/humble/opt/rviz_ogre_vendor/lib:/opt/ros/humble/lib/x86_64-linux-gnu:/opt/ros/humble/lib /usr/bin/cmake --build /root/aerostack2_ws/build/as2_motion_reference_handlers -- -j8 -l8
[4.453s] DEBUG:colcon.colcon_core.event_handler.log_command:Invoking command in '/root/aerostack2_ws/build/as2_motion_reference_handlers': CMAKE_PREFIX_PATH=/root/aerostack2_ws/install/as2_core:/root/aerostack2_ws/install/as2_msgs:/root/aerostack2_ws/install/rmf_demos_gz_classic:/root/aerostack2_ws/install/rmf_demos_gz:/root/aerostack2_ws/install/rmf_demos:/root/aerostack2_ws/install/rmf_demos_maps:/root/aerostack2_ws/install/aerostack2:/root/aerostack2_ws/install/as2_usb_camera_interface:/root/aerostack2_ws/install/as2_state_estimator:/root/aerostack2_ws/install/as2_rviz_plugins:/root/aerostack2_ws/install/as2_realsense_interface:/root/aerostack2_ws/install/as2_platform_multirotor_simulator:/root/aerostack2_ws/install/as2_platform_gazebo:/root/aerostack2_ws/install/as2_motion_controller:/root/aerostack2_ws/install/as2_behaviors_trajectory_generation:/root/aerostack2_ws/install/as2_behaviors_swarm_flocking:/root/aerostack2_ws/install/as2_behaviors_motion:/root/aerostack2_ws/install/as2_motion_reference_handlers:/root/aerostack2_ws/install/as2_map_server:/root/aerostack2_ws/install/as2_geozones:/root/aerostack2_ws/install/as2_gazebo_assets:/root/aerostack2_ws/install/as2_external_object_to_tf:/root/aerostack2_ws/install/as2_behaviors_platform:/root/aerostack2_ws/install/as2_behaviors_perception:/root/aerostack2_ws/install/as2_behaviors_path_planning:/root/aerostack2_ws/install/as2_behavior_tree:/root/aerostack2_ws/install/as2_behavior:/root/aerostack2_ws/install/as2_alphanumeric_viewer:/root/aerostack2_ws/install/as2_cli:/root/aerostack2_ws/install/as2_project_bringup:/root/aerostack2_ws/install/rmf_demos_tasks:/root/aerostack2_ws/install/rmf_demos_panel:/root/aerostack2_ws/install/rmf_demos_fleet_adapter:/root/aerostack2_ws/install/rmf_demos_dashboard_resources:/root/aerostack2_ws/install/rmf_demos_bridges:/root/aerostack2_ws/install/rmf_demos_assets:/root/aerostack2_ws/install/as2_visualization:/root/aerostack2_ws/install/as2_keyboard_teleoperation:/root/aerostack2_ws/install/as2_python_api:/root/aerostack2_ws/install/as2_perception:/opt/ros/humble LD_LIBRARY_PATH=/root/aerostack2_ws/install/as2_core/lib:/root/aerostack2_ws/install/as2_msgs/lib:/root/aerostack2_ws/install/as2_state_estimator/lib:/root/aerostack2_ws/install/as2_python_api/lib:/root/aerostack2_ws/install/as2_motion_controller/lib:/root/aerostack2_ws/install/as2_behaviors_trajectory_generation/lib:/root/aerostack2_ws/install/as2_behaviors_swarm_flocking/lib:/root/aerostack2_ws/install/as2_behaviors_motion/lib:/root/aerostack2_ws/install/as2_motion_reference_handlers/lib:/root/aerostack2_ws/install/as2_map_server/lib:/root/aerostack2_ws/install/as2_gazebo_assets/lib:/root/aerostack2_ws/install/as2_behaviors_perception/lib:/root/aerostack2_ws/install/as2_behaviors_path_planning/lib:/root/aerostack2_ws/install/as2_behavior_tree/lib:/root/aerostack2_ws/install/as2_behavior/lib:/opt/ros/humble/opt/rviz_ogre_vendor/lib:/opt/ros/humble/lib/x86_64-linux-gnu:/opt/ros/humble/lib /usr/bin/cmake --install /root/aerostack2_ws/build/as2_motion_reference_handlers
[4.462s] DEBUG:colcon.colcon_core.event_handler.log_command:Invoking command in '/root/aerostack2_ws/build/as2_behaviors_path_planning': CMAKE_PREFIX_PATH=/root/aerostack2_ws/install/as2_behavior:/root/aerostack2_ws/install/as2_core:/root/aerostack2_ws/install/as2_msgs:/root/aerostack2_ws/install/rmf_demos_gz_classic:/root/aerostack2_ws/install/rmf_demos_gz:/root/aerostack2_ws/install/rmf_demos:/root/aerostack2_ws/install/rmf_demos_maps:/root/aerostack2_ws/install/aerostack2:/root/aerostack2_ws/install/as2_usb_camera_interface:/root/aerostack2_ws/install/as2_state_estimator:/root/aerostack2_ws/install/as2_rviz_plugins:/root/aerostack2_ws/install/as2_realsense_interface:/root/aerostack2_ws/install/as2_platform_multirotor_simulator:/root/aerostack2_ws/install/as2_platform_gazebo:/root/aerostack2_ws/install/as2_motion_controller:/root/aerostack2_ws/install/as2_behaviors_trajectory_generation:/root/aerostack2_ws/install/as2_behaviors_swarm_flocking:/root/aerostack2_ws/install/as2_behaviors_motion:/root/aerostack2_ws/install/as2_motion_reference_handlers:/root/aerostack2_ws/install/as2_map_server:/root/aerostack2_ws/install/as2_geozones:/root/aerostack2_ws/install/as2_gazebo_assets:/root/aerostack2_ws/install/as2_external_object_to_tf:/root/aerostack2_ws/install/as2_behaviors_platform:/root/aerostack2_ws/install/as2_behaviors_perception:/root/aerostack2_ws/install/as2_behaviors_path_planning:/root/aerostack2_ws/install/as2_behavior_tree:/root/aerostack2_ws/install/as2_alphanumeric_viewer:/root/aerostack2_ws/install/as2_cli:/root/aerostack2_ws/install/as2_project_bringup:/root/aerostack2_ws/install/rmf_demos_tasks:/root/aerostack2_ws/install/rmf_demos_panel:/root/aerostack2_ws/install/rmf_demos_fleet_adapter:/root/aerostack2_ws/install/rmf_demos_dashboard_resources:/root/aerostack2_ws/install/rmf_demos_bridges:/root/aerostack2_ws/install/rmf_demos_assets:/root/aerostack2_ws/install/as2_visualization:/root/aerostack2_ws/install/as2_keyboard_teleoperation:/root/aerostack2_ws/install/as2_python_api:/root/aerostack2_ws/install/as2_perception:/opt/ros/humble LD_LIBRARY_PATH=/root/aerostack2_ws/install/as2_behavior/lib:/root/aerostack2_ws/install/as2_core/lib:/root/aerostack2_ws/install/as2_msgs/lib:/root/aerostack2_ws/install/as2_state_estimator/lib:/root/aerostack2_ws/install/as2_python_api/lib:/root/aerostack2_ws/install/as2_motion_controller/lib:/root/aerostack2_ws/install/as2_behaviors_trajectory_generation/lib:/root/aerostack2_ws/install/as2_behaviors_swarm_flocking/lib:/root/aerostack2_ws/install/as2_behaviors_motion/lib:/root/aerostack2_ws/install/as2_motion_reference_handlers/lib:/root/aerostack2_ws/install/as2_map_server/lib:/root/aerostack2_ws/install/as2_gazebo_assets/lib:/root/aerostack2_ws/install/as2_behaviors_perception/lib:/root/aerostack2_ws/install/as2_behaviors_path_planning/lib:/root/aerostack2_ws/install/as2_behavior_tree/lib:/opt/ros/humble/opt/rviz_ogre_vendor/lib:/opt/ros/humble/lib/x86_64-linux-gnu:/opt/ros/humble/lib /usr/bin/cmake --build /root/aerostack2_ws/build/as2_behaviors_path_planning -- -j8 -l8
[4.489s] Level 1:colcon.colcon_core.environment:create_environment_scripts_only(as2_behavior_tree)
[4.490s] Level 1:colcon.colcon_core.environment:checking '/root/aerostack2_ws/install/as2_behavior_tree' for CMake module files
[4.495s] DEBUG:colcon.colcon_core.event_handler.log_command:Invoked command in '/root/aerostack2_ws/build/as2_behavior_tree' returned '0': CMAKE_PREFIX_PATH=/root/aerostack2_ws/install/as2_core:/root/aerostack2_ws/install/as2_msgs:/root/aerostack2_ws/install/rmf_demos_gz_classic:/root/aerostack2_ws/install/rmf_demos_gz:/root/aerostack2_ws/install/rmf_demos:/root/aerostack2_ws/install/rmf_demos_maps:/root/aerostack2_ws/install/aerostack2:/root/aerostack2_ws/install/as2_usb_camera_interface:/root/aerostack2_ws/install/as2_state_estimator:/root/aerostack2_ws/install/as2_rviz_plugins:/root/aerostack2_ws/install/as2_realsense_interface:/root/aerostack2_ws/install/as2_platform_multirotor_simulator:/root/aerostack2_ws/install/as2_platform_gazebo:/root/aerostack2_ws/install/as2_motion_controller:/root/aerostack2_ws/install/as2_behaviors_trajectory_generation:/root/aerostack2_ws/install/as2_behaviors_swarm_flocking:/root/aerostack2_ws/install/as2_behaviors_motion:/root/aerostack2_ws/install/as2_motion_reference_handlers:/root/aerostack2_ws/install/as2_map_server:/root/aerostack2_ws/install/as2_geozones:/root/aerostack2_ws/install/as2_gazebo_assets:/root/aerostack2_ws/install/as2_external_object_to_tf:/root/aerostack2_ws/install/as2_behaviors_platform:/root/aerostack2_ws/install/as2_behaviors_perception:/root/aerostack2_ws/install/as2_behaviors_path_planning:/root/aerostack2_ws/install/as2_behavior_tree:/root/aerostack2_ws/install/as2_behavior:/root/aerostack2_ws/install/as2_alphanumeric_viewer:/root/aerostack2_ws/install/as2_cli:/root/aerostack2_ws/install/as2_project_bringup:/root/aerostack2_ws/install/rmf_demos_tasks:/root/aerostack2_ws/install/rmf_demos_panel:/root/aerostack2_ws/install/rmf_demos_fleet_adapter:/root/aerostack2_ws/install/rmf_demos_dashboard_resources:/root/aerostack2_ws/install/rmf_demos_bridges:/root/aerostack2_ws/install/rmf_demos_assets:/root/aerostack2_ws/install/as2_visualization:/root/aerostack2_ws/install/as2_keyboard_teleoperation:/root/aerostack2_ws/install/as2_python_api:/root/aerostack2_ws/install/as2_perception:/opt/ros/humble LD_LIBRARY_PATH=/root/aerostack2_ws/install/as2_core/lib:/root/aerostack2_ws/install/as2_msgs/lib:/root/aerostack2_ws/install/as2_state_estimator/lib:/root/aerostack2_ws/install/as2_python_api/lib:/root/aerostack2_ws/install/as2_motion_controller/lib:/root/aerostack2_ws/install/as2_behaviors_trajectory_generation/lib:/root/aerostack2_ws/install/as2_behaviors_swarm_flocking/lib:/root/aerostack2_ws/install/as2_behaviors_motion/lib:/root/aerostack2_ws/install/as2_motion_reference_handlers/lib:/root/aerostack2_ws/install/as2_map_server/lib:/root/aerostack2_ws/install/as2_gazebo_assets/lib:/root/aerostack2_ws/install/as2_behaviors_perception/lib:/root/aerostack2_ws/install/as2_behaviors_path_planning/lib:/root/aerostack2_ws/install/as2_behavior_tree/lib:/root/aerostack2_ws/install/as2_behavior/lib:/opt/ros/humble/opt/rviz_ogre_vendor/lib:/opt/ros/humble/lib/x86_64-linux-gnu:/opt/ros/humble/lib /usr/bin/cmake --install /root/aerostack2_ws/build/as2_behavior_tree
[4.496s] Level 1:colcon.colcon_core.environment:checking '/root/aerostack2_ws/install/as2_behavior_tree' for CMake config files
[4.500s] Level 1:colcon.colcon_core.shell:create_environment_hook('as2_behavior_tree', 'cmake_prefix_path')
[4.501s] INFO:colcon.colcon_core.shell:Creating environment hook '/root/aerostack2_ws/install/as2_behavior_tree/share/as2_behavior_tree/hook/cmake_prefix_path.ps1'
[4.502s] INFO:colcon.colcon_core.shell:Creating environment descriptor '/root/aerostack2_ws/install/as2_behavior_tree/share/as2_behavior_tree/hook/cmake_prefix_path.dsv'
[4.502s] INFO:colcon.colcon_core.shell:Creating environment hook '/root/aerostack2_ws/install/as2_behavior_tree/share/as2_behavior_tree/hook/cmake_prefix_path.sh'
[4.504s] Level 1:colcon.colcon_core.environment:checking '/root/aerostack2_ws/install/as2_behavior_tree/lib'
[4.504s] Level 1:colcon.colcon_core.shell:create_environment_hook('as2_behavior_tree', 'ld_library_path_lib')
[4.504s] INFO:colcon.colcon_core.shell:Creating environment hook '/root/aerostack2_ws/install/as2_behavior_tree/share/as2_behavior_tree/hook/ld_library_path_lib.ps1'
[4.505s] INFO:colcon.colcon_core.shell:Creating environment descriptor '/root/aerostack2_ws/install/as2_behavior_tree/share/as2_behavior_tree/hook/ld_library_path_lib.dsv'
[4.505s] INFO:colcon.colcon_core.shell:Creating environment hook '/root/aerostack2_ws/install/as2_behavior_tree/share/as2_behavior_tree/hook/ld_library_path_lib.sh'
[4.511s] Level 1:colcon.colcon_core.environment:checking '/root/aerostack2_ws/install/as2_behavior_tree/bin'
[4.511s] Level 1:colcon.colcon_core.environment:checking '/root/aerostack2_ws/install/as2_behavior_tree/lib/pkgconfig/as2_behavior_tree.pc'
[4.511s] Level 1:colcon.colcon_core.environment:checking '/root/aerostack2_ws/install/as2_behavior_tree/lib/python3.10/site-packages'
[4.512s] Level 1:colcon.colcon_core.environment:checking '/root/aerostack2_ws/install/as2_behavior_tree/bin'
[4.513s] INFO:colcon.colcon_core.shell:Creating package script '/root/aerostack2_ws/install/as2_behavior_tree/share/as2_behavior_tree/package.ps1'
[4.514s] INFO:colcon.colcon_core.shell:Creating package descriptor '/root/aerostack2_ws/install/as2_behavior_tree/share/as2_behavior_tree/package.dsv'
[4.515s] INFO:colcon.colcon_core.shell:Creating package script '/root/aerostack2_ws/install/as2_behavior_tree/share/as2_behavior_tree/package.sh'
[4.515s] INFO:colcon.colcon_core.shell:Creating package script '/root/aerostack2_ws/install/as2_behavior_tree/share/as2_behavior_tree/package.bash'
[4.516s] INFO:colcon.colcon_core.shell:Creating package script '/root/aerostack2_ws/install/as2_behavior_tree/share/as2_behavior_tree/package.zsh'
[4.517s] Level 1:colcon.colcon_core.environment:create_file_with_runtime_dependencies(/root/aerostack2_ws/install/as2_behavior_tree/share/colcon-core/packages/as2_behavior_tree)
[4.518s] Level 1:colcon.colcon_core.environment:create_environment_scripts_only(as2_behavior_tree)
[4.520s] Level 1:colcon.colcon_core.environment:checking '/root/aerostack2_ws/install/as2_behavior_tree' for CMake module files
[4.522s] Level 1:colcon.colcon_core.environment:checking '/root/aerostack2_ws/install/as2_behavior_tree' for CMake config files
[4.522s] Level 1:colcon.colcon_core.shell:create_environment_hook('as2_behavior_tree', 'cmake_prefix_path')
[4.523s] INFO:colcon.colcon_core.shell:Creating environment hook '/root/aerostack2_ws/install/as2_behavior_tree/share/as2_behavior_tree/hook/cmake_prefix_path.ps1'
[4.523s] INFO:colcon.colcon_core.shell:Creating environment descriptor '/root/aerostack2_ws/install/as2_behavior_tree/share/as2_behavior_tree/hook/cmake_prefix_path.dsv'
[4.524s] INFO:colcon.colcon_core.shell:Creating environment hook '/root/aerostack2_ws/install/as2_behavior_tree/share/as2_behavior_tree/hook/cmake_prefix_path.sh'
[4.525s] Level 1:colcon.colcon_core.environment:checking '/root/aerostack2_ws/install/as2_behavior_tree/lib'
[4.525s] Level 1:colcon.colcon_core.shell:create_environment_hook('as2_behavior_tree', 'ld_library_path_lib')
[4.525s] INFO:colcon.colcon_core.shell:Creating environment hook '/root/aerostack2_ws/install/as2_behavior_tree/share/as2_behavior_tree/hook/ld_library_path_lib.ps1'
[4.526s] INFO:colcon.colcon_core.shell:Creating environment descriptor '/root/aerostack2_ws/install/as2_behavior_tree/share/as2_behavior_tree/hook/ld_library_path_lib.dsv'
[4.527s] INFO:colcon.colcon_core.shell:Creating environment hook '/root/aerostack2_ws/install/as2_behavior_tree/share/as2_behavior_tree/hook/ld_library_path_lib.sh'
[4.527s] Level 1:colcon.colcon_core.environment:checking '/root/aerostack2_ws/install/as2_behavior_tree/bin'
[4.527s] Level 1:colcon.colcon_core.environment:checking '/root/aerostack2_ws/install/as2_behavior_tree/lib/pkgconfig/as2_behavior_tree.pc'
[4.528s] Level 1:colcon.colcon_core.environment:checking '/root/aerostack2_ws/install/as2_behavior_tree/lib/python3.10/site-packages'
[4.528s] Level 1:colcon.colcon_core.environment:checking '/root/aerostack2_ws/install/as2_behavior_tree/bin'
[4.529s] INFO:colcon.colcon_core.shell:Creating package script '/root/aerostack2_ws/install/as2_behavior_tree/share/as2_behavior_tree/package.ps1'
[4.529s] INFO:colcon.colcon_core.shell:Creating package descriptor '/root/aerostack2_ws/install/as2_behavior_tree/share/as2_behavior_tree/package.dsv'
[4.530s] INFO:colcon.colcon_core.shell:Creating package script '/root/aerostack2_ws/install/as2_behavior_tree/share/as2_behavior_tree/package.sh'
[4.531s] INFO:colcon.colcon_core.shell:Creating package script '/root/aerostack2_ws/install/as2_behavior_tree/share/as2_behavior_tree/package.bash'
[4.531s] INFO:colcon.colcon_core.shell:Creating package script '/root/aerostack2_ws/install/as2_behavior_tree/share/as2_behavior_tree/package.zsh'
[4.532s] Level 1:colcon.colcon_core.environment:create_file_with_runtime_dependencies(/root/aerostack2_ws/install/as2_behavior_tree/share/colcon-core/packages/as2_behavior_tree)
[4.533s] INFO:colcon.colcon_ros.task.ament_cmake.build:Building ROS package in '/root/aerostack2_ws/src/aerostack2/as2_behaviors/as2_behaviors_perception' with build type 'ament_cmake'
[4.534s] INFO:colcon.colcon_cmake.task.cmake.build:Building CMake package in '/root/aerostack2_ws/src/aerostack2/as2_behaviors/as2_behaviors_perception'
[4.534s] INFO:colcon.colcon_core.shell:Skip shell extension 'powershell' for command environment: Not usable outside of PowerShell
[4.534s] DEBUG:colcon.colcon_core.shell:Skip shell extension 'dsv' for command environment
[4.576s] Level 1:colcon.colcon_core.environment:create_environment_scripts_only(as2_motion_reference_handlers)
[4.577s] Level 1:colcon.colcon_core.environment:checking '/root/aerostack2_ws/install/as2_motion_reference_handlers' for CMake module files
[4.578s] Level 1:colcon.colcon_core.environment:checking '/root/aerostack2_ws/install/as2_motion_reference_handlers' for CMake config files
[4.578s] Level 1:colcon.colcon_core.shell:create_environment_hook('as2_motion_reference_handlers', 'cmake_prefix_path')
[4.579s] INFO:colcon.colcon_core.shell:Creating environment hook '/root/aerostack2_ws/install/as2_motion_reference_handlers/share/as2_motion_reference_handlers/hook/cmake_prefix_path.ps1'
[4.580s] DEBUG:colcon.colcon_core.event_handler.log_command:Invoked command in '/root/aerostack2_ws/build/as2_motion_reference_handlers' returned '0': CMAKE_PREFIX_PATH=/root/aerostack2_ws/install/as2_core:/root/aerostack2_ws/install/as2_msgs:/root/aerostack2_ws/install/rmf_demos_gz_classic:/root/aerostack2_ws/install/rmf_demos_gz:/root/aerostack2_ws/install/rmf_demos:/root/aerostack2_ws/install/rmf_demos_maps:/root/aerostack2_ws/install/aerostack2:/root/aerostack2_ws/install/as2_usb_camera_interface:/root/aerostack2_ws/install/as2_state_estimator:/root/aerostack2_ws/install/as2_rviz_plugins:/root/aerostack2_ws/install/as2_realsense_interface:/root/aerostack2_ws/install/as2_platform_multirotor_simulator:/root/aerostack2_ws/install/as2_platform_gazebo:/root/aerostack2_ws/install/as2_motion_controller:/root/aerostack2_ws/install/as2_behaviors_trajectory_generation:/root/aerostack2_ws/install/as2_behaviors_swarm_flocking:/root/aerostack2_ws/install/as2_behaviors_motion:/root/aerostack2_ws/install/as2_motion_reference_handlers:/root/aerostack2_ws/install/as2_map_server:/root/aerostack2_ws/install/as2_geozones:/root/aerostack2_ws/install/as2_gazebo_assets:/root/aerostack2_ws/install/as2_external_object_to_tf:/root/aerostack2_ws/install/as2_behaviors_platform:/root/aerostack2_ws/install/as2_behaviors_perception:/root/aerostack2_ws/install/as2_behaviors_path_planning:/root/aerostack2_ws/install/as2_behavior_tree:/root/aerostack2_ws/install/as2_behavior:/root/aerostack2_ws/install/as2_alphanumeric_viewer:/root/aerostack2_ws/install/as2_cli:/root/aerostack2_ws/install/as2_project_bringup:/root/aerostack2_ws/install/rmf_demos_tasks:/root/aerostack2_ws/install/rmf_demos_panel:/root/aerostack2_ws/install/rmf_demos_fleet_adapter:/root/aerostack2_ws/install/rmf_demos_dashboard_resources:/root/aerostack2_ws/install/rmf_demos_bridges:/root/aerostack2_ws/install/rmf_demos_assets:/root/aerostack2_ws/install/as2_visualization:/root/aerostack2_ws/install/as2_keyboard_teleoperation:/root/aerostack2_ws/install/as2_python_api:/root/aerostack2_ws/install/as2_perception:/opt/ros/humble LD_LIBRARY_PATH=/root/aerostack2_ws/install/as2_core/lib:/root/aerostack2_ws/install/as2_msgs/lib:/root/aerostack2_ws/install/as2_state_estimator/lib:/root/aerostack2_ws/install/as2_python_api/lib:/root/aerostack2_ws/install/as2_motion_controller/lib:/root/aerostack2_ws/install/as2_behaviors_trajectory_generation/lib:/root/aerostack2_ws/install/as2_behaviors_swarm_flocking/lib:/root/aerostack2_ws/install/as2_behaviors_motion/lib:/root/aerostack2_ws/install/as2_motion_reference_handlers/lib:/root/aerostack2_ws/install/as2_map_server/lib:/root/aerostack2_ws/install/as2_gazebo_assets/lib:/root/aerostack2_ws/install/as2_behaviors_perception/lib:/root/aerostack2_ws/install/as2_behaviors_path_planning/lib:/root/aerostack2_ws/install/as2_behavior_tree/lib:/root/aerostack2_ws/install/as2_behavior/lib:/opt/ros/humble/opt/rviz_ogre_vendor/lib:/opt/ros/humble/lib/x86_64-linux-gnu:/opt/ros/humble/lib /usr/bin/cmake --install /root/aerostack2_ws/build/as2_motion_reference_handlers
[4.580s] INFO:colcon.colcon_core.shell:Creating environment descriptor '/root/aerostack2_ws/install/as2_motion_reference_handlers/share/as2_motion_reference_handlers/hook/cmake_prefix_path.dsv'
[4.580s] INFO:colcon.colcon_core.shell:Creating environment hook '/root/aerostack2_ws/install/as2_motion_reference_handlers/share/as2_motion_reference_handlers/hook/cmake_prefix_path.sh'
[4.581s] Level 1:colcon.colcon_core.environment:checking '/root/aerostack2_ws/install/as2_motion_reference_handlers/lib'
[4.582s] Level 1:colcon.colcon_core.environment:checking '/root/aerostack2_ws/install/as2_motion_reference_handlers/bin'
[4.582s] Level 1:colcon.colcon_core.environment:checking '/root/aerostack2_ws/install/as2_motion_reference_handlers/lib/pkgconfig/as2_motion_reference_handlers.pc'
[4.582s] Level 1:colcon.colcon_core.environment:checking '/root/aerostack2_ws/install/as2_motion_reference_handlers/lib/python3.10/site-packages'
[4.582s] Level 1:colcon.colcon_core.environment:checking '/root/aerostack2_ws/install/as2_motion_reference_handlers/bin'
[4.583s] INFO:colcon.colcon_core.shell:Creating package script '/root/aerostack2_ws/install/as2_motion_reference_handlers/share/as2_motion_reference_handlers/package.ps1'
[4.584s] INFO:colcon.colcon_core.shell:Creating package descriptor '/root/aerostack2_ws/install/as2_motion_reference_handlers/share/as2_motion_reference_handlers/package.dsv'
[4.585s] INFO:colcon.colcon_core.shell:Creating package script '/root/aerostack2_ws/install/as2_motion_reference_handlers/share/as2_motion_reference_handlers/package.sh'
[4.585s] INFO:colcon.colcon_core.shell:Creating package script '/root/aerostack2_ws/install/as2_motion_reference_handlers/share/as2_motion_reference_handlers/package.bash'
[4.586s] INFO:colcon.colcon_core.shell:Creating package script '/root/aerostack2_ws/install/as2_motion_reference_handlers/share/as2_motion_reference_handlers/package.zsh'
[4.587s] Level 1:colcon.colcon_core.environment:create_file_with_runtime_dependencies(/root/aerostack2_ws/install/as2_motion_reference_handlers/share/colcon-core/packages/as2_motion_reference_handlers)
[4.588s] Level 1:colcon.colcon_core.environment:create_environment_scripts_only(as2_motion_reference_handlers)
[4.589s] Level 1:colcon.colcon_core.environment:checking '/root/aerostack2_ws/install/as2_motion_reference_handlers' for CMake module files
[4.590s] Level 1:colcon.colcon_core.environment:checking '/root/aerostack2_ws/install/as2_motion_reference_handlers' for CMake config files
[4.590s] Level 1:colcon.colcon_core.shell:create_environment_hook('as2_motion_reference_handlers', 'cmake_prefix_path')
[4.591s] INFO:colcon.colcon_core.shell:Creating environment hook '/root/aerostack2_ws/install/as2_motion_reference_handlers/share/as2_motion_reference_handlers/hook/cmake_prefix_path.ps1'
[4.592s] INFO:colcon.colcon_core.shell:Creating environment descriptor '/root/aerostack2_ws/install/as2_motion_reference_handlers/share/as2_motion_reference_handlers/hook/cmake_prefix_path.dsv'
[4.594s] INFO:colcon.colcon_core.shell:Creating environment hook '/root/aerostack2_ws/install/as2_motion_reference_handlers/share/as2_motion_reference_handlers/hook/cmake_prefix_path.sh'
[4.595s] Level 1:colcon.colcon_core.environment:checking '/root/aerostack2_ws/install/as2_motion_reference_handlers/lib'
[4.595s] Level 1:colcon.colcon_core.environment:checking '/root/aerostack2_ws/install/as2_motion_reference_handlers/bin'
[4.595s] Level 1:colcon.colcon_core.environment:checking '/root/aerostack2_ws/install/as2_motion_reference_handlers/lib/pkgconfig/as2_motion_reference_handlers.pc'
[4.596s] Level 1:colcon.colcon_core.environment:checking '/root/aerostack2_ws/install/as2_motion_reference_handlers/lib/python3.10/site-packages'
[4.597s] Level 1:colcon.colcon_core.environment:checking '/root/aerostack2_ws/install/as2_motion_reference_handlers/bin'
[4.597s] INFO:colcon.colcon_core.shell:Creating package script '/root/aerostack2_ws/install/as2_motion_reference_handlers/share/as2_motion_reference_handlers/package.ps1'
[4.599s] INFO:colcon.colcon_core.shell:Creating package descriptor '/root/aerostack2_ws/install/as2_motion_reference_handlers/share/as2_motion_reference_handlers/package.dsv'
[4.600s] INFO:colcon.colcon_core.shell:Creating package script '/root/aerostack2_ws/install/as2_motion_reference_handlers/share/as2_motion_reference_handlers/package.sh'
[4.601s] INFO:colcon.colcon_core.shell:Creating package script '/root/aerostack2_ws/install/as2_motion_reference_handlers/share/as2_motion_reference_handlers/package.bash'
[4.601s] INFO:colcon.colcon_core.shell:Creating package script '/root/aerostack2_ws/install/as2_motion_reference_handlers/share/as2_motion_reference_handlers/package.zsh'
[4.603s] Level 1:colcon.colcon_core.environment:create_file_with_runtime_dependencies(/root/aerostack2_ws/install/as2_motion_reference_handlers/share/colcon-core/packages/as2_motion_reference_handlers)
[4.603s] INFO:colcon.colcon_ros.task.ament_python.build:Building ROS package in '/root/aerostack2_ws/src/aerostack2/as2_python_api' with build type 'ament_python'
[4.604s] Level 1:colcon.colcon_core.shell:create_environment_hook('as2_python_api', 'ament_prefix_path')
[4.604s] INFO:colcon.colcon_core.shell:Creating environment hook '/root/aerostack2_ws/install/as2_python_api/share/as2_python_api/hook/ament_prefix_path.ps1'
[4.605s] INFO:colcon.colcon_core.shell:Creating environment descriptor '/root/aerostack2_ws/install/as2_python_api/share/as2_python_api/hook/ament_prefix_path.dsv'
[4.606s] INFO:colcon.colcon_core.shell:Creating environment hook '/root/aerostack2_ws/install/as2_python_api/share/as2_python_api/hook/ament_prefix_path.sh'
[4.607s] INFO:colcon.colcon_core.shell:Skip shell extension 'powershell' for command environment: Not usable outside of PowerShell
[4.607s] DEBUG:colcon.colcon_core.shell:Skip shell extension 'dsv' for command environment
[4.629s] DEBUG:colcon.colcon_core.event_handler.log_command:Invoking command in '/root/aerostack2_ws/build/as2_behaviors_perception': CMAKE_PREFIX_PATH=/root/aerostack2_ws/install/as2_behavior:/root/aerostack2_ws/install/as2_core:/root/aerostack2_ws/install/as2_msgs:/root/aerostack2_ws/install/rmf_demos_gz_classic:/root/aerostack2_ws/install/rmf_demos_gz:/root/aerostack2_ws/install/rmf_demos:/root/aerostack2_ws/install/rmf_demos_maps:/root/aerostack2_ws/install/aerostack2:/root/aerostack2_ws/install/as2_usb_camera_interface:/root/aerostack2_ws/install/as2_state_estimator:/root/aerostack2_ws/install/as2_rviz_plugins:/root/aerostack2_ws/install/as2_realsense_interface:/root/aerostack2_ws/install/as2_platform_multirotor_simulator:/root/aerostack2_ws/install/as2_platform_gazebo:/root/aerostack2_ws/install/as2_motion_controller:/root/aerostack2_ws/install/as2_behaviors_trajectory_generation:/root/aerostack2_ws/install/as2_behaviors_swarm_flocking:/root/aerostack2_ws/install/as2_behaviors_motion:/root/aerostack2_ws/install/as2_motion_reference_handlers:/root/aerostack2_ws/install/as2_map_server:/root/aerostack2_ws/install/as2_geozones:/root/aerostack2_ws/install/as2_gazebo_assets:/root/aerostack2_ws/install/as2_external_object_to_tf:/root/aerostack2_ws/install/as2_behaviors_platform:/root/aerostack2_ws/install/as2_behaviors_perception:/root/aerostack2_ws/install/as2_behaviors_path_planning:/root/aerostack2_ws/install/as2_behavior_tree:/root/aerostack2_ws/install/as2_alphanumeric_viewer:/root/aerostack2_ws/install/as2_cli:/root/aerostack2_ws/install/as2_project_bringup:/root/aerostack2_ws/install/rmf_demos_tasks:/root/aerostack2_ws/install/rmf_demos_panel:/root/aerostack2_ws/install/rmf_demos_fleet_adapter:/root/aerostack2_ws/install/rmf_demos_dashboard_resources:/root/aerostack2_ws/install/rmf_demos_bridges:/root/aerostack2_ws/install/rmf_demos_assets:/root/aerostack2_ws/install/as2_visualization:/root/aerostack2_ws/install/as2_keyboard_teleoperation:/root/aerostack2_ws/install/as2_python_api:/root/aerostack2_ws/install/as2_perception:/opt/ros/humble LD_LIBRARY_PATH=/root/aerostack2_ws/install/as2_behavior/lib:/root/aerostack2_ws/install/as2_core/lib:/root/aerostack2_ws/install/as2_msgs/lib:/root/aerostack2_ws/install/as2_state_estimator/lib:/root/aerostack2_ws/install/as2_python_api/lib:/root/aerostack2_ws/install/as2_motion_controller/lib:/root/aerostack2_ws/install/as2_behaviors_trajectory_generation/lib:/root/aerostack2_ws/install/as2_behaviors_swarm_flocking/lib:/root/aerostack2_ws/install/as2_behaviors_motion/lib:/root/aerostack2_ws/install/as2_motion_reference_handlers/lib:/root/aerostack2_ws/install/as2_map_server/lib:/root/aerostack2_ws/install/as2_gazebo_assets/lib:/root/aerostack2_ws/install/as2_behaviors_perception/lib:/root/aerostack2_ws/install/as2_behaviors_path_planning/lib:/root/aerostack2_ws/install/as2_behavior_tree/lib:/opt/ros/humble/opt/rviz_ogre_vendor/lib:/opt/ros/humble/lib/x86_64-linux-gnu:/opt/ros/humble/lib /usr/bin/cmake --build /root/aerostack2_ws/build/as2_behaviors_perception -- -j8 -l8
[5.126s] INFO:colcon.colcon_core.task.python.build:Building Python package in '/root/aerostack2_ws/src/aerostack2/as2_python_api'
[5.127s] INFO:colcon.colcon_core.shell:Skip shell extension 'powershell' for command environment: Not usable outside of PowerShell
[5.127s] DEBUG:colcon.colcon_core.shell:Skip shell extension 'dsv' for command environment
[5.137s] DEBUG:colcon.colcon_core.event_handler.log_command:Invoked command in '/root/aerostack2_ws/build/as2_realsense_interface' returned '0': CMAKE_PREFIX_PATH=/root/aerostack2_ws/install/as2_core:/root/aerostack2_ws/install/as2_msgs:/root/aerostack2_ws/install/rmf_demos_gz_classic:/root/aerostack2_ws/install/rmf_demos_gz:/root/aerostack2_ws/install/rmf_demos:/root/aerostack2_ws/install/rmf_demos_maps:/root/aerostack2_ws/install/aerostack2:/root/aerostack2_ws/install/as2_usb_camera_interface:/root/aerostack2_ws/install/as2_state_estimator:/root/aerostack2_ws/install/as2_rviz_plugins:/root/aerostack2_ws/install/as2_realsense_interface:/root/aerostack2_ws/install/as2_platform_multirotor_simulator:/root/aerostack2_ws/install/as2_platform_gazebo:/root/aerostack2_ws/install/as2_motion_controller:/root/aerostack2_ws/install/as2_behaviors_trajectory_generation:/root/aerostack2_ws/install/as2_behaviors_swarm_flocking:/root/aerostack2_ws/install/as2_behaviors_motion:/root/aerostack2_ws/install/as2_motion_reference_handlers:/root/aerostack2_ws/install/as2_map_server:/root/aerostack2_ws/install/as2_geozones:/root/aerostack2_ws/install/as2_gazebo_assets:/root/aerostack2_ws/install/as2_external_object_to_tf:/root/aerostack2_ws/install/as2_behaviors_platform:/root/aerostack2_ws/install/as2_behaviors_perception:/root/aerostack2_ws/install/as2_behaviors_path_planning:/root/aerostack2_ws/install/as2_behavior_tree:/root/aerostack2_ws/install/as2_behavior:/root/aerostack2_ws/install/as2_alphanumeric_viewer:/root/aerostack2_ws/install/as2_cli:/root/aerostack2_ws/install/as2_project_bringup:/root/aerostack2_ws/install/rmf_demos_tasks:/root/aerostack2_ws/install/rmf_demos_panel:/root/aerostack2_ws/install/rmf_demos_fleet_adapter:/root/aerostack2_ws/install/rmf_demos_dashboard_resources:/root/aerostack2_ws/install/rmf_demos_bridges:/root/aerostack2_ws/install/rmf_demos_assets:/root/aerostack2_ws/install/as2_visualization:/root/aerostack2_ws/install/as2_keyboard_teleoperation:/root/aerostack2_ws/install/as2_python_api:/root/aerostack2_ws/install/as2_perception:/opt/ros/humble LD_LIBRARY_PATH=/root/aerostack2_ws/install/as2_core/lib:/root/aerostack2_ws/install/as2_msgs/lib:/root/aerostack2_ws/install/as2_state_estimator/lib:/root/aerostack2_ws/install/as2_python_api/lib:/root/aerostack2_ws/install/as2_motion_controller/lib:/root/aerostack2_ws/install/as2_behaviors_trajectory_generation/lib:/root/aerostack2_ws/install/as2_behaviors_swarm_flocking/lib:/root/aerostack2_ws/install/as2_behaviors_motion/lib:/root/aerostack2_ws/install/as2_motion_reference_handlers/lib:/root/aerostack2_ws/install/as2_map_server/lib:/root/aerostack2_ws/install/as2_gazebo_assets/lib:/root/aerostack2_ws/install/as2_behaviors_perception/lib:/root/aerostack2_ws/install/as2_behaviors_path_planning/lib:/root/aerostack2_ws/install/as2_behavior_tree/lib:/root/aerostack2_ws/install/as2_behavior/lib:/opt/ros/humble/opt/rviz_ogre_vendor/lib:/opt/ros/humble/lib/x86_64-linux-gnu:/opt/ros/humble/lib /usr/bin/cmake --build /root/aerostack2_ws/build/as2_realsense_interface -- -j8 -l8
[5.139s] DEBUG:colcon.colcon_core.event_handler.log_command:Invoking command in '/root/aerostack2_ws/build/as2_realsense_interface': CMAKE_PREFIX_PATH=/root/aerostack2_ws/install/as2_core:/root/aerostack2_ws/install/as2_msgs:/root/aerostack2_ws/install/rmf_demos_gz_classic:/root/aerostack2_ws/install/rmf_demos_gz:/root/aerostack2_ws/install/rmf_demos:/root/aerostack2_ws/install/rmf_demos_maps:/root/aerostack2_ws/install/aerostack2:/root/aerostack2_ws/install/as2_usb_camera_interface:/root/aerostack2_ws/install/as2_state_estimator:/root/aerostack2_ws/install/as2_rviz_plugins:/root/aerostack2_ws/install/as2_realsense_interface:/root/aerostack2_ws/install/as2_platform_multirotor_simulator:/root/aerostack2_ws/install/as2_platform_gazebo:/root/aerostack2_ws/install/as2_motion_controller:/root/aerostack2_ws/install/as2_behaviors_trajectory_generation:/root/aerostack2_ws/install/as2_behaviors_swarm_flocking:/root/aerostack2_ws/install/as2_behaviors_motion:/root/aerostack2_ws/install/as2_motion_reference_handlers:/root/aerostack2_ws/install/as2_map_server:/root/aerostack2_ws/install/as2_geozones:/root/aerostack2_ws/install/as2_gazebo_assets:/root/aerostack2_ws/install/as2_external_object_to_tf:/root/aerostack2_ws/install/as2_behaviors_platform:/root/aerostack2_ws/install/as2_behaviors_perception:/root/aerostack2_ws/install/as2_behaviors_path_planning:/root/aerostack2_ws/install/as2_behavior_tree:/root/aerostack2_ws/install/as2_behavior:/root/aerostack2_ws/install/as2_alphanumeric_viewer:/root/aerostack2_ws/install/as2_cli:/root/aerostack2_ws/install/as2_project_bringup:/root/aerostack2_ws/install/rmf_demos_tasks:/root/aerostack2_ws/install/rmf_demos_panel:/root/aerostack2_ws/install/rmf_demos_fleet_adapter:/root/aerostack2_ws/install/rmf_demos_dashboard_resources:/root/aerostack2_ws/install/rmf_demos_bridges:/root/aerostack2_ws/install/rmf_demos_assets:/root/aerostack2_ws/install/as2_visualization:/root/aerostack2_ws/install/as2_keyboard_teleoperation:/root/aerostack2_ws/install/as2_python_api:/root/aerostack2_ws/install/as2_perception:/opt/ros/humble LD_LIBRARY_PATH=/root/aerostack2_ws/install/as2_core/lib:/root/aerostack2_ws/install/as2_msgs/lib:/root/aerostack2_ws/install/as2_state_estimator/lib:/root/aerostack2_ws/install/as2_python_api/lib:/root/aerostack2_ws/install/as2_motion_controller/lib:/root/aerostack2_ws/install/as2_behaviors_trajectory_generation/lib:/root/aerostack2_ws/install/as2_behaviors_swarm_flocking/lib:/root/aerostack2_ws/install/as2_behaviors_motion/lib:/root/aerostack2_ws/install/as2_motion_reference_handlers/lib:/root/aerostack2_ws/install/as2_map_server/lib:/root/aerostack2_ws/install/as2_gazebo_assets/lib:/root/aerostack2_ws/install/as2_behaviors_perception/lib:/root/aerostack2_ws/install/as2_behaviors_path_planning/lib:/root/aerostack2_ws/install/as2_behavior_tree/lib:/root/aerostack2_ws/install/as2_behavior/lib:/opt/ros/humble/opt/rviz_ogre_vendor/lib:/opt/ros/humble/lib/x86_64-linux-gnu:/opt/ros/humble/lib /usr/bin/cmake --install /root/aerostack2_ws/build/as2_realsense_interface
[5.140s] DEBUG:colcon.colcon_core.event_handler.log_command:Invoked command in '/root/aerostack2_ws/build/as2_usb_camera_interface' returned '0': CMAKE_PREFIX_PATH=/root/aerostack2_ws/install/as2_core:/root/aerostack2_ws/install/as2_msgs:/root/aerostack2_ws/install/rmf_demos_gz_classic:/root/aerostack2_ws/install/rmf_demos_gz:/root/aerostack2_ws/install/rmf_demos:/root/aerostack2_ws/install/rmf_demos_maps:/root/aerostack2_ws/install/aerostack2:/root/aerostack2_ws/install/as2_usb_camera_interface:/root/aerostack2_ws/install/as2_state_estimator:/root/aerostack2_ws/install/as2_rviz_plugins:/root/aerostack2_ws/install/as2_realsense_interface:/root/aerostack2_ws/install/as2_platform_multirotor_simulator:/root/aerostack2_ws/install/as2_platform_gazebo:/root/aerostack2_ws/install/as2_motion_controller:/root/aerostack2_ws/install/as2_behaviors_trajectory_generation:/root/aerostack2_ws/install/as2_behaviors_swarm_flocking:/root/aerostack2_ws/install/as2_behaviors_motion:/root/aerostack2_ws/install/as2_motion_reference_handlers:/root/aerostack2_ws/install/as2_map_server:/root/aerostack2_ws/install/as2_geozones:/root/aerostack2_ws/install/as2_gazebo_assets:/root/aerostack2_ws/install/as2_external_object_to_tf:/root/aerostack2_ws/install/as2_behaviors_platform:/root/aerostack2_ws/install/as2_behaviors_perception:/root/aerostack2_ws/install/as2_behaviors_path_planning:/root/aerostack2_ws/install/as2_behavior_tree:/root/aerostack2_ws/install/as2_behavior:/root/aerostack2_ws/install/as2_alphanumeric_viewer:/root/aerostack2_ws/install/as2_cli:/root/aerostack2_ws/install/as2_project_bringup:/root/aerostack2_ws/install/rmf_demos_tasks:/root/aerostack2_ws/install/rmf_demos_panel:/root/aerostack2_ws/install/rmf_demos_fleet_adapter:/root/aerostack2_ws/install/rmf_demos_dashboard_resources:/root/aerostack2_ws/install/rmf_demos_bridges:/root/aerostack2_ws/install/rmf_demos_assets:/root/aerostack2_ws/install/as2_visualization:/root/aerostack2_ws/install/as2_keyboard_teleoperation:/root/aerostack2_ws/install/as2_python_api:/root/aerostack2_ws/install/as2_perception:/opt/ros/humble LD_LIBRARY_PATH=/root/aerostack2_ws/install/as2_core/lib:/root/aerostack2_ws/install/as2_msgs/lib:/root/aerostack2_ws/install/as2_state_estimator/lib:/root/aerostack2_ws/install/as2_python_api/lib:/root/aerostack2_ws/install/as2_motion_controller/lib:/root/aerostack2_ws/install/as2_behaviors_trajectory_generation/lib:/root/aerostack2_ws/install/as2_behaviors_swarm_flocking/lib:/root/aerostack2_ws/install/as2_behaviors_motion/lib:/root/aerostack2_ws/install/as2_motion_reference_handlers/lib:/root/aerostack2_ws/install/as2_map_server/lib:/root/aerostack2_ws/install/as2_gazebo_assets/lib:/root/aerostack2_ws/install/as2_behaviors_perception/lib:/root/aerostack2_ws/install/as2_behaviors_path_planning/lib:/root/aerostack2_ws/install/as2_behavior_tree/lib:/root/aerostack2_ws/install/as2_behavior/lib:/opt/ros/humble/opt/rviz_ogre_vendor/lib:/opt/ros/humble/lib/x86_64-linux-gnu:/opt/ros/humble/lib /usr/bin/cmake --build /root/aerostack2_ws/build/as2_usb_camera_interface -- -j8 -l8
[5.146s] DEBUG:colcon.colcon_core.event_handler.log_command:Invoking command in '/root/aerostack2_ws/build/as2_usb_camera_interface': CMAKE_PREFIX_PATH=/root/aerostack2_ws/install/as2_core:/root/aerostack2_ws/install/as2_msgs:/root/aerostack2_ws/install/rmf_demos_gz_classic:/root/aerostack2_ws/install/rmf_demos_gz:/root/aerostack2_ws/install/rmf_demos:/root/aerostack2_ws/install/rmf_demos_maps:/root/aerostack2_ws/install/aerostack2:/root/aerostack2_ws/install/as2_usb_camera_interface:/root/aerostack2_ws/install/as2_state_estimator:/root/aerostack2_ws/install/as2_rviz_plugins:/root/aerostack2_ws/install/as2_realsense_interface:/root/aerostack2_ws/install/as2_platform_multirotor_simulator:/root/aerostack2_ws/install/as2_platform_gazebo:/root/aerostack2_ws/install/as2_motion_controller:/root/aerostack2_ws/install/as2_behaviors_trajectory_generation:/root/aerostack2_ws/install/as2_behaviors_swarm_flocking:/root/aerostack2_ws/install/as2_behaviors_motion:/root/aerostack2_ws/install/as2_motion_reference_handlers:/root/aerostack2_ws/install/as2_map_server:/root/aerostack2_ws/install/as2_geozones:/root/aerostack2_ws/install/as2_gazebo_assets:/root/aerostack2_ws/install/as2_external_object_to_tf:/root/aerostack2_ws/install/as2_behaviors_platform:/root/aerostack2_ws/install/as2_behaviors_perception:/root/aerostack2_ws/install/as2_behaviors_path_planning:/root/aerostack2_ws/install/as2_behavior_tree:/root/aerostack2_ws/install/as2_behavior:/root/aerostack2_ws/install/as2_alphanumeric_viewer:/root/aerostack2_ws/install/as2_cli:/root/aerostack2_ws/install/as2_project_bringup:/root/aerostack2_ws/install/rmf_demos_tasks:/root/aerostack2_ws/install/rmf_demos_panel:/root/aerostack2_ws/install/rmf_demos_fleet_adapter:/root/aerostack2_ws/install/rmf_demos_dashboard_resources:/root/aerostack2_ws/install/rmf_demos_bridges:/root/aerostack2_ws/install/rmf_demos_assets:/root/aerostack2_ws/install/as2_visualization:/root/aerostack2_ws/install/as2_keyboard_teleoperation:/root/aerostack2_ws/install/as2_python_api:/root/aerostack2_ws/install/as2_perception:/opt/ros/humble LD_LIBRARY_PATH=/root/aerostack2_ws/install/as2_core/lib:/root/aerostack2_ws/install/as2_msgs/lib:/root/aerostack2_ws/install/as2_state_estimator/lib:/root/aerostack2_ws/install/as2_python_api/lib:/root/aerostack2_ws/install/as2_motion_controller/lib:/root/aerostack2_ws/install/as2_behaviors_trajectory_generation/lib:/root/aerostack2_ws/install/as2_behaviors_swarm_flocking/lib:/root/aerostack2_ws/install/as2_behaviors_motion/lib:/root/aerostack2_ws/install/as2_motion_reference_handlers/lib:/root/aerostack2_ws/install/as2_map_server/lib:/root/aerostack2_ws/install/as2_gazebo_assets/lib:/root/aerostack2_ws/install/as2_behaviors_perception/lib:/root/aerostack2_ws/install/as2_behaviors_path_planning/lib:/root/aerostack2_ws/install/as2_behavior_tree/lib:/root/aerostack2_ws/install/as2_behavior/lib:/opt/ros/humble/opt/rviz_ogre_vendor/lib:/opt/ros/humble/lib/x86_64-linux-gnu:/opt/ros/humble/lib /usr/bin/cmake --install /root/aerostack2_ws/build/as2_usb_camera_interface
[5.151s] DEBUG:colcon.colcon_core.event_handler.log_command:Invoked command in '/root/aerostack2_ws/build/as2_behaviors_path_planning' returned '0': CMAKE_PREFIX_PATH=/root/aerostack2_ws/install/as2_behavior:/root/aerostack2_ws/install/as2_core:/root/aerostack2_ws/install/as2_msgs:/root/aerostack2_ws/install/rmf_demos_gz_classic:/root/aerostack2_ws/install/rmf_demos_gz:/root/aerostack2_ws/install/rmf_demos:/root/aerostack2_ws/install/rmf_demos_maps:/root/aerostack2_ws/install/aerostack2:/root/aerostack2_ws/install/as2_usb_camera_interface:/root/aerostack2_ws/install/as2_state_estimator:/root/aerostack2_ws/install/as2_rviz_plugins:/root/aerostack2_ws/install/as2_realsense_interface:/root/aerostack2_ws/install/as2_platform_multirotor_simulator:/root/aerostack2_ws/install/as2_platform_gazebo:/root/aerostack2_ws/install/as2_motion_controller:/root/aerostack2_ws/install/as2_behaviors_trajectory_generation:/root/aerostack2_ws/install/as2_behaviors_swarm_flocking:/root/aerostack2_ws/install/as2_behaviors_motion:/root/aerostack2_ws/install/as2_motion_reference_handlers:/root/aerostack2_ws/install/as2_map_server:/root/aerostack2_ws/install/as2_geozones:/root/aerostack2_ws/install/as2_gazebo_assets:/root/aerostack2_ws/install/as2_external_object_to_tf:/root/aerostack2_ws/install/as2_behaviors_platform:/root/aerostack2_ws/install/as2_behaviors_perception:/root/aerostack2_ws/install/as2_behaviors_path_planning:/root/aerostack2_ws/install/as2_behavior_tree:/root/aerostack2_ws/install/as2_alphanumeric_viewer:/root/aerostack2_ws/install/as2_cli:/root/aerostack2_ws/install/as2_project_bringup:/root/aerostack2_ws/install/rmf_demos_tasks:/root/aerostack2_ws/install/rmf_demos_panel:/root/aerostack2_ws/install/rmf_demos_fleet_adapter:/root/aerostack2_ws/install/rmf_demos_dashboard_resources:/root/aerostack2_ws/install/rmf_demos_bridges:/root/aerostack2_ws/install/rmf_demos_assets:/root/aerostack2_ws/install/as2_visualization:/root/aerostack2_ws/install/as2_keyboard_teleoperation:/root/aerostack2_ws/install/as2_python_api:/root/aerostack2_ws/install/as2_perception:/opt/ros/humble LD_LIBRARY_PATH=/root/aerostack2_ws/install/as2_behavior/lib:/root/aerostack2_ws/install/as2_core/lib:/root/aerostack2_ws/install/as2_msgs/lib:/root/aerostack2_ws/install/as2_state_estimator/lib:/root/aerostack2_ws/install/as2_python_api/lib:/root/aerostack2_ws/install/as2_motion_controller/lib:/root/aerostack2_ws/install/as2_behaviors_trajectory_generation/lib:/root/aerostack2_ws/install/as2_behaviors_swarm_flocking/lib:/root/aerostack2_ws/install/as2_behaviors_motion/lib:/root/aerostack2_ws/install/as2_motion_reference_handlers/lib:/root/aerostack2_ws/install/as2_map_server/lib:/root/aerostack2_ws/install/as2_gazebo_assets/lib:/root/aerostack2_ws/install/as2_behaviors_perception/lib:/root/aerostack2_ws/install/as2_behaviors_path_planning/lib:/root/aerostack2_ws/install/as2_behavior_tree/lib:/opt/ros/humble/opt/rviz_ogre_vendor/lib:/opt/ros/humble/lib/x86_64-linux-gnu:/opt/ros/humble/lib /usr/bin/cmake --build /root/aerostack2_ws/build/as2_behaviors_path_planning -- -j8 -l8
[5.152s] DEBUG:colcon.colcon_core.event_handler.log_command:Invoking command in '/root/aerostack2_ws/build/as2_behaviors_path_planning': CMAKE_PREFIX_PATH=/root/aerostack2_ws/install/as2_behavior:/root/aerostack2_ws/install/as2_core:/root/aerostack2_ws/install/as2_msgs:/root/aerostack2_ws/install/rmf_demos_gz_classic:/root/aerostack2_ws/install/rmf_demos_gz:/root/aerostack2_ws/install/rmf_demos:/root/aerostack2_ws/install/rmf_demos_maps:/root/aerostack2_ws/install/aerostack2:/root/aerostack2_ws/install/as2_usb_camera_interface:/root/aerostack2_ws/install/as2_state_estimator:/root/aerostack2_ws/install/as2_rviz_plugins:/root/aerostack2_ws/install/as2_realsense_interface:/root/aerostack2_ws/install/as2_platform_multirotor_simulator:/root/aerostack2_ws/install/as2_platform_gazebo:/root/aerostack2_ws/install/as2_motion_controller:/root/aerostack2_ws/install/as2_behaviors_trajectory_generation:/root/aerostack2_ws/install/as2_behaviors_swarm_flocking:/root/aerostack2_ws/install/as2_behaviors_motion:/root/aerostack2_ws/install/as2_motion_reference_handlers:/root/aerostack2_ws/install/as2_map_server:/root/aerostack2_ws/install/as2_geozones:/root/aerostack2_ws/install/as2_gazebo_assets:/root/aerostack2_ws/install/as2_external_object_to_tf:/root/aerostack2_ws/install/as2_behaviors_platform:/root/aerostack2_ws/install/as2_behaviors_perception:/root/aerostack2_ws/install/as2_behaviors_path_planning:/root/aerostack2_ws/install/as2_behavior_tree:/root/aerostack2_ws/install/as2_alphanumeric_viewer:/root/aerostack2_ws/install/as2_cli:/root/aerostack2_ws/install/as2_project_bringup:/root/aerostack2_ws/install/rmf_demos_tasks:/root/aerostack2_ws/install/rmf_demos_panel:/root/aerostack2_ws/install/rmf_demos_fleet_adapter:/root/aerostack2_ws/install/rmf_demos_dashboard_resources:/root/aerostack2_ws/install/rmf_demos_bridges:/root/aerostack2_ws/install/rmf_demos_assets:/root/aerostack2_ws/install/as2_visualization:/root/aerostack2_ws/install/as2_keyboard_teleoperation:/root/aerostack2_ws/install/as2_python_api:/root/aerostack2_ws/install/as2_perception:/opt/ros/humble LD_LIBRARY_PATH=/root/aerostack2_ws/install/as2_behavior/lib:/root/aerostack2_ws/install/as2_core/lib:/root/aerostack2_ws/install/as2_msgs/lib:/root/aerostack2_ws/install/as2_state_estimator/lib:/root/aerostack2_ws/install/as2_python_api/lib:/root/aerostack2_ws/install/as2_motion_controller/lib:/root/aerostack2_ws/install/as2_behaviors_trajectory_generation/lib:/root/aerostack2_ws/install/as2_behaviors_swarm_flocking/lib:/root/aerostack2_ws/install/as2_behaviors_motion/lib:/root/aerostack2_ws/install/as2_motion_reference_handlers/lib:/root/aerostack2_ws/install/as2_map_server/lib:/root/aerostack2_ws/install/as2_gazebo_assets/lib:/root/aerostack2_ws/install/as2_behaviors_perception/lib:/root/aerostack2_ws/install/as2_behaviors_path_planning/lib:/root/aerostack2_ws/install/as2_behavior_tree/lib:/opt/ros/humble/opt/rviz_ogre_vendor/lib:/opt/ros/humble/lib/x86_64-linux-gnu:/opt/ros/humble/lib /usr/bin/cmake --install /root/aerostack2_ws/build/as2_behaviors_path_planning
[5.153s] DEBUG:colcon.colcon_core.event_handler.log_command:Invoked command in '/root/aerostack2_ws/build/as2_gazebo_assets' returned '0': CMAKE_PREFIX_PATH=/root/aerostack2_ws/install/as2_core:/root/aerostack2_ws/install/as2_msgs:/root/aerostack2_ws/install/rmf_demos_gz_classic:/root/aerostack2_ws/install/rmf_demos_gz:/root/aerostack2_ws/install/rmf_demos:/root/aerostack2_ws/install/rmf_demos_maps:/root/aerostack2_ws/install/aerostack2:/root/aerostack2_ws/install/as2_usb_camera_interface:/root/aerostack2_ws/install/as2_state_estimator:/root/aerostack2_ws/install/as2_rviz_plugins:/root/aerostack2_ws/install/as2_realsense_interface:/root/aerostack2_ws/install/as2_platform_multirotor_simulator:/root/aerostack2_ws/install/as2_platform_gazebo:/root/aerostack2_ws/install/as2_motion_controller:/root/aerostack2_ws/install/as2_behaviors_trajectory_generation:/root/aerostack2_ws/install/as2_behaviors_swarm_flocking:/root/aerostack2_ws/install/as2_behaviors_motion:/root/aerostack2_ws/install/as2_motion_reference_handlers:/root/aerostack2_ws/install/as2_map_server:/root/aerostack2_ws/install/as2_geozones:/root/aerostack2_ws/install/as2_gazebo_assets:/root/aerostack2_ws/install/as2_external_object_to_tf:/root/aerostack2_ws/install/as2_behaviors_platform:/root/aerostack2_ws/install/as2_behaviors_perception:/root/aerostack2_ws/install/as2_behaviors_path_planning:/root/aerostack2_ws/install/as2_behavior_tree:/root/aerostack2_ws/install/as2_behavior:/root/aerostack2_ws/install/as2_alphanumeric_viewer:/root/aerostack2_ws/install/as2_cli:/root/aerostack2_ws/install/as2_project_bringup:/root/aerostack2_ws/install/rmf_demos_tasks:/root/aerostack2_ws/install/rmf_demos_panel:/root/aerostack2_ws/install/rmf_demos_fleet_adapter:/root/aerostack2_ws/install/rmf_demos_dashboard_resources:/root/aerostack2_ws/install/rmf_demos_bridges:/root/aerostack2_ws/install/rmf_demos_assets:/root/aerostack2_ws/install/as2_visualization:/root/aerostack2_ws/install/as2_keyboard_teleoperation:/root/aerostack2_ws/install/as2_python_api:/root/aerostack2_ws/install/as2_perception:/opt/ros/humble LD_LIBRARY_PATH=/root/aerostack2_ws/install/as2_core/lib:/root/aerostack2_ws/install/as2_msgs/lib:/root/aerostack2_ws/install/as2_state_estimator/lib:/root/aerostack2_ws/install/as2_python_api/lib:/root/aerostack2_ws/install/as2_motion_controller/lib:/root/aerostack2_ws/install/as2_behaviors_trajectory_generation/lib:/root/aerostack2_ws/install/as2_behaviors_swarm_flocking/lib:/root/aerostack2_ws/install/as2_behaviors_motion/lib:/root/aerostack2_ws/install/as2_motion_reference_handlers/lib:/root/aerostack2_ws/install/as2_map_server/lib:/root/aerostack2_ws/install/as2_gazebo_assets/lib:/root/aerostack2_ws/install/as2_behaviors_perception/lib:/root/aerostack2_ws/install/as2_behaviors_path_planning/lib:/root/aerostack2_ws/install/as2_behavior_tree/lib:/root/aerostack2_ws/install/as2_behavior/lib:/opt/ros/humble/opt/rviz_ogre_vendor/lib:/opt/ros/humble/lib/x86_64-linux-gnu:/opt/ros/humble/lib /usr/bin/cmake --build /root/aerostack2_ws/build/as2_gazebo_assets -- -j8 -l8
[5.155s] DEBUG:colcon.colcon_core.event_handler.log_command:Invoking command in '/root/aerostack2_ws/build/as2_gazebo_assets': CMAKE_PREFIX_PATH=/root/aerostack2_ws/install/as2_core:/root/aerostack2_ws/install/as2_msgs:/root/aerostack2_ws/install/rmf_demos_gz_classic:/root/aerostack2_ws/install/rmf_demos_gz:/root/aerostack2_ws/install/rmf_demos:/root/aerostack2_ws/install/rmf_demos_maps:/root/aerostack2_ws/install/aerostack2:/root/aerostack2_ws/install/as2_usb_camera_interface:/root/aerostack2_ws/install/as2_state_estimator:/root/aerostack2_ws/install/as2_rviz_plugins:/root/aerostack2_ws/install/as2_realsense_interface:/root/aerostack2_ws/install/as2_platform_multirotor_simulator:/root/aerostack2_ws/install/as2_platform_gazebo:/root/aerostack2_ws/install/as2_motion_controller:/root/aerostack2_ws/install/as2_behaviors_trajectory_generation:/root/aerostack2_ws/install/as2_behaviors_swarm_flocking:/root/aerostack2_ws/install/as2_behaviors_motion:/root/aerostack2_ws/install/as2_motion_reference_handlers:/root/aerostack2_ws/install/as2_map_server:/root/aerostack2_ws/install/as2_geozones:/root/aerostack2_ws/install/as2_gazebo_assets:/root/aerostack2_ws/install/as2_external_object_to_tf:/root/aerostack2_ws/install/as2_behaviors_platform:/root/aerostack2_ws/install/as2_behaviors_perception:/root/aerostack2_ws/install/as2_behaviors_path_planning:/root/aerostack2_ws/install/as2_behavior_tree:/root/aerostack2_ws/install/as2_behavior:/root/aerostack2_ws/install/as2_alphanumeric_viewer:/root/aerostack2_ws/install/as2_cli:/root/aerostack2_ws/install/as2_project_bringup:/root/aerostack2_ws/install/rmf_demos_tasks:/root/aerostack2_ws/install/rmf_demos_panel:/root/aerostack2_ws/install/rmf_demos_fleet_adapter:/root/aerostack2_ws/install/rmf_demos_dashboard_resources:/root/aerostack2_ws/install/rmf_demos_bridges:/root/aerostack2_ws/install/rmf_demos_assets:/root/aerostack2_ws/install/as2_visualization:/root/aerostack2_ws/install/as2_keyboard_teleoperation:/root/aerostack2_ws/install/as2_python_api:/root/aerostack2_ws/install/as2_perception:/opt/ros/humble LD_LIBRARY_PATH=/root/aerostack2_ws/install/as2_core/lib:/root/aerostack2_ws/install/as2_msgs/lib:/root/aerostack2_ws/install/as2_state_estimator/lib:/root/aerostack2_ws/install/as2_python_api/lib:/root/aerostack2_ws/install/as2_motion_controller/lib:/root/aerostack2_ws/install/as2_behaviors_trajectory_generation/lib:/root/aerostack2_ws/install/as2_behaviors_swarm_flocking/lib:/root/aerostack2_ws/install/as2_behaviors_motion/lib:/root/aerostack2_ws/install/as2_motion_reference_handlers/lib:/root/aerostack2_ws/install/as2_map_server/lib:/root/aerostack2_ws/install/as2_gazebo_assets/lib:/root/aerostack2_ws/install/as2_behaviors_perception/lib:/root/aerostack2_ws/install/as2_behaviors_path_planning/lib:/root/aerostack2_ws/install/as2_behavior_tree/lib:/root/aerostack2_ws/install/as2_behavior/lib:/opt/ros/humble/opt/rviz_ogre_vendor/lib:/opt/ros/humble/lib/x86_64-linux-gnu:/opt/ros/humble/lib /usr/bin/cmake --install /root/aerostack2_ws/build/as2_gazebo_assets
[5.156s] DEBUG:colcon.colcon_core.event_handler.log_command:Invoked command in '/root/aerostack2_ws/build/as2_behaviors_perception' returned '0': CMAKE_PREFIX_PATH=/root/aerostack2_ws/install/as2_behavior:/root/aerostack2_ws/install/as2_core:/root/aerostack2_ws/install/as2_msgs:/root/aerostack2_ws/install/rmf_demos_gz_classic:/root/aerostack2_ws/install/rmf_demos_gz:/root/aerostack2_ws/install/rmf_demos:/root/aerostack2_ws/install/rmf_demos_maps:/root/aerostack2_ws/install/aerostack2:/root/aerostack2_ws/install/as2_usb_camera_interface:/root/aerostack2_ws/install/as2_state_estimator:/root/aerostack2_ws/install/as2_rviz_plugins:/root/aerostack2_ws/install/as2_realsense_interface:/root/aerostack2_ws/install/as2_platform_multirotor_simulator:/root/aerostack2_ws/install/as2_platform_gazebo:/root/aerostack2_ws/install/as2_motion_controller:/root/aerostack2_ws/install/as2_behaviors_trajectory_generation:/root/aerostack2_ws/install/as2_behaviors_swarm_flocking:/root/aerostack2_ws/install/as2_behaviors_motion:/root/aerostack2_ws/install/as2_motion_reference_handlers:/root/aerostack2_ws/install/as2_map_server:/root/aerostack2_ws/install/as2_geozones:/root/aerostack2_ws/install/as2_gazebo_assets:/root/aerostack2_ws/install/as2_external_object_to_tf:/root/aerostack2_ws/install/as2_behaviors_platform:/root/aerostack2_ws/install/as2_behaviors_perception:/root/aerostack2_ws/install/as2_behaviors_path_planning:/root/aerostack2_ws/install/as2_behavior_tree:/root/aerostack2_ws/install/as2_alphanumeric_viewer:/root/aerostack2_ws/install/as2_cli:/root/aerostack2_ws/install/as2_project_bringup:/root/aerostack2_ws/install/rmf_demos_tasks:/root/aerostack2_ws/install/rmf_demos_panel:/root/aerostack2_ws/install/rmf_demos_fleet_adapter:/root/aerostack2_ws/install/rmf_demos_dashboard_resources:/root/aerostack2_ws/install/rmf_demos_bridges:/root/aerostack2_ws/install/rmf_demos_assets:/root/aerostack2_ws/install/as2_visualization:/root/aerostack2_ws/install/as2_keyboard_teleoperation:/root/aerostack2_ws/install/as2_python_api:/root/aerostack2_ws/install/as2_perception:/opt/ros/humble LD_LIBRARY_PATH=/root/aerostack2_ws/install/as2_behavior/lib:/root/aerostack2_ws/install/as2_core/lib:/root/aerostack2_ws/install/as2_msgs/lib:/root/aerostack2_ws/install/as2_state_estimator/lib:/root/aerostack2_ws/install/as2_python_api/lib:/root/aerostack2_ws/install/as2_motion_controller/lib:/root/aerostack2_ws/install/as2_behaviors_trajectory_generation/lib:/root/aerostack2_ws/install/as2_behaviors_swarm_flocking/lib:/root/aerostack2_ws/install/as2_behaviors_motion/lib:/root/aerostack2_ws/install/as2_motion_reference_handlers/lib:/root/aerostack2_ws/install/as2_map_server/lib:/root/aerostack2_ws/install/as2_gazebo_assets/lib:/root/aerostack2_ws/install/as2_behaviors_perception/lib:/root/aerostack2_ws/install/as2_behaviors_path_planning/lib:/root/aerostack2_ws/install/as2_behavior_tree/lib:/opt/ros/humble/opt/rviz_ogre_vendor/lib:/opt/ros/humble/lib/x86_64-linux-gnu:/opt/ros/humble/lib /usr/bin/cmake --build /root/aerostack2_ws/build/as2_behaviors_perception -- -j8 -l8
[5.159s] DEBUG:colcon.colcon_core.event_handler.log_command:Invoking command in '/root/aerostack2_ws/build/as2_behaviors_perception': CMAKE_PREFIX_PATH=/root/aerostack2_ws/install/as2_behavior:/root/aerostack2_ws/install/as2_core:/root/aerostack2_ws/install/as2_msgs:/root/aerostack2_ws/install/rmf_demos_gz_classic:/root/aerostack2_ws/install/rmf_demos_gz:/root/aerostack2_ws/install/rmf_demos:/root/aerostack2_ws/install/rmf_demos_maps:/root/aerostack2_ws/install/aerostack2:/root/aerostack2_ws/install/as2_usb_camera_interface:/root/aerostack2_ws/install/as2_state_estimator:/root/aerostack2_ws/install/as2_rviz_plugins:/root/aerostack2_ws/install/as2_realsense_interface:/root/aerostack2_ws/install/as2_platform_multirotor_simulator:/root/aerostack2_ws/install/as2_platform_gazebo:/root/aerostack2_ws/install/as2_motion_controller:/root/aerostack2_ws/install/as2_behaviors_trajectory_generation:/root/aerostack2_ws/install/as2_behaviors_swarm_flocking:/root/aerostack2_ws/install/as2_behaviors_motion:/root/aerostack2_ws/install/as2_motion_reference_handlers:/root/aerostack2_ws/install/as2_map_server:/root/aerostack2_ws/install/as2_geozones:/root/aerostack2_ws/install/as2_gazebo_assets:/root/aerostack2_ws/install/as2_external_object_to_tf:/root/aerostack2_ws/install/as2_behaviors_platform:/root/aerostack2_ws/install/as2_behaviors_perception:/root/aerostack2_ws/install/as2_behaviors_path_planning:/root/aerostack2_ws/install/as2_behavior_tree:/root/aerostack2_ws/install/as2_alphanumeric_viewer:/root/aerostack2_ws/install/as2_cli:/root/aerostack2_ws/install/as2_project_bringup:/root/aerostack2_ws/install/rmf_demos_tasks:/root/aerostack2_ws/install/rmf_demos_panel:/root/aerostack2_ws/install/rmf_demos_fleet_adapter:/root/aerostack2_ws/install/rmf_demos_dashboard_resources:/root/aerostack2_ws/install/rmf_demos_bridges:/root/aerostack2_ws/install/rmf_demos_assets:/root/aerostack2_ws/install/as2_visualization:/root/aerostack2_ws/install/as2_keyboard_teleoperation:/root/aerostack2_ws/install/as2_python_api:/root/aerostack2_ws/install/as2_perception:/opt/ros/humble LD_LIBRARY_PATH=/root/aerostack2_ws/install/as2_behavior/lib:/root/aerostack2_ws/install/as2_core/lib:/root/aerostack2_ws/install/as2_msgs/lib:/root/aerostack2_ws/install/as2_state_estimator/lib:/root/aerostack2_ws/install/as2_python_api/lib:/root/aerostack2_ws/install/as2_motion_controller/lib:/root/aerostack2_ws/install/as2_behaviors_trajectory_generation/lib:/root/aerostack2_ws/install/as2_behaviors_swarm_flocking/lib:/root/aerostack2_ws/install/as2_behaviors_motion/lib:/root/aerostack2_ws/install/as2_motion_reference_handlers/lib:/root/aerostack2_ws/install/as2_map_server/lib:/root/aerostack2_ws/install/as2_gazebo_assets/lib:/root/aerostack2_ws/install/as2_behaviors_perception/lib:/root/aerostack2_ws/install/as2_behaviors_path_planning/lib:/root/aerostack2_ws/install/as2_behavior_tree/lib:/opt/ros/humble/opt/rviz_ogre_vendor/lib:/opt/ros/humble/lib/x86_64-linux-gnu:/opt/ros/humble/lib /usr/bin/cmake --install /root/aerostack2_ws/build/as2_behaviors_perception
[5.177s] Level 1:colcon.colcon_core.environment:create_environment_scripts_only(as2_realsense_interface)
[5.177s] Level 1:colcon.colcon_core.environment:checking '/root/aerostack2_ws/install/as2_realsense_interface' for CMake module files
[5.183s] Level 1:colcon.colcon_core.environment:checking '/root/aerostack2_ws/install/as2_realsense_interface' for CMake config files
[5.188s] Level 1:colcon.colcon_core.shell:create_environment_hook('as2_realsense_interface', 'cmake_prefix_path')
[5.189s] INFO:colcon.colcon_core.shell:Creating environment hook '/root/aerostack2_ws/install/as2_realsense_interface/share/as2_realsense_interface/hook/cmake_prefix_path.ps1'
[5.190s] INFO:colcon.colcon_core.shell:Creating environment descriptor '/root/aerostack2_ws/install/as2_realsense_interface/share/as2_realsense_interface/hook/cmake_prefix_path.dsv'
[5.192s] INFO:colcon.colcon_core.shell:Creating environment hook '/root/aerostack2_ws/install/as2_realsense_interface/share/as2_realsense_interface/hook/cmake_prefix_path.sh'
[5.199s] Level 1:colcon.colcon_core.environment:checking '/root/aerostack2_ws/install/as2_realsense_interface/lib'
[5.202s] DEBUG:colcon.colcon_core.event_handler.log_command:Invoked command in '/root/aerostack2_ws/build/as2_realsense_interface' returned '0': CMAKE_PREFIX_PATH=/root/aerostack2_ws/install/as2_core:/root/aerostack2_ws/install/as2_msgs:/root/aerostack2_ws/install/rmf_demos_gz_classic:/root/aerostack2_ws/install/rmf_demos_gz:/root/aerostack2_ws/install/rmf_demos:/root/aerostack2_ws/install/rmf_demos_maps:/root/aerostack2_ws/install/aerostack2:/root/aerostack2_ws/install/as2_usb_camera_interface:/root/aerostack2_ws/install/as2_state_estimator:/root/aerostack2_ws/install/as2_rviz_plugins:/root/aerostack2_ws/install/as2_realsense_interface:/root/aerostack2_ws/install/as2_platform_multirotor_simulator:/root/aerostack2_ws/install/as2_platform_gazebo:/root/aerostack2_ws/install/as2_motion_controller:/root/aerostack2_ws/install/as2_behaviors_trajectory_generation:/root/aerostack2_ws/install/as2_behaviors_swarm_flocking:/root/aerostack2_ws/install/as2_behaviors_motion:/root/aerostack2_ws/install/as2_motion_reference_handlers:/root/aerostack2_ws/install/as2_map_server:/root/aerostack2_ws/install/as2_geozones:/root/aerostack2_ws/install/as2_gazebo_assets:/root/aerostack2_ws/install/as2_external_object_to_tf:/root/aerostack2_ws/install/as2_behaviors_platform:/root/aerostack2_ws/install/as2_behaviors_perception:/root/aerostack2_ws/install/as2_behaviors_path_planning:/root/aerostack2_ws/install/as2_behavior_tree:/root/aerostack2_ws/install/as2_behavior:/root/aerostack2_ws/install/as2_alphanumeric_viewer:/root/aerostack2_ws/install/as2_cli:/root/aerostack2_ws/install/as2_project_bringup:/root/aerostack2_ws/install/rmf_demos_tasks:/root/aerostack2_ws/install/rmf_demos_panel:/root/aerostack2_ws/install/rmf_demos_fleet_adapter:/root/aerostack2_ws/install/rmf_demos_dashboard_resources:/root/aerostack2_ws/install/rmf_demos_bridges:/root/aerostack2_ws/install/rmf_demos_assets:/root/aerostack2_ws/install/as2_visualization:/root/aerostack2_ws/install/as2_keyboard_teleoperation:/root/aerostack2_ws/install/as2_python_api:/root/aerostack2_ws/install/as2_perception:/opt/ros/humble LD_LIBRARY_PATH=/root/aerostack2_ws/install/as2_core/lib:/root/aerostack2_ws/install/as2_msgs/lib:/root/aerostack2_ws/install/as2_state_estimator/lib:/root/aerostack2_ws/install/as2_python_api/lib:/root/aerostack2_ws/install/as2_motion_controller/lib:/root/aerostack2_ws/install/as2_behaviors_trajectory_generation/lib:/root/aerostack2_ws/install/as2_behaviors_swarm_flocking/lib:/root/aerostack2_ws/install/as2_behaviors_motion/lib:/root/aerostack2_ws/install/as2_motion_reference_handlers/lib:/root/aerostack2_ws/install/as2_map_server/lib:/root/aerostack2_ws/install/as2_gazebo_assets/lib:/root/aerostack2_ws/install/as2_behaviors_perception/lib:/root/aerostack2_ws/install/as2_behaviors_path_planning/lib:/root/aerostack2_ws/install/as2_behavior_tree/lib:/root/aerostack2_ws/install/as2_behavior/lib:/opt/ros/humble/opt/rviz_ogre_vendor/lib:/opt/ros/humble/lib/x86_64-linux-gnu:/opt/ros/humble/lib /usr/bin/cmake --install /root/aerostack2_ws/build/as2_realsense_interface
[5.205s] Level 1:colcon.colcon_core.environment:checking '/root/aerostack2_ws/install/as2_realsense_interface/bin'
[5.207s] Level 1:colcon.colcon_core.environment:checking '/root/aerostack2_ws/install/as2_realsense_interface/lib/pkgconfig/as2_realsense_interface.pc'
[5.208s] Level 1:colcon.colcon_core.environment:checking '/root/aerostack2_ws/install/as2_realsense_interface/lib/python3.10/site-packages'
[5.208s] Level 1:colcon.colcon_core.environment:checking '/root/aerostack2_ws/install/as2_realsense_interface/bin'
[5.212s] INFO:colcon.colcon_core.shell:Creating package script '/root/aerostack2_ws/install/as2_realsense_interface/share/as2_realsense_interface/package.ps1'
[5.217s] INFO:colcon.colcon_core.shell:Creating package descriptor '/root/aerostack2_ws/install/as2_realsense_interface/share/as2_realsense_interface/package.dsv'
[5.218s] INFO:colcon.colcon_core.shell:Creating package script '/root/aerostack2_ws/install/as2_realsense_interface/share/as2_realsense_interface/package.sh'
[5.219s] INFO:colcon.colcon_core.shell:Creating package script '/root/aerostack2_ws/install/as2_realsense_interface/share/as2_realsense_interface/package.bash'
[5.220s] INFO:colcon.colcon_core.shell:Creating package script '/root/aerostack2_ws/install/as2_realsense_interface/share/as2_realsense_interface/package.zsh'
[5.221s] Level 1:colcon.colcon_core.environment:create_file_with_runtime_dependencies(/root/aerostack2_ws/install/as2_realsense_interface/share/colcon-core/packages/as2_realsense_interface)
[5.221s] Level 1:colcon.colcon_core.environment:create_environment_scripts_only(as2_realsense_interface)
[5.222s] Level 1:colcon.colcon_core.environment:checking '/root/aerostack2_ws/install/as2_realsense_interface' for CMake module files
[5.223s] Level 1:colcon.colcon_core.environment:checking '/root/aerostack2_ws/install/as2_realsense_interface' for CMake config files
[5.223s] Level 1:colcon.colcon_core.shell:create_environment_hook('as2_realsense_interface', 'cmake_prefix_path')
[5.224s] INFO:colcon.colcon_core.shell:Creating environment hook '/root/aerostack2_ws/install/as2_realsense_interface/share/as2_realsense_interface/hook/cmake_prefix_path.ps1'
[5.224s] INFO:colcon.colcon_core.shell:Creating environment descriptor '/root/aerostack2_ws/install/as2_realsense_interface/share/as2_realsense_interface/hook/cmake_prefix_path.dsv'
[5.225s] INFO:colcon.colcon_core.shell:Creating environment hook '/root/aerostack2_ws/install/as2_realsense_interface/share/as2_realsense_interface/hook/cmake_prefix_path.sh'
[5.226s] Level 1:colcon.colcon_core.environment:checking '/root/aerostack2_ws/install/as2_realsense_interface/lib'
[5.226s] Level 1:colcon.colcon_core.environment:checking '/root/aerostack2_ws/install/as2_realsense_interface/bin'
[5.226s] Level 1:colcon.colcon_core.environment:checking '/root/aerostack2_ws/install/as2_realsense_interface/lib/pkgconfig/as2_realsense_interface.pc'
[5.226s] Level 1:colcon.colcon_core.environment:checking '/root/aerostack2_ws/install/as2_realsense_interface/lib/python3.10/site-packages'
[5.227s] Level 1:colcon.colcon_core.environment:checking '/root/aerostack2_ws/install/as2_realsense_interface/bin'
[5.228s] INFO:colcon.colcon_core.shell:Creating package script '/root/aerostack2_ws/install/as2_realsense_interface/share/as2_realsense_interface/package.ps1'
[5.229s] INFO:colcon.colcon_core.shell:Creating package descriptor '/root/aerostack2_ws/install/as2_realsense_interface/share/as2_realsense_interface/package.dsv'
[5.230s] INFO:colcon.colcon_core.shell:Creating package script '/root/aerostack2_ws/install/as2_realsense_interface/share/as2_realsense_interface/package.sh'
[5.231s] INFO:colcon.colcon_core.shell:Creating package script '/root/aerostack2_ws/install/as2_realsense_interface/share/as2_realsense_interface/package.bash'
[5.232s] INFO:colcon.colcon_core.shell:Creating package script '/root/aerostack2_ws/install/as2_realsense_interface/share/as2_realsense_interface/package.zsh'
[5.233s] Level 1:colcon.colcon_core.environment:create_file_with_runtime_dependencies(/root/aerostack2_ws/install/as2_realsense_interface/share/colcon-core/packages/as2_realsense_interface)
[5.235s] INFO:colcon.colcon_ros.task.ament_cmake.build:Building ROS package in '/root/aerostack2_ws/src/aerostack2/as2_behaviors/as2_behaviors_motion' with build type 'ament_cmake'
[5.235s] INFO:colcon.colcon_cmake.task.cmake.build:Building CMake package in '/root/aerostack2_ws/src/aerostack2/as2_behaviors/as2_behaviors_motion'
[5.235s] INFO:colcon.colcon_core.shell:Skip shell extension 'powershell' for command environment: Not usable outside of PowerShell
[5.235s] DEBUG:colcon.colcon_core.shell:Skip shell extension 'dsv' for command environment
[5.249s] Level 1:colcon.colcon_core.environment:create_environment_scripts_only(as2_usb_camera_interface)
[5.250s] Level 1:colcon.colcon_core.environment:checking '/root/aerostack2_ws/install/as2_usb_camera_interface' for CMake module files
[5.251s] DEBUG:colcon.colcon_core.event_handler.log_command:Invoked command in '/root/aerostack2_ws/build/as2_usb_camera_interface' returned '0': CMAKE_PREFIX_PATH=/root/aerostack2_ws/install/as2_core:/root/aerostack2_ws/install/as2_msgs:/root/aerostack2_ws/install/rmf_demos_gz_classic:/root/aerostack2_ws/install/rmf_demos_gz:/root/aerostack2_ws/install/rmf_demos:/root/aerostack2_ws/install/rmf_demos_maps:/root/aerostack2_ws/install/aerostack2:/root/aerostack2_ws/install/as2_usb_camera_interface:/root/aerostack2_ws/install/as2_state_estimator:/root/aerostack2_ws/install/as2_rviz_plugins:/root/aerostack2_ws/install/as2_realsense_interface:/root/aerostack2_ws/install/as2_platform_multirotor_simulator:/root/aerostack2_ws/install/as2_platform_gazebo:/root/aerostack2_ws/install/as2_motion_controller:/root/aerostack2_ws/install/as2_behaviors_trajectory_generation:/root/aerostack2_ws/install/as2_behaviors_swarm_flocking:/root/aerostack2_ws/install/as2_behaviors_motion:/root/aerostack2_ws/install/as2_motion_reference_handlers:/root/aerostack2_ws/install/as2_map_server:/root/aerostack2_ws/install/as2_geozones:/root/aerostack2_ws/install/as2_gazebo_assets:/root/aerostack2_ws/install/as2_external_object_to_tf:/root/aerostack2_ws/install/as2_behaviors_platform:/root/aerostack2_ws/install/as2_behaviors_perception:/root/aerostack2_ws/install/as2_behaviors_path_planning:/root/aerostack2_ws/install/as2_behavior_tree:/root/aerostack2_ws/install/as2_behavior:/root/aerostack2_ws/install/as2_alphanumeric_viewer:/root/aerostack2_ws/install/as2_cli:/root/aerostack2_ws/install/as2_project_bringup:/root/aerostack2_ws/install/rmf_demos_tasks:/root/aerostack2_ws/install/rmf_demos_panel:/root/aerostack2_ws/install/rmf_demos_fleet_adapter:/root/aerostack2_ws/install/rmf_demos_dashboard_resources:/root/aerostack2_ws/install/rmf_demos_bridges:/root/aerostack2_ws/install/rmf_demos_assets:/root/aerostack2_ws/install/as2_visualization:/root/aerostack2_ws/install/as2_keyboard_teleoperation:/root/aerostack2_ws/install/as2_python_api:/root/aerostack2_ws/install/as2_perception:/opt/ros/humble LD_LIBRARY_PATH=/root/aerostack2_ws/install/as2_core/lib:/root/aerostack2_ws/install/as2_msgs/lib:/root/aerostack2_ws/install/as2_state_estimator/lib:/root/aerostack2_ws/install/as2_python_api/lib:/root/aerostack2_ws/install/as2_motion_controller/lib:/root/aerostack2_ws/install/as2_behaviors_trajectory_generation/lib:/root/aerostack2_ws/install/as2_behaviors_swarm_flocking/lib:/root/aerostack2_ws/install/as2_behaviors_motion/lib:/root/aerostack2_ws/install/as2_motion_reference_handlers/lib:/root/aerostack2_ws/install/as2_map_server/lib:/root/aerostack2_ws/install/as2_gazebo_assets/lib:/root/aerostack2_ws/install/as2_behaviors_perception/lib:/root/aerostack2_ws/install/as2_behaviors_path_planning/lib:/root/aerostack2_ws/install/as2_behavior_tree/lib:/root/aerostack2_ws/install/as2_behavior/lib:/opt/ros/humble/opt/rviz_ogre_vendor/lib:/opt/ros/humble/lib/x86_64-linux-gnu:/opt/ros/humble/lib /usr/bin/cmake --install /root/aerostack2_ws/build/as2_usb_camera_interface
[5.253s] Level 1:colcon.colcon_core.environment:checking '/root/aerostack2_ws/install/as2_usb_camera_interface' for CMake config files
[5.255s] Level 1:colcon.colcon_core.shell:create_environment_hook('as2_usb_camera_interface', 'cmake_prefix_path')
[5.256s] INFO:colcon.colcon_core.shell:Creating environment hook '/root/aerostack2_ws/install/as2_usb_camera_interface/share/as2_usb_camera_interface/hook/cmake_prefix_path.ps1'
[5.256s] INFO:colcon.colcon_core.shell:Creating environment descriptor '/root/aerostack2_ws/install/as2_usb_camera_interface/share/as2_usb_camera_interface/hook/cmake_prefix_path.dsv'
[5.257s] INFO:colcon.colcon_core.shell:Creating environment hook '/root/aerostack2_ws/install/as2_usb_camera_interface/share/as2_usb_camera_interface/hook/cmake_prefix_path.sh'
[5.257s] Level 1:colcon.colcon_core.environment:checking '/root/aerostack2_ws/install/as2_usb_camera_interface/lib'
[5.258s] Level 1:colcon.colcon_core.environment:checking '/root/aerostack2_ws/install/as2_usb_camera_interface/bin'
[5.258s] Level 1:colcon.colcon_core.environment:checking '/root/aerostack2_ws/install/as2_usb_camera_interface/lib/pkgconfig/as2_usb_camera_interface.pc'
[5.258s] Level 1:colcon.colcon_core.environment:checking '/root/aerostack2_ws/install/as2_usb_camera_interface/lib/python3.10/site-packages'
[5.259s] Level 1:colcon.colcon_core.environment:checking '/root/aerostack2_ws/install/as2_usb_camera_interface/bin'
[5.259s] INFO:colcon.colcon_core.shell:Creating package script '/root/aerostack2_ws/install/as2_usb_camera_interface/share/as2_usb_camera_interface/package.ps1'
[5.260s] INFO:colcon.colcon_core.shell:Creating package descriptor '/root/aerostack2_ws/install/as2_usb_camera_interface/share/as2_usb_camera_interface/package.dsv'
[5.260s] INFO:colcon.colcon_core.shell:Creating package script '/root/aerostack2_ws/install/as2_usb_camera_interface/share/as2_usb_camera_interface/package.sh'
[5.261s] INFO:colcon.colcon_core.shell:Creating package script '/root/aerostack2_ws/install/as2_usb_camera_interface/share/as2_usb_camera_interface/package.bash'
[5.261s] INFO:colcon.colcon_core.shell:Creating package script '/root/aerostack2_ws/install/as2_usb_camera_interface/share/as2_usb_camera_interface/package.zsh'
[5.261s] Level 1:colcon.colcon_core.environment:create_file_with_runtime_dependencies(/root/aerostack2_ws/install/as2_usb_camera_interface/share/colcon-core/packages/as2_usb_camera_interface)
[5.263s] Level 1:colcon.colcon_core.environment:create_environment_scripts_only(as2_usb_camera_interface)
[5.263s] Level 1:colcon.colcon_core.environment:checking '/root/aerostack2_ws/install/as2_usb_camera_interface' for CMake module files
[5.264s] Level 1:colcon.colcon_core.environment:checking '/root/aerostack2_ws/install/as2_usb_camera_interface' for CMake config files
[5.265s] Level 1:colcon.colcon_core.shell:create_environment_hook('as2_usb_camera_interface', 'cmake_prefix_path')
[5.266s] INFO:colcon.colcon_core.shell:Creating environment hook '/root/aerostack2_ws/install/as2_usb_camera_interface/share/as2_usb_camera_interface/hook/cmake_prefix_path.ps1'
[5.267s] INFO:colcon.colcon_core.shell:Creating environment descriptor '/root/aerostack2_ws/install/as2_usb_camera_interface/share/as2_usb_camera_interface/hook/cmake_prefix_path.dsv'
[5.268s] INFO:colcon.colcon_core.shell:Creating environment hook '/root/aerostack2_ws/install/as2_usb_camera_interface/share/as2_usb_camera_interface/hook/cmake_prefix_path.sh'
[5.269s] Level 1:colcon.colcon_core.environment:checking '/root/aerostack2_ws/install/as2_usb_camera_interface/lib'
[5.269s] Level 1:colcon.colcon_core.environment:checking '/root/aerostack2_ws/install/as2_usb_camera_interface/bin'
[5.269s] Level 1:colcon.colcon_core.environment:checking '/root/aerostack2_ws/install/as2_usb_camera_interface/lib/pkgconfig/as2_usb_camera_interface.pc'
[5.270s] Level 1:colcon.colcon_core.environment:checking '/root/aerostack2_ws/install/as2_usb_camera_interface/lib/python3.10/site-packages'
[5.270s] Level 1:colcon.colcon_core.environment:checking '/root/aerostack2_ws/install/as2_usb_camera_interface/bin'
[5.273s] INFO:colcon.colcon_core.shell:Creating package script '/root/aerostack2_ws/install/as2_usb_camera_interface/share/as2_usb_camera_interface/package.ps1'
[5.275s] INFO:colcon.colcon_core.shell:Creating package descriptor '/root/aerostack2_ws/install/as2_usb_camera_interface/share/as2_usb_camera_interface/package.dsv'
[5.278s] INFO:colcon.colcon_core.shell:Creating package script '/root/aerostack2_ws/install/as2_usb_camera_interface/share/as2_usb_camera_interface/package.sh'
[5.282s] INFO:colcon.colcon_core.shell:Creating package script '/root/aerostack2_ws/install/as2_usb_camera_interface/share/as2_usb_camera_interface/package.bash'
[5.284s] INFO:colcon.colcon_core.shell:Creating package script '/root/aerostack2_ws/install/as2_usb_camera_interface/share/as2_usb_camera_interface/package.zsh'
[5.284s] Level 1:colcon.colcon_core.environment:create_file_with_runtime_dependencies(/root/aerostack2_ws/install/as2_usb_camera_interface/share/colcon-core/packages/as2_usb_camera_interface)
[5.286s] INFO:colcon.colcon_ros.task.ament_cmake.build:Building ROS package in '/root/aerostack2_ws/src/aerostack2/as2_behaviors/as2_behaviors_platform' with build type 'ament_cmake'
[5.286s] INFO:colcon.colcon_cmake.task.cmake.build:Building CMake package in '/root/aerostack2_ws/src/aerostack2/as2_behaviors/as2_behaviors_platform'
[5.287s] INFO:colcon.colcon_core.shell:Skip shell extension 'powershell' for command environment: Not usable outside of PowerShell
[5.288s] DEBUG:colcon.colcon_core.shell:Skip shell extension 'dsv' for command environment
[5.319s] Level 1:colcon.colcon_core.environment:create_environment_scripts_only(as2_behaviors_perception)
[5.319s] Level 1:colcon.colcon_core.environment:checking '/root/aerostack2_ws/install/as2_behaviors_perception' for CMake module files
[5.320s] DEBUG:colcon.colcon_core.event_handler.log_command:Invoked command in '/root/aerostack2_ws/build/as2_behaviors_perception' returned '0': CMAKE_PREFIX_PATH=/root/aerostack2_ws/install/as2_behavior:/root/aerostack2_ws/install/as2_core:/root/aerostack2_ws/install/as2_msgs:/root/aerostack2_ws/install/rmf_demos_gz_classic:/root/aerostack2_ws/install/rmf_demos_gz:/root/aerostack2_ws/install/rmf_demos:/root/aerostack2_ws/install/rmf_demos_maps:/root/aerostack2_ws/install/aerostack2:/root/aerostack2_ws/install/as2_usb_camera_interface:/root/aerostack2_ws/install/as2_state_estimator:/root/aerostack2_ws/install/as2_rviz_plugins:/root/aerostack2_ws/install/as2_realsense_interface:/root/aerostack2_ws/install/as2_platform_multirotor_simulator:/root/aerostack2_ws/install/as2_platform_gazebo:/root/aerostack2_ws/install/as2_motion_controller:/root/aerostack2_ws/install/as2_behaviors_trajectory_generation:/root/aerostack2_ws/install/as2_behaviors_swarm_flocking:/root/aerostack2_ws/install/as2_behaviors_motion:/root/aerostack2_ws/install/as2_motion_reference_handlers:/root/aerostack2_ws/install/as2_map_server:/root/aerostack2_ws/install/as2_geozones:/root/aerostack2_ws/install/as2_gazebo_assets:/root/aerostack2_ws/install/as2_external_object_to_tf:/root/aerostack2_ws/install/as2_behaviors_platform:/root/aerostack2_ws/install/as2_behaviors_perception:/root/aerostack2_ws/install/as2_behaviors_path_planning:/root/aerostack2_ws/install/as2_behavior_tree:/root/aerostack2_ws/install/as2_alphanumeric_viewer:/root/aerostack2_ws/install/as2_cli:/root/aerostack2_ws/install/as2_project_bringup:/root/aerostack2_ws/install/rmf_demos_tasks:/root/aerostack2_ws/install/rmf_demos_panel:/root/aerostack2_ws/install/rmf_demos_fleet_adapter:/root/aerostack2_ws/install/rmf_demos_dashboard_resources:/root/aerostack2_ws/install/rmf_demos_bridges:/root/aerostack2_ws/install/rmf_demos_assets:/root/aerostack2_ws/install/as2_visualization:/root/aerostack2_ws/install/as2_keyboard_teleoperation:/root/aerostack2_ws/install/as2_python_api:/root/aerostack2_ws/install/as2_perception:/opt/ros/humble LD_LIBRARY_PATH=/root/aerostack2_ws/install/as2_behavior/lib:/root/aerostack2_ws/install/as2_core/lib:/root/aerostack2_ws/install/as2_msgs/lib:/root/aerostack2_ws/install/as2_state_estimator/lib:/root/aerostack2_ws/install/as2_python_api/lib:/root/aerostack2_ws/install/as2_motion_controller/lib:/root/aerostack2_ws/install/as2_behaviors_trajectory_generation/lib:/root/aerostack2_ws/install/as2_behaviors_swarm_flocking/lib:/root/aerostack2_ws/install/as2_behaviors_motion/lib:/root/aerostack2_ws/install/as2_motion_reference_handlers/lib:/root/aerostack2_ws/install/as2_map_server/lib:/root/aerostack2_ws/install/as2_gazebo_assets/lib:/root/aerostack2_ws/install/as2_behaviors_perception/lib:/root/aerostack2_ws/install/as2_behaviors_path_planning/lib:/root/aerostack2_ws/install/as2_behavior_tree/lib:/opt/ros/humble/opt/rviz_ogre_vendor/lib:/opt/ros/humble/lib/x86_64-linux-gnu:/opt/ros/humble/lib /usr/bin/cmake --install /root/aerostack2_ws/build/as2_behaviors_perception
[5.321s] Level 1:colcon.colcon_core.environment:checking '/root/aerostack2_ws/install/as2_behaviors_perception' for CMake config files
[5.323s] Level 1:colcon.colcon_core.shell:create_environment_hook('as2_behaviors_perception', 'cmake_prefix_path')
[5.324s] INFO:colcon.colcon_core.shell:Creating environment hook '/root/aerostack2_ws/install/as2_behaviors_perception/share/as2_behaviors_perception/hook/cmake_prefix_path.ps1'
[5.324s] INFO:colcon.colcon_core.shell:Creating environment descriptor '/root/aerostack2_ws/install/as2_behaviors_perception/share/as2_behaviors_perception/hook/cmake_prefix_path.dsv'
[5.326s] INFO:colcon.colcon_core.shell:Creating environment hook '/root/aerostack2_ws/install/as2_behaviors_perception/share/as2_behaviors_perception/hook/cmake_prefix_path.sh'
[5.327s] Level 1:colcon.colcon_core.environment:checking '/root/aerostack2_ws/install/as2_behaviors_perception/lib'
[5.327s] Level 1:colcon.colcon_core.shell:create_environment_hook('as2_behaviors_perception', 'ld_library_path_lib')
[5.329s] INFO:colcon.colcon_core.shell:Creating environment hook '/root/aerostack2_ws/install/as2_behaviors_perception/share/as2_behaviors_perception/hook/ld_library_path_lib.ps1'
[5.330s] INFO:colcon.colcon_core.shell:Creating environment descriptor '/root/aerostack2_ws/install/as2_behaviors_perception/share/as2_behaviors_perception/hook/ld_library_path_lib.dsv'
[5.330s] INFO:colcon.colcon_core.shell:Creating environment hook '/root/aerostack2_ws/install/as2_behaviors_perception/share/as2_behaviors_perception/hook/ld_library_path_lib.sh'
[5.331s] Level 1:colcon.colcon_core.environment:checking '/root/aerostack2_ws/install/as2_behaviors_perception/bin'
[5.331s] Level 1:colcon.colcon_core.environment:checking '/root/aerostack2_ws/install/as2_behaviors_perception/lib/pkgconfig/as2_behaviors_perception.pc'
[5.331s] Level 1:colcon.colcon_core.environment:checking '/root/aerostack2_ws/install/as2_behaviors_perception/lib/python3.10/site-packages'
[5.332s] Level 1:colcon.colcon_core.environment:checking '/root/aerostack2_ws/install/as2_behaviors_perception/bin'
[5.333s] INFO:colcon.colcon_core.shell:Creating package script '/root/aerostack2_ws/install/as2_behaviors_perception/share/as2_behaviors_perception/package.ps1'
[5.333s] INFO:colcon.colcon_core.shell:Creating package descriptor '/root/aerostack2_ws/install/as2_behaviors_perception/share/as2_behaviors_perception/package.dsv'
[5.334s] INFO:colcon.colcon_core.shell:Creating package script '/root/aerostack2_ws/install/as2_behaviors_perception/share/as2_behaviors_perception/package.sh'
[5.335s] INFO:colcon.colcon_core.shell:Creating package script '/root/aerostack2_ws/install/as2_behaviors_perception/share/as2_behaviors_perception/package.bash'
[5.335s] INFO:colcon.colcon_core.shell:Creating package script '/root/aerostack2_ws/install/as2_behaviors_perception/share/as2_behaviors_perception/package.zsh'
[5.336s] Level 1:colcon.colcon_core.environment:create_file_with_runtime_dependencies(/root/aerostack2_ws/install/as2_behaviors_perception/share/colcon-core/packages/as2_behaviors_perception)
[5.336s] Level 1:colcon.colcon_core.environment:create_environment_scripts_only(as2_behaviors_perception)
[5.337s] Level 1:colcon.colcon_core.environment:checking '/root/aerostack2_ws/install/as2_behaviors_perception' for CMake module files
[5.337s] Level 1:colcon.colcon_core.environment:checking '/root/aerostack2_ws/install/as2_behaviors_perception' for CMake config files
[5.338s] Level 1:colcon.colcon_core.shell:create_environment_hook('as2_behaviors_perception', 'cmake_prefix_path')
[5.338s] INFO:colcon.colcon_core.shell:Creating environment hook '/root/aerostack2_ws/install/as2_behaviors_perception/share/as2_behaviors_perception/hook/cmake_prefix_path.ps1'
[5.339s] INFO:colcon.colcon_core.shell:Creating environment descriptor '/root/aerostack2_ws/install/as2_behaviors_perception/share/as2_behaviors_perception/hook/cmake_prefix_path.dsv'
[5.339s] INFO:colcon.colcon_core.shell:Creating environment hook '/root/aerostack2_ws/install/as2_behaviors_perception/share/as2_behaviors_perception/hook/cmake_prefix_path.sh'
[5.340s] Level 1:colcon.colcon_core.environment:checking '/root/aerostack2_ws/install/as2_behaviors_perception/lib'
[5.340s] Level 1:colcon.colcon_core.shell:create_environment_hook('as2_behaviors_perception', 'ld_library_path_lib')
[5.340s] INFO:colcon.colcon_core.shell:Creating environment hook '/root/aerostack2_ws/install/as2_behaviors_perception/share/as2_behaviors_perception/hook/ld_library_path_lib.ps1'
[5.341s] INFO:colcon.colcon_core.shell:Creating environment descriptor '/root/aerostack2_ws/install/as2_behaviors_perception/share/as2_behaviors_perception/hook/ld_library_path_lib.dsv'
[5.341s] INFO:colcon.colcon_core.shell:Creating environment hook '/root/aerostack2_ws/install/as2_behaviors_perception/share/as2_behaviors_perception/hook/ld_library_path_lib.sh'
[5.342s] Level 1:colcon.colcon_core.environment:checking '/root/aerostack2_ws/install/as2_behaviors_perception/bin'
[5.342s] Level 1:colcon.colcon_core.environment:checking '/root/aerostack2_ws/install/as2_behaviors_perception/lib/pkgconfig/as2_behaviors_perception.pc'
[5.342s] Level 1:colcon.colcon_core.environment:checking '/root/aerostack2_ws/install/as2_behaviors_perception/lib/python3.10/site-packages'
[5.343s] Level 1:colcon.colcon_core.environment:checking '/root/aerostack2_ws/install/as2_behaviors_perception/bin'
[5.343s] INFO:colcon.colcon_core.shell:Creating package script '/root/aerostack2_ws/install/as2_behaviors_perception/share/as2_behaviors_perception/package.ps1'
[5.344s] INFO:colcon.colcon_core.shell:Creating package descriptor '/root/aerostack2_ws/install/as2_behaviors_perception/share/as2_behaviors_perception/package.dsv'
[5.345s] INFO:colcon.colcon_core.shell:Creating package script '/root/aerostack2_ws/install/as2_behaviors_perception/share/as2_behaviors_perception/package.sh'
[5.346s] INFO:colcon.colcon_core.shell:Creating package script '/root/aerostack2_ws/install/as2_behaviors_perception/share/as2_behaviors_perception/package.bash'
[5.346s] INFO:colcon.colcon_core.shell:Creating package script '/root/aerostack2_ws/install/as2_behaviors_perception/share/as2_behaviors_perception/package.zsh'
[5.347s] Level 1:colcon.colcon_core.environment:create_file_with_runtime_dependencies(/root/aerostack2_ws/install/as2_behaviors_perception/share/colcon-core/packages/as2_behaviors_perception)
[5.347s] Level 1:colcon.colcon_core.environment:create_environment_scripts_only(as2_behaviors_path_planning)
[5.347s] Level 1:colcon.colcon_core.environment:checking '/root/aerostack2_ws/install/as2_behaviors_path_planning' for CMake module files
[5.348s] DEBUG:colcon.colcon_core.event_handler.log_command:Invoked command in '/root/aerostack2_ws/build/as2_behaviors_path_planning' returned '0': CMAKE_PREFIX_PATH=/root/aerostack2_ws/install/as2_behavior:/root/aerostack2_ws/install/as2_core:/root/aerostack2_ws/install/as2_msgs:/root/aerostack2_ws/install/rmf_demos_gz_classic:/root/aerostack2_ws/install/rmf_demos_gz:/root/aerostack2_ws/install/rmf_demos:/root/aerostack2_ws/install/rmf_demos_maps:/root/aerostack2_ws/install/aerostack2:/root/aerostack2_ws/install/as2_usb_camera_interface:/root/aerostack2_ws/install/as2_state_estimator:/root/aerostack2_ws/install/as2_rviz_plugins:/root/aerostack2_ws/install/as2_realsense_interface:/root/aerostack2_ws/install/as2_platform_multirotor_simulator:/root/aerostack2_ws/install/as2_platform_gazebo:/root/aerostack2_ws/install/as2_motion_controller:/root/aerostack2_ws/install/as2_behaviors_trajectory_generation:/root/aerostack2_ws/install/as2_behaviors_swarm_flocking:/root/aerostack2_ws/install/as2_behaviors_motion:/root/aerostack2_ws/install/as2_motion_reference_handlers:/root/aerostack2_ws/install/as2_map_server:/root/aerostack2_ws/install/as2_geozones:/root/aerostack2_ws/install/as2_gazebo_assets:/root/aerostack2_ws/install/as2_external_object_to_tf:/root/aerostack2_ws/install/as2_behaviors_platform:/root/aerostack2_ws/install/as2_behaviors_perception:/root/aerostack2_ws/install/as2_behaviors_path_planning:/root/aerostack2_ws/install/as2_behavior_tree:/root/aerostack2_ws/install/as2_alphanumeric_viewer:/root/aerostack2_ws/install/as2_cli:/root/aerostack2_ws/install/as2_project_bringup:/root/aerostack2_ws/install/rmf_demos_tasks:/root/aerostack2_ws/install/rmf_demos_panel:/root/aerostack2_ws/install/rmf_demos_fleet_adapter:/root/aerostack2_ws/install/rmf_demos_dashboard_resources:/root/aerostack2_ws/install/rmf_demos_bridges:/root/aerostack2_ws/install/rmf_demos_assets:/root/aerostack2_ws/install/as2_visualization:/root/aerostack2_ws/install/as2_keyboard_teleoperation:/root/aerostack2_ws/install/as2_python_api:/root/aerostack2_ws/install/as2_perception:/opt/ros/humble LD_LIBRARY_PATH=/root/aerostack2_ws/install/as2_behavior/lib:/root/aerostack2_ws/install/as2_core/lib:/root/aerostack2_ws/install/as2_msgs/lib:/root/aerostack2_ws/install/as2_state_estimator/lib:/root/aerostack2_ws/install/as2_python_api/lib:/root/aerostack2_ws/install/as2_motion_controller/lib:/root/aerostack2_ws/install/as2_behaviors_trajectory_generation/lib:/root/aerostack2_ws/install/as2_behaviors_swarm_flocking/lib:/root/aerostack2_ws/install/as2_behaviors_motion/lib:/root/aerostack2_ws/install/as2_motion_reference_handlers/lib:/root/aerostack2_ws/install/as2_map_server/lib:/root/aerostack2_ws/install/as2_gazebo_assets/lib:/root/aerostack2_ws/install/as2_behaviors_perception/lib:/root/aerostack2_ws/install/as2_behaviors_path_planning/lib:/root/aerostack2_ws/install/as2_behavior_tree/lib:/opt/ros/humble/opt/rviz_ogre_vendor/lib:/opt/ros/humble/lib/x86_64-linux-gnu:/opt/ros/humble/lib /usr/bin/cmake --install /root/aerostack2_ws/build/as2_behaviors_path_planning
[5.349s] Level 1:colcon.colcon_core.environment:checking '/root/aerostack2_ws/install/as2_behaviors_path_planning' for CMake config files
[5.350s] Level 1:colcon.colcon_core.shell:create_environment_hook('as2_behaviors_path_planning', 'cmake_prefix_path')
[5.350s] INFO:colcon.colcon_core.shell:Creating environment hook '/root/aerostack2_ws/install/as2_behaviors_path_planning/share/as2_behaviors_path_planning/hook/cmake_prefix_path.ps1'
[5.351s] INFO:colcon.colcon_core.shell:Creating environment descriptor '/root/aerostack2_ws/install/as2_behaviors_path_planning/share/as2_behaviors_path_planning/hook/cmake_prefix_path.dsv'
[5.351s] INFO:colcon.colcon_core.shell:Creating environment hook '/root/aerostack2_ws/install/as2_behaviors_path_planning/share/as2_behaviors_path_planning/hook/cmake_prefix_path.sh'
[5.352s] Level 1:colcon.colcon_core.environment:checking '/root/aerostack2_ws/install/as2_behaviors_path_planning/lib'
[5.352s] Level 1:colcon.colcon_core.shell:create_environment_hook('as2_behaviors_path_planning', 'ld_library_path_lib')
[5.352s] INFO:colcon.colcon_core.shell:Creating environment hook '/root/aerostack2_ws/install/as2_behaviors_path_planning/share/as2_behaviors_path_planning/hook/ld_library_path_lib.ps1'
[5.353s] INFO:colcon.colcon_core.shell:Creating environment descriptor '/root/aerostack2_ws/install/as2_behaviors_path_planning/share/as2_behaviors_path_planning/hook/ld_library_path_lib.dsv'
[5.353s] INFO:colcon.colcon_core.shell:Creating environment hook '/root/aerostack2_ws/install/as2_behaviors_path_planning/share/as2_behaviors_path_planning/hook/ld_library_path_lib.sh'
[5.354s] Level 1:colcon.colcon_core.environment:checking '/root/aerostack2_ws/install/as2_behaviors_path_planning/bin'
[5.354s] Level 1:colcon.colcon_core.environment:checking '/root/aerostack2_ws/install/as2_behaviors_path_planning/lib/pkgconfig/as2_behaviors_path_planning.pc'
[5.354s] Level 1:colcon.colcon_core.environment:checking '/root/aerostack2_ws/install/as2_behaviors_path_planning/lib/python3.10/site-packages'
[5.355s] Level 1:colcon.colcon_core.environment:checking '/root/aerostack2_ws/install/as2_behaviors_path_planning/bin'
[5.355s] INFO:colcon.colcon_core.shell:Creating package script '/root/aerostack2_ws/install/as2_behaviors_path_planning/share/as2_behaviors_path_planning/package.ps1'
[5.356s] INFO:colcon.colcon_core.shell:Creating package descriptor '/root/aerostack2_ws/install/as2_behaviors_path_planning/share/as2_behaviors_path_planning/package.dsv'
[5.356s] INFO:colcon.colcon_core.shell:Creating package script '/root/aerostack2_ws/install/as2_behaviors_path_planning/share/as2_behaviors_path_planning/package.sh'
[5.357s] INFO:colcon.colcon_core.shell:Creating package script '/root/aerostack2_ws/install/as2_behaviors_path_planning/share/as2_behaviors_path_planning/package.bash'
[5.357s] INFO:colcon.colcon_core.shell:Creating package script '/root/aerostack2_ws/install/as2_behaviors_path_planning/share/as2_behaviors_path_planning/package.zsh'
[5.358s] Level 1:colcon.colcon_core.environment:create_file_with_runtime_dependencies(/root/aerostack2_ws/install/as2_behaviors_path_planning/share/colcon-core/packages/as2_behaviors_path_planning)
[5.358s] Level 1:colcon.colcon_core.environment:create_environment_scripts_only(as2_behaviors_path_planning)
[5.359s] Level 1:colcon.colcon_core.environment:checking '/root/aerostack2_ws/install/as2_behaviors_path_planning' for CMake module files
[5.359s] Level 1:colcon.colcon_core.environment:checking '/root/aerostack2_ws/install/as2_behaviors_path_planning' for CMake config files
[5.360s] Level 1:colcon.colcon_core.shell:create_environment_hook('as2_behaviors_path_planning', 'cmake_prefix_path')
[5.360s] INFO:colcon.colcon_core.shell:Creating environment hook '/root/aerostack2_ws/install/as2_behaviors_path_planning/share/as2_behaviors_path_planning/hook/cmake_prefix_path.ps1'
[5.360s] INFO:colcon.colcon_core.shell:Creating environment descriptor '/root/aerostack2_ws/install/as2_behaviors_path_planning/share/as2_behaviors_path_planning/hook/cmake_prefix_path.dsv'
[5.361s] INFO:colcon.colcon_core.shell:Creating environment hook '/root/aerostack2_ws/install/as2_behaviors_path_planning/share/as2_behaviors_path_planning/hook/cmake_prefix_path.sh'
[5.362s] Level 1:colcon.colcon_core.environment:checking '/root/aerostack2_ws/install/as2_behaviors_path_planning/lib'
[5.362s] Level 1:colcon.colcon_core.shell:create_environment_hook('as2_behaviors_path_planning', 'ld_library_path_lib')
[5.362s] INFO:colcon.colcon_core.shell:Creating environment hook '/root/aerostack2_ws/install/as2_behaviors_path_planning/share/as2_behaviors_path_planning/hook/ld_library_path_lib.ps1'
[5.363s] INFO:colcon.colcon_core.shell:Creating environment descriptor '/root/aerostack2_ws/install/as2_behaviors_path_planning/share/as2_behaviors_path_planning/hook/ld_library_path_lib.dsv'
[5.363s] INFO:colcon.colcon_core.shell:Creating environment hook '/root/aerostack2_ws/install/as2_behaviors_path_planning/share/as2_behaviors_path_planning/hook/ld_library_path_lib.sh'
[5.363s] Level 1:colcon.colcon_core.environment:checking '/root/aerostack2_ws/install/as2_behaviors_path_planning/bin'
[5.363s] Level 1:colcon.colcon_core.environment:checking '/root/aerostack2_ws/install/as2_behaviors_path_planning/lib/pkgconfig/as2_behaviors_path_planning.pc'
[5.364s] Level 1:colcon.colcon_core.environment:checking '/root/aerostack2_ws/install/as2_behaviors_path_planning/lib/python3.10/site-packages'
[5.364s] Level 1:colcon.colcon_core.environment:checking '/root/aerostack2_ws/install/as2_behaviors_path_planning/bin'
[5.364s] INFO:colcon.colcon_core.shell:Creating package script '/root/aerostack2_ws/install/as2_behaviors_path_planning/share/as2_behaviors_path_planning/package.ps1'
[5.365s] INFO:colcon.colcon_core.shell:Creating package descriptor '/root/aerostack2_ws/install/as2_behaviors_path_planning/share/as2_behaviors_path_planning/package.dsv'
[5.365s] INFO:colcon.colcon_core.shell:Creating package script '/root/aerostack2_ws/install/as2_behaviors_path_planning/share/as2_behaviors_path_planning/package.sh'
[5.365s] INFO:colcon.colcon_core.shell:Creating package script '/root/aerostack2_ws/install/as2_behaviors_path_planning/share/as2_behaviors_path_planning/package.bash'
[5.366s] INFO:colcon.colcon_core.shell:Creating package script '/root/aerostack2_ws/install/as2_behaviors_path_planning/share/as2_behaviors_path_planning/package.zsh'
[5.366s] Level 1:colcon.colcon_core.environment:create_file_with_runtime_dependencies(/root/aerostack2_ws/install/as2_behaviors_path_planning/share/colcon-core/packages/as2_behaviors_path_planning)
[5.367s] DEBUG:colcon.colcon_core.event_handler.log_command:Invoked command in '/root/aerostack2_ws/build/as2_state_estimator' returned '0': CMAKE_PREFIX_PATH=/root/aerostack2_ws/install/as2_core:/root/aerostack2_ws/install/as2_msgs:/root/aerostack2_ws/install/rmf_demos_gz_classic:/root/aerostack2_ws/install/rmf_demos_gz:/root/aerostack2_ws/install/rmf_demos:/root/aerostack2_ws/install/rmf_demos_maps:/root/aerostack2_ws/install/aerostack2:/root/aerostack2_ws/install/as2_usb_camera_interface:/root/aerostack2_ws/install/as2_state_estimator:/root/aerostack2_ws/install/as2_rviz_plugins:/root/aerostack2_ws/install/as2_realsense_interface:/root/aerostack2_ws/install/as2_platform_multirotor_simulator:/root/aerostack2_ws/install/as2_platform_gazebo:/root/aerostack2_ws/install/as2_motion_controller:/root/aerostack2_ws/install/as2_behaviors_trajectory_generation:/root/aerostack2_ws/install/as2_behaviors_swarm_flocking:/root/aerostack2_ws/install/as2_behaviors_motion:/root/aerostack2_ws/install/as2_motion_reference_handlers:/root/aerostack2_ws/install/as2_map_server:/root/aerostack2_ws/install/as2_geozones:/root/aerostack2_ws/install/as2_gazebo_assets:/root/aerostack2_ws/install/as2_external_object_to_tf:/root/aerostack2_ws/install/as2_behaviors_platform:/root/aerostack2_ws/install/as2_behaviors_perception:/root/aerostack2_ws/install/as2_behaviors_path_planning:/root/aerostack2_ws/install/as2_behavior_tree:/root/aerostack2_ws/install/as2_behavior:/root/aerostack2_ws/install/as2_alphanumeric_viewer:/root/aerostack2_ws/install/as2_cli:/root/aerostack2_ws/install/as2_project_bringup:/root/aerostack2_ws/install/rmf_demos_tasks:/root/aerostack2_ws/install/rmf_demos_panel:/root/aerostack2_ws/install/rmf_demos_fleet_adapter:/root/aerostack2_ws/install/rmf_demos_dashboard_resources:/root/aerostack2_ws/install/rmf_demos_bridges:/root/aerostack2_ws/install/rmf_demos_assets:/root/aerostack2_ws/install/as2_visualization:/root/aerostack2_ws/install/as2_keyboard_teleoperation:/root/aerostack2_ws/install/as2_python_api:/root/aerostack2_ws/install/as2_perception:/opt/ros/humble LD_LIBRARY_PATH=/root/aerostack2_ws/install/as2_core/lib:/root/aerostack2_ws/install/as2_msgs/lib:/root/aerostack2_ws/install/as2_state_estimator/lib:/root/aerostack2_ws/install/as2_python_api/lib:/root/aerostack2_ws/install/as2_motion_controller/lib:/root/aerostack2_ws/install/as2_behaviors_trajectory_generation/lib:/root/aerostack2_ws/install/as2_behaviors_swarm_flocking/lib:/root/aerostack2_ws/install/as2_behaviors_motion/lib:/root/aerostack2_ws/install/as2_motion_reference_handlers/lib:/root/aerostack2_ws/install/as2_map_server/lib:/root/aerostack2_ws/install/as2_gazebo_assets/lib:/root/aerostack2_ws/install/as2_behaviors_perception/lib:/root/aerostack2_ws/install/as2_behaviors_path_planning/lib:/root/aerostack2_ws/install/as2_behavior_tree/lib:/root/aerostack2_ws/install/as2_behavior/lib:/opt/ros/humble/opt/rviz_ogre_vendor/lib:/opt/ros/humble/lib/x86_64-linux-gnu:/opt/ros/humble/lib /usr/bin/cmake --build /root/aerostack2_ws/build/as2_state_estimator -- -j8 -l8
[5.370s] DEBUG:colcon.colcon_core.event_handler.log_command:Invoking command in '/root/aerostack2_ws/build/as2_state_estimator': CMAKE_PREFIX_PATH=/root/aerostack2_ws/install/as2_core:/root/aerostack2_ws/install/as2_msgs:/root/aerostack2_ws/install/rmf_demos_gz_classic:/root/aerostack2_ws/install/rmf_demos_gz:/root/aerostack2_ws/install/rmf_demos:/root/aerostack2_ws/install/rmf_demos_maps:/root/aerostack2_ws/install/aerostack2:/root/aerostack2_ws/install/as2_usb_camera_interface:/root/aerostack2_ws/install/as2_state_estimator:/root/aerostack2_ws/install/as2_rviz_plugins:/root/aerostack2_ws/install/as2_realsense_interface:/root/aerostack2_ws/install/as2_platform_multirotor_simulator:/root/aerostack2_ws/install/as2_platform_gazebo:/root/aerostack2_ws/install/as2_motion_controller:/root/aerostack2_ws/install/as2_behaviors_trajectory_generation:/root/aerostack2_ws/install/as2_behaviors_swarm_flocking:/root/aerostack2_ws/install/as2_behaviors_motion:/root/aerostack2_ws/install/as2_motion_reference_handlers:/root/aerostack2_ws/install/as2_map_server:/root/aerostack2_ws/install/as2_geozones:/root/aerostack2_ws/install/as2_gazebo_assets:/root/aerostack2_ws/install/as2_external_object_to_tf:/root/aerostack2_ws/install/as2_behaviors_platform:/root/aerostack2_ws/install/as2_behaviors_perception:/root/aerostack2_ws/install/as2_behaviors_path_planning:/root/aerostack2_ws/install/as2_behavior_tree:/root/aerostack2_ws/install/as2_behavior:/root/aerostack2_ws/install/as2_alphanumeric_viewer:/root/aerostack2_ws/install/as2_cli:/root/aerostack2_ws/install/as2_project_bringup:/root/aerostack2_ws/install/rmf_demos_tasks:/root/aerostack2_ws/install/rmf_demos_panel:/root/aerostack2_ws/install/rmf_demos_fleet_adapter:/root/aerostack2_ws/install/rmf_demos_dashboard_resources:/root/aerostack2_ws/install/rmf_demos_bridges:/root/aerostack2_ws/install/rmf_demos_assets:/root/aerostack2_ws/install/as2_visualization:/root/aerostack2_ws/install/as2_keyboard_teleoperation:/root/aerostack2_ws/install/as2_python_api:/root/aerostack2_ws/install/as2_perception:/opt/ros/humble LD_LIBRARY_PATH=/root/aerostack2_ws/install/as2_core/lib:/root/aerostack2_ws/install/as2_msgs/lib:/root/aerostack2_ws/install/as2_state_estimator/lib:/root/aerostack2_ws/install/as2_python_api/lib:/root/aerostack2_ws/install/as2_motion_controller/lib:/root/aerostack2_ws/install/as2_behaviors_trajectory_generation/lib:/root/aerostack2_ws/install/as2_behaviors_swarm_flocking/lib:/root/aerostack2_ws/install/as2_behaviors_motion/lib:/root/aerostack2_ws/install/as2_motion_reference_handlers/lib:/root/aerostack2_ws/install/as2_map_server/lib:/root/aerostack2_ws/install/as2_gazebo_assets/lib:/root/aerostack2_ws/install/as2_behaviors_perception/lib:/root/aerostack2_ws/install/as2_behaviors_path_planning/lib:/root/aerostack2_ws/install/as2_behavior_tree/lib:/root/aerostack2_ws/install/as2_behavior/lib:/opt/ros/humble/opt/rviz_ogre_vendor/lib:/opt/ros/humble/lib/x86_64-linux-gnu:/opt/ros/humble/lib /usr/bin/cmake --install /root/aerostack2_ws/build/as2_state_estimator
[5.371s] INFO:colcon.colcon_ros.task.ament_cmake.build:Building ROS package in '/root/aerostack2_ws/src/aerostack2/as2_behaviors/as2_behaviors_trajectory_generation' with build type 'ament_cmake'
[5.372s] INFO:colcon.colcon_cmake.task.cmake.build:Building CMake package in '/root/aerostack2_ws/src/aerostack2/as2_behaviors/as2_behaviors_trajectory_generation'
[5.372s] INFO:colcon.colcon_core.shell:Skip shell extension 'powershell' for command environment: Not usable outside of PowerShell
[5.372s] DEBUG:colcon.colcon_core.shell:Skip shell extension 'dsv' for command environment
[5.382s] INFO:colcon.colcon_ros.task.ament_cmake.build:Building ROS package in '/root/aerostack2_ws/src/aerostack2/as2_motion_controller' with build type 'ament_cmake'
[5.382s] INFO:colcon.colcon_cmake.task.cmake.build:Building CMake package in '/root/aerostack2_ws/src/aerostack2/as2_motion_controller'
[5.382s] INFO:colcon.colcon_core.shell:Skip shell extension 'powershell' for command environment: Not usable outside of PowerShell
[5.382s] DEBUG:colcon.colcon_core.shell:Skip shell extension 'dsv' for command environment
[5.401s] Level 1:colcon.colcon_core.environment:create_environment_scripts_only(as2_gazebo_assets)
[5.402s] Level 1:colcon.colcon_core.environment:checking '/root/aerostack2_ws/install/as2_gazebo_assets' for CMake module files
[5.404s] Level 1:colcon.colcon_core.environment:checking '/root/aerostack2_ws/install/as2_gazebo_assets' for CMake config files
[5.407s] Level 1:colcon.colcon_core.shell:create_environment_hook('as2_gazebo_assets', 'cmake_prefix_path')
[5.407s] INFO:colcon.colcon_core.shell:Creating environment hook '/root/aerostack2_ws/install/as2_gazebo_assets/share/as2_gazebo_assets/hook/cmake_prefix_path.ps1'
[5.408s] INFO:colcon.colcon_core.shell:Creating environment descriptor '/root/aerostack2_ws/install/as2_gazebo_assets/share/as2_gazebo_assets/hook/cmake_prefix_path.dsv'
[5.410s] INFO:colcon.colcon_core.shell:Creating environment hook '/root/aerostack2_ws/install/as2_gazebo_assets/share/as2_gazebo_assets/hook/cmake_prefix_path.sh'
[5.410s] Level 1:colcon.colcon_core.environment:checking '/root/aerostack2_ws/install/as2_gazebo_assets/lib'
[5.411s] Level 1:colcon.colcon_core.shell:create_environment_hook('as2_gazebo_assets', 'ld_library_path_lib')
[5.411s] INFO:colcon.colcon_core.shell:Creating environment hook '/root/aerostack2_ws/install/as2_gazebo_assets/share/as2_gazebo_assets/hook/ld_library_path_lib.ps1'
[5.411s] INFO:colcon.colcon_core.shell:Creating environment descriptor '/root/aerostack2_ws/install/as2_gazebo_assets/share/as2_gazebo_assets/hook/ld_library_path_lib.dsv'
[5.413s] INFO:colcon.colcon_core.shell:Creating environment hook '/root/aerostack2_ws/install/as2_gazebo_assets/share/as2_gazebo_assets/hook/ld_library_path_lib.sh'
[5.414s] Level 1:colcon.colcon_core.environment:checking '/root/aerostack2_ws/install/as2_gazebo_assets/bin'
[5.414s] Level 1:colcon.colcon_core.environment:checking '/root/aerostack2_ws/install/as2_gazebo_assets/lib/pkgconfig/as2_gazebo_assets.pc'
[5.415s] Level 1:colcon.colcon_core.environment:checking '/root/aerostack2_ws/install/as2_gazebo_assets/lib/python3.10/site-packages'
[5.415s] Level 1:colcon.colcon_core.environment:checking '/root/aerostack2_ws/install/as2_gazebo_assets/bin'
[5.416s] INFO:colcon.colcon_core.shell:Creating package script '/root/aerostack2_ws/install/as2_gazebo_assets/share/as2_gazebo_assets/package.ps1'
[5.417s] INFO:colcon.colcon_core.shell:Creating package descriptor '/root/aerostack2_ws/install/as2_gazebo_assets/share/as2_gazebo_assets/package.dsv'
[5.418s] INFO:colcon.colcon_core.shell:Creating package script '/root/aerostack2_ws/install/as2_gazebo_assets/share/as2_gazebo_assets/package.sh'
[5.418s] INFO:colcon.colcon_core.shell:Creating package script '/root/aerostack2_ws/install/as2_gazebo_assets/share/as2_gazebo_assets/package.bash'
[5.417s] DEBUG:colcon.colcon_core.event_handler.log_command:Invoking command in '/root/aerostack2_ws/build/as2_behaviors_motion': CMAKE_PREFIX_PATH=/root/aerostack2_ws/install/as2_motion_reference_handlers:/root/aerostack2_ws/install/as2_behavior:/root/aerostack2_ws/install/as2_core:/root/aerostack2_ws/install/as2_msgs:/root/aerostack2_ws/install/rmf_demos_gz_classic:/root/aerostack2_ws/install/rmf_demos_gz:/root/aerostack2_ws/install/rmf_demos:/root/aerostack2_ws/install/rmf_demos_maps:/root/aerostack2_ws/install/aerostack2:/root/aerostack2_ws/install/as2_usb_camera_interface:/root/aerostack2_ws/install/as2_state_estimator:/root/aerostack2_ws/install/as2_rviz_plugins:/root/aerostack2_ws/install/as2_realsense_interface:/root/aerostack2_ws/install/as2_platform_multirotor_simulator:/root/aerostack2_ws/install/as2_platform_gazebo:/root/aerostack2_ws/install/as2_motion_controller:/root/aerostack2_ws/install/as2_behaviors_trajectory_generation:/root/aerostack2_ws/install/as2_behaviors_swarm_flocking:/root/aerostack2_ws/install/as2_behaviors_motion:/root/aerostack2_ws/install/as2_map_server:/root/aerostack2_ws/install/as2_geozones:/root/aerostack2_ws/install/as2_gazebo_assets:/root/aerostack2_ws/install/as2_external_object_to_tf:/root/aerostack2_ws/install/as2_behaviors_platform:/root/aerostack2_ws/install/as2_behaviors_perception:/root/aerostack2_ws/install/as2_behaviors_path_planning:/root/aerostack2_ws/install/as2_behavior_tree:/root/aerostack2_ws/install/as2_alphanumeric_viewer:/root/aerostack2_ws/install/as2_cli:/root/aerostack2_ws/install/as2_project_bringup:/root/aerostack2_ws/install/rmf_demos_tasks:/root/aerostack2_ws/install/rmf_demos_panel:/root/aerostack2_ws/install/rmf_demos_fleet_adapter:/root/aerostack2_ws/install/rmf_demos_dashboard_resources:/root/aerostack2_ws/install/rmf_demos_bridges:/root/aerostack2_ws/install/rmf_demos_assets:/root/aerostack2_ws/install/as2_visualization:/root/aerostack2_ws/install/as2_keyboard_teleoperation:/root/aerostack2_ws/install/as2_python_api:/root/aerostack2_ws/install/as2_perception:/opt/ros/humble LD_LIBRARY_PATH=/root/aerostack2_ws/install/as2_behavior/lib:/root/aerostack2_ws/install/as2_core/lib:/root/aerostack2_ws/install/as2_msgs/lib:/root/aerostack2_ws/install/as2_state_estimator/lib:/root/aerostack2_ws/install/as2_python_api/lib:/root/aerostack2_ws/install/as2_motion_controller/lib:/root/aerostack2_ws/install/as2_behaviors_trajectory_generation/lib:/root/aerostack2_ws/install/as2_behaviors_swarm_flocking/lib:/root/aerostack2_ws/install/as2_behaviors_motion/lib:/root/aerostack2_ws/install/as2_motion_reference_handlers/lib:/root/aerostack2_ws/install/as2_map_server/lib:/root/aerostack2_ws/install/as2_gazebo_assets/lib:/root/aerostack2_ws/install/as2_behaviors_perception/lib:/root/aerostack2_ws/install/as2_behaviors_path_planning/lib:/root/aerostack2_ws/install/as2_behavior_tree/lib:/opt/ros/humble/opt/rviz_ogre_vendor/lib:/opt/ros/humble/lib/x86_64-linux-gnu:/opt/ros/humble/lib /usr/bin/cmake --build /root/aerostack2_ws/build/as2_behaviors_motion -- -j8 -l8
[5.419s] DEBUG:colcon.colcon_core.event_handler.log_command:Invoked command in '/root/aerostack2_ws/build/as2_gazebo_assets' returned '0': CMAKE_PREFIX_PATH=/root/aerostack2_ws/install/as2_core:/root/aerostack2_ws/install/as2_msgs:/root/aerostack2_ws/install/rmf_demos_gz_classic:/root/aerostack2_ws/install/rmf_demos_gz:/root/aerostack2_ws/install/rmf_demos:/root/aerostack2_ws/install/rmf_demos_maps:/root/aerostack2_ws/install/aerostack2:/root/aerostack2_ws/install/as2_usb_camera_interface:/root/aerostack2_ws/install/as2_state_estimator:/root/aerostack2_ws/install/as2_rviz_plugins:/root/aerostack2_ws/install/as2_realsense_interface:/root/aerostack2_ws/install/as2_platform_multirotor_simulator:/root/aerostack2_ws/install/as2_platform_gazebo:/root/aerostack2_ws/install/as2_motion_controller:/root/aerostack2_ws/install/as2_behaviors_trajectory_generation:/root/aerostack2_ws/install/as2_behaviors_swarm_flocking:/root/aerostack2_ws/install/as2_behaviors_motion:/root/aerostack2_ws/install/as2_motion_reference_handlers:/root/aerostack2_ws/install/as2_map_server:/root/aerostack2_ws/install/as2_geozones:/root/aerostack2_ws/install/as2_gazebo_assets:/root/aerostack2_ws/install/as2_external_object_to_tf:/root/aerostack2_ws/install/as2_behaviors_platform:/root/aerostack2_ws/install/as2_behaviors_perception:/root/aerostack2_ws/install/as2_behaviors_path_planning:/root/aerostack2_ws/install/as2_behavior_tree:/root/aerostack2_ws/install/as2_behavior:/root/aerostack2_ws/install/as2_alphanumeric_viewer:/root/aerostack2_ws/install/as2_cli:/root/aerostack2_ws/install/as2_project_bringup:/root/aerostack2_ws/install/rmf_demos_tasks:/root/aerostack2_ws/install/rmf_demos_panel:/root/aerostack2_ws/install/rmf_demos_fleet_adapter:/root/aerostack2_ws/install/rmf_demos_dashboard_resources:/root/aerostack2_ws/install/rmf_demos_bridges:/root/aerostack2_ws/install/rmf_demos_assets:/root/aerostack2_ws/install/as2_visualization:/root/aerostack2_ws/install/as2_keyboard_teleoperation:/root/aerostack2_ws/install/as2_python_api:/root/aerostack2_ws/install/as2_perception:/opt/ros/humble LD_LIBRARY_PATH=/root/aerostack2_ws/install/as2_core/lib:/root/aerostack2_ws/install/as2_msgs/lib:/root/aerostack2_ws/install/as2_state_estimator/lib:/root/aerostack2_ws/install/as2_python_api/lib:/root/aerostack2_ws/install/as2_motion_controller/lib:/root/aerostack2_ws/install/as2_behaviors_trajectory_generation/lib:/root/aerostack2_ws/install/as2_behaviors_swarm_flocking/lib:/root/aerostack2_ws/install/as2_behaviors_motion/lib:/root/aerostack2_ws/install/as2_motion_reference_handlers/lib:/root/aerostack2_ws/install/as2_map_server/lib:/root/aerostack2_ws/install/as2_gazebo_assets/lib:/root/aerostack2_ws/install/as2_behaviors_perception/lib:/root/aerostack2_ws/install/as2_behaviors_path_planning/lib:/root/aerostack2_ws/install/as2_behavior_tree/lib:/root/aerostack2_ws/install/as2_behavior/lib:/opt/ros/humble/opt/rviz_ogre_vendor/lib:/opt/ros/humble/lib/x86_64-linux-gnu:/opt/ros/humble/lib /usr/bin/cmake --install /root/aerostack2_ws/build/as2_gazebo_assets
[5.419s] INFO:colcon.colcon_core.shell:Creating package script '/root/aerostack2_ws/install/as2_gazebo_assets/share/as2_gazebo_assets/package.zsh'
[5.420s] Level 1:colcon.colcon_core.environment:create_file_with_runtime_dependencies(/root/aerostack2_ws/install/as2_gazebo_assets/share/colcon-core/packages/as2_gazebo_assets)
[5.421s] Level 1:colcon.colcon_core.environment:create_environment_scripts_only(as2_gazebo_assets)
[5.421s] Level 1:colcon.colcon_core.environment:checking '/root/aerostack2_ws/install/as2_gazebo_assets' for CMake module files
[5.423s] Level 1:colcon.colcon_core.environment:checking '/root/aerostack2_ws/install/as2_gazebo_assets' for CMake config files
[5.424s] Level 1:colcon.colcon_core.shell:create_environment_hook('as2_gazebo_assets', 'cmake_prefix_path')
[5.424s] INFO:colcon.colcon_core.shell:Creating environment hook '/root/aerostack2_ws/install/as2_gazebo_assets/share/as2_gazebo_assets/hook/cmake_prefix_path.ps1'
[5.425s] INFO:colcon.colcon_core.shell:Creating environment descriptor '/root/aerostack2_ws/install/as2_gazebo_assets/share/as2_gazebo_assets/hook/cmake_prefix_path.dsv'
[5.425s] INFO:colcon.colcon_core.shell:Creating environment hook '/root/aerostack2_ws/install/as2_gazebo_assets/share/as2_gazebo_assets/hook/cmake_prefix_path.sh'
[5.427s] Level 1:colcon.colcon_core.environment:checking '/root/aerostack2_ws/install/as2_gazebo_assets/lib'
[5.427s] Level 1:colcon.colcon_core.shell:create_environment_hook('as2_gazebo_assets', 'ld_library_path_lib')
[5.428s] INFO:colcon.colcon_core.shell:Creating environment hook '/root/aerostack2_ws/install/as2_gazebo_assets/share/as2_gazebo_assets/hook/ld_library_path_lib.ps1'
[5.428s] INFO:colcon.colcon_core.shell:Creating environment descriptor '/root/aerostack2_ws/install/as2_gazebo_assets/share/as2_gazebo_assets/hook/ld_library_path_lib.dsv'
[5.429s] INFO:colcon.colcon_core.shell:Creating environment hook '/root/aerostack2_ws/install/as2_gazebo_assets/share/as2_gazebo_assets/hook/ld_library_path_lib.sh'
[5.430s] Level 1:colcon.colcon_core.environment:checking '/root/aerostack2_ws/install/as2_gazebo_assets/bin'
[5.430s] Level 1:colcon.colcon_core.environment:checking '/root/aerostack2_ws/install/as2_gazebo_assets/lib/pkgconfig/as2_gazebo_assets.pc'
[5.431s] Level 1:colcon.colcon_core.environment:checking '/root/aerostack2_ws/install/as2_gazebo_assets/lib/python3.10/site-packages'
[5.431s] Level 1:colcon.colcon_core.environment:checking '/root/aerostack2_ws/install/as2_gazebo_assets/bin'
[5.431s] INFO:colcon.colcon_core.shell:Creating package script '/root/aerostack2_ws/install/as2_gazebo_assets/share/as2_gazebo_assets/package.ps1'
[5.432s] INFO:colcon.colcon_core.shell:Creating package descriptor '/root/aerostack2_ws/install/as2_gazebo_assets/share/as2_gazebo_assets/package.dsv'
[5.432s] INFO:colcon.colcon_core.shell:Creating package script '/root/aerostack2_ws/install/as2_gazebo_assets/share/as2_gazebo_assets/package.sh'
[5.433s] INFO:colcon.colcon_core.shell:Creating package script '/root/aerostack2_ws/install/as2_gazebo_assets/share/as2_gazebo_assets/package.bash'
[5.433s] INFO:colcon.colcon_core.shell:Creating package script '/root/aerostack2_ws/install/as2_gazebo_assets/share/as2_gazebo_assets/package.zsh'
[5.433s] Level 1:colcon.colcon_core.environment:create_file_with_runtime_dependencies(/root/aerostack2_ws/install/as2_gazebo_assets/share/colcon-core/packages/as2_gazebo_assets)
[5.439s] INFO:colcon.colcon_ros.task.ament_cmake.build:Building ROS package in '/root/aerostack2_ws/src/aerostack2/as2_aerial_platforms/as2_platform_gazebo' with build type 'ament_cmake'
[5.439s] INFO:colcon.colcon_cmake.task.cmake.build:Building CMake package in '/root/aerostack2_ws/src/aerostack2/as2_aerial_platforms/as2_platform_gazebo'
[5.440s] INFO:colcon.colcon_core.shell:Skip shell extension 'powershell' for command environment: Not usable outside of PowerShell
[5.440s] DEBUG:colcon.colcon_core.shell:Skip shell extension 'dsv' for command environment
[5.442s] DEBUG:colcon.colcon_core.event_handler.log_command:Invoking command in '/root/aerostack2_ws/build/as2_behaviors_platform': CMAKE_PREFIX_PATH=/root/aerostack2_ws/install/as2_behavior:/root/aerostack2_ws/install/as2_core:/root/aerostack2_ws/install/as2_msgs:/root/aerostack2_ws/install/rmf_demos_gz_classic:/root/aerostack2_ws/install/rmf_demos_gz:/root/aerostack2_ws/install/rmf_demos:/root/aerostack2_ws/install/rmf_demos_maps:/root/aerostack2_ws/install/aerostack2:/root/aerostack2_ws/install/as2_usb_camera_interface:/root/aerostack2_ws/install/as2_state_estimator:/root/aerostack2_ws/install/as2_rviz_plugins:/root/aerostack2_ws/install/as2_realsense_interface:/root/aerostack2_ws/install/as2_platform_multirotor_simulator:/root/aerostack2_ws/install/as2_platform_gazebo:/root/aerostack2_ws/install/as2_motion_controller:/root/aerostack2_ws/install/as2_behaviors_trajectory_generation:/root/aerostack2_ws/install/as2_behaviors_swarm_flocking:/root/aerostack2_ws/install/as2_behaviors_motion:/root/aerostack2_ws/install/as2_motion_reference_handlers:/root/aerostack2_ws/install/as2_map_server:/root/aerostack2_ws/install/as2_geozones:/root/aerostack2_ws/install/as2_gazebo_assets:/root/aerostack2_ws/install/as2_external_object_to_tf:/root/aerostack2_ws/install/as2_behaviors_platform:/root/aerostack2_ws/install/as2_behaviors_perception:/root/aerostack2_ws/install/as2_behaviors_path_planning:/root/aerostack2_ws/install/as2_behavior_tree:/root/aerostack2_ws/install/as2_alphanumeric_viewer:/root/aerostack2_ws/install/as2_cli:/root/aerostack2_ws/install/as2_project_bringup:/root/aerostack2_ws/install/rmf_demos_tasks:/root/aerostack2_ws/install/rmf_demos_panel:/root/aerostack2_ws/install/rmf_demos_fleet_adapter:/root/aerostack2_ws/install/rmf_demos_dashboard_resources:/root/aerostack2_ws/install/rmf_demos_bridges:/root/aerostack2_ws/install/rmf_demos_assets:/root/aerostack2_ws/install/as2_visualization:/root/aerostack2_ws/install/as2_keyboard_teleoperation:/root/aerostack2_ws/install/as2_python_api:/root/aerostack2_ws/install/as2_perception:/opt/ros/humble LD_LIBRARY_PATH=/root/aerostack2_ws/install/as2_behavior/lib:/root/aerostack2_ws/install/as2_core/lib:/root/aerostack2_ws/install/as2_msgs/lib:/root/aerostack2_ws/install/as2_state_estimator/lib:/root/aerostack2_ws/install/as2_python_api/lib:/root/aerostack2_ws/install/as2_motion_controller/lib:/root/aerostack2_ws/install/as2_behaviors_trajectory_generation/lib:/root/aerostack2_ws/install/as2_behaviors_swarm_flocking/lib:/root/aerostack2_ws/install/as2_behaviors_motion/lib:/root/aerostack2_ws/install/as2_motion_reference_handlers/lib:/root/aerostack2_ws/install/as2_map_server/lib:/root/aerostack2_ws/install/as2_gazebo_assets/lib:/root/aerostack2_ws/install/as2_behaviors_perception/lib:/root/aerostack2_ws/install/as2_behaviors_path_planning/lib:/root/aerostack2_ws/install/as2_behavior_tree/lib:/opt/ros/humble/opt/rviz_ogre_vendor/lib:/opt/ros/humble/lib/x86_64-linux-gnu:/opt/ros/humble/lib /usr/bin/cmake --build /root/aerostack2_ws/build/as2_behaviors_platform -- -j8 -l8
[5.460s] DEBUG:colcon.colcon_core.event_handler.log_command:Invoking command in '/root/aerostack2_ws/build/as2_behaviors_trajectory_generation': CMAKE_PREFIX_PATH=/root/aerostack2_ws/install/as2_motion_reference_handlers:/root/aerostack2_ws/install/as2_behavior:/root/aerostack2_ws/install/as2_core:/root/aerostack2_ws/install/as2_msgs:/root/aerostack2_ws/install/rmf_demos_gz_classic:/root/aerostack2_ws/install/rmf_demos_gz:/root/aerostack2_ws/install/rmf_demos:/root/aerostack2_ws/install/rmf_demos_maps:/root/aerostack2_ws/install/aerostack2:/root/aerostack2_ws/install/as2_usb_camera_interface:/root/aerostack2_ws/install/as2_state_estimator:/root/aerostack2_ws/install/as2_rviz_plugins:/root/aerostack2_ws/install/as2_realsense_interface:/root/aerostack2_ws/install/as2_platform_multirotor_simulator:/root/aerostack2_ws/install/as2_platform_gazebo:/root/aerostack2_ws/install/as2_motion_controller:/root/aerostack2_ws/install/as2_behaviors_trajectory_generation:/root/aerostack2_ws/install/as2_behaviors_swarm_flocking:/root/aerostack2_ws/install/as2_behaviors_motion:/root/aerostack2_ws/install/as2_map_server:/root/aerostack2_ws/install/as2_geozones:/root/aerostack2_ws/install/as2_gazebo_assets:/root/aerostack2_ws/install/as2_external_object_to_tf:/root/aerostack2_ws/install/as2_behaviors_platform:/root/aerostack2_ws/install/as2_behaviors_perception:/root/aerostack2_ws/install/as2_behaviors_path_planning:/root/aerostack2_ws/install/as2_behavior_tree:/root/aerostack2_ws/install/as2_alphanumeric_viewer:/root/aerostack2_ws/install/as2_cli:/root/aerostack2_ws/install/as2_project_bringup:/root/aerostack2_ws/install/rmf_demos_tasks:/root/aerostack2_ws/install/rmf_demos_panel:/root/aerostack2_ws/install/rmf_demos_fleet_adapter:/root/aerostack2_ws/install/rmf_demos_dashboard_resources:/root/aerostack2_ws/install/rmf_demos_bridges:/root/aerostack2_ws/install/rmf_demos_assets:/root/aerostack2_ws/install/as2_visualization:/root/aerostack2_ws/install/as2_keyboard_teleoperation:/root/aerostack2_ws/install/as2_python_api:/root/aerostack2_ws/install/as2_perception:/opt/ros/humble LD_LIBRARY_PATH=/root/aerostack2_ws/install/as2_behavior/lib:/root/aerostack2_ws/install/as2_core/lib:/root/aerostack2_ws/install/as2_msgs/lib:/root/aerostack2_ws/install/as2_state_estimator/lib:/root/aerostack2_ws/install/as2_python_api/lib:/root/aerostack2_ws/install/as2_motion_controller/lib:/root/aerostack2_ws/install/as2_behaviors_trajectory_generation/lib:/root/aerostack2_ws/install/as2_behaviors_swarm_flocking/lib:/root/aerostack2_ws/install/as2_behaviors_motion/lib:/root/aerostack2_ws/install/as2_motion_reference_handlers/lib:/root/aerostack2_ws/install/as2_map_server/lib:/root/aerostack2_ws/install/as2_gazebo_assets/lib:/root/aerostack2_ws/install/as2_behaviors_perception/lib:/root/aerostack2_ws/install/as2_behaviors_path_planning/lib:/root/aerostack2_ws/install/as2_behavior_tree/lib:/opt/ros/humble/opt/rviz_ogre_vendor/lib:/opt/ros/humble/lib/x86_64-linux-gnu:/opt/ros/humble/lib /usr/bin/cmake --build /root/aerostack2_ws/build/as2_behaviors_trajectory_generation -- -j8 -l8
[5.466s] Level 1:colcon.colcon_core.environment:create_environment_scripts_only(as2_state_estimator)
[5.467s] Level 1:colcon.colcon_core.environment:checking '/root/aerostack2_ws/install/as2_state_estimator' for CMake module files
[5.470s] Level 1:colcon.colcon_core.environment:checking '/root/aerostack2_ws/install/as2_state_estimator' for CMake config files
[5.471s] DEBUG:colcon.colcon_core.event_handler.log_command:Invoking command in '/root/aerostack2_ws/build/as2_motion_controller': CMAKE_PREFIX_PATH=/root/aerostack2_ws/install/as2_motion_reference_handlers:/root/aerostack2_ws/install/as2_core:/root/aerostack2_ws/install/as2_msgs:/root/aerostack2_ws/install/rmf_demos_gz_classic:/root/aerostack2_ws/install/rmf_demos_gz:/root/aerostack2_ws/install/rmf_demos:/root/aerostack2_ws/install/rmf_demos_maps:/root/aerostack2_ws/install/aerostack2:/root/aerostack2_ws/install/as2_usb_camera_interface:/root/aerostack2_ws/install/as2_state_estimator:/root/aerostack2_ws/install/as2_rviz_plugins:/root/aerostack2_ws/install/as2_realsense_interface:/root/aerostack2_ws/install/as2_platform_multirotor_simulator:/root/aerostack2_ws/install/as2_platform_gazebo:/root/aerostack2_ws/install/as2_motion_controller:/root/aerostack2_ws/install/as2_behaviors_trajectory_generation:/root/aerostack2_ws/install/as2_behaviors_swarm_flocking:/root/aerostack2_ws/install/as2_behaviors_motion:/root/aerostack2_ws/install/as2_map_server:/root/aerostack2_ws/install/as2_geozones:/root/aerostack2_ws/install/as2_gazebo_assets:/root/aerostack2_ws/install/as2_external_object_to_tf:/root/aerostack2_ws/install/as2_behaviors_platform:/root/aerostack2_ws/install/as2_behaviors_perception:/root/aerostack2_ws/install/as2_behaviors_path_planning:/root/aerostack2_ws/install/as2_behavior_tree:/root/aerostack2_ws/install/as2_behavior:/root/aerostack2_ws/install/as2_alphanumeric_viewer:/root/aerostack2_ws/install/as2_cli:/root/aerostack2_ws/install/as2_project_bringup:/root/aerostack2_ws/install/rmf_demos_tasks:/root/aerostack2_ws/install/rmf_demos_panel:/root/aerostack2_ws/install/rmf_demos_fleet_adapter:/root/aerostack2_ws/install/rmf_demos_dashboard_resources:/root/aerostack2_ws/install/rmf_demos_bridges:/root/aerostack2_ws/install/rmf_demos_assets:/root/aerostack2_ws/install/as2_visualization:/root/aerostack2_ws/install/as2_keyboard_teleoperation:/root/aerostack2_ws/install/as2_python_api:/root/aerostack2_ws/install/as2_perception:/opt/ros/humble LD_LIBRARY_PATH=/root/aerostack2_ws/install/as2_core/lib:/root/aerostack2_ws/install/as2_msgs/lib:/root/aerostack2_ws/install/as2_state_estimator/lib:/root/aerostack2_ws/install/as2_python_api/lib:/root/aerostack2_ws/install/as2_motion_controller/lib:/root/aerostack2_ws/install/as2_behaviors_trajectory_generation/lib:/root/aerostack2_ws/install/as2_behaviors_swarm_flocking/lib:/root/aerostack2_ws/install/as2_behaviors_motion/lib:/root/aerostack2_ws/install/as2_motion_reference_handlers/lib:/root/aerostack2_ws/install/as2_map_server/lib:/root/aerostack2_ws/install/as2_gazebo_assets/lib:/root/aerostack2_ws/install/as2_behaviors_perception/lib:/root/aerostack2_ws/install/as2_behaviors_path_planning/lib:/root/aerostack2_ws/install/as2_behavior_tree/lib:/root/aerostack2_ws/install/as2_behavior/lib:/opt/ros/humble/opt/rviz_ogre_vendor/lib:/opt/ros/humble/lib/x86_64-linux-gnu:/opt/ros/humble/lib /usr/bin/cmake --build /root/aerostack2_ws/build/as2_motion_controller -- -j8 -l8
[5.471s] DEBUG:colcon.colcon_core.event_handler.log_command:Invoked command in '/root/aerostack2_ws/build/as2_state_estimator' returned '0': CMAKE_PREFIX_PATH=/root/aerostack2_ws/install/as2_core:/root/aerostack2_ws/install/as2_msgs:/root/aerostack2_ws/install/rmf_demos_gz_classic:/root/aerostack2_ws/install/rmf_demos_gz:/root/aerostack2_ws/install/rmf_demos:/root/aerostack2_ws/install/rmf_demos_maps:/root/aerostack2_ws/install/aerostack2:/root/aerostack2_ws/install/as2_usb_camera_interface:/root/aerostack2_ws/install/as2_state_estimator:/root/aerostack2_ws/install/as2_rviz_plugins:/root/aerostack2_ws/install/as2_realsense_interface:/root/aerostack2_ws/install/as2_platform_multirotor_simulator:/root/aerostack2_ws/install/as2_platform_gazebo:/root/aerostack2_ws/install/as2_motion_controller:/root/aerostack2_ws/install/as2_behaviors_trajectory_generation:/root/aerostack2_ws/install/as2_behaviors_swarm_flocking:/root/aerostack2_ws/install/as2_behaviors_motion:/root/aerostack2_ws/install/as2_motion_reference_handlers:/root/aerostack2_ws/install/as2_map_server:/root/aerostack2_ws/install/as2_geozones:/root/aerostack2_ws/install/as2_gazebo_assets:/root/aerostack2_ws/install/as2_external_object_to_tf:/root/aerostack2_ws/install/as2_behaviors_platform:/root/aerostack2_ws/install/as2_behaviors_perception:/root/aerostack2_ws/install/as2_behaviors_path_planning:/root/aerostack2_ws/install/as2_behavior_tree:/root/aerostack2_ws/install/as2_behavior:/root/aerostack2_ws/install/as2_alphanumeric_viewer:/root/aerostack2_ws/install/as2_cli:/root/aerostack2_ws/install/as2_project_bringup:/root/aerostack2_ws/install/rmf_demos_tasks:/root/aerostack2_ws/install/rmf_demos_panel:/root/aerostack2_ws/install/rmf_demos_fleet_adapter:/root/aerostack2_ws/install/rmf_demos_dashboard_resources:/root/aerostack2_ws/install/rmf_demos_bridges:/root/aerostack2_ws/install/rmf_demos_assets:/root/aerostack2_ws/install/as2_visualization:/root/aerostack2_ws/install/as2_keyboard_teleoperation:/root/aerostack2_ws/install/as2_python_api:/root/aerostack2_ws/install/as2_perception:/opt/ros/humble LD_LIBRARY_PATH=/root/aerostack2_ws/install/as2_core/lib:/root/aerostack2_ws/install/as2_msgs/lib:/root/aerostack2_ws/install/as2_state_estimator/lib:/root/aerostack2_ws/install/as2_python_api/lib:/root/aerostack2_ws/install/as2_motion_controller/lib:/root/aerostack2_ws/install/as2_behaviors_trajectory_generation/lib:/root/aerostack2_ws/install/as2_behaviors_swarm_flocking/lib:/root/aerostack2_ws/install/as2_behaviors_motion/lib:/root/aerostack2_ws/install/as2_motion_reference_handlers/lib:/root/aerostack2_ws/install/as2_map_server/lib:/root/aerostack2_ws/install/as2_gazebo_assets/lib:/root/aerostack2_ws/install/as2_behaviors_perception/lib:/root/aerostack2_ws/install/as2_behaviors_path_planning/lib:/root/aerostack2_ws/install/as2_behavior_tree/lib:/root/aerostack2_ws/install/as2_behavior/lib:/opt/ros/humble/opt/rviz_ogre_vendor/lib:/opt/ros/humble/lib/x86_64-linux-gnu:/opt/ros/humble/lib /usr/bin/cmake --install /root/aerostack2_ws/build/as2_state_estimator
[5.473s] Level 1:colcon.colcon_core.shell:create_environment_hook('as2_state_estimator', 'cmake_prefix_path')
[5.474s] INFO:colcon.colcon_core.shell:Creating environment hook '/root/aerostack2_ws/install/as2_state_estimator/share/as2_state_estimator/hook/cmake_prefix_path.ps1'
[5.474s] INFO:colcon.colcon_core.shell:Creating environment descriptor '/root/aerostack2_ws/install/as2_state_estimator/share/as2_state_estimator/hook/cmake_prefix_path.dsv'
[5.475s] INFO:colcon.colcon_core.shell:Creating environment hook '/root/aerostack2_ws/install/as2_state_estimator/share/as2_state_estimator/hook/cmake_prefix_path.sh'
[5.476s] Level 1:colcon.colcon_core.environment:checking '/root/aerostack2_ws/install/as2_state_estimator/lib'
[5.476s] Level 1:colcon.colcon_core.shell:create_environment_hook('as2_state_estimator', 'ld_library_path_lib')
[5.476s] INFO:colcon.colcon_core.shell:Creating environment hook '/root/aerostack2_ws/install/as2_state_estimator/share/as2_state_estimator/hook/ld_library_path_lib.ps1'
[5.476s] INFO:colcon.colcon_core.shell:Creating environment descriptor '/root/aerostack2_ws/install/as2_state_estimator/share/as2_state_estimator/hook/ld_library_path_lib.dsv'
[5.477s] INFO:colcon.colcon_core.shell:Creating environment hook '/root/aerostack2_ws/install/as2_state_estimator/share/as2_state_estimator/hook/ld_library_path_lib.sh'
[5.478s] Level 1:colcon.colcon_core.environment:checking '/root/aerostack2_ws/install/as2_state_estimator/bin'
[5.478s] Level 1:colcon.colcon_core.environment:checking '/root/aerostack2_ws/install/as2_state_estimator/lib/pkgconfig/as2_state_estimator.pc'
[5.478s] Level 1:colcon.colcon_core.environment:checking '/root/aerostack2_ws/install/as2_state_estimator/lib/python3.10/site-packages'
[5.479s] Level 1:colcon.colcon_core.environment:checking '/root/aerostack2_ws/install/as2_state_estimator/bin'
[5.479s] INFO:colcon.colcon_core.shell:Creating package script '/root/aerostack2_ws/install/as2_state_estimator/share/as2_state_estimator/package.ps1'
[5.480s] INFO:colcon.colcon_core.shell:Creating package descriptor '/root/aerostack2_ws/install/as2_state_estimator/share/as2_state_estimator/package.dsv'
[5.486s] INFO:colcon.colcon_core.shell:Creating package script '/root/aerostack2_ws/install/as2_state_estimator/share/as2_state_estimator/package.sh'
[5.487s] INFO:colcon.colcon_core.shell:Creating package script '/root/aerostack2_ws/install/as2_state_estimator/share/as2_state_estimator/package.bash'
[5.488s] INFO:colcon.colcon_core.shell:Creating package script '/root/aerostack2_ws/install/as2_state_estimator/share/as2_state_estimator/package.zsh'
[5.488s] Level 1:colcon.colcon_core.environment:create_file_with_runtime_dependencies(/root/aerostack2_ws/install/as2_state_estimator/share/colcon-core/packages/as2_state_estimator)
[5.489s] Level 1:colcon.colcon_core.environment:create_environment_scripts_only(as2_state_estimator)
[5.490s] Level 1:colcon.colcon_core.environment:checking '/root/aerostack2_ws/install/as2_state_estimator' for CMake module files
[5.491s] Level 1:colcon.colcon_core.environment:checking '/root/aerostack2_ws/install/as2_state_estimator' for CMake config files
[5.491s] Level 1:colcon.colcon_core.shell:create_environment_hook('as2_state_estimator', 'cmake_prefix_path')
[5.491s] INFO:colcon.colcon_core.shell:Creating environment hook '/root/aerostack2_ws/install/as2_state_estimator/share/as2_state_estimator/hook/cmake_prefix_path.ps1'
[5.492s] INFO:colcon.colcon_core.shell:Creating environment descriptor '/root/aerostack2_ws/install/as2_state_estimator/share/as2_state_estimator/hook/cmake_prefix_path.dsv'
[5.492s] INFO:colcon.colcon_core.shell:Creating environment hook '/root/aerostack2_ws/install/as2_state_estimator/share/as2_state_estimator/hook/cmake_prefix_path.sh'
[5.493s] Level 1:colcon.colcon_core.environment:checking '/root/aerostack2_ws/install/as2_state_estimator/lib'
[5.493s] Level 1:colcon.colcon_core.shell:create_environment_hook('as2_state_estimator', 'ld_library_path_lib')
[5.494s] INFO:colcon.colcon_core.shell:Creating environment hook '/root/aerostack2_ws/install/as2_state_estimator/share/as2_state_estimator/hook/ld_library_path_lib.ps1'
[5.494s] INFO:colcon.colcon_core.shell:Creating environment descriptor '/root/aerostack2_ws/install/as2_state_estimator/share/as2_state_estimator/hook/ld_library_path_lib.dsv'
[5.495s] INFO:colcon.colcon_core.shell:Creating environment hook '/root/aerostack2_ws/install/as2_state_estimator/share/as2_state_estimator/hook/ld_library_path_lib.sh'
[5.495s] Level 1:colcon.colcon_core.environment:checking '/root/aerostack2_ws/install/as2_state_estimator/bin'
[5.495s] Level 1:colcon.colcon_core.environment:checking '/root/aerostack2_ws/install/as2_state_estimator/lib/pkgconfig/as2_state_estimator.pc'
[5.496s] Level 1:colcon.colcon_core.environment:checking '/root/aerostack2_ws/install/as2_state_estimator/lib/python3.10/site-packages'
[5.496s] Level 1:colcon.colcon_core.environment:checking '/root/aerostack2_ws/install/as2_state_estimator/bin'
[5.497s] INFO:colcon.colcon_core.shell:Creating package script '/root/aerostack2_ws/install/as2_state_estimator/share/as2_state_estimator/package.ps1'
[5.497s] INFO:colcon.colcon_core.shell:Creating package descriptor '/root/aerostack2_ws/install/as2_state_estimator/share/as2_state_estimator/package.dsv'
[5.498s] INFO:colcon.colcon_core.shell:Creating package script '/root/aerostack2_ws/install/as2_state_estimator/share/as2_state_estimator/package.sh'
[5.499s] INFO:colcon.colcon_core.shell:Creating package script '/root/aerostack2_ws/install/as2_state_estimator/share/as2_state_estimator/package.bash'
[5.499s] INFO:colcon.colcon_core.shell:Creating package script '/root/aerostack2_ws/install/as2_state_estimator/share/as2_state_estimator/package.zsh'
[5.500s] Level 1:colcon.colcon_core.environment:create_file_with_runtime_dependencies(/root/aerostack2_ws/install/as2_state_estimator/share/colcon-core/packages/as2_state_estimator)
[5.500s] INFO:colcon.colcon_ros.task.ament_cmake.build:Building ROS package in '/root/aerostack2_ws/src/aerostack2/as2_user_interfaces/as2_visualization/as2_rviz_plugins' with build type 'ament_cmake'
[5.500s] INFO:colcon.colcon_cmake.task.cmake.build:Building CMake package in '/root/aerostack2_ws/src/aerostack2/as2_user_interfaces/as2_visualization/as2_rviz_plugins'
[5.501s] INFO:colcon.colcon_core.shell:Skip shell extension 'powershell' for command environment: Not usable outside of PowerShell
[5.501s] DEBUG:colcon.colcon_core.shell:Skip shell extension 'dsv' for command environment
[5.524s] DEBUG:colcon.colcon_core.event_handler.log_command:Invoking command in '/root/aerostack2_ws/build/as2_platform_gazebo': CMAKE_PREFIX_PATH=/root/aerostack2_ws/install/as2_gazebo_assets:/root/aerostack2_ws/install/as2_core:/root/aerostack2_ws/install/as2_msgs:/root/aerostack2_ws/install/rmf_demos_gz_classic:/root/aerostack2_ws/install/rmf_demos_gz:/root/aerostack2_ws/install/rmf_demos:/root/aerostack2_ws/install/rmf_demos_maps:/root/aerostack2_ws/install/aerostack2:/root/aerostack2_ws/install/as2_usb_camera_interface:/root/aerostack2_ws/install/as2_state_estimator:/root/aerostack2_ws/install/as2_rviz_plugins:/root/aerostack2_ws/install/as2_realsense_interface:/root/aerostack2_ws/install/as2_platform_multirotor_simulator:/root/aerostack2_ws/install/as2_platform_gazebo:/root/aerostack2_ws/install/as2_motion_controller:/root/aerostack2_ws/install/as2_behaviors_trajectory_generation:/root/aerostack2_ws/install/as2_behaviors_swarm_flocking:/root/aerostack2_ws/install/as2_behaviors_motion:/root/aerostack2_ws/install/as2_motion_reference_handlers:/root/aerostack2_ws/install/as2_map_server:/root/aerostack2_ws/install/as2_geozones:/root/aerostack2_ws/install/as2_external_object_to_tf:/root/aerostack2_ws/install/as2_behaviors_platform:/root/aerostack2_ws/install/as2_behaviors_perception:/root/aerostack2_ws/install/as2_behaviors_path_planning:/root/aerostack2_ws/install/as2_behavior_tree:/root/aerostack2_ws/install/as2_behavior:/root/aerostack2_ws/install/as2_alphanumeric_viewer:/root/aerostack2_ws/install/as2_cli:/root/aerostack2_ws/install/as2_project_bringup:/root/aerostack2_ws/install/rmf_demos_tasks:/root/aerostack2_ws/install/rmf_demos_panel:/root/aerostack2_ws/install/rmf_demos_fleet_adapter:/root/aerostack2_ws/install/rmf_demos_dashboard_resources:/root/aerostack2_ws/install/rmf_demos_bridges:/root/aerostack2_ws/install/rmf_demos_assets:/root/aerostack2_ws/install/as2_visualization:/root/aerostack2_ws/install/as2_keyboard_teleoperation:/root/aerostack2_ws/install/as2_python_api:/root/aerostack2_ws/install/as2_perception:/opt/ros/humble GZ_SIM_RESOURCE_PATH=/root/aerostack2_ws/install/as2_gazebo_assets/share/as2_ign_gazebo_assets/worlds:/root/aerostack2_ws/install/as2_gazebo_assets/share/as2_ign_gazebo_assets/models:${GZ_SIM_RESOURCE_PATH} GZ_VERSION=@GZ_VERSION@ LD_LIBRARY_PATH=/root/aerostack2_ws/install/as2_gazebo_assets/lib:/root/aerostack2_ws/install/as2_core/lib:/root/aerostack2_ws/install/as2_msgs/lib:/root/aerostack2_ws/install/as2_state_estimator/lib:/root/aerostack2_ws/install/as2_python_api/lib:/root/aerostack2_ws/install/as2_motion_controller/lib:/root/aerostack2_ws/install/as2_behaviors_trajectory_generation/lib:/root/aerostack2_ws/install/as2_behaviors_swarm_flocking/lib:/root/aerostack2_ws/install/as2_behaviors_motion/lib:/root/aerostack2_ws/install/as2_motion_reference_handlers/lib:/root/aerostack2_ws/install/as2_map_server/lib:/root/aerostack2_ws/install/as2_behaviors_perception/lib:/root/aerostack2_ws/install/as2_behaviors_path_planning/lib:/root/aerostack2_ws/install/as2_behavior_tree/lib:/root/aerostack2_ws/install/as2_behavior/lib:/opt/ros/humble/opt/rviz_ogre_vendor/lib:/opt/ros/humble/lib/x86_64-linux-gnu:/opt/ros/humble/lib /usr/bin/cmake --build /root/aerostack2_ws/build/as2_platform_gazebo -- -j8 -l8
[5.559s] DEBUG:colcon.colcon_core.event_handler.log_command:Invoking command in '/root/aerostack2_ws/build/as2_rviz_plugins': CMAKE_PREFIX_PATH=/root/aerostack2_ws/install/as2_motion_reference_handlers:/root/aerostack2_ws/install/as2_core:/root/aerostack2_ws/install/as2_msgs:/root/aerostack2_ws/install/rmf_demos_gz_classic:/root/aerostack2_ws/install/rmf_demos_gz:/root/aerostack2_ws/install/rmf_demos:/root/aerostack2_ws/install/rmf_demos_maps:/root/aerostack2_ws/install/aerostack2:/root/aerostack2_ws/install/as2_usb_camera_interface:/root/aerostack2_ws/install/as2_state_estimator:/root/aerostack2_ws/install/as2_rviz_plugins:/root/aerostack2_ws/install/as2_realsense_interface:/root/aerostack2_ws/install/as2_platform_multirotor_simulator:/root/aerostack2_ws/install/as2_platform_gazebo:/root/aerostack2_ws/install/as2_motion_controller:/root/aerostack2_ws/install/as2_behaviors_trajectory_generation:/root/aerostack2_ws/install/as2_behaviors_swarm_flocking:/root/aerostack2_ws/install/as2_behaviors_motion:/root/aerostack2_ws/install/as2_map_server:/root/aerostack2_ws/install/as2_geozones:/root/aerostack2_ws/install/as2_gazebo_assets:/root/aerostack2_ws/install/as2_external_object_to_tf:/root/aerostack2_ws/install/as2_behaviors_platform:/root/aerostack2_ws/install/as2_behaviors_perception:/root/aerostack2_ws/install/as2_behaviors_path_planning:/root/aerostack2_ws/install/as2_behavior_tree:/root/aerostack2_ws/install/as2_behavior:/root/aerostack2_ws/install/as2_alphanumeric_viewer:/root/aerostack2_ws/install/as2_cli:/root/aerostack2_ws/install/as2_project_bringup:/root/aerostack2_ws/install/rmf_demos_tasks:/root/aerostack2_ws/install/rmf_demos_panel:/root/aerostack2_ws/install/rmf_demos_fleet_adapter:/root/aerostack2_ws/install/rmf_demos_dashboard_resources:/root/aerostack2_ws/install/rmf_demos_bridges:/root/aerostack2_ws/install/rmf_demos_assets:/root/aerostack2_ws/install/as2_visualization:/root/aerostack2_ws/install/as2_keyboard_teleoperation:/root/aerostack2_ws/install/as2_python_api:/root/aerostack2_ws/install/as2_perception:/opt/ros/humble LD_LIBRARY_PATH=/root/aerostack2_ws/install/as2_core/lib:/root/aerostack2_ws/install/as2_msgs/lib:/root/aerostack2_ws/install/as2_state_estimator/lib:/root/aerostack2_ws/install/as2_python_api/lib:/root/aerostack2_ws/install/as2_motion_controller/lib:/root/aerostack2_ws/install/as2_behaviors_trajectory_generation/lib:/root/aerostack2_ws/install/as2_behaviors_swarm_flocking/lib:/root/aerostack2_ws/install/as2_behaviors_motion/lib:/root/aerostack2_ws/install/as2_motion_reference_handlers/lib:/root/aerostack2_ws/install/as2_map_server/lib:/root/aerostack2_ws/install/as2_gazebo_assets/lib:/root/aerostack2_ws/install/as2_behaviors_perception/lib:/root/aerostack2_ws/install/as2_behaviors_path_planning/lib:/root/aerostack2_ws/install/as2_behavior_tree/lib:/root/aerostack2_ws/install/as2_behavior/lib:/opt/ros/humble/opt/rviz_ogre_vendor/lib:/opt/ros/humble/lib/x86_64-linux-gnu:/opt/ros/humble/lib /usr/bin/cmake --build /root/aerostack2_ws/build/as2_rviz_plugins -- -j8 -l8
[5.788s] DEBUG:colcon.colcon_core.event_handler.log_command:Invoked command in '/root/aerostack2_ws/build/as2_platform_multirotor_simulator' returned '0': CMAKE_PREFIX_PATH=/root/aerostack2_ws/install/as2_core:/root/aerostack2_ws/install/as2_msgs:/root/aerostack2_ws/install/rmf_demos_gz_classic:/root/aerostack2_ws/install/rmf_demos_gz:/root/aerostack2_ws/install/rmf_demos:/root/aerostack2_ws/install/rmf_demos_maps:/root/aerostack2_ws/install/aerostack2:/root/aerostack2_ws/install/as2_usb_camera_interface:/root/aerostack2_ws/install/as2_state_estimator:/root/aerostack2_ws/install/as2_rviz_plugins:/root/aerostack2_ws/install/as2_realsense_interface:/root/aerostack2_ws/install/as2_platform_multirotor_simulator:/root/aerostack2_ws/install/as2_platform_gazebo:/root/aerostack2_ws/install/as2_motion_controller:/root/aerostack2_ws/install/as2_behaviors_trajectory_generation:/root/aerostack2_ws/install/as2_behaviors_swarm_flocking:/root/aerostack2_ws/install/as2_behaviors_motion:/root/aerostack2_ws/install/as2_motion_reference_handlers:/root/aerostack2_ws/install/as2_map_server:/root/aerostack2_ws/install/as2_geozones:/root/aerostack2_ws/install/as2_gazebo_assets:/root/aerostack2_ws/install/as2_external_object_to_tf:/root/aerostack2_ws/install/as2_behaviors_platform:/root/aerostack2_ws/install/as2_behaviors_perception:/root/aerostack2_ws/install/as2_behaviors_path_planning:/root/aerostack2_ws/install/as2_behavior_tree:/root/aerostack2_ws/install/as2_behavior:/root/aerostack2_ws/install/as2_alphanumeric_viewer:/root/aerostack2_ws/install/as2_cli:/root/aerostack2_ws/install/as2_project_bringup:/root/aerostack2_ws/install/rmf_demos_tasks:/root/aerostack2_ws/install/rmf_demos_panel:/root/aerostack2_ws/install/rmf_demos_fleet_adapter:/root/aerostack2_ws/install/rmf_demos_dashboard_resources:/root/aerostack2_ws/install/rmf_demos_bridges:/root/aerostack2_ws/install/rmf_demos_assets:/root/aerostack2_ws/install/as2_visualization:/root/aerostack2_ws/install/as2_keyboard_teleoperation:/root/aerostack2_ws/install/as2_python_api:/root/aerostack2_ws/install/as2_perception:/opt/ros/humble LD_LIBRARY_PATH=/root/aerostack2_ws/install/as2_core/lib:/root/aerostack2_ws/install/as2_msgs/lib:/root/aerostack2_ws/install/as2_state_estimator/lib:/root/aerostack2_ws/install/as2_python_api/lib:/root/aerostack2_ws/install/as2_motion_controller/lib:/root/aerostack2_ws/install/as2_behaviors_trajectory_generation/lib:/root/aerostack2_ws/install/as2_behaviors_swarm_flocking/lib:/root/aerostack2_ws/install/as2_behaviors_motion/lib:/root/aerostack2_ws/install/as2_motion_reference_handlers/lib:/root/aerostack2_ws/install/as2_map_server/lib:/root/aerostack2_ws/install/as2_gazebo_assets/lib:/root/aerostack2_ws/install/as2_behaviors_perception/lib:/root/aerostack2_ws/install/as2_behaviors_path_planning/lib:/root/aerostack2_ws/install/as2_behavior_tree/lib:/root/aerostack2_ws/install/as2_behavior/lib:/opt/ros/humble/opt/rviz_ogre_vendor/lib:/opt/ros/humble/lib/x86_64-linux-gnu:/opt/ros/humble/lib /usr/bin/cmake --build /root/aerostack2_ws/build/as2_platform_multirotor_simulator -- -j8 -l8
[5.799s] DEBUG:colcon.colcon_core.event_handler.log_command:Invoking command in '/root/aerostack2_ws/build/as2_platform_multirotor_simulator': CMAKE_PREFIX_PATH=/root/aerostack2_ws/install/as2_core:/root/aerostack2_ws/install/as2_msgs:/root/aerostack2_ws/install/rmf_demos_gz_classic:/root/aerostack2_ws/install/rmf_demos_gz:/root/aerostack2_ws/install/rmf_demos:/root/aerostack2_ws/install/rmf_demos_maps:/root/aerostack2_ws/install/aerostack2:/root/aerostack2_ws/install/as2_usb_camera_interface:/root/aerostack2_ws/install/as2_state_estimator:/root/aerostack2_ws/install/as2_rviz_plugins:/root/aerostack2_ws/install/as2_realsense_interface:/root/aerostack2_ws/install/as2_platform_multirotor_simulator:/root/aerostack2_ws/install/as2_platform_gazebo:/root/aerostack2_ws/install/as2_motion_controller:/root/aerostack2_ws/install/as2_behaviors_trajectory_generation:/root/aerostack2_ws/install/as2_behaviors_swarm_flocking:/root/aerostack2_ws/install/as2_behaviors_motion:/root/aerostack2_ws/install/as2_motion_reference_handlers:/root/aerostack2_ws/install/as2_map_server:/root/aerostack2_ws/install/as2_geozones:/root/aerostack2_ws/install/as2_gazebo_assets:/root/aerostack2_ws/install/as2_external_object_to_tf:/root/aerostack2_ws/install/as2_behaviors_platform:/root/aerostack2_ws/install/as2_behaviors_perception:/root/aerostack2_ws/install/as2_behaviors_path_planning:/root/aerostack2_ws/install/as2_behavior_tree:/root/aerostack2_ws/install/as2_behavior:/root/aerostack2_ws/install/as2_alphanumeric_viewer:/root/aerostack2_ws/install/as2_cli:/root/aerostack2_ws/install/as2_project_bringup:/root/aerostack2_ws/install/rmf_demos_tasks:/root/aerostack2_ws/install/rmf_demos_panel:/root/aerostack2_ws/install/rmf_demos_fleet_adapter:/root/aerostack2_ws/install/rmf_demos_dashboard_resources:/root/aerostack2_ws/install/rmf_demos_bridges:/root/aerostack2_ws/install/rmf_demos_assets:/root/aerostack2_ws/install/as2_visualization:/root/aerostack2_ws/install/as2_keyboard_teleoperation:/root/aerostack2_ws/install/as2_python_api:/root/aerostack2_ws/install/as2_perception:/opt/ros/humble LD_LIBRARY_PATH=/root/aerostack2_ws/install/as2_core/lib:/root/aerostack2_ws/install/as2_msgs/lib:/root/aerostack2_ws/install/as2_state_estimator/lib:/root/aerostack2_ws/install/as2_python_api/lib:/root/aerostack2_ws/install/as2_motion_controller/lib:/root/aerostack2_ws/install/as2_behaviors_trajectory_generation/lib:/root/aerostack2_ws/install/as2_behaviors_swarm_flocking/lib:/root/aerostack2_ws/install/as2_behaviors_motion/lib:/root/aerostack2_ws/install/as2_motion_reference_handlers/lib:/root/aerostack2_ws/install/as2_map_server/lib:/root/aerostack2_ws/install/as2_gazebo_assets/lib:/root/aerostack2_ws/install/as2_behaviors_perception/lib:/root/aerostack2_ws/install/as2_behaviors_path_planning/lib:/root/aerostack2_ws/install/as2_behavior_tree/lib:/root/aerostack2_ws/install/as2_behavior/lib:/opt/ros/humble/opt/rviz_ogre_vendor/lib:/opt/ros/humble/lib/x86_64-linux-gnu:/opt/ros/humble/lib /usr/bin/cmake --install /root/aerostack2_ws/build/as2_platform_multirotor_simulator
[5.842s] DEBUG:colcon.colcon_core.event_handler.log_command:Invoking command in '/root/aerostack2_ws/src/aerostack2/as2_python_api': CMAKE_PREFIX_PATH=/root/aerostack2_ws/install/as2_motion_reference_handlers:/root/aerostack2_ws/install/as2_core:/root/aerostack2_ws/install/as2_msgs:/root/aerostack2_ws/install/rmf_demos_gz_classic:/root/aerostack2_ws/install/rmf_demos_gz:/root/aerostack2_ws/install/rmf_demos:/root/aerostack2_ws/install/rmf_demos_maps:/root/aerostack2_ws/install/aerostack2:/root/aerostack2_ws/install/as2_usb_camera_interface:/root/aerostack2_ws/install/as2_state_estimator:/root/aerostack2_ws/install/as2_rviz_plugins:/root/aerostack2_ws/install/as2_realsense_interface:/root/aerostack2_ws/install/as2_platform_multirotor_simulator:/root/aerostack2_ws/install/as2_platform_gazebo:/root/aerostack2_ws/install/as2_motion_controller:/root/aerostack2_ws/install/as2_behaviors_trajectory_generation:/root/aerostack2_ws/install/as2_behaviors_swarm_flocking:/root/aerostack2_ws/install/as2_behaviors_motion:/root/aerostack2_ws/install/as2_map_server:/root/aerostack2_ws/install/as2_geozones:/root/aerostack2_ws/install/as2_gazebo_assets:/root/aerostack2_ws/install/as2_external_object_to_tf:/root/aerostack2_ws/install/as2_behaviors_platform:/root/aerostack2_ws/install/as2_behaviors_perception:/root/aerostack2_ws/install/as2_behaviors_path_planning:/root/aerostack2_ws/install/as2_behavior_tree:/root/aerostack2_ws/install/as2_behavior:/root/aerostack2_ws/install/as2_alphanumeric_viewer:/root/aerostack2_ws/install/as2_cli LD_LIBRARY_PATH=/root/aerostack2_ws/install/as2_core/lib:/root/aerostack2_ws/install/as2_msgs/lib:/root/aerostack2_ws/install/as2_state_estimator/lib:/root/aerostack2_ws/install/as2_python_api/lib:/root/aerostack2_ws/install/as2_motion_controller/lib:/root/aerostack2_ws/install/as2_behaviors_trajectory_generation/lib:/root/aerostack2_ws/install/as2_behaviors_swarm_flocking/lib:/root/aerostack2_ws/install/as2_behaviors_motion/lib:/root/aerostack2_ws/install/as2_motion_reference_handlers/lib:/root/aerostack2_ws/install/as2_map_server/lib:/root/aerostack2_ws/install/as2_gazebo_assets/lib:/root/aerostack2_ws/install/as2_behaviors_perception/lib:/root/aerostack2_ws/install/as2_behaviors_path_planning/lib:/root/aerostack2_ws/install/as2_behavior_tree/lib:/root/aerostack2_ws/install/as2_behavior/lib:/opt/ros/humble/opt/rviz_ogre_vendor/lib:/opt/ros/humble/lib/x86_64-linux-gnu:/opt/ros/humble/lib PYTHONPATH=/root/aerostack2_ws/build/as2_python_api/prefix_override:/usr/lib/python3/dist-packages/colcon_core/task/python/colcon_distutils_commands:/root/aerostack2_ws/install/as2_python_api/lib/python3.10/site-packages:${PYTHONPATH} /usr/bin/python3 -W ignore:setup.py install is deprecated -W ignore:easy_install command is deprecated setup.py egg_info --egg-base ../../../build/as2_python_api build --build-base /root/aerostack2_ws/build/as2_python_api/build install --record /root/aerostack2_ws/build/as2_python_api/install.log --single-version-externally-managed install_data
[5.862s] DEBUG:colcon.colcon_core.event_handler.log_command:Invoked command in '/root/aerostack2_ws/build/as2_rviz_plugins' returned '0': CMAKE_PREFIX_PATH=/root/aerostack2_ws/install/as2_motion_reference_handlers:/root/aerostack2_ws/install/as2_core:/root/aerostack2_ws/install/as2_msgs:/root/aerostack2_ws/install/rmf_demos_gz_classic:/root/aerostack2_ws/install/rmf_demos_gz:/root/aerostack2_ws/install/rmf_demos:/root/aerostack2_ws/install/rmf_demos_maps:/root/aerostack2_ws/install/aerostack2:/root/aerostack2_ws/install/as2_usb_camera_interface:/root/aerostack2_ws/install/as2_state_estimator:/root/aerostack2_ws/install/as2_rviz_plugins:/root/aerostack2_ws/install/as2_realsense_interface:/root/aerostack2_ws/install/as2_platform_multirotor_simulator:/root/aerostack2_ws/install/as2_platform_gazebo:/root/aerostack2_ws/install/as2_motion_controller:/root/aerostack2_ws/install/as2_behaviors_trajectory_generation:/root/aerostack2_ws/install/as2_behaviors_swarm_flocking:/root/aerostack2_ws/install/as2_behaviors_motion:/root/aerostack2_ws/install/as2_map_server:/root/aerostack2_ws/install/as2_geozones:/root/aerostack2_ws/install/as2_gazebo_assets:/root/aerostack2_ws/install/as2_external_object_to_tf:/root/aerostack2_ws/install/as2_behaviors_platform:/root/aerostack2_ws/install/as2_behaviors_perception:/root/aerostack2_ws/install/as2_behaviors_path_planning:/root/aerostack2_ws/install/as2_behavior_tree:/root/aerostack2_ws/install/as2_behavior:/root/aerostack2_ws/install/as2_alphanumeric_viewer:/root/aerostack2_ws/install/as2_cli:/root/aerostack2_ws/install/as2_project_bringup:/root/aerostack2_ws/install/rmf_demos_tasks:/root/aerostack2_ws/install/rmf_demos_panel:/root/aerostack2_ws/install/rmf_demos_fleet_adapter:/root/aerostack2_ws/install/rmf_demos_dashboard_resources:/root/aerostack2_ws/install/rmf_demos_bridges:/root/aerostack2_ws/install/rmf_demos_assets:/root/aerostack2_ws/install/as2_visualization:/root/aerostack2_ws/install/as2_keyboard_teleoperation:/root/aerostack2_ws/install/as2_python_api:/root/aerostack2_ws/install/as2_perception:/opt/ros/humble LD_LIBRARY_PATH=/root/aerostack2_ws/install/as2_core/lib:/root/aerostack2_ws/install/as2_msgs/lib:/root/aerostack2_ws/install/as2_state_estimator/lib:/root/aerostack2_ws/install/as2_python_api/lib:/root/aerostack2_ws/install/as2_motion_controller/lib:/root/aerostack2_ws/install/as2_behaviors_trajectory_generation/lib:/root/aerostack2_ws/install/as2_behaviors_swarm_flocking/lib:/root/aerostack2_ws/install/as2_behaviors_motion/lib:/root/aerostack2_ws/install/as2_motion_reference_handlers/lib:/root/aerostack2_ws/install/as2_map_server/lib:/root/aerostack2_ws/install/as2_gazebo_assets/lib:/root/aerostack2_ws/install/as2_behaviors_perception/lib:/root/aerostack2_ws/install/as2_behaviors_path_planning/lib:/root/aerostack2_ws/install/as2_behavior_tree/lib:/root/aerostack2_ws/install/as2_behavior/lib:/opt/ros/humble/opt/rviz_ogre_vendor/lib:/opt/ros/humble/lib/x86_64-linux-gnu:/opt/ros/humble/lib /usr/bin/cmake --build /root/aerostack2_ws/build/as2_rviz_plugins -- -j8 -l8
[5.862s] DEBUG:colcon.colcon_core.event_handler.log_command:Invoking command in '/root/aerostack2_ws/build/as2_rviz_plugins': CMAKE_PREFIX_PATH=/root/aerostack2_ws/install/as2_motion_reference_handlers:/root/aerostack2_ws/install/as2_core:/root/aerostack2_ws/install/as2_msgs:/root/aerostack2_ws/install/rmf_demos_gz_classic:/root/aerostack2_ws/install/rmf_demos_gz:/root/aerostack2_ws/install/rmf_demos:/root/aerostack2_ws/install/rmf_demos_maps:/root/aerostack2_ws/install/aerostack2:/root/aerostack2_ws/install/as2_usb_camera_interface:/root/aerostack2_ws/install/as2_state_estimator:/root/aerostack2_ws/install/as2_rviz_plugins:/root/aerostack2_ws/install/as2_realsense_interface:/root/aerostack2_ws/install/as2_platform_multirotor_simulator:/root/aerostack2_ws/install/as2_platform_gazebo:/root/aerostack2_ws/install/as2_motion_controller:/root/aerostack2_ws/install/as2_behaviors_trajectory_generation:/root/aerostack2_ws/install/as2_behaviors_swarm_flocking:/root/aerostack2_ws/install/as2_behaviors_motion:/root/aerostack2_ws/install/as2_map_server:/root/aerostack2_ws/install/as2_geozones:/root/aerostack2_ws/install/as2_gazebo_assets:/root/aerostack2_ws/install/as2_external_object_to_tf:/root/aerostack2_ws/install/as2_behaviors_platform:/root/aerostack2_ws/install/as2_behaviors_perception:/root/aerostack2_ws/install/as2_behaviors_path_planning:/root/aerostack2_ws/install/as2_behavior_tree:/root/aerostack2_ws/install/as2_behavior:/root/aerostack2_ws/install/as2_alphanumeric_viewer:/root/aerostack2_ws/install/as2_cli:/root/aerostack2_ws/install/as2_project_bringup:/root/aerostack2_ws/install/rmf_demos_tasks:/root/aerostack2_ws/install/rmf_demos_panel:/root/aerostack2_ws/install/rmf_demos_fleet_adapter:/root/aerostack2_ws/install/rmf_demos_dashboard_resources:/root/aerostack2_ws/install/rmf_demos_bridges:/root/aerostack2_ws/install/rmf_demos_assets:/root/aerostack2_ws/install/as2_visualization:/root/aerostack2_ws/install/as2_keyboard_teleoperation:/root/aerostack2_ws/install/as2_python_api:/root/aerostack2_ws/install/as2_perception:/opt/ros/humble LD_LIBRARY_PATH=/root/aerostack2_ws/install/as2_core/lib:/root/aerostack2_ws/install/as2_msgs/lib:/root/aerostack2_ws/install/as2_state_estimator/lib:/root/aerostack2_ws/install/as2_python_api/lib:/root/aerostack2_ws/install/as2_motion_controller/lib:/root/aerostack2_ws/install/as2_behaviors_trajectory_generation/lib:/root/aerostack2_ws/install/as2_behaviors_swarm_flocking/lib:/root/aerostack2_ws/install/as2_behaviors_motion/lib:/root/aerostack2_ws/install/as2_motion_reference_handlers/lib:/root/aerostack2_ws/install/as2_map_server/lib:/root/aerostack2_ws/install/as2_gazebo_assets/lib:/root/aerostack2_ws/install/as2_behaviors_perception/lib:/root/aerostack2_ws/install/as2_behaviors_path_planning/lib:/root/aerostack2_ws/install/as2_behavior_tree/lib:/root/aerostack2_ws/install/as2_behavior/lib:/opt/ros/humble/opt/rviz_ogre_vendor/lib:/opt/ros/humble/lib/x86_64-linux-gnu:/opt/ros/humble/lib /usr/bin/cmake --install /root/aerostack2_ws/build/as2_rviz_plugins
[5.866s] Level 1:colcon.colcon_core.environment:create_environment_scripts_only(as2_platform_multirotor_simulator)
[5.867s] Level 1:colcon.colcon_core.environment:checking '/root/aerostack2_ws/install/as2_platform_multirotor_simulator' for CMake module files
[5.869s] DEBUG:colcon.colcon_core.event_handler.log_command:Invoked command in '/root/aerostack2_ws/build/as2_platform_multirotor_simulator' returned '0': CMAKE_PREFIX_PATH=/root/aerostack2_ws/install/as2_core:/root/aerostack2_ws/install/as2_msgs:/root/aerostack2_ws/install/rmf_demos_gz_classic:/root/aerostack2_ws/install/rmf_demos_gz:/root/aerostack2_ws/install/rmf_demos:/root/aerostack2_ws/install/rmf_demos_maps:/root/aerostack2_ws/install/aerostack2:/root/aerostack2_ws/install/as2_usb_camera_interface:/root/aerostack2_ws/install/as2_state_estimator:/root/aerostack2_ws/install/as2_rviz_plugins:/root/aerostack2_ws/install/as2_realsense_interface:/root/aerostack2_ws/install/as2_platform_multirotor_simulator:/root/aerostack2_ws/install/as2_platform_gazebo:/root/aerostack2_ws/install/as2_motion_controller:/root/aerostack2_ws/install/as2_behaviors_trajectory_generation:/root/aerostack2_ws/install/as2_behaviors_swarm_flocking:/root/aerostack2_ws/install/as2_behaviors_motion:/root/aerostack2_ws/install/as2_motion_reference_handlers:/root/aerostack2_ws/install/as2_map_server:/root/aerostack2_ws/install/as2_geozones:/root/aerostack2_ws/install/as2_gazebo_assets:/root/aerostack2_ws/install/as2_external_object_to_tf:/root/aerostack2_ws/install/as2_behaviors_platform:/root/aerostack2_ws/install/as2_behaviors_perception:/root/aerostack2_ws/install/as2_behaviors_path_planning:/root/aerostack2_ws/install/as2_behavior_tree:/root/aerostack2_ws/install/as2_behavior:/root/aerostack2_ws/install/as2_alphanumeric_viewer:/root/aerostack2_ws/install/as2_cli:/root/aerostack2_ws/install/as2_project_bringup:/root/aerostack2_ws/install/rmf_demos_tasks:/root/aerostack2_ws/install/rmf_demos_panel:/root/aerostack2_ws/install/rmf_demos_fleet_adapter:/root/aerostack2_ws/install/rmf_demos_dashboard_resources:/root/aerostack2_ws/install/rmf_demos_bridges:/root/aerostack2_ws/install/rmf_demos_assets:/root/aerostack2_ws/install/as2_visualization:/root/aerostack2_ws/install/as2_keyboard_teleoperation:/root/aerostack2_ws/install/as2_python_api:/root/aerostack2_ws/install/as2_perception:/opt/ros/humble LD_LIBRARY_PATH=/root/aerostack2_ws/install/as2_core/lib:/root/aerostack2_ws/install/as2_msgs/lib:/root/aerostack2_ws/install/as2_state_estimator/lib:/root/aerostack2_ws/install/as2_python_api/lib:/root/aerostack2_ws/install/as2_motion_controller/lib:/root/aerostack2_ws/install/as2_behaviors_trajectory_generation/lib:/root/aerostack2_ws/install/as2_behaviors_swarm_flocking/lib:/root/aerostack2_ws/install/as2_behaviors_motion/lib:/root/aerostack2_ws/install/as2_motion_reference_handlers/lib:/root/aerostack2_ws/install/as2_map_server/lib:/root/aerostack2_ws/install/as2_gazebo_assets/lib:/root/aerostack2_ws/install/as2_behaviors_perception/lib:/root/aerostack2_ws/install/as2_behaviors_path_planning/lib:/root/aerostack2_ws/install/as2_behavior_tree/lib:/root/aerostack2_ws/install/as2_behavior/lib:/opt/ros/humble/opt/rviz_ogre_vendor/lib:/opt/ros/humble/lib/x86_64-linux-gnu:/opt/ros/humble/lib /usr/bin/cmake --install /root/aerostack2_ws/build/as2_platform_multirotor_simulator
[5.869s] Level 1:colcon.colcon_core.environment:checking '/root/aerostack2_ws/install/as2_platform_multirotor_simulator' for CMake config files
[5.870s] Level 1:colcon.colcon_core.shell:create_environment_hook('as2_platform_multirotor_simulator', 'cmake_prefix_path')
[5.871s] INFO:colcon.colcon_core.shell:Creating environment hook '/root/aerostack2_ws/install/as2_platform_multirotor_simulator/share/as2_platform_multirotor_simulator/hook/cmake_prefix_path.ps1'
[5.872s] INFO:colcon.colcon_core.shell:Creating environment descriptor '/root/aerostack2_ws/install/as2_platform_multirotor_simulator/share/as2_platform_multirotor_simulator/hook/cmake_prefix_path.dsv'
[5.872s] INFO:colcon.colcon_core.shell:Creating environment hook '/root/aerostack2_ws/install/as2_platform_multirotor_simulator/share/as2_platform_multirotor_simulator/hook/cmake_prefix_path.sh'
[5.874s] Level 1:colcon.colcon_core.environment:checking '/root/aerostack2_ws/install/as2_platform_multirotor_simulator/lib'
[5.878s] Level 1:colcon.colcon_core.environment:checking '/root/aerostack2_ws/install/as2_platform_multirotor_simulator/bin'
[5.878s] Level 1:colcon.colcon_core.environment:checking '/root/aerostack2_ws/install/as2_platform_multirotor_simulator/lib/pkgconfig/as2_platform_multirotor_simulator.pc'
[5.879s] Level 1:colcon.colcon_core.environment:checking '/root/aerostack2_ws/install/as2_platform_multirotor_simulator/lib/python3.10/site-packages'
[5.879s] Level 1:colcon.colcon_core.environment:checking '/root/aerostack2_ws/install/as2_platform_multirotor_simulator/bin'
[5.880s] INFO:colcon.colcon_core.shell:Creating package script '/root/aerostack2_ws/install/as2_platform_multirotor_simulator/share/as2_platform_multirotor_simulator/package.ps1'
[5.884s] INFO:colcon.colcon_core.shell:Creating package descriptor '/root/aerostack2_ws/install/as2_platform_multirotor_simulator/share/as2_platform_multirotor_simulator/package.dsv'
[5.885s] INFO:colcon.colcon_core.shell:Creating package script '/root/aerostack2_ws/install/as2_platform_multirotor_simulator/share/as2_platform_multirotor_simulator/package.sh'
[5.886s] INFO:colcon.colcon_core.shell:Creating package script '/root/aerostack2_ws/install/as2_platform_multirotor_simulator/share/as2_platform_multirotor_simulator/package.bash'
[5.887s] INFO:colcon.colcon_core.shell:Creating package script '/root/aerostack2_ws/install/as2_platform_multirotor_simulator/share/as2_platform_multirotor_simulator/package.zsh'
[5.887s] Level 1:colcon.colcon_core.environment:create_file_with_runtime_dependencies(/root/aerostack2_ws/install/as2_platform_multirotor_simulator/share/colcon-core/packages/as2_platform_multirotor_simulator)
[5.888s] Level 1:colcon.colcon_core.environment:create_environment_scripts_only(as2_platform_multirotor_simulator)
[5.889s] Level 1:colcon.colcon_core.environment:checking '/root/aerostack2_ws/install/as2_platform_multirotor_simulator' for CMake module files
[5.890s] Level 1:colcon.colcon_core.environment:checking '/root/aerostack2_ws/install/as2_platform_multirotor_simulator' for CMake config files
[5.890s] Level 1:colcon.colcon_core.shell:create_environment_hook('as2_platform_multirotor_simulator', 'cmake_prefix_path')
[5.894s] INFO:colcon.colcon_core.shell:Creating environment hook '/root/aerostack2_ws/install/as2_platform_multirotor_simulator/share/as2_platform_multirotor_simulator/hook/cmake_prefix_path.ps1'
[5.896s] INFO:colcon.colcon_core.shell:Creating environment descriptor '/root/aerostack2_ws/install/as2_platform_multirotor_simulator/share/as2_platform_multirotor_simulator/hook/cmake_prefix_path.dsv'
[5.897s] INFO:colcon.colcon_core.shell:Creating environment hook '/root/aerostack2_ws/install/as2_platform_multirotor_simulator/share/as2_platform_multirotor_simulator/hook/cmake_prefix_path.sh'
[5.898s] Level 1:colcon.colcon_core.environment:checking '/root/aerostack2_ws/install/as2_platform_multirotor_simulator/lib'
[5.898s] Level 1:colcon.colcon_core.environment:checking '/root/aerostack2_ws/install/as2_platform_multirotor_simulator/bin'
[5.898s] Level 1:colcon.colcon_core.environment:checking '/root/aerostack2_ws/install/as2_platform_multirotor_simulator/lib/pkgconfig/as2_platform_multirotor_simulator.pc'
[5.898s] Level 1:colcon.colcon_core.environment:checking '/root/aerostack2_ws/install/as2_platform_multirotor_simulator/lib/python3.10/site-packages'
[5.899s] Level 1:colcon.colcon_core.environment:checking '/root/aerostack2_ws/install/as2_platform_multirotor_simulator/bin'
[5.900s] INFO:colcon.colcon_core.shell:Creating package script '/root/aerostack2_ws/install/as2_platform_multirotor_simulator/share/as2_platform_multirotor_simulator/package.ps1'
[5.900s] INFO:colcon.colcon_core.shell:Creating package descriptor '/root/aerostack2_ws/install/as2_platform_multirotor_simulator/share/as2_platform_multirotor_simulator/package.dsv'
[5.901s] INFO:colcon.colcon_core.shell:Creating package script '/root/aerostack2_ws/install/as2_platform_multirotor_simulator/share/as2_platform_multirotor_simulator/package.sh'
[5.902s] INFO:colcon.colcon_core.shell:Creating package script '/root/aerostack2_ws/install/as2_platform_multirotor_simulator/share/as2_platform_multirotor_simulator/package.bash'
[5.903s] INFO:colcon.colcon_core.shell:Creating package script '/root/aerostack2_ws/install/as2_platform_multirotor_simulator/share/as2_platform_multirotor_simulator/package.zsh'
[5.903s] Level 1:colcon.colcon_core.environment:create_file_with_runtime_dependencies(/root/aerostack2_ws/install/as2_platform_multirotor_simulator/share/colcon-core/packages/as2_platform_multirotor_simulator)
[5.904s] INFO:colcon.colcon_ros.task.ament_python.build:Building ROS package in '/root/aerostack2_ws/src/aerostack2/as2_user_interfaces/as2_visualization/as2_visualization' with build type 'ament_python'
[5.904s] Level 1:colcon.colcon_core.shell:create_environment_hook('as2_visualization', 'ament_prefix_path')
[5.904s] INFO:colcon.colcon_core.shell:Creating environment hook '/root/aerostack2_ws/install/as2_visualization/share/as2_visualization/hook/ament_prefix_path.ps1'
[5.908s] INFO:colcon.colcon_core.shell:Creating environment descriptor '/root/aerostack2_ws/install/as2_visualization/share/as2_visualization/hook/ament_prefix_path.dsv'
[5.908s] INFO:colcon.colcon_core.shell:Creating environment hook '/root/aerostack2_ws/install/as2_visualization/share/as2_visualization/hook/ament_prefix_path.sh'
[5.909s] INFO:colcon.colcon_core.shell:Skip shell extension 'powershell' for command environment: Not usable outside of PowerShell
[5.909s] DEBUG:colcon.colcon_core.shell:Skip shell extension 'dsv' for command environment
[6.369s] INFO:colcon.colcon_core.task.python.build:Building Python package in '/root/aerostack2_ws/src/aerostack2/as2_user_interfaces/as2_visualization/as2_visualization'
[6.369s] INFO:colcon.colcon_core.shell:Skip shell extension 'powershell' for command environment: Not usable outside of PowerShell
[6.369s] DEBUG:colcon.colcon_core.shell:Skip shell extension 'dsv' for command environment
[6.386s] DEBUG:colcon.colcon_core.event_handler.log_command:Invoked command in '/root/aerostack2_ws/build/as2_behaviors_platform' returned '0': CMAKE_PREFIX_PATH=/root/aerostack2_ws/install/as2_behavior:/root/aerostack2_ws/install/as2_core:/root/aerostack2_ws/install/as2_msgs:/root/aerostack2_ws/install/rmf_demos_gz_classic:/root/aerostack2_ws/install/rmf_demos_gz:/root/aerostack2_ws/install/rmf_demos:/root/aerostack2_ws/install/rmf_demos_maps:/root/aerostack2_ws/install/aerostack2:/root/aerostack2_ws/install/as2_usb_camera_interface:/root/aerostack2_ws/install/as2_state_estimator:/root/aerostack2_ws/install/as2_rviz_plugins:/root/aerostack2_ws/install/as2_realsense_interface:/root/aerostack2_ws/install/as2_platform_multirotor_simulator:/root/aerostack2_ws/install/as2_platform_gazebo:/root/aerostack2_ws/install/as2_motion_controller:/root/aerostack2_ws/install/as2_behaviors_trajectory_generation:/root/aerostack2_ws/install/as2_behaviors_swarm_flocking:/root/aerostack2_ws/install/as2_behaviors_motion:/root/aerostack2_ws/install/as2_motion_reference_handlers:/root/aerostack2_ws/install/as2_map_server:/root/aerostack2_ws/install/as2_geozones:/root/aerostack2_ws/install/as2_gazebo_assets:/root/aerostack2_ws/install/as2_external_object_to_tf:/root/aerostack2_ws/install/as2_behaviors_platform:/root/aerostack2_ws/install/as2_behaviors_perception:/root/aerostack2_ws/install/as2_behaviors_path_planning:/root/aerostack2_ws/install/as2_behavior_tree:/root/aerostack2_ws/install/as2_alphanumeric_viewer:/root/aerostack2_ws/install/as2_cli:/root/aerostack2_ws/install/as2_project_bringup:/root/aerostack2_ws/install/rmf_demos_tasks:/root/aerostack2_ws/install/rmf_demos_panel:/root/aerostack2_ws/install/rmf_demos_fleet_adapter:/root/aerostack2_ws/install/rmf_demos_dashboard_resources:/root/aerostack2_ws/install/rmf_demos_bridges:/root/aerostack2_ws/install/rmf_demos_assets:/root/aerostack2_ws/install/as2_visualization:/root/aerostack2_ws/install/as2_keyboard_teleoperation:/root/aerostack2_ws/install/as2_python_api:/root/aerostack2_ws/install/as2_perception:/opt/ros/humble LD_LIBRARY_PATH=/root/aerostack2_ws/install/as2_behavior/lib:/root/aerostack2_ws/install/as2_core/lib:/root/aerostack2_ws/install/as2_msgs/lib:/root/aerostack2_ws/install/as2_state_estimator/lib:/root/aerostack2_ws/install/as2_python_api/lib:/root/aerostack2_ws/install/as2_motion_controller/lib:/root/aerostack2_ws/install/as2_behaviors_trajectory_generation/lib:/root/aerostack2_ws/install/as2_behaviors_swarm_flocking/lib:/root/aerostack2_ws/install/as2_behaviors_motion/lib:/root/aerostack2_ws/install/as2_motion_reference_handlers/lib:/root/aerostack2_ws/install/as2_map_server/lib:/root/aerostack2_ws/install/as2_gazebo_assets/lib:/root/aerostack2_ws/install/as2_behaviors_perception/lib:/root/aerostack2_ws/install/as2_behaviors_path_planning/lib:/root/aerostack2_ws/install/as2_behavior_tree/lib:/opt/ros/humble/opt/rviz_ogre_vendor/lib:/opt/ros/humble/lib/x86_64-linux-gnu:/opt/ros/humble/lib /usr/bin/cmake --build /root/aerostack2_ws/build/as2_behaviors_platform -- -j8 -l8
[6.388s] DEBUG:colcon.colcon_core.event_handler.log_command:Invoking command in '/root/aerostack2_ws/build/as2_behaviors_platform': CMAKE_PREFIX_PATH=/root/aerostack2_ws/install/as2_behavior:/root/aerostack2_ws/install/as2_core:/root/aerostack2_ws/install/as2_msgs:/root/aerostack2_ws/install/rmf_demos_gz_classic:/root/aerostack2_ws/install/rmf_demos_gz:/root/aerostack2_ws/install/rmf_demos:/root/aerostack2_ws/install/rmf_demos_maps:/root/aerostack2_ws/install/aerostack2:/root/aerostack2_ws/install/as2_usb_camera_interface:/root/aerostack2_ws/install/as2_state_estimator:/root/aerostack2_ws/install/as2_rviz_plugins:/root/aerostack2_ws/install/as2_realsense_interface:/root/aerostack2_ws/install/as2_platform_multirotor_simulator:/root/aerostack2_ws/install/as2_platform_gazebo:/root/aerostack2_ws/install/as2_motion_controller:/root/aerostack2_ws/install/as2_behaviors_trajectory_generation:/root/aerostack2_ws/install/as2_behaviors_swarm_flocking:/root/aerostack2_ws/install/as2_behaviors_motion:/root/aerostack2_ws/install/as2_motion_reference_handlers:/root/aerostack2_ws/install/as2_map_server:/root/aerostack2_ws/install/as2_geozones:/root/aerostack2_ws/install/as2_gazebo_assets:/root/aerostack2_ws/install/as2_external_object_to_tf:/root/aerostack2_ws/install/as2_behaviors_platform:/root/aerostack2_ws/install/as2_behaviors_perception:/root/aerostack2_ws/install/as2_behaviors_path_planning:/root/aerostack2_ws/install/as2_behavior_tree:/root/aerostack2_ws/install/as2_alphanumeric_viewer:/root/aerostack2_ws/install/as2_cli:/root/aerostack2_ws/install/as2_project_bringup:/root/aerostack2_ws/install/rmf_demos_tasks:/root/aerostack2_ws/install/rmf_demos_panel:/root/aerostack2_ws/install/rmf_demos_fleet_adapter:/root/aerostack2_ws/install/rmf_demos_dashboard_resources:/root/aerostack2_ws/install/rmf_demos_bridges:/root/aerostack2_ws/install/rmf_demos_assets:/root/aerostack2_ws/install/as2_visualization:/root/aerostack2_ws/install/as2_keyboard_teleoperation:/root/aerostack2_ws/install/as2_python_api:/root/aerostack2_ws/install/as2_perception:/opt/ros/humble LD_LIBRARY_PATH=/root/aerostack2_ws/install/as2_behavior/lib:/root/aerostack2_ws/install/as2_core/lib:/root/aerostack2_ws/install/as2_msgs/lib:/root/aerostack2_ws/install/as2_state_estimator/lib:/root/aerostack2_ws/install/as2_python_api/lib:/root/aerostack2_ws/install/as2_motion_controller/lib:/root/aerostack2_ws/install/as2_behaviors_trajectory_generation/lib:/root/aerostack2_ws/install/as2_behaviors_swarm_flocking/lib:/root/aerostack2_ws/install/as2_behaviors_motion/lib:/root/aerostack2_ws/install/as2_motion_reference_handlers/lib:/root/aerostack2_ws/install/as2_map_server/lib:/root/aerostack2_ws/install/as2_gazebo_assets/lib:/root/aerostack2_ws/install/as2_behaviors_perception/lib:/root/aerostack2_ws/install/as2_behaviors_path_planning/lib:/root/aerostack2_ws/install/as2_behavior_tree/lib:/opt/ros/humble/opt/rviz_ogre_vendor/lib:/opt/ros/humble/lib/x86_64-linux-gnu:/opt/ros/humble/lib /usr/bin/cmake --install /root/aerostack2_ws/build/as2_behaviors_platform
[6.393s] DEBUG:colcon.colcon_core.event_handler.log_command:Invoked command in '/root/aerostack2_ws/build/as2_platform_gazebo' returned '0': CMAKE_PREFIX_PATH=/root/aerostack2_ws/install/as2_gazebo_assets:/root/aerostack2_ws/install/as2_core:/root/aerostack2_ws/install/as2_msgs:/root/aerostack2_ws/install/rmf_demos_gz_classic:/root/aerostack2_ws/install/rmf_demos_gz:/root/aerostack2_ws/install/rmf_demos:/root/aerostack2_ws/install/rmf_demos_maps:/root/aerostack2_ws/install/aerostack2:/root/aerostack2_ws/install/as2_usb_camera_interface:/root/aerostack2_ws/install/as2_state_estimator:/root/aerostack2_ws/install/as2_rviz_plugins:/root/aerostack2_ws/install/as2_realsense_interface:/root/aerostack2_ws/install/as2_platform_multirotor_simulator:/root/aerostack2_ws/install/as2_platform_gazebo:/root/aerostack2_ws/install/as2_motion_controller:/root/aerostack2_ws/install/as2_behaviors_trajectory_generation:/root/aerostack2_ws/install/as2_behaviors_swarm_flocking:/root/aerostack2_ws/install/as2_behaviors_motion:/root/aerostack2_ws/install/as2_motion_reference_handlers:/root/aerostack2_ws/install/as2_map_server:/root/aerostack2_ws/install/as2_geozones:/root/aerostack2_ws/install/as2_external_object_to_tf:/root/aerostack2_ws/install/as2_behaviors_platform:/root/aerostack2_ws/install/as2_behaviors_perception:/root/aerostack2_ws/install/as2_behaviors_path_planning:/root/aerostack2_ws/install/as2_behavior_tree:/root/aerostack2_ws/install/as2_behavior:/root/aerostack2_ws/install/as2_alphanumeric_viewer:/root/aerostack2_ws/install/as2_cli:/root/aerostack2_ws/install/as2_project_bringup:/root/aerostack2_ws/install/rmf_demos_tasks:/root/aerostack2_ws/install/rmf_demos_panel:/root/aerostack2_ws/install/rmf_demos_fleet_adapter:/root/aerostack2_ws/install/rmf_demos_dashboard_resources:/root/aerostack2_ws/install/rmf_demos_bridges:/root/aerostack2_ws/install/rmf_demos_assets:/root/aerostack2_ws/install/as2_visualization:/root/aerostack2_ws/install/as2_keyboard_teleoperation:/root/aerostack2_ws/install/as2_python_api:/root/aerostack2_ws/install/as2_perception:/opt/ros/humble GZ_SIM_RESOURCE_PATH=/root/aerostack2_ws/install/as2_gazebo_assets/share/as2_ign_gazebo_assets/worlds:/root/aerostack2_ws/install/as2_gazebo_assets/share/as2_ign_gazebo_assets/models:${GZ_SIM_RESOURCE_PATH} GZ_VERSION=@GZ_VERSION@ LD_LIBRARY_PATH=/root/aerostack2_ws/install/as2_gazebo_assets/lib:/root/aerostack2_ws/install/as2_core/lib:/root/aerostack2_ws/install/as2_msgs/lib:/root/aerostack2_ws/install/as2_state_estimator/lib:/root/aerostack2_ws/install/as2_python_api/lib:/root/aerostack2_ws/install/as2_motion_controller/lib:/root/aerostack2_ws/install/as2_behaviors_trajectory_generation/lib:/root/aerostack2_ws/install/as2_behaviors_swarm_flocking/lib:/root/aerostack2_ws/install/as2_behaviors_motion/lib:/root/aerostack2_ws/install/as2_motion_reference_handlers/lib:/root/aerostack2_ws/install/as2_map_server/lib:/root/aerostack2_ws/install/as2_behaviors_perception/lib:/root/aerostack2_ws/install/as2_behaviors_path_planning/lib:/root/aerostack2_ws/install/as2_behavior_tree/lib:/root/aerostack2_ws/install/as2_behavior/lib:/opt/ros/humble/opt/rviz_ogre_vendor/lib:/opt/ros/humble/lib/x86_64-linux-gnu:/opt/ros/humble/lib /usr/bin/cmake --build /root/aerostack2_ws/build/as2_platform_gazebo -- -j8 -l8
[6.396s] Level 1:colcon.colcon_core.environment:create_environment_scripts_only(as2_rviz_plugins)
[6.396s] Level 1:colcon.colcon_core.environment:checking '/root/aerostack2_ws/install/as2_rviz_plugins' for CMake module files
[6.397s] DEBUG:colcon.colcon_core.event_handler.log_command:Invoking command in '/root/aerostack2_ws/build/as2_platform_gazebo': CMAKE_PREFIX_PATH=/root/aerostack2_ws/install/as2_gazebo_assets:/root/aerostack2_ws/install/as2_core:/root/aerostack2_ws/install/as2_msgs:/root/aerostack2_ws/install/rmf_demos_gz_classic:/root/aerostack2_ws/install/rmf_demos_gz:/root/aerostack2_ws/install/rmf_demos:/root/aerostack2_ws/install/rmf_demos_maps:/root/aerostack2_ws/install/aerostack2:/root/aerostack2_ws/install/as2_usb_camera_interface:/root/aerostack2_ws/install/as2_state_estimator:/root/aerostack2_ws/install/as2_rviz_plugins:/root/aerostack2_ws/install/as2_realsense_interface:/root/aerostack2_ws/install/as2_platform_multirotor_simulator:/root/aerostack2_ws/install/as2_platform_gazebo:/root/aerostack2_ws/install/as2_motion_controller:/root/aerostack2_ws/install/as2_behaviors_trajectory_generation:/root/aerostack2_ws/install/as2_behaviors_swarm_flocking:/root/aerostack2_ws/install/as2_behaviors_motion:/root/aerostack2_ws/install/as2_motion_reference_handlers:/root/aerostack2_ws/install/as2_map_server:/root/aerostack2_ws/install/as2_geozones:/root/aerostack2_ws/install/as2_external_object_to_tf:/root/aerostack2_ws/install/as2_behaviors_platform:/root/aerostack2_ws/install/as2_behaviors_perception:/root/aerostack2_ws/install/as2_behaviors_path_planning:/root/aerostack2_ws/install/as2_behavior_tree:/root/aerostack2_ws/install/as2_behavior:/root/aerostack2_ws/install/as2_alphanumeric_viewer:/root/aerostack2_ws/install/as2_cli:/root/aerostack2_ws/install/as2_project_bringup:/root/aerostack2_ws/install/rmf_demos_tasks:/root/aerostack2_ws/install/rmf_demos_panel:/root/aerostack2_ws/install/rmf_demos_fleet_adapter:/root/aerostack2_ws/install/rmf_demos_dashboard_resources:/root/aerostack2_ws/install/rmf_demos_bridges:/root/aerostack2_ws/install/rmf_demos_assets:/root/aerostack2_ws/install/as2_visualization:/root/aerostack2_ws/install/as2_keyboard_teleoperation:/root/aerostack2_ws/install/as2_python_api:/root/aerostack2_ws/install/as2_perception:/opt/ros/humble GZ_SIM_RESOURCE_PATH=/root/aerostack2_ws/install/as2_gazebo_assets/share/as2_ign_gazebo_assets/worlds:/root/aerostack2_ws/install/as2_gazebo_assets/share/as2_ign_gazebo_assets/models:${GZ_SIM_RESOURCE_PATH} GZ_VERSION=@GZ_VERSION@ LD_LIBRARY_PATH=/root/aerostack2_ws/install/as2_gazebo_assets/lib:/root/aerostack2_ws/install/as2_core/lib:/root/aerostack2_ws/install/as2_msgs/lib:/root/aerostack2_ws/install/as2_state_estimator/lib:/root/aerostack2_ws/install/as2_python_api/lib:/root/aerostack2_ws/install/as2_motion_controller/lib:/root/aerostack2_ws/install/as2_behaviors_trajectory_generation/lib:/root/aerostack2_ws/install/as2_behaviors_swarm_flocking/lib:/root/aerostack2_ws/install/as2_behaviors_motion/lib:/root/aerostack2_ws/install/as2_motion_reference_handlers/lib:/root/aerostack2_ws/install/as2_map_server/lib:/root/aerostack2_ws/install/as2_behaviors_perception/lib:/root/aerostack2_ws/install/as2_behaviors_path_planning/lib:/root/aerostack2_ws/install/as2_behavior_tree/lib:/root/aerostack2_ws/install/as2_behavior/lib:/opt/ros/humble/opt/rviz_ogre_vendor/lib:/opt/ros/humble/lib/x86_64-linux-gnu:/opt/ros/humble/lib /usr/bin/cmake --install /root/aerostack2_ws/build/as2_platform_gazebo
[6.398s] Level 1:colcon.colcon_core.environment:checking '/root/aerostack2_ws/install/as2_rviz_plugins' for CMake config files
[6.398s] DEBUG:colcon.colcon_core.event_handler.log_command:Invoked command in '/root/aerostack2_ws/build/as2_rviz_plugins' returned '0': CMAKE_PREFIX_PATH=/root/aerostack2_ws/install/as2_motion_reference_handlers:/root/aerostack2_ws/install/as2_core:/root/aerostack2_ws/install/as2_msgs:/root/aerostack2_ws/install/rmf_demos_gz_classic:/root/aerostack2_ws/install/rmf_demos_gz:/root/aerostack2_ws/install/rmf_demos:/root/aerostack2_ws/install/rmf_demos_maps:/root/aerostack2_ws/install/aerostack2:/root/aerostack2_ws/install/as2_usb_camera_interface:/root/aerostack2_ws/install/as2_state_estimator:/root/aerostack2_ws/install/as2_rviz_plugins:/root/aerostack2_ws/install/as2_realsense_interface:/root/aerostack2_ws/install/as2_platform_multirotor_simulator:/root/aerostack2_ws/install/as2_platform_gazebo:/root/aerostack2_ws/install/as2_motion_controller:/root/aerostack2_ws/install/as2_behaviors_trajectory_generation:/root/aerostack2_ws/install/as2_behaviors_swarm_flocking:/root/aerostack2_ws/install/as2_behaviors_motion:/root/aerostack2_ws/install/as2_map_server:/root/aerostack2_ws/install/as2_geozones:/root/aerostack2_ws/install/as2_gazebo_assets:/root/aerostack2_ws/install/as2_external_object_to_tf:/root/aerostack2_ws/install/as2_behaviors_platform:/root/aerostack2_ws/install/as2_behaviors_perception:/root/aerostack2_ws/install/as2_behaviors_path_planning:/root/aerostack2_ws/install/as2_behavior_tree:/root/aerostack2_ws/install/as2_behavior:/root/aerostack2_ws/install/as2_alphanumeric_viewer:/root/aerostack2_ws/install/as2_cli:/root/aerostack2_ws/install/as2_project_bringup:/root/aerostack2_ws/install/rmf_demos_tasks:/root/aerostack2_ws/install/rmf_demos_panel:/root/aerostack2_ws/install/rmf_demos_fleet_adapter:/root/aerostack2_ws/install/rmf_demos_dashboard_resources:/root/aerostack2_ws/install/rmf_demos_bridges:/root/aerostack2_ws/install/rmf_demos_assets:/root/aerostack2_ws/install/as2_visualization:/root/aerostack2_ws/install/as2_keyboard_teleoperation:/root/aerostack2_ws/install/as2_python_api:/root/aerostack2_ws/install/as2_perception:/opt/ros/humble LD_LIBRARY_PATH=/root/aerostack2_ws/install/as2_core/lib:/root/aerostack2_ws/install/as2_msgs/lib:/root/aerostack2_ws/install/as2_state_estimator/lib:/root/aerostack2_ws/install/as2_python_api/lib:/root/aerostack2_ws/install/as2_motion_controller/lib:/root/aerostack2_ws/install/as2_behaviors_trajectory_generation/lib:/root/aerostack2_ws/install/as2_behaviors_swarm_flocking/lib:/root/aerostack2_ws/install/as2_behaviors_motion/lib:/root/aerostack2_ws/install/as2_motion_reference_handlers/lib:/root/aerostack2_ws/install/as2_map_server/lib:/root/aerostack2_ws/install/as2_gazebo_assets/lib:/root/aerostack2_ws/install/as2_behaviors_perception/lib:/root/aerostack2_ws/install/as2_behaviors_path_planning/lib:/root/aerostack2_ws/install/as2_behavior_tree/lib:/root/aerostack2_ws/install/as2_behavior/lib:/opt/ros/humble/opt/rviz_ogre_vendor/lib:/opt/ros/humble/lib/x86_64-linux-gnu:/opt/ros/humble/lib /usr/bin/cmake --install /root/aerostack2_ws/build/as2_rviz_plugins
[6.402s] Level 1:colcon.colcon_core.shell:create_environment_hook('as2_rviz_plugins', 'cmake_prefix_path')
[6.402s] INFO:colcon.colcon_core.shell:Creating environment hook '/root/aerostack2_ws/install/as2_rviz_plugins/share/as2_rviz_plugins/hook/cmake_prefix_path.ps1'
[6.403s] INFO:colcon.colcon_core.shell:Creating environment descriptor '/root/aerostack2_ws/install/as2_rviz_plugins/share/as2_rviz_plugins/hook/cmake_prefix_path.dsv'
[6.403s] INFO:colcon.colcon_core.shell:Creating environment hook '/root/aerostack2_ws/install/as2_rviz_plugins/share/as2_rviz_plugins/hook/cmake_prefix_path.sh'
[6.404s] Level 1:colcon.colcon_core.environment:checking '/root/aerostack2_ws/install/as2_rviz_plugins/lib'
[6.405s] Level 1:colcon.colcon_core.environment:checking '/root/aerostack2_ws/install/as2_rviz_plugins/bin'
[6.405s] Level 1:colcon.colcon_core.environment:checking '/root/aerostack2_ws/install/as2_rviz_plugins/lib/pkgconfig/as2_rviz_plugins.pc'
[6.405s] Level 1:colcon.colcon_core.environment:checking '/root/aerostack2_ws/install/as2_rviz_plugins/lib/python3.10/site-packages'
[6.406s] Level 1:colcon.colcon_core.environment:checking '/root/aerostack2_ws/install/as2_rviz_plugins/bin'
[6.406s] INFO:colcon.colcon_core.shell:Creating package script '/root/aerostack2_ws/install/as2_rviz_plugins/share/as2_rviz_plugins/package.ps1'
[6.407s] INFO:colcon.colcon_core.shell:Creating package descriptor '/root/aerostack2_ws/install/as2_rviz_plugins/share/as2_rviz_plugins/package.dsv'
[6.408s] INFO:colcon.colcon_core.shell:Creating package script '/root/aerostack2_ws/install/as2_rviz_plugins/share/as2_rviz_plugins/package.sh'
[6.409s] INFO:colcon.colcon_core.shell:Creating package script '/root/aerostack2_ws/install/as2_rviz_plugins/share/as2_rviz_plugins/package.bash'
[6.410s] INFO:colcon.colcon_core.shell:Creating package script '/root/aerostack2_ws/install/as2_rviz_plugins/share/as2_rviz_plugins/package.zsh'
[6.410s] Level 1:colcon.colcon_core.environment:create_file_with_runtime_dependencies(/root/aerostack2_ws/install/as2_rviz_plugins/share/colcon-core/packages/as2_rviz_plugins)
[6.411s] Level 1:colcon.colcon_core.environment:create_environment_scripts_only(as2_rviz_plugins)
[6.412s] Level 1:colcon.colcon_core.environment:checking '/root/aerostack2_ws/install/as2_rviz_plugins' for CMake module files
[6.412s] Level 1:colcon.colcon_core.environment:checking '/root/aerostack2_ws/install/as2_rviz_plugins' for CMake config files
[6.413s] Level 1:colcon.colcon_core.shell:create_environment_hook('as2_rviz_plugins', 'cmake_prefix_path')
[6.413s] INFO:colcon.colcon_core.shell:Creating environment hook '/root/aerostack2_ws/install/as2_rviz_plugins/share/as2_rviz_plugins/hook/cmake_prefix_path.ps1'
[6.414s] INFO:colcon.colcon_core.shell:Creating environment descriptor '/root/aerostack2_ws/install/as2_rviz_plugins/share/as2_rviz_plugins/hook/cmake_prefix_path.dsv'
[6.415s] INFO:colcon.colcon_core.shell:Creating environment hook '/root/aerostack2_ws/install/as2_rviz_plugins/share/as2_rviz_plugins/hook/cmake_prefix_path.sh'
[6.415s] Level 1:colcon.colcon_core.environment:checking '/root/aerostack2_ws/install/as2_rviz_plugins/lib'
[6.415s] Level 1:colcon.colcon_core.environment:checking '/root/aerostack2_ws/install/as2_rviz_plugins/bin'
[6.415s] Level 1:colcon.colcon_core.environment:checking '/root/aerostack2_ws/install/as2_rviz_plugins/lib/pkgconfig/as2_rviz_plugins.pc'
[6.416s] Level 1:colcon.colcon_core.environment:checking '/root/aerostack2_ws/install/as2_rviz_plugins/lib/python3.10/site-packages'
[6.416s] Level 1:colcon.colcon_core.environment:checking '/root/aerostack2_ws/install/as2_rviz_plugins/bin'
[6.417s] INFO:colcon.colcon_core.shell:Creating package script '/root/aerostack2_ws/install/as2_rviz_plugins/share/as2_rviz_plugins/package.ps1'
[6.417s] INFO:colcon.colcon_core.shell:Creating package descriptor '/root/aerostack2_ws/install/as2_rviz_plugins/share/as2_rviz_plugins/package.dsv'
[6.418s] INFO:colcon.colcon_core.shell:Creating package script '/root/aerostack2_ws/install/as2_rviz_plugins/share/as2_rviz_plugins/package.sh'
[6.418s] INFO:colcon.colcon_core.shell:Creating package script '/root/aerostack2_ws/install/as2_rviz_plugins/share/as2_rviz_plugins/package.bash'
[6.418s] INFO:colcon.colcon_core.shell:Creating package script '/root/aerostack2_ws/install/as2_rviz_plugins/share/as2_rviz_plugins/package.zsh'
[6.419s] Level 1:colcon.colcon_core.environment:create_file_with_runtime_dependencies(/root/aerostack2_ws/install/as2_rviz_plugins/share/colcon-core/packages/as2_rviz_plugins)
[6.420s] DEBUG:colcon.colcon_core.event_handler.log_command:Invoked command in '/root/aerostack2_ws/build/as2_behaviors_motion' returned '0': CMAKE_PREFIX_PATH=/root/aerostack2_ws/install/as2_motion_reference_handlers:/root/aerostack2_ws/install/as2_behavior:/root/aerostack2_ws/install/as2_core:/root/aerostack2_ws/install/as2_msgs:/root/aerostack2_ws/install/rmf_demos_gz_classic:/root/aerostack2_ws/install/rmf_demos_gz:/root/aerostack2_ws/install/rmf_demos:/root/aerostack2_ws/install/rmf_demos_maps:/root/aerostack2_ws/install/aerostack2:/root/aerostack2_ws/install/as2_usb_camera_interface:/root/aerostack2_ws/install/as2_state_estimator:/root/aerostack2_ws/install/as2_rviz_plugins:/root/aerostack2_ws/install/as2_realsense_interface:/root/aerostack2_ws/install/as2_platform_multirotor_simulator:/root/aerostack2_ws/install/as2_platform_gazebo:/root/aerostack2_ws/install/as2_motion_controller:/root/aerostack2_ws/install/as2_behaviors_trajectory_generation:/root/aerostack2_ws/install/as2_behaviors_swarm_flocking:/root/aerostack2_ws/install/as2_behaviors_motion:/root/aerostack2_ws/install/as2_map_server:/root/aerostack2_ws/install/as2_geozones:/root/aerostack2_ws/install/as2_gazebo_assets:/root/aerostack2_ws/install/as2_external_object_to_tf:/root/aerostack2_ws/install/as2_behaviors_platform:/root/aerostack2_ws/install/as2_behaviors_perception:/root/aerostack2_ws/install/as2_behaviors_path_planning:/root/aerostack2_ws/install/as2_behavior_tree:/root/aerostack2_ws/install/as2_alphanumeric_viewer:/root/aerostack2_ws/install/as2_cli:/root/aerostack2_ws/install/as2_project_bringup:/root/aerostack2_ws/install/rmf_demos_tasks:/root/aerostack2_ws/install/rmf_demos_panel:/root/aerostack2_ws/install/rmf_demos_fleet_adapter:/root/aerostack2_ws/install/rmf_demos_dashboard_resources:/root/aerostack2_ws/install/rmf_demos_bridges:/root/aerostack2_ws/install/rmf_demos_assets:/root/aerostack2_ws/install/as2_visualization:/root/aerostack2_ws/install/as2_keyboard_teleoperation:/root/aerostack2_ws/install/as2_python_api:/root/aerostack2_ws/install/as2_perception:/opt/ros/humble LD_LIBRARY_PATH=/root/aerostack2_ws/install/as2_behavior/lib:/root/aerostack2_ws/install/as2_core/lib:/root/aerostack2_ws/install/as2_msgs/lib:/root/aerostack2_ws/install/as2_state_estimator/lib:/root/aerostack2_ws/install/as2_python_api/lib:/root/aerostack2_ws/install/as2_motion_controller/lib:/root/aerostack2_ws/install/as2_behaviors_trajectory_generation/lib:/root/aerostack2_ws/install/as2_behaviors_swarm_flocking/lib:/root/aerostack2_ws/install/as2_behaviors_motion/lib:/root/aerostack2_ws/install/as2_motion_reference_handlers/lib:/root/aerostack2_ws/install/as2_map_server/lib:/root/aerostack2_ws/install/as2_gazebo_assets/lib:/root/aerostack2_ws/install/as2_behaviors_perception/lib:/root/aerostack2_ws/install/as2_behaviors_path_planning/lib:/root/aerostack2_ws/install/as2_behavior_tree/lib:/opt/ros/humble/opt/rviz_ogre_vendor/lib:/opt/ros/humble/lib/x86_64-linux-gnu:/opt/ros/humble/lib /usr/bin/cmake --build /root/aerostack2_ws/build/as2_behaviors_motion -- -j8 -l8
[6.422s] DEBUG:colcon.colcon_core.event_handler.log_command:Invoking command in '/root/aerostack2_ws/build/as2_behaviors_motion': CMAKE_PREFIX_PATH=/root/aerostack2_ws/install/as2_motion_reference_handlers:/root/aerostack2_ws/install/as2_behavior:/root/aerostack2_ws/install/as2_core:/root/aerostack2_ws/install/as2_msgs:/root/aerostack2_ws/install/rmf_demos_gz_classic:/root/aerostack2_ws/install/rmf_demos_gz:/root/aerostack2_ws/install/rmf_demos:/root/aerostack2_ws/install/rmf_demos_maps:/root/aerostack2_ws/install/aerostack2:/root/aerostack2_ws/install/as2_usb_camera_interface:/root/aerostack2_ws/install/as2_state_estimator:/root/aerostack2_ws/install/as2_rviz_plugins:/root/aerostack2_ws/install/as2_realsense_interface:/root/aerostack2_ws/install/as2_platform_multirotor_simulator:/root/aerostack2_ws/install/as2_platform_gazebo:/root/aerostack2_ws/install/as2_motion_controller:/root/aerostack2_ws/install/as2_behaviors_trajectory_generation:/root/aerostack2_ws/install/as2_behaviors_swarm_flocking:/root/aerostack2_ws/install/as2_behaviors_motion:/root/aerostack2_ws/install/as2_map_server:/root/aerostack2_ws/install/as2_geozones:/root/aerostack2_ws/install/as2_gazebo_assets:/root/aerostack2_ws/install/as2_external_object_to_tf:/root/aerostack2_ws/install/as2_behaviors_platform:/root/aerostack2_ws/install/as2_behaviors_perception:/root/aerostack2_ws/install/as2_behaviors_path_planning:/root/aerostack2_ws/install/as2_behavior_tree:/root/aerostack2_ws/install/as2_alphanumeric_viewer:/root/aerostack2_ws/install/as2_cli:/root/aerostack2_ws/install/as2_project_bringup:/root/aerostack2_ws/install/rmf_demos_tasks:/root/aerostack2_ws/install/rmf_demos_panel:/root/aerostack2_ws/install/rmf_demos_fleet_adapter:/root/aerostack2_ws/install/rmf_demos_dashboard_resources:/root/aerostack2_ws/install/rmf_demos_bridges:/root/aerostack2_ws/install/rmf_demos_assets:/root/aerostack2_ws/install/as2_visualization:/root/aerostack2_ws/install/as2_keyboard_teleoperation:/root/aerostack2_ws/install/as2_python_api:/root/aerostack2_ws/install/as2_perception:/opt/ros/humble LD_LIBRARY_PATH=/root/aerostack2_ws/install/as2_behavior/lib:/root/aerostack2_ws/install/as2_core/lib:/root/aerostack2_ws/install/as2_msgs/lib:/root/aerostack2_ws/install/as2_state_estimator/lib:/root/aerostack2_ws/install/as2_python_api/lib:/root/aerostack2_ws/install/as2_motion_controller/lib:/root/aerostack2_ws/install/as2_behaviors_trajectory_generation/lib:/root/aerostack2_ws/install/as2_behaviors_swarm_flocking/lib:/root/aerostack2_ws/install/as2_behaviors_motion/lib:/root/aerostack2_ws/install/as2_motion_reference_handlers/lib:/root/aerostack2_ws/install/as2_map_server/lib:/root/aerostack2_ws/install/as2_gazebo_assets/lib:/root/aerostack2_ws/install/as2_behaviors_perception/lib:/root/aerostack2_ws/install/as2_behaviors_path_planning/lib:/root/aerostack2_ws/install/as2_behavior_tree/lib:/opt/ros/humble/opt/rviz_ogre_vendor/lib:/opt/ros/humble/lib/x86_64-linux-gnu:/opt/ros/humble/lib /usr/bin/cmake --install /root/aerostack2_ws/build/as2_behaviors_motion
[6.423s] INFO:colcon.colcon_ros.task.ament_cmake.build:Building ROS package in '/root/aerostack2_ws/src/aerostack2/as2_behaviors/as2_behaviors_swarm_flocking' with build type 'ament_cmake'
[6.424s] INFO:colcon.colcon_cmake.task.cmake.build:Building CMake package in '/root/aerostack2_ws/src/aerostack2/as2_behaviors/as2_behaviors_swarm_flocking'
[6.425s] INFO:colcon.colcon_core.shell:Skip shell extension 'powershell' for command environment: Not usable outside of PowerShell
[6.425s] DEBUG:colcon.colcon_core.shell:Skip shell extension 'dsv' for command environment
[6.450s] Level 1:colcon.colcon_core.environment:checking '/root/aerostack2_ws/install/as2_python_api' for CMake module files
[6.453s] Level 1:colcon.colcon_core.environment:checking '/root/aerostack2_ws/install/as2_python_api' for CMake config files
[6.454s] DEBUG:colcon.colcon_core.event_handler.log_command:Invoked command in '/root/aerostack2_ws/src/aerostack2/as2_python_api' returned '0': CMAKE_PREFIX_PATH=/root/aerostack2_ws/install/as2_motion_reference_handlers:/root/aerostack2_ws/install/as2_core:/root/aerostack2_ws/install/as2_msgs:/root/aerostack2_ws/install/rmf_demos_gz_classic:/root/aerostack2_ws/install/rmf_demos_gz:/root/aerostack2_ws/install/rmf_demos:/root/aerostack2_ws/install/rmf_demos_maps:/root/aerostack2_ws/install/aerostack2:/root/aerostack2_ws/install/as2_usb_camera_interface:/root/aerostack2_ws/install/as2_state_estimator:/root/aerostack2_ws/install/as2_rviz_plugins:/root/aerostack2_ws/install/as2_realsense_interface:/root/aerostack2_ws/install/as2_platform_multirotor_simulator:/root/aerostack2_ws/install/as2_platform_gazebo:/root/aerostack2_ws/install/as2_motion_controller:/root/aerostack2_ws/install/as2_behaviors_trajectory_generation:/root/aerostack2_ws/install/as2_behaviors_swarm_flocking:/root/aerostack2_ws/install/as2_behaviors_motion:/root/aerostack2_ws/install/as2_map_server:/root/aerostack2_ws/install/as2_geozones:/root/aerostack2_ws/install/as2_gazebo_assets:/root/aerostack2_ws/install/as2_external_object_to_tf:/root/aerostack2_ws/install/as2_behaviors_platform:/root/aerostack2_ws/install/as2_behaviors_perception:/root/aerostack2_ws/install/as2_behaviors_path_planning:/root/aerostack2_ws/install/as2_behavior_tree:/root/aerostack2_ws/install/as2_behavior:/root/aerostack2_ws/install/as2_alphanumeric_viewer:/root/aerostack2_ws/install/as2_cli LD_LIBRARY_PATH=/root/aerostack2_ws/install/as2_core/lib:/root/aerostack2_ws/install/as2_msgs/lib:/root/aerostack2_ws/install/as2_state_estimator/lib:/root/aerostack2_ws/install/as2_python_api/lib:/root/aerostack2_ws/install/as2_motion_controller/lib:/root/aerostack2_ws/install/as2_behaviors_trajectory_generation/lib:/root/aerostack2_ws/install/as2_behaviors_swarm_flocking/lib:/root/aerostack2_ws/install/as2_behaviors_motion/lib:/root/aerostack2_ws/install/as2_motion_reference_handlers/lib:/root/aerostack2_ws/install/as2_map_server/lib:/root/aerostack2_ws/install/as2_gazebo_assets/lib:/root/aerostack2_ws/install/as2_behaviors_perception/lib:/root/aerostack2_ws/install/as2_behaviors_path_planning/lib:/root/aerostack2_ws/install/as2_behavior_tree/lib:/root/aerostack2_ws/install/as2_behavior/lib:/opt/ros/humble/opt/rviz_ogre_vendor/lib:/opt/ros/humble/lib/x86_64-linux-gnu:/opt/ros/humble/lib PYTHONPATH=/root/aerostack2_ws/build/as2_python_api/prefix_override:/usr/lib/python3/dist-packages/colcon_core/task/python/colcon_distutils_commands:/root/aerostack2_ws/install/as2_python_api/lib/python3.10/site-packages:${PYTHONPATH} /usr/bin/python3 -W ignore:setup.py install is deprecated -W ignore:easy_install command is deprecated setup.py egg_info --egg-base ../../../build/as2_python_api build --build-base /root/aerostack2_ws/build/as2_python_api/build install --record /root/aerostack2_ws/build/as2_python_api/install.log --single-version-externally-managed install_data
[6.463s] Level 1:colcon.colcon_core.environment:checking '/root/aerostack2_ws/install/as2_python_api/lib'
[6.463s] Level 1:colcon.colcon_core.environment:checking '/root/aerostack2_ws/install/as2_python_api/bin'
[6.463s] Level 1:colcon.colcon_core.environment:checking '/root/aerostack2_ws/install/as2_python_api/lib/pkgconfig/as2_python_api.pc'
[6.464s] Level 1:colcon.colcon_core.environment:checking '/root/aerostack2_ws/install/as2_python_api/lib/python3.10/site-packages'
[6.464s] Level 1:colcon.colcon_core.shell:create_environment_hook('as2_python_api', 'pythonpath')
[6.464s] INFO:colcon.colcon_core.shell:Creating environment hook '/root/aerostack2_ws/install/as2_python_api/share/as2_python_api/hook/pythonpath.ps1'
[6.465s] INFO:colcon.colcon_core.shell:Creating environment descriptor '/root/aerostack2_ws/install/as2_python_api/share/as2_python_api/hook/pythonpath.dsv'
[6.466s] INFO:colcon.colcon_core.shell:Creating environment hook '/root/aerostack2_ws/install/as2_python_api/share/as2_python_api/hook/pythonpath.sh'
[6.466s] Level 1:colcon.colcon_core.environment:checking '/root/aerostack2_ws/install/as2_python_api/bin'
[6.467s] Level 1:colcon.colcon_core.environment:create_environment_scripts_only(as2_python_api)
[6.467s] INFO:colcon.colcon_core.shell:Creating package script '/root/aerostack2_ws/install/as2_python_api/share/as2_python_api/package.ps1'
[6.467s] INFO:colcon.colcon_core.shell:Creating package descriptor '/root/aerostack2_ws/install/as2_python_api/share/as2_python_api/package.dsv'
[6.468s] INFO:colcon.colcon_core.shell:Creating package script '/root/aerostack2_ws/install/as2_python_api/share/as2_python_api/package.sh'
[6.468s] INFO:colcon.colcon_core.shell:Creating package script '/root/aerostack2_ws/install/as2_python_api/share/as2_python_api/package.bash'
[6.469s] INFO:colcon.colcon_core.shell:Creating package script '/root/aerostack2_ws/install/as2_python_api/share/as2_python_api/package.zsh'
[6.469s] Level 1:colcon.colcon_core.environment:create_file_with_runtime_dependencies(/root/aerostack2_ws/install/as2_python_api/share/colcon-core/packages/as2_python_api)
[6.469s] Level 1:colcon.colcon_core.environment:create_environment_scripts_only(as2_behaviors_platform)
[6.470s] Level 1:colcon.colcon_core.environment:checking '/root/aerostack2_ws/install/as2_behaviors_platform' for CMake module files
[6.471s] DEBUG:colcon.colcon_core.event_handler.log_command:Invoked command in '/root/aerostack2_ws/build/as2_behaviors_platform' returned '0': CMAKE_PREFIX_PATH=/root/aerostack2_ws/install/as2_behavior:/root/aerostack2_ws/install/as2_core:/root/aerostack2_ws/install/as2_msgs:/root/aerostack2_ws/install/rmf_demos_gz_classic:/root/aerostack2_ws/install/rmf_demos_gz:/root/aerostack2_ws/install/rmf_demos:/root/aerostack2_ws/install/rmf_demos_maps:/root/aerostack2_ws/install/aerostack2:/root/aerostack2_ws/install/as2_usb_camera_interface:/root/aerostack2_ws/install/as2_state_estimator:/root/aerostack2_ws/install/as2_rviz_plugins:/root/aerostack2_ws/install/as2_realsense_interface:/root/aerostack2_ws/install/as2_platform_multirotor_simulator:/root/aerostack2_ws/install/as2_platform_gazebo:/root/aerostack2_ws/install/as2_motion_controller:/root/aerostack2_ws/install/as2_behaviors_trajectory_generation:/root/aerostack2_ws/install/as2_behaviors_swarm_flocking:/root/aerostack2_ws/install/as2_behaviors_motion:/root/aerostack2_ws/install/as2_motion_reference_handlers:/root/aerostack2_ws/install/as2_map_server:/root/aerostack2_ws/install/as2_geozones:/root/aerostack2_ws/install/as2_gazebo_assets:/root/aerostack2_ws/install/as2_external_object_to_tf:/root/aerostack2_ws/install/as2_behaviors_platform:/root/aerostack2_ws/install/as2_behaviors_perception:/root/aerostack2_ws/install/as2_behaviors_path_planning:/root/aerostack2_ws/install/as2_behavior_tree:/root/aerostack2_ws/install/as2_alphanumeric_viewer:/root/aerostack2_ws/install/as2_cli:/root/aerostack2_ws/install/as2_project_bringup:/root/aerostack2_ws/install/rmf_demos_tasks:/root/aerostack2_ws/install/rmf_demos_panel:/root/aerostack2_ws/install/rmf_demos_fleet_adapter:/root/aerostack2_ws/install/rmf_demos_dashboard_resources:/root/aerostack2_ws/install/rmf_demos_bridges:/root/aerostack2_ws/install/rmf_demos_assets:/root/aerostack2_ws/install/as2_visualization:/root/aerostack2_ws/install/as2_keyboard_teleoperation:/root/aerostack2_ws/install/as2_python_api:/root/aerostack2_ws/install/as2_perception:/opt/ros/humble LD_LIBRARY_PATH=/root/aerostack2_ws/install/as2_behavior/lib:/root/aerostack2_ws/install/as2_core/lib:/root/aerostack2_ws/install/as2_msgs/lib:/root/aerostack2_ws/install/as2_state_estimator/lib:/root/aerostack2_ws/install/as2_python_api/lib:/root/aerostack2_ws/install/as2_motion_controller/lib:/root/aerostack2_ws/install/as2_behaviors_trajectory_generation/lib:/root/aerostack2_ws/install/as2_behaviors_swarm_flocking/lib:/root/aerostack2_ws/install/as2_behaviors_motion/lib:/root/aerostack2_ws/install/as2_motion_reference_handlers/lib:/root/aerostack2_ws/install/as2_map_server/lib:/root/aerostack2_ws/install/as2_gazebo_assets/lib:/root/aerostack2_ws/install/as2_behaviors_perception/lib:/root/aerostack2_ws/install/as2_behaviors_path_planning/lib:/root/aerostack2_ws/install/as2_behavior_tree/lib:/opt/ros/humble/opt/rviz_ogre_vendor/lib:/opt/ros/humble/lib/x86_64-linux-gnu:/opt/ros/humble/lib /usr/bin/cmake --install /root/aerostack2_ws/build/as2_behaviors_platform
[6.473s] Level 1:colcon.colcon_core.environment:checking '/root/aerostack2_ws/install/as2_behaviors_platform' for CMake config files
[6.474s] Level 1:colcon.colcon_core.shell:create_environment_hook('as2_behaviors_platform', 'cmake_prefix_path')
[6.475s] INFO:colcon.colcon_core.shell:Creating environment hook '/root/aerostack2_ws/install/as2_behaviors_platform/share/as2_behaviors_platform/hook/cmake_prefix_path.ps1'
[6.475s] INFO:colcon.colcon_core.shell:Creating environment descriptor '/root/aerostack2_ws/install/as2_behaviors_platform/share/as2_behaviors_platform/hook/cmake_prefix_path.dsv'
[6.476s] INFO:colcon.colcon_core.shell:Creating environment hook '/root/aerostack2_ws/install/as2_behaviors_platform/share/as2_behaviors_platform/hook/cmake_prefix_path.sh'
[6.477s] Level 1:colcon.colcon_core.environment:checking '/root/aerostack2_ws/install/as2_behaviors_platform/lib'
[6.478s] Level 1:colcon.colcon_core.environment:checking '/root/aerostack2_ws/install/as2_behaviors_platform/bin'
[6.478s] Level 1:colcon.colcon_core.environment:checking '/root/aerostack2_ws/install/as2_behaviors_platform/lib/pkgconfig/as2_behaviors_platform.pc'
[6.478s] Level 1:colcon.colcon_core.environment:checking '/root/aerostack2_ws/install/as2_behaviors_platform/lib/python3.10/site-packages'
[6.479s] Level 1:colcon.colcon_core.environment:checking '/root/aerostack2_ws/install/as2_behaviors_platform/bin'
[6.479s] INFO:colcon.colcon_core.shell:Creating package script '/root/aerostack2_ws/install/as2_behaviors_platform/share/as2_behaviors_platform/package.ps1'
[6.480s] INFO:colcon.colcon_core.shell:Creating package descriptor '/root/aerostack2_ws/install/as2_behaviors_platform/share/as2_behaviors_platform/package.dsv'
[6.481s] INFO:colcon.colcon_core.shell:Creating package script '/root/aerostack2_ws/install/as2_behaviors_platform/share/as2_behaviors_platform/package.sh'
[6.481s] INFO:colcon.colcon_core.shell:Creating package script '/root/aerostack2_ws/install/as2_behaviors_platform/share/as2_behaviors_platform/package.bash'
[6.482s] INFO:colcon.colcon_core.shell:Creating package script '/root/aerostack2_ws/install/as2_behaviors_platform/share/as2_behaviors_platform/package.zsh'
[6.482s] Level 1:colcon.colcon_core.environment:create_file_with_runtime_dependencies(/root/aerostack2_ws/install/as2_behaviors_platform/share/colcon-core/packages/as2_behaviors_platform)
[6.483s] Level 1:colcon.colcon_core.environment:create_environment_scripts_only(as2_behaviors_platform)
[6.483s] Level 1:colcon.colcon_core.environment:checking '/root/aerostack2_ws/install/as2_behaviors_platform' for CMake module files
[6.484s] Level 1:colcon.colcon_core.environment:checking '/root/aerostack2_ws/install/as2_behaviors_platform' for CMake config files
[6.484s] Level 1:colcon.colcon_core.shell:create_environment_hook('as2_behaviors_platform', 'cmake_prefix_path')
[6.484s] INFO:colcon.colcon_core.shell:Creating environment hook '/root/aerostack2_ws/install/as2_behaviors_platform/share/as2_behaviors_platform/hook/cmake_prefix_path.ps1'
[6.484s] INFO:colcon.colcon_core.shell:Creating environment descriptor '/root/aerostack2_ws/install/as2_behaviors_platform/share/as2_behaviors_platform/hook/cmake_prefix_path.dsv'
[6.485s] INFO:colcon.colcon_core.shell:Creating environment hook '/root/aerostack2_ws/install/as2_behaviors_platform/share/as2_behaviors_platform/hook/cmake_prefix_path.sh'
[6.485s] Level 1:colcon.colcon_core.environment:checking '/root/aerostack2_ws/install/as2_behaviors_platform/lib'
[6.485s] Level 1:colcon.colcon_core.environment:checking '/root/aerostack2_ws/install/as2_behaviors_platform/bin'
[6.485s] Level 1:colcon.colcon_core.environment:checking '/root/aerostack2_ws/install/as2_behaviors_platform/lib/pkgconfig/as2_behaviors_platform.pc'
[6.486s] Level 1:colcon.colcon_core.environment:checking '/root/aerostack2_ws/install/as2_behaviors_platform/lib/python3.10/site-packages'
[6.487s] Level 1:colcon.colcon_core.environment:checking '/root/aerostack2_ws/install/as2_behaviors_platform/bin'
[6.487s] INFO:colcon.colcon_core.shell:Creating package script '/root/aerostack2_ws/install/as2_behaviors_platform/share/as2_behaviors_platform/package.ps1'
[6.488s] INFO:colcon.colcon_core.shell:Creating package descriptor '/root/aerostack2_ws/install/as2_behaviors_platform/share/as2_behaviors_platform/package.dsv'
[6.489s] INFO:colcon.colcon_core.shell:Creating package script '/root/aerostack2_ws/install/as2_behaviors_platform/share/as2_behaviors_platform/package.sh'
[6.489s] INFO:colcon.colcon_core.shell:Creating package script '/root/aerostack2_ws/install/as2_behaviors_platform/share/as2_behaviors_platform/package.bash'
[6.490s] INFO:colcon.colcon_core.shell:Creating package script '/root/aerostack2_ws/install/as2_behaviors_platform/share/as2_behaviors_platform/package.zsh'
[6.490s] Level 1:colcon.colcon_core.environment:create_file_with_runtime_dependencies(/root/aerostack2_ws/install/as2_behaviors_platform/share/colcon-core/packages/as2_behaviors_platform)
[6.490s] Level 1:colcon.colcon_core.environment:create_environment_scripts_only(as2_platform_gazebo)
[6.491s] Level 1:colcon.colcon_core.environment:checking '/root/aerostack2_ws/install/as2_platform_gazebo' for CMake module files
[6.492s] DEBUG:colcon.colcon_core.event_handler.log_command:Invoked command in '/root/aerostack2_ws/build/as2_platform_gazebo' returned '0': CMAKE_PREFIX_PATH=/root/aerostack2_ws/install/as2_gazebo_assets:/root/aerostack2_ws/install/as2_core:/root/aerostack2_ws/install/as2_msgs:/root/aerostack2_ws/install/rmf_demos_gz_classic:/root/aerostack2_ws/install/rmf_demos_gz:/root/aerostack2_ws/install/rmf_demos:/root/aerostack2_ws/install/rmf_demos_maps:/root/aerostack2_ws/install/aerostack2:/root/aerostack2_ws/install/as2_usb_camera_interface:/root/aerostack2_ws/install/as2_state_estimator:/root/aerostack2_ws/install/as2_rviz_plugins:/root/aerostack2_ws/install/as2_realsense_interface:/root/aerostack2_ws/install/as2_platform_multirotor_simulator:/root/aerostack2_ws/install/as2_platform_gazebo:/root/aerostack2_ws/install/as2_motion_controller:/root/aerostack2_ws/install/as2_behaviors_trajectory_generation:/root/aerostack2_ws/install/as2_behaviors_swarm_flocking:/root/aerostack2_ws/install/as2_behaviors_motion:/root/aerostack2_ws/install/as2_motion_reference_handlers:/root/aerostack2_ws/install/as2_map_server:/root/aerostack2_ws/install/as2_geozones:/root/aerostack2_ws/install/as2_external_object_to_tf:/root/aerostack2_ws/install/as2_behaviors_platform:/root/aerostack2_ws/install/as2_behaviors_perception:/root/aerostack2_ws/install/as2_behaviors_path_planning:/root/aerostack2_ws/install/as2_behavior_tree:/root/aerostack2_ws/install/as2_behavior:/root/aerostack2_ws/install/as2_alphanumeric_viewer:/root/aerostack2_ws/install/as2_cli:/root/aerostack2_ws/install/as2_project_bringup:/root/aerostack2_ws/install/rmf_demos_tasks:/root/aerostack2_ws/install/rmf_demos_panel:/root/aerostack2_ws/install/rmf_demos_fleet_adapter:/root/aerostack2_ws/install/rmf_demos_dashboard_resources:/root/aerostack2_ws/install/rmf_demos_bridges:/root/aerostack2_ws/install/rmf_demos_assets:/root/aerostack2_ws/install/as2_visualization:/root/aerostack2_ws/install/as2_keyboard_teleoperation:/root/aerostack2_ws/install/as2_python_api:/root/aerostack2_ws/install/as2_perception:/opt/ros/humble GZ_SIM_RESOURCE_PATH=/root/aerostack2_ws/install/as2_gazebo_assets/share/as2_ign_gazebo_assets/worlds:/root/aerostack2_ws/install/as2_gazebo_assets/share/as2_ign_gazebo_assets/models:${GZ_SIM_RESOURCE_PATH} GZ_VERSION=@GZ_VERSION@ LD_LIBRARY_PATH=/root/aerostack2_ws/install/as2_gazebo_assets/lib:/root/aerostack2_ws/install/as2_core/lib:/root/aerostack2_ws/install/as2_msgs/lib:/root/aerostack2_ws/install/as2_state_estimator/lib:/root/aerostack2_ws/install/as2_python_api/lib:/root/aerostack2_ws/install/as2_motion_controller/lib:/root/aerostack2_ws/install/as2_behaviors_trajectory_generation/lib:/root/aerostack2_ws/install/as2_behaviors_swarm_flocking/lib:/root/aerostack2_ws/install/as2_behaviors_motion/lib:/root/aerostack2_ws/install/as2_motion_reference_handlers/lib:/root/aerostack2_ws/install/as2_map_server/lib:/root/aerostack2_ws/install/as2_behaviors_perception/lib:/root/aerostack2_ws/install/as2_behaviors_path_planning/lib:/root/aerostack2_ws/install/as2_behavior_tree/lib:/root/aerostack2_ws/install/as2_behavior/lib:/opt/ros/humble/opt/rviz_ogre_vendor/lib:/opt/ros/humble/lib/x86_64-linux-gnu:/opt/ros/humble/lib /usr/bin/cmake --install /root/aerostack2_ws/build/as2_platform_gazebo
[6.493s] Level 1:colcon.colcon_core.environment:checking '/root/aerostack2_ws/install/as2_platform_gazebo' for CMake config files
[6.494s] Level 1:colcon.colcon_core.shell:create_environment_hook('as2_platform_gazebo', 'cmake_prefix_path')
[6.494s] INFO:colcon.colcon_core.shell:Creating environment hook '/root/aerostack2_ws/install/as2_platform_gazebo/share/as2_platform_gazebo/hook/cmake_prefix_path.ps1'
[6.495s] INFO:colcon.colcon_core.shell:Creating environment descriptor '/root/aerostack2_ws/install/as2_platform_gazebo/share/as2_platform_gazebo/hook/cmake_prefix_path.dsv'
[6.495s] INFO:colcon.colcon_core.shell:Creating environment hook '/root/aerostack2_ws/install/as2_platform_gazebo/share/as2_platform_gazebo/hook/cmake_prefix_path.sh'
[6.496s] Level 1:colcon.colcon_core.environment:checking '/root/aerostack2_ws/install/as2_platform_gazebo/lib'
[6.497s] Level 1:colcon.colcon_core.environment:checking '/root/aerostack2_ws/install/as2_platform_gazebo/bin'
[6.497s] Level 1:colcon.colcon_core.environment:checking '/root/aerostack2_ws/install/as2_platform_gazebo/lib/pkgconfig/as2_platform_gazebo.pc'
[6.497s] Level 1:colcon.colcon_core.environment:checking '/root/aerostack2_ws/install/as2_platform_gazebo/lib/python3.10/site-packages'
[6.498s] Level 1:colcon.colcon_core.environment:checking '/root/aerostack2_ws/install/as2_platform_gazebo/bin'
[6.499s] INFO:colcon.colcon_core.shell:Creating package script '/root/aerostack2_ws/install/as2_platform_gazebo/share/as2_platform_gazebo/package.ps1'
[6.499s] INFO:colcon.colcon_core.shell:Creating package descriptor '/root/aerostack2_ws/install/as2_platform_gazebo/share/as2_platform_gazebo/package.dsv'
[6.500s] INFO:colcon.colcon_core.shell:Creating package script '/root/aerostack2_ws/install/as2_platform_gazebo/share/as2_platform_gazebo/package.sh'
[6.500s] INFO:colcon.colcon_core.shell:Creating package script '/root/aerostack2_ws/install/as2_platform_gazebo/share/as2_platform_gazebo/package.bash'
[6.501s] INFO:colcon.colcon_core.shell:Creating package script '/root/aerostack2_ws/install/as2_platform_gazebo/share/as2_platform_gazebo/package.zsh'
[6.501s] Level 1:colcon.colcon_core.environment:create_file_with_runtime_dependencies(/root/aerostack2_ws/install/as2_platform_gazebo/share/colcon-core/packages/as2_platform_gazebo)
[6.502s] Level 1:colcon.colcon_core.environment:create_environment_scripts_only(as2_platform_gazebo)
[6.502s] Level 1:colcon.colcon_core.environment:checking '/root/aerostack2_ws/install/as2_platform_gazebo' for CMake module files
[6.503s] Level 1:colcon.colcon_core.environment:checking '/root/aerostack2_ws/install/as2_platform_gazebo' for CMake config files
[6.503s] Level 1:colcon.colcon_core.shell:create_environment_hook('as2_platform_gazebo', 'cmake_prefix_path')
[6.503s] INFO:colcon.colcon_core.shell:Creating environment hook '/root/aerostack2_ws/install/as2_platform_gazebo/share/as2_platform_gazebo/hook/cmake_prefix_path.ps1'
[6.503s] INFO:colcon.colcon_core.shell:Creating environment descriptor '/root/aerostack2_ws/install/as2_platform_gazebo/share/as2_platform_gazebo/hook/cmake_prefix_path.dsv'
[6.504s] INFO:colcon.colcon_core.shell:Creating environment hook '/root/aerostack2_ws/install/as2_platform_gazebo/share/as2_platform_gazebo/hook/cmake_prefix_path.sh'
[6.504s] Level 1:colcon.colcon_core.environment:checking '/root/aerostack2_ws/install/as2_platform_gazebo/lib'
[6.504s] Level 1:colcon.colcon_core.environment:checking '/root/aerostack2_ws/install/as2_platform_gazebo/bin'
[6.504s] Level 1:colcon.colcon_core.environment:checking '/root/aerostack2_ws/install/as2_platform_gazebo/lib/pkgconfig/as2_platform_gazebo.pc'
[6.505s] Level 1:colcon.colcon_core.environment:checking '/root/aerostack2_ws/install/as2_platform_gazebo/lib/python3.10/site-packages'
[6.505s] Level 1:colcon.colcon_core.environment:checking '/root/aerostack2_ws/install/as2_platform_gazebo/bin'
[6.505s] INFO:colcon.colcon_core.shell:Creating package script '/root/aerostack2_ws/install/as2_platform_gazebo/share/as2_platform_gazebo/package.ps1'
[6.506s] INFO:colcon.colcon_core.shell:Creating package descriptor '/root/aerostack2_ws/install/as2_platform_gazebo/share/as2_platform_gazebo/package.dsv'
[6.506s] INFO:colcon.colcon_core.shell:Creating package script '/root/aerostack2_ws/install/as2_platform_gazebo/share/as2_platform_gazebo/package.sh'
[6.507s] INFO:colcon.colcon_core.shell:Creating package script '/root/aerostack2_ws/install/as2_platform_gazebo/share/as2_platform_gazebo/package.bash'
[6.507s] INFO:colcon.colcon_core.shell:Creating package script '/root/aerostack2_ws/install/as2_platform_gazebo/share/as2_platform_gazebo/package.zsh'
[6.508s] Level 1:colcon.colcon_core.environment:create_file_with_runtime_dependencies(/root/aerostack2_ws/install/as2_platform_gazebo/share/colcon-core/packages/as2_platform_gazebo)
[6.508s] INFO:colcon.colcon_ros.task.ament_python.build:Building ROS package in '/root/aerostack2_ws/src/aerostack2/as2_user_interfaces/as2_keyboard_teleoperation' with build type 'ament_python'
[6.509s] Level 1:colcon.colcon_core.shell:create_environment_hook('as2_keyboard_teleoperation', 'ament_prefix_path')
[6.509s] INFO:colcon.colcon_core.shell:Creating environment hook '/root/aerostack2_ws/install/as2_keyboard_teleoperation/share/as2_keyboard_teleoperation/hook/ament_prefix_path.ps1'
[6.510s] INFO:colcon.colcon_core.shell:Creating environment descriptor '/root/aerostack2_ws/install/as2_keyboard_teleoperation/share/as2_keyboard_teleoperation/hook/ament_prefix_path.dsv'
[6.511s] INFO:colcon.colcon_core.shell:Creating environment hook '/root/aerostack2_ws/install/as2_keyboard_teleoperation/share/as2_keyboard_teleoperation/hook/ament_prefix_path.sh'
[6.512s] INFO:colcon.colcon_core.shell:Skip shell extension 'powershell' for command environment: Not usable outside of PowerShell
[6.512s] DEBUG:colcon.colcon_core.shell:Skip shell extension 'dsv' for command environment
[6.531s] DEBUG:colcon.colcon_core.event_handler.log_command:Invoking command in '/root/aerostack2_ws/build/as2_behaviors_swarm_flocking': CMAKE_PREFIX_PATH=/root/aerostack2_ws/install/as2_motion_reference_handlers:/root/aerostack2_ws/install/as2_behavior:/root/aerostack2_ws/install/as2_core:/root/aerostack2_ws/install/as2_msgs:/root/aerostack2_ws/install/rmf_demos_gz_classic:/root/aerostack2_ws/install/rmf_demos_gz:/root/aerostack2_ws/install/rmf_demos:/root/aerostack2_ws/install/rmf_demos_maps:/root/aerostack2_ws/install/aerostack2:/root/aerostack2_ws/install/as2_usb_camera_interface:/root/aerostack2_ws/install/as2_state_estimator:/root/aerostack2_ws/install/as2_rviz_plugins:/root/aerostack2_ws/install/as2_realsense_interface:/root/aerostack2_ws/install/as2_platform_multirotor_simulator:/root/aerostack2_ws/install/as2_platform_gazebo:/root/aerostack2_ws/install/as2_motion_controller:/root/aerostack2_ws/install/as2_behaviors_trajectory_generation:/root/aerostack2_ws/install/as2_behaviors_swarm_flocking:/root/aerostack2_ws/install/as2_behaviors_motion:/root/aerostack2_ws/install/as2_map_server:/root/aerostack2_ws/install/as2_geozones:/root/aerostack2_ws/install/as2_gazebo_assets:/root/aerostack2_ws/install/as2_external_object_to_tf:/root/aerostack2_ws/install/as2_behaviors_platform:/root/aerostack2_ws/install/as2_behaviors_perception:/root/aerostack2_ws/install/as2_behaviors_path_planning:/root/aerostack2_ws/install/as2_behavior_tree:/root/aerostack2_ws/install/as2_alphanumeric_viewer:/root/aerostack2_ws/install/as2_cli:/root/aerostack2_ws/install/as2_project_bringup:/root/aerostack2_ws/install/rmf_demos_tasks:/root/aerostack2_ws/install/rmf_demos_panel:/root/aerostack2_ws/install/rmf_demos_fleet_adapter:/root/aerostack2_ws/install/rmf_demos_dashboard_resources:/root/aerostack2_ws/install/rmf_demos_bridges:/root/aerostack2_ws/install/rmf_demos_assets:/root/aerostack2_ws/install/as2_visualization:/root/aerostack2_ws/install/as2_keyboard_teleoperation:/root/aerostack2_ws/install/as2_python_api:/root/aerostack2_ws/install/as2_perception:/opt/ros/humble LD_LIBRARY_PATH=/root/aerostack2_ws/install/as2_behavior/lib:/root/aerostack2_ws/install/as2_core/lib:/root/aerostack2_ws/install/as2_msgs/lib:/root/aerostack2_ws/install/as2_state_estimator/lib:/root/aerostack2_ws/install/as2_python_api/lib:/root/aerostack2_ws/install/as2_motion_controller/lib:/root/aerostack2_ws/install/as2_behaviors_trajectory_generation/lib:/root/aerostack2_ws/install/as2_behaviors_swarm_flocking/lib:/root/aerostack2_ws/install/as2_behaviors_motion/lib:/root/aerostack2_ws/install/as2_motion_reference_handlers/lib:/root/aerostack2_ws/install/as2_map_server/lib:/root/aerostack2_ws/install/as2_gazebo_assets/lib:/root/aerostack2_ws/install/as2_behaviors_perception/lib:/root/aerostack2_ws/install/as2_behaviors_path_planning/lib:/root/aerostack2_ws/install/as2_behavior_tree/lib:/opt/ros/humble/opt/rviz_ogre_vendor/lib:/opt/ros/humble/lib/x86_64-linux-gnu:/opt/ros/humble/lib /usr/bin/cmake --build /root/aerostack2_ws/build/as2_behaviors_swarm_flocking -- -j8 -l8
[6.531s] DEBUG:colcon.colcon_core.event_handler.log_command:Invoked command in '/root/aerostack2_ws/build/as2_motion_controller' returned '0': CMAKE_PREFIX_PATH=/root/aerostack2_ws/install/as2_motion_reference_handlers:/root/aerostack2_ws/install/as2_core:/root/aerostack2_ws/install/as2_msgs:/root/aerostack2_ws/install/rmf_demos_gz_classic:/root/aerostack2_ws/install/rmf_demos_gz:/root/aerostack2_ws/install/rmf_demos:/root/aerostack2_ws/install/rmf_demos_maps:/root/aerostack2_ws/install/aerostack2:/root/aerostack2_ws/install/as2_usb_camera_interface:/root/aerostack2_ws/install/as2_state_estimator:/root/aerostack2_ws/install/as2_rviz_plugins:/root/aerostack2_ws/install/as2_realsense_interface:/root/aerostack2_ws/install/as2_platform_multirotor_simulator:/root/aerostack2_ws/install/as2_platform_gazebo:/root/aerostack2_ws/install/as2_motion_controller:/root/aerostack2_ws/install/as2_behaviors_trajectory_generation:/root/aerostack2_ws/install/as2_behaviors_swarm_flocking:/root/aerostack2_ws/install/as2_behaviors_motion:/root/aerostack2_ws/install/as2_map_server:/root/aerostack2_ws/install/as2_geozones:/root/aerostack2_ws/install/as2_gazebo_assets:/root/aerostack2_ws/install/as2_external_object_to_tf:/root/aerostack2_ws/install/as2_behaviors_platform:/root/aerostack2_ws/install/as2_behaviors_perception:/root/aerostack2_ws/install/as2_behaviors_path_planning:/root/aerostack2_ws/install/as2_behavior_tree:/root/aerostack2_ws/install/as2_behavior:/root/aerostack2_ws/install/as2_alphanumeric_viewer:/root/aerostack2_ws/install/as2_cli:/root/aerostack2_ws/install/as2_project_bringup:/root/aerostack2_ws/install/rmf_demos_tasks:/root/aerostack2_ws/install/rmf_demos_panel:/root/aerostack2_ws/install/rmf_demos_fleet_adapter:/root/aerostack2_ws/install/rmf_demos_dashboard_resources:/root/aerostack2_ws/install/rmf_demos_bridges:/root/aerostack2_ws/install/rmf_demos_assets:/root/aerostack2_ws/install/as2_visualization:/root/aerostack2_ws/install/as2_keyboard_teleoperation:/root/aerostack2_ws/install/as2_python_api:/root/aerostack2_ws/install/as2_perception:/opt/ros/humble LD_LIBRARY_PATH=/root/aerostack2_ws/install/as2_core/lib:/root/aerostack2_ws/install/as2_msgs/lib:/root/aerostack2_ws/install/as2_state_estimator/lib:/root/aerostack2_ws/install/as2_python_api/lib:/root/aerostack2_ws/install/as2_motion_controller/lib:/root/aerostack2_ws/install/as2_behaviors_trajectory_generation/lib:/root/aerostack2_ws/install/as2_behaviors_swarm_flocking/lib:/root/aerostack2_ws/install/as2_behaviors_motion/lib:/root/aerostack2_ws/install/as2_motion_reference_handlers/lib:/root/aerostack2_ws/install/as2_map_server/lib:/root/aerostack2_ws/install/as2_gazebo_assets/lib:/root/aerostack2_ws/install/as2_behaviors_perception/lib:/root/aerostack2_ws/install/as2_behaviors_path_planning/lib:/root/aerostack2_ws/install/as2_behavior_tree/lib:/root/aerostack2_ws/install/as2_behavior/lib:/opt/ros/humble/opt/rviz_ogre_vendor/lib:/opt/ros/humble/lib/x86_64-linux-gnu:/opt/ros/humble/lib /usr/bin/cmake --build /root/aerostack2_ws/build/as2_motion_controller -- -j8 -l8
[6.539s] Level 1:colcon.colcon_core.environment:create_environment_scripts_only(as2_behaviors_motion)
[6.540s] Level 1:colcon.colcon_core.environment:checking '/root/aerostack2_ws/install/as2_behaviors_motion' for CMake module files
[6.545s] DEBUG:colcon.colcon_core.event_handler.log_command:Invoking command in '/root/aerostack2_ws/build/as2_motion_controller': CMAKE_PREFIX_PATH=/root/aerostack2_ws/install/as2_motion_reference_handlers:/root/aerostack2_ws/install/as2_core:/root/aerostack2_ws/install/as2_msgs:/root/aerostack2_ws/install/rmf_demos_gz_classic:/root/aerostack2_ws/install/rmf_demos_gz:/root/aerostack2_ws/install/rmf_demos:/root/aerostack2_ws/install/rmf_demos_maps:/root/aerostack2_ws/install/aerostack2:/root/aerostack2_ws/install/as2_usb_camera_interface:/root/aerostack2_ws/install/as2_state_estimator:/root/aerostack2_ws/install/as2_rviz_plugins:/root/aerostack2_ws/install/as2_realsense_interface:/root/aerostack2_ws/install/as2_platform_multirotor_simulator:/root/aerostack2_ws/install/as2_platform_gazebo:/root/aerostack2_ws/install/as2_motion_controller:/root/aerostack2_ws/install/as2_behaviors_trajectory_generation:/root/aerostack2_ws/install/as2_behaviors_swarm_flocking:/root/aerostack2_ws/install/as2_behaviors_motion:/root/aerostack2_ws/install/as2_map_server:/root/aerostack2_ws/install/as2_geozones:/root/aerostack2_ws/install/as2_gazebo_assets:/root/aerostack2_ws/install/as2_external_object_to_tf:/root/aerostack2_ws/install/as2_behaviors_platform:/root/aerostack2_ws/install/as2_behaviors_perception:/root/aerostack2_ws/install/as2_behaviors_path_planning:/root/aerostack2_ws/install/as2_behavior_tree:/root/aerostack2_ws/install/as2_behavior:/root/aerostack2_ws/install/as2_alphanumeric_viewer:/root/aerostack2_ws/install/as2_cli:/root/aerostack2_ws/install/as2_project_bringup:/root/aerostack2_ws/install/rmf_demos_tasks:/root/aerostack2_ws/install/rmf_demos_panel:/root/aerostack2_ws/install/rmf_demos_fleet_adapter:/root/aerostack2_ws/install/rmf_demos_dashboard_resources:/root/aerostack2_ws/install/rmf_demos_bridges:/root/aerostack2_ws/install/rmf_demos_assets:/root/aerostack2_ws/install/as2_visualization:/root/aerostack2_ws/install/as2_keyboard_teleoperation:/root/aerostack2_ws/install/as2_python_api:/root/aerostack2_ws/install/as2_perception:/opt/ros/humble LD_LIBRARY_PATH=/root/aerostack2_ws/install/as2_core/lib:/root/aerostack2_ws/install/as2_msgs/lib:/root/aerostack2_ws/install/as2_state_estimator/lib:/root/aerostack2_ws/install/as2_python_api/lib:/root/aerostack2_ws/install/as2_motion_controller/lib:/root/aerostack2_ws/install/as2_behaviors_trajectory_generation/lib:/root/aerostack2_ws/install/as2_behaviors_swarm_flocking/lib:/root/aerostack2_ws/install/as2_behaviors_motion/lib:/root/aerostack2_ws/install/as2_motion_reference_handlers/lib:/root/aerostack2_ws/install/as2_map_server/lib:/root/aerostack2_ws/install/as2_gazebo_assets/lib:/root/aerostack2_ws/install/as2_behaviors_perception/lib:/root/aerostack2_ws/install/as2_behaviors_path_planning/lib:/root/aerostack2_ws/install/as2_behavior_tree/lib:/root/aerostack2_ws/install/as2_behavior/lib:/opt/ros/humble/opt/rviz_ogre_vendor/lib:/opt/ros/humble/lib/x86_64-linux-gnu:/opt/ros/humble/lib /usr/bin/cmake --install /root/aerostack2_ws/build/as2_motion_controller
[6.545s] DEBUG:colcon.colcon_core.event_handler.log_command:Invoked command in '/root/aerostack2_ws/build/as2_behaviors_motion' returned '0': CMAKE_PREFIX_PATH=/root/aerostack2_ws/install/as2_motion_reference_handlers:/root/aerostack2_ws/install/as2_behavior:/root/aerostack2_ws/install/as2_core:/root/aerostack2_ws/install/as2_msgs:/root/aerostack2_ws/install/rmf_demos_gz_classic:/root/aerostack2_ws/install/rmf_demos_gz:/root/aerostack2_ws/install/rmf_demos:/root/aerostack2_ws/install/rmf_demos_maps:/root/aerostack2_ws/install/aerostack2:/root/aerostack2_ws/install/as2_usb_camera_interface:/root/aerostack2_ws/install/as2_state_estimator:/root/aerostack2_ws/install/as2_rviz_plugins:/root/aerostack2_ws/install/as2_realsense_interface:/root/aerostack2_ws/install/as2_platform_multirotor_simulator:/root/aerostack2_ws/install/as2_platform_gazebo:/root/aerostack2_ws/install/as2_motion_controller:/root/aerostack2_ws/install/as2_behaviors_trajectory_generation:/root/aerostack2_ws/install/as2_behaviors_swarm_flocking:/root/aerostack2_ws/install/as2_behaviors_motion:/root/aerostack2_ws/install/as2_map_server:/root/aerostack2_ws/install/as2_geozones:/root/aerostack2_ws/install/as2_gazebo_assets:/root/aerostack2_ws/install/as2_external_object_to_tf:/root/aerostack2_ws/install/as2_behaviors_platform:/root/aerostack2_ws/install/as2_behaviors_perception:/root/aerostack2_ws/install/as2_behaviors_path_planning:/root/aerostack2_ws/install/as2_behavior_tree:/root/aerostack2_ws/install/as2_alphanumeric_viewer:/root/aerostack2_ws/install/as2_cli:/root/aerostack2_ws/install/as2_project_bringup:/root/aerostack2_ws/install/rmf_demos_tasks:/root/aerostack2_ws/install/rmf_demos_panel:/root/aerostack2_ws/install/rmf_demos_fleet_adapter:/root/aerostack2_ws/install/rmf_demos_dashboard_resources:/root/aerostack2_ws/install/rmf_demos_bridges:/root/aerostack2_ws/install/rmf_demos_assets:/root/aerostack2_ws/install/as2_visualization:/root/aerostack2_ws/install/as2_keyboard_teleoperation:/root/aerostack2_ws/install/as2_python_api:/root/aerostack2_ws/install/as2_perception:/opt/ros/humble LD_LIBRARY_PATH=/root/aerostack2_ws/install/as2_behavior/lib:/root/aerostack2_ws/install/as2_core/lib:/root/aerostack2_ws/install/as2_msgs/lib:/root/aerostack2_ws/install/as2_state_estimator/lib:/root/aerostack2_ws/install/as2_python_api/lib:/root/aerostack2_ws/install/as2_motion_controller/lib:/root/aerostack2_ws/install/as2_behaviors_trajectory_generation/lib:/root/aerostack2_ws/install/as2_behaviors_swarm_flocking/lib:/root/aerostack2_ws/install/as2_behaviors_motion/lib:/root/aerostack2_ws/install/as2_motion_reference_handlers/lib:/root/aerostack2_ws/install/as2_map_server/lib:/root/aerostack2_ws/install/as2_gazebo_assets/lib:/root/aerostack2_ws/install/as2_behaviors_perception/lib:/root/aerostack2_ws/install/as2_behaviors_path_planning/lib:/root/aerostack2_ws/install/as2_behavior_tree/lib:/opt/ros/humble/opt/rviz_ogre_vendor/lib:/opt/ros/humble/lib/x86_64-linux-gnu:/opt/ros/humble/lib /usr/bin/cmake --install /root/aerostack2_ws/build/as2_behaviors_motion
[6.547s] Level 1:colcon.colcon_core.environment:checking '/root/aerostack2_ws/install/as2_behaviors_motion' for CMake config files
[6.551s] Level 1:colcon.colcon_core.shell:create_environment_hook('as2_behaviors_motion', 'cmake_prefix_path')
[6.552s] INFO:colcon.colcon_core.shell:Creating environment hook '/root/aerostack2_ws/install/as2_behaviors_motion/share/as2_behaviors_motion/hook/cmake_prefix_path.ps1'
[6.553s] INFO:colcon.colcon_core.shell:Creating environment descriptor '/root/aerostack2_ws/install/as2_behaviors_motion/share/as2_behaviors_motion/hook/cmake_prefix_path.dsv'
[6.553s] INFO:colcon.colcon_core.shell:Creating environment hook '/root/aerostack2_ws/install/as2_behaviors_motion/share/as2_behaviors_motion/hook/cmake_prefix_path.sh'
[6.554s] Level 1:colcon.colcon_core.environment:checking '/root/aerostack2_ws/install/as2_behaviors_motion/lib'
[6.555s] Level 1:colcon.colcon_core.shell:create_environment_hook('as2_behaviors_motion', 'ld_library_path_lib')
[6.555s] INFO:colcon.colcon_core.shell:Creating environment hook '/root/aerostack2_ws/install/as2_behaviors_motion/share/as2_behaviors_motion/hook/ld_library_path_lib.ps1'
[6.556s] INFO:colcon.colcon_core.shell:Creating environment descriptor '/root/aerostack2_ws/install/as2_behaviors_motion/share/as2_behaviors_motion/hook/ld_library_path_lib.dsv'
[6.557s] INFO:colcon.colcon_core.shell:Creating environment hook '/root/aerostack2_ws/install/as2_behaviors_motion/share/as2_behaviors_motion/hook/ld_library_path_lib.sh'
[6.558s] Level 1:colcon.colcon_core.environment:checking '/root/aerostack2_ws/install/as2_behaviors_motion/bin'
[6.558s] Level 1:colcon.colcon_core.environment:checking '/root/aerostack2_ws/install/as2_behaviors_motion/lib/pkgconfig/as2_behaviors_motion.pc'
[6.558s] Level 1:colcon.colcon_core.environment:checking '/root/aerostack2_ws/install/as2_behaviors_motion/lib/python3.10/site-packages'
[6.559s] Level 1:colcon.colcon_core.environment:checking '/root/aerostack2_ws/install/as2_behaviors_motion/bin'
[6.559s] INFO:colcon.colcon_core.shell:Creating package script '/root/aerostack2_ws/install/as2_behaviors_motion/share/as2_behaviors_motion/package.ps1'
[6.560s] INFO:colcon.colcon_core.shell:Creating package descriptor '/root/aerostack2_ws/install/as2_behaviors_motion/share/as2_behaviors_motion/package.dsv'
[6.561s] INFO:colcon.colcon_core.shell:Creating package script '/root/aerostack2_ws/install/as2_behaviors_motion/share/as2_behaviors_motion/package.sh'
[6.565s] INFO:colcon.colcon_core.shell:Creating package script '/root/aerostack2_ws/install/as2_behaviors_motion/share/as2_behaviors_motion/package.bash'
[6.565s] INFO:colcon.colcon_core.shell:Creating package script '/root/aerostack2_ws/install/as2_behaviors_motion/share/as2_behaviors_motion/package.zsh'
[6.566s] Level 1:colcon.colcon_core.environment:create_file_with_runtime_dependencies(/root/aerostack2_ws/install/as2_behaviors_motion/share/colcon-core/packages/as2_behaviors_motion)
[6.567s] Level 1:colcon.colcon_core.environment:create_environment_scripts_only(as2_behaviors_motion)
[6.567s] Level 1:colcon.colcon_core.environment:checking '/root/aerostack2_ws/install/as2_behaviors_motion' for CMake module files
[6.568s] Level 1:colcon.colcon_core.environment:checking '/root/aerostack2_ws/install/as2_behaviors_motion' for CMake config files
[6.569s] Level 1:colcon.colcon_core.shell:create_environment_hook('as2_behaviors_motion', 'cmake_prefix_path')
[6.569s] INFO:colcon.colcon_core.shell:Creating environment hook '/root/aerostack2_ws/install/as2_behaviors_motion/share/as2_behaviors_motion/hook/cmake_prefix_path.ps1'
[6.571s] INFO:colcon.colcon_core.shell:Creating environment descriptor '/root/aerostack2_ws/install/as2_behaviors_motion/share/as2_behaviors_motion/hook/cmake_prefix_path.dsv'
[6.573s] INFO:colcon.colcon_core.shell:Creating environment hook '/root/aerostack2_ws/install/as2_behaviors_motion/share/as2_behaviors_motion/hook/cmake_prefix_path.sh'
[6.574s] Level 1:colcon.colcon_core.environment:checking '/root/aerostack2_ws/install/as2_behaviors_motion/lib'
[6.574s] Level 1:colcon.colcon_core.shell:create_environment_hook('as2_behaviors_motion', 'ld_library_path_lib')
[6.575s] INFO:colcon.colcon_core.shell:Creating environment hook '/root/aerostack2_ws/install/as2_behaviors_motion/share/as2_behaviors_motion/hook/ld_library_path_lib.ps1'
[6.575s] INFO:colcon.colcon_core.shell:Creating environment descriptor '/root/aerostack2_ws/install/as2_behaviors_motion/share/as2_behaviors_motion/hook/ld_library_path_lib.dsv'
[6.577s] INFO:colcon.colcon_core.shell:Creating environment hook '/root/aerostack2_ws/install/as2_behaviors_motion/share/as2_behaviors_motion/hook/ld_library_path_lib.sh'
[6.578s] Level 1:colcon.colcon_core.environment:checking '/root/aerostack2_ws/install/as2_behaviors_motion/bin'
[6.579s] Level 1:colcon.colcon_core.environment:checking '/root/aerostack2_ws/install/as2_behaviors_motion/lib/pkgconfig/as2_behaviors_motion.pc'
[6.579s] Level 1:colcon.colcon_core.environment:checking '/root/aerostack2_ws/install/as2_behaviors_motion/lib/python3.10/site-packages'
[6.580s] Level 1:colcon.colcon_core.environment:checking '/root/aerostack2_ws/install/as2_behaviors_motion/bin'
[6.581s] INFO:colcon.colcon_core.shell:Creating package script '/root/aerostack2_ws/install/as2_behaviors_motion/share/as2_behaviors_motion/package.ps1'
[6.582s] INFO:colcon.colcon_core.shell:Creating package descriptor '/root/aerostack2_ws/install/as2_behaviors_motion/share/as2_behaviors_motion/package.dsv'
[6.584s] INFO:colcon.colcon_core.shell:Creating package script '/root/aerostack2_ws/install/as2_behaviors_motion/share/as2_behaviors_motion/package.sh'
[6.585s] INFO:colcon.colcon_core.shell:Creating package script '/root/aerostack2_ws/install/as2_behaviors_motion/share/as2_behaviors_motion/package.bash'
[6.586s] INFO:colcon.colcon_core.shell:Creating package script '/root/aerostack2_ws/install/as2_behaviors_motion/share/as2_behaviors_motion/package.zsh'
[6.586s] Level 1:colcon.colcon_core.environment:create_file_with_runtime_dependencies(/root/aerostack2_ws/install/as2_behaviors_motion/share/colcon-core/packages/as2_behaviors_motion)
[6.961s] INFO:colcon.colcon_core.task.python.build:Building Python package in '/root/aerostack2_ws/src/aerostack2/as2_user_interfaces/as2_keyboard_teleoperation'
[6.961s] INFO:colcon.colcon_core.shell:Skip shell extension 'powershell' for command environment: Not usable outside of PowerShell
[6.961s] DEBUG:colcon.colcon_core.shell:Skip shell extension 'dsv' for command environment
[6.970s] Level 1:colcon.colcon_core.environment:create_environment_scripts_only(as2_motion_controller)
[6.971s] Level 1:colcon.colcon_core.environment:checking '/root/aerostack2_ws/install/as2_motion_controller' for CMake module files
[6.972s] DEBUG:colcon.colcon_core.event_handler.log_command:Invoked command in '/root/aerostack2_ws/build/as2_motion_controller' returned '0': CMAKE_PREFIX_PATH=/root/aerostack2_ws/install/as2_motion_reference_handlers:/root/aerostack2_ws/install/as2_core:/root/aerostack2_ws/install/as2_msgs:/root/aerostack2_ws/install/rmf_demos_gz_classic:/root/aerostack2_ws/install/rmf_demos_gz:/root/aerostack2_ws/install/rmf_demos:/root/aerostack2_ws/install/rmf_demos_maps:/root/aerostack2_ws/install/aerostack2:/root/aerostack2_ws/install/as2_usb_camera_interface:/root/aerostack2_ws/install/as2_state_estimator:/root/aerostack2_ws/install/as2_rviz_plugins:/root/aerostack2_ws/install/as2_realsense_interface:/root/aerostack2_ws/install/as2_platform_multirotor_simulator:/root/aerostack2_ws/install/as2_platform_gazebo:/root/aerostack2_ws/install/as2_motion_controller:/root/aerostack2_ws/install/as2_behaviors_trajectory_generation:/root/aerostack2_ws/install/as2_behaviors_swarm_flocking:/root/aerostack2_ws/install/as2_behaviors_motion:/root/aerostack2_ws/install/as2_map_server:/root/aerostack2_ws/install/as2_geozones:/root/aerostack2_ws/install/as2_gazebo_assets:/root/aerostack2_ws/install/as2_external_object_to_tf:/root/aerostack2_ws/install/as2_behaviors_platform:/root/aerostack2_ws/install/as2_behaviors_perception:/root/aerostack2_ws/install/as2_behaviors_path_planning:/root/aerostack2_ws/install/as2_behavior_tree:/root/aerostack2_ws/install/as2_behavior:/root/aerostack2_ws/install/as2_alphanumeric_viewer:/root/aerostack2_ws/install/as2_cli:/root/aerostack2_ws/install/as2_project_bringup:/root/aerostack2_ws/install/rmf_demos_tasks:/root/aerostack2_ws/install/rmf_demos_panel:/root/aerostack2_ws/install/rmf_demos_fleet_adapter:/root/aerostack2_ws/install/rmf_demos_dashboard_resources:/root/aerostack2_ws/install/rmf_demos_bridges:/root/aerostack2_ws/install/rmf_demos_assets:/root/aerostack2_ws/install/as2_visualization:/root/aerostack2_ws/install/as2_keyboard_teleoperation:/root/aerostack2_ws/install/as2_python_api:/root/aerostack2_ws/install/as2_perception:/opt/ros/humble LD_LIBRARY_PATH=/root/aerostack2_ws/install/as2_core/lib:/root/aerostack2_ws/install/as2_msgs/lib:/root/aerostack2_ws/install/as2_state_estimator/lib:/root/aerostack2_ws/install/as2_python_api/lib:/root/aerostack2_ws/install/as2_motion_controller/lib:/root/aerostack2_ws/install/as2_behaviors_trajectory_generation/lib:/root/aerostack2_ws/install/as2_behaviors_swarm_flocking/lib:/root/aerostack2_ws/install/as2_behaviors_motion/lib:/root/aerostack2_ws/install/as2_motion_reference_handlers/lib:/root/aerostack2_ws/install/as2_map_server/lib:/root/aerostack2_ws/install/as2_gazebo_assets/lib:/root/aerostack2_ws/install/as2_behaviors_perception/lib:/root/aerostack2_ws/install/as2_behaviors_path_planning/lib:/root/aerostack2_ws/install/as2_behavior_tree/lib:/root/aerostack2_ws/install/as2_behavior/lib:/opt/ros/humble/opt/rviz_ogre_vendor/lib:/opt/ros/humble/lib/x86_64-linux-gnu:/opt/ros/humble/lib /usr/bin/cmake --install /root/aerostack2_ws/build/as2_motion_controller
[6.973s] Level 1:colcon.colcon_core.environment:checking '/root/aerostack2_ws/install/as2_motion_controller' for CMake config files
[6.974s] Level 1:colcon.colcon_core.shell:create_environment_hook('as2_motion_controller', 'cmake_prefix_path')
[6.975s] INFO:colcon.colcon_core.shell:Creating environment hook '/root/aerostack2_ws/install/as2_motion_controller/share/as2_motion_controller/hook/cmake_prefix_path.ps1'
[6.976s] INFO:colcon.colcon_core.shell:Creating environment descriptor '/root/aerostack2_ws/install/as2_motion_controller/share/as2_motion_controller/hook/cmake_prefix_path.dsv'
[6.976s] INFO:colcon.colcon_core.shell:Creating environment hook '/root/aerostack2_ws/install/as2_motion_controller/share/as2_motion_controller/hook/cmake_prefix_path.sh'
[6.977s] Level 1:colcon.colcon_core.environment:checking '/root/aerostack2_ws/install/as2_motion_controller/lib'
[6.977s] Level 1:colcon.colcon_core.shell:create_environment_hook('as2_motion_controller', 'ld_library_path_lib')
[6.977s] INFO:colcon.colcon_core.shell:Creating environment hook '/root/aerostack2_ws/install/as2_motion_controller/share/as2_motion_controller/hook/ld_library_path_lib.ps1'
[6.978s] INFO:colcon.colcon_core.shell:Creating environment descriptor '/root/aerostack2_ws/install/as2_motion_controller/share/as2_motion_controller/hook/ld_library_path_lib.dsv'
[6.978s] INFO:colcon.colcon_core.shell:Creating environment hook '/root/aerostack2_ws/install/as2_motion_controller/share/as2_motion_controller/hook/ld_library_path_lib.sh'
[6.979s] Level 1:colcon.colcon_core.environment:checking '/root/aerostack2_ws/install/as2_motion_controller/bin'
[6.979s] Level 1:colcon.colcon_core.environment:checking '/root/aerostack2_ws/install/as2_motion_controller/lib/pkgconfig/as2_motion_controller.pc'
[6.979s] Level 1:colcon.colcon_core.environment:checking '/root/aerostack2_ws/install/as2_motion_controller/lib/python3.10/site-packages'
[6.980s] Level 1:colcon.colcon_core.environment:checking '/root/aerostack2_ws/install/as2_motion_controller/bin'
[6.980s] INFO:colcon.colcon_core.shell:Creating package script '/root/aerostack2_ws/install/as2_motion_controller/share/as2_motion_controller/package.ps1'
[6.981s] INFO:colcon.colcon_core.shell:Creating package descriptor '/root/aerostack2_ws/install/as2_motion_controller/share/as2_motion_controller/package.dsv'
[6.981s] INFO:colcon.colcon_core.shell:Creating package script '/root/aerostack2_ws/install/as2_motion_controller/share/as2_motion_controller/package.sh'
[6.982s] INFO:colcon.colcon_core.shell:Creating package script '/root/aerostack2_ws/install/as2_motion_controller/share/as2_motion_controller/package.bash'
[6.982s] INFO:colcon.colcon_core.shell:Creating package script '/root/aerostack2_ws/install/as2_motion_controller/share/as2_motion_controller/package.zsh'
[6.983s] Level 1:colcon.colcon_core.environment:create_file_with_runtime_dependencies(/root/aerostack2_ws/install/as2_motion_controller/share/colcon-core/packages/as2_motion_controller)
[6.984s] Level 1:colcon.colcon_core.environment:create_environment_scripts_only(as2_motion_controller)
[6.984s] Level 1:colcon.colcon_core.environment:checking '/root/aerostack2_ws/install/as2_motion_controller' for CMake module files
[6.985s] Level 1:colcon.colcon_core.environment:checking '/root/aerostack2_ws/install/as2_motion_controller' for CMake config files
[6.986s] Level 1:colcon.colcon_core.shell:create_environment_hook('as2_motion_controller', 'cmake_prefix_path')
[6.986s] INFO:colcon.colcon_core.shell:Creating environment hook '/root/aerostack2_ws/install/as2_motion_controller/share/as2_motion_controller/hook/cmake_prefix_path.ps1'
[6.987s] INFO:colcon.colcon_core.shell:Creating environment descriptor '/root/aerostack2_ws/install/as2_motion_controller/share/as2_motion_controller/hook/cmake_prefix_path.dsv'
[6.987s] INFO:colcon.colcon_core.shell:Creating environment hook '/root/aerostack2_ws/install/as2_motion_controller/share/as2_motion_controller/hook/cmake_prefix_path.sh'
[6.988s] Level 1:colcon.colcon_core.environment:checking '/root/aerostack2_ws/install/as2_motion_controller/lib'
[6.988s] Level 1:colcon.colcon_core.shell:create_environment_hook('as2_motion_controller', 'ld_library_path_lib')
[6.988s] INFO:colcon.colcon_core.shell:Creating environment hook '/root/aerostack2_ws/install/as2_motion_controller/share/as2_motion_controller/hook/ld_library_path_lib.ps1'
[6.989s] INFO:colcon.colcon_core.shell:Creating environment descriptor '/root/aerostack2_ws/install/as2_motion_controller/share/as2_motion_controller/hook/ld_library_path_lib.dsv'
[6.989s] INFO:colcon.colcon_core.shell:Creating environment hook '/root/aerostack2_ws/install/as2_motion_controller/share/as2_motion_controller/hook/ld_library_path_lib.sh'
[6.989s] Level 1:colcon.colcon_core.environment:checking '/root/aerostack2_ws/install/as2_motion_controller/bin'
[6.989s] Level 1:colcon.colcon_core.environment:checking '/root/aerostack2_ws/install/as2_motion_controller/lib/pkgconfig/as2_motion_controller.pc'
[6.990s] Level 1:colcon.colcon_core.environment:checking '/root/aerostack2_ws/install/as2_motion_controller/lib/python3.10/site-packages'
[6.990s] Level 1:colcon.colcon_core.environment:checking '/root/aerostack2_ws/install/as2_motion_controller/bin'
[6.991s] INFO:colcon.colcon_core.shell:Creating package script '/root/aerostack2_ws/install/as2_motion_controller/share/as2_motion_controller/package.ps1'
[6.992s] INFO:colcon.colcon_core.shell:Creating package descriptor '/root/aerostack2_ws/install/as2_motion_controller/share/as2_motion_controller/package.dsv'
[6.992s] INFO:colcon.colcon_core.shell:Creating package script '/root/aerostack2_ws/install/as2_motion_controller/share/as2_motion_controller/package.sh'
[6.993s] INFO:colcon.colcon_core.shell:Creating package script '/root/aerostack2_ws/install/as2_motion_controller/share/as2_motion_controller/package.bash'
[6.993s] INFO:colcon.colcon_core.shell:Creating package script '/root/aerostack2_ws/install/as2_motion_controller/share/as2_motion_controller/package.zsh'
[6.994s] Level 1:colcon.colcon_core.environment:create_file_with_runtime_dependencies(/root/aerostack2_ws/install/as2_motion_controller/share/colcon-core/packages/as2_motion_controller)
[6.996s] DEBUG:colcon.colcon_core.event_handler.log_command:Invoked command in '/root/aerostack2_ws/build/as2_behaviors_trajectory_generation' returned '0': CMAKE_PREFIX_PATH=/root/aerostack2_ws/install/as2_motion_reference_handlers:/root/aerostack2_ws/install/as2_behavior:/root/aerostack2_ws/install/as2_core:/root/aerostack2_ws/install/as2_msgs:/root/aerostack2_ws/install/rmf_demos_gz_classic:/root/aerostack2_ws/install/rmf_demos_gz:/root/aerostack2_ws/install/rmf_demos:/root/aerostack2_ws/install/rmf_demos_maps:/root/aerostack2_ws/install/aerostack2:/root/aerostack2_ws/install/as2_usb_camera_interface:/root/aerostack2_ws/install/as2_state_estimator:/root/aerostack2_ws/install/as2_rviz_plugins:/root/aerostack2_ws/install/as2_realsense_interface:/root/aerostack2_ws/install/as2_platform_multirotor_simulator:/root/aerostack2_ws/install/as2_platform_gazebo:/root/aerostack2_ws/install/as2_motion_controller:/root/aerostack2_ws/install/as2_behaviors_trajectory_generation:/root/aerostack2_ws/install/as2_behaviors_swarm_flocking:/root/aerostack2_ws/install/as2_behaviors_motion:/root/aerostack2_ws/install/as2_map_server:/root/aerostack2_ws/install/as2_geozones:/root/aerostack2_ws/install/as2_gazebo_assets:/root/aerostack2_ws/install/as2_external_object_to_tf:/root/aerostack2_ws/install/as2_behaviors_platform:/root/aerostack2_ws/install/as2_behaviors_perception:/root/aerostack2_ws/install/as2_behaviors_path_planning:/root/aerostack2_ws/install/as2_behavior_tree:/root/aerostack2_ws/install/as2_alphanumeric_viewer:/root/aerostack2_ws/install/as2_cli:/root/aerostack2_ws/install/as2_project_bringup:/root/aerostack2_ws/install/rmf_demos_tasks:/root/aerostack2_ws/install/rmf_demos_panel:/root/aerostack2_ws/install/rmf_demos_fleet_adapter:/root/aerostack2_ws/install/rmf_demos_dashboard_resources:/root/aerostack2_ws/install/rmf_demos_bridges:/root/aerostack2_ws/install/rmf_demos_assets:/root/aerostack2_ws/install/as2_visualization:/root/aerostack2_ws/install/as2_keyboard_teleoperation:/root/aerostack2_ws/install/as2_python_api:/root/aerostack2_ws/install/as2_perception:/opt/ros/humble LD_LIBRARY_PATH=/root/aerostack2_ws/install/as2_behavior/lib:/root/aerostack2_ws/install/as2_core/lib:/root/aerostack2_ws/install/as2_msgs/lib:/root/aerostack2_ws/install/as2_state_estimator/lib:/root/aerostack2_ws/install/as2_python_api/lib:/root/aerostack2_ws/install/as2_motion_controller/lib:/root/aerostack2_ws/install/as2_behaviors_trajectory_generation/lib:/root/aerostack2_ws/install/as2_behaviors_swarm_flocking/lib:/root/aerostack2_ws/install/as2_behaviors_motion/lib:/root/aerostack2_ws/install/as2_motion_reference_handlers/lib:/root/aerostack2_ws/install/as2_map_server/lib:/root/aerostack2_ws/install/as2_gazebo_assets/lib:/root/aerostack2_ws/install/as2_behaviors_perception/lib:/root/aerostack2_ws/install/as2_behaviors_path_planning/lib:/root/aerostack2_ws/install/as2_behavior_tree/lib:/opt/ros/humble/opt/rviz_ogre_vendor/lib:/opt/ros/humble/lib/x86_64-linux-gnu:/opt/ros/humble/lib /usr/bin/cmake --build /root/aerostack2_ws/build/as2_behaviors_trajectory_generation -- -j8 -l8
[6.999s] DEBUG:colcon.colcon_core.event_handler.log_command:Invoking command in '/root/aerostack2_ws/build/as2_behaviors_trajectory_generation': CMAKE_PREFIX_PATH=/root/aerostack2_ws/install/as2_motion_reference_handlers:/root/aerostack2_ws/install/as2_behavior:/root/aerostack2_ws/install/as2_core:/root/aerostack2_ws/install/as2_msgs:/root/aerostack2_ws/install/rmf_demos_gz_classic:/root/aerostack2_ws/install/rmf_demos_gz:/root/aerostack2_ws/install/rmf_demos:/root/aerostack2_ws/install/rmf_demos_maps:/root/aerostack2_ws/install/aerostack2:/root/aerostack2_ws/install/as2_usb_camera_interface:/root/aerostack2_ws/install/as2_state_estimator:/root/aerostack2_ws/install/as2_rviz_plugins:/root/aerostack2_ws/install/as2_realsense_interface:/root/aerostack2_ws/install/as2_platform_multirotor_simulator:/root/aerostack2_ws/install/as2_platform_gazebo:/root/aerostack2_ws/install/as2_motion_controller:/root/aerostack2_ws/install/as2_behaviors_trajectory_generation:/root/aerostack2_ws/install/as2_behaviors_swarm_flocking:/root/aerostack2_ws/install/as2_behaviors_motion:/root/aerostack2_ws/install/as2_map_server:/root/aerostack2_ws/install/as2_geozones:/root/aerostack2_ws/install/as2_gazebo_assets:/root/aerostack2_ws/install/as2_external_object_to_tf:/root/aerostack2_ws/install/as2_behaviors_platform:/root/aerostack2_ws/install/as2_behaviors_perception:/root/aerostack2_ws/install/as2_behaviors_path_planning:/root/aerostack2_ws/install/as2_behavior_tree:/root/aerostack2_ws/install/as2_alphanumeric_viewer:/root/aerostack2_ws/install/as2_cli:/root/aerostack2_ws/install/as2_project_bringup:/root/aerostack2_ws/install/rmf_demos_tasks:/root/aerostack2_ws/install/rmf_demos_panel:/root/aerostack2_ws/install/rmf_demos_fleet_adapter:/root/aerostack2_ws/install/rmf_demos_dashboard_resources:/root/aerostack2_ws/install/rmf_demos_bridges:/root/aerostack2_ws/install/rmf_demos_assets:/root/aerostack2_ws/install/as2_visualization:/root/aerostack2_ws/install/as2_keyboard_teleoperation:/root/aerostack2_ws/install/as2_python_api:/root/aerostack2_ws/install/as2_perception:/opt/ros/humble LD_LIBRARY_PATH=/root/aerostack2_ws/install/as2_behavior/lib:/root/aerostack2_ws/install/as2_core/lib:/root/aerostack2_ws/install/as2_msgs/lib:/root/aerostack2_ws/install/as2_state_estimator/lib:/root/aerostack2_ws/install/as2_python_api/lib:/root/aerostack2_ws/install/as2_motion_controller/lib:/root/aerostack2_ws/install/as2_behaviors_trajectory_generation/lib:/root/aerostack2_ws/install/as2_behaviors_swarm_flocking/lib:/root/aerostack2_ws/install/as2_behaviors_motion/lib:/root/aerostack2_ws/install/as2_motion_reference_handlers/lib:/root/aerostack2_ws/install/as2_map_server/lib:/root/aerostack2_ws/install/as2_gazebo_assets/lib:/root/aerostack2_ws/install/as2_behaviors_perception/lib:/root/aerostack2_ws/install/as2_behaviors_path_planning/lib:/root/aerostack2_ws/install/as2_behavior_tree/lib:/opt/ros/humble/opt/rviz_ogre_vendor/lib:/opt/ros/humble/lib/x86_64-linux-gnu:/opt/ros/humble/lib /usr/bin/cmake --install /root/aerostack2_ws/build/as2_behaviors_trajectory_generation
[7.015s] DEBUG:colcon.colcon_core.event_handler.log_command:Invoking command in '/root/aerostack2_ws/src/aerostack2/as2_user_interfaces/as2_visualization/as2_visualization': CMAKE_PREFIX_PATH=/root/aerostack2_ws/install/as2_gazebo_assets:/root/aerostack2_ws/install/as2_core:/root/aerostack2_ws/install/as2_msgs:/root/aerostack2_ws/install/rmf_demos_gz_classic:/root/aerostack2_ws/install/rmf_demos_gz:/root/aerostack2_ws/install/rmf_demos:/root/aerostack2_ws/install/rmf_demos_maps:/root/aerostack2_ws/install/aerostack2:/root/aerostack2_ws/install/as2_usb_camera_interface:/root/aerostack2_ws/install/as2_state_estimator:/root/aerostack2_ws/install/as2_rviz_plugins:/root/aerostack2_ws/install/as2_realsense_interface:/root/aerostack2_ws/install/as2_platform_multirotor_simulator:/root/aerostack2_ws/install/as2_platform_gazebo:/root/aerostack2_ws/install/as2_motion_controller:/root/aerostack2_ws/install/as2_behaviors_trajectory_generation:/root/aerostack2_ws/install/as2_behaviors_swarm_flocking:/root/aerostack2_ws/install/as2_behaviors_motion:/root/aerostack2_ws/install/as2_motion_reference_handlers:/root/aerostack2_ws/install/as2_map_server:/root/aerostack2_ws/install/as2_geozones:/root/aerostack2_ws/install/as2_external_object_to_tf:/root/aerostack2_ws/install/as2_behaviors_platform:/root/aerostack2_ws/install/as2_behaviors_perception:/root/aerostack2_ws/install/as2_behaviors_path_planning:/root/aerostack2_ws/install/as2_behavior_tree:/root/aerostack2_ws/install/as2_behavior:/root/aerostack2_ws/install/as2_alphanumeric_viewer:/root/aerostack2_ws/install/as2_cli GZ_SIM_RESOURCE_PATH=/root/aerostack2_ws/install/as2_gazebo_assets/share/as2_ign_gazebo_assets/worlds:/root/aerostack2_ws/install/as2_gazebo_assets/share/as2_ign_gazebo_assets/models:${GZ_SIM_RESOURCE_PATH} GZ_VERSION=@GZ_VERSION@ LD_LIBRARY_PATH=/root/aerostack2_ws/install/as2_gazebo_assets/lib:/root/aerostack2_ws/install/as2_core/lib:/root/aerostack2_ws/install/as2_msgs/lib:/root/aerostack2_ws/install/as2_state_estimator/lib:/root/aerostack2_ws/install/as2_python_api/lib:/root/aerostack2_ws/install/as2_motion_controller/lib:/root/aerostack2_ws/install/as2_behaviors_trajectory_generation/lib:/root/aerostack2_ws/install/as2_behaviors_swarm_flocking/lib:/root/aerostack2_ws/install/as2_behaviors_motion/lib:/root/aerostack2_ws/install/as2_motion_reference_handlers/lib:/root/aerostack2_ws/install/as2_map_server/lib:/root/aerostack2_ws/install/as2_behaviors_perception/lib:/root/aerostack2_ws/install/as2_behaviors_path_planning/lib:/root/aerostack2_ws/install/as2_behavior_tree/lib:/root/aerostack2_ws/install/as2_behavior/lib:/opt/ros/humble/opt/rviz_ogre_vendor/lib:/opt/ros/humble/lib/x86_64-linux-gnu:/opt/ros/humble/lib PYTHONPATH=/root/aerostack2_ws/build/as2_visualization/prefix_override:/usr/lib/python3/dist-packages/colcon_core/task/python/colcon_distutils_commands:/root/aerostack2_ws/install/as2_visualization/lib/python3.10/site-packages:${PYTHONPATH} /usr/bin/python3 -W ignore:setup.py install is deprecated -W ignore:easy_install command is deprecated setup.py egg_info --egg-base ../../../../../build/as2_visualization build --build-base /root/aerostack2_ws/build/as2_visualization/build install --record /root/aerostack2_ws/build/as2_visualization/install.log --single-version-externally-managed install_data
[7.036s] Level 1:colcon.colcon_core.environment:create_environment_scripts_only(as2_behaviors_trajectory_generation)
[7.036s] Level 1:colcon.colcon_core.environment:checking '/root/aerostack2_ws/install/as2_behaviors_trajectory_generation' for CMake module files
[7.038s] DEBUG:colcon.colcon_core.event_handler.log_command:Invoked command in '/root/aerostack2_ws/build/as2_behaviors_trajectory_generation' returned '0': CMAKE_PREFIX_PATH=/root/aerostack2_ws/install/as2_motion_reference_handlers:/root/aerostack2_ws/install/as2_behavior:/root/aerostack2_ws/install/as2_core:/root/aerostack2_ws/install/as2_msgs:/root/aerostack2_ws/install/rmf_demos_gz_classic:/root/aerostack2_ws/install/rmf_demos_gz:/root/aerostack2_ws/install/rmf_demos:/root/aerostack2_ws/install/rmf_demos_maps:/root/aerostack2_ws/install/aerostack2:/root/aerostack2_ws/install/as2_usb_camera_interface:/root/aerostack2_ws/install/as2_state_estimator:/root/aerostack2_ws/install/as2_rviz_plugins:/root/aerostack2_ws/install/as2_realsense_interface:/root/aerostack2_ws/install/as2_platform_multirotor_simulator:/root/aerostack2_ws/install/as2_platform_gazebo:/root/aerostack2_ws/install/as2_motion_controller:/root/aerostack2_ws/install/as2_behaviors_trajectory_generation:/root/aerostack2_ws/install/as2_behaviors_swarm_flocking:/root/aerostack2_ws/install/as2_behaviors_motion:/root/aerostack2_ws/install/as2_map_server:/root/aerostack2_ws/install/as2_geozones:/root/aerostack2_ws/install/as2_gazebo_assets:/root/aerostack2_ws/install/as2_external_object_to_tf:/root/aerostack2_ws/install/as2_behaviors_platform:/root/aerostack2_ws/install/as2_behaviors_perception:/root/aerostack2_ws/install/as2_behaviors_path_planning:/root/aerostack2_ws/install/as2_behavior_tree:/root/aerostack2_ws/install/as2_alphanumeric_viewer:/root/aerostack2_ws/install/as2_cli:/root/aerostack2_ws/install/as2_project_bringup:/root/aerostack2_ws/install/rmf_demos_tasks:/root/aerostack2_ws/install/rmf_demos_panel:/root/aerostack2_ws/install/rmf_demos_fleet_adapter:/root/aerostack2_ws/install/rmf_demos_dashboard_resources:/root/aerostack2_ws/install/rmf_demos_bridges:/root/aerostack2_ws/install/rmf_demos_assets:/root/aerostack2_ws/install/as2_visualization:/root/aerostack2_ws/install/as2_keyboard_teleoperation:/root/aerostack2_ws/install/as2_python_api:/root/aerostack2_ws/install/as2_perception:/opt/ros/humble LD_LIBRARY_PATH=/root/aerostack2_ws/install/as2_behavior/lib:/root/aerostack2_ws/install/as2_core/lib:/root/aerostack2_ws/install/as2_msgs/lib:/root/aerostack2_ws/install/as2_state_estimator/lib:/root/aerostack2_ws/install/as2_python_api/lib:/root/aerostack2_ws/install/as2_motion_controller/lib:/root/aerostack2_ws/install/as2_behaviors_trajectory_generation/lib:/root/aerostack2_ws/install/as2_behaviors_swarm_flocking/lib:/root/aerostack2_ws/install/as2_behaviors_motion/lib:/root/aerostack2_ws/install/as2_motion_reference_handlers/lib:/root/aerostack2_ws/install/as2_map_server/lib:/root/aerostack2_ws/install/as2_gazebo_assets/lib:/root/aerostack2_ws/install/as2_behaviors_perception/lib:/root/aerostack2_ws/install/as2_behaviors_path_planning/lib:/root/aerostack2_ws/install/as2_behavior_tree/lib:/opt/ros/humble/opt/rviz_ogre_vendor/lib:/opt/ros/humble/lib/x86_64-linux-gnu:/opt/ros/humble/lib /usr/bin/cmake --install /root/aerostack2_ws/build/as2_behaviors_trajectory_generation
[7.039s] Level 1:colcon.colcon_core.environment:checking '/root/aerostack2_ws/install/as2_behaviors_trajectory_generation' for CMake config files
[7.042s] Level 1:colcon.colcon_core.shell:create_environment_hook('as2_behaviors_trajectory_generation', 'cmake_prefix_path')
[7.042s] INFO:colcon.colcon_core.shell:Creating environment hook '/root/aerostack2_ws/install/as2_behaviors_trajectory_generation/share/as2_behaviors_trajectory_generation/hook/cmake_prefix_path.ps1'
[7.043s] INFO:colcon.colcon_core.shell:Creating environment descriptor '/root/aerostack2_ws/install/as2_behaviors_trajectory_generation/share/as2_behaviors_trajectory_generation/hook/cmake_prefix_path.dsv'
[7.044s] INFO:colcon.colcon_core.shell:Creating environment hook '/root/aerostack2_ws/install/as2_behaviors_trajectory_generation/share/as2_behaviors_trajectory_generation/hook/cmake_prefix_path.sh'
[7.045s] Level 1:colcon.colcon_core.environment:checking '/root/aerostack2_ws/install/as2_behaviors_trajectory_generation/lib'
[7.045s] Level 1:colcon.colcon_core.shell:create_environment_hook('as2_behaviors_trajectory_generation', 'ld_library_path_lib')
[7.045s] INFO:colcon.colcon_core.shell:Creating environment hook '/root/aerostack2_ws/install/as2_behaviors_trajectory_generation/share/as2_behaviors_trajectory_generation/hook/ld_library_path_lib.ps1'
[7.046s] INFO:colcon.colcon_core.shell:Creating environment descriptor '/root/aerostack2_ws/install/as2_behaviors_trajectory_generation/share/as2_behaviors_trajectory_generation/hook/ld_library_path_lib.dsv'
[7.046s] INFO:colcon.colcon_core.shell:Creating environment hook '/root/aerostack2_ws/install/as2_behaviors_trajectory_generation/share/as2_behaviors_trajectory_generation/hook/ld_library_path_lib.sh'
[7.047s] Level 1:colcon.colcon_core.environment:checking '/root/aerostack2_ws/install/as2_behaviors_trajectory_generation/bin'
[7.047s] Level 1:colcon.colcon_core.environment:checking '/root/aerostack2_ws/install/as2_behaviors_trajectory_generation/lib/pkgconfig/as2_behaviors_trajectory_generation.pc'
[7.047s] Level 1:colcon.colcon_core.environment:checking '/root/aerostack2_ws/install/as2_behaviors_trajectory_generation/lib/python3.10/site-packages'
[7.047s] Level 1:colcon.colcon_core.environment:checking '/root/aerostack2_ws/install/as2_behaviors_trajectory_generation/bin'
[7.048s] INFO:colcon.colcon_core.shell:Creating package script '/root/aerostack2_ws/install/as2_behaviors_trajectory_generation/share/as2_behaviors_trajectory_generation/package.ps1'
[7.049s] INFO:colcon.colcon_core.shell:Creating package descriptor '/root/aerostack2_ws/install/as2_behaviors_trajectory_generation/share/as2_behaviors_trajectory_generation/package.dsv'
[7.049s] INFO:colcon.colcon_core.shell:Creating package script '/root/aerostack2_ws/install/as2_behaviors_trajectory_generation/share/as2_behaviors_trajectory_generation/package.sh'
[7.050s] INFO:colcon.colcon_core.shell:Creating package script '/root/aerostack2_ws/install/as2_behaviors_trajectory_generation/share/as2_behaviors_trajectory_generation/package.bash'
[7.050s] INFO:colcon.colcon_core.shell:Creating package script '/root/aerostack2_ws/install/as2_behaviors_trajectory_generation/share/as2_behaviors_trajectory_generation/package.zsh'
[7.051s] Level 1:colcon.colcon_core.environment:create_file_with_runtime_dependencies(/root/aerostack2_ws/install/as2_behaviors_trajectory_generation/share/colcon-core/packages/as2_behaviors_trajectory_generation)
[7.052s] Level 1:colcon.colcon_core.environment:create_environment_scripts_only(as2_behaviors_trajectory_generation)
[7.053s] Level 1:colcon.colcon_core.environment:checking '/root/aerostack2_ws/install/as2_behaviors_trajectory_generation' for CMake module files
[7.055s] Level 1:colcon.colcon_core.environment:checking '/root/aerostack2_ws/install/as2_behaviors_trajectory_generation' for CMake config files
[7.056s] Level 1:colcon.colcon_core.shell:create_environment_hook('as2_behaviors_trajectory_generation', 'cmake_prefix_path')
[7.057s] INFO:colcon.colcon_core.shell:Creating environment hook '/root/aerostack2_ws/install/as2_behaviors_trajectory_generation/share/as2_behaviors_trajectory_generation/hook/cmake_prefix_path.ps1'
[7.058s] INFO:colcon.colcon_core.shell:Creating environment descriptor '/root/aerostack2_ws/install/as2_behaviors_trajectory_generation/share/as2_behaviors_trajectory_generation/hook/cmake_prefix_path.dsv'
[7.061s] INFO:colcon.colcon_core.shell:Creating environment hook '/root/aerostack2_ws/install/as2_behaviors_trajectory_generation/share/as2_behaviors_trajectory_generation/hook/cmake_prefix_path.sh'
[7.062s] Level 1:colcon.colcon_core.environment:checking '/root/aerostack2_ws/install/as2_behaviors_trajectory_generation/lib'
[7.062s] Level 1:colcon.colcon_core.shell:create_environment_hook('as2_behaviors_trajectory_generation', 'ld_library_path_lib')
[7.063s] INFO:colcon.colcon_core.shell:Creating environment hook '/root/aerostack2_ws/install/as2_behaviors_trajectory_generation/share/as2_behaviors_trajectory_generation/hook/ld_library_path_lib.ps1'
[7.063s] INFO:colcon.colcon_core.shell:Creating environment descriptor '/root/aerostack2_ws/install/as2_behaviors_trajectory_generation/share/as2_behaviors_trajectory_generation/hook/ld_library_path_lib.dsv'
[7.066s] INFO:colcon.colcon_core.shell:Creating environment hook '/root/aerostack2_ws/install/as2_behaviors_trajectory_generation/share/as2_behaviors_trajectory_generation/hook/ld_library_path_lib.sh'
[7.066s] Level 1:colcon.colcon_core.environment:checking '/root/aerostack2_ws/install/as2_behaviors_trajectory_generation/bin'
[7.067s] Level 1:colcon.colcon_core.environment:checking '/root/aerostack2_ws/install/as2_behaviors_trajectory_generation/lib/pkgconfig/as2_behaviors_trajectory_generation.pc'
[7.067s] Level 1:colcon.colcon_core.environment:checking '/root/aerostack2_ws/install/as2_behaviors_trajectory_generation/lib/python3.10/site-packages'
[7.068s] Level 1:colcon.colcon_core.environment:checking '/root/aerostack2_ws/install/as2_behaviors_trajectory_generation/bin'
[7.068s] INFO:colcon.colcon_core.shell:Creating package script '/root/aerostack2_ws/install/as2_behaviors_trajectory_generation/share/as2_behaviors_trajectory_generation/package.ps1'
[7.069s] INFO:colcon.colcon_core.shell:Creating package descriptor '/root/aerostack2_ws/install/as2_behaviors_trajectory_generation/share/as2_behaviors_trajectory_generation/package.dsv'
[7.072s] INFO:colcon.colcon_core.shell:Creating package script '/root/aerostack2_ws/install/as2_behaviors_trajectory_generation/share/as2_behaviors_trajectory_generation/package.sh'
[7.073s] INFO:colcon.colcon_core.shell:Creating package script '/root/aerostack2_ws/install/as2_behaviors_trajectory_generation/share/as2_behaviors_trajectory_generation/package.bash'
[7.074s] INFO:colcon.colcon_core.shell:Creating package script '/root/aerostack2_ws/install/as2_behaviors_trajectory_generation/share/as2_behaviors_trajectory_generation/package.zsh'
[7.075s] Level 1:colcon.colcon_core.environment:create_file_with_runtime_dependencies(/root/aerostack2_ws/install/as2_behaviors_trajectory_generation/share/colcon-core/packages/as2_behaviors_trajectory_generation)
[7.627s] Level 1:colcon.colcon_core.environment:checking '/root/aerostack2_ws/install/as2_visualization' for CMake module files
[7.628s] DEBUG:colcon.colcon_core.event_handler.log_command:Invoked command in '/root/aerostack2_ws/src/aerostack2/as2_user_interfaces/as2_visualization/as2_visualization' returned '0': CMAKE_PREFIX_PATH=/root/aerostack2_ws/install/as2_gazebo_assets:/root/aerostack2_ws/install/as2_core:/root/aerostack2_ws/install/as2_msgs:/root/aerostack2_ws/install/rmf_demos_gz_classic:/root/aerostack2_ws/install/rmf_demos_gz:/root/aerostack2_ws/install/rmf_demos:/root/aerostack2_ws/install/rmf_demos_maps:/root/aerostack2_ws/install/aerostack2:/root/aerostack2_ws/install/as2_usb_camera_interface:/root/aerostack2_ws/install/as2_state_estimator:/root/aerostack2_ws/install/as2_rviz_plugins:/root/aerostack2_ws/install/as2_realsense_interface:/root/aerostack2_ws/install/as2_platform_multirotor_simulator:/root/aerostack2_ws/install/as2_platform_gazebo:/root/aerostack2_ws/install/as2_motion_controller:/root/aerostack2_ws/install/as2_behaviors_trajectory_generation:/root/aerostack2_ws/install/as2_behaviors_swarm_flocking:/root/aerostack2_ws/install/as2_behaviors_motion:/root/aerostack2_ws/install/as2_motion_reference_handlers:/root/aerostack2_ws/install/as2_map_server:/root/aerostack2_ws/install/as2_geozones:/root/aerostack2_ws/install/as2_external_object_to_tf:/root/aerostack2_ws/install/as2_behaviors_platform:/root/aerostack2_ws/install/as2_behaviors_perception:/root/aerostack2_ws/install/as2_behaviors_path_planning:/root/aerostack2_ws/install/as2_behavior_tree:/root/aerostack2_ws/install/as2_behavior:/root/aerostack2_ws/install/as2_alphanumeric_viewer:/root/aerostack2_ws/install/as2_cli GZ_SIM_RESOURCE_PATH=/root/aerostack2_ws/install/as2_gazebo_assets/share/as2_ign_gazebo_assets/worlds:/root/aerostack2_ws/install/as2_gazebo_assets/share/as2_ign_gazebo_assets/models:${GZ_SIM_RESOURCE_PATH} GZ_VERSION=@GZ_VERSION@ LD_LIBRARY_PATH=/root/aerostack2_ws/install/as2_gazebo_assets/lib:/root/aerostack2_ws/install/as2_core/lib:/root/aerostack2_ws/install/as2_msgs/lib:/root/aerostack2_ws/install/as2_state_estimator/lib:/root/aerostack2_ws/install/as2_python_api/lib:/root/aerostack2_ws/install/as2_motion_controller/lib:/root/aerostack2_ws/install/as2_behaviors_trajectory_generation/lib:/root/aerostack2_ws/install/as2_behaviors_swarm_flocking/lib:/root/aerostack2_ws/install/as2_behaviors_motion/lib:/root/aerostack2_ws/install/as2_motion_reference_handlers/lib:/root/aerostack2_ws/install/as2_map_server/lib:/root/aerostack2_ws/install/as2_behaviors_perception/lib:/root/aerostack2_ws/install/as2_behaviors_path_planning/lib:/root/aerostack2_ws/install/as2_behavior_tree/lib:/root/aerostack2_ws/install/as2_behavior/lib:/opt/ros/humble/opt/rviz_ogre_vendor/lib:/opt/ros/humble/lib/x86_64-linux-gnu:/opt/ros/humble/lib PYTHONPATH=/root/aerostack2_ws/build/as2_visualization/prefix_override:/usr/lib/python3/dist-packages/colcon_core/task/python/colcon_distutils_commands:/root/aerostack2_ws/install/as2_visualization/lib/python3.10/site-packages:${PYTHONPATH} /usr/bin/python3 -W ignore:setup.py install is deprecated -W ignore:easy_install command is deprecated setup.py egg_info --egg-base ../../../../../build/as2_visualization build --build-base /root/aerostack2_ws/build/as2_visualization/build install --record /root/aerostack2_ws/build/as2_visualization/install.log --single-version-externally-managed install_data
[7.628s] Level 1:colcon.colcon_core.environment:checking '/root/aerostack2_ws/install/as2_visualization' for CMake config files
[7.631s] Level 1:colcon.colcon_core.environment:checking '/root/aerostack2_ws/install/as2_visualization/lib'
[7.631s] Level 1:colcon.colcon_core.environment:checking '/root/aerostack2_ws/install/as2_visualization/bin'
[7.631s] Level 1:colcon.colcon_core.environment:checking '/root/aerostack2_ws/install/as2_visualization/lib/pkgconfig/as2_visualization.pc'
[7.631s] Level 1:colcon.colcon_core.environment:checking '/root/aerostack2_ws/install/as2_visualization/lib/python3.10/site-packages'
[7.631s] Level 1:colcon.colcon_core.shell:create_environment_hook('as2_visualization', 'pythonpath')
[7.631s] INFO:colcon.colcon_core.shell:Creating environment hook '/root/aerostack2_ws/install/as2_visualization/share/as2_visualization/hook/pythonpath.ps1'
[7.632s] INFO:colcon.colcon_core.shell:Creating environment descriptor '/root/aerostack2_ws/install/as2_visualization/share/as2_visualization/hook/pythonpath.dsv'
[7.632s] INFO:colcon.colcon_core.shell:Creating environment hook '/root/aerostack2_ws/install/as2_visualization/share/as2_visualization/hook/pythonpath.sh'
[7.633s] Level 1:colcon.colcon_core.environment:checking '/root/aerostack2_ws/install/as2_visualization/bin'
[7.634s] Level 1:colcon.colcon_core.environment:create_environment_scripts_only(as2_visualization)
[7.634s] INFO:colcon.colcon_core.shell:Creating package script '/root/aerostack2_ws/install/as2_visualization/share/as2_visualization/package.ps1'
[7.635s] INFO:colcon.colcon_core.shell:Creating package descriptor '/root/aerostack2_ws/install/as2_visualization/share/as2_visualization/package.dsv'
[7.637s] INFO:colcon.colcon_core.shell:Creating package script '/root/aerostack2_ws/install/as2_visualization/share/as2_visualization/package.sh'
[7.637s] INFO:colcon.colcon_core.shell:Creating package script '/root/aerostack2_ws/install/as2_visualization/share/as2_visualization/package.bash'
[7.638s] INFO:colcon.colcon_core.shell:Creating package script '/root/aerostack2_ws/install/as2_visualization/share/as2_visualization/package.zsh'
[7.638s] Level 1:colcon.colcon_core.environment:create_file_with_runtime_dependencies(/root/aerostack2_ws/install/as2_visualization/share/colcon-core/packages/as2_visualization)
[7.641s] DEBUG:colcon.colcon_core.event_handler.log_command:Invoked command in '/root/aerostack2_ws/build/as2_behaviors_swarm_flocking' returned '0': CMAKE_PREFIX_PATH=/root/aerostack2_ws/install/as2_motion_reference_handlers:/root/aerostack2_ws/install/as2_behavior:/root/aerostack2_ws/install/as2_core:/root/aerostack2_ws/install/as2_msgs:/root/aerostack2_ws/install/rmf_demos_gz_classic:/root/aerostack2_ws/install/rmf_demos_gz:/root/aerostack2_ws/install/rmf_demos:/root/aerostack2_ws/install/rmf_demos_maps:/root/aerostack2_ws/install/aerostack2:/root/aerostack2_ws/install/as2_usb_camera_interface:/root/aerostack2_ws/install/as2_state_estimator:/root/aerostack2_ws/install/as2_rviz_plugins:/root/aerostack2_ws/install/as2_realsense_interface:/root/aerostack2_ws/install/as2_platform_multirotor_simulator:/root/aerostack2_ws/install/as2_platform_gazebo:/root/aerostack2_ws/install/as2_motion_controller:/root/aerostack2_ws/install/as2_behaviors_trajectory_generation:/root/aerostack2_ws/install/as2_behaviors_swarm_flocking:/root/aerostack2_ws/install/as2_behaviors_motion:/root/aerostack2_ws/install/as2_map_server:/root/aerostack2_ws/install/as2_geozones:/root/aerostack2_ws/install/as2_gazebo_assets:/root/aerostack2_ws/install/as2_external_object_to_tf:/root/aerostack2_ws/install/as2_behaviors_platform:/root/aerostack2_ws/install/as2_behaviors_perception:/root/aerostack2_ws/install/as2_behaviors_path_planning:/root/aerostack2_ws/install/as2_behavior_tree:/root/aerostack2_ws/install/as2_alphanumeric_viewer:/root/aerostack2_ws/install/as2_cli:/root/aerostack2_ws/install/as2_project_bringup:/root/aerostack2_ws/install/rmf_demos_tasks:/root/aerostack2_ws/install/rmf_demos_panel:/root/aerostack2_ws/install/rmf_demos_fleet_adapter:/root/aerostack2_ws/install/rmf_demos_dashboard_resources:/root/aerostack2_ws/install/rmf_demos_bridges:/root/aerostack2_ws/install/rmf_demos_assets:/root/aerostack2_ws/install/as2_visualization:/root/aerostack2_ws/install/as2_keyboard_teleoperation:/root/aerostack2_ws/install/as2_python_api:/root/aerostack2_ws/install/as2_perception:/opt/ros/humble LD_LIBRARY_PATH=/root/aerostack2_ws/install/as2_behavior/lib:/root/aerostack2_ws/install/as2_core/lib:/root/aerostack2_ws/install/as2_msgs/lib:/root/aerostack2_ws/install/as2_state_estimator/lib:/root/aerostack2_ws/install/as2_python_api/lib:/root/aerostack2_ws/install/as2_motion_controller/lib:/root/aerostack2_ws/install/as2_behaviors_trajectory_generation/lib:/root/aerostack2_ws/install/as2_behaviors_swarm_flocking/lib:/root/aerostack2_ws/install/as2_behaviors_motion/lib:/root/aerostack2_ws/install/as2_motion_reference_handlers/lib:/root/aerostack2_ws/install/as2_map_server/lib:/root/aerostack2_ws/install/as2_gazebo_assets/lib:/root/aerostack2_ws/install/as2_behaviors_perception/lib:/root/aerostack2_ws/install/as2_behaviors_path_planning/lib:/root/aerostack2_ws/install/as2_behavior_tree/lib:/opt/ros/humble/opt/rviz_ogre_vendor/lib:/opt/ros/humble/lib/x86_64-linux-gnu:/opt/ros/humble/lib /usr/bin/cmake --build /root/aerostack2_ws/build/as2_behaviors_swarm_flocking -- -j8 -l8
[7.645s] DEBUG:colcon.colcon_core.event_handler.log_command:Invoking command in '/root/aerostack2_ws/build/as2_behaviors_swarm_flocking': CMAKE_PREFIX_PATH=/root/aerostack2_ws/install/as2_motion_reference_handlers:/root/aerostack2_ws/install/as2_behavior:/root/aerostack2_ws/install/as2_core:/root/aerostack2_ws/install/as2_msgs:/root/aerostack2_ws/install/rmf_demos_gz_classic:/root/aerostack2_ws/install/rmf_demos_gz:/root/aerostack2_ws/install/rmf_demos:/root/aerostack2_ws/install/rmf_demos_maps:/root/aerostack2_ws/install/aerostack2:/root/aerostack2_ws/install/as2_usb_camera_interface:/root/aerostack2_ws/install/as2_state_estimator:/root/aerostack2_ws/install/as2_rviz_plugins:/root/aerostack2_ws/install/as2_realsense_interface:/root/aerostack2_ws/install/as2_platform_multirotor_simulator:/root/aerostack2_ws/install/as2_platform_gazebo:/root/aerostack2_ws/install/as2_motion_controller:/root/aerostack2_ws/install/as2_behaviors_trajectory_generation:/root/aerostack2_ws/install/as2_behaviors_swarm_flocking:/root/aerostack2_ws/install/as2_behaviors_motion:/root/aerostack2_ws/install/as2_map_server:/root/aerostack2_ws/install/as2_geozones:/root/aerostack2_ws/install/as2_gazebo_assets:/root/aerostack2_ws/install/as2_external_object_to_tf:/root/aerostack2_ws/install/as2_behaviors_platform:/root/aerostack2_ws/install/as2_behaviors_perception:/root/aerostack2_ws/install/as2_behaviors_path_planning:/root/aerostack2_ws/install/as2_behavior_tree:/root/aerostack2_ws/install/as2_alphanumeric_viewer:/root/aerostack2_ws/install/as2_cli:/root/aerostack2_ws/install/as2_project_bringup:/root/aerostack2_ws/install/rmf_demos_tasks:/root/aerostack2_ws/install/rmf_demos_panel:/root/aerostack2_ws/install/rmf_demos_fleet_adapter:/root/aerostack2_ws/install/rmf_demos_dashboard_resources:/root/aerostack2_ws/install/rmf_demos_bridges:/root/aerostack2_ws/install/rmf_demos_assets:/root/aerostack2_ws/install/as2_visualization:/root/aerostack2_ws/install/as2_keyboard_teleoperation:/root/aerostack2_ws/install/as2_python_api:/root/aerostack2_ws/install/as2_perception:/opt/ros/humble LD_LIBRARY_PATH=/root/aerostack2_ws/install/as2_behavior/lib:/root/aerostack2_ws/install/as2_core/lib:/root/aerostack2_ws/install/as2_msgs/lib:/root/aerostack2_ws/install/as2_state_estimator/lib:/root/aerostack2_ws/install/as2_python_api/lib:/root/aerostack2_ws/install/as2_motion_controller/lib:/root/aerostack2_ws/install/as2_behaviors_trajectory_generation/lib:/root/aerostack2_ws/install/as2_behaviors_swarm_flocking/lib:/root/aerostack2_ws/install/as2_behaviors_motion/lib:/root/aerostack2_ws/install/as2_motion_reference_handlers/lib:/root/aerostack2_ws/install/as2_map_server/lib:/root/aerostack2_ws/install/as2_gazebo_assets/lib:/root/aerostack2_ws/install/as2_behaviors_perception/lib:/root/aerostack2_ws/install/as2_behaviors_path_planning/lib:/root/aerostack2_ws/install/as2_behavior_tree/lib:/opt/ros/humble/opt/rviz_ogre_vendor/lib:/opt/ros/humble/lib/x86_64-linux-gnu:/opt/ros/humble/lib /usr/bin/cmake --install /root/aerostack2_ws/build/as2_behaviors_swarm_flocking
[7.677s] Level 1:colcon.colcon_core.environment:create_environment_scripts_only(as2_behaviors_swarm_flocking)
[7.677s] Level 1:colcon.colcon_core.environment:checking '/root/aerostack2_ws/install/as2_behaviors_swarm_flocking' for CMake module files
[7.678s] DEBUG:colcon.colcon_core.event_handler.log_command:Invoked command in '/root/aerostack2_ws/build/as2_behaviors_swarm_flocking' returned '0': CMAKE_PREFIX_PATH=/root/aerostack2_ws/install/as2_motion_reference_handlers:/root/aerostack2_ws/install/as2_behavior:/root/aerostack2_ws/install/as2_core:/root/aerostack2_ws/install/as2_msgs:/root/aerostack2_ws/install/rmf_demos_gz_classic:/root/aerostack2_ws/install/rmf_demos_gz:/root/aerostack2_ws/install/rmf_demos:/root/aerostack2_ws/install/rmf_demos_maps:/root/aerostack2_ws/install/aerostack2:/root/aerostack2_ws/install/as2_usb_camera_interface:/root/aerostack2_ws/install/as2_state_estimator:/root/aerostack2_ws/install/as2_rviz_plugins:/root/aerostack2_ws/install/as2_realsense_interface:/root/aerostack2_ws/install/as2_platform_multirotor_simulator:/root/aerostack2_ws/install/as2_platform_gazebo:/root/aerostack2_ws/install/as2_motion_controller:/root/aerostack2_ws/install/as2_behaviors_trajectory_generation:/root/aerostack2_ws/install/as2_behaviors_swarm_flocking:/root/aerostack2_ws/install/as2_behaviors_motion:/root/aerostack2_ws/install/as2_map_server:/root/aerostack2_ws/install/as2_geozones:/root/aerostack2_ws/install/as2_gazebo_assets:/root/aerostack2_ws/install/as2_external_object_to_tf:/root/aerostack2_ws/install/as2_behaviors_platform:/root/aerostack2_ws/install/as2_behaviors_perception:/root/aerostack2_ws/install/as2_behaviors_path_planning:/root/aerostack2_ws/install/as2_behavior_tree:/root/aerostack2_ws/install/as2_alphanumeric_viewer:/root/aerostack2_ws/install/as2_cli:/root/aerostack2_ws/install/as2_project_bringup:/root/aerostack2_ws/install/rmf_demos_tasks:/root/aerostack2_ws/install/rmf_demos_panel:/root/aerostack2_ws/install/rmf_demos_fleet_adapter:/root/aerostack2_ws/install/rmf_demos_dashboard_resources:/root/aerostack2_ws/install/rmf_demos_bridges:/root/aerostack2_ws/install/rmf_demos_assets:/root/aerostack2_ws/install/as2_visualization:/root/aerostack2_ws/install/as2_keyboard_teleoperation:/root/aerostack2_ws/install/as2_python_api:/root/aerostack2_ws/install/as2_perception:/opt/ros/humble LD_LIBRARY_PATH=/root/aerostack2_ws/install/as2_behavior/lib:/root/aerostack2_ws/install/as2_core/lib:/root/aerostack2_ws/install/as2_msgs/lib:/root/aerostack2_ws/install/as2_state_estimator/lib:/root/aerostack2_ws/install/as2_python_api/lib:/root/aerostack2_ws/install/as2_motion_controller/lib:/root/aerostack2_ws/install/as2_behaviors_trajectory_generation/lib:/root/aerostack2_ws/install/as2_behaviors_swarm_flocking/lib:/root/aerostack2_ws/install/as2_behaviors_motion/lib:/root/aerostack2_ws/install/as2_motion_reference_handlers/lib:/root/aerostack2_ws/install/as2_map_server/lib:/root/aerostack2_ws/install/as2_gazebo_assets/lib:/root/aerostack2_ws/install/as2_behaviors_perception/lib:/root/aerostack2_ws/install/as2_behaviors_path_planning/lib:/root/aerostack2_ws/install/as2_behavior_tree/lib:/opt/ros/humble/opt/rviz_ogre_vendor/lib:/opt/ros/humble/lib/x86_64-linux-gnu:/opt/ros/humble/lib /usr/bin/cmake --install /root/aerostack2_ws/build/as2_behaviors_swarm_flocking
[7.679s] Level 1:colcon.colcon_core.environment:checking '/root/aerostack2_ws/install/as2_behaviors_swarm_flocking' for CMake config files
[7.680s] Level 1:colcon.colcon_core.shell:create_environment_hook('as2_behaviors_swarm_flocking', 'cmake_prefix_path')
[7.680s] INFO:colcon.colcon_core.shell:Creating environment hook '/root/aerostack2_ws/install/as2_behaviors_swarm_flocking/share/as2_behaviors_swarm_flocking/hook/cmake_prefix_path.ps1'
[7.682s] INFO:colcon.colcon_core.shell:Creating environment descriptor '/root/aerostack2_ws/install/as2_behaviors_swarm_flocking/share/as2_behaviors_swarm_flocking/hook/cmake_prefix_path.dsv'
[7.683s] INFO:colcon.colcon_core.shell:Creating environment hook '/root/aerostack2_ws/install/as2_behaviors_swarm_flocking/share/as2_behaviors_swarm_flocking/hook/cmake_prefix_path.sh'
[7.684s] Level 1:colcon.colcon_core.environment:checking '/root/aerostack2_ws/install/as2_behaviors_swarm_flocking/lib'
[7.684s] Level 1:colcon.colcon_core.shell:create_environment_hook('as2_behaviors_swarm_flocking', 'ld_library_path_lib')
[7.684s] INFO:colcon.colcon_core.shell:Creating environment hook '/root/aerostack2_ws/install/as2_behaviors_swarm_flocking/share/as2_behaviors_swarm_flocking/hook/ld_library_path_lib.ps1'
[7.684s] INFO:colcon.colcon_core.shell:Creating environment descriptor '/root/aerostack2_ws/install/as2_behaviors_swarm_flocking/share/as2_behaviors_swarm_flocking/hook/ld_library_path_lib.dsv'
[7.685s] INFO:colcon.colcon_core.shell:Creating environment hook '/root/aerostack2_ws/install/as2_behaviors_swarm_flocking/share/as2_behaviors_swarm_flocking/hook/ld_library_path_lib.sh'
[7.685s] Level 1:colcon.colcon_core.environment:checking '/root/aerostack2_ws/install/as2_behaviors_swarm_flocking/bin'
[7.686s] Level 1:colcon.colcon_core.environment:checking '/root/aerostack2_ws/install/as2_behaviors_swarm_flocking/lib/pkgconfig/as2_behaviors_swarm_flocking.pc'
[7.686s] Level 1:colcon.colcon_core.environment:checking '/root/aerostack2_ws/install/as2_behaviors_swarm_flocking/lib/python3.10/site-packages'
[7.686s] Level 1:colcon.colcon_core.environment:checking '/root/aerostack2_ws/install/as2_behaviors_swarm_flocking/bin'
[7.687s] INFO:colcon.colcon_core.shell:Creating package script '/root/aerostack2_ws/install/as2_behaviors_swarm_flocking/share/as2_behaviors_swarm_flocking/package.ps1'
[7.687s] INFO:colcon.colcon_core.shell:Creating package descriptor '/root/aerostack2_ws/install/as2_behaviors_swarm_flocking/share/as2_behaviors_swarm_flocking/package.dsv'
[7.688s] INFO:colcon.colcon_core.shell:Creating package script '/root/aerostack2_ws/install/as2_behaviors_swarm_flocking/share/as2_behaviors_swarm_flocking/package.sh'
[7.688s] INFO:colcon.colcon_core.shell:Creating package script '/root/aerostack2_ws/install/as2_behaviors_swarm_flocking/share/as2_behaviors_swarm_flocking/package.bash'
[7.689s] INFO:colcon.colcon_core.shell:Creating package script '/root/aerostack2_ws/install/as2_behaviors_swarm_flocking/share/as2_behaviors_swarm_flocking/package.zsh'
[7.689s] Level 1:colcon.colcon_core.environment:create_file_with_runtime_dependencies(/root/aerostack2_ws/install/as2_behaviors_swarm_flocking/share/colcon-core/packages/as2_behaviors_swarm_flocking)
[7.690s] Level 1:colcon.colcon_core.environment:create_environment_scripts_only(as2_behaviors_swarm_flocking)
[7.690s] Level 1:colcon.colcon_core.environment:checking '/root/aerostack2_ws/install/as2_behaviors_swarm_flocking' for CMake module files
[7.690s] Level 1:colcon.colcon_core.environment:checking '/root/aerostack2_ws/install/as2_behaviors_swarm_flocking' for CMake config files
[7.691s] Level 1:colcon.colcon_core.shell:create_environment_hook('as2_behaviors_swarm_flocking', 'cmake_prefix_path')
[7.691s] INFO:colcon.colcon_core.shell:Creating environment hook '/root/aerostack2_ws/install/as2_behaviors_swarm_flocking/share/as2_behaviors_swarm_flocking/hook/cmake_prefix_path.ps1'
[7.692s] INFO:colcon.colcon_core.shell:Creating environment descriptor '/root/aerostack2_ws/install/as2_behaviors_swarm_flocking/share/as2_behaviors_swarm_flocking/hook/cmake_prefix_path.dsv'
[7.693s] INFO:colcon.colcon_core.shell:Creating environment hook '/root/aerostack2_ws/install/as2_behaviors_swarm_flocking/share/as2_behaviors_swarm_flocking/hook/cmake_prefix_path.sh'
[7.693s] Level 1:colcon.colcon_core.environment:checking '/root/aerostack2_ws/install/as2_behaviors_swarm_flocking/lib'
[7.693s] Level 1:colcon.colcon_core.shell:create_environment_hook('as2_behaviors_swarm_flocking', 'ld_library_path_lib')
[7.694s] INFO:colcon.colcon_core.shell:Creating environment hook '/root/aerostack2_ws/install/as2_behaviors_swarm_flocking/share/as2_behaviors_swarm_flocking/hook/ld_library_path_lib.ps1'
[7.694s] INFO:colcon.colcon_core.shell:Creating environment descriptor '/root/aerostack2_ws/install/as2_behaviors_swarm_flocking/share/as2_behaviors_swarm_flocking/hook/ld_library_path_lib.dsv'
[7.694s] INFO:colcon.colcon_core.shell:Creating environment hook '/root/aerostack2_ws/install/as2_behaviors_swarm_flocking/share/as2_behaviors_swarm_flocking/hook/ld_library_path_lib.sh'
[7.695s] Level 1:colcon.colcon_core.environment:checking '/root/aerostack2_ws/install/as2_behaviors_swarm_flocking/bin'
[7.695s] Level 1:colcon.colcon_core.environment:checking '/root/aerostack2_ws/install/as2_behaviors_swarm_flocking/lib/pkgconfig/as2_behaviors_swarm_flocking.pc'
[7.695s] Level 1:colcon.colcon_core.environment:checking '/root/aerostack2_ws/install/as2_behaviors_swarm_flocking/lib/python3.10/site-packages'
[7.695s] Level 1:colcon.colcon_core.environment:checking '/root/aerostack2_ws/install/as2_behaviors_swarm_flocking/bin'
[7.695s] INFO:colcon.colcon_core.shell:Creating package script '/root/aerostack2_ws/install/as2_behaviors_swarm_flocking/share/as2_behaviors_swarm_flocking/package.ps1'
[7.696s] INFO:colcon.colcon_core.shell:Creating package descriptor '/root/aerostack2_ws/install/as2_behaviors_swarm_flocking/share/as2_behaviors_swarm_flocking/package.dsv'
[7.696s] INFO:colcon.colcon_core.shell:Creating package script '/root/aerostack2_ws/install/as2_behaviors_swarm_flocking/share/as2_behaviors_swarm_flocking/package.sh'
[7.697s] INFO:colcon.colcon_core.shell:Creating package script '/root/aerostack2_ws/install/as2_behaviors_swarm_flocking/share/as2_behaviors_swarm_flocking/package.bash'
[7.697s] INFO:colcon.colcon_core.shell:Creating package script '/root/aerostack2_ws/install/as2_behaviors_swarm_flocking/share/as2_behaviors_swarm_flocking/package.zsh'
[7.698s] Level 1:colcon.colcon_core.environment:create_file_with_runtime_dependencies(/root/aerostack2_ws/install/as2_behaviors_swarm_flocking/share/colcon-core/packages/as2_behaviors_swarm_flocking)
[7.702s] DEBUG:colcon.colcon_core.event_handler.log_command:Invoking command in '/root/aerostack2_ws/src/aerostack2/as2_user_interfaces/as2_keyboard_teleoperation': AMENT_PREFIX_PATH=/root/aerostack2_ws/install/as2_python_api:/root/aerostack2_ws/install/as2_project_bringup:/root/aerostack2_ws/install/rmf_demos_gz_classic:/root/aerostack2_ws/install/rmf_demos_gz:/root/aerostack2_ws/install/rmf_demos:/root/aerostack2_ws/install/rmf_demos_tasks:/root/aerostack2_ws/install/rmf_demos_panel:/root/aerostack2_ws/install/rmf_demos_maps:/root/aerostack2_ws/install/rmf_demos_fleet_adapter:/root/aerostack2_ws/install/rmf_demos_dashboard_resources:/root/aerostack2_ws/install/rmf_demos_bridges:/root/aerostack2_ws/install/rmf_demos_assets:/root/aerostack2_ws/install/aerostack2:/root/aerostack2_ws/install/as2_visualization:/root/aerostack2_ws/install/as2_usb_camera_interface:/root/aerostack2_ws/install/as2_state_estimator:/root/aerostack2_ws/install/as2_rviz_plugins:/root/aerostack2_ws/install/as2_realsense_interface:/root/aerostack2_ws/install/as2_keyboard_teleoperation:/root/aerostack2_ws/install/as2_platform_multirotor_simulator:/root/aerostack2_ws/install/as2_platform_gazebo:/root/aerostack2_ws/install/as2_perception:/root/aerostack2_ws/install/as2_motion_controller:/root/aerostack2_ws/install/as2_behaviors_trajectory_generation:/root/aerostack2_ws/install/as2_behaviors_swarm_flocking:/root/aerostack2_ws/install/as2_behaviors_motion:/root/aerostack2_ws/install/as2_motion_reference_handlers:/root/aerostack2_ws/install/as2_map_server:/root/aerostack2_ws/install/as2_geozones:/root/aerostack2_ws/install/as2_gazebo_assets:/root/aerostack2_ws/install/as2_external_object_to_tf:/root/aerostack2_ws/install/as2_behaviors_platform:/root/aerostack2_ws/install/as2_behaviors_perception:/root/aerostack2_ws/install/as2_behaviors_path_planning:/root/aerostack2_ws/install/as2_behavior_tree:/root/aerostack2_ws/install/as2_behavior:/root/aerostack2_ws/install/as2_alphanumeric_viewer:/root/aerostack2_ws/install/as2_core:/root/aerostack2_ws/install/as2_msgs:/root/aerostack2_ws/install/as2_cli:/opt/ros/humble CMAKE_PREFIX_PATH=/root/aerostack2_ws/install/as2_motion_reference_handlers:/root/aerostack2_ws/install/as2_core:/root/aerostack2_ws/install/as2_msgs:/root/aerostack2_ws/install/rmf_demos_gz_classic:/root/aerostack2_ws/install/rmf_demos_gz:/root/aerostack2_ws/install/rmf_demos:/root/aerostack2_ws/install/rmf_demos_maps:/root/aerostack2_ws/install/aerostack2:/root/aerostack2_ws/install/as2_usb_camera_interface:/root/aerostack2_ws/install/as2_state_estimator:/root/aerostack2_ws/install/as2_rviz_plugins:/root/aerostack2_ws/install/as2_realsense_interface:/root/aerostack2_ws/install/as2_platform_multirotor_simulator:/root/aerostack2_ws/install/as2_platform_gazebo:/root/aerostack2_ws/install/as2_motion_controller:/root/aerostack2_ws/install/as2_behaviors_trajectory_generation:/root/aerostack2_ws/install/as2_behaviors_swarm_flocking:/root/aerostack2_ws/install/as2_behaviors_motion:/root/aerostack2_ws/install/as2_map_server:/root/aerostack2_ws/install/as2_geozones:/root/aerostack2_ws/install/as2_gazebo_assets:/root/aerostack2_ws/install/as2_external_object_to_tf:/root/aerostack2_ws/install/as2_behaviors_platform:/root/aerostack2_ws/install/as2_behaviors_perception:/root/aerostack2_ws/install/as2_behaviors_path_planning:/root/aerostack2_ws/install/as2_behavior_tree:/root/aerostack2_ws/install/as2_behavior:/root/aerostack2_ws/install/as2_alphanumeric_viewer:/root/aerostack2_ws/install/as2_cli LD_LIBRARY_PATH=/root/aerostack2_ws/install/as2_core/lib:/root/aerostack2_ws/install/as2_msgs/lib:/root/aerostack2_ws/install/as2_state_estimator/lib:/root/aerostack2_ws/install/as2_python_api/lib:/root/aerostack2_ws/install/as2_motion_controller/lib:/root/aerostack2_ws/install/as2_behaviors_trajectory_generation/lib:/root/aerostack2_ws/install/as2_behaviors_swarm_flocking/lib:/root/aerostack2_ws/install/as2_behaviors_motion/lib:/root/aerostack2_ws/install/as2_motion_reference_handlers/lib:/root/aerostack2_ws/install/as2_map_server/lib:/root/aerostack2_ws/install/as2_gazebo_assets/lib:/root/aerostack2_ws/install/as2_behaviors_perception/lib:/root/aerostack2_ws/install/as2_behaviors_path_planning/lib:/root/aerostack2_ws/install/as2_behavior_tree/lib:/root/aerostack2_ws/install/as2_behavior/lib:/opt/ros/humble/opt/rviz_ogre_vendor/lib:/opt/ros/humble/lib/x86_64-linux-gnu:/opt/ros/humble/lib PYTHONPATH=/root/aerostack2_ws/build/as2_keyboard_teleoperation/prefix_override:/usr/lib/python3/dist-packages/colcon_core/task/python/colcon_distutils_commands:/root/aerostack2_ws/install/as2_keyboard_teleoperation/lib/python3.10/site-packages:/root/aerostack2_ws/install/as2_python_api/lib/python3.10/site-packages:/root/aerostack2_ws/install/as2_project_bringup/lib/python3.10/site-packages:/root/aerostack2_ws/install/rmf_demos_tasks/lib/python3.10/site-packages:/root/aerostack2_ws/install/rmf_demos_panel/lib/python3.10/site-packages:/root/aerostack2_ws/install/rmf_demos_fleet_adapter/lib/python3.10/site-packages:/root/aerostack2_ws/install/rmf_demos_bridges/lib/python3.10/site-packages:/root/aerostack2_ws/install/as2_visualization/lib/python3.10/site-packages:/root/aerostack2_ws/install/as2_keyboard_teleoperation/lib/python3.10/site-packages:/root/aerostack2_ws/install/as2_perception/lib/python3.10/site-packages:/root/aerostack2_ws/install/as2_motion_reference_handlers/local/lib/python3.10/dist-packages:/root/aerostack2_ws/install/as2_gazebo_assets/local/lib/python3.10/dist-packages:/root/aerostack2_ws/install/as2_core/local/lib/python3.10/dist-packages:/root/aerostack2_ws/install/as2_msgs/local/lib/python3.10/dist-packages:/opt/ros/humble/lib/python3.10/site-packages:/opt/ros/humble/local/lib/python3.10/dist-packages /usr/bin/python3 -W ignore:setup.py install is deprecated -W ignore:easy_install command is deprecated setup.py egg_info --egg-base ../../../../build/as2_keyboard_teleoperation build --build-base /root/aerostack2_ws/build/as2_keyboard_teleoperation/build install --record /root/aerostack2_ws/build/as2_keyboard_teleoperation/install.log --single-version-externally-managed install_data
[8.074s] Level 1:colcon.colcon_core.environment:checking '/root/aerostack2_ws/install/as2_keyboard_teleoperation' for CMake module files
[8.075s] DEBUG:colcon.colcon_core.event_handler.log_command:Invoked command in '/root/aerostack2_ws/src/aerostack2/as2_user_interfaces/as2_keyboard_teleoperation' returned '0': AMENT_PREFIX_PATH=/root/aerostack2_ws/install/as2_python_api:/root/aerostack2_ws/install/as2_project_bringup:/root/aerostack2_ws/install/rmf_demos_gz_classic:/root/aerostack2_ws/install/rmf_demos_gz:/root/aerostack2_ws/install/rmf_demos:/root/aerostack2_ws/install/rmf_demos_tasks:/root/aerostack2_ws/install/rmf_demos_panel:/root/aerostack2_ws/install/rmf_demos_maps:/root/aerostack2_ws/install/rmf_demos_fleet_adapter:/root/aerostack2_ws/install/rmf_demos_dashboard_resources:/root/aerostack2_ws/install/rmf_demos_bridges:/root/aerostack2_ws/install/rmf_demos_assets:/root/aerostack2_ws/install/aerostack2:/root/aerostack2_ws/install/as2_visualization:/root/aerostack2_ws/install/as2_usb_camera_interface:/root/aerostack2_ws/install/as2_state_estimator:/root/aerostack2_ws/install/as2_rviz_plugins:/root/aerostack2_ws/install/as2_realsense_interface:/root/aerostack2_ws/install/as2_keyboard_teleoperation:/root/aerostack2_ws/install/as2_platform_multirotor_simulator:/root/aerostack2_ws/install/as2_platform_gazebo:/root/aerostack2_ws/install/as2_perception:/root/aerostack2_ws/install/as2_motion_controller:/root/aerostack2_ws/install/as2_behaviors_trajectory_generation:/root/aerostack2_ws/install/as2_behaviors_swarm_flocking:/root/aerostack2_ws/install/as2_behaviors_motion:/root/aerostack2_ws/install/as2_motion_reference_handlers:/root/aerostack2_ws/install/as2_map_server:/root/aerostack2_ws/install/as2_geozones:/root/aerostack2_ws/install/as2_gazebo_assets:/root/aerostack2_ws/install/as2_external_object_to_tf:/root/aerostack2_ws/install/as2_behaviors_platform:/root/aerostack2_ws/install/as2_behaviors_perception:/root/aerostack2_ws/install/as2_behaviors_path_planning:/root/aerostack2_ws/install/as2_behavior_tree:/root/aerostack2_ws/install/as2_behavior:/root/aerostack2_ws/install/as2_alphanumeric_viewer:/root/aerostack2_ws/install/as2_core:/root/aerostack2_ws/install/as2_msgs:/root/aerostack2_ws/install/as2_cli:/opt/ros/humble CMAKE_PREFIX_PATH=/root/aerostack2_ws/install/as2_motion_reference_handlers:/root/aerostack2_ws/install/as2_core:/root/aerostack2_ws/install/as2_msgs:/root/aerostack2_ws/install/rmf_demos_gz_classic:/root/aerostack2_ws/install/rmf_demos_gz:/root/aerostack2_ws/install/rmf_demos:/root/aerostack2_ws/install/rmf_demos_maps:/root/aerostack2_ws/install/aerostack2:/root/aerostack2_ws/install/as2_usb_camera_interface:/root/aerostack2_ws/install/as2_state_estimator:/root/aerostack2_ws/install/as2_rviz_plugins:/root/aerostack2_ws/install/as2_realsense_interface:/root/aerostack2_ws/install/as2_platform_multirotor_simulator:/root/aerostack2_ws/install/as2_platform_gazebo:/root/aerostack2_ws/install/as2_motion_controller:/root/aerostack2_ws/install/as2_behaviors_trajectory_generation:/root/aerostack2_ws/install/as2_behaviors_swarm_flocking:/root/aerostack2_ws/install/as2_behaviors_motion:/root/aerostack2_ws/install/as2_map_server:/root/aerostack2_ws/install/as2_geozones:/root/aerostack2_ws/install/as2_gazebo_assets:/root/aerostack2_ws/install/as2_external_object_to_tf:/root/aerostack2_ws/install/as2_behaviors_platform:/root/aerostack2_ws/install/as2_behaviors_perception:/root/aerostack2_ws/install/as2_behaviors_path_planning:/root/aerostack2_ws/install/as2_behavior_tree:/root/aerostack2_ws/install/as2_behavior:/root/aerostack2_ws/install/as2_alphanumeric_viewer:/root/aerostack2_ws/install/as2_cli LD_LIBRARY_PATH=/root/aerostack2_ws/install/as2_core/lib:/root/aerostack2_ws/install/as2_msgs/lib:/root/aerostack2_ws/install/as2_state_estimator/lib:/root/aerostack2_ws/install/as2_python_api/lib:/root/aerostack2_ws/install/as2_motion_controller/lib:/root/aerostack2_ws/install/as2_behaviors_trajectory_generation/lib:/root/aerostack2_ws/install/as2_behaviors_swarm_flocking/lib:/root/aerostack2_ws/install/as2_behaviors_motion/lib:/root/aerostack2_ws/install/as2_motion_reference_handlers/lib:/root/aerostack2_ws/install/as2_map_server/lib:/root/aerostack2_ws/install/as2_gazebo_assets/lib:/root/aerostack2_ws/install/as2_behaviors_perception/lib:/root/aerostack2_ws/install/as2_behaviors_path_planning/lib:/root/aerostack2_ws/install/as2_behavior_tree/lib:/root/aerostack2_ws/install/as2_behavior/lib:/opt/ros/humble/opt/rviz_ogre_vendor/lib:/opt/ros/humble/lib/x86_64-linux-gnu:/opt/ros/humble/lib PYTHONPATH=/root/aerostack2_ws/build/as2_keyboard_teleoperation/prefix_override:/usr/lib/python3/dist-packages/colcon_core/task/python/colcon_distutils_commands:/root/aerostack2_ws/install/as2_keyboard_teleoperation/lib/python3.10/site-packages:/root/aerostack2_ws/install/as2_python_api/lib/python3.10/site-packages:/root/aerostack2_ws/install/as2_project_bringup/lib/python3.10/site-packages:/root/aerostack2_ws/install/rmf_demos_tasks/lib/python3.10/site-packages:/root/aerostack2_ws/install/rmf_demos_panel/lib/python3.10/site-packages:/root/aerostack2_ws/install/rmf_demos_fleet_adapter/lib/python3.10/site-packages:/root/aerostack2_ws/install/rmf_demos_bridges/lib/python3.10/site-packages:/root/aerostack2_ws/install/as2_visualization/lib/python3.10/site-packages:/root/aerostack2_ws/install/as2_keyboard_teleoperation/lib/python3.10/site-packages:/root/aerostack2_ws/install/as2_perception/lib/python3.10/site-packages:/root/aerostack2_ws/install/as2_motion_reference_handlers/local/lib/python3.10/dist-packages:/root/aerostack2_ws/install/as2_gazebo_assets/local/lib/python3.10/dist-packages:/root/aerostack2_ws/install/as2_core/local/lib/python3.10/dist-packages:/root/aerostack2_ws/install/as2_msgs/local/lib/python3.10/dist-packages:/opt/ros/humble/lib/python3.10/site-packages:/opt/ros/humble/local/lib/python3.10/dist-packages /usr/bin/python3 -W ignore:setup.py install is deprecated -W ignore:easy_install command is deprecated setup.py egg_info --egg-base ../../../../build/as2_keyboard_teleoperation build --build-base /root/aerostack2_ws/build/as2_keyboard_teleoperation/build install --record /root/aerostack2_ws/build/as2_keyboard_teleoperation/install.log --single-version-externally-managed install_data
[8.076s] Level 1:colcon.colcon_core.environment:checking '/root/aerostack2_ws/install/as2_keyboard_teleoperation' for CMake config files
[8.078s] Level 1:colcon.colcon_core.environment:checking '/root/aerostack2_ws/install/as2_keyboard_teleoperation/lib'
[8.079s] Level 1:colcon.colcon_core.environment:checking '/root/aerostack2_ws/install/as2_keyboard_teleoperation/bin'
[8.079s] Level 1:colcon.colcon_core.environment:checking '/root/aerostack2_ws/install/as2_keyboard_teleoperation/lib/pkgconfig/as2_keyboard_teleoperation.pc'
[8.079s] Level 1:colcon.colcon_core.environment:checking '/root/aerostack2_ws/install/as2_keyboard_teleoperation/lib/python3.10/site-packages'
[8.079s] Level 1:colcon.colcon_core.shell:create_environment_hook('as2_keyboard_teleoperation', 'pythonpath')
[8.079s] INFO:colcon.colcon_core.shell:Creating environment hook '/root/aerostack2_ws/install/as2_keyboard_teleoperation/share/as2_keyboard_teleoperation/hook/pythonpath.ps1'
[8.080s] INFO:colcon.colcon_core.shell:Creating environment descriptor '/root/aerostack2_ws/install/as2_keyboard_teleoperation/share/as2_keyboard_teleoperation/hook/pythonpath.dsv'
[8.080s] INFO:colcon.colcon_core.shell:Creating environment hook '/root/aerostack2_ws/install/as2_keyboard_teleoperation/share/as2_keyboard_teleoperation/hook/pythonpath.sh'
[8.081s] Level 1:colcon.colcon_core.environment:checking '/root/aerostack2_ws/install/as2_keyboard_teleoperation/bin'
[8.081s] Level 1:colcon.colcon_core.environment:create_environment_scripts_only(as2_keyboard_teleoperation)
[8.081s] INFO:colcon.colcon_core.shell:Creating package script '/root/aerostack2_ws/install/as2_keyboard_teleoperation/share/as2_keyboard_teleoperation/package.ps1'
[8.082s] INFO:colcon.colcon_core.shell:Creating package descriptor '/root/aerostack2_ws/install/as2_keyboard_teleoperation/share/as2_keyboard_teleoperation/package.dsv'
[8.082s] INFO:colcon.colcon_core.shell:Creating package script '/root/aerostack2_ws/install/as2_keyboard_teleoperation/share/as2_keyboard_teleoperation/package.sh'
[8.084s] INFO:colcon.colcon_core.shell:Creating package script '/root/aerostack2_ws/install/as2_keyboard_teleoperation/share/as2_keyboard_teleoperation/package.bash'
[8.084s] INFO:colcon.colcon_core.shell:Creating package script '/root/aerostack2_ws/install/as2_keyboard_teleoperation/share/as2_keyboard_teleoperation/package.zsh'
[8.085s] Level 1:colcon.colcon_core.environment:create_file_with_runtime_dependencies(/root/aerostack2_ws/install/as2_keyboard_teleoperation/share/colcon-core/packages/as2_keyboard_teleoperation)
[8.085s] INFO:colcon.colcon_ros.task.ament_cmake.build:Building ROS package in '/root/aerostack2_ws/src/aerostack2/aerostack2' with build type 'ament_cmake'
[8.085s] INFO:colcon.colcon_cmake.task.cmake.build:Building CMake package in '/root/aerostack2_ws/src/aerostack2/aerostack2'
[8.086s] INFO:colcon.colcon_core.shell:Skip shell extension 'powershell' for command environment: Not usable outside of PowerShell
[8.086s] DEBUG:colcon.colcon_core.shell:Skip shell extension 'dsv' for command environment
[8.154s] DEBUG:colcon.colcon_core.event_handler.log_command:Invoking command in '/root/aerostack2_ws/build/aerostack2': AMENT_PREFIX_PATH=/root/aerostack2_ws/install/as2_keyboard_teleoperation:/root/aerostack2_ws/install/as2_visualization:/root/aerostack2_ws/install/as2_python_api:/root/aerostack2_ws/install/as2_project_bringup:/root/aerostack2_ws/install/rmf_demos_gz_classic:/root/aerostack2_ws/install/rmf_demos_gz:/root/aerostack2_ws/install/rmf_demos:/root/aerostack2_ws/install/rmf_demos_tasks:/root/aerostack2_ws/install/rmf_demos_panel:/root/aerostack2_ws/install/rmf_demos_maps:/root/aerostack2_ws/install/rmf_demos_fleet_adapter:/root/aerostack2_ws/install/rmf_demos_dashboard_resources:/root/aerostack2_ws/install/rmf_demos_bridges:/root/aerostack2_ws/install/rmf_demos_assets:/root/aerostack2_ws/install/aerostack2:/root/aerostack2_ws/install/as2_usb_camera_interface:/root/aerostack2_ws/install/as2_state_estimator:/root/aerostack2_ws/install/as2_rviz_plugins:/root/aerostack2_ws/install/as2_realsense_interface:/root/aerostack2_ws/install/as2_platform_multirotor_simulator:/root/aerostack2_ws/install/as2_platform_gazebo:/root/aerostack2_ws/install/as2_perception:/root/aerostack2_ws/install/as2_motion_controller:/root/aerostack2_ws/install/as2_behaviors_trajectory_generation:/root/aerostack2_ws/install/as2_behaviors_swarm_flocking:/root/aerostack2_ws/install/as2_behaviors_motion:/root/aerostack2_ws/install/as2_motion_reference_handlers:/root/aerostack2_ws/install/as2_map_server:/root/aerostack2_ws/install/as2_geozones:/root/aerostack2_ws/install/as2_gazebo_assets:/root/aerostack2_ws/install/as2_external_object_to_tf:/root/aerostack2_ws/install/as2_behaviors_platform:/root/aerostack2_ws/install/as2_behaviors_perception:/root/aerostack2_ws/install/as2_behaviors_path_planning:/root/aerostack2_ws/install/as2_behavior_tree:/root/aerostack2_ws/install/as2_behavior:/root/aerostack2_ws/install/as2_alphanumeric_viewer:/root/aerostack2_ws/install/as2_core:/root/aerostack2_ws/install/as2_msgs:/root/aerostack2_ws/install/as2_cli:/opt/ros/humble CMAKE_PREFIX_PATH=/root/aerostack2_ws/install/as2_rviz_plugins:/root/aerostack2_ws/install/as2_platform_gazebo:/root/aerostack2_ws/install/as2_motion_controller:/root/aerostack2_ws/install/as2_behaviors_trajectory_generation:/root/aerostack2_ws/install/as2_behaviors_platform:/root/aerostack2_ws/install/as2_behaviors_perception:/root/aerostack2_ws/install/as2_behaviors_path_planning:/root/aerostack2_ws/install/as2_behaviors_motion:/root/aerostack2_ws/install/as2_usb_camera_interface:/root/aerostack2_ws/install/as2_state_estimator:/root/aerostack2_ws/install/as2_realsense_interface:/root/aerostack2_ws/install/as2_platform_multirotor_simulator:/root/aerostack2_ws/install/as2_motion_reference_handlers:/root/aerostack2_ws/install/as2_map_server:/root/aerostack2_ws/install/as2_geozones:/root/aerostack2_ws/install/as2_gazebo_assets:/root/aerostack2_ws/install/as2_external_object_to_tf:/root/aerostack2_ws/install/as2_behavior_tree:/root/aerostack2_ws/install/as2_behavior:/root/aerostack2_ws/install/as2_alphanumeric_viewer:/root/aerostack2_ws/install/as2_core:/root/aerostack2_ws/install/as2_msgs:/root/aerostack2_ws/install/as2_cli:/root/aerostack2_ws/install/rmf_demos_gz_classic:/root/aerostack2_ws/install/rmf_demos_gz:/root/aerostack2_ws/install/rmf_demos:/root/aerostack2_ws/install/rmf_demos_maps:/root/aerostack2_ws/install/aerostack2:/root/aerostack2_ws/install/as2_behaviors_swarm_flocking:/root/aerostack2_ws/install/as2_project_bringup:/root/aerostack2_ws/install/rmf_demos_tasks:/root/aerostack2_ws/install/rmf_demos_panel:/root/aerostack2_ws/install/rmf_demos_fleet_adapter:/root/aerostack2_ws/install/rmf_demos_dashboard_resources:/root/aerostack2_ws/install/rmf_demos_bridges:/root/aerostack2_ws/install/rmf_demos_assets:/root/aerostack2_ws/install/as2_visualization:/root/aerostack2_ws/install/as2_keyboard_teleoperation:/root/aerostack2_ws/install/as2_python_api:/root/aerostack2_ws/install/as2_perception:/opt/ros/humble GZ_SIM_RESOURCE_PATH=/root/aerostack2_ws/install/as2_gazebo_assets/share/as2_ign_gazebo_assets/worlds:/root/aerostack2_ws/install/as2_gazebo_assets/share/as2_ign_gazebo_assets/models:${GZ_SIM_RESOURCE_PATH} GZ_VERSION=@GZ_VERSION@ LD_LIBRARY_PATH=/root/aerostack2_ws/install/as2_motion_controller/lib:/root/aerostack2_ws/install/as2_behaviors_trajectory_generation/lib:/root/aerostack2_ws/install/as2_behaviors_perception/lib:/root/aerostack2_ws/install/as2_behaviors_path_planning/lib:/root/aerostack2_ws/install/as2_behaviors_motion/lib:/root/aerostack2_ws/install/as2_state_estimator/lib:/root/aerostack2_ws/install/as2_map_server/lib:/root/aerostack2_ws/install/as2_gazebo_assets/lib:/root/aerostack2_ws/install/as2_behavior_tree/lib:/root/aerostack2_ws/install/as2_behavior/lib:/root/aerostack2_ws/install/as2_core/lib:/root/aerostack2_ws/install/as2_msgs/lib:/root/aerostack2_ws/install/as2_python_api/lib:/root/aerostack2_ws/install/as2_behaviors_swarm_flocking/lib:/root/aerostack2_ws/install/as2_motion_reference_handlers/lib:/opt/ros/humble/opt/rviz_ogre_vendor/lib:/opt/ros/humble/lib/x86_64-linux-gnu:/opt/ros/humble/lib PYTHONPATH=/root/aerostack2_ws/install/as2_keyboard_teleoperation/lib/python3.10/site-packages:/root/aerostack2_ws/install/as2_visualization/lib/python3.10/site-packages:/root/aerostack2_ws/install/as2_python_api/lib/python3.10/site-packages:/root/aerostack2_ws/install/as2_project_bringup/lib/python3.10/site-packages:/root/aerostack2_ws/install/rmf_demos_tasks/lib/python3.10/site-packages:/root/aerostack2_ws/install/rmf_demos_panel/lib/python3.10/site-packages:/root/aerostack2_ws/install/rmf_demos_fleet_adapter/lib/python3.10/site-packages:/root/aerostack2_ws/install/rmf_demos_bridges/lib/python3.10/site-packages:/root/aerostack2_ws/install/as2_perception/lib/python3.10/site-packages:/root/aerostack2_ws/install/as2_motion_reference_handlers/local/lib/python3.10/dist-packages:/root/aerostack2_ws/install/as2_gazebo_assets/local/lib/python3.10/dist-packages:/root/aerostack2_ws/install/as2_core/local/lib/python3.10/dist-packages:/root/aerostack2_ws/install/as2_msgs/local/lib/python3.10/dist-packages:/opt/ros/humble/lib/python3.10/site-packages:/opt/ros/humble/local/lib/python3.10/dist-packages /usr/bin/cmake --build /root/aerostack2_ws/build/aerostack2 -- -j8 -l8
[8.205s] DEBUG:colcon.colcon_core.event_handler.log_command:Invoked command in '/root/aerostack2_ws/build/aerostack2' returned '0': AMENT_PREFIX_PATH=/root/aerostack2_ws/install/as2_keyboard_teleoperation:/root/aerostack2_ws/install/as2_visualization:/root/aerostack2_ws/install/as2_python_api:/root/aerostack2_ws/install/as2_project_bringup:/root/aerostack2_ws/install/rmf_demos_gz_classic:/root/aerostack2_ws/install/rmf_demos_gz:/root/aerostack2_ws/install/rmf_demos:/root/aerostack2_ws/install/rmf_demos_tasks:/root/aerostack2_ws/install/rmf_demos_panel:/root/aerostack2_ws/install/rmf_demos_maps:/root/aerostack2_ws/install/rmf_demos_fleet_adapter:/root/aerostack2_ws/install/rmf_demos_dashboard_resources:/root/aerostack2_ws/install/rmf_demos_bridges:/root/aerostack2_ws/install/rmf_demos_assets:/root/aerostack2_ws/install/aerostack2:/root/aerostack2_ws/install/as2_usb_camera_interface:/root/aerostack2_ws/install/as2_state_estimator:/root/aerostack2_ws/install/as2_rviz_plugins:/root/aerostack2_ws/install/as2_realsense_interface:/root/aerostack2_ws/install/as2_platform_multirotor_simulator:/root/aerostack2_ws/install/as2_platform_gazebo:/root/aerostack2_ws/install/as2_perception:/root/aerostack2_ws/install/as2_motion_controller:/root/aerostack2_ws/install/as2_behaviors_trajectory_generation:/root/aerostack2_ws/install/as2_behaviors_swarm_flocking:/root/aerostack2_ws/install/as2_behaviors_motion:/root/aerostack2_ws/install/as2_motion_reference_handlers:/root/aerostack2_ws/install/as2_map_server:/root/aerostack2_ws/install/as2_geozones:/root/aerostack2_ws/install/as2_gazebo_assets:/root/aerostack2_ws/install/as2_external_object_to_tf:/root/aerostack2_ws/install/as2_behaviors_platform:/root/aerostack2_ws/install/as2_behaviors_perception:/root/aerostack2_ws/install/as2_behaviors_path_planning:/root/aerostack2_ws/install/as2_behavior_tree:/root/aerostack2_ws/install/as2_behavior:/root/aerostack2_ws/install/as2_alphanumeric_viewer:/root/aerostack2_ws/install/as2_core:/root/aerostack2_ws/install/as2_msgs:/root/aerostack2_ws/install/as2_cli:/opt/ros/humble CMAKE_PREFIX_PATH=/root/aerostack2_ws/install/as2_rviz_plugins:/root/aerostack2_ws/install/as2_platform_gazebo:/root/aerostack2_ws/install/as2_motion_controller:/root/aerostack2_ws/install/as2_behaviors_trajectory_generation:/root/aerostack2_ws/install/as2_behaviors_platform:/root/aerostack2_ws/install/as2_behaviors_perception:/root/aerostack2_ws/install/as2_behaviors_path_planning:/root/aerostack2_ws/install/as2_behaviors_motion:/root/aerostack2_ws/install/as2_usb_camera_interface:/root/aerostack2_ws/install/as2_state_estimator:/root/aerostack2_ws/install/as2_realsense_interface:/root/aerostack2_ws/install/as2_platform_multirotor_simulator:/root/aerostack2_ws/install/as2_motion_reference_handlers:/root/aerostack2_ws/install/as2_map_server:/root/aerostack2_ws/install/as2_geozones:/root/aerostack2_ws/install/as2_gazebo_assets:/root/aerostack2_ws/install/as2_external_object_to_tf:/root/aerostack2_ws/install/as2_behavior_tree:/root/aerostack2_ws/install/as2_behavior:/root/aerostack2_ws/install/as2_alphanumeric_viewer:/root/aerostack2_ws/install/as2_core:/root/aerostack2_ws/install/as2_msgs:/root/aerostack2_ws/install/as2_cli:/root/aerostack2_ws/install/rmf_demos_gz_classic:/root/aerostack2_ws/install/rmf_demos_gz:/root/aerostack2_ws/install/rmf_demos:/root/aerostack2_ws/install/rmf_demos_maps:/root/aerostack2_ws/install/aerostack2:/root/aerostack2_ws/install/as2_behaviors_swarm_flocking:/root/aerostack2_ws/install/as2_project_bringup:/root/aerostack2_ws/install/rmf_demos_tasks:/root/aerostack2_ws/install/rmf_demos_panel:/root/aerostack2_ws/install/rmf_demos_fleet_adapter:/root/aerostack2_ws/install/rmf_demos_dashboard_resources:/root/aerostack2_ws/install/rmf_demos_bridges:/root/aerostack2_ws/install/rmf_demos_assets:/root/aerostack2_ws/install/as2_visualization:/root/aerostack2_ws/install/as2_keyboard_teleoperation:/root/aerostack2_ws/install/as2_python_api:/root/aerostack2_ws/install/as2_perception:/opt/ros/humble GZ_SIM_RESOURCE_PATH=/root/aerostack2_ws/install/as2_gazebo_assets/share/as2_ign_gazebo_assets/worlds:/root/aerostack2_ws/install/as2_gazebo_assets/share/as2_ign_gazebo_assets/models:${GZ_SIM_RESOURCE_PATH} GZ_VERSION=@GZ_VERSION@ LD_LIBRARY_PATH=/root/aerostack2_ws/install/as2_motion_controller/lib:/root/aerostack2_ws/install/as2_behaviors_trajectory_generation/lib:/root/aerostack2_ws/install/as2_behaviors_perception/lib:/root/aerostack2_ws/install/as2_behaviors_path_planning/lib:/root/aerostack2_ws/install/as2_behaviors_motion/lib:/root/aerostack2_ws/install/as2_state_estimator/lib:/root/aerostack2_ws/install/as2_map_server/lib:/root/aerostack2_ws/install/as2_gazebo_assets/lib:/root/aerostack2_ws/install/as2_behavior_tree/lib:/root/aerostack2_ws/install/as2_behavior/lib:/root/aerostack2_ws/install/as2_core/lib:/root/aerostack2_ws/install/as2_msgs/lib:/root/aerostack2_ws/install/as2_python_api/lib:/root/aerostack2_ws/install/as2_behaviors_swarm_flocking/lib:/root/aerostack2_ws/install/as2_motion_reference_handlers/lib:/opt/ros/humble/opt/rviz_ogre_vendor/lib:/opt/ros/humble/lib/x86_64-linux-gnu:/opt/ros/humble/lib PYTHONPATH=/root/aerostack2_ws/install/as2_keyboard_teleoperation/lib/python3.10/site-packages:/root/aerostack2_ws/install/as2_visualization/lib/python3.10/site-packages:/root/aerostack2_ws/install/as2_python_api/lib/python3.10/site-packages:/root/aerostack2_ws/install/as2_project_bringup/lib/python3.10/site-packages:/root/aerostack2_ws/install/rmf_demos_tasks/lib/python3.10/site-packages:/root/aerostack2_ws/install/rmf_demos_panel/lib/python3.10/site-packages:/root/aerostack2_ws/install/rmf_demos_fleet_adapter/lib/python3.10/site-packages:/root/aerostack2_ws/install/rmf_demos_bridges/lib/python3.10/site-packages:/root/aerostack2_ws/install/as2_perception/lib/python3.10/site-packages:/root/aerostack2_ws/install/as2_motion_reference_handlers/local/lib/python3.10/dist-packages:/root/aerostack2_ws/install/as2_gazebo_assets/local/lib/python3.10/dist-packages:/root/aerostack2_ws/install/as2_core/local/lib/python3.10/dist-packages:/root/aerostack2_ws/install/as2_msgs/local/lib/python3.10/dist-packages:/opt/ros/humble/lib/python3.10/site-packages:/opt/ros/humble/local/lib/python3.10/dist-packages /usr/bin/cmake --build /root/aerostack2_ws/build/aerostack2 -- -j8 -l8
[8.207s] DEBUG:colcon.colcon_core.event_handler.log_command:Invoking command in '/root/aerostack2_ws/build/aerostack2': AMENT_PREFIX_PATH=/root/aerostack2_ws/install/as2_keyboard_teleoperation:/root/aerostack2_ws/install/as2_visualization:/root/aerostack2_ws/install/as2_python_api:/root/aerostack2_ws/install/as2_project_bringup:/root/aerostack2_ws/install/rmf_demos_gz_classic:/root/aerostack2_ws/install/rmf_demos_gz:/root/aerostack2_ws/install/rmf_demos:/root/aerostack2_ws/install/rmf_demos_tasks:/root/aerostack2_ws/install/rmf_demos_panel:/root/aerostack2_ws/install/rmf_demos_maps:/root/aerostack2_ws/install/rmf_demos_fleet_adapter:/root/aerostack2_ws/install/rmf_demos_dashboard_resources:/root/aerostack2_ws/install/rmf_demos_bridges:/root/aerostack2_ws/install/rmf_demos_assets:/root/aerostack2_ws/install/aerostack2:/root/aerostack2_ws/install/as2_usb_camera_interface:/root/aerostack2_ws/install/as2_state_estimator:/root/aerostack2_ws/install/as2_rviz_plugins:/root/aerostack2_ws/install/as2_realsense_interface:/root/aerostack2_ws/install/as2_platform_multirotor_simulator:/root/aerostack2_ws/install/as2_platform_gazebo:/root/aerostack2_ws/install/as2_perception:/root/aerostack2_ws/install/as2_motion_controller:/root/aerostack2_ws/install/as2_behaviors_trajectory_generation:/root/aerostack2_ws/install/as2_behaviors_swarm_flocking:/root/aerostack2_ws/install/as2_behaviors_motion:/root/aerostack2_ws/install/as2_motion_reference_handlers:/root/aerostack2_ws/install/as2_map_server:/root/aerostack2_ws/install/as2_geozones:/root/aerostack2_ws/install/as2_gazebo_assets:/root/aerostack2_ws/install/as2_external_object_to_tf:/root/aerostack2_ws/install/as2_behaviors_platform:/root/aerostack2_ws/install/as2_behaviors_perception:/root/aerostack2_ws/install/as2_behaviors_path_planning:/root/aerostack2_ws/install/as2_behavior_tree:/root/aerostack2_ws/install/as2_behavior:/root/aerostack2_ws/install/as2_alphanumeric_viewer:/root/aerostack2_ws/install/as2_core:/root/aerostack2_ws/install/as2_msgs:/root/aerostack2_ws/install/as2_cli:/opt/ros/humble CMAKE_PREFIX_PATH=/root/aerostack2_ws/install/as2_rviz_plugins:/root/aerostack2_ws/install/as2_platform_gazebo:/root/aerostack2_ws/install/as2_motion_controller:/root/aerostack2_ws/install/as2_behaviors_trajectory_generation:/root/aerostack2_ws/install/as2_behaviors_platform:/root/aerostack2_ws/install/as2_behaviors_perception:/root/aerostack2_ws/install/as2_behaviors_path_planning:/root/aerostack2_ws/install/as2_behaviors_motion:/root/aerostack2_ws/install/as2_usb_camera_interface:/root/aerostack2_ws/install/as2_state_estimator:/root/aerostack2_ws/install/as2_realsense_interface:/root/aerostack2_ws/install/as2_platform_multirotor_simulator:/root/aerostack2_ws/install/as2_motion_reference_handlers:/root/aerostack2_ws/install/as2_map_server:/root/aerostack2_ws/install/as2_geozones:/root/aerostack2_ws/install/as2_gazebo_assets:/root/aerostack2_ws/install/as2_external_object_to_tf:/root/aerostack2_ws/install/as2_behavior_tree:/root/aerostack2_ws/install/as2_behavior:/root/aerostack2_ws/install/as2_alphanumeric_viewer:/root/aerostack2_ws/install/as2_core:/root/aerostack2_ws/install/as2_msgs:/root/aerostack2_ws/install/as2_cli:/root/aerostack2_ws/install/rmf_demos_gz_classic:/root/aerostack2_ws/install/rmf_demos_gz:/root/aerostack2_ws/install/rmf_demos:/root/aerostack2_ws/install/rmf_demos_maps:/root/aerostack2_ws/install/aerostack2:/root/aerostack2_ws/install/as2_behaviors_swarm_flocking:/root/aerostack2_ws/install/as2_project_bringup:/root/aerostack2_ws/install/rmf_demos_tasks:/root/aerostack2_ws/install/rmf_demos_panel:/root/aerostack2_ws/install/rmf_demos_fleet_adapter:/root/aerostack2_ws/install/rmf_demos_dashboard_resources:/root/aerostack2_ws/install/rmf_demos_bridges:/root/aerostack2_ws/install/rmf_demos_assets:/root/aerostack2_ws/install/as2_visualization:/root/aerostack2_ws/install/as2_keyboard_teleoperation:/root/aerostack2_ws/install/as2_python_api:/root/aerostack2_ws/install/as2_perception:/opt/ros/humble GZ_SIM_RESOURCE_PATH=/root/aerostack2_ws/install/as2_gazebo_assets/share/as2_ign_gazebo_assets/worlds:/root/aerostack2_ws/install/as2_gazebo_assets/share/as2_ign_gazebo_assets/models:${GZ_SIM_RESOURCE_PATH} GZ_VERSION=@GZ_VERSION@ LD_LIBRARY_PATH=/root/aerostack2_ws/install/as2_motion_controller/lib:/root/aerostack2_ws/install/as2_behaviors_trajectory_generation/lib:/root/aerostack2_ws/install/as2_behaviors_perception/lib:/root/aerostack2_ws/install/as2_behaviors_path_planning/lib:/root/aerostack2_ws/install/as2_behaviors_motion/lib:/root/aerostack2_ws/install/as2_state_estimator/lib:/root/aerostack2_ws/install/as2_map_server/lib:/root/aerostack2_ws/install/as2_gazebo_assets/lib:/root/aerostack2_ws/install/as2_behavior_tree/lib:/root/aerostack2_ws/install/as2_behavior/lib:/root/aerostack2_ws/install/as2_core/lib:/root/aerostack2_ws/install/as2_msgs/lib:/root/aerostack2_ws/install/as2_python_api/lib:/root/aerostack2_ws/install/as2_behaviors_swarm_flocking/lib:/root/aerostack2_ws/install/as2_motion_reference_handlers/lib:/opt/ros/humble/opt/rviz_ogre_vendor/lib:/opt/ros/humble/lib/x86_64-linux-gnu:/opt/ros/humble/lib PYTHONPATH=/root/aerostack2_ws/install/as2_keyboard_teleoperation/lib/python3.10/site-packages:/root/aerostack2_ws/install/as2_visualization/lib/python3.10/site-packages:/root/aerostack2_ws/install/as2_python_api/lib/python3.10/site-packages:/root/aerostack2_ws/install/as2_project_bringup/lib/python3.10/site-packages:/root/aerostack2_ws/install/rmf_demos_tasks/lib/python3.10/site-packages:/root/aerostack2_ws/install/rmf_demos_panel/lib/python3.10/site-packages:/root/aerostack2_ws/install/rmf_demos_fleet_adapter/lib/python3.10/site-packages:/root/aerostack2_ws/install/rmf_demos_bridges/lib/python3.10/site-packages:/root/aerostack2_ws/install/as2_perception/lib/python3.10/site-packages:/root/aerostack2_ws/install/as2_motion_reference_handlers/local/lib/python3.10/dist-packages:/root/aerostack2_ws/install/as2_gazebo_assets/local/lib/python3.10/dist-packages:/root/aerostack2_ws/install/as2_core/local/lib/python3.10/dist-packages:/root/aerostack2_ws/install/as2_msgs/local/lib/python3.10/dist-packages:/opt/ros/humble/lib/python3.10/site-packages:/opt/ros/humble/local/lib/python3.10/dist-packages /usr/bin/cmake --install /root/aerostack2_ws/build/aerostack2
[8.219s] Level 1:colcon.colcon_core.environment:create_environment_scripts_only(aerostack2)
[8.219s] Level 1:colcon.colcon_core.environment:checking '/root/aerostack2_ws/install/aerostack2' for CMake module files
[8.220s] DEBUG:colcon.colcon_core.event_handler.log_command:Invoked command in '/root/aerostack2_ws/build/aerostack2' returned '0': AMENT_PREFIX_PATH=/root/aerostack2_ws/install/as2_keyboard_teleoperation:/root/aerostack2_ws/install/as2_visualization:/root/aerostack2_ws/install/as2_python_api:/root/aerostack2_ws/install/as2_project_bringup:/root/aerostack2_ws/install/rmf_demos_gz_classic:/root/aerostack2_ws/install/rmf_demos_gz:/root/aerostack2_ws/install/rmf_demos:/root/aerostack2_ws/install/rmf_demos_tasks:/root/aerostack2_ws/install/rmf_demos_panel:/root/aerostack2_ws/install/rmf_demos_maps:/root/aerostack2_ws/install/rmf_demos_fleet_adapter:/root/aerostack2_ws/install/rmf_demos_dashboard_resources:/root/aerostack2_ws/install/rmf_demos_bridges:/root/aerostack2_ws/install/rmf_demos_assets:/root/aerostack2_ws/install/aerostack2:/root/aerostack2_ws/install/as2_usb_camera_interface:/root/aerostack2_ws/install/as2_state_estimator:/root/aerostack2_ws/install/as2_rviz_plugins:/root/aerostack2_ws/install/as2_realsense_interface:/root/aerostack2_ws/install/as2_platform_multirotor_simulator:/root/aerostack2_ws/install/as2_platform_gazebo:/root/aerostack2_ws/install/as2_perception:/root/aerostack2_ws/install/as2_motion_controller:/root/aerostack2_ws/install/as2_behaviors_trajectory_generation:/root/aerostack2_ws/install/as2_behaviors_swarm_flocking:/root/aerostack2_ws/install/as2_behaviors_motion:/root/aerostack2_ws/install/as2_motion_reference_handlers:/root/aerostack2_ws/install/as2_map_server:/root/aerostack2_ws/install/as2_geozones:/root/aerostack2_ws/install/as2_gazebo_assets:/root/aerostack2_ws/install/as2_external_object_to_tf:/root/aerostack2_ws/install/as2_behaviors_platform:/root/aerostack2_ws/install/as2_behaviors_perception:/root/aerostack2_ws/install/as2_behaviors_path_planning:/root/aerostack2_ws/install/as2_behavior_tree:/root/aerostack2_ws/install/as2_behavior:/root/aerostack2_ws/install/as2_alphanumeric_viewer:/root/aerostack2_ws/install/as2_core:/root/aerostack2_ws/install/as2_msgs:/root/aerostack2_ws/install/as2_cli:/opt/ros/humble CMAKE_PREFIX_PATH=/root/aerostack2_ws/install/as2_rviz_plugins:/root/aerostack2_ws/install/as2_platform_gazebo:/root/aerostack2_ws/install/as2_motion_controller:/root/aerostack2_ws/install/as2_behaviors_trajectory_generation:/root/aerostack2_ws/install/as2_behaviors_platform:/root/aerostack2_ws/install/as2_behaviors_perception:/root/aerostack2_ws/install/as2_behaviors_path_planning:/root/aerostack2_ws/install/as2_behaviors_motion:/root/aerostack2_ws/install/as2_usb_camera_interface:/root/aerostack2_ws/install/as2_state_estimator:/root/aerostack2_ws/install/as2_realsense_interface:/root/aerostack2_ws/install/as2_platform_multirotor_simulator:/root/aerostack2_ws/install/as2_motion_reference_handlers:/root/aerostack2_ws/install/as2_map_server:/root/aerostack2_ws/install/as2_geozones:/root/aerostack2_ws/install/as2_gazebo_assets:/root/aerostack2_ws/install/as2_external_object_to_tf:/root/aerostack2_ws/install/as2_behavior_tree:/root/aerostack2_ws/install/as2_behavior:/root/aerostack2_ws/install/as2_alphanumeric_viewer:/root/aerostack2_ws/install/as2_core:/root/aerostack2_ws/install/as2_msgs:/root/aerostack2_ws/install/as2_cli:/root/aerostack2_ws/install/rmf_demos_gz_classic:/root/aerostack2_ws/install/rmf_demos_gz:/root/aerostack2_ws/install/rmf_demos:/root/aerostack2_ws/install/rmf_demos_maps:/root/aerostack2_ws/install/aerostack2:/root/aerostack2_ws/install/as2_behaviors_swarm_flocking:/root/aerostack2_ws/install/as2_project_bringup:/root/aerostack2_ws/install/rmf_demos_tasks:/root/aerostack2_ws/install/rmf_demos_panel:/root/aerostack2_ws/install/rmf_demos_fleet_adapter:/root/aerostack2_ws/install/rmf_demos_dashboard_resources:/root/aerostack2_ws/install/rmf_demos_bridges:/root/aerostack2_ws/install/rmf_demos_assets:/root/aerostack2_ws/install/as2_visualization:/root/aerostack2_ws/install/as2_keyboard_teleoperation:/root/aerostack2_ws/install/as2_python_api:/root/aerostack2_ws/install/as2_perception:/opt/ros/humble GZ_SIM_RESOURCE_PATH=/root/aerostack2_ws/install/as2_gazebo_assets/share/as2_ign_gazebo_assets/worlds:/root/aerostack2_ws/install/as2_gazebo_assets/share/as2_ign_gazebo_assets/models:${GZ_SIM_RESOURCE_PATH} GZ_VERSION=@GZ_VERSION@ LD_LIBRARY_PATH=/root/aerostack2_ws/install/as2_motion_controller/lib:/root/aerostack2_ws/install/as2_behaviors_trajectory_generation/lib:/root/aerostack2_ws/install/as2_behaviors_perception/lib:/root/aerostack2_ws/install/as2_behaviors_path_planning/lib:/root/aerostack2_ws/install/as2_behaviors_motion/lib:/root/aerostack2_ws/install/as2_state_estimator/lib:/root/aerostack2_ws/install/as2_map_server/lib:/root/aerostack2_ws/install/as2_gazebo_assets/lib:/root/aerostack2_ws/install/as2_behavior_tree/lib:/root/aerostack2_ws/install/as2_behavior/lib:/root/aerostack2_ws/install/as2_core/lib:/root/aerostack2_ws/install/as2_msgs/lib:/root/aerostack2_ws/install/as2_python_api/lib:/root/aerostack2_ws/install/as2_behaviors_swarm_flocking/lib:/root/aerostack2_ws/install/as2_motion_reference_handlers/lib:/opt/ros/humble/opt/rviz_ogre_vendor/lib:/opt/ros/humble/lib/x86_64-linux-gnu:/opt/ros/humble/lib PYTHONPATH=/root/aerostack2_ws/install/as2_keyboard_teleoperation/lib/python3.10/site-packages:/root/aerostack2_ws/install/as2_visualization/lib/python3.10/site-packages:/root/aerostack2_ws/install/as2_python_api/lib/python3.10/site-packages:/root/aerostack2_ws/install/as2_project_bringup/lib/python3.10/site-packages:/root/aerostack2_ws/install/rmf_demos_tasks/lib/python3.10/site-packages:/root/aerostack2_ws/install/rmf_demos_panel/lib/python3.10/site-packages:/root/aerostack2_ws/install/rmf_demos_fleet_adapter/lib/python3.10/site-packages:/root/aerostack2_ws/install/rmf_demos_bridges/lib/python3.10/site-packages:/root/aerostack2_ws/install/as2_perception/lib/python3.10/site-packages:/root/aerostack2_ws/install/as2_motion_reference_handlers/local/lib/python3.10/dist-packages:/root/aerostack2_ws/install/as2_gazebo_assets/local/lib/python3.10/dist-packages:/root/aerostack2_ws/install/as2_core/local/lib/python3.10/dist-packages:/root/aerostack2_ws/install/as2_msgs/local/lib/python3.10/dist-packages:/opt/ros/humble/lib/python3.10/site-packages:/opt/ros/humble/local/lib/python3.10/dist-packages /usr/bin/cmake --install /root/aerostack2_ws/build/aerostack2
[8.221s] Level 1:colcon.colcon_core.environment:checking '/root/aerostack2_ws/install/aerostack2' for CMake config files
[8.222s] Level 1:colcon.colcon_core.shell:create_environment_hook('aerostack2', 'cmake_prefix_path')
[8.222s] INFO:colcon.colcon_core.shell:Creating environment hook '/root/aerostack2_ws/install/aerostack2/share/aerostack2/hook/cmake_prefix_path.ps1'
[8.223s] INFO:colcon.colcon_core.shell:Creating environment descriptor '/root/aerostack2_ws/install/aerostack2/share/aerostack2/hook/cmake_prefix_path.dsv'
[8.224s] INFO:colcon.colcon_core.shell:Creating environment hook '/root/aerostack2_ws/install/aerostack2/share/aerostack2/hook/cmake_prefix_path.sh'
[8.224s] Level 1:colcon.colcon_core.environment:checking '/root/aerostack2_ws/install/aerostack2/bin'
[8.224s] Level 1:colcon.colcon_core.environment:checking '/root/aerostack2_ws/install/aerostack2/lib/pkgconfig/aerostack2.pc'
[8.225s] Level 1:colcon.colcon_core.environment:checking '/root/aerostack2_ws/install/aerostack2/lib/python3.10/site-packages'
[8.225s] Level 1:colcon.colcon_core.environment:checking '/root/aerostack2_ws/install/aerostack2/bin'
[8.225s] INFO:colcon.colcon_core.shell:Creating package script '/root/aerostack2_ws/install/aerostack2/share/aerostack2/package.ps1'
[8.226s] INFO:colcon.colcon_core.shell:Creating package descriptor '/root/aerostack2_ws/install/aerostack2/share/aerostack2/package.dsv'
[8.226s] INFO:colcon.colcon_core.shell:Creating package script '/root/aerostack2_ws/install/aerostack2/share/aerostack2/package.sh'
[8.226s] INFO:colcon.colcon_core.shell:Creating package script '/root/aerostack2_ws/install/aerostack2/share/aerostack2/package.bash'
[8.227s] INFO:colcon.colcon_core.shell:Creating package script '/root/aerostack2_ws/install/aerostack2/share/aerostack2/package.zsh'
[8.227s] Level 1:colcon.colcon_core.environment:create_file_with_runtime_dependencies(/root/aerostack2_ws/install/aerostack2/share/colcon-core/packages/aerostack2)
[8.228s] Level 1:colcon.colcon_core.environment:create_environment_scripts_only(aerostack2)
[8.228s] Level 1:colcon.colcon_core.environment:checking '/root/aerostack2_ws/install/aerostack2' for CMake module files
[8.228s] Level 1:colcon.colcon_core.environment:checking '/root/aerostack2_ws/install/aerostack2' for CMake config files
[8.229s] Level 1:colcon.colcon_core.shell:create_environment_hook('aerostack2', 'cmake_prefix_path')
[8.229s] INFO:colcon.colcon_core.shell:Creating environment hook '/root/aerostack2_ws/install/aerostack2/share/aerostack2/hook/cmake_prefix_path.ps1'
[8.229s] INFO:colcon.colcon_core.shell:Creating environment descriptor '/root/aerostack2_ws/install/aerostack2/share/aerostack2/hook/cmake_prefix_path.dsv'
[8.229s] INFO:colcon.colcon_core.shell:Creating environment hook '/root/aerostack2_ws/install/aerostack2/share/aerostack2/hook/cmake_prefix_path.sh'
[8.230s] Level 1:colcon.colcon_core.environment:checking '/root/aerostack2_ws/install/aerostack2/bin'
[8.230s] Level 1:colcon.colcon_core.environment:checking '/root/aerostack2_ws/install/aerostack2/lib/pkgconfig/aerostack2.pc'
[8.230s] Level 1:colcon.colcon_core.environment:checking '/root/aerostack2_ws/install/aerostack2/lib/python3.10/site-packages'
[8.231s] Level 1:colcon.colcon_core.environment:checking '/root/aerostack2_ws/install/aerostack2/bin'
[8.231s] INFO:colcon.colcon_core.shell:Creating package script '/root/aerostack2_ws/install/aerostack2/share/aerostack2/package.ps1'
[8.232s] INFO:colcon.colcon_core.shell:Creating package descriptor '/root/aerostack2_ws/install/aerostack2/share/aerostack2/package.dsv'
[8.232s] INFO:colcon.colcon_core.shell:Creating package script '/root/aerostack2_ws/install/aerostack2/share/aerostack2/package.sh'
[8.233s] INFO:colcon.colcon_core.shell:Creating package script '/root/aerostack2_ws/install/aerostack2/share/aerostack2/package.bash'
[8.233s] INFO:colcon.colcon_core.shell:Creating package script '/root/aerostack2_ws/install/aerostack2/share/aerostack2/package.zsh'
[8.233s] Level 1:colcon.colcon_core.environment:create_file_with_runtime_dependencies(/root/aerostack2_ws/install/aerostack2/share/colcon-core/packages/aerostack2)
[8.234s] DEBUG:colcon.colcon_parallel_executor.executor.parallel:closing loop
[8.234s] DEBUG:colcon.colcon_parallel_executor.executor.parallel:loop closed
[8.234s] DEBUG:colcon.colcon_parallel_executor.executor.parallel:run_until_complete finished with '0'
[8.234s] DEBUG:colcon.colcon_core.event_reactor:joining thread
[8.247s] INFO:colcon.colcon_core.plugin_system:Skipping extension 'colcon_notification.desktop_notification.notify_send': Could not find 'notify-send'
[8.247s] INFO:colcon.colcon_core.plugin_system:Skipping extension 'colcon_notification.desktop_notification.terminal_notifier': Not used on non-Darwin systems
[8.247s] INFO:colcon.colcon_core.plugin_system:Skipping extension 'colcon_notification.desktop_notification.win32': Not used on non-Windows systems
[8.247s] INFO:colcon.colcon_notification.desktop_notification:Sending desktop notification using 'notify2'
[8.251s] DEBUG:colcon.colcon_notification.desktop_notification.notify2:Failed to initialize notify2: org.freedesktop.DBus.Error.Spawn.ExecFailed: /usr/bin/dbus-launch terminated abnormally without any error message
[8.252s] DEBUG:colcon.colcon_core.event_reactor:joined thread
[8.253s] INFO:colcon.colcon_core.shell:Creating prefix script '/root/aerostack2_ws/install/local_setup.ps1'
[8.255s] INFO:colcon.colcon_core.shell:Creating prefix util module '/root/aerostack2_ws/install/_local_setup_util_ps1.py'
[8.258s] INFO:colcon.colcon_core.shell:Creating prefix chain script '/root/aerostack2_ws/install/setup.ps1'
[8.262s] INFO:colcon.colcon_core.shell:Creating prefix script '/root/aerostack2_ws/install/local_setup.sh'
[8.263s] INFO:colcon.colcon_core.shell:Creating prefix util module '/root/aerostack2_ws/install/_local_setup_util_sh.py'
[8.263s] INFO:colcon.colcon_core.shell:Creating prefix chain script '/root/aerostack2_ws/install/setup.sh'
[8.267s] INFO:colcon.colcon_core.shell:Creating prefix script '/root/aerostack2_ws/install/local_setup.bash'
[8.268s] INFO:colcon.colcon_core.shell:Creating prefix chain script '/root/aerostack2_ws/install/setup.bash'
[8.272s] INFO:colcon.colcon_core.shell:Creating prefix script '/root/aerostack2_ws/install/local_setup.zsh'
[8.273s] INFO:colcon.colcon_core.shell:Creating prefix chain script '/root/aerostack2_ws/install/setup.zsh'
