[0.239s] DEBUG:colcon:Command line arguments: ['/usr/bin/colcon', 'build']
[0.239s] DEBUG:colcon:Parsed command line arguments: Namespace(log_base=None, log_level=None, verb_name='build', build_base='build', install_base='install', merge_install=False, symlink_install=False, test_result_base=None, continue_on_error=False, executor='parallel', parallel_workers=8, event_handlers=None, ignore_user_meta=False, metas=['./colcon.meta'], base_paths=['.'], packages_ignore=None, packages_ignore_regex=None, paths=None, packages_up_to=None, packages_up_to_regex=None, packages_above=None, packages_above_and_dependencies=None, packages_above_depth=None, packages_select_by_dep=None, packages_skip_by_dep=None, packages_skip_up_to=None, packages_select_build_failed=False, packages_skip_build_finished=False, packages_select_test_failures=False, packages_skip_test_passed=False, packages_select=None, packages_skip=None, packages_select_regex=None, packages_skip_regex=None, packages_start=None, packages_end=None, cmake_args=None, cmake_target=None, cmake_target_skip_unavailable=False, cmake_clean_cache=False, cmake_clean_first=False, cmake_force_configure=False, ament_cmake_args=None, catkin_cmake_args=None, catkin_skip_building_tests=False, mixin_files=None, mixin=None, verb_parser=<colcon_mixin.mixin.mixin_argument.MixinArgumentDecorator object at 0x70dac08d4fa0>, verb_extension=<colcon_core.verb.build.BuildVerb object at 0x70dac085ada0>, main=<bound method BuildVerb.main of <colcon_core.verb.build.BuildVerb object at 0x70dac085ada0>>, mixin_verb=('build',))
[0.427s] Level 1:colcon.colcon_core.package_discovery:discover_packages(colcon_meta) check parameters
[0.428s] INFO:colcon.colcon_metadata.package_discovery.colcon_meta:Using configuration from '/root/.colcon/metadata/default/Gazebo.meta'
[0.428s] INFO:colcon.colcon_metadata.package_discovery.colcon_meta:Using configuration from '/root/.colcon/metadata/default/fastdds.meta'
[0.429s] INFO:colcon.colcon_metadata.package_discovery.colcon_meta:Using configuration from '/root/.colcon/metadata/default/fastrtps.meta'
[0.429s] Level 1:colcon.colcon_core.package_discovery:discover_packages(recursive) check parameters
[0.429s] Level 1:colcon.colcon_core.package_discovery:discover_packages(ignore) check parameters
[0.429s] Level 1:colcon.colcon_core.package_discovery:discover_packages(path) check parameters
[0.429s] Level 1:colcon.colcon_core.package_discovery:discover_packages(colcon_meta) discover
[0.429s] Level 1:colcon.colcon_core.package_discovery:discover_packages(recursive) discover
[0.429s] INFO:colcon.colcon_core.package_discovery:Crawling recursively for packages in '/root/aerostack2_ws'
[0.429s] Level 1:colcon.colcon_core.package_identification:_identify(.) by extensions ['ignore', 'ignore_ament_install']
[0.429s] Level 1:colcon.colcon_core.package_identification:_identify(.) by extension 'ignore'
[0.429s] Level 1:colcon.colcon_core.package_identification:_identify(.) by extension 'ignore_ament_install'
[0.429s] Level 1:colcon.colcon_core.package_identification:_identify(.) by extensions ['colcon_pkg']
[0.429s] Level 1:colcon.colcon_core.package_identification:_identify(.) by extension 'colcon_pkg'
[0.429s] Level 1:colcon.colcon_core.package_identification:_identify(.) by extensions ['colcon_meta']
[0.429s] Level 1:colcon.colcon_core.package_identification:_identify(.) by extension 'colcon_meta'
[0.429s] Level 1:colcon.colcon_core.package_identification:_identify(.) by extensions ['ros']
[0.429s] Level 1:colcon.colcon_core.package_identification:_identify(.) by extension 'ros'
[0.440s] Level 1:colcon.colcon_core.package_identification:_identify(.) by extensions ['cmake', 'python']
[0.440s] Level 1:colcon.colcon_core.package_identification:_identify(.) by extension 'cmake'
[0.441s] Level 1:colcon.colcon_core.package_identification:_identify(.) by extension 'python'
[0.441s] Level 1:colcon.colcon_core.package_identification:_identify(.) by extensions ['python_setup_py']
[0.441s] Level 1:colcon.colcon_core.package_identification:_identify(.) by extension 'python_setup_py'
[0.441s] Level 1:colcon.colcon_core.package_identification:_identify(build) by extensions ['ignore', 'ignore_ament_install']
[0.441s] Level 1:colcon.colcon_core.package_identification:_identify(build) by extension 'ignore'
[0.441s] Level 1:colcon.colcon_core.package_identification:_identify(build) ignored
[0.441s] Level 1:colcon.colcon_core.package_identification:_identify(install) by extensions ['ignore', 'ignore_ament_install']
[0.441s] Level 1:colcon.colcon_core.package_identification:_identify(install) by extension 'ignore'
[0.441s] Level 1:colcon.colcon_core.package_identification:_identify(install) ignored
[0.441s] Level 1:colcon.colcon_core.package_identification:_identify(log) by extensions ['ignore', 'ignore_ament_install']
[0.442s] Level 1:colcon.colcon_core.package_identification:_identify(log) by extension 'ignore'
[0.442s] Level 1:colcon.colcon_core.package_identification:_identify(log) ignored
[0.442s] Level 1:colcon.colcon_core.package_identification:_identify(src) by extensions ['ignore', 'ignore_ament_install']
[0.442s] Level 1:colcon.colcon_core.package_identification:_identify(src) by extension 'ignore'
[0.442s] Level 1:colcon.colcon_core.package_identification:_identify(src) by extension 'ignore_ament_install'
[0.442s] Level 1:colcon.colcon_core.package_identification:_identify(src) by extensions ['colcon_pkg']
[0.442s] Level 1:colcon.colcon_core.package_identification:_identify(src) by extension 'colcon_pkg'
[0.442s] Level 1:colcon.colcon_core.package_identification:_identify(src) by extensions ['colcon_meta']
[0.442s] Level 1:colcon.colcon_core.package_identification:_identify(src) by extension 'colcon_meta'
[0.442s] Level 1:colcon.colcon_core.package_identification:_identify(src) by extensions ['ros']
[0.442s] Level 1:colcon.colcon_core.package_identification:_identify(src) by extension 'ros'
[0.442s] Level 1:colcon.colcon_core.package_identification:_identify(src) by extensions ['cmake', 'python']
[0.442s] Level 1:colcon.colcon_core.package_identification:_identify(src) by extension 'cmake'
[0.442s] Level 1:colcon.colcon_core.package_identification:_identify(src) by extension 'python'
[0.442s] Level 1:colcon.colcon_core.package_identification:_identify(src) by extensions ['python_setup_py']
[0.442s] Level 1:colcon.colcon_core.package_identification:_identify(src) by extension 'python_setup_py'
[0.442s] Level 1:colcon.colcon_core.package_identification:_identify(src/aerostack2) by extensions ['ignore', 'ignore_ament_install']
[0.442s] Level 1:colcon.colcon_core.package_identification:_identify(src/aerostack2) by extension 'ignore'
[0.442s] Level 1:colcon.colcon_core.package_identification:_identify(src/aerostack2) by extension 'ignore_ament_install'
[0.442s] Level 1:colcon.colcon_core.package_identification:_identify(src/aerostack2) by extensions ['colcon_pkg']
[0.442s] Level 1:colcon.colcon_core.package_identification:_identify(src/aerostack2) by extension 'colcon_pkg'
[0.442s] Level 1:colcon.colcon_core.package_identification:_identify(src/aerostack2) by extensions ['colcon_meta']
[0.442s] Level 1:colcon.colcon_core.package_identification:_identify(src/aerostack2) by extension 'colcon_meta'
[0.443s] Level 1:colcon.colcon_core.package_identification:_identify(src/aerostack2) by extensions ['ros']
[0.443s] Level 1:colcon.colcon_core.package_identification:_identify(src/aerostack2) by extension 'ros'
[0.443s] Level 1:colcon.colcon_core.package_identification:_identify(src/aerostack2) by extensions ['cmake', 'python']
[0.443s] Level 1:colcon.colcon_core.package_identification:_identify(src/aerostack2) by extension 'cmake'
[0.443s] Level 1:colcon.colcon_core.package_identification:_identify(src/aerostack2) by extension 'python'
[0.443s] Level 1:colcon.colcon_core.package_identification:_identify(src/aerostack2) by extensions ['python_setup_py']
[0.443s] Level 1:colcon.colcon_core.package_identification:_identify(src/aerostack2) by extension 'python_setup_py'
[0.443s] Level 1:colcon.colcon_core.package_identification:_identify(src/aerostack2/aerostack2) by extensions ['ignore', 'ignore_ament_install']
[0.443s] Level 1:colcon.colcon_core.package_identification:_identify(src/aerostack2/aerostack2) by extension 'ignore'
[0.443s] Level 1:colcon.colcon_core.package_identification:_identify(src/aerostack2/aerostack2) by extension 'ignore_ament_install'
[0.443s] Level 1:colcon.colcon_core.package_identification:_identify(src/aerostack2/aerostack2) by extensions ['colcon_pkg']
[0.443s] Level 1:colcon.colcon_core.package_identification:_identify(src/aerostack2/aerostack2) by extension 'colcon_pkg'
[0.443s] Level 1:colcon.colcon_core.package_identification:_identify(src/aerostack2/aerostack2) by extensions ['colcon_meta']
[0.443s] Level 1:colcon.colcon_core.package_identification:_identify(src/aerostack2/aerostack2) by extension 'colcon_meta'
[0.443s] Level 1:colcon.colcon_core.package_identification:_identify(src/aerostack2/aerostack2) by extensions ['ros']
[0.443s] Level 1:colcon.colcon_core.package_identification:_identify(src/aerostack2/aerostack2) by extension 'ros'
[0.446s] DEBUG:colcon.colcon_core.package_identification:Package 'src/aerostack2/aerostack2' with type 'ros.ament_cmake' and name 'aerostack2'
[0.446s] Level 1:colcon.colcon_core.package_identification:_identify(src/aerostack2/as2_aerial_platforms) by extensions ['ignore', 'ignore_ament_install']
[0.446s] Level 1:colcon.colcon_core.package_identification:_identify(src/aerostack2/as2_aerial_platforms) by extension 'ignore'
[0.446s] Level 1:colcon.colcon_core.package_identification:_identify(src/aerostack2/as2_aerial_platforms) by extension 'ignore_ament_install'
[0.446s] Level 1:colcon.colcon_core.package_identification:_identify(src/aerostack2/as2_aerial_platforms) by extensions ['colcon_pkg']
[0.446s] Level 1:colcon.colcon_core.package_identification:_identify(src/aerostack2/as2_aerial_platforms) by extension 'colcon_pkg'
[0.446s] Level 1:colcon.colcon_core.package_identification:_identify(src/aerostack2/as2_aerial_platforms) by extensions ['colcon_meta']
[0.446s] Level 1:colcon.colcon_core.package_identification:_identify(src/aerostack2/as2_aerial_platforms) by extension 'colcon_meta'
[0.446s] Level 1:colcon.colcon_core.package_identification:_identify(src/aerostack2/as2_aerial_platforms) by extensions ['ros']
[0.446s] Level 1:colcon.colcon_core.package_identification:_identify(src/aerostack2/as2_aerial_platforms) by extension 'ros'
[0.446s] Level 1:colcon.colcon_core.package_identification:_identify(src/aerostack2/as2_aerial_platforms) by extensions ['cmake', 'python']
[0.446s] Level 1:colcon.colcon_core.package_identification:_identify(src/aerostack2/as2_aerial_platforms) by extension 'cmake'
[0.446s] Level 1:colcon.colcon_core.package_identification:_identify(src/aerostack2/as2_aerial_platforms) by extension 'python'
[0.446s] Level 1:colcon.colcon_core.package_identification:_identify(src/aerostack2/as2_aerial_platforms) by extensions ['python_setup_py']
[0.446s] Level 1:colcon.colcon_core.package_identification:_identify(src/aerostack2/as2_aerial_platforms) by extension 'python_setup_py'
[0.447s] Level 1:colcon.colcon_core.package_identification:_identify(src/aerostack2/as2_aerial_platforms/as2_platform_gazebo) by extensions ['ignore', 'ignore_ament_install']
[0.447s] Level 1:colcon.colcon_core.package_identification:_identify(src/aerostack2/as2_aerial_platforms/as2_platform_gazebo) by extension 'ignore'
[0.447s] Level 1:colcon.colcon_core.package_identification:_identify(src/aerostack2/as2_aerial_platforms/as2_platform_gazebo) by extension 'ignore_ament_install'
[0.447s] Level 1:colcon.colcon_core.package_identification:_identify(src/aerostack2/as2_aerial_platforms/as2_platform_gazebo) by extensions ['colcon_pkg']
[0.447s] Level 1:colcon.colcon_core.package_identification:_identify(src/aerostack2/as2_aerial_platforms/as2_platform_gazebo) by extension 'colcon_pkg'
[0.447s] Level 1:colcon.colcon_core.package_identification:_identify(src/aerostack2/as2_aerial_platforms/as2_platform_gazebo) by extensions ['colcon_meta']
[0.447s] Level 1:colcon.colcon_core.package_identification:_identify(src/aerostack2/as2_aerial_platforms/as2_platform_gazebo) by extension 'colcon_meta'
[0.447s] Level 1:colcon.colcon_core.package_identification:_identify(src/aerostack2/as2_aerial_platforms/as2_platform_gazebo) by extensions ['ros']
[0.447s] Level 1:colcon.colcon_core.package_identification:_identify(src/aerostack2/as2_aerial_platforms/as2_platform_gazebo) by extension 'ros'
[0.447s] DEBUG:colcon.colcon_core.package_identification:Package 'src/aerostack2/as2_aerial_platforms/as2_platform_gazebo' with type 'ros.ament_cmake' and name 'as2_platform_gazebo'
[0.447s] Level 1:colcon.colcon_core.package_identification:_identify(src/aerostack2/as2_aerial_platforms/as2_platform_multirotor_simulator) by extensions ['ignore', 'ignore_ament_install']
[0.448s] Level 1:colcon.colcon_core.package_identification:_identify(src/aerostack2/as2_aerial_platforms/as2_platform_multirotor_simulator) by extension 'ignore'
[0.448s] Level 1:colcon.colcon_core.package_identification:_identify(src/aerostack2/as2_aerial_platforms/as2_platform_multirotor_simulator) by extension 'ignore_ament_install'
[0.448s] Level 1:colcon.colcon_core.package_identification:_identify(src/aerostack2/as2_aerial_platforms/as2_platform_multirotor_simulator) by extensions ['colcon_pkg']
[0.448s] Level 1:colcon.colcon_core.package_identification:_identify(src/aerostack2/as2_aerial_platforms/as2_platform_multirotor_simulator) by extension 'colcon_pkg'
[0.448s] Level 1:colcon.colcon_core.package_identification:_identify(src/aerostack2/as2_aerial_platforms/as2_platform_multirotor_simulator) by extensions ['colcon_meta']
[0.448s] Level 1:colcon.colcon_core.package_identification:_identify(src/aerostack2/as2_aerial_platforms/as2_platform_multirotor_simulator) by extension 'colcon_meta'
[0.448s] Level 1:colcon.colcon_core.package_identification:_identify(src/aerostack2/as2_aerial_platforms/as2_platform_multirotor_simulator) by extensions ['ros']
[0.448s] Level 1:colcon.colcon_core.package_identification:_identify(src/aerostack2/as2_aerial_platforms/as2_platform_multirotor_simulator) by extension 'ros'
[0.449s] DEBUG:colcon.colcon_core.package_identification:Package 'src/aerostack2/as2_aerial_platforms/as2_platform_multirotor_simulator' with type 'ros.ament_cmake' and name 'as2_platform_multirotor_simulator'
[0.449s] Level 1:colcon.colcon_core.package_identification:_identify(src/aerostack2/as2_behavior_tree) by extensions ['ignore', 'ignore_ament_install']
[0.449s] Level 1:colcon.colcon_core.package_identification:_identify(src/aerostack2/as2_behavior_tree) by extension 'ignore'
[0.449s] Level 1:colcon.colcon_core.package_identification:_identify(src/aerostack2/as2_behavior_tree) by extension 'ignore_ament_install'
[0.449s] Level 1:colcon.colcon_core.package_identification:_identify(src/aerostack2/as2_behavior_tree) by extensions ['colcon_pkg']
[0.449s] Level 1:colcon.colcon_core.package_identification:_identify(src/aerostack2/as2_behavior_tree) by extension 'colcon_pkg'
[0.450s] Level 1:colcon.colcon_core.package_identification:_identify(src/aerostack2/as2_behavior_tree) by extensions ['colcon_meta']
[0.450s] Level 1:colcon.colcon_core.package_identification:_identify(src/aerostack2/as2_behavior_tree) by extension 'colcon_meta'
[0.450s] Level 1:colcon.colcon_core.package_identification:_identify(src/aerostack2/as2_behavior_tree) by extensions ['ros']
[0.450s] Level 1:colcon.colcon_core.package_identification:_identify(src/aerostack2/as2_behavior_tree) by extension 'ros'
[0.450s] DEBUG:colcon.colcon_core.package_identification:Package 'src/aerostack2/as2_behavior_tree' with type 'ros.ament_cmake' and name 'as2_behavior_tree'
[0.451s] Level 1:colcon.colcon_core.package_identification:_identify(src/aerostack2/as2_behaviors) by extensions ['ignore', 'ignore_ament_install']
[0.451s] Level 1:colcon.colcon_core.package_identification:_identify(src/aerostack2/as2_behaviors) by extension 'ignore'
[0.451s] Level 1:colcon.colcon_core.package_identification:_identify(src/aerostack2/as2_behaviors) by extension 'ignore_ament_install'
[0.451s] Level 1:colcon.colcon_core.package_identification:_identify(src/aerostack2/as2_behaviors) by extensions ['colcon_pkg']
[0.451s] Level 1:colcon.colcon_core.package_identification:_identify(src/aerostack2/as2_behaviors) by extension 'colcon_pkg'
[0.451s] Level 1:colcon.colcon_core.package_identification:_identify(src/aerostack2/as2_behaviors) by extensions ['colcon_meta']
[0.451s] Level 1:colcon.colcon_core.package_identification:_identify(src/aerostack2/as2_behaviors) by extension 'colcon_meta'
[0.451s] Level 1:colcon.colcon_core.package_identification:_identify(src/aerostack2/as2_behaviors) by extensions ['ros']
[0.451s] Level 1:colcon.colcon_core.package_identification:_identify(src/aerostack2/as2_behaviors) by extension 'ros'
[0.451s] Level 1:colcon.colcon_core.package_identification:_identify(src/aerostack2/as2_behaviors) by extensions ['cmake', 'python']
[0.451s] Level 1:colcon.colcon_core.package_identification:_identify(src/aerostack2/as2_behaviors) by extension 'cmake'
[0.451s] Level 1:colcon.colcon_core.package_identification:_identify(src/aerostack2/as2_behaviors) by extension 'python'
[0.451s] Level 1:colcon.colcon_core.package_identification:_identify(src/aerostack2/as2_behaviors) by extensions ['python_setup_py']
[0.451s] Level 1:colcon.colcon_core.package_identification:_identify(src/aerostack2/as2_behaviors) by extension 'python_setup_py'
[0.451s] Level 1:colcon.colcon_core.package_identification:_identify(src/aerostack2/as2_behaviors/as2_behavior) by extensions ['ignore', 'ignore_ament_install']
[0.451s] Level 1:colcon.colcon_core.package_identification:_identify(src/aerostack2/as2_behaviors/as2_behavior) by extension 'ignore'
[0.451s] Level 1:colcon.colcon_core.package_identification:_identify(src/aerostack2/as2_behaviors/as2_behavior) by extension 'ignore_ament_install'
[0.451s] Level 1:colcon.colcon_core.package_identification:_identify(src/aerostack2/as2_behaviors/as2_behavior) by extensions ['colcon_pkg']
[0.451s] Level 1:colcon.colcon_core.package_identification:_identify(src/aerostack2/as2_behaviors/as2_behavior) by extension 'colcon_pkg'
[0.451s] Level 1:colcon.colcon_core.package_identification:_identify(src/aerostack2/as2_behaviors/as2_behavior) by extensions ['colcon_meta']
[0.451s] Level 1:colcon.colcon_core.package_identification:_identify(src/aerostack2/as2_behaviors/as2_behavior) by extension 'colcon_meta'
[0.451s] Level 1:colcon.colcon_core.package_identification:_identify(src/aerostack2/as2_behaviors/as2_behavior) by extensions ['ros']
[0.451s] Level 1:colcon.colcon_core.package_identification:_identify(src/aerostack2/as2_behaviors/as2_behavior) by extension 'ros'
[0.452s] DEBUG:colcon.colcon_core.package_identification:Package 'src/aerostack2/as2_behaviors/as2_behavior' with type 'ros.ament_cmake' and name 'as2_behavior'
[0.452s] Level 1:colcon.colcon_core.package_identification:_identify(src/aerostack2/as2_behaviors/as2_behaviors_motion) by extensions ['ignore', 'ignore_ament_install']
[0.452s] Level 1:colcon.colcon_core.package_identification:_identify(src/aerostack2/as2_behaviors/as2_behaviors_motion) by extension 'ignore'
[0.452s] Level 1:colcon.colcon_core.package_identification:_identify(src/aerostack2/as2_behaviors/as2_behaviors_motion) by extension 'ignore_ament_install'
[0.452s] Level 1:colcon.colcon_core.package_identification:_identify(src/aerostack2/as2_behaviors/as2_behaviors_motion) by extensions ['colcon_pkg']
[0.452s] Level 1:colcon.colcon_core.package_identification:_identify(src/aerostack2/as2_behaviors/as2_behaviors_motion) by extension 'colcon_pkg'
[0.452s] Level 1:colcon.colcon_core.package_identification:_identify(src/aerostack2/as2_behaviors/as2_behaviors_motion) by extensions ['colcon_meta']
[0.452s] Level 1:colcon.colcon_core.package_identification:_identify(src/aerostack2/as2_behaviors/as2_behaviors_motion) by extension 'colcon_meta'
[0.452s] Level 1:colcon.colcon_core.package_identification:_identify(src/aerostack2/as2_behaviors/as2_behaviors_motion) by extensions ['ros']
[0.452s] Level 1:colcon.colcon_core.package_identification:_identify(src/aerostack2/as2_behaviors/as2_behaviors_motion) by extension 'ros'
[0.453s] DEBUG:colcon.colcon_core.package_identification:Package 'src/aerostack2/as2_behaviors/as2_behaviors_motion' with type 'ros.ament_cmake' and name 'as2_behaviors_motion'
[0.453s] Level 1:colcon.colcon_core.package_identification:_identify(src/aerostack2/as2_behaviors/as2_behaviors_path_planning) by extensions ['ignore', 'ignore_ament_install']
[0.453s] Level 1:colcon.colcon_core.package_identification:_identify(src/aerostack2/as2_behaviors/as2_behaviors_path_planning) by extension 'ignore'
[0.453s] Level 1:colcon.colcon_core.package_identification:_identify(src/aerostack2/as2_behaviors/as2_behaviors_path_planning) by extension 'ignore_ament_install'
[0.453s] Level 1:colcon.colcon_core.package_identification:_identify(src/aerostack2/as2_behaviors/as2_behaviors_path_planning) by extensions ['colcon_pkg']
[0.453s] Level 1:colcon.colcon_core.package_identification:_identify(src/aerostack2/as2_behaviors/as2_behaviors_path_planning) by extension 'colcon_pkg'
[0.453s] Level 1:colcon.colcon_core.package_identification:_identify(src/aerostack2/as2_behaviors/as2_behaviors_path_planning) by extensions ['colcon_meta']
[0.453s] Level 1:colcon.colcon_core.package_identification:_identify(src/aerostack2/as2_behaviors/as2_behaviors_path_planning) by extension 'colcon_meta'
[0.453s] Level 1:colcon.colcon_core.package_identification:_identify(src/aerostack2/as2_behaviors/as2_behaviors_path_planning) by extensions ['ros']
[0.453s] Level 1:colcon.colcon_core.package_identification:_identify(src/aerostack2/as2_behaviors/as2_behaviors_path_planning) by extension 'ros'
[0.454s] DEBUG:colcon.colcon_core.package_identification:Package 'src/aerostack2/as2_behaviors/as2_behaviors_path_planning' with type 'ros.ament_cmake' and name 'as2_behaviors_path_planning'
[0.454s] Level 1:colcon.colcon_core.package_identification:_identify(src/aerostack2/as2_behaviors/as2_behaviors_perception) by extensions ['ignore', 'ignore_ament_install']
[0.454s] Level 1:colcon.colcon_core.package_identification:_identify(src/aerostack2/as2_behaviors/as2_behaviors_perception) by extension 'ignore'
[0.454s] Level 1:colcon.colcon_core.package_identification:_identify(src/aerostack2/as2_behaviors/as2_behaviors_perception) by extension 'ignore_ament_install'
[0.454s] Level 1:colcon.colcon_core.package_identification:_identify(src/aerostack2/as2_behaviors/as2_behaviors_perception) by extensions ['colcon_pkg']
[0.454s] Level 1:colcon.colcon_core.package_identification:_identify(src/aerostack2/as2_behaviors/as2_behaviors_perception) by extension 'colcon_pkg'
[0.454s] Level 1:colcon.colcon_core.package_identification:_identify(src/aerostack2/as2_behaviors/as2_behaviors_perception) by extensions ['colcon_meta']
[0.454s] Level 1:colcon.colcon_core.package_identification:_identify(src/aerostack2/as2_behaviors/as2_behaviors_perception) by extension 'colcon_meta'
[0.454s] Level 1:colcon.colcon_core.package_identification:_identify(src/aerostack2/as2_behaviors/as2_behaviors_perception) by extensions ['ros']
[0.454s] Level 1:colcon.colcon_core.package_identification:_identify(src/aerostack2/as2_behaviors/as2_behaviors_perception) by extension 'ros'
[0.455s] DEBUG:colcon.colcon_core.package_identification:Package 'src/aerostack2/as2_behaviors/as2_behaviors_perception' with type 'ros.ament_cmake' and name 'as2_behaviors_perception'
[0.455s] Level 1:colcon.colcon_core.package_identification:_identify(src/aerostack2/as2_behaviors/as2_behaviors_platform) by extensions ['ignore', 'ignore_ament_install']
[0.455s] Level 1:colcon.colcon_core.package_identification:_identify(src/aerostack2/as2_behaviors/as2_behaviors_platform) by extension 'ignore'
[0.455s] Level 1:colcon.colcon_core.package_identification:_identify(src/aerostack2/as2_behaviors/as2_behaviors_platform) by extension 'ignore_ament_install'
[0.455s] Level 1:colcon.colcon_core.package_identification:_identify(src/aerostack2/as2_behaviors/as2_behaviors_platform) by extensions ['colcon_pkg']
[0.455s] Level 1:colcon.colcon_core.package_identification:_identify(src/aerostack2/as2_behaviors/as2_behaviors_platform) by extension 'colcon_pkg'
[0.455s] Level 1:colcon.colcon_core.package_identification:_identify(src/aerostack2/as2_behaviors/as2_behaviors_platform) by extensions ['colcon_meta']
[0.455s] Level 1:colcon.colcon_core.package_identification:_identify(src/aerostack2/as2_behaviors/as2_behaviors_platform) by extension 'colcon_meta'
[0.455s] Level 1:colcon.colcon_core.package_identification:_identify(src/aerostack2/as2_behaviors/as2_behaviors_platform) by extensions ['ros']
[0.455s] Level 1:colcon.colcon_core.package_identification:_identify(src/aerostack2/as2_behaviors/as2_behaviors_platform) by extension 'ros'
[0.456s] DEBUG:colcon.colcon_core.package_identification:Package 'src/aerostack2/as2_behaviors/as2_behaviors_platform' with type 'ros.ament_cmake' and name 'as2_behaviors_platform'
[0.456s] Level 1:colcon.colcon_core.package_identification:_identify(src/aerostack2/as2_behaviors/as2_behaviors_swarm_flocking) by extensions ['ignore', 'ignore_ament_install']
[0.456s] Level 1:colcon.colcon_core.package_identification:_identify(src/aerostack2/as2_behaviors/as2_behaviors_swarm_flocking) by extension 'ignore'
[0.456s] Level 1:colcon.colcon_core.package_identification:_identify(src/aerostack2/as2_behaviors/as2_behaviors_swarm_flocking) by extension 'ignore_ament_install'
[0.456s] Level 1:colcon.colcon_core.package_identification:_identify(src/aerostack2/as2_behaviors/as2_behaviors_swarm_flocking) by extensions ['colcon_pkg']
[0.456s] Level 1:colcon.colcon_core.package_identification:_identify(src/aerostack2/as2_behaviors/as2_behaviors_swarm_flocking) by extension 'colcon_pkg'
[0.456s] Level 1:colcon.colcon_core.package_identification:_identify(src/aerostack2/as2_behaviors/as2_behaviors_swarm_flocking) by extensions ['colcon_meta']
[0.456s] Level 1:colcon.colcon_core.package_identification:_identify(src/aerostack2/as2_behaviors/as2_behaviors_swarm_flocking) by extension 'colcon_meta'
[0.456s] Level 1:colcon.colcon_core.package_identification:_identify(src/aerostack2/as2_behaviors/as2_behaviors_swarm_flocking) by extensions ['ros']
[0.456s] Level 1:colcon.colcon_core.package_identification:_identify(src/aerostack2/as2_behaviors/as2_behaviors_swarm_flocking) by extension 'ros'
[0.458s] DEBUG:colcon.colcon_core.package_identification:Package 'src/aerostack2/as2_behaviors/as2_behaviors_swarm_flocking' with type 'ros.ament_cmake' and name 'as2_behaviors_swarm_flocking'
[0.458s] Level 1:colcon.colcon_core.package_identification:_identify(src/aerostack2/as2_behaviors/as2_behaviors_trajectory_generation) by extensions ['ignore', 'ignore_ament_install']
[0.458s] Level 1:colcon.colcon_core.package_identification:_identify(src/aerostack2/as2_behaviors/as2_behaviors_trajectory_generation) by extension 'ignore'
[0.458s] Level 1:colcon.colcon_core.package_identification:_identify(src/aerostack2/as2_behaviors/as2_behaviors_trajectory_generation) by extension 'ignore_ament_install'
[0.458s] Level 1:colcon.colcon_core.package_identification:_identify(src/aerostack2/as2_behaviors/as2_behaviors_trajectory_generation) by extensions ['colcon_pkg']
[0.458s] Level 1:colcon.colcon_core.package_identification:_identify(src/aerostack2/as2_behaviors/as2_behaviors_trajectory_generation) by extension 'colcon_pkg'
[0.458s] Level 1:colcon.colcon_core.package_identification:_identify(src/aerostack2/as2_behaviors/as2_behaviors_trajectory_generation) by extensions ['colcon_meta']
[0.458s] Level 1:colcon.colcon_core.package_identification:_identify(src/aerostack2/as2_behaviors/as2_behaviors_trajectory_generation) by extension 'colcon_meta'
[0.458s] Level 1:colcon.colcon_core.package_identification:_identify(src/aerostack2/as2_behaviors/as2_behaviors_trajectory_generation) by extensions ['ros']
[0.458s] Level 1:colcon.colcon_core.package_identification:_identify(src/aerostack2/as2_behaviors/as2_behaviors_trajectory_generation) by extension 'ros'
[0.459s] DEBUG:colcon.colcon_core.package_identification:Package 'src/aerostack2/as2_behaviors/as2_behaviors_trajectory_generation' with type 'ros.ament_cmake' and name 'as2_behaviors_trajectory_generation'
[0.459s] Level 1:colcon.colcon_core.package_identification:_identify(src/aerostack2/as2_cli) by extensions ['ignore', 'ignore_ament_install']
[0.459s] Level 1:colcon.colcon_core.package_identification:_identify(src/aerostack2/as2_cli) by extension 'ignore'
[0.459s] Level 1:colcon.colcon_core.package_identification:_identify(src/aerostack2/as2_cli) by extension 'ignore_ament_install'
[0.459s] Level 1:colcon.colcon_core.package_identification:_identify(src/aerostack2/as2_cli) by extensions ['colcon_pkg']
[0.459s] Level 1:colcon.colcon_core.package_identification:_identify(src/aerostack2/as2_cli) by extension 'colcon_pkg'
[0.459s] Level 1:colcon.colcon_core.package_identification:_identify(src/aerostack2/as2_cli) by extensions ['colcon_meta']
[0.459s] Level 1:colcon.colcon_core.package_identification:_identify(src/aerostack2/as2_cli) by extension 'colcon_meta'
[0.459s] Level 1:colcon.colcon_core.package_identification:_identify(src/aerostack2/as2_cli) by extensions ['ros']
[0.459s] Level 1:colcon.colcon_core.package_identification:_identify(src/aerostack2/as2_cli) by extension 'ros'
[0.459s] DEBUG:colcon.colcon_core.package_identification:Package 'src/aerostack2/as2_cli' with type 'ros.ament_cmake' and name 'as2_cli'
[0.460s] Level 1:colcon.colcon_core.package_identification:_identify(src/aerostack2/as2_core) by extensions ['ignore', 'ignore_ament_install']
[0.460s] Level 1:colcon.colcon_core.package_identification:_identify(src/aerostack2/as2_core) by extension 'ignore'
[0.460s] Level 1:colcon.colcon_core.package_identification:_identify(src/aerostack2/as2_core) by extension 'ignore_ament_install'
[0.460s] Level 1:colcon.colcon_core.package_identification:_identify(src/aerostack2/as2_core) by extensions ['colcon_pkg']
[0.460s] Level 1:colcon.colcon_core.package_identification:_identify(src/aerostack2/as2_core) by extension 'colcon_pkg'
[0.460s] Level 1:colcon.colcon_core.package_identification:_identify(src/aerostack2/as2_core) by extensions ['colcon_meta']
[0.460s] Level 1:colcon.colcon_core.package_identification:_identify(src/aerostack2/as2_core) by extension 'colcon_meta'
[0.460s] Level 1:colcon.colcon_core.package_identification:_identify(src/aerostack2/as2_core) by extensions ['ros']
[0.460s] Level 1:colcon.colcon_core.package_identification:_identify(src/aerostack2/as2_core) by extension 'ros'
[0.472s] DEBUG:colcon.colcon_core.package_identification:Package 'src/aerostack2/as2_core' with type 'ros.ament_cmake' and name 'as2_core'
[0.472s] Level 1:colcon.colcon_core.package_identification:_identify(src/aerostack2/as2_groundray_perception) by extensions ['ignore', 'ignore_ament_install']
[0.472s] Level 1:colcon.colcon_core.package_identification:_identify(src/aerostack2/as2_groundray_perception) by extension 'ignore'
[0.472s] Level 1:colcon.colcon_core.package_identification:_identify(src/aerostack2/as2_groundray_perception) by extension 'ignore_ament_install'
[0.472s] Level 1:colcon.colcon_core.package_identification:_identify(src/aerostack2/as2_groundray_perception) by extensions ['colcon_pkg']
[0.472s] Level 1:colcon.colcon_core.package_identification:_identify(src/aerostack2/as2_groundray_perception) by extension 'colcon_pkg'
[0.472s] Level 1:colcon.colcon_core.package_identification:_identify(src/aerostack2/as2_groundray_perception) by extensions ['colcon_meta']
[0.472s] Level 1:colcon.colcon_core.package_identification:_identify(src/aerostack2/as2_groundray_perception) by extension 'colcon_meta'
[0.472s] Level 1:colcon.colcon_core.package_identification:_identify(src/aerostack2/as2_groundray_perception) by extensions ['ros']
[0.472s] Level 1:colcon.colcon_core.package_identification:_identify(src/aerostack2/as2_groundray_perception) by extension 'ros'
[0.473s] DEBUG:colcon.colcon_core.package_identification:Package 'src/aerostack2/as2_groundray_perception' with type 'ros.ament_python' and name 'as2_groundray_perception'
[0.473s] Level 1:colcon.colcon_core.package_identification:_identify(src/aerostack2/as2_hardware_drivers) by extensions ['ignore', 'ignore_ament_install']
[0.473s] Level 1:colcon.colcon_core.package_identification:_identify(src/aerostack2/as2_hardware_drivers) by extension 'ignore'
[0.473s] Level 1:colcon.colcon_core.package_identification:_identify(src/aerostack2/as2_hardware_drivers) by extension 'ignore_ament_install'
[0.473s] Level 1:colcon.colcon_core.package_identification:_identify(src/aerostack2/as2_hardware_drivers) by extensions ['colcon_pkg']
[0.473s] Level 1:colcon.colcon_core.package_identification:_identify(src/aerostack2/as2_hardware_drivers) by extension 'colcon_pkg'
[0.473s] Level 1:colcon.colcon_core.package_identification:_identify(src/aerostack2/as2_hardware_drivers) by extensions ['colcon_meta']
[0.473s] Level 1:colcon.colcon_core.package_identification:_identify(src/aerostack2/as2_hardware_drivers) by extension 'colcon_meta'
[0.473s] Level 1:colcon.colcon_core.package_identification:_identify(src/aerostack2/as2_hardware_drivers) by extensions ['ros']
[0.473s] Level 1:colcon.colcon_core.package_identification:_identify(src/aerostack2/as2_hardware_drivers) by extension 'ros'
[0.473s] Level 1:colcon.colcon_core.package_identification:_identify(src/aerostack2/as2_hardware_drivers) by extensions ['cmake', 'python']
[0.473s] Level 1:colcon.colcon_core.package_identification:_identify(src/aerostack2/as2_hardware_drivers) by extension 'cmake'
[0.473s] Level 1:colcon.colcon_core.package_identification:_identify(src/aerostack2/as2_hardware_drivers) by extension 'python'
[0.473s] Level 1:colcon.colcon_core.package_identification:_identify(src/aerostack2/as2_hardware_drivers) by extensions ['python_setup_py']
[0.473s] Level 1:colcon.colcon_core.package_identification:_identify(src/aerostack2/as2_hardware_drivers) by extension 'python_setup_py'
[0.473s] Level 1:colcon.colcon_core.package_identification:_identify(src/aerostack2/as2_hardware_drivers/as2_realsense_interface) by extensions ['ignore', 'ignore_ament_install']
[0.473s] Level 1:colcon.colcon_core.package_identification:_identify(src/aerostack2/as2_hardware_drivers/as2_realsense_interface) by extension 'ignore'
[0.473s] Level 1:colcon.colcon_core.package_identification:_identify(src/aerostack2/as2_hardware_drivers/as2_realsense_interface) by extension 'ignore_ament_install'
[0.473s] Level 1:colcon.colcon_core.package_identification:_identify(src/aerostack2/as2_hardware_drivers/as2_realsense_interface) by extensions ['colcon_pkg']
[0.473s] Level 1:colcon.colcon_core.package_identification:_identify(src/aerostack2/as2_hardware_drivers/as2_realsense_interface) by extension 'colcon_pkg'
[0.473s] Level 1:colcon.colcon_core.package_identification:_identify(src/aerostack2/as2_hardware_drivers/as2_realsense_interface) by extensions ['colcon_meta']
[0.473s] Level 1:colcon.colcon_core.package_identification:_identify(src/aerostack2/as2_hardware_drivers/as2_realsense_interface) by extension 'colcon_meta'
[0.473s] Level 1:colcon.colcon_core.package_identification:_identify(src/aerostack2/as2_hardware_drivers/as2_realsense_interface) by extensions ['ros']
[0.473s] Level 1:colcon.colcon_core.package_identification:_identify(src/aerostack2/as2_hardware_drivers/as2_realsense_interface) by extension 'ros'
[0.474s] DEBUG:colcon.colcon_core.package_identification:Package 'src/aerostack2/as2_hardware_drivers/as2_realsense_interface' with type 'ros.ament_cmake' and name 'as2_realsense_interface'
[0.474s] Level 1:colcon.colcon_core.package_identification:_identify(src/aerostack2/as2_hardware_drivers/as2_usb_camera_interface) by extensions ['ignore', 'ignore_ament_install']
[0.474s] Level 1:colcon.colcon_core.package_identification:_identify(src/aerostack2/as2_hardware_drivers/as2_usb_camera_interface) by extension 'ignore'
[0.474s] Level 1:colcon.colcon_core.package_identification:_identify(src/aerostack2/as2_hardware_drivers/as2_usb_camera_interface) by extension 'ignore_ament_install'
[0.474s] Level 1:colcon.colcon_core.package_identification:_identify(src/aerostack2/as2_hardware_drivers/as2_usb_camera_interface) by extensions ['colcon_pkg']
[0.474s] Level 1:colcon.colcon_core.package_identification:_identify(src/aerostack2/as2_hardware_drivers/as2_usb_camera_interface) by extension 'colcon_pkg'
[0.474s] Level 1:colcon.colcon_core.package_identification:_identify(src/aerostack2/as2_hardware_drivers/as2_usb_camera_interface) by extensions ['colcon_meta']
[0.474s] Level 1:colcon.colcon_core.package_identification:_identify(src/aerostack2/as2_hardware_drivers/as2_usb_camera_interface) by extension 'colcon_meta'
[0.474s] Level 1:colcon.colcon_core.package_identification:_identify(src/aerostack2/as2_hardware_drivers/as2_usb_camera_interface) by extensions ['ros']
[0.474s] Level 1:colcon.colcon_core.package_identification:_identify(src/aerostack2/as2_hardware_drivers/as2_usb_camera_interface) by extension 'ros'
[0.475s] DEBUG:colcon.colcon_core.package_identification:Package 'src/aerostack2/as2_hardware_drivers/as2_usb_camera_interface' with type 'ros.ament_cmake' and name 'as2_usb_camera_interface'
[0.475s] Level 1:colcon.colcon_core.package_identification:_identify(src/aerostack2/as2_map_server) by extensions ['ignore', 'ignore_ament_install']
[0.475s] Level 1:colcon.colcon_core.package_identification:_identify(src/aerostack2/as2_map_server) by extension 'ignore'
[0.475s] Level 1:colcon.colcon_core.package_identification:_identify(src/aerostack2/as2_map_server) by extension 'ignore_ament_install'
[0.475s] Level 1:colcon.colcon_core.package_identification:_identify(src/aerostack2/as2_map_server) by extensions ['colcon_pkg']
[0.475s] Level 1:colcon.colcon_core.package_identification:_identify(src/aerostack2/as2_map_server) by extension 'colcon_pkg'
[0.475s] Level 1:colcon.colcon_core.package_identification:_identify(src/aerostack2/as2_map_server) by extensions ['colcon_meta']
[0.475s] Level 1:colcon.colcon_core.package_identification:_identify(src/aerostack2/as2_map_server) by extension 'colcon_meta'
[0.475s] Level 1:colcon.colcon_core.package_identification:_identify(src/aerostack2/as2_map_server) by extensions ['ros']
[0.475s] Level 1:colcon.colcon_core.package_identification:_identify(src/aerostack2/as2_map_server) by extension 'ros'
[0.476s] DEBUG:colcon.colcon_core.package_identification:Package 'src/aerostack2/as2_map_server' with type 'ros.ament_cmake' and name 'as2_map_server'
[0.476s] Level 1:colcon.colcon_core.package_identification:_identify(src/aerostack2/as2_motion_controller) by extensions ['ignore', 'ignore_ament_install']
[0.476s] Level 1:colcon.colcon_core.package_identification:_identify(src/aerostack2/as2_motion_controller) by extension 'ignore'
[0.476s] Level 1:colcon.colcon_core.package_identification:_identify(src/aerostack2/as2_motion_controller) by extension 'ignore_ament_install'
[0.476s] Level 1:colcon.colcon_core.package_identification:_identify(src/aerostack2/as2_motion_controller) by extensions ['colcon_pkg']
[0.476s] Level 1:colcon.colcon_core.package_identification:_identify(src/aerostack2/as2_motion_controller) by extension 'colcon_pkg'
[0.476s] Level 1:colcon.colcon_core.package_identification:_identify(src/aerostack2/as2_motion_controller) by extensions ['colcon_meta']
[0.476s] Level 1:colcon.colcon_core.package_identification:_identify(src/aerostack2/as2_motion_controller) by extension 'colcon_meta'
[0.476s] Level 1:colcon.colcon_core.package_identification:_identify(src/aerostack2/as2_motion_controller) by extensions ['ros']
[0.476s] Level 1:colcon.colcon_core.package_identification:_identify(src/aerostack2/as2_motion_controller) by extension 'ros'
[0.477s] DEBUG:colcon.colcon_core.package_identification:Package 'src/aerostack2/as2_motion_controller' with type 'ros.ament_cmake' and name 'as2_motion_controller'
[0.477s] Level 1:colcon.colcon_core.package_identification:_identify(src/aerostack2/as2_motion_reference_handlers) by extensions ['ignore', 'ignore_ament_install']
[0.477s] Level 1:colcon.colcon_core.package_identification:_identify(src/aerostack2/as2_motion_reference_handlers) by extension 'ignore'
[0.477s] Level 1:colcon.colcon_core.package_identification:_identify(src/aerostack2/as2_motion_reference_handlers) by extension 'ignore_ament_install'
[0.477s] Level 1:colcon.colcon_core.package_identification:_identify(src/aerostack2/as2_motion_reference_handlers) by extensions ['colcon_pkg']
[0.477s] Level 1:colcon.colcon_core.package_identification:_identify(src/aerostack2/as2_motion_reference_handlers) by extension 'colcon_pkg'
[0.477s] Level 1:colcon.colcon_core.package_identification:_identify(src/aerostack2/as2_motion_reference_handlers) by extensions ['colcon_meta']
[0.477s] Level 1:colcon.colcon_core.package_identification:_identify(src/aerostack2/as2_motion_reference_handlers) by extension 'colcon_meta'
[0.477s] Level 1:colcon.colcon_core.package_identification:_identify(src/aerostack2/as2_motion_reference_handlers) by extensions ['ros']
[0.477s] Level 1:colcon.colcon_core.package_identification:_identify(src/aerostack2/as2_motion_reference_handlers) by extension 'ros'
[0.478s] DEBUG:colcon.colcon_core.package_identification:Package 'src/aerostack2/as2_motion_reference_handlers' with type 'ros.ament_cmake' and name 'as2_motion_reference_handlers'
[0.478s] Level 1:colcon.colcon_core.package_identification:_identify(src/aerostack2/as2_msgs) by extensions ['ignore', 'ignore_ament_install']
[0.478s] Level 1:colcon.colcon_core.package_identification:_identify(src/aerostack2/as2_msgs) by extension 'ignore'
[0.478s] Level 1:colcon.colcon_core.package_identification:_identify(src/aerostack2/as2_msgs) by extension 'ignore_ament_install'
[0.478s] Level 1:colcon.colcon_core.package_identification:_identify(src/aerostack2/as2_msgs) by extensions ['colcon_pkg']
[0.478s] Level 1:colcon.colcon_core.package_identification:_identify(src/aerostack2/as2_msgs) by extension 'colcon_pkg'
[0.478s] Level 1:colcon.colcon_core.package_identification:_identify(src/aerostack2/as2_msgs) by extensions ['colcon_meta']
[0.478s] Level 1:colcon.colcon_core.package_identification:_identify(src/aerostack2/as2_msgs) by extension 'colcon_meta'
[0.478s] Level 1:colcon.colcon_core.package_identification:_identify(src/aerostack2/as2_msgs) by extensions ['ros']
[0.478s] Level 1:colcon.colcon_core.package_identification:_identify(src/aerostack2/as2_msgs) by extension 'ros'
[0.479s] DEBUG:colcon.colcon_core.package_identification:Package 'src/aerostack2/as2_msgs' with type 'ros.ament_cmake' and name 'as2_msgs'
[0.479s] Level 1:colcon.colcon_core.package_identification:_identify(src/aerostack2/as2_perception) by extensions ['ignore', 'ignore_ament_install']
[0.479s] Level 1:colcon.colcon_core.package_identification:_identify(src/aerostack2/as2_perception) by extension 'ignore'
[0.479s] Level 1:colcon.colcon_core.package_identification:_identify(src/aerostack2/as2_perception) by extension 'ignore_ament_install'
[0.479s] Level 1:colcon.colcon_core.package_identification:_identify(src/aerostack2/as2_perception) by extensions ['colcon_pkg']
[0.479s] Level 1:colcon.colcon_core.package_identification:_identify(src/aerostack2/as2_perception) by extension 'colcon_pkg'
[0.479s] Level 1:colcon.colcon_core.package_identification:_identify(src/aerostack2/as2_perception) by extensions ['colcon_meta']
[0.479s] Level 1:colcon.colcon_core.package_identification:_identify(src/aerostack2/as2_perception) by extension 'colcon_meta'
[0.479s] Level 1:colcon.colcon_core.package_identification:_identify(src/aerostack2/as2_perception) by extensions ['ros']
[0.479s] Level 1:colcon.colcon_core.package_identification:_identify(src/aerostack2/as2_perception) by extension 'ros'
[0.480s] DEBUG:colcon.colcon_core.package_identification:Package 'src/aerostack2/as2_perception' with type 'ros.ament_python' and name 'as2_perception'
[0.480s] Level 1:colcon.colcon_core.package_identification:_identify(src/aerostack2/as2_platform_gazebo) by extensions ['ignore', 'ignore_ament_install']
[0.480s] Level 1:colcon.colcon_core.package_identification:_identify(src/aerostack2/as2_platform_gazebo) by extension 'ignore'
[0.480s] Level 1:colcon.colcon_core.package_identification:_identify(src/aerostack2/as2_platform_gazebo) by extension 'ignore_ament_install'
[0.480s] Level 1:colcon.colcon_core.package_identification:_identify(src/aerostack2/as2_platform_gazebo) by extensions ['colcon_pkg']
[0.480s] Level 1:colcon.colcon_core.package_identification:_identify(src/aerostack2/as2_platform_gazebo) by extension 'colcon_pkg'
[0.480s] Level 1:colcon.colcon_core.package_identification:_identify(src/aerostack2/as2_platform_gazebo) by extensions ['colcon_meta']
[0.480s] Level 1:colcon.colcon_core.package_identification:_identify(src/aerostack2/as2_platform_gazebo) by extension 'colcon_meta'
[0.480s] Level 1:colcon.colcon_core.package_identification:_identify(src/aerostack2/as2_platform_gazebo) by extensions ['ros']
[0.480s] Level 1:colcon.colcon_core.package_identification:_identify(src/aerostack2/as2_platform_gazebo) by extension 'ros'
[0.480s] Level 1:colcon.colcon_core.package_identification:_identify(src/aerostack2/as2_platform_gazebo) by extensions ['cmake', 'python']
[0.480s] Level 1:colcon.colcon_core.package_identification:_identify(src/aerostack2/as2_platform_gazebo) by extension 'cmake'
[0.480s] Level 1:colcon.colcon_core.package_identification:_identify(src/aerostack2/as2_platform_gazebo) by extension 'python'
[0.480s] Level 1:colcon.colcon_core.package_identification:_identify(src/aerostack2/as2_platform_gazebo) by extensions ['python_setup_py']
[0.480s] Level 1:colcon.colcon_core.package_identification:_identify(src/aerostack2/as2_platform_gazebo) by extension 'python_setup_py'
[0.480s] Level 1:colcon.colcon_core.package_identification:_identify(src/aerostack2/as2_platform_gazebo/config) by extensions ['ignore', 'ignore_ament_install']
[0.480s] Level 1:colcon.colcon_core.package_identification:_identify(src/aerostack2/as2_platform_gazebo/config) by extension 'ignore'
[0.480s] Level 1:colcon.colcon_core.package_identification:_identify(src/aerostack2/as2_platform_gazebo/config) by extension 'ignore_ament_install'
[0.480s] Level 1:colcon.colcon_core.package_identification:_identify(src/aerostack2/as2_platform_gazebo/config) by extensions ['colcon_pkg']
[0.480s] Level 1:colcon.colcon_core.package_identification:_identify(src/aerostack2/as2_platform_gazebo/config) by extension 'colcon_pkg'
[0.480s] Level 1:colcon.colcon_core.package_identification:_identify(src/aerostack2/as2_platform_gazebo/config) by extensions ['colcon_meta']
[0.480s] Level 1:colcon.colcon_core.package_identification:_identify(src/aerostack2/as2_platform_gazebo/config) by extension 'colcon_meta'
[0.480s] Level 1:colcon.colcon_core.package_identification:_identify(src/aerostack2/as2_platform_gazebo/config) by extensions ['ros']
[0.480s] Level 1:colcon.colcon_core.package_identification:_identify(src/aerostack2/as2_platform_gazebo/config) by extension 'ros'
[0.480s] Level 1:colcon.colcon_core.package_identification:_identify(src/aerostack2/as2_platform_gazebo/config) by extensions ['cmake', 'python']
[0.480s] Level 1:colcon.colcon_core.package_identification:_identify(src/aerostack2/as2_platform_gazebo/config) by extension 'cmake'
[0.480s] Level 1:colcon.colcon_core.package_identification:_identify(src/aerostack2/as2_platform_gazebo/config) by extension 'python'
[0.480s] Level 1:colcon.colcon_core.package_identification:_identify(src/aerostack2/as2_platform_gazebo/config) by extensions ['python_setup_py']
[0.481s] Level 1:colcon.colcon_core.package_identification:_identify(src/aerostack2/as2_platform_gazebo/config) by extension 'python_setup_py'
[0.481s] Level 1:colcon.colcon_core.package_identification:_identify(src/aerostack2/as2_project_bringup) by extensions ['ignore', 'ignore_ament_install']
[0.481s] Level 1:colcon.colcon_core.package_identification:_identify(src/aerostack2/as2_project_bringup) by extension 'ignore'
[0.481s] Level 1:colcon.colcon_core.package_identification:_identify(src/aerostack2/as2_project_bringup) by extension 'ignore_ament_install'
[0.481s] Level 1:colcon.colcon_core.package_identification:_identify(src/aerostack2/as2_project_bringup) by extensions ['colcon_pkg']
[0.481s] Level 1:colcon.colcon_core.package_identification:_identify(src/aerostack2/as2_project_bringup) by extension 'colcon_pkg'
[0.481s] Level 1:colcon.colcon_core.package_identification:_identify(src/aerostack2/as2_project_bringup) by extensions ['colcon_meta']
[0.481s] Level 1:colcon.colcon_core.package_identification:_identify(src/aerostack2/as2_project_bringup) by extension 'colcon_meta'
[0.481s] Level 1:colcon.colcon_core.package_identification:_identify(src/aerostack2/as2_project_bringup) by extensions ['ros']
[0.481s] Level 1:colcon.colcon_core.package_identification:_identify(src/aerostack2/as2_project_bringup) by extension 'ros'
[0.481s] DEBUG:colcon.colcon_core.package_identification:Package 'src/aerostack2/as2_project_bringup' with type 'ros.ament_python' and name 'as2_project_bringup'
[0.481s] Level 1:colcon.colcon_core.package_identification:_identify(src/aerostack2/as2_python_api) by extensions ['ignore', 'ignore_ament_install']
[0.481s] Level 1:colcon.colcon_core.package_identification:_identify(src/aerostack2/as2_python_api) by extension 'ignore'
[0.481s] Level 1:colcon.colcon_core.package_identification:_identify(src/aerostack2/as2_python_api) by extension 'ignore_ament_install'
[0.481s] Level 1:colcon.colcon_core.package_identification:_identify(src/aerostack2/as2_python_api) by extensions ['colcon_pkg']
[0.481s] Level 1:colcon.colcon_core.package_identification:_identify(src/aerostack2/as2_python_api) by extension 'colcon_pkg'
[0.482s] Level 1:colcon.colcon_core.package_identification:_identify(src/aerostack2/as2_python_api) by extensions ['colcon_meta']
[0.482s] Level 1:colcon.colcon_core.package_identification:_identify(src/aerostack2/as2_python_api) by extension 'colcon_meta'
[0.482s] Level 1:colcon.colcon_core.package_identification:_identify(src/aerostack2/as2_python_api) by extensions ['ros']
[0.482s] Level 1:colcon.colcon_core.package_identification:_identify(src/aerostack2/as2_python_api) by extension 'ros'
[0.484s] DEBUG:colcon.colcon_core.package_identification:Package 'src/aerostack2/as2_python_api' with type 'ros.ament_python' and name 'as2_python_api'
[0.484s] Level 1:colcon.colcon_core.package_identification:_identify(src/aerostack2/as2_simulation_assets) by extensions ['ignore', 'ignore_ament_install']
[0.484s] Level 1:colcon.colcon_core.package_identification:_identify(src/aerostack2/as2_simulation_assets) by extension 'ignore'
[0.484s] Level 1:colcon.colcon_core.package_identification:_identify(src/aerostack2/as2_simulation_assets) by extension 'ignore_ament_install'
[0.484s] Level 1:colcon.colcon_core.package_identification:_identify(src/aerostack2/as2_simulation_assets) by extensions ['colcon_pkg']
[0.484s] Level 1:colcon.colcon_core.package_identification:_identify(src/aerostack2/as2_simulation_assets) by extension 'colcon_pkg'
[0.484s] Level 1:colcon.colcon_core.package_identification:_identify(src/aerostack2/as2_simulation_assets) by extensions ['colcon_meta']
[0.484s] Level 1:colcon.colcon_core.package_identification:_identify(src/aerostack2/as2_simulation_assets) by extension 'colcon_meta'
[0.484s] Level 1:colcon.colcon_core.package_identification:_identify(src/aerostack2/as2_simulation_assets) by extensions ['ros']
[0.484s] Level 1:colcon.colcon_core.package_identification:_identify(src/aerostack2/as2_simulation_assets) by extension 'ros'
[0.484s] Level 1:colcon.colcon_core.package_identification:_identify(src/aerostack2/as2_simulation_assets) by extensions ['cmake', 'python']
[0.484s] Level 1:colcon.colcon_core.package_identification:_identify(src/aerostack2/as2_simulation_assets) by extension 'cmake'
[0.484s] Level 1:colcon.colcon_core.package_identification:_identify(src/aerostack2/as2_simulation_assets) by extension 'python'
[0.485s] Level 1:colcon.colcon_core.package_identification:_identify(src/aerostack2/as2_simulation_assets) by extensions ['python_setup_py']
[0.485s] Level 1:colcon.colcon_core.package_identification:_identify(src/aerostack2/as2_simulation_assets) by extension 'python_setup_py'
[0.485s] Level 1:colcon.colcon_core.package_identification:_identify(src/aerostack2/as2_simulation_assets/as2_gazebo_assets) by extensions ['ignore', 'ignore_ament_install']
[0.485s] Level 1:colcon.colcon_core.package_identification:_identify(src/aerostack2/as2_simulation_assets/as2_gazebo_assets) by extension 'ignore'
[0.485s] Level 1:colcon.colcon_core.package_identification:_identify(src/aerostack2/as2_simulation_assets/as2_gazebo_assets) by extension 'ignore_ament_install'
[0.485s] Level 1:colcon.colcon_core.package_identification:_identify(src/aerostack2/as2_simulation_assets/as2_gazebo_assets) by extensions ['colcon_pkg']
[0.485s] Level 1:colcon.colcon_core.package_identification:_identify(src/aerostack2/as2_simulation_assets/as2_gazebo_assets) by extension 'colcon_pkg'
[0.485s] Level 1:colcon.colcon_core.package_identification:_identify(src/aerostack2/as2_simulation_assets/as2_gazebo_assets) by extensions ['colcon_meta']
[0.485s] Level 1:colcon.colcon_core.package_identification:_identify(src/aerostack2/as2_simulation_assets/as2_gazebo_assets) by extension 'colcon_meta'
[0.485s] Level 1:colcon.colcon_core.package_identification:_identify(src/aerostack2/as2_simulation_assets/as2_gazebo_assets) by extensions ['ros']
[0.485s] Level 1:colcon.colcon_core.package_identification:_identify(src/aerostack2/as2_simulation_assets/as2_gazebo_assets) by extension 'ros'
[0.486s] DEBUG:colcon.colcon_core.package_identification:Package 'src/aerostack2/as2_simulation_assets/as2_gazebo_assets' with type 'ros.ament_cmake' and name 'as2_gazebo_assets'
[0.486s] Level 1:colcon.colcon_core.package_identification:_identify(src/aerostack2/as2_state_estimator) by extensions ['ignore', 'ignore_ament_install']
[0.486s] Level 1:colcon.colcon_core.package_identification:_identify(src/aerostack2/as2_state_estimator) by extension 'ignore'
[0.486s] Level 1:colcon.colcon_core.package_identification:_identify(src/aerostack2/as2_state_estimator) by extension 'ignore_ament_install'
[0.486s] Level 1:colcon.colcon_core.package_identification:_identify(src/aerostack2/as2_state_estimator) by extensions ['colcon_pkg']
[0.486s] Level 1:colcon.colcon_core.package_identification:_identify(src/aerostack2/as2_state_estimator) by extension 'colcon_pkg'
[0.486s] Level 1:colcon.colcon_core.package_identification:_identify(src/aerostack2/as2_state_estimator) by extensions ['colcon_meta']
[0.486s] Level 1:colcon.colcon_core.package_identification:_identify(src/aerostack2/as2_state_estimator) by extension 'colcon_meta'
[0.486s] Level 1:colcon.colcon_core.package_identification:_identify(src/aerostack2/as2_state_estimator) by extensions ['ros']
[0.486s] Level 1:colcon.colcon_core.package_identification:_identify(src/aerostack2/as2_state_estimator) by extension 'ros'
[0.487s] DEBUG:colcon.colcon_core.package_identification:Package 'src/aerostack2/as2_state_estimator' with type 'ros.ament_cmake' and name 'as2_state_estimator'
[0.487s] Level 1:colcon.colcon_core.package_identification:_identify(src/aerostack2/as2_swarm_ekf) by extensions ['ignore', 'ignore_ament_install']
[0.487s] Level 1:colcon.colcon_core.package_identification:_identify(src/aerostack2/as2_swarm_ekf) by extension 'ignore'
[0.487s] Level 1:colcon.colcon_core.package_identification:_identify(src/aerostack2/as2_swarm_ekf) by extension 'ignore_ament_install'
[0.487s] Level 1:colcon.colcon_core.package_identification:_identify(src/aerostack2/as2_swarm_ekf) by extensions ['colcon_pkg']
[0.487s] Level 1:colcon.colcon_core.package_identification:_identify(src/aerostack2/as2_swarm_ekf) by extension 'colcon_pkg'
[0.487s] Level 1:colcon.colcon_core.package_identification:_identify(src/aerostack2/as2_swarm_ekf) by extensions ['colcon_meta']
[0.487s] Level 1:colcon.colcon_core.package_identification:_identify(src/aerostack2/as2_swarm_ekf) by extension 'colcon_meta'
[0.487s] Level 1:colcon.colcon_core.package_identification:_identify(src/aerostack2/as2_swarm_ekf) by extensions ['ros']
[0.487s] Level 1:colcon.colcon_core.package_identification:_identify(src/aerostack2/as2_swarm_ekf) by extension 'ros'
[0.487s] DEBUG:colcon.colcon_core.package_identification:Package 'src/aerostack2/as2_swarm_ekf' with type 'ros.ament_python' and name 'as2_swarm_ekf'
[0.487s] Level 1:colcon.colcon_core.package_identification:_identify(src/aerostack2/as2_swarm_fusion_ci) by extensions ['ignore', 'ignore_ament_install']
[0.487s] Level 1:colcon.colcon_core.package_identification:_identify(src/aerostack2/as2_swarm_fusion_ci) by extension 'ignore'
[0.487s] Level 1:colcon.colcon_core.package_identification:_identify(src/aerostack2/as2_swarm_fusion_ci) by extension 'ignore_ament_install'
[0.487s] Level 1:colcon.colcon_core.package_identification:_identify(src/aerostack2/as2_swarm_fusion_ci) by extensions ['colcon_pkg']
[0.487s] Level 1:colcon.colcon_core.package_identification:_identify(src/aerostack2/as2_swarm_fusion_ci) by extension 'colcon_pkg'
[0.487s] Level 1:colcon.colcon_core.package_identification:_identify(src/aerostack2/as2_swarm_fusion_ci) by extensions ['colcon_meta']
[0.487s] Level 1:colcon.colcon_core.package_identification:_identify(src/aerostack2/as2_swarm_fusion_ci) by extension 'colcon_meta'
[0.487s] Level 1:colcon.colcon_core.package_identification:_identify(src/aerostack2/as2_swarm_fusion_ci) by extensions ['ros']
[0.487s] Level 1:colcon.colcon_core.package_identification:_identify(src/aerostack2/as2_swarm_fusion_ci) by extension 'ros'
[0.488s] DEBUG:colcon.colcon_core.package_identification:Package 'src/aerostack2/as2_swarm_fusion_ci' with type 'ros.ament_python' and name 'as2_swarm_fusion_ci'
[0.488s] Level 1:colcon.colcon_core.package_identification:_identify(src/aerostack2/as2_swarm_perception) by extensions ['ignore', 'ignore_ament_install']
[0.488s] Level 1:colcon.colcon_core.package_identification:_identify(src/aerostack2/as2_swarm_perception) by extension 'ignore'
[0.488s] Level 1:colcon.colcon_core.package_identification:_identify(src/aerostack2/as2_swarm_perception) by extension 'ignore_ament_install'
[0.488s] Level 1:colcon.colcon_core.package_identification:_identify(src/aerostack2/as2_swarm_perception) by extensions ['colcon_pkg']
[0.488s] Level 1:colcon.colcon_core.package_identification:_identify(src/aerostack2/as2_swarm_perception) by extension 'colcon_pkg'
[0.488s] Level 1:colcon.colcon_core.package_identification:_identify(src/aerostack2/as2_swarm_perception) by extensions ['colcon_meta']
[0.488s] Level 1:colcon.colcon_core.package_identification:_identify(src/aerostack2/as2_swarm_perception) by extension 'colcon_meta'
[0.488s] Level 1:colcon.colcon_core.package_identification:_identify(src/aerostack2/as2_swarm_perception) by extensions ['ros']
[0.488s] Level 1:colcon.colcon_core.package_identification:_identify(src/aerostack2/as2_swarm_perception) by extension 'ros'
[0.488s] DEBUG:colcon.colcon_core.package_identification:Package 'src/aerostack2/as2_swarm_perception' with type 'ros.ament_python' and name 'as2_swarm_perception'
[0.488s] Level 1:colcon.colcon_core.package_identification:_identify(src/aerostack2/as2_user_interfaces) by extensions ['ignore', 'ignore_ament_install']
[0.489s] Level 1:colcon.colcon_core.package_identification:_identify(src/aerostack2/as2_user_interfaces) by extension 'ignore'
[0.489s] Level 1:colcon.colcon_core.package_identification:_identify(src/aerostack2/as2_user_interfaces) by extension 'ignore_ament_install'
[0.489s] Level 1:colcon.colcon_core.package_identification:_identify(src/aerostack2/as2_user_interfaces) by extensions ['colcon_pkg']
[0.489s] Level 1:colcon.colcon_core.package_identification:_identify(src/aerostack2/as2_user_interfaces) by extension 'colcon_pkg'
[0.489s] Level 1:colcon.colcon_core.package_identification:_identify(src/aerostack2/as2_user_interfaces) by extensions ['colcon_meta']
[0.489s] Level 1:colcon.colcon_core.package_identification:_identify(src/aerostack2/as2_user_interfaces) by extension 'colcon_meta'
[0.489s] Level 1:colcon.colcon_core.package_identification:_identify(src/aerostack2/as2_user_interfaces) by extensions ['ros']
[0.489s] Level 1:colcon.colcon_core.package_identification:_identify(src/aerostack2/as2_user_interfaces) by extension 'ros'
[0.489s] Level 1:colcon.colcon_core.package_identification:_identify(src/aerostack2/as2_user_interfaces) by extensions ['cmake', 'python']
[0.489s] Level 1:colcon.colcon_core.package_identification:_identify(src/aerostack2/as2_user_interfaces) by extension 'cmake'
[0.489s] Level 1:colcon.colcon_core.package_identification:_identify(src/aerostack2/as2_user_interfaces) by extension 'python'
[0.489s] Level 1:colcon.colcon_core.package_identification:_identify(src/aerostack2/as2_user_interfaces) by extensions ['python_setup_py']
[0.489s] Level 1:colcon.colcon_core.package_identification:_identify(src/aerostack2/as2_user_interfaces) by extension 'python_setup_py'
[0.489s] Level 1:colcon.colcon_core.package_identification:_identify(src/aerostack2/as2_user_interfaces/as2_alphanumeric_viewer) by extensions ['ignore', 'ignore_ament_install']
[0.489s] Level 1:colcon.colcon_core.package_identification:_identify(src/aerostack2/as2_user_interfaces/as2_alphanumeric_viewer) by extension 'ignore'
[0.489s] Level 1:colcon.colcon_core.package_identification:_identify(src/aerostack2/as2_user_interfaces/as2_alphanumeric_viewer) by extension 'ignore_ament_install'
[0.489s] Level 1:colcon.colcon_core.package_identification:_identify(src/aerostack2/as2_user_interfaces/as2_alphanumeric_viewer) by extensions ['colcon_pkg']
[0.489s] Level 1:colcon.colcon_core.package_identification:_identify(src/aerostack2/as2_user_interfaces/as2_alphanumeric_viewer) by extension 'colcon_pkg'
[0.489s] Level 1:colcon.colcon_core.package_identification:_identify(src/aerostack2/as2_user_interfaces/as2_alphanumeric_viewer) by extensions ['colcon_meta']
[0.489s] Level 1:colcon.colcon_core.package_identification:_identify(src/aerostack2/as2_user_interfaces/as2_alphanumeric_viewer) by extension 'colcon_meta'
[0.489s] Level 1:colcon.colcon_core.package_identification:_identify(src/aerostack2/as2_user_interfaces/as2_alphanumeric_viewer) by extensions ['ros']
[0.489s] Level 1:colcon.colcon_core.package_identification:_identify(src/aerostack2/as2_user_interfaces/as2_alphanumeric_viewer) by extension 'ros'
[0.490s] DEBUG:colcon.colcon_core.package_identification:Package 'src/aerostack2/as2_user_interfaces/as2_alphanumeric_viewer' with type 'ros.ament_cmake' and name 'as2_alphanumeric_viewer'
[0.490s] Level 1:colcon.colcon_core.package_identification:_identify(src/aerostack2/as2_user_interfaces/as2_keyboard_teleoperation) by extensions ['ignore', 'ignore_ament_install']
[0.490s] Level 1:colcon.colcon_core.package_identification:_identify(src/aerostack2/as2_user_interfaces/as2_keyboard_teleoperation) by extension 'ignore'
[0.490s] Level 1:colcon.colcon_core.package_identification:_identify(src/aerostack2/as2_user_interfaces/as2_keyboard_teleoperation) by extension 'ignore_ament_install'
[0.490s] Level 1:colcon.colcon_core.package_identification:_identify(src/aerostack2/as2_user_interfaces/as2_keyboard_teleoperation) by extensions ['colcon_pkg']
[0.490s] Level 1:colcon.colcon_core.package_identification:_identify(src/aerostack2/as2_user_interfaces/as2_keyboard_teleoperation) by extension 'colcon_pkg'
[0.490s] Level 1:colcon.colcon_core.package_identification:_identify(src/aerostack2/as2_user_interfaces/as2_keyboard_teleoperation) by extensions ['colcon_meta']
[0.490s] Level 1:colcon.colcon_core.package_identification:_identify(src/aerostack2/as2_user_interfaces/as2_keyboard_teleoperation) by extension 'colcon_meta'
[0.490s] Level 1:colcon.colcon_core.package_identification:_identify(src/aerostack2/as2_user_interfaces/as2_keyboard_teleoperation) by extensions ['ros']
[0.490s] Level 1:colcon.colcon_core.package_identification:_identify(src/aerostack2/as2_user_interfaces/as2_keyboard_teleoperation) by extension 'ros'
[0.490s] DEBUG:colcon.colcon_core.package_identification:Package 'src/aerostack2/as2_user_interfaces/as2_keyboard_teleoperation' with type 'ros.ament_python' and name 'as2_keyboard_teleoperation'
[0.491s] Level 1:colcon.colcon_core.package_identification:_identify(src/aerostack2/as2_user_interfaces/as2_visualization) by extensions ['ignore', 'ignore_ament_install']
[0.491s] Level 1:colcon.colcon_core.package_identification:_identify(src/aerostack2/as2_user_interfaces/as2_visualization) by extension 'ignore'
[0.491s] Level 1:colcon.colcon_core.package_identification:_identify(src/aerostack2/as2_user_interfaces/as2_visualization) by extension 'ignore_ament_install'
[0.491s] Level 1:colcon.colcon_core.package_identification:_identify(src/aerostack2/as2_user_interfaces/as2_visualization) by extensions ['colcon_pkg']
[0.491s] Level 1:colcon.colcon_core.package_identification:_identify(src/aerostack2/as2_user_interfaces/as2_visualization) by extension 'colcon_pkg'
[0.491s] Level 1:colcon.colcon_core.package_identification:_identify(src/aerostack2/as2_user_interfaces/as2_visualization) by extensions ['colcon_meta']
[0.491s] Level 1:colcon.colcon_core.package_identification:_identify(src/aerostack2/as2_user_interfaces/as2_visualization) by extension 'colcon_meta'
[0.491s] Level 1:colcon.colcon_core.package_identification:_identify(src/aerostack2/as2_user_interfaces/as2_visualization) by extensions ['ros']
[0.491s] Level 1:colcon.colcon_core.package_identification:_identify(src/aerostack2/as2_user_interfaces/as2_visualization) by extension 'ros'
[0.491s] Level 1:colcon.colcon_core.package_identification:_identify(src/aerostack2/as2_user_interfaces/as2_visualization) by extensions ['cmake', 'python']
[0.491s] Level 1:colcon.colcon_core.package_identification:_identify(src/aerostack2/as2_user_interfaces/as2_visualization) by extension 'cmake'
[0.491s] Level 1:colcon.colcon_core.package_identification:_identify(src/aerostack2/as2_user_interfaces/as2_visualization) by extension 'python'
[0.491s] Level 1:colcon.colcon_core.package_identification:_identify(src/aerostack2/as2_user_interfaces/as2_visualization) by extensions ['python_setup_py']
[0.491s] Level 1:colcon.colcon_core.package_identification:_identify(src/aerostack2/as2_user_interfaces/as2_visualization) by extension 'python_setup_py'
[0.491s] Level 1:colcon.colcon_core.package_identification:_identify(src/aerostack2/as2_user_interfaces/as2_visualization/as2_rviz_plugins) by extensions ['ignore', 'ignore_ament_install']
[0.491s] Level 1:colcon.colcon_core.package_identification:_identify(src/aerostack2/as2_user_interfaces/as2_visualization/as2_rviz_plugins) by extension 'ignore'
[0.491s] Level 1:colcon.colcon_core.package_identification:_identify(src/aerostack2/as2_user_interfaces/as2_visualization/as2_rviz_plugins) by extension 'ignore_ament_install'
[0.491s] Level 1:colcon.colcon_core.package_identification:_identify(src/aerostack2/as2_user_interfaces/as2_visualization/as2_rviz_plugins) by extensions ['colcon_pkg']
[0.491s] Level 1:colcon.colcon_core.package_identification:_identify(src/aerostack2/as2_user_interfaces/as2_visualization/as2_rviz_plugins) by extension 'colcon_pkg'
[0.491s] Level 1:colcon.colcon_core.package_identification:_identify(src/aerostack2/as2_user_interfaces/as2_visualization/as2_rviz_plugins) by extensions ['colcon_meta']
[0.491s] Level 1:colcon.colcon_core.package_identification:_identify(src/aerostack2/as2_user_interfaces/as2_visualization/as2_rviz_plugins) by extension 'colcon_meta'
[0.491s] Level 1:colcon.colcon_core.package_identification:_identify(src/aerostack2/as2_user_interfaces/as2_visualization/as2_rviz_plugins) by extensions ['ros']
[0.491s] Level 1:colcon.colcon_core.package_identification:_identify(src/aerostack2/as2_user_interfaces/as2_visualization/as2_rviz_plugins) by extension 'ros'
[0.492s] DEBUG:colcon.colcon_core.package_identification:Package 'src/aerostack2/as2_user_interfaces/as2_visualization/as2_rviz_plugins' with type 'ros.ament_cmake' and name 'as2_rviz_plugins'
[0.492s] Level 1:colcon.colcon_core.package_identification:_identify(src/aerostack2/as2_user_interfaces/as2_visualization/as2_visualization) by extensions ['ignore', 'ignore_ament_install']
[0.492s] Level 1:colcon.colcon_core.package_identification:_identify(src/aerostack2/as2_user_interfaces/as2_visualization/as2_visualization) by extension 'ignore'
[0.492s] Level 1:colcon.colcon_core.package_identification:_identify(src/aerostack2/as2_user_interfaces/as2_visualization/as2_visualization) by extension 'ignore_ament_install'
[0.492s] Level 1:colcon.colcon_core.package_identification:_identify(src/aerostack2/as2_user_interfaces/as2_visualization/as2_visualization) by extensions ['colcon_pkg']
[0.492s] Level 1:colcon.colcon_core.package_identification:_identify(src/aerostack2/as2_user_interfaces/as2_visualization/as2_visualization) by extension 'colcon_pkg'
[0.492s] Level 1:colcon.colcon_core.package_identification:_identify(src/aerostack2/as2_user_interfaces/as2_visualization/as2_visualization) by extensions ['colcon_meta']
[0.492s] Level 1:colcon.colcon_core.package_identification:_identify(src/aerostack2/as2_user_interfaces/as2_visualization/as2_visualization) by extension 'colcon_meta'
[0.492s] Level 1:colcon.colcon_core.package_identification:_identify(src/aerostack2/as2_user_interfaces/as2_visualization/as2_visualization) by extensions ['ros']
[0.492s] Level 1:colcon.colcon_core.package_identification:_identify(src/aerostack2/as2_user_interfaces/as2_visualization/as2_visualization) by extension 'ros'
[0.492s] DEBUG:colcon.colcon_core.package_identification:Package 'src/aerostack2/as2_user_interfaces/as2_visualization/as2_visualization' with type 'ros.ament_python' and name 'as2_visualization'
[0.493s] Level 1:colcon.colcon_core.package_identification:_identify(src/aerostack2/as2_utilities) by extensions ['ignore', 'ignore_ament_install']
[0.493s] Level 1:colcon.colcon_core.package_identification:_identify(src/aerostack2/as2_utilities) by extension 'ignore'
[0.493s] Level 1:colcon.colcon_core.package_identification:_identify(src/aerostack2/as2_utilities) by extension 'ignore_ament_install'
[0.493s] Level 1:colcon.colcon_core.package_identification:_identify(src/aerostack2/as2_utilities) by extensions ['colcon_pkg']
[0.493s] Level 1:colcon.colcon_core.package_identification:_identify(src/aerostack2/as2_utilities) by extension 'colcon_pkg'
[0.493s] Level 1:colcon.colcon_core.package_identification:_identify(src/aerostack2/as2_utilities) by extensions ['colcon_meta']
[0.493s] Level 1:colcon.colcon_core.package_identification:_identify(src/aerostack2/as2_utilities) by extension 'colcon_meta'
[0.493s] Level 1:colcon.colcon_core.package_identification:_identify(src/aerostack2/as2_utilities) by extensions ['ros']
[0.493s] Level 1:colcon.colcon_core.package_identification:_identify(src/aerostack2/as2_utilities) by extension 'ros'
[0.493s] Level 1:colcon.colcon_core.package_identification:_identify(src/aerostack2/as2_utilities) by extensions ['cmake', 'python']
[0.493s] Level 1:colcon.colcon_core.package_identification:_identify(src/aerostack2/as2_utilities) by extension 'cmake'
[0.493s] Level 1:colcon.colcon_core.package_identification:_identify(src/aerostack2/as2_utilities) by extension 'python'
[0.493s] Level 1:colcon.colcon_core.package_identification:_identify(src/aerostack2/as2_utilities) by extensions ['python_setup_py']
[0.493s] Level 1:colcon.colcon_core.package_identification:_identify(src/aerostack2/as2_utilities) by extension 'python_setup_py'
[0.493s] Level 1:colcon.colcon_core.package_identification:_identify(src/aerostack2/as2_utilities/as2_external_object_to_tf) by extensions ['ignore', 'ignore_ament_install']
[0.493s] Level 1:colcon.colcon_core.package_identification:_identify(src/aerostack2/as2_utilities/as2_external_object_to_tf) by extension 'ignore'
[0.493s] Level 1:colcon.colcon_core.package_identification:_identify(src/aerostack2/as2_utilities/as2_external_object_to_tf) by extension 'ignore_ament_install'
[0.493s] Level 1:colcon.colcon_core.package_identification:_identify(src/aerostack2/as2_utilities/as2_external_object_to_tf) by extensions ['colcon_pkg']
[0.493s] Level 1:colcon.colcon_core.package_identification:_identify(src/aerostack2/as2_utilities/as2_external_object_to_tf) by extension 'colcon_pkg'
[0.493s] Level 1:colcon.colcon_core.package_identification:_identify(src/aerostack2/as2_utilities/as2_external_object_to_tf) by extensions ['colcon_meta']
[0.493s] Level 1:colcon.colcon_core.package_identification:_identify(src/aerostack2/as2_utilities/as2_external_object_to_tf) by extension 'colcon_meta'
[0.493s] Level 1:colcon.colcon_core.package_identification:_identify(src/aerostack2/as2_utilities/as2_external_object_to_tf) by extensions ['ros']
[0.493s] Level 1:colcon.colcon_core.package_identification:_identify(src/aerostack2/as2_utilities/as2_external_object_to_tf) by extension 'ros'
[0.494s] DEBUG:colcon.colcon_core.package_identification:Package 'src/aerostack2/as2_utilities/as2_external_object_to_tf' with type 'ros.ament_cmake' and name 'as2_external_object_to_tf'
[0.494s] Level 1:colcon.colcon_core.package_identification:_identify(src/aerostack2/as2_utilities/as2_geozones) by extensions ['ignore', 'ignore_ament_install']
[0.494s] Level 1:colcon.colcon_core.package_identification:_identify(src/aerostack2/as2_utilities/as2_geozones) by extension 'ignore'
[0.494s] Level 1:colcon.colcon_core.package_identification:_identify(src/aerostack2/as2_utilities/as2_geozones) by extension 'ignore_ament_install'
[0.494s] Level 1:colcon.colcon_core.package_identification:_identify(src/aerostack2/as2_utilities/as2_geozones) by extensions ['colcon_pkg']
[0.494s] Level 1:colcon.colcon_core.package_identification:_identify(src/aerostack2/as2_utilities/as2_geozones) by extension 'colcon_pkg'
[0.494s] Level 1:colcon.colcon_core.package_identification:_identify(src/aerostack2/as2_utilities/as2_geozones) by extensions ['colcon_meta']
[0.494s] Level 1:colcon.colcon_core.package_identification:_identify(src/aerostack2/as2_utilities/as2_geozones) by extension 'colcon_meta'
[0.494s] Level 1:colcon.colcon_core.package_identification:_identify(src/aerostack2/as2_utilities/as2_geozones) by extensions ['ros']
[0.494s] Level 1:colcon.colcon_core.package_identification:_identify(src/aerostack2/as2_utilities/as2_geozones) by extension 'ros'
[0.495s] DEBUG:colcon.colcon_core.package_identification:Package 'src/aerostack2/as2_utilities/as2_geozones' with type 'ros.ament_cmake' and name 'as2_geozones'
[0.495s] Level 1:colcon.colcon_core.package_identification:_identify(src/aerostack2/build) by extensions ['ignore', 'ignore_ament_install']
[0.495s] Level 1:colcon.colcon_core.package_identification:_identify(src/aerostack2/build) by extension 'ignore'
[0.495s] Level 1:colcon.colcon_core.package_identification:_identify(src/aerostack2/build) ignored
[0.495s] Level 1:colcon.colcon_core.package_identification:_identify(src/aerostack2/docker) by extensions ['ignore', 'ignore_ament_install']
[0.495s] Level 1:colcon.colcon_core.package_identification:_identify(src/aerostack2/docker) by extension 'ignore'
[0.495s] Level 1:colcon.colcon_core.package_identification:_identify(src/aerostack2/docker) by extension 'ignore_ament_install'
[0.495s] Level 1:colcon.colcon_core.package_identification:_identify(src/aerostack2/docker) by extensions ['colcon_pkg']
[0.495s] Level 1:colcon.colcon_core.package_identification:_identify(src/aerostack2/docker) by extension 'colcon_pkg'
[0.495s] Level 1:colcon.colcon_core.package_identification:_identify(src/aerostack2/docker) by extensions ['colcon_meta']
[0.495s] Level 1:colcon.colcon_core.package_identification:_identify(src/aerostack2/docker) by extension 'colcon_meta'
[0.495s] Level 1:colcon.colcon_core.package_identification:_identify(src/aerostack2/docker) by extensions ['ros']
[0.495s] Level 1:colcon.colcon_core.package_identification:_identify(src/aerostack2/docker) by extension 'ros'
[0.495s] Level 1:colcon.colcon_core.package_identification:_identify(src/aerostack2/docker) by extensions ['cmake', 'python']
[0.495s] Level 1:colcon.colcon_core.package_identification:_identify(src/aerostack2/docker) by extension 'cmake'
[0.495s] Level 1:colcon.colcon_core.package_identification:_identify(src/aerostack2/docker) by extension 'python'
[0.495s] Level 1:colcon.colcon_core.package_identification:_identify(src/aerostack2/docker) by extensions ['python_setup_py']
[0.495s] Level 1:colcon.colcon_core.package_identification:_identify(src/aerostack2/docker) by extension 'python_setup_py'
[0.495s] Level 1:colcon.colcon_core.package_identification:_identify(src/aerostack2/docker/galactic) by extensions ['ignore', 'ignore_ament_install']
[0.495s] Level 1:colcon.colcon_core.package_identification:_identify(src/aerostack2/docker/galactic) by extension 'ignore'
[0.495s] Level 1:colcon.colcon_core.package_identification:_identify(src/aerostack2/docker/galactic) by extension 'ignore_ament_install'
[0.495s] Level 1:colcon.colcon_core.package_identification:_identify(src/aerostack2/docker/galactic) by extensions ['colcon_pkg']
[0.496s] Level 1:colcon.colcon_core.package_identification:_identify(src/aerostack2/docker/galactic) by extension 'colcon_pkg'
[0.496s] Level 1:colcon.colcon_core.package_identification:_identify(src/aerostack2/docker/galactic) by extensions ['colcon_meta']
[0.496s] Level 1:colcon.colcon_core.package_identification:_identify(src/aerostack2/docker/galactic) by extension 'colcon_meta'
[0.496s] Level 1:colcon.colcon_core.package_identification:_identify(src/aerostack2/docker/galactic) by extensions ['ros']
[0.496s] Level 1:colcon.colcon_core.package_identification:_identify(src/aerostack2/docker/galactic) by extension 'ros'
[0.496s] Level 1:colcon.colcon_core.package_identification:_identify(src/aerostack2/docker/galactic) by extensions ['cmake', 'python']
[0.496s] Level 1:colcon.colcon_core.package_identification:_identify(src/aerostack2/docker/galactic) by extension 'cmake'
[0.496s] Level 1:colcon.colcon_core.package_identification:_identify(src/aerostack2/docker/galactic) by extension 'python'
[0.496s] Level 1:colcon.colcon_core.package_identification:_identify(src/aerostack2/docker/galactic) by extensions ['python_setup_py']
[0.496s] Level 1:colcon.colcon_core.package_identification:_identify(src/aerostack2/docker/galactic) by extension 'python_setup_py'
[0.496s] Level 1:colcon.colcon_core.package_identification:_identify(src/aerostack2/docker/humble) by extensions ['ignore', 'ignore_ament_install']
[0.496s] Level 1:colcon.colcon_core.package_identification:_identify(src/aerostack2/docker/humble) by extension 'ignore'
[0.496s] Level 1:colcon.colcon_core.package_identification:_identify(src/aerostack2/docker/humble) by extension 'ignore_ament_install'
[0.496s] Level 1:colcon.colcon_core.package_identification:_identify(src/aerostack2/docker/humble) by extensions ['colcon_pkg']
[0.496s] Level 1:colcon.colcon_core.package_identification:_identify(src/aerostack2/docker/humble) by extension 'colcon_pkg'
[0.496s] Level 1:colcon.colcon_core.package_identification:_identify(src/aerostack2/docker/humble) by extensions ['colcon_meta']
[0.496s] Level 1:colcon.colcon_core.package_identification:_identify(src/aerostack2/docker/humble) by extension 'colcon_meta'
[0.496s] Level 1:colcon.colcon_core.package_identification:_identify(src/aerostack2/docker/humble) by extensions ['ros']
[0.496s] Level 1:colcon.colcon_core.package_identification:_identify(src/aerostack2/docker/humble) by extension 'ros'
[0.496s] Level 1:colcon.colcon_core.package_identification:_identify(src/aerostack2/docker/humble) by extensions ['cmake', 'python']
[0.496s] Level 1:colcon.colcon_core.package_identification:_identify(src/aerostack2/docker/humble) by extension 'cmake'
[0.496s] Level 1:colcon.colcon_core.package_identification:_identify(src/aerostack2/docker/humble) by extension 'python'
[0.496s] Level 1:colcon.colcon_core.package_identification:_identify(src/aerostack2/docker/humble) by extensions ['python_setup_py']
[0.496s] Level 1:colcon.colcon_core.package_identification:_identify(src/aerostack2/docker/humble) by extension 'python_setup_py'
[0.496s] Level 1:colcon.colcon_core.package_identification:_identify(src/aerostack2/docker/humble_gzharmonic) by extensions ['ignore', 'ignore_ament_install']
[0.496s] Level 1:colcon.colcon_core.package_identification:_identify(src/aerostack2/docker/humble_gzharmonic) by extension 'ignore'
[0.496s] Level 1:colcon.colcon_core.package_identification:_identify(src/aerostack2/docker/humble_gzharmonic) by extension 'ignore_ament_install'
[0.496s] Level 1:colcon.colcon_core.package_identification:_identify(src/aerostack2/docker/humble_gzharmonic) by extensions ['colcon_pkg']
[0.496s] Level 1:colcon.colcon_core.package_identification:_identify(src/aerostack2/docker/humble_gzharmonic) by extension 'colcon_pkg'
[0.496s] Level 1:colcon.colcon_core.package_identification:_identify(src/aerostack2/docker/humble_gzharmonic) by extensions ['colcon_meta']
[0.496s] Level 1:colcon.colcon_core.package_identification:_identify(src/aerostack2/docker/humble_gzharmonic) by extension 'colcon_meta'
[0.496s] Level 1:colcon.colcon_core.package_identification:_identify(src/aerostack2/docker/humble_gzharmonic) by extensions ['ros']
[0.496s] Level 1:colcon.colcon_core.package_identification:_identify(src/aerostack2/docker/humble_gzharmonic) by extension 'ros'
[0.496s] Level 1:colcon.colcon_core.package_identification:_identify(src/aerostack2/docker/humble_gzharmonic) by extensions ['cmake', 'python']
[0.496s] Level 1:colcon.colcon_core.package_identification:_identify(src/aerostack2/docker/humble_gzharmonic) by extension 'cmake'
[0.496s] Level 1:colcon.colcon_core.package_identification:_identify(src/aerostack2/docker/humble_gzharmonic) by extension 'python'
[0.496s] Level 1:colcon.colcon_core.package_identification:_identify(src/aerostack2/docker/humble_gzharmonic) by extensions ['python_setup_py']
[0.496s] Level 1:colcon.colcon_core.package_identification:_identify(src/aerostack2/docker/humble_gzharmonic) by extension 'python_setup_py'
[0.497s] Level 1:colcon.colcon_core.package_identification:_identify(src/aerostack2/docker/humble_vnc) by extensions ['ignore', 'ignore_ament_install']
[0.497s] Level 1:colcon.colcon_core.package_identification:_identify(src/aerostack2/docker/humble_vnc) by extension 'ignore'
[0.497s] Level 1:colcon.colcon_core.package_identification:_identify(src/aerostack2/docker/humble_vnc) by extension 'ignore_ament_install'
[0.497s] Level 1:colcon.colcon_core.package_identification:_identify(src/aerostack2/docker/humble_vnc) by extensions ['colcon_pkg']
[0.497s] Level 1:colcon.colcon_core.package_identification:_identify(src/aerostack2/docker/humble_vnc) by extension 'colcon_pkg'
[0.497s] Level 1:colcon.colcon_core.package_identification:_identify(src/aerostack2/docker/humble_vnc) by extensions ['colcon_meta']
[0.497s] Level 1:colcon.colcon_core.package_identification:_identify(src/aerostack2/docker/humble_vnc) by extension 'colcon_meta'
[0.497s] Level 1:colcon.colcon_core.package_identification:_identify(src/aerostack2/docker/humble_vnc) by extensions ['ros']
[0.497s] Level 1:colcon.colcon_core.package_identification:_identify(src/aerostack2/docker/humble_vnc) by extension 'ros'
[0.497s] Level 1:colcon.colcon_core.package_identification:_identify(src/aerostack2/docker/humble_vnc) by extensions ['cmake', 'python']
[0.497s] Level 1:colcon.colcon_core.package_identification:_identify(src/aerostack2/docker/humble_vnc) by extension 'cmake'
[0.497s] Level 1:colcon.colcon_core.package_identification:_identify(src/aerostack2/docker/humble_vnc) by extension 'python'
[0.497s] Level 1:colcon.colcon_core.package_identification:_identify(src/aerostack2/docker/humble_vnc) by extensions ['python_setup_py']
[0.497s] Level 1:colcon.colcon_core.package_identification:_identify(src/aerostack2/docker/humble_vnc) by extension 'python_setup_py'
[0.497s] Level 1:colcon.colcon_core.package_identification:_identify(src/aerostack2/install) by extensions ['ignore', 'ignore_ament_install']
[0.497s] Level 1:colcon.colcon_core.package_identification:_identify(src/aerostack2/install) by extension 'ignore'
[0.497s] Level 1:colcon.colcon_core.package_identification:_identify(src/aerostack2/install) ignored
[0.497s] Level 1:colcon.colcon_core.package_identification:_identify(src/aerostack2/log) by extensions ['ignore', 'ignore_ament_install']
[0.497s] Level 1:colcon.colcon_core.package_identification:_identify(src/aerostack2/log) by extension 'ignore'
[0.497s] Level 1:colcon.colcon_core.package_identification:_identify(src/aerostack2/log) ignored
[0.497s] Level 1:colcon.colcon_core.package_discovery:discover_packages(recursive) using defaults
[0.497s] Level 1:colcon.colcon_core.package_discovery:discover_packages(ignore) discover
[0.497s] Level 1:colcon.colcon_core.package_discovery:discover_packages(ignore) using defaults
[0.497s] Level 1:colcon.colcon_core.package_discovery:discover_packages(path) discover
[0.497s] Level 1:colcon.colcon_core.package_discovery:discover_packages(path) using defaults
[0.522s] INFO:colcon.colcon_metadata.metadata.colcon_pkg:Updating descriptor of package 'src/aerostack2/as2_python_api' from colcon.pkg: {'hooks': ['share/as2_python_api/hooks/resource_paths.sh']}
[0.533s] Level 5:colcon.colcon_core.verb:set package 'as2_cli' build argument 'cmake_args' from command line to 'None'
[0.533s] Level 5:colcon.colcon_core.verb:set package 'as2_cli' build argument 'cmake_target' from command line to 'None'
[0.533s] Level 5:colcon.colcon_core.verb:set package 'as2_cli' build argument 'cmake_target_skip_unavailable' from command line to 'False'
[0.533s] Level 5:colcon.colcon_core.verb:set package 'as2_cli' build argument 'cmake_clean_cache' from command line to 'False'
[0.533s] Level 5:colcon.colcon_core.verb:set package 'as2_cli' build argument 'cmake_clean_first' from command line to 'False'
[0.533s] Level 5:colcon.colcon_core.verb:set package 'as2_cli' build argument 'cmake_force_configure' from command line to 'False'
[0.533s] Level 5:colcon.colcon_core.verb:set package 'as2_cli' build argument 'ament_cmake_args' from command line to 'None'
[0.533s] Level 5:colcon.colcon_core.verb:set package 'as2_cli' build argument 'catkin_cmake_args' from command line to 'None'
[0.533s] Level 5:colcon.colcon_core.verb:set package 'as2_cli' build argument 'catkin_skip_building_tests' from command line to 'False'
[0.533s] DEBUG:colcon.colcon_core.verb:Building package 'as2_cli' with the following arguments: {'ament_cmake_args': None, 'build_base': '/root/aerostack2_ws/build/as2_cli', 'catkin_cmake_args': None, 'catkin_skip_building_tests': False, 'cmake_args': None, 'cmake_clean_cache': False, 'cmake_clean_first': False, 'cmake_force_configure': False, 'cmake_target': None, 'cmake_target_skip_unavailable': False, 'install_base': '/root/aerostack2_ws/install/as2_cli', 'merge_install': False, 'path': '/root/aerostack2_ws/src/aerostack2/as2_cli', 'symlink_install': False, 'test_result_base': None}
[0.534s] Level 5:colcon.colcon_core.verb:set package 'as2_groundray_perception' build argument 'cmake_args' from command line to 'None'
[0.534s] Level 5:colcon.colcon_core.verb:set package 'as2_groundray_perception' build argument 'cmake_target' from command line to 'None'
[0.534s] Level 5:colcon.colcon_core.verb:set package 'as2_groundray_perception' build argument 'cmake_target_skip_unavailable' from command line to 'False'
[0.534s] Level 5:colcon.colcon_core.verb:set package 'as2_groundray_perception' build argument 'cmake_clean_cache' from command line to 'False'
[0.534s] Level 5:colcon.colcon_core.verb:set package 'as2_groundray_perception' build argument 'cmake_clean_first' from command line to 'False'
[0.534s] Level 5:colcon.colcon_core.verb:set package 'as2_groundray_perception' build argument 'cmake_force_configure' from command line to 'False'
[0.534s] Level 5:colcon.colcon_core.verb:set package 'as2_groundray_perception' build argument 'ament_cmake_args' from command line to 'None'
[0.534s] Level 5:colcon.colcon_core.verb:set package 'as2_groundray_perception' build argument 'catkin_cmake_args' from command line to 'None'
[0.534s] Level 5:colcon.colcon_core.verb:set package 'as2_groundray_perception' build argument 'catkin_skip_building_tests' from command line to 'False'
[0.534s] DEBUG:colcon.colcon_core.verb:Building package 'as2_groundray_perception' with the following arguments: {'ament_cmake_args': None, 'build_base': '/root/aerostack2_ws/build/as2_groundray_perception', 'catkin_cmake_args': None, 'catkin_skip_building_tests': False, 'cmake_args': None, 'cmake_clean_cache': False, 'cmake_clean_first': False, 'cmake_force_configure': False, 'cmake_target': None, 'cmake_target_skip_unavailable': False, 'install_base': '/root/aerostack2_ws/install/as2_groundray_perception', 'merge_install': False, 'path': '/root/aerostack2_ws/src/aerostack2/as2_groundray_perception', 'symlink_install': False, 'test_result_base': None}
[0.534s] Level 5:colcon.colcon_core.verb:set package 'as2_msgs' build argument 'cmake_args' from command line to 'None'
[0.534s] Level 5:colcon.colcon_core.verb:set package 'as2_msgs' build argument 'cmake_target' from command line to 'None'
[0.534s] Level 5:colcon.colcon_core.verb:set package 'as2_msgs' build argument 'cmake_target_skip_unavailable' from command line to 'False'
[0.534s] Level 5:colcon.colcon_core.verb:set package 'as2_msgs' build argument 'cmake_clean_cache' from command line to 'False'
[0.534s] Level 5:colcon.colcon_core.verb:set package 'as2_msgs' build argument 'cmake_clean_first' from command line to 'False'
[0.534s] Level 5:colcon.colcon_core.verb:set package 'as2_msgs' build argument 'cmake_force_configure' from command line to 'False'
[0.534s] Level 5:colcon.colcon_core.verb:set package 'as2_msgs' build argument 'ament_cmake_args' from command line to 'None'
[0.534s] Level 5:colcon.colcon_core.verb:set package 'as2_msgs' build argument 'catkin_cmake_args' from command line to 'None'
[0.534s] Level 5:colcon.colcon_core.verb:set package 'as2_msgs' build argument 'catkin_skip_building_tests' from command line to 'False'
[0.534s] DEBUG:colcon.colcon_core.verb:Building package 'as2_msgs' with the following arguments: {'ament_cmake_args': None, 'build_base': '/root/aerostack2_ws/build/as2_msgs', 'catkin_cmake_args': None, 'catkin_skip_building_tests': False, 'cmake_args': None, 'cmake_clean_cache': False, 'cmake_clean_first': False, 'cmake_force_configure': False, 'cmake_target': None, 'cmake_target_skip_unavailable': False, 'install_base': '/root/aerostack2_ws/install/as2_msgs', 'merge_install': False, 'path': '/root/aerostack2_ws/src/aerostack2/as2_msgs', 'symlink_install': False, 'test_result_base': None}
[0.534s] Level 5:colcon.colcon_core.verb:set package 'as2_perception' build argument 'cmake_args' from command line to 'None'
[0.534s] Level 5:colcon.colcon_core.verb:set package 'as2_perception' build argument 'cmake_target' from command line to 'None'
[0.534s] Level 5:colcon.colcon_core.verb:set package 'as2_perception' build argument 'cmake_target_skip_unavailable' from command line to 'False'
[0.534s] Level 5:colcon.colcon_core.verb:set package 'as2_perception' build argument 'cmake_clean_cache' from command line to 'False'
[0.534s] Level 5:colcon.colcon_core.verb:set package 'as2_perception' build argument 'cmake_clean_first' from command line to 'False'
[0.535s] Level 5:colcon.colcon_core.verb:set package 'as2_perception' build argument 'cmake_force_configure' from command line to 'False'
[0.535s] Level 5:colcon.colcon_core.verb:set package 'as2_perception' build argument 'ament_cmake_args' from command line to 'None'
[0.535s] Level 5:colcon.colcon_core.verb:set package 'as2_perception' build argument 'catkin_cmake_args' from command line to 'None'
[0.535s] Level 5:colcon.colcon_core.verb:set package 'as2_perception' build argument 'catkin_skip_building_tests' from command line to 'False'
[0.535s] DEBUG:colcon.colcon_core.verb:Building package 'as2_perception' with the following arguments: {'ament_cmake_args': None, 'build_base': '/root/aerostack2_ws/build/as2_perception', 'catkin_cmake_args': None, 'catkin_skip_building_tests': False, 'cmake_args': None, 'cmake_clean_cache': False, 'cmake_clean_first': False, 'cmake_force_configure': False, 'cmake_target': None, 'cmake_target_skip_unavailable': False, 'install_base': '/root/aerostack2_ws/install/as2_perception', 'merge_install': False, 'path': '/root/aerostack2_ws/src/aerostack2/as2_perception', 'symlink_install': False, 'test_result_base': None}
[0.535s] Level 5:colcon.colcon_core.verb:set package 'as2_project_bringup' build argument 'cmake_args' from command line to 'None'
[0.535s] Level 5:colcon.colcon_core.verb:set package 'as2_project_bringup' build argument 'cmake_target' from command line to 'None'
[0.535s] Level 5:colcon.colcon_core.verb:set package 'as2_project_bringup' build argument 'cmake_target_skip_unavailable' from command line to 'False'
[0.535s] Level 5:colcon.colcon_core.verb:set package 'as2_project_bringup' build argument 'cmake_clean_cache' from command line to 'False'
[0.535s] Level 5:colcon.colcon_core.verb:set package 'as2_project_bringup' build argument 'cmake_clean_first' from command line to 'False'
[0.535s] Level 5:colcon.colcon_core.verb:set package 'as2_project_bringup' build argument 'cmake_force_configure' from command line to 'False'
[0.535s] Level 5:colcon.colcon_core.verb:set package 'as2_project_bringup' build argument 'ament_cmake_args' from command line to 'None'
[0.535s] Level 5:colcon.colcon_core.verb:set package 'as2_project_bringup' build argument 'catkin_cmake_args' from command line to 'None'
[0.535s] Level 5:colcon.colcon_core.verb:set package 'as2_project_bringup' build argument 'catkin_skip_building_tests' from command line to 'False'
[0.535s] DEBUG:colcon.colcon_core.verb:Building package 'as2_project_bringup' with the following arguments: {'ament_cmake_args': None, 'build_base': '/root/aerostack2_ws/build/as2_project_bringup', 'catkin_cmake_args': None, 'catkin_skip_building_tests': False, 'cmake_args': None, 'cmake_clean_cache': False, 'cmake_clean_first': False, 'cmake_force_configure': False, 'cmake_target': None, 'cmake_target_skip_unavailable': False, 'install_base': '/root/aerostack2_ws/install/as2_project_bringup', 'merge_install': False, 'path': '/root/aerostack2_ws/src/aerostack2/as2_project_bringup', 'symlink_install': False, 'test_result_base': None}
[0.535s] Level 5:colcon.colcon_core.verb:set package 'as2_swarm_ekf' build argument 'cmake_args' from command line to 'None'
[0.535s] Level 5:colcon.colcon_core.verb:set package 'as2_swarm_ekf' build argument 'cmake_target' from command line to 'None'
[0.535s] Level 5:colcon.colcon_core.verb:set package 'as2_swarm_ekf' build argument 'cmake_target_skip_unavailable' from command line to 'False'
[0.535s] Level 5:colcon.colcon_core.verb:set package 'as2_swarm_ekf' build argument 'cmake_clean_cache' from command line to 'False'
[0.535s] Level 5:colcon.colcon_core.verb:set package 'as2_swarm_ekf' build argument 'cmake_clean_first' from command line to 'False'
[0.535s] Level 5:colcon.colcon_core.verb:set package 'as2_swarm_ekf' build argument 'cmake_force_configure' from command line to 'False'
[0.535s] Level 5:colcon.colcon_core.verb:set package 'as2_swarm_ekf' build argument 'ament_cmake_args' from command line to 'None'
[0.535s] Level 5:colcon.colcon_core.verb:set package 'as2_swarm_ekf' build argument 'catkin_cmake_args' from command line to 'None'
[0.535s] Level 5:colcon.colcon_core.verb:set package 'as2_swarm_ekf' build argument 'catkin_skip_building_tests' from command line to 'False'
[0.535s] DEBUG:colcon.colcon_core.verb:Building package 'as2_swarm_ekf' with the following arguments: {'ament_cmake_args': None, 'build_base': '/root/aerostack2_ws/build/as2_swarm_ekf', 'catkin_cmake_args': None, 'catkin_skip_building_tests': False, 'cmake_args': None, 'cmake_clean_cache': False, 'cmake_clean_first': False, 'cmake_force_configure': False, 'cmake_target': None, 'cmake_target_skip_unavailable': False, 'install_base': '/root/aerostack2_ws/install/as2_swarm_ekf', 'merge_install': False, 'path': '/root/aerostack2_ws/src/aerostack2/as2_swarm_ekf', 'symlink_install': False, 'test_result_base': None}
[0.535s] Level 5:colcon.colcon_core.verb:set package 'as2_swarm_fusion_ci' build argument 'cmake_args' from command line to 'None'
[0.535s] Level 5:colcon.colcon_core.verb:set package 'as2_swarm_fusion_ci' build argument 'cmake_target' from command line to 'None'
[0.535s] Level 5:colcon.colcon_core.verb:set package 'as2_swarm_fusion_ci' build argument 'cmake_target_skip_unavailable' from command line to 'False'
[0.535s] Level 5:colcon.colcon_core.verb:set package 'as2_swarm_fusion_ci' build argument 'cmake_clean_cache' from command line to 'False'
[0.535s] Level 5:colcon.colcon_core.verb:set package 'as2_swarm_fusion_ci' build argument 'cmake_clean_first' from command line to 'False'
[0.535s] Level 5:colcon.colcon_core.verb:set package 'as2_swarm_fusion_ci' build argument 'cmake_force_configure' from command line to 'False'
[0.535s] Level 5:colcon.colcon_core.verb:set package 'as2_swarm_fusion_ci' build argument 'ament_cmake_args' from command line to 'None'
[0.535s] Level 5:colcon.colcon_core.verb:set package 'as2_swarm_fusion_ci' build argument 'catkin_cmake_args' from command line to 'None'
[0.535s] Level 5:colcon.colcon_core.verb:set package 'as2_swarm_fusion_ci' build argument 'catkin_skip_building_tests' from command line to 'False'
[0.535s] DEBUG:colcon.colcon_core.verb:Building package 'as2_swarm_fusion_ci' with the following arguments: {'ament_cmake_args': None, 'build_base': '/root/aerostack2_ws/build/as2_swarm_fusion_ci', 'catkin_cmake_args': None, 'catkin_skip_building_tests': False, 'cmake_args': None, 'cmake_clean_cache': False, 'cmake_clean_first': False, 'cmake_force_configure': False, 'cmake_target': None, 'cmake_target_skip_unavailable': False, 'install_base': '/root/aerostack2_ws/install/as2_swarm_fusion_ci', 'merge_install': False, 'path': '/root/aerostack2_ws/src/aerostack2/as2_swarm_fusion_ci', 'symlink_install': False, 'test_result_base': None}
[0.536s] Level 5:colcon.colcon_core.verb:set package 'as2_swarm_perception' build argument 'cmake_args' from command line to 'None'
[0.536s] Level 5:colcon.colcon_core.verb:set package 'as2_swarm_perception' build argument 'cmake_target' from command line to 'None'
[0.536s] Level 5:colcon.colcon_core.verb:set package 'as2_swarm_perception' build argument 'cmake_target_skip_unavailable' from command line to 'False'
[0.536s] Level 5:colcon.colcon_core.verb:set package 'as2_swarm_perception' build argument 'cmake_clean_cache' from command line to 'False'
[0.536s] Level 5:colcon.colcon_core.verb:set package 'as2_swarm_perception' build argument 'cmake_clean_first' from command line to 'False'
[0.536s] Level 5:colcon.colcon_core.verb:set package 'as2_swarm_perception' build argument 'cmake_force_configure' from command line to 'False'
[0.536s] Level 5:colcon.colcon_core.verb:set package 'as2_swarm_perception' build argument 'ament_cmake_args' from command line to 'None'
[0.536s] Level 5:colcon.colcon_core.verb:set package 'as2_swarm_perception' build argument 'catkin_cmake_args' from command line to 'None'
[0.536s] Level 5:colcon.colcon_core.verb:set package 'as2_swarm_perception' build argument 'catkin_skip_building_tests' from command line to 'False'
[0.536s] DEBUG:colcon.colcon_core.verb:Building package 'as2_swarm_perception' with the following arguments: {'ament_cmake_args': None, 'build_base': '/root/aerostack2_ws/build/as2_swarm_perception', 'catkin_cmake_args': None, 'catkin_skip_building_tests': False, 'cmake_args': None, 'cmake_clean_cache': False, 'cmake_clean_first': False, 'cmake_force_configure': False, 'cmake_target': None, 'cmake_target_skip_unavailable': False, 'install_base': '/root/aerostack2_ws/install/as2_swarm_perception', 'merge_install': False, 'path': '/root/aerostack2_ws/src/aerostack2/as2_swarm_perception', 'symlink_install': False, 'test_result_base': None}
[0.536s] Level 5:colcon.colcon_core.verb:set package 'as2_core' build argument 'cmake_args' from command line to 'None'
[0.536s] Level 5:colcon.colcon_core.verb:set package 'as2_core' build argument 'cmake_target' from command line to 'None'
[0.536s] Level 5:colcon.colcon_core.verb:set package 'as2_core' build argument 'cmake_target_skip_unavailable' from command line to 'False'
[0.536s] Level 5:colcon.colcon_core.verb:set package 'as2_core' build argument 'cmake_clean_cache' from command line to 'False'
[0.536s] Level 5:colcon.colcon_core.verb:set package 'as2_core' build argument 'cmake_clean_first' from command line to 'False'
[0.536s] Level 5:colcon.colcon_core.verb:set package 'as2_core' build argument 'cmake_force_configure' from command line to 'False'
[0.536s] Level 5:colcon.colcon_core.verb:set package 'as2_core' build argument 'ament_cmake_args' from command line to 'None'
[0.536s] Level 5:colcon.colcon_core.verb:set package 'as2_core' build argument 'catkin_cmake_args' from command line to 'None'
[0.536s] Level 5:colcon.colcon_core.verb:set package 'as2_core' build argument 'catkin_skip_building_tests' from command line to 'False'
[0.536s] DEBUG:colcon.colcon_core.verb:Building package 'as2_core' with the following arguments: {'ament_cmake_args': None, 'build_base': '/root/aerostack2_ws/build/as2_core', 'catkin_cmake_args': None, 'catkin_skip_building_tests': False, 'cmake_args': None, 'cmake_clean_cache': False, 'cmake_clean_first': False, 'cmake_force_configure': False, 'cmake_target': None, 'cmake_target_skip_unavailable': False, 'install_base': '/root/aerostack2_ws/install/as2_core', 'merge_install': False, 'path': '/root/aerostack2_ws/src/aerostack2/as2_core', 'symlink_install': False, 'test_result_base': None}
[0.536s] Level 5:colcon.colcon_core.verb:set package 'as2_alphanumeric_viewer' build argument 'cmake_args' from command line to 'None'
[0.536s] Level 5:colcon.colcon_core.verb:set package 'as2_alphanumeric_viewer' build argument 'cmake_target' from command line to 'None'
[0.536s] Level 5:colcon.colcon_core.verb:set package 'as2_alphanumeric_viewer' build argument 'cmake_target_skip_unavailable' from command line to 'False'
[0.536s] Level 5:colcon.colcon_core.verb:set package 'as2_alphanumeric_viewer' build argument 'cmake_clean_cache' from command line to 'False'
[0.536s] Level 5:colcon.colcon_core.verb:set package 'as2_alphanumeric_viewer' build argument 'cmake_clean_first' from command line to 'False'
[0.536s] Level 5:colcon.colcon_core.verb:set package 'as2_alphanumeric_viewer' build argument 'cmake_force_configure' from command line to 'False'
[0.536s] Level 5:colcon.colcon_core.verb:set package 'as2_alphanumeric_viewer' build argument 'ament_cmake_args' from command line to 'None'
[0.536s] Level 5:colcon.colcon_core.verb:set package 'as2_alphanumeric_viewer' build argument 'catkin_cmake_args' from command line to 'None'
[0.536s] Level 5:colcon.colcon_core.verb:set package 'as2_alphanumeric_viewer' build argument 'catkin_skip_building_tests' from command line to 'False'
[0.536s] DEBUG:colcon.colcon_core.verb:Building package 'as2_alphanumeric_viewer' with the following arguments: {'ament_cmake_args': None, 'build_base': '/root/aerostack2_ws/build/as2_alphanumeric_viewer', 'catkin_cmake_args': None, 'catkin_skip_building_tests': False, 'cmake_args': None, 'cmake_clean_cache': False, 'cmake_clean_first': False, 'cmake_force_configure': False, 'cmake_target': None, 'cmake_target_skip_unavailable': False, 'install_base': '/root/aerostack2_ws/install/as2_alphanumeric_viewer', 'merge_install': False, 'path': '/root/aerostack2_ws/src/aerostack2/as2_user_interfaces/as2_alphanumeric_viewer', 'symlink_install': False, 'test_result_base': None}
[0.537s] Level 5:colcon.colcon_core.verb:set package 'as2_behavior' build argument 'cmake_args' from command line to 'None'
[0.537s] Level 5:colcon.colcon_core.verb:set package 'as2_behavior' build argument 'cmake_target' from command line to 'None'
[0.537s] Level 5:colcon.colcon_core.verb:set package 'as2_behavior' build argument 'cmake_target_skip_unavailable' from command line to 'False'
[0.537s] Level 5:colcon.colcon_core.verb:set package 'as2_behavior' build argument 'cmake_clean_cache' from command line to 'False'
[0.537s] Level 5:colcon.colcon_core.verb:set package 'as2_behavior' build argument 'cmake_clean_first' from command line to 'False'
[0.537s] Level 5:colcon.colcon_core.verb:set package 'as2_behavior' build argument 'cmake_force_configure' from command line to 'False'
[0.537s] Level 5:colcon.colcon_core.verb:set package 'as2_behavior' build argument 'ament_cmake_args' from command line to 'None'
[0.537s] Level 5:colcon.colcon_core.verb:set package 'as2_behavior' build argument 'catkin_cmake_args' from command line to 'None'
[0.537s] Level 5:colcon.colcon_core.verb:set package 'as2_behavior' build argument 'catkin_skip_building_tests' from command line to 'False'
[0.537s] DEBUG:colcon.colcon_core.verb:Building package 'as2_behavior' with the following arguments: {'ament_cmake_args': None, 'build_base': '/root/aerostack2_ws/build/as2_behavior', 'catkin_cmake_args': None, 'catkin_skip_building_tests': False, 'cmake_args': None, 'cmake_clean_cache': False, 'cmake_clean_first': False, 'cmake_force_configure': False, 'cmake_target': None, 'cmake_target_skip_unavailable': False, 'install_base': '/root/aerostack2_ws/install/as2_behavior', 'merge_install': False, 'path': '/root/aerostack2_ws/src/aerostack2/as2_behaviors/as2_behavior', 'symlink_install': False, 'test_result_base': None}
[0.537s] Level 5:colcon.colcon_core.verb:set package 'as2_behavior_tree' build argument 'cmake_args' from command line to 'None'
[0.537s] Level 5:colcon.colcon_core.verb:set package 'as2_behavior_tree' build argument 'cmake_target' from command line to 'None'
[0.537s] Level 5:colcon.colcon_core.verb:set package 'as2_behavior_tree' build argument 'cmake_target_skip_unavailable' from command line to 'False'
[0.537s] Level 5:colcon.colcon_core.verb:set package 'as2_behavior_tree' build argument 'cmake_clean_cache' from command line to 'False'
[0.537s] Level 5:colcon.colcon_core.verb:set package 'as2_behavior_tree' build argument 'cmake_clean_first' from command line to 'False'
[0.537s] Level 5:colcon.colcon_core.verb:set package 'as2_behavior_tree' build argument 'cmake_force_configure' from command line to 'False'
[0.537s] Level 5:colcon.colcon_core.verb:set package 'as2_behavior_tree' build argument 'ament_cmake_args' from command line to 'None'
[0.537s] Level 5:colcon.colcon_core.verb:set package 'as2_behavior_tree' build argument 'catkin_cmake_args' from command line to 'None'
[0.537s] Level 5:colcon.colcon_core.verb:set package 'as2_behavior_tree' build argument 'catkin_skip_building_tests' from command line to 'False'
[0.537s] DEBUG:colcon.colcon_core.verb:Building package 'as2_behavior_tree' with the following arguments: {'ament_cmake_args': None, 'build_base': '/root/aerostack2_ws/build/as2_behavior_tree', 'catkin_cmake_args': None, 'catkin_skip_building_tests': False, 'cmake_args': None, 'cmake_clean_cache': False, 'cmake_clean_first': False, 'cmake_force_configure': False, 'cmake_target': None, 'cmake_target_skip_unavailable': False, 'install_base': '/root/aerostack2_ws/install/as2_behavior_tree', 'merge_install': False, 'path': '/root/aerostack2_ws/src/aerostack2/as2_behavior_tree', 'symlink_install': False, 'test_result_base': None}
[0.537s] Level 5:colcon.colcon_core.verb:set package 'as2_external_object_to_tf' build argument 'cmake_args' from command line to 'None'
[0.537s] Level 5:colcon.colcon_core.verb:set package 'as2_external_object_to_tf' build argument 'cmake_target' from command line to 'None'
[0.537s] Level 5:colcon.colcon_core.verb:set package 'as2_external_object_to_tf' build argument 'cmake_target_skip_unavailable' from command line to 'False'
[0.537s] Level 5:colcon.colcon_core.verb:set package 'as2_external_object_to_tf' build argument 'cmake_clean_cache' from command line to 'False'
[0.537s] Level 5:colcon.colcon_core.verb:set package 'as2_external_object_to_tf' build argument 'cmake_clean_first' from command line to 'False'
[0.537s] Level 5:colcon.colcon_core.verb:set package 'as2_external_object_to_tf' build argument 'cmake_force_configure' from command line to 'False'
[0.537s] Level 5:colcon.colcon_core.verb:set package 'as2_external_object_to_tf' build argument 'ament_cmake_args' from command line to 'None'
[0.537s] Level 5:colcon.colcon_core.verb:set package 'as2_external_object_to_tf' build argument 'catkin_cmake_args' from command line to 'None'
[0.537s] Level 5:colcon.colcon_core.verb:set package 'as2_external_object_to_tf' build argument 'catkin_skip_building_tests' from command line to 'False'
[0.537s] DEBUG:colcon.colcon_core.verb:Building package 'as2_external_object_to_tf' with the following arguments: {'ament_cmake_args': None, 'build_base': '/root/aerostack2_ws/build/as2_external_object_to_tf', 'catkin_cmake_args': None, 'catkin_skip_building_tests': False, 'cmake_args': None, 'cmake_clean_cache': False, 'cmake_clean_first': False, 'cmake_force_configure': False, 'cmake_target': None, 'cmake_target_skip_unavailable': False, 'install_base': '/root/aerostack2_ws/install/as2_external_object_to_tf', 'merge_install': False, 'path': '/root/aerostack2_ws/src/aerostack2/as2_utilities/as2_external_object_to_tf', 'symlink_install': False, 'test_result_base': None}
[0.537s] Level 5:colcon.colcon_core.verb:set package 'as2_gazebo_assets' build argument 'cmake_args' from command line to 'None'
[0.537s] Level 5:colcon.colcon_core.verb:set package 'as2_gazebo_assets' build argument 'cmake_target' from command line to 'None'
[0.538s] Level 5:colcon.colcon_core.verb:set package 'as2_gazebo_assets' build argument 'cmake_target_skip_unavailable' from command line to 'False'
[0.538s] Level 5:colcon.colcon_core.verb:set package 'as2_gazebo_assets' build argument 'cmake_clean_cache' from command line to 'False'
[0.538s] Level 5:colcon.colcon_core.verb:set package 'as2_gazebo_assets' build argument 'cmake_clean_first' from command line to 'False'
[0.538s] Level 5:colcon.colcon_core.verb:set package 'as2_gazebo_assets' build argument 'cmake_force_configure' from command line to 'False'
[0.538s] Level 5:colcon.colcon_core.verb:set package 'as2_gazebo_assets' build argument 'ament_cmake_args' from command line to 'None'
[0.538s] Level 5:colcon.colcon_core.verb:set package 'as2_gazebo_assets' build argument 'catkin_cmake_args' from command line to 'None'
[0.538s] Level 5:colcon.colcon_core.verb:set package 'as2_gazebo_assets' build argument 'catkin_skip_building_tests' from command line to 'False'
[0.538s] DEBUG:colcon.colcon_core.verb:Building package 'as2_gazebo_assets' with the following arguments: {'ament_cmake_args': None, 'build_base': '/root/aerostack2_ws/build/as2_gazebo_assets', 'catkin_cmake_args': None, 'catkin_skip_building_tests': False, 'cmake_args': None, 'cmake_clean_cache': False, 'cmake_clean_first': False, 'cmake_force_configure': False, 'cmake_target': None, 'cmake_target_skip_unavailable': False, 'install_base': '/root/aerostack2_ws/install/as2_gazebo_assets', 'merge_install': False, 'path': '/root/aerostack2_ws/src/aerostack2/as2_simulation_assets/as2_gazebo_assets', 'symlink_install': False, 'test_result_base': None}
[0.538s] Level 5:colcon.colcon_core.verb:set package 'as2_geozones' build argument 'cmake_args' from command line to 'None'
[0.538s] Level 5:colcon.colcon_core.verb:set package 'as2_geozones' build argument 'cmake_target' from command line to 'None'
[0.538s] Level 5:colcon.colcon_core.verb:set package 'as2_geozones' build argument 'cmake_target_skip_unavailable' from command line to 'False'
[0.538s] Level 5:colcon.colcon_core.verb:set package 'as2_geozones' build argument 'cmake_clean_cache' from command line to 'False'
[0.538s] Level 5:colcon.colcon_core.verb:set package 'as2_geozones' build argument 'cmake_clean_first' from command line to 'False'
[0.538s] Level 5:colcon.colcon_core.verb:set package 'as2_geozones' build argument 'cmake_force_configure' from command line to 'False'
[0.538s] Level 5:colcon.colcon_core.verb:set package 'as2_geozones' build argument 'ament_cmake_args' from command line to 'None'
[0.538s] Level 5:colcon.colcon_core.verb:set package 'as2_geozones' build argument 'catkin_cmake_args' from command line to 'None'
[0.538s] Level 5:colcon.colcon_core.verb:set package 'as2_geozones' build argument 'catkin_skip_building_tests' from command line to 'False'
[0.538s] DEBUG:colcon.colcon_core.verb:Building package 'as2_geozones' with the following arguments: {'ament_cmake_args': None, 'build_base': '/root/aerostack2_ws/build/as2_geozones', 'catkin_cmake_args': None, 'catkin_skip_building_tests': False, 'cmake_args': None, 'cmake_clean_cache': False, 'cmake_clean_first': False, 'cmake_force_configure': False, 'cmake_target': None, 'cmake_target_skip_unavailable': False, 'install_base': '/root/aerostack2_ws/install/as2_geozones', 'merge_install': False, 'path': '/root/aerostack2_ws/src/aerostack2/as2_utilities/as2_geozones', 'symlink_install': False, 'test_result_base': None}
[0.538s] Level 5:colcon.colcon_core.verb:set package 'as2_map_server' build argument 'cmake_args' from command line to 'None'
[0.538s] Level 5:colcon.colcon_core.verb:set package 'as2_map_server' build argument 'cmake_target' from command line to 'None'
[0.538s] Level 5:colcon.colcon_core.verb:set package 'as2_map_server' build argument 'cmake_target_skip_unavailable' from command line to 'False'
[0.538s] Level 5:colcon.colcon_core.verb:set package 'as2_map_server' build argument 'cmake_clean_cache' from command line to 'False'
[0.538s] Level 5:colcon.colcon_core.verb:set package 'as2_map_server' build argument 'cmake_clean_first' from command line to 'False'
[0.538s] Level 5:colcon.colcon_core.verb:set package 'as2_map_server' build argument 'cmake_force_configure' from command line to 'False'
[0.538s] Level 5:colcon.colcon_core.verb:set package 'as2_map_server' build argument 'ament_cmake_args' from command line to 'None'
[0.538s] Level 5:colcon.colcon_core.verb:set package 'as2_map_server' build argument 'catkin_cmake_args' from command line to 'None'
[0.538s] Level 5:colcon.colcon_core.verb:set package 'as2_map_server' build argument 'catkin_skip_building_tests' from command line to 'False'
[0.538s] DEBUG:colcon.colcon_core.verb:Building package 'as2_map_server' with the following arguments: {'ament_cmake_args': None, 'build_base': '/root/aerostack2_ws/build/as2_map_server', 'catkin_cmake_args': None, 'catkin_skip_building_tests': False, 'cmake_args': None, 'cmake_clean_cache': False, 'cmake_clean_first': False, 'cmake_force_configure': False, 'cmake_target': None, 'cmake_target_skip_unavailable': False, 'install_base': '/root/aerostack2_ws/install/as2_map_server', 'merge_install': False, 'path': '/root/aerostack2_ws/src/aerostack2/as2_map_server', 'symlink_install': False, 'test_result_base': None}
[0.538s] Level 5:colcon.colcon_core.verb:set package 'as2_motion_reference_handlers' build argument 'cmake_args' from command line to 'None'
[0.538s] Level 5:colcon.colcon_core.verb:set package 'as2_motion_reference_handlers' build argument 'cmake_target' from command line to 'None'
[0.538s] Level 5:colcon.colcon_core.verb:set package 'as2_motion_reference_handlers' build argument 'cmake_target_skip_unavailable' from command line to 'False'
[0.538s] Level 5:colcon.colcon_core.verb:set package 'as2_motion_reference_handlers' build argument 'cmake_clean_cache' from command line to 'False'
[0.538s] Level 5:colcon.colcon_core.verb:set package 'as2_motion_reference_handlers' build argument 'cmake_clean_first' from command line to 'False'
[0.538s] Level 5:colcon.colcon_core.verb:set package 'as2_motion_reference_handlers' build argument 'cmake_force_configure' from command line to 'False'
[0.538s] Level 5:colcon.colcon_core.verb:set package 'as2_motion_reference_handlers' build argument 'ament_cmake_args' from command line to 'None'
[0.538s] Level 5:colcon.colcon_core.verb:set package 'as2_motion_reference_handlers' build argument 'catkin_cmake_args' from command line to 'None'
[0.538s] Level 5:colcon.colcon_core.verb:set package 'as2_motion_reference_handlers' build argument 'catkin_skip_building_tests' from command line to 'False'
[0.539s] DEBUG:colcon.colcon_core.verb:Building package 'as2_motion_reference_handlers' with the following arguments: {'ament_cmake_args': None, 'build_base': '/root/aerostack2_ws/build/as2_motion_reference_handlers', 'catkin_cmake_args': None, 'catkin_skip_building_tests': False, 'cmake_args': None, 'cmake_clean_cache': False, 'cmake_clean_first': False, 'cmake_force_configure': False, 'cmake_target': None, 'cmake_target_skip_unavailable': False, 'install_base': '/root/aerostack2_ws/install/as2_motion_reference_handlers', 'merge_install': False, 'path': '/root/aerostack2_ws/src/aerostack2/as2_motion_reference_handlers', 'symlink_install': False, 'test_result_base': None}
[0.539s] Level 5:colcon.colcon_core.verb:set package 'as2_platform_multirotor_simulator' build argument 'cmake_args' from command line to 'None'
[0.539s] Level 5:colcon.colcon_core.verb:set package 'as2_platform_multirotor_simulator' build argument 'cmake_target' from command line to 'None'
[0.539s] Level 5:colcon.colcon_core.verb:set package 'as2_platform_multirotor_simulator' build argument 'cmake_target_skip_unavailable' from command line to 'False'
[0.539s] Level 5:colcon.colcon_core.verb:set package 'as2_platform_multirotor_simulator' build argument 'cmake_clean_cache' from command line to 'False'
[0.539s] Level 5:colcon.colcon_core.verb:set package 'as2_platform_multirotor_simulator' build argument 'cmake_clean_first' from command line to 'False'
[0.539s] Level 5:colcon.colcon_core.verb:set package 'as2_platform_multirotor_simulator' build argument 'cmake_force_configure' from command line to 'False'
[0.539s] Level 5:colcon.colcon_core.verb:set package 'as2_platform_multirotor_simulator' build argument 'ament_cmake_args' from command line to 'None'
[0.539s] Level 5:colcon.colcon_core.verb:set package 'as2_platform_multirotor_simulator' build argument 'catkin_cmake_args' from command line to 'None'
[0.539s] Level 5:colcon.colcon_core.verb:set package 'as2_platform_multirotor_simulator' build argument 'catkin_skip_building_tests' from command line to 'False'
[0.539s] DEBUG:colcon.colcon_core.verb:Building package 'as2_platform_multirotor_simulator' with the following arguments: {'ament_cmake_args': None, 'build_base': '/root/aerostack2_ws/build/as2_platform_multirotor_simulator', 'catkin_cmake_args': None, 'catkin_skip_building_tests': False, 'cmake_args': None, 'cmake_clean_cache': False, 'cmake_clean_first': False, 'cmake_force_configure': False, 'cmake_target': None, 'cmake_target_skip_unavailable': False, 'install_base': '/root/aerostack2_ws/install/as2_platform_multirotor_simulator', 'merge_install': False, 'path': '/root/aerostack2_ws/src/aerostack2/as2_aerial_platforms/as2_platform_multirotor_simulator', 'symlink_install': False, 'test_result_base': None}
[0.539s] Level 5:colcon.colcon_core.verb:set package 'as2_realsense_interface' build argument 'cmake_args' from command line to 'None'
[0.539s] Level 5:colcon.colcon_core.verb:set package 'as2_realsense_interface' build argument 'cmake_target' from command line to 'None'
[0.539s] Level 5:colcon.colcon_core.verb:set package 'as2_realsense_interface' build argument 'cmake_target_skip_unavailable' from command line to 'False'
[0.539s] Level 5:colcon.colcon_core.verb:set package 'as2_realsense_interface' build argument 'cmake_clean_cache' from command line to 'False'
[0.539s] Level 5:colcon.colcon_core.verb:set package 'as2_realsense_interface' build argument 'cmake_clean_first' from command line to 'False'
[0.539s] Level 5:colcon.colcon_core.verb:set package 'as2_realsense_interface' build argument 'cmake_force_configure' from command line to 'False'
[0.539s] Level 5:colcon.colcon_core.verb:set package 'as2_realsense_interface' build argument 'ament_cmake_args' from command line to 'None'
[0.539s] Level 5:colcon.colcon_core.verb:set package 'as2_realsense_interface' build argument 'catkin_cmake_args' from command line to 'None'
[0.539s] Level 5:colcon.colcon_core.verb:set package 'as2_realsense_interface' build argument 'catkin_skip_building_tests' from command line to 'False'
[0.539s] DEBUG:colcon.colcon_core.verb:Building package 'as2_realsense_interface' with the following arguments: {'ament_cmake_args': None, 'build_base': '/root/aerostack2_ws/build/as2_realsense_interface', 'catkin_cmake_args': None, 'catkin_skip_building_tests': False, 'cmake_args': None, 'cmake_clean_cache': False, 'cmake_clean_first': False, 'cmake_force_configure': False, 'cmake_target': None, 'cmake_target_skip_unavailable': False, 'install_base': '/root/aerostack2_ws/install/as2_realsense_interface', 'merge_install': False, 'path': '/root/aerostack2_ws/src/aerostack2/as2_hardware_drivers/as2_realsense_interface', 'symlink_install': False, 'test_result_base': None}
[0.539s] Level 5:colcon.colcon_core.verb:set package 'as2_state_estimator' build argument 'cmake_args' from command line to 'None'
[0.539s] Level 5:colcon.colcon_core.verb:set package 'as2_state_estimator' build argument 'cmake_target' from command line to 'None'
[0.539s] Level 5:colcon.colcon_core.verb:set package 'as2_state_estimator' build argument 'cmake_target_skip_unavailable' from command line to 'False'
[0.539s] Level 5:colcon.colcon_core.verb:set package 'as2_state_estimator' build argument 'cmake_clean_cache' from command line to 'False'
[0.539s] Level 5:colcon.colcon_core.verb:set package 'as2_state_estimator' build argument 'cmake_clean_first' from command line to 'False'
[0.539s] Level 5:colcon.colcon_core.verb:set package 'as2_state_estimator' build argument 'cmake_force_configure' from command line to 'False'
[0.539s] Level 5:colcon.colcon_core.verb:set package 'as2_state_estimator' build argument 'ament_cmake_args' from command line to 'None'
[0.539s] Level 5:colcon.colcon_core.verb:set package 'as2_state_estimator' build argument 'catkin_cmake_args' from command line to 'None'
[0.539s] Level 5:colcon.colcon_core.verb:set package 'as2_state_estimator' build argument 'catkin_skip_building_tests' from command line to 'False'
[0.539s] DEBUG:colcon.colcon_core.verb:Building package 'as2_state_estimator' with the following arguments: {'ament_cmake_args': None, 'build_base': '/root/aerostack2_ws/build/as2_state_estimator', 'catkin_cmake_args': None, 'catkin_skip_building_tests': False, 'cmake_args': None, 'cmake_clean_cache': False, 'cmake_clean_first': False, 'cmake_force_configure': False, 'cmake_target': None, 'cmake_target_skip_unavailable': False, 'install_base': '/root/aerostack2_ws/install/as2_state_estimator', 'merge_install': False, 'path': '/root/aerostack2_ws/src/aerostack2/as2_state_estimator', 'symlink_install': False, 'test_result_base': None}
[0.540s] Level 5:colcon.colcon_core.verb:set package 'as2_usb_camera_interface' build argument 'cmake_args' from command line to 'None'
[0.540s] Level 5:colcon.colcon_core.verb:set package 'as2_usb_camera_interface' build argument 'cmake_target' from command line to 'None'
[0.540s] Level 5:colcon.colcon_core.verb:set package 'as2_usb_camera_interface' build argument 'cmake_target_skip_unavailable' from command line to 'False'
[0.540s] Level 5:colcon.colcon_core.verb:set package 'as2_usb_camera_interface' build argument 'cmake_clean_cache' from command line to 'False'
[0.540s] Level 5:colcon.colcon_core.verb:set package 'as2_usb_camera_interface' build argument 'cmake_clean_first' from command line to 'False'
[0.540s] Level 5:colcon.colcon_core.verb:set package 'as2_usb_camera_interface' build argument 'cmake_force_configure' from command line to 'False'
[0.540s] Level 5:colcon.colcon_core.verb:set package 'as2_usb_camera_interface' build argument 'ament_cmake_args' from command line to 'None'
[0.540s] Level 5:colcon.colcon_core.verb:set package 'as2_usb_camera_interface' build argument 'catkin_cmake_args' from command line to 'None'
[0.540s] Level 5:colcon.colcon_core.verb:set package 'as2_usb_camera_interface' build argument 'catkin_skip_building_tests' from command line to 'False'
[0.540s] DEBUG:colcon.colcon_core.verb:Building package 'as2_usb_camera_interface' with the following arguments: {'ament_cmake_args': None, 'build_base': '/root/aerostack2_ws/build/as2_usb_camera_interface', 'catkin_cmake_args': None, 'catkin_skip_building_tests': False, 'cmake_args': None, 'cmake_clean_cache': False, 'cmake_clean_first': False, 'cmake_force_configure': False, 'cmake_target': None, 'cmake_target_skip_unavailable': False, 'install_base': '/root/aerostack2_ws/install/as2_usb_camera_interface', 'merge_install': False, 'path': '/root/aerostack2_ws/src/aerostack2/as2_hardware_drivers/as2_usb_camera_interface', 'symlink_install': False, 'test_result_base': None}
[0.540s] Level 5:colcon.colcon_core.verb:set package 'as2_behaviors_motion' build argument 'cmake_args' from command line to 'None'
[0.540s] Level 5:colcon.colcon_core.verb:set package 'as2_behaviors_motion' build argument 'cmake_target' from command line to 'None'
[0.540s] Level 5:colcon.colcon_core.verb:set package 'as2_behaviors_motion' build argument 'cmake_target_skip_unavailable' from command line to 'False'
[0.540s] Level 5:colcon.colcon_core.verb:set package 'as2_behaviors_motion' build argument 'cmake_clean_cache' from command line to 'False'
[0.540s] Level 5:colcon.colcon_core.verb:set package 'as2_behaviors_motion' build argument 'cmake_clean_first' from command line to 'False'
[0.540s] Level 5:colcon.colcon_core.verb:set package 'as2_behaviors_motion' build argument 'cmake_force_configure' from command line to 'False'
[0.540s] Level 5:colcon.colcon_core.verb:set package 'as2_behaviors_motion' build argument 'ament_cmake_args' from command line to 'None'
[0.540s] Level 5:colcon.colcon_core.verb:set package 'as2_behaviors_motion' build argument 'catkin_cmake_args' from command line to 'None'
[0.540s] Level 5:colcon.colcon_core.verb:set package 'as2_behaviors_motion' build argument 'catkin_skip_building_tests' from command line to 'False'
[0.540s] DEBUG:colcon.colcon_core.verb:Building package 'as2_behaviors_motion' with the following arguments: {'ament_cmake_args': None, 'build_base': '/root/aerostack2_ws/build/as2_behaviors_motion', 'catkin_cmake_args': None, 'catkin_skip_building_tests': False, 'cmake_args': None, 'cmake_clean_cache': False, 'cmake_clean_first': False, 'cmake_force_configure': False, 'cmake_target': None, 'cmake_target_skip_unavailable': False, 'install_base': '/root/aerostack2_ws/install/as2_behaviors_motion', 'merge_install': False, 'path': '/root/aerostack2_ws/src/aerostack2/as2_behaviors/as2_behaviors_motion', 'symlink_install': False, 'test_result_base': None}
[0.540s] Level 5:colcon.colcon_core.verb:set package 'as2_behaviors_path_planning' build argument 'cmake_args' from command line to 'None'
[0.540s] Level 5:colcon.colcon_core.verb:set package 'as2_behaviors_path_planning' build argument 'cmake_target' from command line to 'None'
[0.540s] Level 5:colcon.colcon_core.verb:set package 'as2_behaviors_path_planning' build argument 'cmake_target_skip_unavailable' from command line to 'False'
[0.540s] Level 5:colcon.colcon_core.verb:set package 'as2_behaviors_path_planning' build argument 'cmake_clean_cache' from command line to 'False'
[0.540s] Level 5:colcon.colcon_core.verb:set package 'as2_behaviors_path_planning' build argument 'cmake_clean_first' from command line to 'False'
[0.540s] Level 5:colcon.colcon_core.verb:set package 'as2_behaviors_path_planning' build argument 'cmake_force_configure' from command line to 'False'
[0.540s] Level 5:colcon.colcon_core.verb:set package 'as2_behaviors_path_planning' build argument 'ament_cmake_args' from command line to 'None'
[0.540s] Level 5:colcon.colcon_core.verb:set package 'as2_behaviors_path_planning' build argument 'catkin_cmake_args' from command line to 'None'
[0.540s] Level 5:colcon.colcon_core.verb:set package 'as2_behaviors_path_planning' build argument 'catkin_skip_building_tests' from command line to 'False'
[0.540s] DEBUG:colcon.colcon_core.verb:Building package 'as2_behaviors_path_planning' with the following arguments: {'ament_cmake_args': None, 'build_base': '/root/aerostack2_ws/build/as2_behaviors_path_planning', 'catkin_cmake_args': None, 'catkin_skip_building_tests': False, 'cmake_args': None, 'cmake_clean_cache': False, 'cmake_clean_first': False, 'cmake_force_configure': False, 'cmake_target': None, 'cmake_target_skip_unavailable': False, 'install_base': '/root/aerostack2_ws/install/as2_behaviors_path_planning', 'merge_install': False, 'path': '/root/aerostack2_ws/src/aerostack2/as2_behaviors/as2_behaviors_path_planning', 'symlink_install': False, 'test_result_base': None}
[0.541s] Level 5:colcon.colcon_core.verb:set package 'as2_behaviors_perception' build argument 'cmake_args' from command line to 'None'
[0.541s] Level 5:colcon.colcon_core.verb:set package 'as2_behaviors_perception' build argument 'cmake_target' from command line to 'None'
[0.541s] Level 5:colcon.colcon_core.verb:set package 'as2_behaviors_perception' build argument 'cmake_target_skip_unavailable' from command line to 'False'
[0.541s] Level 5:colcon.colcon_core.verb:set package 'as2_behaviors_perception' build argument 'cmake_clean_cache' from command line to 'False'
[0.541s] Level 5:colcon.colcon_core.verb:set package 'as2_behaviors_perception' build argument 'cmake_clean_first' from command line to 'False'
[0.541s] Level 5:colcon.colcon_core.verb:set package 'as2_behaviors_perception' build argument 'cmake_force_configure' from command line to 'False'
[0.541s] Level 5:colcon.colcon_core.verb:set package 'as2_behaviors_perception' build argument 'ament_cmake_args' from command line to 'None'
[0.541s] Level 5:colcon.colcon_core.verb:set package 'as2_behaviors_perception' build argument 'catkin_cmake_args' from command line to 'None'
[0.541s] Level 5:colcon.colcon_core.verb:set package 'as2_behaviors_perception' build argument 'catkin_skip_building_tests' from command line to 'False'
[0.541s] DEBUG:colcon.colcon_core.verb:Building package 'as2_behaviors_perception' with the following arguments: {'ament_cmake_args': None, 'build_base': '/root/aerostack2_ws/build/as2_behaviors_perception', 'catkin_cmake_args': None, 'catkin_skip_building_tests': False, 'cmake_args': None, 'cmake_clean_cache': False, 'cmake_clean_first': False, 'cmake_force_configure': False, 'cmake_target': None, 'cmake_target_skip_unavailable': False, 'install_base': '/root/aerostack2_ws/install/as2_behaviors_perception', 'merge_install': False, 'path': '/root/aerostack2_ws/src/aerostack2/as2_behaviors/as2_behaviors_perception', 'symlink_install': False, 'test_result_base': None}
[0.541s] Level 5:colcon.colcon_core.verb:set package 'as2_behaviors_platform' build argument 'cmake_args' from command line to 'None'
[0.541s] Level 5:colcon.colcon_core.verb:set package 'as2_behaviors_platform' build argument 'cmake_target' from command line to 'None'
[0.541s] Level 5:colcon.colcon_core.verb:set package 'as2_behaviors_platform' build argument 'cmake_target_skip_unavailable' from command line to 'False'
[0.541s] Level 5:colcon.colcon_core.verb:set package 'as2_behaviors_platform' build argument 'cmake_clean_cache' from command line to 'False'
[0.541s] Level 5:colcon.colcon_core.verb:set package 'as2_behaviors_platform' build argument 'cmake_clean_first' from command line to 'False'
[0.541s] Level 5:colcon.colcon_core.verb:set package 'as2_behaviors_platform' build argument 'cmake_force_configure' from command line to 'False'
[0.541s] Level 5:colcon.colcon_core.verb:set package 'as2_behaviors_platform' build argument 'ament_cmake_args' from command line to 'None'
[0.541s] Level 5:colcon.colcon_core.verb:set package 'as2_behaviors_platform' build argument 'catkin_cmake_args' from command line to 'None'
[0.541s] Level 5:colcon.colcon_core.verb:set package 'as2_behaviors_platform' build argument 'catkin_skip_building_tests' from command line to 'False'
[0.541s] DEBUG:colcon.colcon_core.verb:Building package 'as2_behaviors_platform' with the following arguments: {'ament_cmake_args': None, 'build_base': '/root/aerostack2_ws/build/as2_behaviors_platform', 'catkin_cmake_args': None, 'catkin_skip_building_tests': False, 'cmake_args': None, 'cmake_clean_cache': False, 'cmake_clean_first': False, 'cmake_force_configure': False, 'cmake_target': None, 'cmake_target_skip_unavailable': False, 'install_base': '/root/aerostack2_ws/install/as2_behaviors_platform', 'merge_install': False, 'path': '/root/aerostack2_ws/src/aerostack2/as2_behaviors/as2_behaviors_platform', 'symlink_install': False, 'test_result_base': None}
[0.541s] Level 5:colcon.colcon_core.verb:set package 'as2_behaviors_swarm_flocking' build argument 'cmake_args' from command line to 'None'
[0.541s] Level 5:colcon.colcon_core.verb:set package 'as2_behaviors_swarm_flocking' build argument 'cmake_target' from command line to 'None'
[0.541s] Level 5:colcon.colcon_core.verb:set package 'as2_behaviors_swarm_flocking' build argument 'cmake_target_skip_unavailable' from command line to 'False'
[0.541s] Level 5:colcon.colcon_core.verb:set package 'as2_behaviors_swarm_flocking' build argument 'cmake_clean_cache' from command line to 'False'
[0.541s] Level 5:colcon.colcon_core.verb:set package 'as2_behaviors_swarm_flocking' build argument 'cmake_clean_first' from command line to 'False'
[0.541s] Level 5:colcon.colcon_core.verb:set package 'as2_behaviors_swarm_flocking' build argument 'cmake_force_configure' from command line to 'False'
[0.541s] Level 5:colcon.colcon_core.verb:set package 'as2_behaviors_swarm_flocking' build argument 'ament_cmake_args' from command line to 'None'
[0.541s] Level 5:colcon.colcon_core.verb:set package 'as2_behaviors_swarm_flocking' build argument 'catkin_cmake_args' from command line to 'None'
[0.541s] Level 5:colcon.colcon_core.verb:set package 'as2_behaviors_swarm_flocking' build argument 'catkin_skip_building_tests' from command line to 'False'
[0.541s] DEBUG:colcon.colcon_core.verb:Building package 'as2_behaviors_swarm_flocking' with the following arguments: {'ament_cmake_args': None, 'build_base': '/root/aerostack2_ws/build/as2_behaviors_swarm_flocking', 'catkin_cmake_args': None, 'catkin_skip_building_tests': False, 'cmake_args': None, 'cmake_clean_cache': False, 'cmake_clean_first': False, 'cmake_force_configure': False, 'cmake_target': None, 'cmake_target_skip_unavailable': False, 'install_base': '/root/aerostack2_ws/install/as2_behaviors_swarm_flocking', 'merge_install': False, 'path': '/root/aerostack2_ws/src/aerostack2/as2_behaviors/as2_behaviors_swarm_flocking', 'symlink_install': False, 'test_result_base': None}
[0.542s] Level 5:colcon.colcon_core.verb:set package 'as2_behaviors_trajectory_generation' build argument 'cmake_args' from command line to 'None'
[0.542s] Level 5:colcon.colcon_core.verb:set package 'as2_behaviors_trajectory_generation' build argument 'cmake_target' from command line to 'None'
[0.542s] Level 5:colcon.colcon_core.verb:set package 'as2_behaviors_trajectory_generation' build argument 'cmake_target_skip_unavailable' from command line to 'False'
[0.542s] Level 5:colcon.colcon_core.verb:set package 'as2_behaviors_trajectory_generation' build argument 'cmake_clean_cache' from command line to 'False'
[0.542s] Level 5:colcon.colcon_core.verb:set package 'as2_behaviors_trajectory_generation' build argument 'cmake_clean_first' from command line to 'False'
[0.542s] Level 5:colcon.colcon_core.verb:set package 'as2_behaviors_trajectory_generation' build argument 'cmake_force_configure' from command line to 'False'
[0.542s] Level 5:colcon.colcon_core.verb:set package 'as2_behaviors_trajectory_generation' build argument 'ament_cmake_args' from command line to 'None'
[0.542s] Level 5:colcon.colcon_core.verb:set package 'as2_behaviors_trajectory_generation' build argument 'catkin_cmake_args' from command line to 'None'
[0.542s] Level 5:colcon.colcon_core.verb:set package 'as2_behaviors_trajectory_generation' build argument 'catkin_skip_building_tests' from command line to 'False'
[0.542s] DEBUG:colcon.colcon_core.verb:Building package 'as2_behaviors_trajectory_generation' with the following arguments: {'ament_cmake_args': None, 'build_base': '/root/aerostack2_ws/build/as2_behaviors_trajectory_generation', 'catkin_cmake_args': None, 'catkin_skip_building_tests': False, 'cmake_args': None, 'cmake_clean_cache': False, 'cmake_clean_first': False, 'cmake_force_configure': False, 'cmake_target': None, 'cmake_target_skip_unavailable': False, 'install_base': '/root/aerostack2_ws/install/as2_behaviors_trajectory_generation', 'merge_install': False, 'path': '/root/aerostack2_ws/src/aerostack2/as2_behaviors/as2_behaviors_trajectory_generation', 'symlink_install': False, 'test_result_base': None}
[0.542s] Level 5:colcon.colcon_core.verb:set package 'as2_motion_controller' build argument 'cmake_args' from command line to 'None'
[0.542s] Level 5:colcon.colcon_core.verb:set package 'as2_motion_controller' build argument 'cmake_target' from command line to 'None'
[0.542s] Level 5:colcon.colcon_core.verb:set package 'as2_motion_controller' build argument 'cmake_target_skip_unavailable' from command line to 'False'
[0.542s] Level 5:colcon.colcon_core.verb:set package 'as2_motion_controller' build argument 'cmake_clean_cache' from command line to 'False'
[0.542s] Level 5:colcon.colcon_core.verb:set package 'as2_motion_controller' build argument 'cmake_clean_first' from command line to 'False'
[0.542s] Level 5:colcon.colcon_core.verb:set package 'as2_motion_controller' build argument 'cmake_force_configure' from command line to 'False'
[0.542s] Level 5:colcon.colcon_core.verb:set package 'as2_motion_controller' build argument 'ament_cmake_args' from command line to 'None'
[0.542s] Level 5:colcon.colcon_core.verb:set package 'as2_motion_controller' build argument 'catkin_cmake_args' from command line to 'None'
[0.542s] Level 5:colcon.colcon_core.verb:set package 'as2_motion_controller' build argument 'catkin_skip_building_tests' from command line to 'False'
[0.542s] DEBUG:colcon.colcon_core.verb:Building package 'as2_motion_controller' with the following arguments: {'ament_cmake_args': None, 'build_base': '/root/aerostack2_ws/build/as2_motion_controller', 'catkin_cmake_args': None, 'catkin_skip_building_tests': False, 'cmake_args': None, 'cmake_clean_cache': False, 'cmake_clean_first': False, 'cmake_force_configure': False, 'cmake_target': None, 'cmake_target_skip_unavailable': False, 'install_base': '/root/aerostack2_ws/install/as2_motion_controller', 'merge_install': False, 'path': '/root/aerostack2_ws/src/aerostack2/as2_motion_controller', 'symlink_install': False, 'test_result_base': None}
[0.542s] Level 5:colcon.colcon_core.verb:set package 'as2_platform_gazebo' build argument 'cmake_args' from command line to 'None'
[0.542s] Level 5:colcon.colcon_core.verb:set package 'as2_platform_gazebo' build argument 'cmake_target' from command line to 'None'
[0.542s] Level 5:colcon.colcon_core.verb:set package 'as2_platform_gazebo' build argument 'cmake_target_skip_unavailable' from command line to 'False'
[0.542s] Level 5:colcon.colcon_core.verb:set package 'as2_platform_gazebo' build argument 'cmake_clean_cache' from command line to 'False'
[0.542s] Level 5:colcon.colcon_core.verb:set package 'as2_platform_gazebo' build argument 'cmake_clean_first' from command line to 'False'
[0.542s] Level 5:colcon.colcon_core.verb:set package 'as2_platform_gazebo' build argument 'cmake_force_configure' from command line to 'False'
[0.542s] Level 5:colcon.colcon_core.verb:set package 'as2_platform_gazebo' build argument 'ament_cmake_args' from command line to 'None'
[0.542s] Level 5:colcon.colcon_core.verb:set package 'as2_platform_gazebo' build argument 'catkin_cmake_args' from command line to 'None'
[0.542s] Level 5:colcon.colcon_core.verb:set package 'as2_platform_gazebo' build argument 'catkin_skip_building_tests' from command line to 'False'
[0.542s] DEBUG:colcon.colcon_core.verb:Building package 'as2_platform_gazebo' with the following arguments: {'ament_cmake_args': None, 'build_base': '/root/aerostack2_ws/build/as2_platform_gazebo', 'catkin_cmake_args': None, 'catkin_skip_building_tests': False, 'cmake_args': None, 'cmake_clean_cache': False, 'cmake_clean_first': False, 'cmake_force_configure': False, 'cmake_target': None, 'cmake_target_skip_unavailable': False, 'install_base': '/root/aerostack2_ws/install/as2_platform_gazebo', 'merge_install': False, 'path': '/root/aerostack2_ws/src/aerostack2/as2_aerial_platforms/as2_platform_gazebo', 'symlink_install': False, 'test_result_base': None}
[0.542s] Level 5:colcon.colcon_core.verb:set package 'as2_python_api' build argument 'cmake_args' from command line to 'None'
[0.542s] Level 5:colcon.colcon_core.verb:set package 'as2_python_api' build argument 'cmake_target' from command line to 'None'
[0.542s] Level 5:colcon.colcon_core.verb:set package 'as2_python_api' build argument 'cmake_target_skip_unavailable' from command line to 'False'
[0.542s] Level 5:colcon.colcon_core.verb:set package 'as2_python_api' build argument 'cmake_clean_cache' from command line to 'False'
[0.542s] Level 5:colcon.colcon_core.verb:set package 'as2_python_api' build argument 'cmake_clean_first' from command line to 'False'
[0.543s] Level 5:colcon.colcon_core.verb:set package 'as2_python_api' build argument 'cmake_force_configure' from command line to 'False'
[0.543s] Level 5:colcon.colcon_core.verb:set package 'as2_python_api' build argument 'ament_cmake_args' from command line to 'None'
[0.543s] Level 5:colcon.colcon_core.verb:set package 'as2_python_api' build argument 'catkin_cmake_args' from command line to 'None'
[0.543s] Level 5:colcon.colcon_core.verb:set package 'as2_python_api' build argument 'catkin_skip_building_tests' from command line to 'False'
[0.543s] DEBUG:colcon.colcon_core.verb:Building package 'as2_python_api' with the following arguments: {'ament_cmake_args': None, 'build_base': '/root/aerostack2_ws/build/as2_python_api', 'catkin_cmake_args': None, 'catkin_skip_building_tests': False, 'cmake_args': None, 'cmake_clean_cache': False, 'cmake_clean_first': False, 'cmake_force_configure': False, 'cmake_target': None, 'cmake_target_skip_unavailable': False, 'install_base': '/root/aerostack2_ws/install/as2_python_api', 'merge_install': False, 'path': '/root/aerostack2_ws/src/aerostack2/as2_python_api', 'symlink_install': False, 'test_result_base': None}
[0.543s] Level 5:colcon.colcon_core.verb:set package 'as2_rviz_plugins' build argument 'cmake_args' from command line to 'None'
[0.543s] Level 5:colcon.colcon_core.verb:set package 'as2_rviz_plugins' build argument 'cmake_target' from command line to 'None'
[0.543s] Level 5:colcon.colcon_core.verb:set package 'as2_rviz_plugins' build argument 'cmake_target_skip_unavailable' from command line to 'False'
[0.543s] Level 5:colcon.colcon_core.verb:set package 'as2_rviz_plugins' build argument 'cmake_clean_cache' from command line to 'False'
[0.543s] Level 5:colcon.colcon_core.verb:set package 'as2_rviz_plugins' build argument 'cmake_clean_first' from command line to 'False'
[0.543s] Level 5:colcon.colcon_core.verb:set package 'as2_rviz_plugins' build argument 'cmake_force_configure' from command line to 'False'
[0.543s] Level 5:colcon.colcon_core.verb:set package 'as2_rviz_plugins' build argument 'ament_cmake_args' from command line to 'None'
[0.543s] Level 5:colcon.colcon_core.verb:set package 'as2_rviz_plugins' build argument 'catkin_cmake_args' from command line to 'None'
[0.543s] Level 5:colcon.colcon_core.verb:set package 'as2_rviz_plugins' build argument 'catkin_skip_building_tests' from command line to 'False'
[0.543s] DEBUG:colcon.colcon_core.verb:Building package 'as2_rviz_plugins' with the following arguments: {'ament_cmake_args': None, 'build_base': '/root/aerostack2_ws/build/as2_rviz_plugins', 'catkin_cmake_args': None, 'catkin_skip_building_tests': False, 'cmake_args': None, 'cmake_clean_cache': False, 'cmake_clean_first': False, 'cmake_force_configure': False, 'cmake_target': None, 'cmake_target_skip_unavailable': False, 'install_base': '/root/aerostack2_ws/install/as2_rviz_plugins', 'merge_install': False, 'path': '/root/aerostack2_ws/src/aerostack2/as2_user_interfaces/as2_visualization/as2_rviz_plugins', 'symlink_install': False, 'test_result_base': None}
[0.543s] Level 5:colcon.colcon_core.verb:set package 'as2_visualization' build argument 'cmake_args' from command line to 'None'
[0.543s] Level 5:colcon.colcon_core.verb:set package 'as2_visualization' build argument 'cmake_target' from command line to 'None'
[0.543s] Level 5:colcon.colcon_core.verb:set package 'as2_visualization' build argument 'cmake_target_skip_unavailable' from command line to 'False'
[0.543s] Level 5:colcon.colcon_core.verb:set package 'as2_visualization' build argument 'cmake_clean_cache' from command line to 'False'
[0.543s] Level 5:colcon.colcon_core.verb:set package 'as2_visualization' build argument 'cmake_clean_first' from command line to 'False'
[0.543s] Level 5:colcon.colcon_core.verb:set package 'as2_visualization' build argument 'cmake_force_configure' from command line to 'False'
[0.543s] Level 5:colcon.colcon_core.verb:set package 'as2_visualization' build argument 'ament_cmake_args' from command line to 'None'
[0.543s] Level 5:colcon.colcon_core.verb:set package 'as2_visualization' build argument 'catkin_cmake_args' from command line to 'None'
[0.543s] Level 5:colcon.colcon_core.verb:set package 'as2_visualization' build argument 'catkin_skip_building_tests' from command line to 'False'
[0.543s] DEBUG:colcon.colcon_core.verb:Building package 'as2_visualization' with the following arguments: {'ament_cmake_args': None, 'build_base': '/root/aerostack2_ws/build/as2_visualization', 'catkin_cmake_args': None, 'catkin_skip_building_tests': False, 'cmake_args': None, 'cmake_clean_cache': False, 'cmake_clean_first': False, 'cmake_force_configure': False, 'cmake_target': None, 'cmake_target_skip_unavailable': False, 'install_base': '/root/aerostack2_ws/install/as2_visualization', 'merge_install': False, 'path': '/root/aerostack2_ws/src/aerostack2/as2_user_interfaces/as2_visualization/as2_visualization', 'symlink_install': False, 'test_result_base': None}
[0.543s] Level 5:colcon.colcon_core.verb:set package 'as2_keyboard_teleoperation' build argument 'cmake_args' from command line to 'None'
[0.543s] Level 5:colcon.colcon_core.verb:set package 'as2_keyboard_teleoperation' build argument 'cmake_target' from command line to 'None'
[0.543s] Level 5:colcon.colcon_core.verb:set package 'as2_keyboard_teleoperation' build argument 'cmake_target_skip_unavailable' from command line to 'False'
[0.543s] Level 5:colcon.colcon_core.verb:set package 'as2_keyboard_teleoperation' build argument 'cmake_clean_cache' from command line to 'False'
[0.543s] Level 5:colcon.colcon_core.verb:set package 'as2_keyboard_teleoperation' build argument 'cmake_clean_first' from command line to 'False'
[0.543s] Level 5:colcon.colcon_core.verb:set package 'as2_keyboard_teleoperation' build argument 'cmake_force_configure' from command line to 'False'
[0.543s] Level 5:colcon.colcon_core.verb:set package 'as2_keyboard_teleoperation' build argument 'ament_cmake_args' from command line to 'None'
[0.543s] Level 5:colcon.colcon_core.verb:set package 'as2_keyboard_teleoperation' build argument 'catkin_cmake_args' from command line to 'None'
[0.543s] Level 5:colcon.colcon_core.verb:set package 'as2_keyboard_teleoperation' build argument 'catkin_skip_building_tests' from command line to 'False'
[0.543s] DEBUG:colcon.colcon_core.verb:Building package 'as2_keyboard_teleoperation' with the following arguments: {'ament_cmake_args': None, 'build_base': '/root/aerostack2_ws/build/as2_keyboard_teleoperation', 'catkin_cmake_args': None, 'catkin_skip_building_tests': False, 'cmake_args': None, 'cmake_clean_cache': False, 'cmake_clean_first': False, 'cmake_force_configure': False, 'cmake_target': None, 'cmake_target_skip_unavailable': False, 'install_base': '/root/aerostack2_ws/install/as2_keyboard_teleoperation', 'merge_install': False, 'path': '/root/aerostack2_ws/src/aerostack2/as2_user_interfaces/as2_keyboard_teleoperation', 'symlink_install': False, 'test_result_base': None}
[0.544s] Level 5:colcon.colcon_core.verb:set package 'aerostack2' build argument 'cmake_args' from command line to 'None'
[0.544s] Level 5:colcon.colcon_core.verb:set package 'aerostack2' build argument 'cmake_target' from command line to 'None'
[0.544s] Level 5:colcon.colcon_core.verb:set package 'aerostack2' build argument 'cmake_target_skip_unavailable' from command line to 'False'
[0.544s] Level 5:colcon.colcon_core.verb:set package 'aerostack2' build argument 'cmake_clean_cache' from command line to 'False'
[0.544s] Level 5:colcon.colcon_core.verb:set package 'aerostack2' build argument 'cmake_clean_first' from command line to 'False'
[0.544s] Level 5:colcon.colcon_core.verb:set package 'aerostack2' build argument 'cmake_force_configure' from command line to 'False'
[0.544s] Level 5:colcon.colcon_core.verb:set package 'aerostack2' build argument 'ament_cmake_args' from command line to 'None'
[0.544s] Level 5:colcon.colcon_core.verb:set package 'aerostack2' build argument 'catkin_cmake_args' from command line to 'None'
[0.544s] Level 5:colcon.colcon_core.verb:set package 'aerostack2' build argument 'catkin_skip_building_tests' from command line to 'False'
[0.544s] DEBUG:colcon.colcon_core.verb:Building package 'aerostack2' with the following arguments: {'ament_cmake_args': None, 'build_base': '/root/aerostack2_ws/build/aerostack2', 'catkin_cmake_args': None, 'catkin_skip_building_tests': False, 'cmake_args': None, 'cmake_clean_cache': False, 'cmake_clean_first': False, 'cmake_force_configure': False, 'cmake_target': None, 'cmake_target_skip_unavailable': False, 'install_base': '/root/aerostack2_ws/install/aerostack2', 'merge_install': False, 'path': '/root/aerostack2_ws/src/aerostack2/aerostack2', 'symlink_install': False, 'test_result_base': None}
[0.544s] INFO:colcon.colcon_core.executor:Executing jobs using 'parallel' executor
[0.545s] DEBUG:colcon.colcon_parallel_executor.executor.parallel:run_until_complete
[0.545s] INFO:colcon.colcon_ros.task.ament_cmake.build:Building ROS package in '/root/aerostack2_ws/src/aerostack2/as2_msgs' with build type 'ament_cmake'
[0.545s] INFO:colcon.colcon_cmake.task.cmake.build:Building CMake package in '/root/aerostack2_ws/src/aerostack2/as2_msgs'
[0.551s] INFO:colcon.colcon_core.plugin_system:Skipping extension 'colcon_core.shell.bat': Not used on non-Windows systems
[0.551s] INFO:colcon.colcon_core.shell:Skip shell extension 'powershell' for command environment: Not usable outside of PowerShell
[0.551s] DEBUG:colcon.colcon_core.shell:Skip shell extension 'dsv' for command environment
[0.558s] INFO:colcon.colcon_ros.task.ament_cmake.build:Building ROS package in '/root/aerostack2_ws/src/aerostack2/as2_cli' with build type 'ament_cmake'
[0.558s] INFO:colcon.colcon_cmake.task.cmake.build:Building CMake package in '/root/aerostack2_ws/src/aerostack2/as2_cli'
[0.558s] INFO:colcon.colcon_core.shell:Skip shell extension 'powershell' for command environment: Not usable outside of PowerShell
[0.558s] DEBUG:colcon.colcon_core.shell:Skip shell extension 'dsv' for command environment
[0.563s] INFO:colcon.colcon_ros.task.ament_python.build:Building ROS package in '/root/aerostack2_ws/src/aerostack2/as2_groundray_perception' with build type 'ament_python'
[0.563s] Level 1:colcon.colcon_core.shell:create_environment_hook('as2_groundray_perception', 'ament_prefix_path')
[0.563s] INFO:colcon.colcon_core.shell:Creating environment hook '/root/aerostack2_ws/install/as2_groundray_perception/share/as2_groundray_perception/hook/ament_prefix_path.ps1'
[0.566s] INFO:colcon.colcon_core.shell:Creating environment descriptor '/root/aerostack2_ws/install/as2_groundray_perception/share/as2_groundray_perception/hook/ament_prefix_path.dsv'
[0.567s] INFO:colcon.colcon_core.shell:Creating environment hook '/root/aerostack2_ws/install/as2_groundray_perception/share/as2_groundray_perception/hook/ament_prefix_path.sh'
[0.568s] INFO:colcon.colcon_core.shell:Skip shell extension 'powershell' for command environment: Not usable outside of PowerShell
[0.568s] DEBUG:colcon.colcon_core.shell:Skip shell extension 'dsv' for command environment
[0.572s] INFO:colcon.colcon_ros.task.ament_python.build:Building ROS package in '/root/aerostack2_ws/src/aerostack2/as2_perception' with build type 'ament_python'
[0.572s] Level 1:colcon.colcon_core.shell:create_environment_hook('as2_perception', 'ament_prefix_path')
[0.573s] INFO:colcon.colcon_core.shell:Creating environment hook '/root/aerostack2_ws/install/as2_perception/share/as2_perception/hook/ament_prefix_path.ps1'
[0.573s] INFO:colcon.colcon_core.shell:Creating environment descriptor '/root/aerostack2_ws/install/as2_perception/share/as2_perception/hook/ament_prefix_path.dsv'
[0.573s] INFO:colcon.colcon_core.shell:Creating environment hook '/root/aerostack2_ws/install/as2_perception/share/as2_perception/hook/ament_prefix_path.sh'
[0.574s] INFO:colcon.colcon_core.shell:Skip shell extension 'powershell' for command environment: Not usable outside of PowerShell
[0.574s] DEBUG:colcon.colcon_core.shell:Skip shell extension 'dsv' for command environment
[0.578s] INFO:colcon.colcon_ros.task.ament_python.build:Building ROS package in '/root/aerostack2_ws/src/aerostack2/as2_project_bringup' with build type 'ament_python'
[0.578s] Level 1:colcon.colcon_core.shell:create_environment_hook('as2_project_bringup', 'ament_prefix_path')
[0.578s] INFO:colcon.colcon_core.shell:Creating environment hook '/root/aerostack2_ws/install/as2_project_bringup/share/as2_project_bringup/hook/ament_prefix_path.ps1'
[0.579s] INFO:colcon.colcon_core.shell:Creating environment descriptor '/root/aerostack2_ws/install/as2_project_bringup/share/as2_project_bringup/hook/ament_prefix_path.dsv'
[0.579s] INFO:colcon.colcon_core.shell:Creating environment hook '/root/aerostack2_ws/install/as2_project_bringup/share/as2_project_bringup/hook/ament_prefix_path.sh'
[0.579s] INFO:colcon.colcon_core.shell:Skip shell extension 'powershell' for command environment: Not usable outside of PowerShell
[0.579s] DEBUG:colcon.colcon_core.shell:Skip shell extension 'dsv' for command environment
[0.585s] INFO:colcon.colcon_ros.task.ament_python.build:Building ROS package in '/root/aerostack2_ws/src/aerostack2/as2_swarm_ekf' with build type 'ament_python'
[0.585s] Level 1:colcon.colcon_core.shell:create_environment_hook('as2_swarm_ekf', 'ament_prefix_path')
[0.585s] INFO:colcon.colcon_core.shell:Creating environment hook '/root/aerostack2_ws/install/as2_swarm_ekf/share/as2_swarm_ekf/hook/ament_prefix_path.ps1'
[0.586s] INFO:colcon.colcon_core.shell:Creating environment descriptor '/root/aerostack2_ws/install/as2_swarm_ekf/share/as2_swarm_ekf/hook/ament_prefix_path.dsv'
[0.586s] INFO:colcon.colcon_core.shell:Creating environment hook '/root/aerostack2_ws/install/as2_swarm_ekf/share/as2_swarm_ekf/hook/ament_prefix_path.sh'
[0.586s] INFO:colcon.colcon_core.shell:Skip shell extension 'powershell' for command environment: Not usable outside of PowerShell
[0.586s] DEBUG:colcon.colcon_core.shell:Skip shell extension 'dsv' for command environment
[0.590s] INFO:colcon.colcon_ros.task.ament_python.build:Building ROS package in '/root/aerostack2_ws/src/aerostack2/as2_swarm_fusion_ci' with build type 'ament_python'
[0.590s] Level 1:colcon.colcon_core.shell:create_environment_hook('as2_swarm_fusion_ci', 'ament_prefix_path')
[0.590s] INFO:colcon.colcon_core.shell:Creating environment hook '/root/aerostack2_ws/install/as2_swarm_fusion_ci/share/as2_swarm_fusion_ci/hook/ament_prefix_path.ps1'
[0.590s] INFO:colcon.colcon_core.shell:Creating environment descriptor '/root/aerostack2_ws/install/as2_swarm_fusion_ci/share/as2_swarm_fusion_ci/hook/ament_prefix_path.dsv'
[0.591s] INFO:colcon.colcon_core.shell:Creating environment hook '/root/aerostack2_ws/install/as2_swarm_fusion_ci/share/as2_swarm_fusion_ci/hook/ament_prefix_path.sh'
[0.591s] INFO:colcon.colcon_core.shell:Skip shell extension 'powershell' for command environment: Not usable outside of PowerShell
[0.591s] DEBUG:colcon.colcon_core.shell:Skip shell extension 'dsv' for command environment
[0.594s] INFO:colcon.colcon_ros.task.ament_python.build:Building ROS package in '/root/aerostack2_ws/src/aerostack2/as2_swarm_perception' with build type 'ament_python'
[0.595s] Level 1:colcon.colcon_core.shell:create_environment_hook('as2_swarm_perception', 'ament_prefix_path')
[0.595s] INFO:colcon.colcon_core.shell:Creating environment hook '/root/aerostack2_ws/install/as2_swarm_perception/share/as2_swarm_perception/hook/ament_prefix_path.ps1'
[0.595s] INFO:colcon.colcon_core.shell:Creating environment descriptor '/root/aerostack2_ws/install/as2_swarm_perception/share/as2_swarm_perception/hook/ament_prefix_path.dsv'
[0.595s] INFO:colcon.colcon_core.shell:Creating environment hook '/root/aerostack2_ws/install/as2_swarm_perception/share/as2_swarm_perception/hook/ament_prefix_path.sh'
[0.596s] INFO:colcon.colcon_core.shell:Skip shell extension 'powershell' for command environment: Not usable outside of PowerShell
[0.596s] DEBUG:colcon.colcon_core.shell:Skip shell extension 'dsv' for command environment
[0.603s] DEBUG:colcon.colcon_core.event_handler.log_command:Invoking command in '/root/aerostack2_ws/build/as2_msgs': CMAKE_PREFIX_PATH=${CMAKE_PREFIX_PATH}:/root/aerostack2_ws/install/rmf_demos_tasks:/root/aerostack2_ws/install/rmf_demos_panel:/root/aerostack2_ws/install/rmf_demos_fleet_adapter:/root/aerostack2_ws/install/rmf_demos_dashboard_resources:/root/aerostack2_ws/install/rmf_demos_bridges:/root/aerostack2_ws/install/rmf_demos_assets:/root/aerostack2_ws/install/as2_visualization:/root/aerostack2_ws/install/as2_swarm_perception:/root/aerostack2_ws/install/as2_swarm_fusion_ci:/root/aerostack2_ws/install/as2_swarm_ekf:/root/aerostack2_ws/install/as2_keyboard_teleoperation:/root/aerostack2_ws/install/as2_python_api:/root/aerostack2_ws/install/as2_project_bringup:/root/aerostack2_ws/install/as2_perception:/root/aerostack2_ws/install/as2_groundray_perception:/opt/ros/humble /usr/bin/cmake --build /root/aerostack2_ws/build/as2_msgs -- -j8 -l8
[0.610s] DEBUG:colcon.colcon_core.event_handler.log_command:Invoking command in '/root/aerostack2_ws/build/as2_cli': CMAKE_PREFIX_PATH=${CMAKE_PREFIX_PATH}:/root/aerostack2_ws/install/rmf_demos_tasks:/root/aerostack2_ws/install/rmf_demos_panel:/root/aerostack2_ws/install/rmf_demos_fleet_adapter:/root/aerostack2_ws/install/rmf_demos_dashboard_resources:/root/aerostack2_ws/install/rmf_demos_bridges:/root/aerostack2_ws/install/rmf_demos_assets:/root/aerostack2_ws/install/as2_visualization:/root/aerostack2_ws/install/as2_swarm_perception:/root/aerostack2_ws/install/as2_swarm_fusion_ci:/root/aerostack2_ws/install/as2_swarm_ekf:/root/aerostack2_ws/install/as2_keyboard_teleoperation:/root/aerostack2_ws/install/as2_python_api:/root/aerostack2_ws/install/as2_project_bringup:/root/aerostack2_ws/install/as2_perception:/root/aerostack2_ws/install/as2_groundray_perception:/opt/ros/humble /usr/bin/cmake --build /root/aerostack2_ws/build/as2_cli -- -j8 -l8
[0.859s] INFO:colcon.colcon_core.task.python.build:Building Python package in '/root/aerostack2_ws/src/aerostack2/as2_groundray_perception'
[0.859s] INFO:colcon.colcon_core.shell:Skip shell extension 'powershell' for command environment: Not usable outside of PowerShell
[0.859s] DEBUG:colcon.colcon_core.shell:Skip shell extension 'dsv' for command environment
[1.091s] INFO:colcon.colcon_core.task.python.build:Building Python package in '/root/aerostack2_ws/src/aerostack2/as2_perception'
[1.092s] INFO:colcon.colcon_core.shell:Skip shell extension 'powershell' for command environment: Not usable outside of PowerShell
[1.092s] DEBUG:colcon.colcon_core.shell:Skip shell extension 'dsv' for command environment
[1.305s] INFO:colcon.colcon_core.task.python.build:Building Python package in '/root/aerostack2_ws/src/aerostack2/as2_project_bringup'
[1.306s] INFO:colcon.colcon_core.shell:Skip shell extension 'powershell' for command environment: Not usable outside of PowerShell
[1.306s] DEBUG:colcon.colcon_core.shell:Skip shell extension 'dsv' for command environment
[1.513s] INFO:colcon.colcon_core.task.python.build:Building Python package in '/root/aerostack2_ws/src/aerostack2/as2_swarm_ekf'
[1.513s] INFO:colcon.colcon_core.shell:Skip shell extension 'powershell' for command environment: Not usable outside of PowerShell
[1.513s] DEBUG:colcon.colcon_core.shell:Skip shell extension 'dsv' for command environment
[1.720s] INFO:colcon.colcon_core.task.python.build:Building Python package in '/root/aerostack2_ws/src/aerostack2/as2_swarm_fusion_ci'
[1.720s] INFO:colcon.colcon_core.shell:Skip shell extension 'powershell' for command environment: Not usable outside of PowerShell
[1.720s] DEBUG:colcon.colcon_core.shell:Skip shell extension 'dsv' for command environment
[1.728s] DEBUG:colcon.colcon_core.event_handler.log_command:Invoked command in '/root/aerostack2_ws/build/as2_cli' returned '0': CMAKE_PREFIX_PATH=${CMAKE_PREFIX_PATH}:/root/aerostack2_ws/install/rmf_demos_tasks:/root/aerostack2_ws/install/rmf_demos_panel:/root/aerostack2_ws/install/rmf_demos_fleet_adapter:/root/aerostack2_ws/install/rmf_demos_dashboard_resources:/root/aerostack2_ws/install/rmf_demos_bridges:/root/aerostack2_ws/install/rmf_demos_assets:/root/aerostack2_ws/install/as2_visualization:/root/aerostack2_ws/install/as2_swarm_perception:/root/aerostack2_ws/install/as2_swarm_fusion_ci:/root/aerostack2_ws/install/as2_swarm_ekf:/root/aerostack2_ws/install/as2_keyboard_teleoperation:/root/aerostack2_ws/install/as2_python_api:/root/aerostack2_ws/install/as2_project_bringup:/root/aerostack2_ws/install/as2_perception:/root/aerostack2_ws/install/as2_groundray_perception:/opt/ros/humble /usr/bin/cmake --build /root/aerostack2_ws/build/as2_cli -- -j8 -l8
[1.737s] DEBUG:colcon.colcon_core.event_handler.log_command:Invoking command in '/root/aerostack2_ws/build/as2_cli': CMAKE_PREFIX_PATH=${CMAKE_PREFIX_PATH}:/root/aerostack2_ws/install/rmf_demos_tasks:/root/aerostack2_ws/install/rmf_demos_panel:/root/aerostack2_ws/install/rmf_demos_fleet_adapter:/root/aerostack2_ws/install/rmf_demos_dashboard_resources:/root/aerostack2_ws/install/rmf_demos_bridges:/root/aerostack2_ws/install/rmf_demos_assets:/root/aerostack2_ws/install/as2_visualization:/root/aerostack2_ws/install/as2_swarm_perception:/root/aerostack2_ws/install/as2_swarm_fusion_ci:/root/aerostack2_ws/install/as2_swarm_ekf:/root/aerostack2_ws/install/as2_keyboard_teleoperation:/root/aerostack2_ws/install/as2_python_api:/root/aerostack2_ws/install/as2_project_bringup:/root/aerostack2_ws/install/as2_perception:/root/aerostack2_ws/install/as2_groundray_perception:/opt/ros/humble /usr/bin/cmake --install /root/aerostack2_ws/build/as2_cli
[1.738s] DEBUG:colcon.colcon_core.event_handler.log_command:Invoked command in '/root/aerostack2_ws/build/as2_msgs' returned '0': CMAKE_PREFIX_PATH=${CMAKE_PREFIX_PATH}:/root/aerostack2_ws/install/rmf_demos_tasks:/root/aerostack2_ws/install/rmf_demos_panel:/root/aerostack2_ws/install/rmf_demos_fleet_adapter:/root/aerostack2_ws/install/rmf_demos_dashboard_resources:/root/aerostack2_ws/install/rmf_demos_bridges:/root/aerostack2_ws/install/rmf_demos_assets:/root/aerostack2_ws/install/as2_visualization:/root/aerostack2_ws/install/as2_swarm_perception:/root/aerostack2_ws/install/as2_swarm_fusion_ci:/root/aerostack2_ws/install/as2_swarm_ekf:/root/aerostack2_ws/install/as2_keyboard_teleoperation:/root/aerostack2_ws/install/as2_python_api:/root/aerostack2_ws/install/as2_project_bringup:/root/aerostack2_ws/install/as2_perception:/root/aerostack2_ws/install/as2_groundray_perception:/opt/ros/humble /usr/bin/cmake --build /root/aerostack2_ws/build/as2_msgs -- -j8 -l8
[1.739s] DEBUG:colcon.colcon_core.event_handler.log_command:Invoking command in '/root/aerostack2_ws/build/as2_msgs': CMAKE_PREFIX_PATH=${CMAKE_PREFIX_PATH}:/root/aerostack2_ws/install/rmf_demos_tasks:/root/aerostack2_ws/install/rmf_demos_panel:/root/aerostack2_ws/install/rmf_demos_fleet_adapter:/root/aerostack2_ws/install/rmf_demos_dashboard_resources:/root/aerostack2_ws/install/rmf_demos_bridges:/root/aerostack2_ws/install/rmf_demos_assets:/root/aerostack2_ws/install/as2_visualization:/root/aerostack2_ws/install/as2_swarm_perception:/root/aerostack2_ws/install/as2_swarm_fusion_ci:/root/aerostack2_ws/install/as2_swarm_ekf:/root/aerostack2_ws/install/as2_keyboard_teleoperation:/root/aerostack2_ws/install/as2_python_api:/root/aerostack2_ws/install/as2_project_bringup:/root/aerostack2_ws/install/as2_perception:/root/aerostack2_ws/install/as2_groundray_perception:/opt/ros/humble /usr/bin/cmake --install /root/aerostack2_ws/build/as2_msgs
[1.941s] INFO:colcon.colcon_core.task.python.build:Building Python package in '/root/aerostack2_ws/src/aerostack2/as2_swarm_perception'
[1.941s] INFO:colcon.colcon_core.shell:Skip shell extension 'powershell' for command environment: Not usable outside of PowerShell
[1.941s] DEBUG:colcon.colcon_core.shell:Skip shell extension 'dsv' for command environment
[2.018s] Level 1:colcon.colcon_core.environment:create_environment_scripts_only(as2_cli)
[2.035s] Level 1:colcon.colcon_core.environment:checking '/root/aerostack2_ws/install/as2_cli' for CMake module files
[2.036s] Level 1:colcon.colcon_core.environment:checking '/root/aerostack2_ws/install/as2_cli' for CMake config files
[2.036s] Level 1:colcon.colcon_core.shell:create_environment_hook('as2_cli', 'cmake_prefix_path')
[2.040s] INFO:colcon.colcon_core.shell:Creating environment hook '/root/aerostack2_ws/install/as2_cli/share/as2_cli/hook/cmake_prefix_path.ps1'
[2.043s] INFO:colcon.colcon_core.shell:Creating environment descriptor '/root/aerostack2_ws/install/as2_cli/share/as2_cli/hook/cmake_prefix_path.dsv'
[2.044s] INFO:colcon.colcon_core.shell:Creating environment hook '/root/aerostack2_ws/install/as2_cli/share/as2_cli/hook/cmake_prefix_path.sh'
[2.046s] Level 1:colcon.colcon_core.environment:checking '/root/aerostack2_ws/install/as2_cli/bin'
[2.046s] Level 1:colcon.colcon_core.environment:checking '/root/aerostack2_ws/install/as2_cli/lib/pkgconfig/as2_cli.pc'
[2.049s] Level 1:colcon.colcon_core.environment:checking '/root/aerostack2_ws/install/as2_cli/lib/python3.10/site-packages'
[2.050s] Level 1:colcon.colcon_core.environment:checking '/root/aerostack2_ws/install/as2_cli/bin'
[2.052s] INFO:colcon.colcon_core.shell:Creating package script '/root/aerostack2_ws/install/as2_cli/share/as2_cli/package.ps1'
[2.056s] INFO:colcon.colcon_core.shell:Creating package descriptor '/root/aerostack2_ws/install/as2_cli/share/as2_cli/package.dsv'
[2.064s] INFO:colcon.colcon_core.shell:Creating package script '/root/aerostack2_ws/install/as2_cli/share/as2_cli/package.sh'
[2.068s] INFO:colcon.colcon_core.shell:Creating package script '/root/aerostack2_ws/install/as2_cli/share/as2_cli/package.bash'
[2.074s] INFO:colcon.colcon_core.shell:Creating package script '/root/aerostack2_ws/install/as2_cli/share/as2_cli/package.zsh'
[2.087s] Level 1:colcon.colcon_core.environment:create_file_with_runtime_dependencies(/root/aerostack2_ws/install/as2_cli/share/colcon-core/packages/as2_cli)
[2.091s] Level 1:colcon.colcon_core.environment:create_environment_scripts_only(as2_cli)
[2.092s] Level 1:colcon.colcon_core.environment:checking '/root/aerostack2_ws/install/as2_cli' for CMake module files
[2.092s] Level 1:colcon.colcon_core.environment:checking '/root/aerostack2_ws/install/as2_cli' for CMake config files
[2.104s] Level 1:colcon.colcon_core.shell:create_environment_hook('as2_cli', 'cmake_prefix_path')
[2.104s] INFO:colcon.colcon_core.shell:Creating environment hook '/root/aerostack2_ws/install/as2_cli/share/as2_cli/hook/cmake_prefix_path.ps1'
[2.109s] INFO:colcon.colcon_core.shell:Creating environment descriptor '/root/aerostack2_ws/install/as2_cli/share/as2_cli/hook/cmake_prefix_path.dsv'
[2.111s] INFO:colcon.colcon_core.shell:Creating environment hook '/root/aerostack2_ws/install/as2_cli/share/as2_cli/hook/cmake_prefix_path.sh'
[2.117s] Level 1:colcon.colcon_core.environment:checking '/root/aerostack2_ws/install/as2_cli/bin'
[2.118s] Level 1:colcon.colcon_core.environment:checking '/root/aerostack2_ws/install/as2_cli/lib/pkgconfig/as2_cli.pc'
[2.120s] Level 1:colcon.colcon_core.environment:checking '/root/aerostack2_ws/install/as2_cli/lib/python3.10/site-packages'
[2.120s] Level 1:colcon.colcon_core.environment:checking '/root/aerostack2_ws/install/as2_cli/bin'
[2.119s] DEBUG:colcon.colcon_core.event_handler.log_command:Invoked command in '/root/aerostack2_ws/build/as2_cli' returned '0': CMAKE_PREFIX_PATH=${CMAKE_PREFIX_PATH}:/root/aerostack2_ws/install/rmf_demos_tasks:/root/aerostack2_ws/install/rmf_demos_panel:/root/aerostack2_ws/install/rmf_demos_fleet_adapter:/root/aerostack2_ws/install/rmf_demos_dashboard_resources:/root/aerostack2_ws/install/rmf_demos_bridges:/root/aerostack2_ws/install/rmf_demos_assets:/root/aerostack2_ws/install/as2_visualization:/root/aerostack2_ws/install/as2_swarm_perception:/root/aerostack2_ws/install/as2_swarm_fusion_ci:/root/aerostack2_ws/install/as2_swarm_ekf:/root/aerostack2_ws/install/as2_keyboard_teleoperation:/root/aerostack2_ws/install/as2_python_api:/root/aerostack2_ws/install/as2_project_bringup:/root/aerostack2_ws/install/as2_perception:/root/aerostack2_ws/install/as2_groundray_perception:/opt/ros/humble /usr/bin/cmake --install /root/aerostack2_ws/build/as2_cli
[2.120s] INFO:colcon.colcon_core.shell:Creating package script '/root/aerostack2_ws/install/as2_cli/share/as2_cli/package.ps1'
[2.125s] INFO:colcon.colcon_core.shell:Creating package descriptor '/root/aerostack2_ws/install/as2_cli/share/as2_cli/package.dsv'
[2.129s] INFO:colcon.colcon_core.shell:Creating package script '/root/aerostack2_ws/install/as2_cli/share/as2_cli/package.sh'
[2.130s] INFO:colcon.colcon_core.shell:Creating package script '/root/aerostack2_ws/install/as2_cli/share/as2_cli/package.bash'
[2.131s] INFO:colcon.colcon_core.shell:Creating package script '/root/aerostack2_ws/install/as2_cli/share/as2_cli/package.zsh'
[2.131s] Level 1:colcon.colcon_core.environment:create_file_with_runtime_dependencies(/root/aerostack2_ws/install/as2_cli/share/colcon-core/packages/as2_cli)
[2.138s] Level 1:colcon.colcon_core.environment:create_environment_scripts_only(as2_msgs)
[2.138s] Level 1:colcon.colcon_core.environment:checking '/root/aerostack2_ws/install/as2_msgs' for CMake module files
[2.139s] Level 1:colcon.colcon_core.environment:checking '/root/aerostack2_ws/install/as2_msgs' for CMake config files
[2.140s] Level 1:colcon.colcon_core.shell:create_environment_hook('as2_msgs', 'cmake_prefix_path')
[2.140s] INFO:colcon.colcon_core.shell:Creating environment hook '/root/aerostack2_ws/install/as2_msgs/share/as2_msgs/hook/cmake_prefix_path.ps1'
[2.140s] INFO:colcon.colcon_core.shell:Creating environment descriptor '/root/aerostack2_ws/install/as2_msgs/share/as2_msgs/hook/cmake_prefix_path.dsv'
[2.141s] INFO:colcon.colcon_core.shell:Creating environment hook '/root/aerostack2_ws/install/as2_msgs/share/as2_msgs/hook/cmake_prefix_path.sh'
[2.144s] Level 1:colcon.colcon_core.environment:checking '/root/aerostack2_ws/install/as2_msgs/lib'
[2.145s] Level 1:colcon.colcon_core.shell:create_environment_hook('as2_msgs', 'ld_library_path_lib')
[2.146s] INFO:colcon.colcon_core.shell:Creating environment hook '/root/aerostack2_ws/install/as2_msgs/share/as2_msgs/hook/ld_library_path_lib.ps1'
[2.149s] INFO:colcon.colcon_core.shell:Creating environment descriptor '/root/aerostack2_ws/install/as2_msgs/share/as2_msgs/hook/ld_library_path_lib.dsv'
[2.150s] INFO:colcon.colcon_core.shell:Creating environment hook '/root/aerostack2_ws/install/as2_msgs/share/as2_msgs/hook/ld_library_path_lib.sh'
[2.151s] Level 1:colcon.colcon_core.environment:checking '/root/aerostack2_ws/install/as2_msgs/bin'
[2.151s] Level 1:colcon.colcon_core.environment:checking '/root/aerostack2_ws/install/as2_msgs/lib/pkgconfig/as2_msgs.pc'
[2.151s] Level 1:colcon.colcon_core.environment:checking '/root/aerostack2_ws/install/as2_msgs/lib/python3.10/site-packages'
[2.152s] Level 1:colcon.colcon_core.environment:checking '/root/aerostack2_ws/install/as2_msgs/bin'
[2.152s] DEBUG:colcon.colcon_core.event_handler.log_command:Invoked command in '/root/aerostack2_ws/build/as2_msgs' returned '0': CMAKE_PREFIX_PATH=${CMAKE_PREFIX_PATH}:/root/aerostack2_ws/install/rmf_demos_tasks:/root/aerostack2_ws/install/rmf_demos_panel:/root/aerostack2_ws/install/rmf_demos_fleet_adapter:/root/aerostack2_ws/install/rmf_demos_dashboard_resources:/root/aerostack2_ws/install/rmf_demos_bridges:/root/aerostack2_ws/install/rmf_demos_assets:/root/aerostack2_ws/install/as2_visualization:/root/aerostack2_ws/install/as2_swarm_perception:/root/aerostack2_ws/install/as2_swarm_fusion_ci:/root/aerostack2_ws/install/as2_swarm_ekf:/root/aerostack2_ws/install/as2_keyboard_teleoperation:/root/aerostack2_ws/install/as2_python_api:/root/aerostack2_ws/install/as2_project_bringup:/root/aerostack2_ws/install/as2_perception:/root/aerostack2_ws/install/as2_groundray_perception:/opt/ros/humble /usr/bin/cmake --install /root/aerostack2_ws/build/as2_msgs
[2.152s] INFO:colcon.colcon_core.shell:Creating package script '/root/aerostack2_ws/install/as2_msgs/share/as2_msgs/package.ps1'
[2.153s] INFO:colcon.colcon_core.shell:Creating package descriptor '/root/aerostack2_ws/install/as2_msgs/share/as2_msgs/package.dsv'
[2.154s] INFO:colcon.colcon_core.shell:Creating package script '/root/aerostack2_ws/install/as2_msgs/share/as2_msgs/package.sh'
[2.154s] INFO:colcon.colcon_core.shell:Creating package script '/root/aerostack2_ws/install/as2_msgs/share/as2_msgs/package.bash'
[2.155s] INFO:colcon.colcon_core.shell:Creating package script '/root/aerostack2_ws/install/as2_msgs/share/as2_msgs/package.zsh'
[2.155s] Level 1:colcon.colcon_core.environment:create_file_with_runtime_dependencies(/root/aerostack2_ws/install/as2_msgs/share/colcon-core/packages/as2_msgs)
[2.156s] Level 1:colcon.colcon_core.environment:create_environment_scripts_only(as2_msgs)
[2.156s] Level 1:colcon.colcon_core.environment:checking '/root/aerostack2_ws/install/as2_msgs' for CMake module files
[2.157s] Level 1:colcon.colcon_core.environment:checking '/root/aerostack2_ws/install/as2_msgs' for CMake config files
[2.157s] Level 1:colcon.colcon_core.shell:create_environment_hook('as2_msgs', 'cmake_prefix_path')
[2.158s] INFO:colcon.colcon_core.shell:Creating environment hook '/root/aerostack2_ws/install/as2_msgs/share/as2_msgs/hook/cmake_prefix_path.ps1'
[2.158s] INFO:colcon.colcon_core.shell:Creating environment descriptor '/root/aerostack2_ws/install/as2_msgs/share/as2_msgs/hook/cmake_prefix_path.dsv'
[2.159s] INFO:colcon.colcon_core.shell:Creating environment hook '/root/aerostack2_ws/install/as2_msgs/share/as2_msgs/hook/cmake_prefix_path.sh'
[2.159s] Level 1:colcon.colcon_core.environment:checking '/root/aerostack2_ws/install/as2_msgs/lib'
[2.159s] Level 1:colcon.colcon_core.shell:create_environment_hook('as2_msgs', 'ld_library_path_lib')
[2.160s] INFO:colcon.colcon_core.shell:Creating environment hook '/root/aerostack2_ws/install/as2_msgs/share/as2_msgs/hook/ld_library_path_lib.ps1'
[2.160s] INFO:colcon.colcon_core.shell:Creating environment descriptor '/root/aerostack2_ws/install/as2_msgs/share/as2_msgs/hook/ld_library_path_lib.dsv'
[2.160s] INFO:colcon.colcon_core.shell:Creating environment hook '/root/aerostack2_ws/install/as2_msgs/share/as2_msgs/hook/ld_library_path_lib.sh'
[2.161s] Level 1:colcon.colcon_core.environment:checking '/root/aerostack2_ws/install/as2_msgs/bin'
[2.161s] Level 1:colcon.colcon_core.environment:checking '/root/aerostack2_ws/install/as2_msgs/lib/pkgconfig/as2_msgs.pc'
[2.161s] Level 1:colcon.colcon_core.environment:checking '/root/aerostack2_ws/install/as2_msgs/lib/python3.10/site-packages'
[2.162s] Level 1:colcon.colcon_core.environment:checking '/root/aerostack2_ws/install/as2_msgs/bin'
[2.162s] INFO:colcon.colcon_core.shell:Creating package script '/root/aerostack2_ws/install/as2_msgs/share/as2_msgs/package.ps1'
[2.164s] INFO:colcon.colcon_core.shell:Creating package descriptor '/root/aerostack2_ws/install/as2_msgs/share/as2_msgs/package.dsv'
[2.165s] INFO:colcon.colcon_core.shell:Creating package script '/root/aerostack2_ws/install/as2_msgs/share/as2_msgs/package.sh'
[2.166s] INFO:colcon.colcon_core.shell:Creating package script '/root/aerostack2_ws/install/as2_msgs/share/as2_msgs/package.bash'
[2.167s] INFO:colcon.colcon_core.shell:Creating package script '/root/aerostack2_ws/install/as2_msgs/share/as2_msgs/package.zsh'
[2.167s] Level 1:colcon.colcon_core.environment:create_file_with_runtime_dependencies(/root/aerostack2_ws/install/as2_msgs/share/colcon-core/packages/as2_msgs)
[2.168s] INFO:colcon.colcon_ros.task.ament_cmake.build:Building ROS package in '/root/aerostack2_ws/src/aerostack2/as2_core' with build type 'ament_cmake'
[2.168s] INFO:colcon.colcon_cmake.task.cmake.build:Building CMake package in '/root/aerostack2_ws/src/aerostack2/as2_core'
[2.168s] INFO:colcon.colcon_core.shell:Skip shell extension 'powershell' for command environment: Not usable outside of PowerShell
[2.168s] DEBUG:colcon.colcon_core.shell:Skip shell extension 'dsv' for command environment
[2.199s] DEBUG:colcon.colcon_core.event_handler.log_command:Invoking command in '/root/aerostack2_ws/build/as2_core': CMAKE_PREFIX_PATH=/root/aerostack2_ws/install/as2_msgs:/root/aerostack2_ws/install/rmf_demos_gz_classic:/root/aerostack2_ws/install/rmf_demos_gz:/root/aerostack2_ws/install/rmf_demos:/root/aerostack2_ws/install/rmf_demos_maps:/root/aerostack2_ws/install/aerostack2:/root/aerostack2_ws/install/as2_usb_camera_interface:/root/aerostack2_ws/install/as2_state_estimator:/root/aerostack2_ws/install/as2_rviz_plugins:/root/aerostack2_ws/install/as2_realsense_interface:/root/aerostack2_ws/install/as2_platform_multirotor_simulator:/root/aerostack2_ws/install/as2_platform_gazebo:/root/aerostack2_ws/install/as2_motion_controller:/root/aerostack2_ws/install/as2_behaviors_trajectory_generation:/root/aerostack2_ws/install/as2_behaviors_swarm_flocking:/root/aerostack2_ws/install/as2_behaviors_motion:/root/aerostack2_ws/install/as2_motion_reference_handlers:/root/aerostack2_ws/install/as2_map_server:/root/aerostack2_ws/install/as2_geozones:/root/aerostack2_ws/install/as2_gazebo_assets:/root/aerostack2_ws/install/as2_external_object_to_tf:/root/aerostack2_ws/install/as2_behaviors_platform:/root/aerostack2_ws/install/as2_behaviors_perception:/root/aerostack2_ws/install/as2_behaviors_path_planning:/root/aerostack2_ws/install/as2_behavior_tree:/root/aerostack2_ws/install/as2_behavior:/root/aerostack2_ws/install/as2_alphanumeric_viewer:/root/aerostack2_ws/install/as2_core:/root/aerostack2_ws/install/as2_cli:/root/aerostack2_ws/install/rmf_demos_tasks:/root/aerostack2_ws/install/rmf_demos_panel:/root/aerostack2_ws/install/rmf_demos_fleet_adapter:/root/aerostack2_ws/install/rmf_demos_dashboard_resources:/root/aerostack2_ws/install/rmf_demos_bridges:/root/aerostack2_ws/install/rmf_demos_assets:/root/aerostack2_ws/install/as2_visualization:/root/aerostack2_ws/install/as2_swarm_perception:/root/aerostack2_ws/install/as2_swarm_fusion_ci:/root/aerostack2_ws/install/as2_swarm_ekf:/root/aerostack2_ws/install/as2_keyboard_teleoperation:/root/aerostack2_ws/install/as2_python_api:/root/aerostack2_ws/install/as2_project_bringup:/root/aerostack2_ws/install/as2_perception:/root/aerostack2_ws/install/as2_groundray_perception:/opt/ros/humble LD_LIBRARY_PATH=/root/aerostack2_ws/install/as2_msgs/lib:/root/aerostack2_ws/install/as2_state_estimator/lib:/root/aerostack2_ws/install/as2_python_api/lib:/root/aerostack2_ws/install/as2_motion_controller/lib:/root/aerostack2_ws/install/as2_behaviors_trajectory_generation/lib:/root/aerostack2_ws/install/as2_behaviors_swarm_flocking/lib:/root/aerostack2_ws/install/as2_behaviors_motion/lib:/root/aerostack2_ws/install/as2_motion_reference_handlers/lib:/root/aerostack2_ws/install/as2_map_server/lib:/root/aerostack2_ws/install/as2_gazebo_assets/lib:/root/aerostack2_ws/install/as2_behaviors_perception/lib:/root/aerostack2_ws/install/as2_behaviors_path_planning/lib:/root/aerostack2_ws/install/as2_behavior_tree/lib:/root/aerostack2_ws/install/as2_behavior/lib:/root/aerostack2_ws/install/as2_core/lib:/opt/ros/humble/opt/rviz_ogre_vendor/lib:/opt/ros/humble/lib/x86_64-linux-gnu:/opt/ros/humble/lib /usr/bin/cmake --build /root/aerostack2_ws/build/as2_core -- -j8 -l8
[2.791s] DEBUG:colcon.colcon_core.event_handler.log_command:Invoking command in '/root/aerostack2_ws/src/aerostack2/as2_swarm_perception': PYTHONPATH=/root/aerostack2_ws/build/as2_swarm_perception/prefix_override:/usr/lib/python3/dist-packages/colcon_core/task/python/colcon_distutils_commands:/root/aerostack2_ws/install/as2_swarm_perception/lib/python3.10/site-packages:${PYTHONPATH} /usr/bin/python3 -W ignore:setup.py install is deprecated -W ignore:easy_install command is deprecated setup.py egg_info --egg-base ../../../build/as2_swarm_perception build --build-base /root/aerostack2_ws/build/as2_swarm_perception/build install --record /root/aerostack2_ws/build/as2_swarm_perception/install.log --single-version-externally-managed install_data
[2.795s] DEBUG:colcon.colcon_core.event_handler.log_command:Invoking command in '/root/aerostack2_ws/src/aerostack2/as2_perception': PYTHONPATH=/root/aerostack2_ws/build/as2_perception/prefix_override:/usr/lib/python3/dist-packages/colcon_core/task/python/colcon_distutils_commands:/root/aerostack2_ws/install/as2_perception/lib/python3.10/site-packages:${PYTHONPATH} /usr/bin/python3 -W ignore:setup.py install is deprecated -W ignore:easy_install command is deprecated setup.py egg_info --egg-base ../../../build/as2_perception build --build-base /root/aerostack2_ws/build/as2_perception/build install --record /root/aerostack2_ws/build/as2_perception/install.log --single-version-externally-managed install_data
[2.802s] DEBUG:colcon.colcon_core.event_handler.log_command:Invoking command in '/root/aerostack2_ws/src/aerostack2/as2_swarm_fusion_ci': PYTHONPATH=/root/aerostack2_ws/build/as2_swarm_fusion_ci/prefix_override:/usr/lib/python3/dist-packages/colcon_core/task/python/colcon_distutils_commands:/root/aerostack2_ws/install/as2_swarm_fusion_ci/lib/python3.10/site-packages:${PYTHONPATH} /usr/bin/python3 -W ignore:setup.py install is deprecated -W ignore:easy_install command is deprecated setup.py egg_info --egg-base ../../../build/as2_swarm_fusion_ci build --build-base /root/aerostack2_ws/build/as2_swarm_fusion_ci/build install --record /root/aerostack2_ws/build/as2_swarm_fusion_ci/install.log --single-version-externally-managed install_data
[2.812s] DEBUG:colcon.colcon_core.event_handler.log_command:Invoking command in '/root/aerostack2_ws/src/aerostack2/as2_project_bringup': PYTHONPATH=/root/aerostack2_ws/build/as2_project_bringup/prefix_override:/usr/lib/python3/dist-packages/colcon_core/task/python/colcon_distutils_commands:/root/aerostack2_ws/install/as2_project_bringup/lib/python3.10/site-packages:${PYTHONPATH} /usr/bin/python3 -W ignore:setup.py install is deprecated -W ignore:easy_install command is deprecated setup.py egg_info --egg-base ../../../build/as2_project_bringup build --build-base /root/aerostack2_ws/build/as2_project_bringup/build install --record /root/aerostack2_ws/build/as2_project_bringup/install.log --single-version-externally-managed install_data
[2.820s] DEBUG:colcon.colcon_core.event_handler.log_command:Invoking command in '/root/aerostack2_ws/src/aerostack2/as2_swarm_ekf': PYTHONPATH=/root/aerostack2_ws/build/as2_swarm_ekf/prefix_override:/usr/lib/python3/dist-packages/colcon_core/task/python/colcon_distutils_commands:/root/aerostack2_ws/install/as2_swarm_ekf/lib/python3.10/site-packages:${PYTHONPATH} /usr/bin/python3 -W ignore:setup.py install is deprecated -W ignore:easy_install command is deprecated setup.py egg_info --egg-base ../../../build/as2_swarm_ekf build --build-base /root/aerostack2_ws/build/as2_swarm_ekf/build install --record /root/aerostack2_ws/build/as2_swarm_ekf/install.log --single-version-externally-managed install_data
[2.837s] DEBUG:colcon.colcon_core.event_handler.log_command:Invoking command in '/root/aerostack2_ws/src/aerostack2/as2_groundray_perception': PYTHONPATH=/root/aerostack2_ws/build/as2_groundray_perception/prefix_override:/usr/lib/python3/dist-packages/colcon_core/task/python/colcon_distutils_commands:/root/aerostack2_ws/install/as2_groundray_perception/lib/python3.10/site-packages:${PYTHONPATH} /usr/bin/python3 -W ignore:setup.py install is deprecated -W ignore:easy_install command is deprecated setup.py egg_info --egg-base ../../../build/as2_groundray_perception build --build-base /root/aerostack2_ws/build/as2_groundray_perception/build install --record /root/aerostack2_ws/build/as2_groundray_perception/install.log --single-version-externally-managed install_data
[2.850s] DEBUG:colcon.colcon_core.event_handler.log_command:Invoked command in '/root/aerostack2_ws/build/as2_core' returned '0': CMAKE_PREFIX_PATH=/root/aerostack2_ws/install/as2_msgs:/root/aerostack2_ws/install/rmf_demos_gz_classic:/root/aerostack2_ws/install/rmf_demos_gz:/root/aerostack2_ws/install/rmf_demos:/root/aerostack2_ws/install/rmf_demos_maps:/root/aerostack2_ws/install/aerostack2:/root/aerostack2_ws/install/as2_usb_camera_interface:/root/aerostack2_ws/install/as2_state_estimator:/root/aerostack2_ws/install/as2_rviz_plugins:/root/aerostack2_ws/install/as2_realsense_interface:/root/aerostack2_ws/install/as2_platform_multirotor_simulator:/root/aerostack2_ws/install/as2_platform_gazebo:/root/aerostack2_ws/install/as2_motion_controller:/root/aerostack2_ws/install/as2_behaviors_trajectory_generation:/root/aerostack2_ws/install/as2_behaviors_swarm_flocking:/root/aerostack2_ws/install/as2_behaviors_motion:/root/aerostack2_ws/install/as2_motion_reference_handlers:/root/aerostack2_ws/install/as2_map_server:/root/aerostack2_ws/install/as2_geozones:/root/aerostack2_ws/install/as2_gazebo_assets:/root/aerostack2_ws/install/as2_external_object_to_tf:/root/aerostack2_ws/install/as2_behaviors_platform:/root/aerostack2_ws/install/as2_behaviors_perception:/root/aerostack2_ws/install/as2_behaviors_path_planning:/root/aerostack2_ws/install/as2_behavior_tree:/root/aerostack2_ws/install/as2_behavior:/root/aerostack2_ws/install/as2_alphanumeric_viewer:/root/aerostack2_ws/install/as2_core:/root/aerostack2_ws/install/as2_cli:/root/aerostack2_ws/install/rmf_demos_tasks:/root/aerostack2_ws/install/rmf_demos_panel:/root/aerostack2_ws/install/rmf_demos_fleet_adapter:/root/aerostack2_ws/install/rmf_demos_dashboard_resources:/root/aerostack2_ws/install/rmf_demos_bridges:/root/aerostack2_ws/install/rmf_demos_assets:/root/aerostack2_ws/install/as2_visualization:/root/aerostack2_ws/install/as2_swarm_perception:/root/aerostack2_ws/install/as2_swarm_fusion_ci:/root/aerostack2_ws/install/as2_swarm_ekf:/root/aerostack2_ws/install/as2_keyboard_teleoperation:/root/aerostack2_ws/install/as2_python_api:/root/aerostack2_ws/install/as2_project_bringup:/root/aerostack2_ws/install/as2_perception:/root/aerostack2_ws/install/as2_groundray_perception:/opt/ros/humble LD_LIBRARY_PATH=/root/aerostack2_ws/install/as2_msgs/lib:/root/aerostack2_ws/install/as2_state_estimator/lib:/root/aerostack2_ws/install/as2_python_api/lib:/root/aerostack2_ws/install/as2_motion_controller/lib:/root/aerostack2_ws/install/as2_behaviors_trajectory_generation/lib:/root/aerostack2_ws/install/as2_behaviors_swarm_flocking/lib:/root/aerostack2_ws/install/as2_behaviors_motion/lib:/root/aerostack2_ws/install/as2_motion_reference_handlers/lib:/root/aerostack2_ws/install/as2_map_server/lib:/root/aerostack2_ws/install/as2_gazebo_assets/lib:/root/aerostack2_ws/install/as2_behaviors_perception/lib:/root/aerostack2_ws/install/as2_behaviors_path_planning/lib:/root/aerostack2_ws/install/as2_behavior_tree/lib:/root/aerostack2_ws/install/as2_behavior/lib:/root/aerostack2_ws/install/as2_core/lib:/opt/ros/humble/opt/rviz_ogre_vendor/lib:/opt/ros/humble/lib/x86_64-linux-gnu:/opt/ros/humble/lib /usr/bin/cmake --build /root/aerostack2_ws/build/as2_core -- -j8 -l8
[2.855s] DEBUG:colcon.colcon_core.event_handler.log_command:Invoking command in '/root/aerostack2_ws/build/as2_core': CMAKE_PREFIX_PATH=/root/aerostack2_ws/install/as2_msgs:/root/aerostack2_ws/install/rmf_demos_gz_classic:/root/aerostack2_ws/install/rmf_demos_gz:/root/aerostack2_ws/install/rmf_demos:/root/aerostack2_ws/install/rmf_demos_maps:/root/aerostack2_ws/install/aerostack2:/root/aerostack2_ws/install/as2_usb_camera_interface:/root/aerostack2_ws/install/as2_state_estimator:/root/aerostack2_ws/install/as2_rviz_plugins:/root/aerostack2_ws/install/as2_realsense_interface:/root/aerostack2_ws/install/as2_platform_multirotor_simulator:/root/aerostack2_ws/install/as2_platform_gazebo:/root/aerostack2_ws/install/as2_motion_controller:/root/aerostack2_ws/install/as2_behaviors_trajectory_generation:/root/aerostack2_ws/install/as2_behaviors_swarm_flocking:/root/aerostack2_ws/install/as2_behaviors_motion:/root/aerostack2_ws/install/as2_motion_reference_handlers:/root/aerostack2_ws/install/as2_map_server:/root/aerostack2_ws/install/as2_geozones:/root/aerostack2_ws/install/as2_gazebo_assets:/root/aerostack2_ws/install/as2_external_object_to_tf:/root/aerostack2_ws/install/as2_behaviors_platform:/root/aerostack2_ws/install/as2_behaviors_perception:/root/aerostack2_ws/install/as2_behaviors_path_planning:/root/aerostack2_ws/install/as2_behavior_tree:/root/aerostack2_ws/install/as2_behavior:/root/aerostack2_ws/install/as2_alphanumeric_viewer:/root/aerostack2_ws/install/as2_core:/root/aerostack2_ws/install/as2_cli:/root/aerostack2_ws/install/rmf_demos_tasks:/root/aerostack2_ws/install/rmf_demos_panel:/root/aerostack2_ws/install/rmf_demos_fleet_adapter:/root/aerostack2_ws/install/rmf_demos_dashboard_resources:/root/aerostack2_ws/install/rmf_demos_bridges:/root/aerostack2_ws/install/rmf_demos_assets:/root/aerostack2_ws/install/as2_visualization:/root/aerostack2_ws/install/as2_swarm_perception:/root/aerostack2_ws/install/as2_swarm_fusion_ci:/root/aerostack2_ws/install/as2_swarm_ekf:/root/aerostack2_ws/install/as2_keyboard_teleoperation:/root/aerostack2_ws/install/as2_python_api:/root/aerostack2_ws/install/as2_project_bringup:/root/aerostack2_ws/install/as2_perception:/root/aerostack2_ws/install/as2_groundray_perception:/opt/ros/humble LD_LIBRARY_PATH=/root/aerostack2_ws/install/as2_msgs/lib:/root/aerostack2_ws/install/as2_state_estimator/lib:/root/aerostack2_ws/install/as2_python_api/lib:/root/aerostack2_ws/install/as2_motion_controller/lib:/root/aerostack2_ws/install/as2_behaviors_trajectory_generation/lib:/root/aerostack2_ws/install/as2_behaviors_swarm_flocking/lib:/root/aerostack2_ws/install/as2_behaviors_motion/lib:/root/aerostack2_ws/install/as2_motion_reference_handlers/lib:/root/aerostack2_ws/install/as2_map_server/lib:/root/aerostack2_ws/install/as2_gazebo_assets/lib:/root/aerostack2_ws/install/as2_behaviors_perception/lib:/root/aerostack2_ws/install/as2_behaviors_path_planning/lib:/root/aerostack2_ws/install/as2_behavior_tree/lib:/root/aerostack2_ws/install/as2_behavior/lib:/root/aerostack2_ws/install/as2_core/lib:/opt/ros/humble/opt/rviz_ogre_vendor/lib:/opt/ros/humble/lib/x86_64-linux-gnu:/opt/ros/humble/lib /usr/bin/cmake --install /root/aerostack2_ws/build/as2_core
[3.229s] Level 1:colcon.colcon_core.environment:checking '/root/aerostack2_ws/install/as2_swarm_perception' for CMake module files
[3.234s] DEBUG:colcon.colcon_core.event_handler.log_command:Invoked command in '/root/aerostack2_ws/src/aerostack2/as2_swarm_perception' returned '0': PYTHONPATH=/root/aerostack2_ws/build/as2_swarm_perception/prefix_override:/usr/lib/python3/dist-packages/colcon_core/task/python/colcon_distutils_commands:/root/aerostack2_ws/install/as2_swarm_perception/lib/python3.10/site-packages:${PYTHONPATH} /usr/bin/python3 -W ignore:setup.py install is deprecated -W ignore:easy_install command is deprecated setup.py egg_info --egg-base ../../../build/as2_swarm_perception build --build-base /root/aerostack2_ws/build/as2_swarm_perception/build install --record /root/aerostack2_ws/build/as2_swarm_perception/install.log --single-version-externally-managed install_data
[3.235s] Level 1:colcon.colcon_core.environment:checking '/root/aerostack2_ws/install/as2_swarm_perception' for CMake config files
[3.235s] Level 1:colcon.colcon_core.environment:checking '/root/aerostack2_ws/install/as2_swarm_perception/lib'
[3.235s] Level 1:colcon.colcon_core.environment:checking '/root/aerostack2_ws/install/as2_swarm_perception/bin'
[3.235s] Level 1:colcon.colcon_core.environment:checking '/root/aerostack2_ws/install/as2_swarm_perception/lib/pkgconfig/as2_swarm_perception.pc'
[3.236s] Level 1:colcon.colcon_core.environment:checking '/root/aerostack2_ws/install/as2_swarm_perception/lib/python3.10/site-packages'
[3.236s] Level 1:colcon.colcon_core.shell:create_environment_hook('as2_swarm_perception', 'pythonpath')
[3.236s] INFO:colcon.colcon_core.shell:Creating environment hook '/root/aerostack2_ws/install/as2_swarm_perception/share/as2_swarm_perception/hook/pythonpath.ps1'
[3.236s] INFO:colcon.colcon_core.shell:Creating environment descriptor '/root/aerostack2_ws/install/as2_swarm_perception/share/as2_swarm_perception/hook/pythonpath.dsv'
[3.237s] INFO:colcon.colcon_core.shell:Creating environment hook '/root/aerostack2_ws/install/as2_swarm_perception/share/as2_swarm_perception/hook/pythonpath.sh'
[3.238s] Level 1:colcon.colcon_core.environment:checking '/root/aerostack2_ws/install/as2_swarm_perception/bin'
[3.238s] Level 1:colcon.colcon_core.environment:create_environment_scripts_only(as2_swarm_perception)
[3.238s] INFO:colcon.colcon_core.shell:Creating package script '/root/aerostack2_ws/install/as2_swarm_perception/share/as2_swarm_perception/package.ps1'
[3.239s] INFO:colcon.colcon_core.shell:Creating package descriptor '/root/aerostack2_ws/install/as2_swarm_perception/share/as2_swarm_perception/package.dsv'
[3.239s] INFO:colcon.colcon_core.shell:Creating package script '/root/aerostack2_ws/install/as2_swarm_perception/share/as2_swarm_perception/package.sh'
[3.239s] INFO:colcon.colcon_core.shell:Creating package script '/root/aerostack2_ws/install/as2_swarm_perception/share/as2_swarm_perception/package.bash'
[3.239s] INFO:colcon.colcon_core.shell:Creating package script '/root/aerostack2_ws/install/as2_swarm_perception/share/as2_swarm_perception/package.zsh'
[3.240s] Level 1:colcon.colcon_core.environment:create_file_with_runtime_dependencies(/root/aerostack2_ws/install/as2_swarm_perception/share/colcon-core/packages/as2_swarm_perception)
[3.241s] Level 1:colcon.colcon_core.environment:create_environment_scripts_only(as2_core)
[3.241s] Level 1:colcon.colcon_core.environment:checking '/root/aerostack2_ws/install/as2_core' for CMake module files
[3.242s] Level 1:colcon.colcon_core.environment:checking '/root/aerostack2_ws/install/as2_core' for CMake config files
[3.242s] Level 1:colcon.colcon_core.shell:create_environment_hook('as2_core', 'cmake_prefix_path')
[3.242s] INFO:colcon.colcon_core.shell:Creating environment hook '/root/aerostack2_ws/install/as2_core/share/as2_core/hook/cmake_prefix_path.ps1'
[3.243s] INFO:colcon.colcon_core.shell:Creating environment descriptor '/root/aerostack2_ws/install/as2_core/share/as2_core/hook/cmake_prefix_path.dsv'
[3.243s] DEBUG:colcon.colcon_core.event_handler.log_command:Invoked command in '/root/aerostack2_ws/build/as2_core' returned '0': CMAKE_PREFIX_PATH=/root/aerostack2_ws/install/as2_msgs:/root/aerostack2_ws/install/rmf_demos_gz_classic:/root/aerostack2_ws/install/rmf_demos_gz:/root/aerostack2_ws/install/rmf_demos:/root/aerostack2_ws/install/rmf_demos_maps:/root/aerostack2_ws/install/aerostack2:/root/aerostack2_ws/install/as2_usb_camera_interface:/root/aerostack2_ws/install/as2_state_estimator:/root/aerostack2_ws/install/as2_rviz_plugins:/root/aerostack2_ws/install/as2_realsense_interface:/root/aerostack2_ws/install/as2_platform_multirotor_simulator:/root/aerostack2_ws/install/as2_platform_gazebo:/root/aerostack2_ws/install/as2_motion_controller:/root/aerostack2_ws/install/as2_behaviors_trajectory_generation:/root/aerostack2_ws/install/as2_behaviors_swarm_flocking:/root/aerostack2_ws/install/as2_behaviors_motion:/root/aerostack2_ws/install/as2_motion_reference_handlers:/root/aerostack2_ws/install/as2_map_server:/root/aerostack2_ws/install/as2_geozones:/root/aerostack2_ws/install/as2_gazebo_assets:/root/aerostack2_ws/install/as2_external_object_to_tf:/root/aerostack2_ws/install/as2_behaviors_platform:/root/aerostack2_ws/install/as2_behaviors_perception:/root/aerostack2_ws/install/as2_behaviors_path_planning:/root/aerostack2_ws/install/as2_behavior_tree:/root/aerostack2_ws/install/as2_behavior:/root/aerostack2_ws/install/as2_alphanumeric_viewer:/root/aerostack2_ws/install/as2_core:/root/aerostack2_ws/install/as2_cli:/root/aerostack2_ws/install/rmf_demos_tasks:/root/aerostack2_ws/install/rmf_demos_panel:/root/aerostack2_ws/install/rmf_demos_fleet_adapter:/root/aerostack2_ws/install/rmf_demos_dashboard_resources:/root/aerostack2_ws/install/rmf_demos_bridges:/root/aerostack2_ws/install/rmf_demos_assets:/root/aerostack2_ws/install/as2_visualization:/root/aerostack2_ws/install/as2_swarm_perception:/root/aerostack2_ws/install/as2_swarm_fusion_ci:/root/aerostack2_ws/install/as2_swarm_ekf:/root/aerostack2_ws/install/as2_keyboard_teleoperation:/root/aerostack2_ws/install/as2_python_api:/root/aerostack2_ws/install/as2_project_bringup:/root/aerostack2_ws/install/as2_perception:/root/aerostack2_ws/install/as2_groundray_perception:/opt/ros/humble LD_LIBRARY_PATH=/root/aerostack2_ws/install/as2_msgs/lib:/root/aerostack2_ws/install/as2_state_estimator/lib:/root/aerostack2_ws/install/as2_python_api/lib:/root/aerostack2_ws/install/as2_motion_controller/lib:/root/aerostack2_ws/install/as2_behaviors_trajectory_generation/lib:/root/aerostack2_ws/install/as2_behaviors_swarm_flocking/lib:/root/aerostack2_ws/install/as2_behaviors_motion/lib:/root/aerostack2_ws/install/as2_motion_reference_handlers/lib:/root/aerostack2_ws/install/as2_map_server/lib:/root/aerostack2_ws/install/as2_gazebo_assets/lib:/root/aerostack2_ws/install/as2_behaviors_perception/lib:/root/aerostack2_ws/install/as2_behaviors_path_planning/lib:/root/aerostack2_ws/install/as2_behavior_tree/lib:/root/aerostack2_ws/install/as2_behavior/lib:/root/aerostack2_ws/install/as2_core/lib:/opt/ros/humble/opt/rviz_ogre_vendor/lib:/opt/ros/humble/lib/x86_64-linux-gnu:/opt/ros/humble/lib /usr/bin/cmake --install /root/aerostack2_ws/build/as2_core
[3.244s] INFO:colcon.colcon_core.shell:Creating environment hook '/root/aerostack2_ws/install/as2_core/share/as2_core/hook/cmake_prefix_path.sh'
[3.245s] Level 1:colcon.colcon_core.environment:checking '/root/aerostack2_ws/install/as2_core/lib'
[3.245s] Level 1:colcon.colcon_core.shell:create_environment_hook('as2_core', 'ld_library_path_lib')
[3.246s] INFO:colcon.colcon_core.shell:Creating environment hook '/root/aerostack2_ws/install/as2_core/share/as2_core/hook/ld_library_path_lib.ps1'
[3.248s] INFO:colcon.colcon_core.shell:Creating environment descriptor '/root/aerostack2_ws/install/as2_core/share/as2_core/hook/ld_library_path_lib.dsv'
[3.248s] INFO:colcon.colcon_core.shell:Creating environment hook '/root/aerostack2_ws/install/as2_core/share/as2_core/hook/ld_library_path_lib.sh'
[3.249s] Level 1:colcon.colcon_core.environment:checking '/root/aerostack2_ws/install/as2_core/bin'
[3.249s] Level 1:colcon.colcon_core.environment:checking '/root/aerostack2_ws/install/as2_core/lib/pkgconfig/as2_core.pc'
[3.249s] Level 1:colcon.colcon_core.environment:checking '/root/aerostack2_ws/install/as2_core/lib/python3.10/site-packages'
[3.250s] Level 1:colcon.colcon_core.environment:checking '/root/aerostack2_ws/install/as2_core/bin'
[3.250s] INFO:colcon.colcon_core.shell:Creating package script '/root/aerostack2_ws/install/as2_core/share/as2_core/package.ps1'
[3.251s] INFO:colcon.colcon_core.shell:Creating package descriptor '/root/aerostack2_ws/install/as2_core/share/as2_core/package.dsv'
[3.252s] INFO:colcon.colcon_core.shell:Creating package script '/root/aerostack2_ws/install/as2_core/share/as2_core/package.sh'
[3.252s] INFO:colcon.colcon_core.shell:Creating package script '/root/aerostack2_ws/install/as2_core/share/as2_core/package.bash'
[3.253s] INFO:colcon.colcon_core.shell:Creating package script '/root/aerostack2_ws/install/as2_core/share/as2_core/package.zsh'
[3.253s] Level 1:colcon.colcon_core.environment:create_file_with_runtime_dependencies(/root/aerostack2_ws/install/as2_core/share/colcon-core/packages/as2_core)
[3.254s] Level 1:colcon.colcon_core.environment:create_environment_scripts_only(as2_core)
[3.254s] Level 1:colcon.colcon_core.environment:checking '/root/aerostack2_ws/install/as2_core' for CMake module files
[3.255s] Level 1:colcon.colcon_core.environment:checking '/root/aerostack2_ws/install/as2_core' for CMake config files
[3.255s] Level 1:colcon.colcon_core.shell:create_environment_hook('as2_core', 'cmake_prefix_path')
[3.256s] INFO:colcon.colcon_core.shell:Creating environment hook '/root/aerostack2_ws/install/as2_core/share/as2_core/hook/cmake_prefix_path.ps1'
[3.256s] INFO:colcon.colcon_core.shell:Creating environment descriptor '/root/aerostack2_ws/install/as2_core/share/as2_core/hook/cmake_prefix_path.dsv'
[3.257s] INFO:colcon.colcon_core.shell:Creating environment hook '/root/aerostack2_ws/install/as2_core/share/as2_core/hook/cmake_prefix_path.sh'
[3.258s] Level 1:colcon.colcon_core.environment:checking '/root/aerostack2_ws/install/as2_core/lib'
[3.258s] Level 1:colcon.colcon_core.shell:create_environment_hook('as2_core', 'ld_library_path_lib')
[3.259s] INFO:colcon.colcon_core.shell:Creating environment hook '/root/aerostack2_ws/install/as2_core/share/as2_core/hook/ld_library_path_lib.ps1'
[3.259s] INFO:colcon.colcon_core.shell:Creating environment descriptor '/root/aerostack2_ws/install/as2_core/share/as2_core/hook/ld_library_path_lib.dsv'
[3.260s] INFO:colcon.colcon_core.shell:Creating environment hook '/root/aerostack2_ws/install/as2_core/share/as2_core/hook/ld_library_path_lib.sh'
[3.261s] Level 1:colcon.colcon_core.environment:checking '/root/aerostack2_ws/install/as2_core/bin'
[3.261s] Level 1:colcon.colcon_core.environment:checking '/root/aerostack2_ws/install/as2_core/lib/pkgconfig/as2_core.pc'
[3.261s] Level 1:colcon.colcon_core.environment:checking '/root/aerostack2_ws/install/as2_core/lib/python3.10/site-packages'
[3.262s] Level 1:colcon.colcon_core.environment:checking '/root/aerostack2_ws/install/as2_core/bin'
[3.263s] INFO:colcon.colcon_core.shell:Creating package script '/root/aerostack2_ws/install/as2_core/share/as2_core/package.ps1'
[3.264s] INFO:colcon.colcon_core.shell:Creating package descriptor '/root/aerostack2_ws/install/as2_core/share/as2_core/package.dsv'
[3.265s] INFO:colcon.colcon_core.shell:Creating package script '/root/aerostack2_ws/install/as2_core/share/as2_core/package.sh'
[3.266s] INFO:colcon.colcon_core.shell:Creating package script '/root/aerostack2_ws/install/as2_core/share/as2_core/package.bash'
[3.266s] INFO:colcon.colcon_core.shell:Creating package script '/root/aerostack2_ws/install/as2_core/share/as2_core/package.zsh'
[3.267s] Level 1:colcon.colcon_core.environment:create_file_with_runtime_dependencies(/root/aerostack2_ws/install/as2_core/share/colcon-core/packages/as2_core)
[3.268s] INFO:colcon.colcon_ros.task.ament_cmake.build:Building ROS package in '/root/aerostack2_ws/src/aerostack2/as2_motion_reference_handlers' with build type 'ament_cmake'
[3.270s] INFO:colcon.colcon_cmake.task.cmake.build:Building CMake package in '/root/aerostack2_ws/src/aerostack2/as2_motion_reference_handlers'
[3.272s] INFO:colcon.colcon_core.shell:Skip shell extension 'powershell' for command environment: Not usable outside of PowerShell
[3.272s] DEBUG:colcon.colcon_core.shell:Skip shell extension 'dsv' for command environment
[3.285s] INFO:colcon.colcon_ros.task.ament_cmake.build:Building ROS package in '/root/aerostack2_ws/src/aerostack2/as2_behaviors/as2_behavior' with build type 'ament_cmake'
[3.286s] INFO:colcon.colcon_cmake.task.cmake.build:Building CMake package in '/root/aerostack2_ws/src/aerostack2/as2_behaviors/as2_behavior'
[3.287s] INFO:colcon.colcon_core.shell:Skip shell extension 'powershell' for command environment: Not usable outside of PowerShell
[3.287s] DEBUG:colcon.colcon_core.shell:Skip shell extension 'dsv' for command environment
[3.297s] INFO:colcon.colcon_ros.task.ament_cmake.build:Building ROS package in '/root/aerostack2_ws/src/aerostack2/as2_simulation_assets/as2_gazebo_assets' with build type 'ament_cmake'
[3.297s] INFO:colcon.colcon_cmake.task.cmake.build:Building CMake package in '/root/aerostack2_ws/src/aerostack2/as2_simulation_assets/as2_gazebo_assets'
[3.298s] INFO:colcon.colcon_core.shell:Skip shell extension 'powershell' for command environment: Not usable outside of PowerShell
[3.298s] DEBUG:colcon.colcon_core.shell:Skip shell extension 'dsv' for command environment
[3.307s] Level 1:colcon.colcon_core.environment:checking '/root/aerostack2_ws/install/as2_swarm_fusion_ci' for CMake module files
[3.308s] DEBUG:colcon.colcon_core.event_handler.log_command:Invoked command in '/root/aerostack2_ws/src/aerostack2/as2_swarm_fusion_ci' returned '0': PYTHONPATH=/root/aerostack2_ws/build/as2_swarm_fusion_ci/prefix_override:/usr/lib/python3/dist-packages/colcon_core/task/python/colcon_distutils_commands:/root/aerostack2_ws/install/as2_swarm_fusion_ci/lib/python3.10/site-packages:${PYTHONPATH} /usr/bin/python3 -W ignore:setup.py install is deprecated -W ignore:easy_install command is deprecated setup.py egg_info --egg-base ../../../build/as2_swarm_fusion_ci build --build-base /root/aerostack2_ws/build/as2_swarm_fusion_ci/build install --record /root/aerostack2_ws/build/as2_swarm_fusion_ci/install.log --single-version-externally-managed install_data
[3.308s] Level 1:colcon.colcon_core.environment:checking '/root/aerostack2_ws/install/as2_swarm_fusion_ci' for CMake config files
[3.309s] Level 1:colcon.colcon_core.environment:checking '/root/aerostack2_ws/install/as2_swarm_fusion_ci/lib'
[3.309s] Level 1:colcon.colcon_core.environment:checking '/root/aerostack2_ws/install/as2_swarm_fusion_ci/bin'
[3.309s] Level 1:colcon.colcon_core.environment:checking '/root/aerostack2_ws/install/as2_swarm_fusion_ci/lib/pkgconfig/as2_swarm_fusion_ci.pc'
[3.309s] Level 1:colcon.colcon_core.environment:checking '/root/aerostack2_ws/install/as2_swarm_fusion_ci/lib/python3.10/site-packages'
[3.309s] Level 1:colcon.colcon_core.shell:create_environment_hook('as2_swarm_fusion_ci', 'pythonpath')
[3.310s] INFO:colcon.colcon_core.shell:Creating environment hook '/root/aerostack2_ws/install/as2_swarm_fusion_ci/share/as2_swarm_fusion_ci/hook/pythonpath.ps1'
[3.310s] INFO:colcon.colcon_core.shell:Creating environment descriptor '/root/aerostack2_ws/install/as2_swarm_fusion_ci/share/as2_swarm_fusion_ci/hook/pythonpath.dsv'
[3.311s] INFO:colcon.colcon_core.shell:Creating environment hook '/root/aerostack2_ws/install/as2_swarm_fusion_ci/share/as2_swarm_fusion_ci/hook/pythonpath.sh'
[3.312s] Level 1:colcon.colcon_core.environment:checking '/root/aerostack2_ws/install/as2_swarm_fusion_ci/bin'
[3.312s] Level 1:colcon.colcon_core.environment:create_environment_scripts_only(as2_swarm_fusion_ci)
[3.313s] INFO:colcon.colcon_core.shell:Creating package script '/root/aerostack2_ws/install/as2_swarm_fusion_ci/share/as2_swarm_fusion_ci/package.ps1'
[3.314s] INFO:colcon.colcon_core.shell:Creating package descriptor '/root/aerostack2_ws/install/as2_swarm_fusion_ci/share/as2_swarm_fusion_ci/package.dsv'
[3.315s] INFO:colcon.colcon_core.shell:Creating package script '/root/aerostack2_ws/install/as2_swarm_fusion_ci/share/as2_swarm_fusion_ci/package.sh'
[3.315s] INFO:colcon.colcon_core.shell:Creating package script '/root/aerostack2_ws/install/as2_swarm_fusion_ci/share/as2_swarm_fusion_ci/package.bash'
[3.315s] INFO:colcon.colcon_core.shell:Creating package script '/root/aerostack2_ws/install/as2_swarm_fusion_ci/share/as2_swarm_fusion_ci/package.zsh'
[3.316s] Level 1:colcon.colcon_core.environment:create_file_with_runtime_dependencies(/root/aerostack2_ws/install/as2_swarm_fusion_ci/share/colcon-core/packages/as2_swarm_fusion_ci)
[3.316s] Level 1:colcon.colcon_core.environment:checking '/root/aerostack2_ws/install/as2_project_bringup' for CMake module files
[3.317s] Level 1:colcon.colcon_core.environment:checking '/root/aerostack2_ws/install/as2_project_bringup' for CMake config files
[3.317s] DEBUG:colcon.colcon_core.event_handler.log_command:Invoked command in '/root/aerostack2_ws/src/aerostack2/as2_project_bringup' returned '0': PYTHONPATH=/root/aerostack2_ws/build/as2_project_bringup/prefix_override:/usr/lib/python3/dist-packages/colcon_core/task/python/colcon_distutils_commands:/root/aerostack2_ws/install/as2_project_bringup/lib/python3.10/site-packages:${PYTHONPATH} /usr/bin/python3 -W ignore:setup.py install is deprecated -W ignore:easy_install command is deprecated setup.py egg_info --egg-base ../../../build/as2_project_bringup build --build-base /root/aerostack2_ws/build/as2_project_bringup/build install --record /root/aerostack2_ws/build/as2_project_bringup/install.log --single-version-externally-managed install_data
[3.317s] Level 1:colcon.colcon_core.environment:checking '/root/aerostack2_ws/install/as2_project_bringup/lib'
[3.317s] Level 1:colcon.colcon_core.environment:checking '/root/aerostack2_ws/install/as2_project_bringup/bin'
[3.317s] Level 1:colcon.colcon_core.environment:checking '/root/aerostack2_ws/install/as2_project_bringup/lib/pkgconfig/as2_project_bringup.pc'
[3.317s] Level 1:colcon.colcon_core.environment:checking '/root/aerostack2_ws/install/as2_project_bringup/lib/python3.10/site-packages'
[3.317s] Level 1:colcon.colcon_core.shell:create_environment_hook('as2_project_bringup', 'pythonpath')
[3.318s] INFO:colcon.colcon_core.shell:Creating environment hook '/root/aerostack2_ws/install/as2_project_bringup/share/as2_project_bringup/hook/pythonpath.ps1'
[3.318s] INFO:colcon.colcon_core.shell:Creating environment descriptor '/root/aerostack2_ws/install/as2_project_bringup/share/as2_project_bringup/hook/pythonpath.dsv'
[3.318s] INFO:colcon.colcon_core.shell:Creating environment hook '/root/aerostack2_ws/install/as2_project_bringup/share/as2_project_bringup/hook/pythonpath.sh'
[3.319s] Level 1:colcon.colcon_core.environment:checking '/root/aerostack2_ws/install/as2_project_bringup/bin'
[3.319s] Level 1:colcon.colcon_core.environment:create_environment_scripts_only(as2_project_bringup)
[3.319s] INFO:colcon.colcon_core.shell:Creating package script '/root/aerostack2_ws/install/as2_project_bringup/share/as2_project_bringup/package.ps1'
[3.319s] INFO:colcon.colcon_core.shell:Creating package descriptor '/root/aerostack2_ws/install/as2_project_bringup/share/as2_project_bringup/package.dsv'
[3.319s] INFO:colcon.colcon_core.shell:Creating package script '/root/aerostack2_ws/install/as2_project_bringup/share/as2_project_bringup/package.sh'
[3.320s] INFO:colcon.colcon_core.shell:Creating package script '/root/aerostack2_ws/install/as2_project_bringup/share/as2_project_bringup/package.bash'
[3.320s] INFO:colcon.colcon_core.shell:Creating package script '/root/aerostack2_ws/install/as2_project_bringup/share/as2_project_bringup/package.zsh'
[3.320s] Level 1:colcon.colcon_core.environment:create_file_with_runtime_dependencies(/root/aerostack2_ws/install/as2_project_bringup/share/colcon-core/packages/as2_project_bringup)
[3.320s] Level 1:colcon.colcon_core.environment:checking '/root/aerostack2_ws/install/as2_swarm_ekf' for CMake module files
[3.321s] DEBUG:colcon.colcon_core.event_handler.log_command:Invoked command in '/root/aerostack2_ws/src/aerostack2/as2_swarm_ekf' returned '0': PYTHONPATH=/root/aerostack2_ws/build/as2_swarm_ekf/prefix_override:/usr/lib/python3/dist-packages/colcon_core/task/python/colcon_distutils_commands:/root/aerostack2_ws/install/as2_swarm_ekf/lib/python3.10/site-packages:${PYTHONPATH} /usr/bin/python3 -W ignore:setup.py install is deprecated -W ignore:easy_install command is deprecated setup.py egg_info --egg-base ../../../build/as2_swarm_ekf build --build-base /root/aerostack2_ws/build/as2_swarm_ekf/build install --record /root/aerostack2_ws/build/as2_swarm_ekf/install.log --single-version-externally-managed install_data
[3.321s] Level 1:colcon.colcon_core.environment:checking '/root/aerostack2_ws/install/as2_swarm_ekf' for CMake config files
[3.321s] Level 1:colcon.colcon_core.environment:checking '/root/aerostack2_ws/install/as2_swarm_ekf/lib'
[3.321s] Level 1:colcon.colcon_core.environment:checking '/root/aerostack2_ws/install/as2_swarm_ekf/bin'
[3.321s] Level 1:colcon.colcon_core.environment:checking '/root/aerostack2_ws/install/as2_swarm_ekf/lib/pkgconfig/as2_swarm_ekf.pc'
[3.322s] Level 1:colcon.colcon_core.environment:checking '/root/aerostack2_ws/install/as2_swarm_ekf/lib/python3.10/site-packages'
[3.322s] Level 1:colcon.colcon_core.shell:create_environment_hook('as2_swarm_ekf', 'pythonpath')
[3.322s] INFO:colcon.colcon_core.shell:Creating environment hook '/root/aerostack2_ws/install/as2_swarm_ekf/share/as2_swarm_ekf/hook/pythonpath.ps1'
[3.322s] INFO:colcon.colcon_core.shell:Creating environment descriptor '/root/aerostack2_ws/install/as2_swarm_ekf/share/as2_swarm_ekf/hook/pythonpath.dsv'
[3.322s] INFO:colcon.colcon_core.shell:Creating environment hook '/root/aerostack2_ws/install/as2_swarm_ekf/share/as2_swarm_ekf/hook/pythonpath.sh'
[3.323s] Level 1:colcon.colcon_core.environment:checking '/root/aerostack2_ws/install/as2_swarm_ekf/bin'
[3.323s] Level 1:colcon.colcon_core.environment:create_environment_scripts_only(as2_swarm_ekf)
[3.323s] INFO:colcon.colcon_core.shell:Creating package script '/root/aerostack2_ws/install/as2_swarm_ekf/share/as2_swarm_ekf/package.ps1'
[3.323s] INFO:colcon.colcon_core.shell:Creating package descriptor '/root/aerostack2_ws/install/as2_swarm_ekf/share/as2_swarm_ekf/package.dsv'
[3.324s] INFO:colcon.colcon_core.shell:Creating package script '/root/aerostack2_ws/install/as2_swarm_ekf/share/as2_swarm_ekf/package.sh'
[3.324s] INFO:colcon.colcon_core.shell:Creating package script '/root/aerostack2_ws/install/as2_swarm_ekf/share/as2_swarm_ekf/package.bash'
[3.324s] INFO:colcon.colcon_core.shell:Creating package script '/root/aerostack2_ws/install/as2_swarm_ekf/share/as2_swarm_ekf/package.zsh'
[3.324s] Level 1:colcon.colcon_core.environment:create_file_with_runtime_dependencies(/root/aerostack2_ws/install/as2_swarm_ekf/share/colcon-core/packages/as2_swarm_ekf)
[3.324s] Level 1:colcon.colcon_core.environment:checking '/root/aerostack2_ws/install/as2_perception' for CMake module files
[3.325s] DEBUG:colcon.colcon_core.event_handler.log_command:Invoked command in '/root/aerostack2_ws/src/aerostack2/as2_perception' returned '0': PYTHONPATH=/root/aerostack2_ws/build/as2_perception/prefix_override:/usr/lib/python3/dist-packages/colcon_core/task/python/colcon_distutils_commands:/root/aerostack2_ws/install/as2_perception/lib/python3.10/site-packages:${PYTHONPATH} /usr/bin/python3 -W ignore:setup.py install is deprecated -W ignore:easy_install command is deprecated setup.py egg_info --egg-base ../../../build/as2_perception build --build-base /root/aerostack2_ws/build/as2_perception/build install --record /root/aerostack2_ws/build/as2_perception/install.log --single-version-externally-managed install_data
[3.325s] Level 1:colcon.colcon_core.environment:checking '/root/aerostack2_ws/install/as2_perception' for CMake config files
[3.325s] Level 1:colcon.colcon_core.environment:checking '/root/aerostack2_ws/install/as2_perception/lib'
[3.325s] Level 1:colcon.colcon_core.environment:checking '/root/aerostack2_ws/install/as2_perception/bin'
[3.326s] Level 1:colcon.colcon_core.environment:checking '/root/aerostack2_ws/install/as2_perception/lib/pkgconfig/as2_perception.pc'
[3.326s] Level 1:colcon.colcon_core.environment:checking '/root/aerostack2_ws/install/as2_perception/lib/python3.10/site-packages'
[3.326s] Level 1:colcon.colcon_core.shell:create_environment_hook('as2_perception', 'pythonpath')
[3.326s] INFO:colcon.colcon_core.shell:Creating environment hook '/root/aerostack2_ws/install/as2_perception/share/as2_perception/hook/pythonpath.ps1'
[3.326s] INFO:colcon.colcon_core.shell:Creating environment descriptor '/root/aerostack2_ws/install/as2_perception/share/as2_perception/hook/pythonpath.dsv'
[3.326s] INFO:colcon.colcon_core.shell:Creating environment hook '/root/aerostack2_ws/install/as2_perception/share/as2_perception/hook/pythonpath.sh'
[3.327s] Level 1:colcon.colcon_core.environment:checking '/root/aerostack2_ws/install/as2_perception/bin'
[3.327s] Level 1:colcon.colcon_core.environment:create_environment_scripts_only(as2_perception)
[3.327s] INFO:colcon.colcon_core.shell:Creating package script '/root/aerostack2_ws/install/as2_perception/share/as2_perception/package.ps1'
[3.328s] INFO:colcon.colcon_core.shell:Creating package descriptor '/root/aerostack2_ws/install/as2_perception/share/as2_perception/package.dsv'
[3.328s] INFO:colcon.colcon_core.shell:Creating package script '/root/aerostack2_ws/install/as2_perception/share/as2_perception/package.sh'
[3.329s] INFO:colcon.colcon_core.shell:Creating package script '/root/aerostack2_ws/install/as2_perception/share/as2_perception/package.bash'
[3.329s] INFO:colcon.colcon_core.shell:Creating package script '/root/aerostack2_ws/install/as2_perception/share/as2_perception/package.zsh'
[3.329s] Level 1:colcon.colcon_core.environment:create_file_with_runtime_dependencies(/root/aerostack2_ws/install/as2_perception/share/colcon-core/packages/as2_perception)
[3.330s] INFO:colcon.colcon_ros.task.ament_cmake.build:Building ROS package in '/root/aerostack2_ws/src/aerostack2/as2_user_interfaces/as2_alphanumeric_viewer' with build type 'ament_cmake'
[3.330s] INFO:colcon.colcon_cmake.task.cmake.build:Building CMake package in '/root/aerostack2_ws/src/aerostack2/as2_user_interfaces/as2_alphanumeric_viewer'
[3.330s] INFO:colcon.colcon_core.shell:Skip shell extension 'powershell' for command environment: Not usable outside of PowerShell
[3.330s] DEBUG:colcon.colcon_core.shell:Skip shell extension 'dsv' for command environment
[3.336s] INFO:colcon.colcon_ros.task.ament_cmake.build:Building ROS package in '/root/aerostack2_ws/src/aerostack2/as2_behavior_tree' with build type 'ament_cmake'
[3.336s] INFO:colcon.colcon_cmake.task.cmake.build:Building CMake package in '/root/aerostack2_ws/src/aerostack2/as2_behavior_tree'
[3.336s] INFO:colcon.colcon_core.shell:Skip shell extension 'powershell' for command environment: Not usable outside of PowerShell
[3.336s] DEBUG:colcon.colcon_core.shell:Skip shell extension 'dsv' for command environment
[3.341s] INFO:colcon.colcon_ros.task.ament_cmake.build:Building ROS package in '/root/aerostack2_ws/src/aerostack2/as2_utilities/as2_external_object_to_tf' with build type 'ament_cmake'
[3.341s] INFO:colcon.colcon_cmake.task.cmake.build:Building CMake package in '/root/aerostack2_ws/src/aerostack2/as2_utilities/as2_external_object_to_tf'
[3.341s] INFO:colcon.colcon_core.shell:Skip shell extension 'powershell' for command environment: Not usable outside of PowerShell
[3.341s] DEBUG:colcon.colcon_core.shell:Skip shell extension 'dsv' for command environment
[3.347s] INFO:colcon.colcon_ros.task.ament_cmake.build:Building ROS package in '/root/aerostack2_ws/src/aerostack2/as2_utilities/as2_geozones' with build type 'ament_cmake'
[3.347s] INFO:colcon.colcon_cmake.task.cmake.build:Building CMake package in '/root/aerostack2_ws/src/aerostack2/as2_utilities/as2_geozones'
[3.347s] INFO:colcon.colcon_core.shell:Skip shell extension 'powershell' for command environment: Not usable outside of PowerShell
[3.347s] DEBUG:colcon.colcon_core.shell:Skip shell extension 'dsv' for command environment
[3.355s] DEBUG:colcon.colcon_core.event_handler.log_command:Invoking command in '/root/aerostack2_ws/build/as2_motion_reference_handlers': CMAKE_PREFIX_PATH=/root/aerostack2_ws/install/as2_core:/root/aerostack2_ws/install/as2_msgs:/root/aerostack2_ws/install/rmf_demos_gz_classic:/root/aerostack2_ws/install/rmf_demos_gz:/root/aerostack2_ws/install/rmf_demos:/root/aerostack2_ws/install/rmf_demos_maps:/root/aerostack2_ws/install/aerostack2:/root/aerostack2_ws/install/as2_usb_camera_interface:/root/aerostack2_ws/install/as2_state_estimator:/root/aerostack2_ws/install/as2_rviz_plugins:/root/aerostack2_ws/install/as2_realsense_interface:/root/aerostack2_ws/install/as2_platform_multirotor_simulator:/root/aerostack2_ws/install/as2_platform_gazebo:/root/aerostack2_ws/install/as2_motion_controller:/root/aerostack2_ws/install/as2_behaviors_trajectory_generation:/root/aerostack2_ws/install/as2_behaviors_swarm_flocking:/root/aerostack2_ws/install/as2_behaviors_motion:/root/aerostack2_ws/install/as2_motion_reference_handlers:/root/aerostack2_ws/install/as2_map_server:/root/aerostack2_ws/install/as2_geozones:/root/aerostack2_ws/install/as2_gazebo_assets:/root/aerostack2_ws/install/as2_external_object_to_tf:/root/aerostack2_ws/install/as2_behaviors_platform:/root/aerostack2_ws/install/as2_behaviors_perception:/root/aerostack2_ws/install/as2_behaviors_path_planning:/root/aerostack2_ws/install/as2_behavior_tree:/root/aerostack2_ws/install/as2_behavior:/root/aerostack2_ws/install/as2_alphanumeric_viewer:/root/aerostack2_ws/install/as2_cli:/root/aerostack2_ws/install/rmf_demos_tasks:/root/aerostack2_ws/install/rmf_demos_panel:/root/aerostack2_ws/install/rmf_demos_fleet_adapter:/root/aerostack2_ws/install/rmf_demos_dashboard_resources:/root/aerostack2_ws/install/rmf_demos_bridges:/root/aerostack2_ws/install/rmf_demos_assets:/root/aerostack2_ws/install/as2_visualization:/root/aerostack2_ws/install/as2_swarm_perception:/root/aerostack2_ws/install/as2_swarm_fusion_ci:/root/aerostack2_ws/install/as2_swarm_ekf:/root/aerostack2_ws/install/as2_keyboard_teleoperation:/root/aerostack2_ws/install/as2_python_api:/root/aerostack2_ws/install/as2_project_bringup:/root/aerostack2_ws/install/as2_perception:/root/aerostack2_ws/install/as2_groundray_perception:/opt/ros/humble LD_LIBRARY_PATH=/root/aerostack2_ws/install/as2_core/lib:/root/aerostack2_ws/install/as2_msgs/lib:/root/aerostack2_ws/install/as2_state_estimator/lib:/root/aerostack2_ws/install/as2_python_api/lib:/root/aerostack2_ws/install/as2_motion_controller/lib:/root/aerostack2_ws/install/as2_behaviors_trajectory_generation/lib:/root/aerostack2_ws/install/as2_behaviors_swarm_flocking/lib:/root/aerostack2_ws/install/as2_behaviors_motion/lib:/root/aerostack2_ws/install/as2_motion_reference_handlers/lib:/root/aerostack2_ws/install/as2_map_server/lib:/root/aerostack2_ws/install/as2_gazebo_assets/lib:/root/aerostack2_ws/install/as2_behaviors_perception/lib:/root/aerostack2_ws/install/as2_behaviors_path_planning/lib:/root/aerostack2_ws/install/as2_behavior_tree/lib:/root/aerostack2_ws/install/as2_behavior/lib:/opt/ros/humble/opt/rviz_ogre_vendor/lib:/opt/ros/humble/lib/x86_64-linux-gnu:/opt/ros/humble/lib /usr/bin/cmake --build /root/aerostack2_ws/build/as2_motion_reference_handlers -- -j8 -l8
[3.358s] DEBUG:colcon.colcon_core.event_handler.log_command:Invoking command in '/root/aerostack2_ws/build/as2_behavior': CMAKE_PREFIX_PATH=/root/aerostack2_ws/install/as2_core:/root/aerostack2_ws/install/as2_msgs:/root/aerostack2_ws/install/rmf_demos_gz_classic:/root/aerostack2_ws/install/rmf_demos_gz:/root/aerostack2_ws/install/rmf_demos:/root/aerostack2_ws/install/rmf_demos_maps:/root/aerostack2_ws/install/aerostack2:/root/aerostack2_ws/install/as2_usb_camera_interface:/root/aerostack2_ws/install/as2_state_estimator:/root/aerostack2_ws/install/as2_rviz_plugins:/root/aerostack2_ws/install/as2_realsense_interface:/root/aerostack2_ws/install/as2_platform_multirotor_simulator:/root/aerostack2_ws/install/as2_platform_gazebo:/root/aerostack2_ws/install/as2_motion_controller:/root/aerostack2_ws/install/as2_behaviors_trajectory_generation:/root/aerostack2_ws/install/as2_behaviors_swarm_flocking:/root/aerostack2_ws/install/as2_behaviors_motion:/root/aerostack2_ws/install/as2_motion_reference_handlers:/root/aerostack2_ws/install/as2_map_server:/root/aerostack2_ws/install/as2_geozones:/root/aerostack2_ws/install/as2_gazebo_assets:/root/aerostack2_ws/install/as2_external_object_to_tf:/root/aerostack2_ws/install/as2_behaviors_platform:/root/aerostack2_ws/install/as2_behaviors_perception:/root/aerostack2_ws/install/as2_behaviors_path_planning:/root/aerostack2_ws/install/as2_behavior_tree:/root/aerostack2_ws/install/as2_behavior:/root/aerostack2_ws/install/as2_alphanumeric_viewer:/root/aerostack2_ws/install/as2_cli:/root/aerostack2_ws/install/rmf_demos_tasks:/root/aerostack2_ws/install/rmf_demos_panel:/root/aerostack2_ws/install/rmf_demos_fleet_adapter:/root/aerostack2_ws/install/rmf_demos_dashboard_resources:/root/aerostack2_ws/install/rmf_demos_bridges:/root/aerostack2_ws/install/rmf_demos_assets:/root/aerostack2_ws/install/as2_visualization:/root/aerostack2_ws/install/as2_swarm_perception:/root/aerostack2_ws/install/as2_swarm_fusion_ci:/root/aerostack2_ws/install/as2_swarm_ekf:/root/aerostack2_ws/install/as2_keyboard_teleoperation:/root/aerostack2_ws/install/as2_python_api:/root/aerostack2_ws/install/as2_project_bringup:/root/aerostack2_ws/install/as2_perception:/root/aerostack2_ws/install/as2_groundray_perception:/opt/ros/humble LD_LIBRARY_PATH=/root/aerostack2_ws/install/as2_core/lib:/root/aerostack2_ws/install/as2_msgs/lib:/root/aerostack2_ws/install/as2_state_estimator/lib:/root/aerostack2_ws/install/as2_python_api/lib:/root/aerostack2_ws/install/as2_motion_controller/lib:/root/aerostack2_ws/install/as2_behaviors_trajectory_generation/lib:/root/aerostack2_ws/install/as2_behaviors_swarm_flocking/lib:/root/aerostack2_ws/install/as2_behaviors_motion/lib:/root/aerostack2_ws/install/as2_motion_reference_handlers/lib:/root/aerostack2_ws/install/as2_map_server/lib:/root/aerostack2_ws/install/as2_gazebo_assets/lib:/root/aerostack2_ws/install/as2_behaviors_perception/lib:/root/aerostack2_ws/install/as2_behaviors_path_planning/lib:/root/aerostack2_ws/install/as2_behavior_tree/lib:/root/aerostack2_ws/install/as2_behavior/lib:/opt/ros/humble/opt/rviz_ogre_vendor/lib:/opt/ros/humble/lib/x86_64-linux-gnu:/opt/ros/humble/lib /usr/bin/cmake --build /root/aerostack2_ws/build/as2_behavior -- -j8 -l8
[3.362s] Level 1:colcon.colcon_core.environment:checking '/root/aerostack2_ws/install/as2_groundray_perception' for CMake module files
[3.363s] DEBUG:colcon.colcon_core.event_handler.log_command:Invoking command in '/root/aerostack2_ws/build/as2_gazebo_assets': CMAKE_PREFIX_PATH=/root/aerostack2_ws/install/as2_core:/root/aerostack2_ws/install/as2_msgs:/root/aerostack2_ws/install/rmf_demos_gz_classic:/root/aerostack2_ws/install/rmf_demos_gz:/root/aerostack2_ws/install/rmf_demos:/root/aerostack2_ws/install/rmf_demos_maps:/root/aerostack2_ws/install/aerostack2:/root/aerostack2_ws/install/as2_usb_camera_interface:/root/aerostack2_ws/install/as2_state_estimator:/root/aerostack2_ws/install/as2_rviz_plugins:/root/aerostack2_ws/install/as2_realsense_interface:/root/aerostack2_ws/install/as2_platform_multirotor_simulator:/root/aerostack2_ws/install/as2_platform_gazebo:/root/aerostack2_ws/install/as2_motion_controller:/root/aerostack2_ws/install/as2_behaviors_trajectory_generation:/root/aerostack2_ws/install/as2_behaviors_swarm_flocking:/root/aerostack2_ws/install/as2_behaviors_motion:/root/aerostack2_ws/install/as2_motion_reference_handlers:/root/aerostack2_ws/install/as2_map_server:/root/aerostack2_ws/install/as2_geozones:/root/aerostack2_ws/install/as2_gazebo_assets:/root/aerostack2_ws/install/as2_external_object_to_tf:/root/aerostack2_ws/install/as2_behaviors_platform:/root/aerostack2_ws/install/as2_behaviors_perception:/root/aerostack2_ws/install/as2_behaviors_path_planning:/root/aerostack2_ws/install/as2_behavior_tree:/root/aerostack2_ws/install/as2_behavior:/root/aerostack2_ws/install/as2_alphanumeric_viewer:/root/aerostack2_ws/install/as2_cli:/root/aerostack2_ws/install/rmf_demos_tasks:/root/aerostack2_ws/install/rmf_demos_panel:/root/aerostack2_ws/install/rmf_demos_fleet_adapter:/root/aerostack2_ws/install/rmf_demos_dashboard_resources:/root/aerostack2_ws/install/rmf_demos_bridges:/root/aerostack2_ws/install/rmf_demos_assets:/root/aerostack2_ws/install/as2_visualization:/root/aerostack2_ws/install/as2_swarm_perception:/root/aerostack2_ws/install/as2_swarm_fusion_ci:/root/aerostack2_ws/install/as2_swarm_ekf:/root/aerostack2_ws/install/as2_keyboard_teleoperation:/root/aerostack2_ws/install/as2_python_api:/root/aerostack2_ws/install/as2_project_bringup:/root/aerostack2_ws/install/as2_perception:/root/aerostack2_ws/install/as2_groundray_perception:/opt/ros/humble LD_LIBRARY_PATH=/root/aerostack2_ws/install/as2_core/lib:/root/aerostack2_ws/install/as2_msgs/lib:/root/aerostack2_ws/install/as2_state_estimator/lib:/root/aerostack2_ws/install/as2_python_api/lib:/root/aerostack2_ws/install/as2_motion_controller/lib:/root/aerostack2_ws/install/as2_behaviors_trajectory_generation/lib:/root/aerostack2_ws/install/as2_behaviors_swarm_flocking/lib:/root/aerostack2_ws/install/as2_behaviors_motion/lib:/root/aerostack2_ws/install/as2_motion_reference_handlers/lib:/root/aerostack2_ws/install/as2_map_server/lib:/root/aerostack2_ws/install/as2_gazebo_assets/lib:/root/aerostack2_ws/install/as2_behaviors_perception/lib:/root/aerostack2_ws/install/as2_behaviors_path_planning/lib:/root/aerostack2_ws/install/as2_behavior_tree/lib:/root/aerostack2_ws/install/as2_behavior/lib:/opt/ros/humble/opt/rviz_ogre_vendor/lib:/opt/ros/humble/lib/x86_64-linux-gnu:/opt/ros/humble/lib /usr/bin/cmake --build /root/aerostack2_ws/build/as2_gazebo_assets -- -j8 -l8
[3.363s] DEBUG:colcon.colcon_core.event_handler.log_command:Invoked command in '/root/aerostack2_ws/src/aerostack2/as2_groundray_perception' returned '0': PYTHONPATH=/root/aerostack2_ws/build/as2_groundray_perception/prefix_override:/usr/lib/python3/dist-packages/colcon_core/task/python/colcon_distutils_commands:/root/aerostack2_ws/install/as2_groundray_perception/lib/python3.10/site-packages:${PYTHONPATH} /usr/bin/python3 -W ignore:setup.py install is deprecated -W ignore:easy_install command is deprecated setup.py egg_info --egg-base ../../../build/as2_groundray_perception build --build-base /root/aerostack2_ws/build/as2_groundray_perception/build install --record /root/aerostack2_ws/build/as2_groundray_perception/install.log --single-version-externally-managed install_data
[3.364s] Level 1:colcon.colcon_core.environment:checking '/root/aerostack2_ws/install/as2_groundray_perception' for CMake config files
[3.364s] Level 1:colcon.colcon_core.environment:checking '/root/aerostack2_ws/install/as2_groundray_perception/lib'
[3.365s] Level 1:colcon.colcon_core.environment:checking '/root/aerostack2_ws/install/as2_groundray_perception/bin'
[3.365s] Level 1:colcon.colcon_core.environment:checking '/root/aerostack2_ws/install/as2_groundray_perception/lib/pkgconfig/as2_groundray_perception.pc'
[3.365s] Level 1:colcon.colcon_core.environment:checking '/root/aerostack2_ws/install/as2_groundray_perception/lib/python3.10/site-packages'
[3.365s] Level 1:colcon.colcon_core.shell:create_environment_hook('as2_groundray_perception', 'pythonpath')
[3.365s] INFO:colcon.colcon_core.shell:Creating environment hook '/root/aerostack2_ws/install/as2_groundray_perception/share/as2_groundray_perception/hook/pythonpath.ps1'
[3.366s] INFO:colcon.colcon_core.shell:Creating environment descriptor '/root/aerostack2_ws/install/as2_groundray_perception/share/as2_groundray_perception/hook/pythonpath.dsv'
[3.366s] INFO:colcon.colcon_core.shell:Creating environment hook '/root/aerostack2_ws/install/as2_groundray_perception/share/as2_groundray_perception/hook/pythonpath.sh'
[3.367s] Level 1:colcon.colcon_core.environment:checking '/root/aerostack2_ws/install/as2_groundray_perception/bin'
[3.367s] Level 1:colcon.colcon_core.environment:create_environment_scripts_only(as2_groundray_perception)
[3.368s] INFO:colcon.colcon_core.shell:Creating package script '/root/aerostack2_ws/install/as2_groundray_perception/share/as2_groundray_perception/package.ps1'
[3.368s] INFO:colcon.colcon_core.shell:Creating package descriptor '/root/aerostack2_ws/install/as2_groundray_perception/share/as2_groundray_perception/package.dsv'
[3.368s] INFO:colcon.colcon_core.shell:Creating package script '/root/aerostack2_ws/install/as2_groundray_perception/share/as2_groundray_perception/package.sh'
[3.369s] INFO:colcon.colcon_core.shell:Creating package script '/root/aerostack2_ws/install/as2_groundray_perception/share/as2_groundray_perception/package.bash'
[3.369s] INFO:colcon.colcon_core.shell:Creating package script '/root/aerostack2_ws/install/as2_groundray_perception/share/as2_groundray_perception/package.zsh'
[3.370s] Level 1:colcon.colcon_core.environment:create_file_with_runtime_dependencies(/root/aerostack2_ws/install/as2_groundray_perception/share/colcon-core/packages/as2_groundray_perception)
[3.371s] INFO:colcon.colcon_ros.task.ament_cmake.build:Building ROS package in '/root/aerostack2_ws/src/aerostack2/as2_map_server' with build type 'ament_cmake'
[3.371s] INFO:colcon.colcon_cmake.task.cmake.build:Building CMake package in '/root/aerostack2_ws/src/aerostack2/as2_map_server'
[3.371s] INFO:colcon.colcon_core.shell:Skip shell extension 'powershell' for command environment: Not usable outside of PowerShell
[3.371s] DEBUG:colcon.colcon_core.shell:Skip shell extension 'dsv' for command environment
[3.380s] DEBUG:colcon.colcon_core.event_handler.log_command:Invoking command in '/root/aerostack2_ws/build/as2_alphanumeric_viewer': CMAKE_PREFIX_PATH=/root/aerostack2_ws/install/as2_core:/root/aerostack2_ws/install/as2_msgs:/root/aerostack2_ws/install/rmf_demos_gz_classic:/root/aerostack2_ws/install/rmf_demos_gz:/root/aerostack2_ws/install/rmf_demos:/root/aerostack2_ws/install/rmf_demos_maps:/root/aerostack2_ws/install/aerostack2:/root/aerostack2_ws/install/as2_usb_camera_interface:/root/aerostack2_ws/install/as2_state_estimator:/root/aerostack2_ws/install/as2_rviz_plugins:/root/aerostack2_ws/install/as2_realsense_interface:/root/aerostack2_ws/install/as2_platform_multirotor_simulator:/root/aerostack2_ws/install/as2_platform_gazebo:/root/aerostack2_ws/install/as2_motion_controller:/root/aerostack2_ws/install/as2_behaviors_trajectory_generation:/root/aerostack2_ws/install/as2_behaviors_swarm_flocking:/root/aerostack2_ws/install/as2_behaviors_motion:/root/aerostack2_ws/install/as2_motion_reference_handlers:/root/aerostack2_ws/install/as2_map_server:/root/aerostack2_ws/install/as2_geozones:/root/aerostack2_ws/install/as2_gazebo_assets:/root/aerostack2_ws/install/as2_external_object_to_tf:/root/aerostack2_ws/install/as2_behaviors_platform:/root/aerostack2_ws/install/as2_behaviors_perception:/root/aerostack2_ws/install/as2_behaviors_path_planning:/root/aerostack2_ws/install/as2_behavior_tree:/root/aerostack2_ws/install/as2_behavior:/root/aerostack2_ws/install/as2_alphanumeric_viewer:/root/aerostack2_ws/install/as2_cli:/root/aerostack2_ws/install/rmf_demos_tasks:/root/aerostack2_ws/install/rmf_demos_panel:/root/aerostack2_ws/install/rmf_demos_fleet_adapter:/root/aerostack2_ws/install/rmf_demos_dashboard_resources:/root/aerostack2_ws/install/rmf_demos_bridges:/root/aerostack2_ws/install/rmf_demos_assets:/root/aerostack2_ws/install/as2_visualization:/root/aerostack2_ws/install/as2_swarm_perception:/root/aerostack2_ws/install/as2_swarm_fusion_ci:/root/aerostack2_ws/install/as2_swarm_ekf:/root/aerostack2_ws/install/as2_keyboard_teleoperation:/root/aerostack2_ws/install/as2_python_api:/root/aerostack2_ws/install/as2_project_bringup:/root/aerostack2_ws/install/as2_perception:/root/aerostack2_ws/install/as2_groundray_perception:/opt/ros/humble LD_LIBRARY_PATH=/root/aerostack2_ws/install/as2_core/lib:/root/aerostack2_ws/install/as2_msgs/lib:/root/aerostack2_ws/install/as2_state_estimator/lib:/root/aerostack2_ws/install/as2_python_api/lib:/root/aerostack2_ws/install/as2_motion_controller/lib:/root/aerostack2_ws/install/as2_behaviors_trajectory_generation/lib:/root/aerostack2_ws/install/as2_behaviors_swarm_flocking/lib:/root/aerostack2_ws/install/as2_behaviors_motion/lib:/root/aerostack2_ws/install/as2_motion_reference_handlers/lib:/root/aerostack2_ws/install/as2_map_server/lib:/root/aerostack2_ws/install/as2_gazebo_assets/lib:/root/aerostack2_ws/install/as2_behaviors_perception/lib:/root/aerostack2_ws/install/as2_behaviors_path_planning/lib:/root/aerostack2_ws/install/as2_behavior_tree/lib:/root/aerostack2_ws/install/as2_behavior/lib:/opt/ros/humble/opt/rviz_ogre_vendor/lib:/opt/ros/humble/lib/x86_64-linux-gnu:/opt/ros/humble/lib /usr/bin/cmake --build /root/aerostack2_ws/build/as2_alphanumeric_viewer -- -j8 -l8
[3.383s] DEBUG:colcon.colcon_core.event_handler.log_command:Invoking command in '/root/aerostack2_ws/build/as2_behavior_tree': CMAKE_PREFIX_PATH=/root/aerostack2_ws/install/as2_core:/root/aerostack2_ws/install/as2_msgs:/root/aerostack2_ws/install/rmf_demos_gz_classic:/root/aerostack2_ws/install/rmf_demos_gz:/root/aerostack2_ws/install/rmf_demos:/root/aerostack2_ws/install/rmf_demos_maps:/root/aerostack2_ws/install/aerostack2:/root/aerostack2_ws/install/as2_usb_camera_interface:/root/aerostack2_ws/install/as2_state_estimator:/root/aerostack2_ws/install/as2_rviz_plugins:/root/aerostack2_ws/install/as2_realsense_interface:/root/aerostack2_ws/install/as2_platform_multirotor_simulator:/root/aerostack2_ws/install/as2_platform_gazebo:/root/aerostack2_ws/install/as2_motion_controller:/root/aerostack2_ws/install/as2_behaviors_trajectory_generation:/root/aerostack2_ws/install/as2_behaviors_swarm_flocking:/root/aerostack2_ws/install/as2_behaviors_motion:/root/aerostack2_ws/install/as2_motion_reference_handlers:/root/aerostack2_ws/install/as2_map_server:/root/aerostack2_ws/install/as2_geozones:/root/aerostack2_ws/install/as2_gazebo_assets:/root/aerostack2_ws/install/as2_external_object_to_tf:/root/aerostack2_ws/install/as2_behaviors_platform:/root/aerostack2_ws/install/as2_behaviors_perception:/root/aerostack2_ws/install/as2_behaviors_path_planning:/root/aerostack2_ws/install/as2_behavior_tree:/root/aerostack2_ws/install/as2_behavior:/root/aerostack2_ws/install/as2_alphanumeric_viewer:/root/aerostack2_ws/install/as2_cli:/root/aerostack2_ws/install/rmf_demos_tasks:/root/aerostack2_ws/install/rmf_demos_panel:/root/aerostack2_ws/install/rmf_demos_fleet_adapter:/root/aerostack2_ws/install/rmf_demos_dashboard_resources:/root/aerostack2_ws/install/rmf_demos_bridges:/root/aerostack2_ws/install/rmf_demos_assets:/root/aerostack2_ws/install/as2_visualization:/root/aerostack2_ws/install/as2_swarm_perception:/root/aerostack2_ws/install/as2_swarm_fusion_ci:/root/aerostack2_ws/install/as2_swarm_ekf:/root/aerostack2_ws/install/as2_keyboard_teleoperation:/root/aerostack2_ws/install/as2_python_api:/root/aerostack2_ws/install/as2_project_bringup:/root/aerostack2_ws/install/as2_perception:/root/aerostack2_ws/install/as2_groundray_perception:/opt/ros/humble LD_LIBRARY_PATH=/root/aerostack2_ws/install/as2_core/lib:/root/aerostack2_ws/install/as2_msgs/lib:/root/aerostack2_ws/install/as2_state_estimator/lib:/root/aerostack2_ws/install/as2_python_api/lib:/root/aerostack2_ws/install/as2_motion_controller/lib:/root/aerostack2_ws/install/as2_behaviors_trajectory_generation/lib:/root/aerostack2_ws/install/as2_behaviors_swarm_flocking/lib:/root/aerostack2_ws/install/as2_behaviors_motion/lib:/root/aerostack2_ws/install/as2_motion_reference_handlers/lib:/root/aerostack2_ws/install/as2_map_server/lib:/root/aerostack2_ws/install/as2_gazebo_assets/lib:/root/aerostack2_ws/install/as2_behaviors_perception/lib:/root/aerostack2_ws/install/as2_behaviors_path_planning/lib:/root/aerostack2_ws/install/as2_behavior_tree/lib:/root/aerostack2_ws/install/as2_behavior/lib:/opt/ros/humble/opt/rviz_ogre_vendor/lib:/opt/ros/humble/lib/x86_64-linux-gnu:/opt/ros/humble/lib /usr/bin/cmake --build /root/aerostack2_ws/build/as2_behavior_tree -- -j8 -l8
[3.388s] DEBUG:colcon.colcon_core.event_handler.log_command:Invoking command in '/root/aerostack2_ws/build/as2_external_object_to_tf': CMAKE_PREFIX_PATH=/root/aerostack2_ws/install/as2_core:/root/aerostack2_ws/install/as2_msgs:/root/aerostack2_ws/install/rmf_demos_gz_classic:/root/aerostack2_ws/install/rmf_demos_gz:/root/aerostack2_ws/install/rmf_demos:/root/aerostack2_ws/install/rmf_demos_maps:/root/aerostack2_ws/install/aerostack2:/root/aerostack2_ws/install/as2_usb_camera_interface:/root/aerostack2_ws/install/as2_state_estimator:/root/aerostack2_ws/install/as2_rviz_plugins:/root/aerostack2_ws/install/as2_realsense_interface:/root/aerostack2_ws/install/as2_platform_multirotor_simulator:/root/aerostack2_ws/install/as2_platform_gazebo:/root/aerostack2_ws/install/as2_motion_controller:/root/aerostack2_ws/install/as2_behaviors_trajectory_generation:/root/aerostack2_ws/install/as2_behaviors_swarm_flocking:/root/aerostack2_ws/install/as2_behaviors_motion:/root/aerostack2_ws/install/as2_motion_reference_handlers:/root/aerostack2_ws/install/as2_map_server:/root/aerostack2_ws/install/as2_geozones:/root/aerostack2_ws/install/as2_gazebo_assets:/root/aerostack2_ws/install/as2_external_object_to_tf:/root/aerostack2_ws/install/as2_behaviors_platform:/root/aerostack2_ws/install/as2_behaviors_perception:/root/aerostack2_ws/install/as2_behaviors_path_planning:/root/aerostack2_ws/install/as2_behavior_tree:/root/aerostack2_ws/install/as2_behavior:/root/aerostack2_ws/install/as2_alphanumeric_viewer:/root/aerostack2_ws/install/as2_cli:/root/aerostack2_ws/install/rmf_demos_tasks:/root/aerostack2_ws/install/rmf_demos_panel:/root/aerostack2_ws/install/rmf_demos_fleet_adapter:/root/aerostack2_ws/install/rmf_demos_dashboard_resources:/root/aerostack2_ws/install/rmf_demos_bridges:/root/aerostack2_ws/install/rmf_demos_assets:/root/aerostack2_ws/install/as2_visualization:/root/aerostack2_ws/install/as2_swarm_perception:/root/aerostack2_ws/install/as2_swarm_fusion_ci:/root/aerostack2_ws/install/as2_swarm_ekf:/root/aerostack2_ws/install/as2_keyboard_teleoperation:/root/aerostack2_ws/install/as2_python_api:/root/aerostack2_ws/install/as2_project_bringup:/root/aerostack2_ws/install/as2_perception:/root/aerostack2_ws/install/as2_groundray_perception:/opt/ros/humble LD_LIBRARY_PATH=/root/aerostack2_ws/install/as2_core/lib:/root/aerostack2_ws/install/as2_msgs/lib:/root/aerostack2_ws/install/as2_state_estimator/lib:/root/aerostack2_ws/install/as2_python_api/lib:/root/aerostack2_ws/install/as2_motion_controller/lib:/root/aerostack2_ws/install/as2_behaviors_trajectory_generation/lib:/root/aerostack2_ws/install/as2_behaviors_swarm_flocking/lib:/root/aerostack2_ws/install/as2_behaviors_motion/lib:/root/aerostack2_ws/install/as2_motion_reference_handlers/lib:/root/aerostack2_ws/install/as2_map_server/lib:/root/aerostack2_ws/install/as2_gazebo_assets/lib:/root/aerostack2_ws/install/as2_behaviors_perception/lib:/root/aerostack2_ws/install/as2_behaviors_path_planning/lib:/root/aerostack2_ws/install/as2_behavior_tree/lib:/root/aerostack2_ws/install/as2_behavior/lib:/opt/ros/humble/opt/rviz_ogre_vendor/lib:/opt/ros/humble/lib/x86_64-linux-gnu:/opt/ros/humble/lib /usr/bin/cmake --build /root/aerostack2_ws/build/as2_external_object_to_tf -- -j8 -l8
[3.390s] DEBUG:colcon.colcon_core.event_handler.log_command:Invoking command in '/root/aerostack2_ws/build/as2_geozones': CMAKE_PREFIX_PATH=/root/aerostack2_ws/install/as2_core:/root/aerostack2_ws/install/as2_msgs:/root/aerostack2_ws/install/rmf_demos_gz_classic:/root/aerostack2_ws/install/rmf_demos_gz:/root/aerostack2_ws/install/rmf_demos:/root/aerostack2_ws/install/rmf_demos_maps:/root/aerostack2_ws/install/aerostack2:/root/aerostack2_ws/install/as2_usb_camera_interface:/root/aerostack2_ws/install/as2_state_estimator:/root/aerostack2_ws/install/as2_rviz_plugins:/root/aerostack2_ws/install/as2_realsense_interface:/root/aerostack2_ws/install/as2_platform_multirotor_simulator:/root/aerostack2_ws/install/as2_platform_gazebo:/root/aerostack2_ws/install/as2_motion_controller:/root/aerostack2_ws/install/as2_behaviors_trajectory_generation:/root/aerostack2_ws/install/as2_behaviors_swarm_flocking:/root/aerostack2_ws/install/as2_behaviors_motion:/root/aerostack2_ws/install/as2_motion_reference_handlers:/root/aerostack2_ws/install/as2_map_server:/root/aerostack2_ws/install/as2_geozones:/root/aerostack2_ws/install/as2_gazebo_assets:/root/aerostack2_ws/install/as2_external_object_to_tf:/root/aerostack2_ws/install/as2_behaviors_platform:/root/aerostack2_ws/install/as2_behaviors_perception:/root/aerostack2_ws/install/as2_behaviors_path_planning:/root/aerostack2_ws/install/as2_behavior_tree:/root/aerostack2_ws/install/as2_behavior:/root/aerostack2_ws/install/as2_alphanumeric_viewer:/root/aerostack2_ws/install/as2_cli:/root/aerostack2_ws/install/rmf_demos_tasks:/root/aerostack2_ws/install/rmf_demos_panel:/root/aerostack2_ws/install/rmf_demos_fleet_adapter:/root/aerostack2_ws/install/rmf_demos_dashboard_resources:/root/aerostack2_ws/install/rmf_demos_bridges:/root/aerostack2_ws/install/rmf_demos_assets:/root/aerostack2_ws/install/as2_visualization:/root/aerostack2_ws/install/as2_swarm_perception:/root/aerostack2_ws/install/as2_swarm_fusion_ci:/root/aerostack2_ws/install/as2_swarm_ekf:/root/aerostack2_ws/install/as2_keyboard_teleoperation:/root/aerostack2_ws/install/as2_python_api:/root/aerostack2_ws/install/as2_project_bringup:/root/aerostack2_ws/install/as2_perception:/root/aerostack2_ws/install/as2_groundray_perception:/opt/ros/humble LD_LIBRARY_PATH=/root/aerostack2_ws/install/as2_core/lib:/root/aerostack2_ws/install/as2_msgs/lib:/root/aerostack2_ws/install/as2_state_estimator/lib:/root/aerostack2_ws/install/as2_python_api/lib:/root/aerostack2_ws/install/as2_motion_controller/lib:/root/aerostack2_ws/install/as2_behaviors_trajectory_generation/lib:/root/aerostack2_ws/install/as2_behaviors_swarm_flocking/lib:/root/aerostack2_ws/install/as2_behaviors_motion/lib:/root/aerostack2_ws/install/as2_motion_reference_handlers/lib:/root/aerostack2_ws/install/as2_map_server/lib:/root/aerostack2_ws/install/as2_gazebo_assets/lib:/root/aerostack2_ws/install/as2_behaviors_perception/lib:/root/aerostack2_ws/install/as2_behaviors_path_planning/lib:/root/aerostack2_ws/install/as2_behavior_tree/lib:/root/aerostack2_ws/install/as2_behavior/lib:/opt/ros/humble/opt/rviz_ogre_vendor/lib:/opt/ros/humble/lib/x86_64-linux-gnu:/opt/ros/humble/lib /usr/bin/cmake --build /root/aerostack2_ws/build/as2_geozones -- -j8 -l8
[3.397s] DEBUG:colcon.colcon_core.event_handler.log_command:Invoking command in '/root/aerostack2_ws/build/as2_map_server': CMAKE_PREFIX_PATH=/root/aerostack2_ws/install/as2_core:/root/aerostack2_ws/install/as2_msgs:/root/aerostack2_ws/install/rmf_demos_gz_classic:/root/aerostack2_ws/install/rmf_demos_gz:/root/aerostack2_ws/install/rmf_demos:/root/aerostack2_ws/install/rmf_demos_maps:/root/aerostack2_ws/install/aerostack2:/root/aerostack2_ws/install/as2_usb_camera_interface:/root/aerostack2_ws/install/as2_state_estimator:/root/aerostack2_ws/install/as2_rviz_plugins:/root/aerostack2_ws/install/as2_realsense_interface:/root/aerostack2_ws/install/as2_platform_multirotor_simulator:/root/aerostack2_ws/install/as2_platform_gazebo:/root/aerostack2_ws/install/as2_motion_controller:/root/aerostack2_ws/install/as2_behaviors_trajectory_generation:/root/aerostack2_ws/install/as2_behaviors_swarm_flocking:/root/aerostack2_ws/install/as2_behaviors_motion:/root/aerostack2_ws/install/as2_motion_reference_handlers:/root/aerostack2_ws/install/as2_map_server:/root/aerostack2_ws/install/as2_geozones:/root/aerostack2_ws/install/as2_gazebo_assets:/root/aerostack2_ws/install/as2_external_object_to_tf:/root/aerostack2_ws/install/as2_behaviors_platform:/root/aerostack2_ws/install/as2_behaviors_perception:/root/aerostack2_ws/install/as2_behaviors_path_planning:/root/aerostack2_ws/install/as2_behavior_tree:/root/aerostack2_ws/install/as2_behavior:/root/aerostack2_ws/install/as2_alphanumeric_viewer:/root/aerostack2_ws/install/as2_cli:/root/aerostack2_ws/install/rmf_demos_tasks:/root/aerostack2_ws/install/rmf_demos_panel:/root/aerostack2_ws/install/rmf_demos_fleet_adapter:/root/aerostack2_ws/install/rmf_demos_dashboard_resources:/root/aerostack2_ws/install/rmf_demos_bridges:/root/aerostack2_ws/install/rmf_demos_assets:/root/aerostack2_ws/install/as2_visualization:/root/aerostack2_ws/install/as2_swarm_perception:/root/aerostack2_ws/install/as2_swarm_fusion_ci:/root/aerostack2_ws/install/as2_swarm_ekf:/root/aerostack2_ws/install/as2_keyboard_teleoperation:/root/aerostack2_ws/install/as2_python_api:/root/aerostack2_ws/install/as2_project_bringup:/root/aerostack2_ws/install/as2_perception:/root/aerostack2_ws/install/as2_groundray_perception:/opt/ros/humble LD_LIBRARY_PATH=/root/aerostack2_ws/install/as2_core/lib:/root/aerostack2_ws/install/as2_msgs/lib:/root/aerostack2_ws/install/as2_state_estimator/lib:/root/aerostack2_ws/install/as2_python_api/lib:/root/aerostack2_ws/install/as2_motion_controller/lib:/root/aerostack2_ws/install/as2_behaviors_trajectory_generation/lib:/root/aerostack2_ws/install/as2_behaviors_swarm_flocking/lib:/root/aerostack2_ws/install/as2_behaviors_motion/lib:/root/aerostack2_ws/install/as2_motion_reference_handlers/lib:/root/aerostack2_ws/install/as2_map_server/lib:/root/aerostack2_ws/install/as2_gazebo_assets/lib:/root/aerostack2_ws/install/as2_behaviors_perception/lib:/root/aerostack2_ws/install/as2_behaviors_path_planning/lib:/root/aerostack2_ws/install/as2_behavior_tree/lib:/root/aerostack2_ws/install/as2_behavior/lib:/opt/ros/humble/opt/rviz_ogre_vendor/lib:/opt/ros/humble/lib/x86_64-linux-gnu:/opt/ros/humble/lib /usr/bin/cmake --build /root/aerostack2_ws/build/as2_map_server -- -j8 -l8
[3.621s] DEBUG:colcon.colcon_core.event_handler.log_command:Invoked command in '/root/aerostack2_ws/build/as2_alphanumeric_viewer' returned '0': CMAKE_PREFIX_PATH=/root/aerostack2_ws/install/as2_core:/root/aerostack2_ws/install/as2_msgs:/root/aerostack2_ws/install/rmf_demos_gz_classic:/root/aerostack2_ws/install/rmf_demos_gz:/root/aerostack2_ws/install/rmf_demos:/root/aerostack2_ws/install/rmf_demos_maps:/root/aerostack2_ws/install/aerostack2:/root/aerostack2_ws/install/as2_usb_camera_interface:/root/aerostack2_ws/install/as2_state_estimator:/root/aerostack2_ws/install/as2_rviz_plugins:/root/aerostack2_ws/install/as2_realsense_interface:/root/aerostack2_ws/install/as2_platform_multirotor_simulator:/root/aerostack2_ws/install/as2_platform_gazebo:/root/aerostack2_ws/install/as2_motion_controller:/root/aerostack2_ws/install/as2_behaviors_trajectory_generation:/root/aerostack2_ws/install/as2_behaviors_swarm_flocking:/root/aerostack2_ws/install/as2_behaviors_motion:/root/aerostack2_ws/install/as2_motion_reference_handlers:/root/aerostack2_ws/install/as2_map_server:/root/aerostack2_ws/install/as2_geozones:/root/aerostack2_ws/install/as2_gazebo_assets:/root/aerostack2_ws/install/as2_external_object_to_tf:/root/aerostack2_ws/install/as2_behaviors_platform:/root/aerostack2_ws/install/as2_behaviors_perception:/root/aerostack2_ws/install/as2_behaviors_path_planning:/root/aerostack2_ws/install/as2_behavior_tree:/root/aerostack2_ws/install/as2_behavior:/root/aerostack2_ws/install/as2_alphanumeric_viewer:/root/aerostack2_ws/install/as2_cli:/root/aerostack2_ws/install/rmf_demos_tasks:/root/aerostack2_ws/install/rmf_demos_panel:/root/aerostack2_ws/install/rmf_demos_fleet_adapter:/root/aerostack2_ws/install/rmf_demos_dashboard_resources:/root/aerostack2_ws/install/rmf_demos_bridges:/root/aerostack2_ws/install/rmf_demos_assets:/root/aerostack2_ws/install/as2_visualization:/root/aerostack2_ws/install/as2_swarm_perception:/root/aerostack2_ws/install/as2_swarm_fusion_ci:/root/aerostack2_ws/install/as2_swarm_ekf:/root/aerostack2_ws/install/as2_keyboard_teleoperation:/root/aerostack2_ws/install/as2_python_api:/root/aerostack2_ws/install/as2_project_bringup:/root/aerostack2_ws/install/as2_perception:/root/aerostack2_ws/install/as2_groundray_perception:/opt/ros/humble LD_LIBRARY_PATH=/root/aerostack2_ws/install/as2_core/lib:/root/aerostack2_ws/install/as2_msgs/lib:/root/aerostack2_ws/install/as2_state_estimator/lib:/root/aerostack2_ws/install/as2_python_api/lib:/root/aerostack2_ws/install/as2_motion_controller/lib:/root/aerostack2_ws/install/as2_behaviors_trajectory_generation/lib:/root/aerostack2_ws/install/as2_behaviors_swarm_flocking/lib:/root/aerostack2_ws/install/as2_behaviors_motion/lib:/root/aerostack2_ws/install/as2_motion_reference_handlers/lib:/root/aerostack2_ws/install/as2_map_server/lib:/root/aerostack2_ws/install/as2_gazebo_assets/lib:/root/aerostack2_ws/install/as2_behaviors_perception/lib:/root/aerostack2_ws/install/as2_behaviors_path_planning/lib:/root/aerostack2_ws/install/as2_behavior_tree/lib:/root/aerostack2_ws/install/as2_behavior/lib:/opt/ros/humble/opt/rviz_ogre_vendor/lib:/opt/ros/humble/lib/x86_64-linux-gnu:/opt/ros/humble/lib /usr/bin/cmake --build /root/aerostack2_ws/build/as2_alphanumeric_viewer -- -j8 -l8
[3.622s] DEBUG:colcon.colcon_core.event_handler.log_command:Invoking command in '/root/aerostack2_ws/build/as2_alphanumeric_viewer': CMAKE_PREFIX_PATH=/root/aerostack2_ws/install/as2_core:/root/aerostack2_ws/install/as2_msgs:/root/aerostack2_ws/install/rmf_demos_gz_classic:/root/aerostack2_ws/install/rmf_demos_gz:/root/aerostack2_ws/install/rmf_demos:/root/aerostack2_ws/install/rmf_demos_maps:/root/aerostack2_ws/install/aerostack2:/root/aerostack2_ws/install/as2_usb_camera_interface:/root/aerostack2_ws/install/as2_state_estimator:/root/aerostack2_ws/install/as2_rviz_plugins:/root/aerostack2_ws/install/as2_realsense_interface:/root/aerostack2_ws/install/as2_platform_multirotor_simulator:/root/aerostack2_ws/install/as2_platform_gazebo:/root/aerostack2_ws/install/as2_motion_controller:/root/aerostack2_ws/install/as2_behaviors_trajectory_generation:/root/aerostack2_ws/install/as2_behaviors_swarm_flocking:/root/aerostack2_ws/install/as2_behaviors_motion:/root/aerostack2_ws/install/as2_motion_reference_handlers:/root/aerostack2_ws/install/as2_map_server:/root/aerostack2_ws/install/as2_geozones:/root/aerostack2_ws/install/as2_gazebo_assets:/root/aerostack2_ws/install/as2_external_object_to_tf:/root/aerostack2_ws/install/as2_behaviors_platform:/root/aerostack2_ws/install/as2_behaviors_perception:/root/aerostack2_ws/install/as2_behaviors_path_planning:/root/aerostack2_ws/install/as2_behavior_tree:/root/aerostack2_ws/install/as2_behavior:/root/aerostack2_ws/install/as2_alphanumeric_viewer:/root/aerostack2_ws/install/as2_cli:/root/aerostack2_ws/install/rmf_demos_tasks:/root/aerostack2_ws/install/rmf_demos_panel:/root/aerostack2_ws/install/rmf_demos_fleet_adapter:/root/aerostack2_ws/install/rmf_demos_dashboard_resources:/root/aerostack2_ws/install/rmf_demos_bridges:/root/aerostack2_ws/install/rmf_demos_assets:/root/aerostack2_ws/install/as2_visualization:/root/aerostack2_ws/install/as2_swarm_perception:/root/aerostack2_ws/install/as2_swarm_fusion_ci:/root/aerostack2_ws/install/as2_swarm_ekf:/root/aerostack2_ws/install/as2_keyboard_teleoperation:/root/aerostack2_ws/install/as2_python_api:/root/aerostack2_ws/install/as2_project_bringup:/root/aerostack2_ws/install/as2_perception:/root/aerostack2_ws/install/as2_groundray_perception:/opt/ros/humble LD_LIBRARY_PATH=/root/aerostack2_ws/install/as2_core/lib:/root/aerostack2_ws/install/as2_msgs/lib:/root/aerostack2_ws/install/as2_state_estimator/lib:/root/aerostack2_ws/install/as2_python_api/lib:/root/aerostack2_ws/install/as2_motion_controller/lib:/root/aerostack2_ws/install/as2_behaviors_trajectory_generation/lib:/root/aerostack2_ws/install/as2_behaviors_swarm_flocking/lib:/root/aerostack2_ws/install/as2_behaviors_motion/lib:/root/aerostack2_ws/install/as2_motion_reference_handlers/lib:/root/aerostack2_ws/install/as2_map_server/lib:/root/aerostack2_ws/install/as2_gazebo_assets/lib:/root/aerostack2_ws/install/as2_behaviors_perception/lib:/root/aerostack2_ws/install/as2_behaviors_path_planning/lib:/root/aerostack2_ws/install/as2_behavior_tree/lib:/root/aerostack2_ws/install/as2_behavior/lib:/opt/ros/humble/opt/rviz_ogre_vendor/lib:/opt/ros/humble/lib/x86_64-linux-gnu:/opt/ros/humble/lib /usr/bin/cmake --install /root/aerostack2_ws/build/as2_alphanumeric_viewer
[3.702s] DEBUG:colcon.colcon_core.event_handler.log_command:Invoked command in '/root/aerostack2_ws/build/as2_behavior' returned '0': CMAKE_PREFIX_PATH=/root/aerostack2_ws/install/as2_core:/root/aerostack2_ws/install/as2_msgs:/root/aerostack2_ws/install/rmf_demos_gz_classic:/root/aerostack2_ws/install/rmf_demos_gz:/root/aerostack2_ws/install/rmf_demos:/root/aerostack2_ws/install/rmf_demos_maps:/root/aerostack2_ws/install/aerostack2:/root/aerostack2_ws/install/as2_usb_camera_interface:/root/aerostack2_ws/install/as2_state_estimator:/root/aerostack2_ws/install/as2_rviz_plugins:/root/aerostack2_ws/install/as2_realsense_interface:/root/aerostack2_ws/install/as2_platform_multirotor_simulator:/root/aerostack2_ws/install/as2_platform_gazebo:/root/aerostack2_ws/install/as2_motion_controller:/root/aerostack2_ws/install/as2_behaviors_trajectory_generation:/root/aerostack2_ws/install/as2_behaviors_swarm_flocking:/root/aerostack2_ws/install/as2_behaviors_motion:/root/aerostack2_ws/install/as2_motion_reference_handlers:/root/aerostack2_ws/install/as2_map_server:/root/aerostack2_ws/install/as2_geozones:/root/aerostack2_ws/install/as2_gazebo_assets:/root/aerostack2_ws/install/as2_external_object_to_tf:/root/aerostack2_ws/install/as2_behaviors_platform:/root/aerostack2_ws/install/as2_behaviors_perception:/root/aerostack2_ws/install/as2_behaviors_path_planning:/root/aerostack2_ws/install/as2_behavior_tree:/root/aerostack2_ws/install/as2_behavior:/root/aerostack2_ws/install/as2_alphanumeric_viewer:/root/aerostack2_ws/install/as2_cli:/root/aerostack2_ws/install/rmf_demos_tasks:/root/aerostack2_ws/install/rmf_demos_panel:/root/aerostack2_ws/install/rmf_demos_fleet_adapter:/root/aerostack2_ws/install/rmf_demos_dashboard_resources:/root/aerostack2_ws/install/rmf_demos_bridges:/root/aerostack2_ws/install/rmf_demos_assets:/root/aerostack2_ws/install/as2_visualization:/root/aerostack2_ws/install/as2_swarm_perception:/root/aerostack2_ws/install/as2_swarm_fusion_ci:/root/aerostack2_ws/install/as2_swarm_ekf:/root/aerostack2_ws/install/as2_keyboard_teleoperation:/root/aerostack2_ws/install/as2_python_api:/root/aerostack2_ws/install/as2_project_bringup:/root/aerostack2_ws/install/as2_perception:/root/aerostack2_ws/install/as2_groundray_perception:/opt/ros/humble LD_LIBRARY_PATH=/root/aerostack2_ws/install/as2_core/lib:/root/aerostack2_ws/install/as2_msgs/lib:/root/aerostack2_ws/install/as2_state_estimator/lib:/root/aerostack2_ws/install/as2_python_api/lib:/root/aerostack2_ws/install/as2_motion_controller/lib:/root/aerostack2_ws/install/as2_behaviors_trajectory_generation/lib:/root/aerostack2_ws/install/as2_behaviors_swarm_flocking/lib:/root/aerostack2_ws/install/as2_behaviors_motion/lib:/root/aerostack2_ws/install/as2_motion_reference_handlers/lib:/root/aerostack2_ws/install/as2_map_server/lib:/root/aerostack2_ws/install/as2_gazebo_assets/lib:/root/aerostack2_ws/install/as2_behaviors_perception/lib:/root/aerostack2_ws/install/as2_behaviors_path_planning/lib:/root/aerostack2_ws/install/as2_behavior_tree/lib:/root/aerostack2_ws/install/as2_behavior/lib:/opt/ros/humble/opt/rviz_ogre_vendor/lib:/opt/ros/humble/lib/x86_64-linux-gnu:/opt/ros/humble/lib /usr/bin/cmake --build /root/aerostack2_ws/build/as2_behavior -- -j8 -l8
[3.702s] DEBUG:colcon.colcon_core.event_handler.log_command:Invoking command in '/root/aerostack2_ws/build/as2_behavior': CMAKE_PREFIX_PATH=/root/aerostack2_ws/install/as2_core:/root/aerostack2_ws/install/as2_msgs:/root/aerostack2_ws/install/rmf_demos_gz_classic:/root/aerostack2_ws/install/rmf_demos_gz:/root/aerostack2_ws/install/rmf_demos:/root/aerostack2_ws/install/rmf_demos_maps:/root/aerostack2_ws/install/aerostack2:/root/aerostack2_ws/install/as2_usb_camera_interface:/root/aerostack2_ws/install/as2_state_estimator:/root/aerostack2_ws/install/as2_rviz_plugins:/root/aerostack2_ws/install/as2_realsense_interface:/root/aerostack2_ws/install/as2_platform_multirotor_simulator:/root/aerostack2_ws/install/as2_platform_gazebo:/root/aerostack2_ws/install/as2_motion_controller:/root/aerostack2_ws/install/as2_behaviors_trajectory_generation:/root/aerostack2_ws/install/as2_behaviors_swarm_flocking:/root/aerostack2_ws/install/as2_behaviors_motion:/root/aerostack2_ws/install/as2_motion_reference_handlers:/root/aerostack2_ws/install/as2_map_server:/root/aerostack2_ws/install/as2_geozones:/root/aerostack2_ws/install/as2_gazebo_assets:/root/aerostack2_ws/install/as2_external_object_to_tf:/root/aerostack2_ws/install/as2_behaviors_platform:/root/aerostack2_ws/install/as2_behaviors_perception:/root/aerostack2_ws/install/as2_behaviors_path_planning:/root/aerostack2_ws/install/as2_behavior_tree:/root/aerostack2_ws/install/as2_behavior:/root/aerostack2_ws/install/as2_alphanumeric_viewer:/root/aerostack2_ws/install/as2_cli:/root/aerostack2_ws/install/rmf_demos_tasks:/root/aerostack2_ws/install/rmf_demos_panel:/root/aerostack2_ws/install/rmf_demos_fleet_adapter:/root/aerostack2_ws/install/rmf_demos_dashboard_resources:/root/aerostack2_ws/install/rmf_demos_bridges:/root/aerostack2_ws/install/rmf_demos_assets:/root/aerostack2_ws/install/as2_visualization:/root/aerostack2_ws/install/as2_swarm_perception:/root/aerostack2_ws/install/as2_swarm_fusion_ci:/root/aerostack2_ws/install/as2_swarm_ekf:/root/aerostack2_ws/install/as2_keyboard_teleoperation:/root/aerostack2_ws/install/as2_python_api:/root/aerostack2_ws/install/as2_project_bringup:/root/aerostack2_ws/install/as2_perception:/root/aerostack2_ws/install/as2_groundray_perception:/opt/ros/humble LD_LIBRARY_PATH=/root/aerostack2_ws/install/as2_core/lib:/root/aerostack2_ws/install/as2_msgs/lib:/root/aerostack2_ws/install/as2_state_estimator/lib:/root/aerostack2_ws/install/as2_python_api/lib:/root/aerostack2_ws/install/as2_motion_controller/lib:/root/aerostack2_ws/install/as2_behaviors_trajectory_generation/lib:/root/aerostack2_ws/install/as2_behaviors_swarm_flocking/lib:/root/aerostack2_ws/install/as2_behaviors_motion/lib:/root/aerostack2_ws/install/as2_motion_reference_handlers/lib:/root/aerostack2_ws/install/as2_map_server/lib:/root/aerostack2_ws/install/as2_gazebo_assets/lib:/root/aerostack2_ws/install/as2_behaviors_perception/lib:/root/aerostack2_ws/install/as2_behaviors_path_planning/lib:/root/aerostack2_ws/install/as2_behavior_tree/lib:/root/aerostack2_ws/install/as2_behavior/lib:/opt/ros/humble/opt/rviz_ogre_vendor/lib:/opt/ros/humble/lib/x86_64-linux-gnu:/opt/ros/humble/lib /usr/bin/cmake --install /root/aerostack2_ws/build/as2_behavior
[3.752s] DEBUG:colcon.colcon_core.event_handler.log_command:Invoked command in '/root/aerostack2_ws/build/as2_external_object_to_tf' returned '0': CMAKE_PREFIX_PATH=/root/aerostack2_ws/install/as2_core:/root/aerostack2_ws/install/as2_msgs:/root/aerostack2_ws/install/rmf_demos_gz_classic:/root/aerostack2_ws/install/rmf_demos_gz:/root/aerostack2_ws/install/rmf_demos:/root/aerostack2_ws/install/rmf_demos_maps:/root/aerostack2_ws/install/aerostack2:/root/aerostack2_ws/install/as2_usb_camera_interface:/root/aerostack2_ws/install/as2_state_estimator:/root/aerostack2_ws/install/as2_rviz_plugins:/root/aerostack2_ws/install/as2_realsense_interface:/root/aerostack2_ws/install/as2_platform_multirotor_simulator:/root/aerostack2_ws/install/as2_platform_gazebo:/root/aerostack2_ws/install/as2_motion_controller:/root/aerostack2_ws/install/as2_behaviors_trajectory_generation:/root/aerostack2_ws/install/as2_behaviors_swarm_flocking:/root/aerostack2_ws/install/as2_behaviors_motion:/root/aerostack2_ws/install/as2_motion_reference_handlers:/root/aerostack2_ws/install/as2_map_server:/root/aerostack2_ws/install/as2_geozones:/root/aerostack2_ws/install/as2_gazebo_assets:/root/aerostack2_ws/install/as2_external_object_to_tf:/root/aerostack2_ws/install/as2_behaviors_platform:/root/aerostack2_ws/install/as2_behaviors_perception:/root/aerostack2_ws/install/as2_behaviors_path_planning:/root/aerostack2_ws/install/as2_behavior_tree:/root/aerostack2_ws/install/as2_behavior:/root/aerostack2_ws/install/as2_alphanumeric_viewer:/root/aerostack2_ws/install/as2_cli:/root/aerostack2_ws/install/rmf_demos_tasks:/root/aerostack2_ws/install/rmf_demos_panel:/root/aerostack2_ws/install/rmf_demos_fleet_adapter:/root/aerostack2_ws/install/rmf_demos_dashboard_resources:/root/aerostack2_ws/install/rmf_demos_bridges:/root/aerostack2_ws/install/rmf_demos_assets:/root/aerostack2_ws/install/as2_visualization:/root/aerostack2_ws/install/as2_swarm_perception:/root/aerostack2_ws/install/as2_swarm_fusion_ci:/root/aerostack2_ws/install/as2_swarm_ekf:/root/aerostack2_ws/install/as2_keyboard_teleoperation:/root/aerostack2_ws/install/as2_python_api:/root/aerostack2_ws/install/as2_project_bringup:/root/aerostack2_ws/install/as2_perception:/root/aerostack2_ws/install/as2_groundray_perception:/opt/ros/humble LD_LIBRARY_PATH=/root/aerostack2_ws/install/as2_core/lib:/root/aerostack2_ws/install/as2_msgs/lib:/root/aerostack2_ws/install/as2_state_estimator/lib:/root/aerostack2_ws/install/as2_python_api/lib:/root/aerostack2_ws/install/as2_motion_controller/lib:/root/aerostack2_ws/install/as2_behaviors_trajectory_generation/lib:/root/aerostack2_ws/install/as2_behaviors_swarm_flocking/lib:/root/aerostack2_ws/install/as2_behaviors_motion/lib:/root/aerostack2_ws/install/as2_motion_reference_handlers/lib:/root/aerostack2_ws/install/as2_map_server/lib:/root/aerostack2_ws/install/as2_gazebo_assets/lib:/root/aerostack2_ws/install/as2_behaviors_perception/lib:/root/aerostack2_ws/install/as2_behaviors_path_planning/lib:/root/aerostack2_ws/install/as2_behavior_tree/lib:/root/aerostack2_ws/install/as2_behavior/lib:/opt/ros/humble/opt/rviz_ogre_vendor/lib:/opt/ros/humble/lib/x86_64-linux-gnu:/opt/ros/humble/lib /usr/bin/cmake --build /root/aerostack2_ws/build/as2_external_object_to_tf -- -j8 -l8
[3.757s] Level 1:colcon.colcon_core.environment:create_environment_scripts_only(as2_alphanumeric_viewer)
[3.758s] Level 1:colcon.colcon_core.environment:checking '/root/aerostack2_ws/install/as2_alphanumeric_viewer' for CMake module files
[3.760s] Level 1:colcon.colcon_core.environment:checking '/root/aerostack2_ws/install/as2_alphanumeric_viewer' for CMake config files
[3.764s] Level 1:colcon.colcon_core.shell:create_environment_hook('as2_alphanumeric_viewer', 'cmake_prefix_path')
[3.765s] INFO:colcon.colcon_core.shell:Creating environment hook '/root/aerostack2_ws/install/as2_alphanumeric_viewer/share/as2_alphanumeric_viewer/hook/cmake_prefix_path.ps1'
[3.766s] DEBUG:colcon.colcon_core.event_handler.log_command:Invoking command in '/root/aerostack2_ws/build/as2_external_object_to_tf': CMAKE_PREFIX_PATH=/root/aerostack2_ws/install/as2_core:/root/aerostack2_ws/install/as2_msgs:/root/aerostack2_ws/install/rmf_demos_gz_classic:/root/aerostack2_ws/install/rmf_demos_gz:/root/aerostack2_ws/install/rmf_demos:/root/aerostack2_ws/install/rmf_demos_maps:/root/aerostack2_ws/install/aerostack2:/root/aerostack2_ws/install/as2_usb_camera_interface:/root/aerostack2_ws/install/as2_state_estimator:/root/aerostack2_ws/install/as2_rviz_plugins:/root/aerostack2_ws/install/as2_realsense_interface:/root/aerostack2_ws/install/as2_platform_multirotor_simulator:/root/aerostack2_ws/install/as2_platform_gazebo:/root/aerostack2_ws/install/as2_motion_controller:/root/aerostack2_ws/install/as2_behaviors_trajectory_generation:/root/aerostack2_ws/install/as2_behaviors_swarm_flocking:/root/aerostack2_ws/install/as2_behaviors_motion:/root/aerostack2_ws/install/as2_motion_reference_handlers:/root/aerostack2_ws/install/as2_map_server:/root/aerostack2_ws/install/as2_geozones:/root/aerostack2_ws/install/as2_gazebo_assets:/root/aerostack2_ws/install/as2_external_object_to_tf:/root/aerostack2_ws/install/as2_behaviors_platform:/root/aerostack2_ws/install/as2_behaviors_perception:/root/aerostack2_ws/install/as2_behaviors_path_planning:/root/aerostack2_ws/install/as2_behavior_tree:/root/aerostack2_ws/install/as2_behavior:/root/aerostack2_ws/install/as2_alphanumeric_viewer:/root/aerostack2_ws/install/as2_cli:/root/aerostack2_ws/install/rmf_demos_tasks:/root/aerostack2_ws/install/rmf_demos_panel:/root/aerostack2_ws/install/rmf_demos_fleet_adapter:/root/aerostack2_ws/install/rmf_demos_dashboard_resources:/root/aerostack2_ws/install/rmf_demos_bridges:/root/aerostack2_ws/install/rmf_demos_assets:/root/aerostack2_ws/install/as2_visualization:/root/aerostack2_ws/install/as2_swarm_perception:/root/aerostack2_ws/install/as2_swarm_fusion_ci:/root/aerostack2_ws/install/as2_swarm_ekf:/root/aerostack2_ws/install/as2_keyboard_teleoperation:/root/aerostack2_ws/install/as2_python_api:/root/aerostack2_ws/install/as2_project_bringup:/root/aerostack2_ws/install/as2_perception:/root/aerostack2_ws/install/as2_groundray_perception:/opt/ros/humble LD_LIBRARY_PATH=/root/aerostack2_ws/install/as2_core/lib:/root/aerostack2_ws/install/as2_msgs/lib:/root/aerostack2_ws/install/as2_state_estimator/lib:/root/aerostack2_ws/install/as2_python_api/lib:/root/aerostack2_ws/install/as2_motion_controller/lib:/root/aerostack2_ws/install/as2_behaviors_trajectory_generation/lib:/root/aerostack2_ws/install/as2_behaviors_swarm_flocking/lib:/root/aerostack2_ws/install/as2_behaviors_motion/lib:/root/aerostack2_ws/install/as2_motion_reference_handlers/lib:/root/aerostack2_ws/install/as2_map_server/lib:/root/aerostack2_ws/install/as2_gazebo_assets/lib:/root/aerostack2_ws/install/as2_behaviors_perception/lib:/root/aerostack2_ws/install/as2_behaviors_path_planning/lib:/root/aerostack2_ws/install/as2_behavior_tree/lib:/root/aerostack2_ws/install/as2_behavior/lib:/opt/ros/humble/opt/rviz_ogre_vendor/lib:/opt/ros/humble/lib/x86_64-linux-gnu:/opt/ros/humble/lib /usr/bin/cmake --install /root/aerostack2_ws/build/as2_external_object_to_tf
[3.767s] DEBUG:colcon.colcon_core.event_handler.log_command:Invoked command in '/root/aerostack2_ws/build/as2_alphanumeric_viewer' returned '0': CMAKE_PREFIX_PATH=/root/aerostack2_ws/install/as2_core:/root/aerostack2_ws/install/as2_msgs:/root/aerostack2_ws/install/rmf_demos_gz_classic:/root/aerostack2_ws/install/rmf_demos_gz:/root/aerostack2_ws/install/rmf_demos:/root/aerostack2_ws/install/rmf_demos_maps:/root/aerostack2_ws/install/aerostack2:/root/aerostack2_ws/install/as2_usb_camera_interface:/root/aerostack2_ws/install/as2_state_estimator:/root/aerostack2_ws/install/as2_rviz_plugins:/root/aerostack2_ws/install/as2_realsense_interface:/root/aerostack2_ws/install/as2_platform_multirotor_simulator:/root/aerostack2_ws/install/as2_platform_gazebo:/root/aerostack2_ws/install/as2_motion_controller:/root/aerostack2_ws/install/as2_behaviors_trajectory_generation:/root/aerostack2_ws/install/as2_behaviors_swarm_flocking:/root/aerostack2_ws/install/as2_behaviors_motion:/root/aerostack2_ws/install/as2_motion_reference_handlers:/root/aerostack2_ws/install/as2_map_server:/root/aerostack2_ws/install/as2_geozones:/root/aerostack2_ws/install/as2_gazebo_assets:/root/aerostack2_ws/install/as2_external_object_to_tf:/root/aerostack2_ws/install/as2_behaviors_platform:/root/aerostack2_ws/install/as2_behaviors_perception:/root/aerostack2_ws/install/as2_behaviors_path_planning:/root/aerostack2_ws/install/as2_behavior_tree:/root/aerostack2_ws/install/as2_behavior:/root/aerostack2_ws/install/as2_alphanumeric_viewer:/root/aerostack2_ws/install/as2_cli:/root/aerostack2_ws/install/rmf_demos_tasks:/root/aerostack2_ws/install/rmf_demos_panel:/root/aerostack2_ws/install/rmf_demos_fleet_adapter:/root/aerostack2_ws/install/rmf_demos_dashboard_resources:/root/aerostack2_ws/install/rmf_demos_bridges:/root/aerostack2_ws/install/rmf_demos_assets:/root/aerostack2_ws/install/as2_visualization:/root/aerostack2_ws/install/as2_swarm_perception:/root/aerostack2_ws/install/as2_swarm_fusion_ci:/root/aerostack2_ws/install/as2_swarm_ekf:/root/aerostack2_ws/install/as2_keyboard_teleoperation:/root/aerostack2_ws/install/as2_python_api:/root/aerostack2_ws/install/as2_project_bringup:/root/aerostack2_ws/install/as2_perception:/root/aerostack2_ws/install/as2_groundray_perception:/opt/ros/humble LD_LIBRARY_PATH=/root/aerostack2_ws/install/as2_core/lib:/root/aerostack2_ws/install/as2_msgs/lib:/root/aerostack2_ws/install/as2_state_estimator/lib:/root/aerostack2_ws/install/as2_python_api/lib:/root/aerostack2_ws/install/as2_motion_controller/lib:/root/aerostack2_ws/install/as2_behaviors_trajectory_generation/lib:/root/aerostack2_ws/install/as2_behaviors_swarm_flocking/lib:/root/aerostack2_ws/install/as2_behaviors_motion/lib:/root/aerostack2_ws/install/as2_motion_reference_handlers/lib:/root/aerostack2_ws/install/as2_map_server/lib:/root/aerostack2_ws/install/as2_gazebo_assets/lib:/root/aerostack2_ws/install/as2_behaviors_perception/lib:/root/aerostack2_ws/install/as2_behaviors_path_planning/lib:/root/aerostack2_ws/install/as2_behavior_tree/lib:/root/aerostack2_ws/install/as2_behavior/lib:/opt/ros/humble/opt/rviz_ogre_vendor/lib:/opt/ros/humble/lib/x86_64-linux-gnu:/opt/ros/humble/lib /usr/bin/cmake --install /root/aerostack2_ws/build/as2_alphanumeric_viewer
[3.767s] INFO:colcon.colcon_core.shell:Creating environment descriptor '/root/aerostack2_ws/install/as2_alphanumeric_viewer/share/as2_alphanumeric_viewer/hook/cmake_prefix_path.dsv'
[3.767s] INFO:colcon.colcon_core.shell:Creating environment hook '/root/aerostack2_ws/install/as2_alphanumeric_viewer/share/as2_alphanumeric_viewer/hook/cmake_prefix_path.sh'
[3.770s] Level 1:colcon.colcon_core.environment:checking '/root/aerostack2_ws/install/as2_alphanumeric_viewer/lib'
[3.770s] Level 1:colcon.colcon_core.environment:checking '/root/aerostack2_ws/install/as2_alphanumeric_viewer/bin'
[3.770s] Level 1:colcon.colcon_core.environment:checking '/root/aerostack2_ws/install/as2_alphanumeric_viewer/lib/pkgconfig/as2_alphanumeric_viewer.pc'
[3.770s] Level 1:colcon.colcon_core.environment:checking '/root/aerostack2_ws/install/as2_alphanumeric_viewer/lib/python3.10/site-packages'
[3.771s] Level 1:colcon.colcon_core.environment:checking '/root/aerostack2_ws/install/as2_alphanumeric_viewer/bin'
[3.771s] INFO:colcon.colcon_core.shell:Creating package script '/root/aerostack2_ws/install/as2_alphanumeric_viewer/share/as2_alphanumeric_viewer/package.ps1'
[3.771s] INFO:colcon.colcon_core.shell:Creating package descriptor '/root/aerostack2_ws/install/as2_alphanumeric_viewer/share/as2_alphanumeric_viewer/package.dsv'
[3.772s] INFO:colcon.colcon_core.shell:Creating package script '/root/aerostack2_ws/install/as2_alphanumeric_viewer/share/as2_alphanumeric_viewer/package.sh'
[3.772s] INFO:colcon.colcon_core.shell:Creating package script '/root/aerostack2_ws/install/as2_alphanumeric_viewer/share/as2_alphanumeric_viewer/package.bash'
[3.772s] INFO:colcon.colcon_core.shell:Creating package script '/root/aerostack2_ws/install/as2_alphanumeric_viewer/share/as2_alphanumeric_viewer/package.zsh'
[3.772s] Level 1:colcon.colcon_core.environment:create_file_with_runtime_dependencies(/root/aerostack2_ws/install/as2_alphanumeric_viewer/share/colcon-core/packages/as2_alphanumeric_viewer)
[3.773s] Level 1:colcon.colcon_core.environment:create_environment_scripts_only(as2_alphanumeric_viewer)
[3.773s] Level 1:colcon.colcon_core.environment:checking '/root/aerostack2_ws/install/as2_alphanumeric_viewer' for CMake module files
[3.773s] Level 1:colcon.colcon_core.environment:checking '/root/aerostack2_ws/install/as2_alphanumeric_viewer' for CMake config files
[3.773s] Level 1:colcon.colcon_core.shell:create_environment_hook('as2_alphanumeric_viewer', 'cmake_prefix_path')
[3.774s] INFO:colcon.colcon_core.shell:Creating environment hook '/root/aerostack2_ws/install/as2_alphanumeric_viewer/share/as2_alphanumeric_viewer/hook/cmake_prefix_path.ps1'
[3.775s] INFO:colcon.colcon_core.shell:Creating environment descriptor '/root/aerostack2_ws/install/as2_alphanumeric_viewer/share/as2_alphanumeric_viewer/hook/cmake_prefix_path.dsv'
[3.775s] INFO:colcon.colcon_core.shell:Creating environment hook '/root/aerostack2_ws/install/as2_alphanumeric_viewer/share/as2_alphanumeric_viewer/hook/cmake_prefix_path.sh'
[3.776s] Level 1:colcon.colcon_core.environment:checking '/root/aerostack2_ws/install/as2_alphanumeric_viewer/lib'
[3.776s] Level 1:colcon.colcon_core.environment:checking '/root/aerostack2_ws/install/as2_alphanumeric_viewer/bin'
[3.776s] Level 1:colcon.colcon_core.environment:checking '/root/aerostack2_ws/install/as2_alphanumeric_viewer/lib/pkgconfig/as2_alphanumeric_viewer.pc'
[3.776s] Level 1:colcon.colcon_core.environment:checking '/root/aerostack2_ws/install/as2_alphanumeric_viewer/lib/python3.10/site-packages'
[3.777s] Level 1:colcon.colcon_core.environment:checking '/root/aerostack2_ws/install/as2_alphanumeric_viewer/bin'
[3.777s] INFO:colcon.colcon_core.shell:Creating package script '/root/aerostack2_ws/install/as2_alphanumeric_viewer/share/as2_alphanumeric_viewer/package.ps1'
[3.778s] INFO:colcon.colcon_core.shell:Creating package descriptor '/root/aerostack2_ws/install/as2_alphanumeric_viewer/share/as2_alphanumeric_viewer/package.dsv'
[3.779s] INFO:colcon.colcon_core.shell:Creating package script '/root/aerostack2_ws/install/as2_alphanumeric_viewer/share/as2_alphanumeric_viewer/package.sh'
[3.780s] INFO:colcon.colcon_core.shell:Creating package script '/root/aerostack2_ws/install/as2_alphanumeric_viewer/share/as2_alphanumeric_viewer/package.bash'
[3.780s] INFO:colcon.colcon_core.shell:Creating package script '/root/aerostack2_ws/install/as2_alphanumeric_viewer/share/as2_alphanumeric_viewer/package.zsh'
[3.780s] Level 1:colcon.colcon_core.environment:create_file_with_runtime_dependencies(/root/aerostack2_ws/install/as2_alphanumeric_viewer/share/colcon-core/packages/as2_alphanumeric_viewer)
[3.781s] Level 1:colcon.colcon_core.environment:create_environment_scripts_only(as2_behavior)
[3.781s] Level 1:colcon.colcon_core.environment:checking '/root/aerostack2_ws/install/as2_behavior' for CMake module files
[3.782s] DEBUG:colcon.colcon_core.event_handler.log_command:Invoked command in '/root/aerostack2_ws/build/as2_behavior' returned '0': CMAKE_PREFIX_PATH=/root/aerostack2_ws/install/as2_core:/root/aerostack2_ws/install/as2_msgs:/root/aerostack2_ws/install/rmf_demos_gz_classic:/root/aerostack2_ws/install/rmf_demos_gz:/root/aerostack2_ws/install/rmf_demos:/root/aerostack2_ws/install/rmf_demos_maps:/root/aerostack2_ws/install/aerostack2:/root/aerostack2_ws/install/as2_usb_camera_interface:/root/aerostack2_ws/install/as2_state_estimator:/root/aerostack2_ws/install/as2_rviz_plugins:/root/aerostack2_ws/install/as2_realsense_interface:/root/aerostack2_ws/install/as2_platform_multirotor_simulator:/root/aerostack2_ws/install/as2_platform_gazebo:/root/aerostack2_ws/install/as2_motion_controller:/root/aerostack2_ws/install/as2_behaviors_trajectory_generation:/root/aerostack2_ws/install/as2_behaviors_swarm_flocking:/root/aerostack2_ws/install/as2_behaviors_motion:/root/aerostack2_ws/install/as2_motion_reference_handlers:/root/aerostack2_ws/install/as2_map_server:/root/aerostack2_ws/install/as2_geozones:/root/aerostack2_ws/install/as2_gazebo_assets:/root/aerostack2_ws/install/as2_external_object_to_tf:/root/aerostack2_ws/install/as2_behaviors_platform:/root/aerostack2_ws/install/as2_behaviors_perception:/root/aerostack2_ws/install/as2_behaviors_path_planning:/root/aerostack2_ws/install/as2_behavior_tree:/root/aerostack2_ws/install/as2_behavior:/root/aerostack2_ws/install/as2_alphanumeric_viewer:/root/aerostack2_ws/install/as2_cli:/root/aerostack2_ws/install/rmf_demos_tasks:/root/aerostack2_ws/install/rmf_demos_panel:/root/aerostack2_ws/install/rmf_demos_fleet_adapter:/root/aerostack2_ws/install/rmf_demos_dashboard_resources:/root/aerostack2_ws/install/rmf_demos_bridges:/root/aerostack2_ws/install/rmf_demos_assets:/root/aerostack2_ws/install/as2_visualization:/root/aerostack2_ws/install/as2_swarm_perception:/root/aerostack2_ws/install/as2_swarm_fusion_ci:/root/aerostack2_ws/install/as2_swarm_ekf:/root/aerostack2_ws/install/as2_keyboard_teleoperation:/root/aerostack2_ws/install/as2_python_api:/root/aerostack2_ws/install/as2_project_bringup:/root/aerostack2_ws/install/as2_perception:/root/aerostack2_ws/install/as2_groundray_perception:/opt/ros/humble LD_LIBRARY_PATH=/root/aerostack2_ws/install/as2_core/lib:/root/aerostack2_ws/install/as2_msgs/lib:/root/aerostack2_ws/install/as2_state_estimator/lib:/root/aerostack2_ws/install/as2_python_api/lib:/root/aerostack2_ws/install/as2_motion_controller/lib:/root/aerostack2_ws/install/as2_behaviors_trajectory_generation/lib:/root/aerostack2_ws/install/as2_behaviors_swarm_flocking/lib:/root/aerostack2_ws/install/as2_behaviors_motion/lib:/root/aerostack2_ws/install/as2_motion_reference_handlers/lib:/root/aerostack2_ws/install/as2_map_server/lib:/root/aerostack2_ws/install/as2_gazebo_assets/lib:/root/aerostack2_ws/install/as2_behaviors_perception/lib:/root/aerostack2_ws/install/as2_behaviors_path_planning/lib:/root/aerostack2_ws/install/as2_behavior_tree/lib:/root/aerostack2_ws/install/as2_behavior/lib:/opt/ros/humble/opt/rviz_ogre_vendor/lib:/opt/ros/humble/lib/x86_64-linux-gnu:/opt/ros/humble/lib /usr/bin/cmake --install /root/aerostack2_ws/build/as2_behavior
[3.783s] Level 1:colcon.colcon_core.environment:checking '/root/aerostack2_ws/install/as2_behavior' for CMake config files
[3.783s] Level 1:colcon.colcon_core.shell:create_environment_hook('as2_behavior', 'cmake_prefix_path')
[3.783s] INFO:colcon.colcon_core.shell:Creating environment hook '/root/aerostack2_ws/install/as2_behavior/share/as2_behavior/hook/cmake_prefix_path.ps1'
[3.783s] INFO:colcon.colcon_core.shell:Creating environment descriptor '/root/aerostack2_ws/install/as2_behavior/share/as2_behavior/hook/cmake_prefix_path.dsv'
[3.784s] INFO:colcon.colcon_core.shell:Creating environment hook '/root/aerostack2_ws/install/as2_behavior/share/as2_behavior/hook/cmake_prefix_path.sh'
[3.784s] Level 1:colcon.colcon_core.environment:checking '/root/aerostack2_ws/install/as2_behavior/lib'
[3.784s] Level 1:colcon.colcon_core.shell:create_environment_hook('as2_behavior', 'ld_library_path_lib')
[3.784s] INFO:colcon.colcon_core.shell:Creating environment hook '/root/aerostack2_ws/install/as2_behavior/share/as2_behavior/hook/ld_library_path_lib.ps1'
[3.785s] INFO:colcon.colcon_core.shell:Creating environment descriptor '/root/aerostack2_ws/install/as2_behavior/share/as2_behavior/hook/ld_library_path_lib.dsv'
[3.785s] INFO:colcon.colcon_core.shell:Creating environment hook '/root/aerostack2_ws/install/as2_behavior/share/as2_behavior/hook/ld_library_path_lib.sh'
[3.785s] Level 1:colcon.colcon_core.environment:checking '/root/aerostack2_ws/install/as2_behavior/bin'
[3.785s] Level 1:colcon.colcon_core.environment:checking '/root/aerostack2_ws/install/as2_behavior/lib/pkgconfig/as2_behavior.pc'
[3.785s] Level 1:colcon.colcon_core.environment:checking '/root/aerostack2_ws/install/as2_behavior/lib/python3.10/site-packages'
[3.786s] Level 1:colcon.colcon_core.environment:checking '/root/aerostack2_ws/install/as2_behavior/bin'
[3.786s] INFO:colcon.colcon_core.shell:Creating package script '/root/aerostack2_ws/install/as2_behavior/share/as2_behavior/package.ps1'
[3.786s] INFO:colcon.colcon_core.shell:Creating package descriptor '/root/aerostack2_ws/install/as2_behavior/share/as2_behavior/package.dsv'
[3.786s] INFO:colcon.colcon_core.shell:Creating package script '/root/aerostack2_ws/install/as2_behavior/share/as2_behavior/package.sh'
[3.787s] INFO:colcon.colcon_core.shell:Creating package script '/root/aerostack2_ws/install/as2_behavior/share/as2_behavior/package.bash'
[3.787s] INFO:colcon.colcon_core.shell:Creating package script '/root/aerostack2_ws/install/as2_behavior/share/as2_behavior/package.zsh'
[3.787s] Level 1:colcon.colcon_core.environment:create_file_with_runtime_dependencies(/root/aerostack2_ws/install/as2_behavior/share/colcon-core/packages/as2_behavior)
[3.788s] Level 1:colcon.colcon_core.environment:create_environment_scripts_only(as2_behavior)
[3.788s] Level 1:colcon.colcon_core.environment:checking '/root/aerostack2_ws/install/as2_behavior' for CMake module files
[3.788s] Level 1:colcon.colcon_core.environment:checking '/root/aerostack2_ws/install/as2_behavior' for CMake config files
[3.788s] Level 1:colcon.colcon_core.shell:create_environment_hook('as2_behavior', 'cmake_prefix_path')
[3.788s] INFO:colcon.colcon_core.shell:Creating environment hook '/root/aerostack2_ws/install/as2_behavior/share/as2_behavior/hook/cmake_prefix_path.ps1'
[3.789s] INFO:colcon.colcon_core.shell:Creating environment descriptor '/root/aerostack2_ws/install/as2_behavior/share/as2_behavior/hook/cmake_prefix_path.dsv'
[3.789s] INFO:colcon.colcon_core.shell:Creating environment hook '/root/aerostack2_ws/install/as2_behavior/share/as2_behavior/hook/cmake_prefix_path.sh'
[3.789s] Level 1:colcon.colcon_core.environment:checking '/root/aerostack2_ws/install/as2_behavior/lib'
[3.789s] Level 1:colcon.colcon_core.shell:create_environment_hook('as2_behavior', 'ld_library_path_lib')
[3.789s] INFO:colcon.colcon_core.shell:Creating environment hook '/root/aerostack2_ws/install/as2_behavior/share/as2_behavior/hook/ld_library_path_lib.ps1'
[3.790s] INFO:colcon.colcon_core.shell:Creating environment descriptor '/root/aerostack2_ws/install/as2_behavior/share/as2_behavior/hook/ld_library_path_lib.dsv'
[3.791s] INFO:colcon.colcon_core.shell:Creating environment hook '/root/aerostack2_ws/install/as2_behavior/share/as2_behavior/hook/ld_library_path_lib.sh'
[3.791s] Level 1:colcon.colcon_core.environment:checking '/root/aerostack2_ws/install/as2_behavior/bin'
[3.792s] Level 1:colcon.colcon_core.environment:checking '/root/aerostack2_ws/install/as2_behavior/lib/pkgconfig/as2_behavior.pc'
[3.792s] Level 1:colcon.colcon_core.environment:checking '/root/aerostack2_ws/install/as2_behavior/lib/python3.10/site-packages'
[3.792s] Level 1:colcon.colcon_core.environment:checking '/root/aerostack2_ws/install/as2_behavior/bin'
[3.793s] INFO:colcon.colcon_core.shell:Creating package script '/root/aerostack2_ws/install/as2_behavior/share/as2_behavior/package.ps1'
[3.794s] INFO:colcon.colcon_core.shell:Creating package descriptor '/root/aerostack2_ws/install/as2_behavior/share/as2_behavior/package.dsv'
[3.794s] INFO:colcon.colcon_core.shell:Creating package script '/root/aerostack2_ws/install/as2_behavior/share/as2_behavior/package.sh'
[3.795s] INFO:colcon.colcon_core.shell:Creating package script '/root/aerostack2_ws/install/as2_behavior/share/as2_behavior/package.bash'
[3.795s] INFO:colcon.colcon_core.shell:Creating package script '/root/aerostack2_ws/install/as2_behavior/share/as2_behavior/package.zsh'
[3.795s] Level 1:colcon.colcon_core.environment:create_file_with_runtime_dependencies(/root/aerostack2_ws/install/as2_behavior/share/colcon-core/packages/as2_behavior)
[3.798s] INFO:colcon.colcon_ros.task.ament_cmake.build:Building ROS package in '/root/aerostack2_ws/src/aerostack2/as2_aerial_platforms/as2_platform_multirotor_simulator' with build type 'ament_cmake'
[3.798s] INFO:colcon.colcon_cmake.task.cmake.build:Building CMake package in '/root/aerostack2_ws/src/aerostack2/as2_aerial_platforms/as2_platform_multirotor_simulator'
[3.798s] INFO:colcon.colcon_core.shell:Skip shell extension 'powershell' for command environment: Not usable outside of PowerShell
[3.799s] DEBUG:colcon.colcon_core.shell:Skip shell extension 'dsv' for command environment
[3.805s] INFO:colcon.colcon_ros.task.ament_cmake.build:Building ROS package in '/root/aerostack2_ws/src/aerostack2/as2_hardware_drivers/as2_realsense_interface' with build type 'ament_cmake'
[3.809s] INFO:colcon.colcon_cmake.task.cmake.build:Building CMake package in '/root/aerostack2_ws/src/aerostack2/as2_hardware_drivers/as2_realsense_interface'
[3.813s] INFO:colcon.colcon_core.shell:Skip shell extension 'powershell' for command environment: Not usable outside of PowerShell
[3.814s] DEBUG:colcon.colcon_core.shell:Skip shell extension 'dsv' for command environment
[4.018s] DEBUG:colcon.colcon_core.event_handler.log_command:Invoked command in '/root/aerostack2_ws/build/as2_map_server' returned '0': CMAKE_PREFIX_PATH=/root/aerostack2_ws/install/as2_core:/root/aerostack2_ws/install/as2_msgs:/root/aerostack2_ws/install/rmf_demos_gz_classic:/root/aerostack2_ws/install/rmf_demos_gz:/root/aerostack2_ws/install/rmf_demos:/root/aerostack2_ws/install/rmf_demos_maps:/root/aerostack2_ws/install/aerostack2:/root/aerostack2_ws/install/as2_usb_camera_interface:/root/aerostack2_ws/install/as2_state_estimator:/root/aerostack2_ws/install/as2_rviz_plugins:/root/aerostack2_ws/install/as2_realsense_interface:/root/aerostack2_ws/install/as2_platform_multirotor_simulator:/root/aerostack2_ws/install/as2_platform_gazebo:/root/aerostack2_ws/install/as2_motion_controller:/root/aerostack2_ws/install/as2_behaviors_trajectory_generation:/root/aerostack2_ws/install/as2_behaviors_swarm_flocking:/root/aerostack2_ws/install/as2_behaviors_motion:/root/aerostack2_ws/install/as2_motion_reference_handlers:/root/aerostack2_ws/install/as2_map_server:/root/aerostack2_ws/install/as2_geozones:/root/aerostack2_ws/install/as2_gazebo_assets:/root/aerostack2_ws/install/as2_external_object_to_tf:/root/aerostack2_ws/install/as2_behaviors_platform:/root/aerostack2_ws/install/as2_behaviors_perception:/root/aerostack2_ws/install/as2_behaviors_path_planning:/root/aerostack2_ws/install/as2_behavior_tree:/root/aerostack2_ws/install/as2_behavior:/root/aerostack2_ws/install/as2_alphanumeric_viewer:/root/aerostack2_ws/install/as2_cli:/root/aerostack2_ws/install/rmf_demos_tasks:/root/aerostack2_ws/install/rmf_demos_panel:/root/aerostack2_ws/install/rmf_demos_fleet_adapter:/root/aerostack2_ws/install/rmf_demos_dashboard_resources:/root/aerostack2_ws/install/rmf_demos_bridges:/root/aerostack2_ws/install/rmf_demos_assets:/root/aerostack2_ws/install/as2_visualization:/root/aerostack2_ws/install/as2_swarm_perception:/root/aerostack2_ws/install/as2_swarm_fusion_ci:/root/aerostack2_ws/install/as2_swarm_ekf:/root/aerostack2_ws/install/as2_keyboard_teleoperation:/root/aerostack2_ws/install/as2_python_api:/root/aerostack2_ws/install/as2_project_bringup:/root/aerostack2_ws/install/as2_perception:/root/aerostack2_ws/install/as2_groundray_perception:/opt/ros/humble LD_LIBRARY_PATH=/root/aerostack2_ws/install/as2_core/lib:/root/aerostack2_ws/install/as2_msgs/lib:/root/aerostack2_ws/install/as2_state_estimator/lib:/root/aerostack2_ws/install/as2_python_api/lib:/root/aerostack2_ws/install/as2_motion_controller/lib:/root/aerostack2_ws/install/as2_behaviors_trajectory_generation/lib:/root/aerostack2_ws/install/as2_behaviors_swarm_flocking/lib:/root/aerostack2_ws/install/as2_behaviors_motion/lib:/root/aerostack2_ws/install/as2_motion_reference_handlers/lib:/root/aerostack2_ws/install/as2_map_server/lib:/root/aerostack2_ws/install/as2_gazebo_assets/lib:/root/aerostack2_ws/install/as2_behaviors_perception/lib:/root/aerostack2_ws/install/as2_behaviors_path_planning/lib:/root/aerostack2_ws/install/as2_behavior_tree/lib:/root/aerostack2_ws/install/as2_behavior/lib:/opt/ros/humble/opt/rviz_ogre_vendor/lib:/opt/ros/humble/lib/x86_64-linux-gnu:/opt/ros/humble/lib /usr/bin/cmake --build /root/aerostack2_ws/build/as2_map_server -- -j8 -l8
[4.088s] DEBUG:colcon.colcon_core.event_handler.log_command:Invoking command in '/root/aerostack2_ws/build/as2_map_server': CMAKE_PREFIX_PATH=/root/aerostack2_ws/install/as2_core:/root/aerostack2_ws/install/as2_msgs:/root/aerostack2_ws/install/rmf_demos_gz_classic:/root/aerostack2_ws/install/rmf_demos_gz:/root/aerostack2_ws/install/rmf_demos:/root/aerostack2_ws/install/rmf_demos_maps:/root/aerostack2_ws/install/aerostack2:/root/aerostack2_ws/install/as2_usb_camera_interface:/root/aerostack2_ws/install/as2_state_estimator:/root/aerostack2_ws/install/as2_rviz_plugins:/root/aerostack2_ws/install/as2_realsense_interface:/root/aerostack2_ws/install/as2_platform_multirotor_simulator:/root/aerostack2_ws/install/as2_platform_gazebo:/root/aerostack2_ws/install/as2_motion_controller:/root/aerostack2_ws/install/as2_behaviors_trajectory_generation:/root/aerostack2_ws/install/as2_behaviors_swarm_flocking:/root/aerostack2_ws/install/as2_behaviors_motion:/root/aerostack2_ws/install/as2_motion_reference_handlers:/root/aerostack2_ws/install/as2_map_server:/root/aerostack2_ws/install/as2_geozones:/root/aerostack2_ws/install/as2_gazebo_assets:/root/aerostack2_ws/install/as2_external_object_to_tf:/root/aerostack2_ws/install/as2_behaviors_platform:/root/aerostack2_ws/install/as2_behaviors_perception:/root/aerostack2_ws/install/as2_behaviors_path_planning:/root/aerostack2_ws/install/as2_behavior_tree:/root/aerostack2_ws/install/as2_behavior:/root/aerostack2_ws/install/as2_alphanumeric_viewer:/root/aerostack2_ws/install/as2_cli:/root/aerostack2_ws/install/rmf_demos_tasks:/root/aerostack2_ws/install/rmf_demos_panel:/root/aerostack2_ws/install/rmf_demos_fleet_adapter:/root/aerostack2_ws/install/rmf_demos_dashboard_resources:/root/aerostack2_ws/install/rmf_demos_bridges:/root/aerostack2_ws/install/rmf_demos_assets:/root/aerostack2_ws/install/as2_visualization:/root/aerostack2_ws/install/as2_swarm_perception:/root/aerostack2_ws/install/as2_swarm_fusion_ci:/root/aerostack2_ws/install/as2_swarm_ekf:/root/aerostack2_ws/install/as2_keyboard_teleoperation:/root/aerostack2_ws/install/as2_python_api:/root/aerostack2_ws/install/as2_project_bringup:/root/aerostack2_ws/install/as2_perception:/root/aerostack2_ws/install/as2_groundray_perception:/opt/ros/humble LD_LIBRARY_PATH=/root/aerostack2_ws/install/as2_core/lib:/root/aerostack2_ws/install/as2_msgs/lib:/root/aerostack2_ws/install/as2_state_estimator/lib:/root/aerostack2_ws/install/as2_python_api/lib:/root/aerostack2_ws/install/as2_motion_controller/lib:/root/aerostack2_ws/install/as2_behaviors_trajectory_generation/lib:/root/aerostack2_ws/install/as2_behaviors_swarm_flocking/lib:/root/aerostack2_ws/install/as2_behaviors_motion/lib:/root/aerostack2_ws/install/as2_motion_reference_handlers/lib:/root/aerostack2_ws/install/as2_map_server/lib:/root/aerostack2_ws/install/as2_gazebo_assets/lib:/root/aerostack2_ws/install/as2_behaviors_perception/lib:/root/aerostack2_ws/install/as2_behaviors_path_planning/lib:/root/aerostack2_ws/install/as2_behavior_tree/lib:/root/aerostack2_ws/install/as2_behavior/lib:/opt/ros/humble/opt/rviz_ogre_vendor/lib:/opt/ros/humble/lib/x86_64-linux-gnu:/opt/ros/humble/lib /usr/bin/cmake --install /root/aerostack2_ws/build/as2_map_server
[4.134s] DEBUG:colcon.colcon_core.event_handler.log_command:Invoked command in '/root/aerostack2_ws/build/as2_geozones' returned '0': CMAKE_PREFIX_PATH=/root/aerostack2_ws/install/as2_core:/root/aerostack2_ws/install/as2_msgs:/root/aerostack2_ws/install/rmf_demos_gz_classic:/root/aerostack2_ws/install/rmf_demos_gz:/root/aerostack2_ws/install/rmf_demos:/root/aerostack2_ws/install/rmf_demos_maps:/root/aerostack2_ws/install/aerostack2:/root/aerostack2_ws/install/as2_usb_camera_interface:/root/aerostack2_ws/install/as2_state_estimator:/root/aerostack2_ws/install/as2_rviz_plugins:/root/aerostack2_ws/install/as2_realsense_interface:/root/aerostack2_ws/install/as2_platform_multirotor_simulator:/root/aerostack2_ws/install/as2_platform_gazebo:/root/aerostack2_ws/install/as2_motion_controller:/root/aerostack2_ws/install/as2_behaviors_trajectory_generation:/root/aerostack2_ws/install/as2_behaviors_swarm_flocking:/root/aerostack2_ws/install/as2_behaviors_motion:/root/aerostack2_ws/install/as2_motion_reference_handlers:/root/aerostack2_ws/install/as2_map_server:/root/aerostack2_ws/install/as2_geozones:/root/aerostack2_ws/install/as2_gazebo_assets:/root/aerostack2_ws/install/as2_external_object_to_tf:/root/aerostack2_ws/install/as2_behaviors_platform:/root/aerostack2_ws/install/as2_behaviors_perception:/root/aerostack2_ws/install/as2_behaviors_path_planning:/root/aerostack2_ws/install/as2_behavior_tree:/root/aerostack2_ws/install/as2_behavior:/root/aerostack2_ws/install/as2_alphanumeric_viewer:/root/aerostack2_ws/install/as2_cli:/root/aerostack2_ws/install/rmf_demos_tasks:/root/aerostack2_ws/install/rmf_demos_panel:/root/aerostack2_ws/install/rmf_demos_fleet_adapter:/root/aerostack2_ws/install/rmf_demos_dashboard_resources:/root/aerostack2_ws/install/rmf_demos_bridges:/root/aerostack2_ws/install/rmf_demos_assets:/root/aerostack2_ws/install/as2_visualization:/root/aerostack2_ws/install/as2_swarm_perception:/root/aerostack2_ws/install/as2_swarm_fusion_ci:/root/aerostack2_ws/install/as2_swarm_ekf:/root/aerostack2_ws/install/as2_keyboard_teleoperation:/root/aerostack2_ws/install/as2_python_api:/root/aerostack2_ws/install/as2_project_bringup:/root/aerostack2_ws/install/as2_perception:/root/aerostack2_ws/install/as2_groundray_perception:/opt/ros/humble LD_LIBRARY_PATH=/root/aerostack2_ws/install/as2_core/lib:/root/aerostack2_ws/install/as2_msgs/lib:/root/aerostack2_ws/install/as2_state_estimator/lib:/root/aerostack2_ws/install/as2_python_api/lib:/root/aerostack2_ws/install/as2_motion_controller/lib:/root/aerostack2_ws/install/as2_behaviors_trajectory_generation/lib:/root/aerostack2_ws/install/as2_behaviors_swarm_flocking/lib:/root/aerostack2_ws/install/as2_behaviors_motion/lib:/root/aerostack2_ws/install/as2_motion_reference_handlers/lib:/root/aerostack2_ws/install/as2_map_server/lib:/root/aerostack2_ws/install/as2_gazebo_assets/lib:/root/aerostack2_ws/install/as2_behaviors_perception/lib:/root/aerostack2_ws/install/as2_behaviors_path_planning/lib:/root/aerostack2_ws/install/as2_behavior_tree/lib:/root/aerostack2_ws/install/as2_behavior/lib:/opt/ros/humble/opt/rviz_ogre_vendor/lib:/opt/ros/humble/lib/x86_64-linux-gnu:/opt/ros/humble/lib /usr/bin/cmake --build /root/aerostack2_ws/build/as2_geozones -- -j8 -l8
[4.144s] DEBUG:colcon.colcon_core.event_handler.log_command:Invoking command in '/root/aerostack2_ws/build/as2_geozones': CMAKE_PREFIX_PATH=/root/aerostack2_ws/install/as2_core:/root/aerostack2_ws/install/as2_msgs:/root/aerostack2_ws/install/rmf_demos_gz_classic:/root/aerostack2_ws/install/rmf_demos_gz:/root/aerostack2_ws/install/rmf_demos:/root/aerostack2_ws/install/rmf_demos_maps:/root/aerostack2_ws/install/aerostack2:/root/aerostack2_ws/install/as2_usb_camera_interface:/root/aerostack2_ws/install/as2_state_estimator:/root/aerostack2_ws/install/as2_rviz_plugins:/root/aerostack2_ws/install/as2_realsense_interface:/root/aerostack2_ws/install/as2_platform_multirotor_simulator:/root/aerostack2_ws/install/as2_platform_gazebo:/root/aerostack2_ws/install/as2_motion_controller:/root/aerostack2_ws/install/as2_behaviors_trajectory_generation:/root/aerostack2_ws/install/as2_behaviors_swarm_flocking:/root/aerostack2_ws/install/as2_behaviors_motion:/root/aerostack2_ws/install/as2_motion_reference_handlers:/root/aerostack2_ws/install/as2_map_server:/root/aerostack2_ws/install/as2_geozones:/root/aerostack2_ws/install/as2_gazebo_assets:/root/aerostack2_ws/install/as2_external_object_to_tf:/root/aerostack2_ws/install/as2_behaviors_platform:/root/aerostack2_ws/install/as2_behaviors_perception:/root/aerostack2_ws/install/as2_behaviors_path_planning:/root/aerostack2_ws/install/as2_behavior_tree:/root/aerostack2_ws/install/as2_behavior:/root/aerostack2_ws/install/as2_alphanumeric_viewer:/root/aerostack2_ws/install/as2_cli:/root/aerostack2_ws/install/rmf_demos_tasks:/root/aerostack2_ws/install/rmf_demos_panel:/root/aerostack2_ws/install/rmf_demos_fleet_adapter:/root/aerostack2_ws/install/rmf_demos_dashboard_resources:/root/aerostack2_ws/install/rmf_demos_bridges:/root/aerostack2_ws/install/rmf_demos_assets:/root/aerostack2_ws/install/as2_visualization:/root/aerostack2_ws/install/as2_swarm_perception:/root/aerostack2_ws/install/as2_swarm_fusion_ci:/root/aerostack2_ws/install/as2_swarm_ekf:/root/aerostack2_ws/install/as2_keyboard_teleoperation:/root/aerostack2_ws/install/as2_python_api:/root/aerostack2_ws/install/as2_project_bringup:/root/aerostack2_ws/install/as2_perception:/root/aerostack2_ws/install/as2_groundray_perception:/opt/ros/humble LD_LIBRARY_PATH=/root/aerostack2_ws/install/as2_core/lib:/root/aerostack2_ws/install/as2_msgs/lib:/root/aerostack2_ws/install/as2_state_estimator/lib:/root/aerostack2_ws/install/as2_python_api/lib:/root/aerostack2_ws/install/as2_motion_controller/lib:/root/aerostack2_ws/install/as2_behaviors_trajectory_generation/lib:/root/aerostack2_ws/install/as2_behaviors_swarm_flocking/lib:/root/aerostack2_ws/install/as2_behaviors_motion/lib:/root/aerostack2_ws/install/as2_motion_reference_handlers/lib:/root/aerostack2_ws/install/as2_map_server/lib:/root/aerostack2_ws/install/as2_gazebo_assets/lib:/root/aerostack2_ws/install/as2_behaviors_perception/lib:/root/aerostack2_ws/install/as2_behaviors_path_planning/lib:/root/aerostack2_ws/install/as2_behavior_tree/lib:/root/aerostack2_ws/install/as2_behavior/lib:/opt/ros/humble/opt/rviz_ogre_vendor/lib:/opt/ros/humble/lib/x86_64-linux-gnu:/opt/ros/humble/lib /usr/bin/cmake --install /root/aerostack2_ws/build/as2_geozones
[4.246s] DEBUG:colcon.colcon_core.event_handler.log_command:Invoked command in '/root/aerostack2_ws/build/as2_behavior_tree' returned '0': CMAKE_PREFIX_PATH=/root/aerostack2_ws/install/as2_core:/root/aerostack2_ws/install/as2_msgs:/root/aerostack2_ws/install/rmf_demos_gz_classic:/root/aerostack2_ws/install/rmf_demos_gz:/root/aerostack2_ws/install/rmf_demos:/root/aerostack2_ws/install/rmf_demos_maps:/root/aerostack2_ws/install/aerostack2:/root/aerostack2_ws/install/as2_usb_camera_interface:/root/aerostack2_ws/install/as2_state_estimator:/root/aerostack2_ws/install/as2_rviz_plugins:/root/aerostack2_ws/install/as2_realsense_interface:/root/aerostack2_ws/install/as2_platform_multirotor_simulator:/root/aerostack2_ws/install/as2_platform_gazebo:/root/aerostack2_ws/install/as2_motion_controller:/root/aerostack2_ws/install/as2_behaviors_trajectory_generation:/root/aerostack2_ws/install/as2_behaviors_swarm_flocking:/root/aerostack2_ws/install/as2_behaviors_motion:/root/aerostack2_ws/install/as2_motion_reference_handlers:/root/aerostack2_ws/install/as2_map_server:/root/aerostack2_ws/install/as2_geozones:/root/aerostack2_ws/install/as2_gazebo_assets:/root/aerostack2_ws/install/as2_external_object_to_tf:/root/aerostack2_ws/install/as2_behaviors_platform:/root/aerostack2_ws/install/as2_behaviors_perception:/root/aerostack2_ws/install/as2_behaviors_path_planning:/root/aerostack2_ws/install/as2_behavior_tree:/root/aerostack2_ws/install/as2_behavior:/root/aerostack2_ws/install/as2_alphanumeric_viewer:/root/aerostack2_ws/install/as2_cli:/root/aerostack2_ws/install/rmf_demos_tasks:/root/aerostack2_ws/install/rmf_demos_panel:/root/aerostack2_ws/install/rmf_demos_fleet_adapter:/root/aerostack2_ws/install/rmf_demos_dashboard_resources:/root/aerostack2_ws/install/rmf_demos_bridges:/root/aerostack2_ws/install/rmf_demos_assets:/root/aerostack2_ws/install/as2_visualization:/root/aerostack2_ws/install/as2_swarm_perception:/root/aerostack2_ws/install/as2_swarm_fusion_ci:/root/aerostack2_ws/install/as2_swarm_ekf:/root/aerostack2_ws/install/as2_keyboard_teleoperation:/root/aerostack2_ws/install/as2_python_api:/root/aerostack2_ws/install/as2_project_bringup:/root/aerostack2_ws/install/as2_perception:/root/aerostack2_ws/install/as2_groundray_perception:/opt/ros/humble LD_LIBRARY_PATH=/root/aerostack2_ws/install/as2_core/lib:/root/aerostack2_ws/install/as2_msgs/lib:/root/aerostack2_ws/install/as2_state_estimator/lib:/root/aerostack2_ws/install/as2_python_api/lib:/root/aerostack2_ws/install/as2_motion_controller/lib:/root/aerostack2_ws/install/as2_behaviors_trajectory_generation/lib:/root/aerostack2_ws/install/as2_behaviors_swarm_flocking/lib:/root/aerostack2_ws/install/as2_behaviors_motion/lib:/root/aerostack2_ws/install/as2_motion_reference_handlers/lib:/root/aerostack2_ws/install/as2_map_server/lib:/root/aerostack2_ws/install/as2_gazebo_assets/lib:/root/aerostack2_ws/install/as2_behaviors_perception/lib:/root/aerostack2_ws/install/as2_behaviors_path_planning/lib:/root/aerostack2_ws/install/as2_behavior_tree/lib:/root/aerostack2_ws/install/as2_behavior/lib:/opt/ros/humble/opt/rviz_ogre_vendor/lib:/opt/ros/humble/lib/x86_64-linux-gnu:/opt/ros/humble/lib /usr/bin/cmake --build /root/aerostack2_ws/build/as2_behavior_tree -- -j8 -l8
[4.305s] DEBUG:colcon.colcon_core.event_handler.log_command:Invoking command in '/root/aerostack2_ws/build/as2_behavior_tree': CMAKE_PREFIX_PATH=/root/aerostack2_ws/install/as2_core:/root/aerostack2_ws/install/as2_msgs:/root/aerostack2_ws/install/rmf_demos_gz_classic:/root/aerostack2_ws/install/rmf_demos_gz:/root/aerostack2_ws/install/rmf_demos:/root/aerostack2_ws/install/rmf_demos_maps:/root/aerostack2_ws/install/aerostack2:/root/aerostack2_ws/install/as2_usb_camera_interface:/root/aerostack2_ws/install/as2_state_estimator:/root/aerostack2_ws/install/as2_rviz_plugins:/root/aerostack2_ws/install/as2_realsense_interface:/root/aerostack2_ws/install/as2_platform_multirotor_simulator:/root/aerostack2_ws/install/as2_platform_gazebo:/root/aerostack2_ws/install/as2_motion_controller:/root/aerostack2_ws/install/as2_behaviors_trajectory_generation:/root/aerostack2_ws/install/as2_behaviors_swarm_flocking:/root/aerostack2_ws/install/as2_behaviors_motion:/root/aerostack2_ws/install/as2_motion_reference_handlers:/root/aerostack2_ws/install/as2_map_server:/root/aerostack2_ws/install/as2_geozones:/root/aerostack2_ws/install/as2_gazebo_assets:/root/aerostack2_ws/install/as2_external_object_to_tf:/root/aerostack2_ws/install/as2_behaviors_platform:/root/aerostack2_ws/install/as2_behaviors_perception:/root/aerostack2_ws/install/as2_behaviors_path_planning:/root/aerostack2_ws/install/as2_behavior_tree:/root/aerostack2_ws/install/as2_behavior:/root/aerostack2_ws/install/as2_alphanumeric_viewer:/root/aerostack2_ws/install/as2_cli:/root/aerostack2_ws/install/rmf_demos_tasks:/root/aerostack2_ws/install/rmf_demos_panel:/root/aerostack2_ws/install/rmf_demos_fleet_adapter:/root/aerostack2_ws/install/rmf_demos_dashboard_resources:/root/aerostack2_ws/install/rmf_demos_bridges:/root/aerostack2_ws/install/rmf_demos_assets:/root/aerostack2_ws/install/as2_visualization:/root/aerostack2_ws/install/as2_swarm_perception:/root/aerostack2_ws/install/as2_swarm_fusion_ci:/root/aerostack2_ws/install/as2_swarm_ekf:/root/aerostack2_ws/install/as2_keyboard_teleoperation:/root/aerostack2_ws/install/as2_python_api:/root/aerostack2_ws/install/as2_project_bringup:/root/aerostack2_ws/install/as2_perception:/root/aerostack2_ws/install/as2_groundray_perception:/opt/ros/humble LD_LIBRARY_PATH=/root/aerostack2_ws/install/as2_core/lib:/root/aerostack2_ws/install/as2_msgs/lib:/root/aerostack2_ws/install/as2_state_estimator/lib:/root/aerostack2_ws/install/as2_python_api/lib:/root/aerostack2_ws/install/as2_motion_controller/lib:/root/aerostack2_ws/install/as2_behaviors_trajectory_generation/lib:/root/aerostack2_ws/install/as2_behaviors_swarm_flocking/lib:/root/aerostack2_ws/install/as2_behaviors_motion/lib:/root/aerostack2_ws/install/as2_motion_reference_handlers/lib:/root/aerostack2_ws/install/as2_map_server/lib:/root/aerostack2_ws/install/as2_gazebo_assets/lib:/root/aerostack2_ws/install/as2_behaviors_perception/lib:/root/aerostack2_ws/install/as2_behaviors_path_planning/lib:/root/aerostack2_ws/install/as2_behavior_tree/lib:/root/aerostack2_ws/install/as2_behavior/lib:/opt/ros/humble/opt/rviz_ogre_vendor/lib:/opt/ros/humble/lib/x86_64-linux-gnu:/opt/ros/humble/lib /usr/bin/cmake --install /root/aerostack2_ws/build/as2_behavior_tree
[4.331s] Level 1:colcon.colcon_core.environment:create_environment_scripts_only(as2_external_object_to_tf)
[4.343s] Level 1:colcon.colcon_core.environment:checking '/root/aerostack2_ws/install/as2_external_object_to_tf' for CMake module files
[4.360s] DEBUG:colcon.colcon_core.event_handler.log_command:Invoked command in '/root/aerostack2_ws/build/as2_external_object_to_tf' returned '0': CMAKE_PREFIX_PATH=/root/aerostack2_ws/install/as2_core:/root/aerostack2_ws/install/as2_msgs:/root/aerostack2_ws/install/rmf_demos_gz_classic:/root/aerostack2_ws/install/rmf_demos_gz:/root/aerostack2_ws/install/rmf_demos:/root/aerostack2_ws/install/rmf_demos_maps:/root/aerostack2_ws/install/aerostack2:/root/aerostack2_ws/install/as2_usb_camera_interface:/root/aerostack2_ws/install/as2_state_estimator:/root/aerostack2_ws/install/as2_rviz_plugins:/root/aerostack2_ws/install/as2_realsense_interface:/root/aerostack2_ws/install/as2_platform_multirotor_simulator:/root/aerostack2_ws/install/as2_platform_gazebo:/root/aerostack2_ws/install/as2_motion_controller:/root/aerostack2_ws/install/as2_behaviors_trajectory_generation:/root/aerostack2_ws/install/as2_behaviors_swarm_flocking:/root/aerostack2_ws/install/as2_behaviors_motion:/root/aerostack2_ws/install/as2_motion_reference_handlers:/root/aerostack2_ws/install/as2_map_server:/root/aerostack2_ws/install/as2_geozones:/root/aerostack2_ws/install/as2_gazebo_assets:/root/aerostack2_ws/install/as2_external_object_to_tf:/root/aerostack2_ws/install/as2_behaviors_platform:/root/aerostack2_ws/install/as2_behaviors_perception:/root/aerostack2_ws/install/as2_behaviors_path_planning:/root/aerostack2_ws/install/as2_behavior_tree:/root/aerostack2_ws/install/as2_behavior:/root/aerostack2_ws/install/as2_alphanumeric_viewer:/root/aerostack2_ws/install/as2_cli:/root/aerostack2_ws/install/rmf_demos_tasks:/root/aerostack2_ws/install/rmf_demos_panel:/root/aerostack2_ws/install/rmf_demos_fleet_adapter:/root/aerostack2_ws/install/rmf_demos_dashboard_resources:/root/aerostack2_ws/install/rmf_demos_bridges:/root/aerostack2_ws/install/rmf_demos_assets:/root/aerostack2_ws/install/as2_visualization:/root/aerostack2_ws/install/as2_swarm_perception:/root/aerostack2_ws/install/as2_swarm_fusion_ci:/root/aerostack2_ws/install/as2_swarm_ekf:/root/aerostack2_ws/install/as2_keyboard_teleoperation:/root/aerostack2_ws/install/as2_python_api:/root/aerostack2_ws/install/as2_project_bringup:/root/aerostack2_ws/install/as2_perception:/root/aerostack2_ws/install/as2_groundray_perception:/opt/ros/humble LD_LIBRARY_PATH=/root/aerostack2_ws/install/as2_core/lib:/root/aerostack2_ws/install/as2_msgs/lib:/root/aerostack2_ws/install/as2_state_estimator/lib:/root/aerostack2_ws/install/as2_python_api/lib:/root/aerostack2_ws/install/as2_motion_controller/lib:/root/aerostack2_ws/install/as2_behaviors_trajectory_generation/lib:/root/aerostack2_ws/install/as2_behaviors_swarm_flocking/lib:/root/aerostack2_ws/install/as2_behaviors_motion/lib:/root/aerostack2_ws/install/as2_motion_reference_handlers/lib:/root/aerostack2_ws/install/as2_map_server/lib:/root/aerostack2_ws/install/as2_gazebo_assets/lib:/root/aerostack2_ws/install/as2_behaviors_perception/lib:/root/aerostack2_ws/install/as2_behaviors_path_planning/lib:/root/aerostack2_ws/install/as2_behavior_tree/lib:/root/aerostack2_ws/install/as2_behavior/lib:/opt/ros/humble/opt/rviz_ogre_vendor/lib:/opt/ros/humble/lib/x86_64-linux-gnu:/opt/ros/humble/lib /usr/bin/cmake --install /root/aerostack2_ws/build/as2_external_object_to_tf
[4.389s] Level 1:colcon.colcon_core.environment:checking '/root/aerostack2_ws/install/as2_external_object_to_tf' for CMake config files
[4.406s] Level 1:colcon.colcon_core.shell:create_environment_hook('as2_external_object_to_tf', 'cmake_prefix_path')
[4.424s] INFO:colcon.colcon_core.shell:Creating environment hook '/root/aerostack2_ws/install/as2_external_object_to_tf/share/as2_external_object_to_tf/hook/cmake_prefix_path.ps1'
[4.471s] INFO:colcon.colcon_core.shell:Creating environment descriptor '/root/aerostack2_ws/install/as2_external_object_to_tf/share/as2_external_object_to_tf/hook/cmake_prefix_path.dsv'
[4.498s] INFO:colcon.colcon_core.shell:Creating environment hook '/root/aerostack2_ws/install/as2_external_object_to_tf/share/as2_external_object_to_tf/hook/cmake_prefix_path.sh'
[4.529s] Level 1:colcon.colcon_core.environment:checking '/root/aerostack2_ws/install/as2_external_object_to_tf/lib'
[4.531s] Level 1:colcon.colcon_core.environment:checking '/root/aerostack2_ws/install/as2_external_object_to_tf/bin'
[4.540s] Level 1:colcon.colcon_core.environment:checking '/root/aerostack2_ws/install/as2_external_object_to_tf/lib/pkgconfig/as2_external_object_to_tf.pc'
[4.566s] Level 1:colcon.colcon_core.environment:checking '/root/aerostack2_ws/install/as2_external_object_to_tf/lib/python3.10/site-packages'
[4.593s] Level 1:colcon.colcon_core.environment:checking '/root/aerostack2_ws/install/as2_external_object_to_tf/bin'
[4.616s] INFO:colcon.colcon_core.shell:Creating package script '/root/aerostack2_ws/install/as2_external_object_to_tf/share/as2_external_object_to_tf/package.ps1'
[4.636s] INFO:colcon.colcon_core.shell:Creating package descriptor '/root/aerostack2_ws/install/as2_external_object_to_tf/share/as2_external_object_to_tf/package.dsv'
[4.649s] INFO:colcon.colcon_core.shell:Creating package script '/root/aerostack2_ws/install/as2_external_object_to_tf/share/as2_external_object_to_tf/package.sh'
[4.667s] INFO:colcon.colcon_core.shell:Creating package script '/root/aerostack2_ws/install/as2_external_object_to_tf/share/as2_external_object_to_tf/package.bash'
[4.689s] INFO:colcon.colcon_core.shell:Creating package script '/root/aerostack2_ws/install/as2_external_object_to_tf/share/as2_external_object_to_tf/package.zsh'
[4.705s] Level 1:colcon.colcon_core.environment:create_file_with_runtime_dependencies(/root/aerostack2_ws/install/as2_external_object_to_tf/share/colcon-core/packages/as2_external_object_to_tf)
[4.725s] Level 1:colcon.colcon_core.environment:create_environment_scripts_only(as2_external_object_to_tf)
[4.735s] Level 1:colcon.colcon_core.environment:checking '/root/aerostack2_ws/install/as2_external_object_to_tf' for CMake module files
[4.760s] Level 1:colcon.colcon_core.environment:checking '/root/aerostack2_ws/install/as2_external_object_to_tf' for CMake config files
[4.769s] Level 1:colcon.colcon_core.shell:create_environment_hook('as2_external_object_to_tf', 'cmake_prefix_path')
[4.775s] INFO:colcon.colcon_core.shell:Creating environment hook '/root/aerostack2_ws/install/as2_external_object_to_tf/share/as2_external_object_to_tf/hook/cmake_prefix_path.ps1'
[4.792s] INFO:colcon.colcon_core.shell:Creating environment descriptor '/root/aerostack2_ws/install/as2_external_object_to_tf/share/as2_external_object_to_tf/hook/cmake_prefix_path.dsv'
[4.807s] INFO:colcon.colcon_core.shell:Creating environment hook '/root/aerostack2_ws/install/as2_external_object_to_tf/share/as2_external_object_to_tf/hook/cmake_prefix_path.sh'
[4.831s] Level 1:colcon.colcon_core.environment:checking '/root/aerostack2_ws/install/as2_external_object_to_tf/lib'
[4.833s] Level 1:colcon.colcon_core.environment:checking '/root/aerostack2_ws/install/as2_external_object_to_tf/bin'
[4.834s] Level 1:colcon.colcon_core.environment:checking '/root/aerostack2_ws/install/as2_external_object_to_tf/lib/pkgconfig/as2_external_object_to_tf.pc'
[4.843s] Level 1:colcon.colcon_core.environment:checking '/root/aerostack2_ws/install/as2_external_object_to_tf/lib/python3.10/site-packages'
[4.853s] Level 1:colcon.colcon_core.environment:checking '/root/aerostack2_ws/install/as2_external_object_to_tf/bin'
[4.859s] INFO:colcon.colcon_core.shell:Creating package script '/root/aerostack2_ws/install/as2_external_object_to_tf/share/as2_external_object_to_tf/package.ps1'
[4.870s] INFO:colcon.colcon_core.shell:Creating package descriptor '/root/aerostack2_ws/install/as2_external_object_to_tf/share/as2_external_object_to_tf/package.dsv'
[4.880s] INFO:colcon.colcon_core.shell:Creating package script '/root/aerostack2_ws/install/as2_external_object_to_tf/share/as2_external_object_to_tf/package.sh'
[4.889s] INFO:colcon.colcon_core.shell:Creating package script '/root/aerostack2_ws/install/as2_external_object_to_tf/share/as2_external_object_to_tf/package.bash'
[4.898s] INFO:colcon.colcon_core.shell:Creating package script '/root/aerostack2_ws/install/as2_external_object_to_tf/share/as2_external_object_to_tf/package.zsh'
[4.907s] Level 1:colcon.colcon_core.environment:create_file_with_runtime_dependencies(/root/aerostack2_ws/install/as2_external_object_to_tf/share/colcon-core/packages/as2_external_object_to_tf)
[4.930s] INFO:colcon.colcon_ros.task.ament_cmake.build:Building ROS package in '/root/aerostack2_ws/src/aerostack2/as2_state_estimator' with build type 'ament_cmake'
[4.936s] INFO:colcon.colcon_cmake.task.cmake.build:Building CMake package in '/root/aerostack2_ws/src/aerostack2/as2_state_estimator'
[4.961s] INFO:colcon.colcon_core.shell:Skip shell extension 'powershell' for command environment: Not usable outside of PowerShell
[4.963s] DEBUG:colcon.colcon_core.shell:Skip shell extension 'dsv' for command environment
[5.383s] DEBUG:colcon.colcon_core.event_handler.log_command:Invoking command in '/root/aerostack2_ws/build/as2_platform_multirotor_simulator': CMAKE_PREFIX_PATH=/root/aerostack2_ws/install/as2_core:/root/aerostack2_ws/install/as2_msgs:/root/aerostack2_ws/install/rmf_demos_gz_classic:/root/aerostack2_ws/install/rmf_demos_gz:/root/aerostack2_ws/install/rmf_demos:/root/aerostack2_ws/install/rmf_demos_maps:/root/aerostack2_ws/install/aerostack2:/root/aerostack2_ws/install/as2_usb_camera_interface:/root/aerostack2_ws/install/as2_state_estimator:/root/aerostack2_ws/install/as2_rviz_plugins:/root/aerostack2_ws/install/as2_realsense_interface:/root/aerostack2_ws/install/as2_platform_multirotor_simulator:/root/aerostack2_ws/install/as2_platform_gazebo:/root/aerostack2_ws/install/as2_motion_controller:/root/aerostack2_ws/install/as2_behaviors_trajectory_generation:/root/aerostack2_ws/install/as2_behaviors_swarm_flocking:/root/aerostack2_ws/install/as2_behaviors_motion:/root/aerostack2_ws/install/as2_motion_reference_handlers:/root/aerostack2_ws/install/as2_map_server:/root/aerostack2_ws/install/as2_geozones:/root/aerostack2_ws/install/as2_gazebo_assets:/root/aerostack2_ws/install/as2_external_object_to_tf:/root/aerostack2_ws/install/as2_behaviors_platform:/root/aerostack2_ws/install/as2_behaviors_perception:/root/aerostack2_ws/install/as2_behaviors_path_planning:/root/aerostack2_ws/install/as2_behavior_tree:/root/aerostack2_ws/install/as2_behavior:/root/aerostack2_ws/install/as2_alphanumeric_viewer:/root/aerostack2_ws/install/as2_cli:/root/aerostack2_ws/install/rmf_demos_tasks:/root/aerostack2_ws/install/rmf_demos_panel:/root/aerostack2_ws/install/rmf_demos_fleet_adapter:/root/aerostack2_ws/install/rmf_demos_dashboard_resources:/root/aerostack2_ws/install/rmf_demos_bridges:/root/aerostack2_ws/install/rmf_demos_assets:/root/aerostack2_ws/install/as2_visualization:/root/aerostack2_ws/install/as2_swarm_perception:/root/aerostack2_ws/install/as2_swarm_fusion_ci:/root/aerostack2_ws/install/as2_swarm_ekf:/root/aerostack2_ws/install/as2_keyboard_teleoperation:/root/aerostack2_ws/install/as2_python_api:/root/aerostack2_ws/install/as2_project_bringup:/root/aerostack2_ws/install/as2_perception:/root/aerostack2_ws/install/as2_groundray_perception:/opt/ros/humble LD_LIBRARY_PATH=/root/aerostack2_ws/install/as2_core/lib:/root/aerostack2_ws/install/as2_msgs/lib:/root/aerostack2_ws/install/as2_state_estimator/lib:/root/aerostack2_ws/install/as2_python_api/lib:/root/aerostack2_ws/install/as2_motion_controller/lib:/root/aerostack2_ws/install/as2_behaviors_trajectory_generation/lib:/root/aerostack2_ws/install/as2_behaviors_swarm_flocking/lib:/root/aerostack2_ws/install/as2_behaviors_motion/lib:/root/aerostack2_ws/install/as2_motion_reference_handlers/lib:/root/aerostack2_ws/install/as2_map_server/lib:/root/aerostack2_ws/install/as2_gazebo_assets/lib:/root/aerostack2_ws/install/as2_behaviors_perception/lib:/root/aerostack2_ws/install/as2_behaviors_path_planning/lib:/root/aerostack2_ws/install/as2_behavior_tree/lib:/root/aerostack2_ws/install/as2_behavior/lib:/opt/ros/humble/opt/rviz_ogre_vendor/lib:/opt/ros/humble/lib/x86_64-linux-gnu:/opt/ros/humble/lib /usr/bin/cmake --build /root/aerostack2_ws/build/as2_platform_multirotor_simulator -- -j8 -l8
[5.437s] DEBUG:colcon.colcon_core.event_handler.log_command:Invoking command in '/root/aerostack2_ws/build/as2_realsense_interface': CMAKE_PREFIX_PATH=/root/aerostack2_ws/install/as2_core:/root/aerostack2_ws/install/as2_msgs:/root/aerostack2_ws/install/rmf_demos_gz_classic:/root/aerostack2_ws/install/rmf_demos_gz:/root/aerostack2_ws/install/rmf_demos:/root/aerostack2_ws/install/rmf_demos_maps:/root/aerostack2_ws/install/aerostack2:/root/aerostack2_ws/install/as2_usb_camera_interface:/root/aerostack2_ws/install/as2_state_estimator:/root/aerostack2_ws/install/as2_rviz_plugins:/root/aerostack2_ws/install/as2_realsense_interface:/root/aerostack2_ws/install/as2_platform_multirotor_simulator:/root/aerostack2_ws/install/as2_platform_gazebo:/root/aerostack2_ws/install/as2_motion_controller:/root/aerostack2_ws/install/as2_behaviors_trajectory_generation:/root/aerostack2_ws/install/as2_behaviors_swarm_flocking:/root/aerostack2_ws/install/as2_behaviors_motion:/root/aerostack2_ws/install/as2_motion_reference_handlers:/root/aerostack2_ws/install/as2_map_server:/root/aerostack2_ws/install/as2_geozones:/root/aerostack2_ws/install/as2_gazebo_assets:/root/aerostack2_ws/install/as2_external_object_to_tf:/root/aerostack2_ws/install/as2_behaviors_platform:/root/aerostack2_ws/install/as2_behaviors_perception:/root/aerostack2_ws/install/as2_behaviors_path_planning:/root/aerostack2_ws/install/as2_behavior_tree:/root/aerostack2_ws/install/as2_behavior:/root/aerostack2_ws/install/as2_alphanumeric_viewer:/root/aerostack2_ws/install/as2_cli:/root/aerostack2_ws/install/rmf_demos_tasks:/root/aerostack2_ws/install/rmf_demos_panel:/root/aerostack2_ws/install/rmf_demos_fleet_adapter:/root/aerostack2_ws/install/rmf_demos_dashboard_resources:/root/aerostack2_ws/install/rmf_demos_bridges:/root/aerostack2_ws/install/rmf_demos_assets:/root/aerostack2_ws/install/as2_visualization:/root/aerostack2_ws/install/as2_swarm_perception:/root/aerostack2_ws/install/as2_swarm_fusion_ci:/root/aerostack2_ws/install/as2_swarm_ekf:/root/aerostack2_ws/install/as2_keyboard_teleoperation:/root/aerostack2_ws/install/as2_python_api:/root/aerostack2_ws/install/as2_project_bringup:/root/aerostack2_ws/install/as2_perception:/root/aerostack2_ws/install/as2_groundray_perception:/opt/ros/humble LD_LIBRARY_PATH=/root/aerostack2_ws/install/as2_core/lib:/root/aerostack2_ws/install/as2_msgs/lib:/root/aerostack2_ws/install/as2_state_estimator/lib:/root/aerostack2_ws/install/as2_python_api/lib:/root/aerostack2_ws/install/as2_motion_controller/lib:/root/aerostack2_ws/install/as2_behaviors_trajectory_generation/lib:/root/aerostack2_ws/install/as2_behaviors_swarm_flocking/lib:/root/aerostack2_ws/install/as2_behaviors_motion/lib:/root/aerostack2_ws/install/as2_motion_reference_handlers/lib:/root/aerostack2_ws/install/as2_map_server/lib:/root/aerostack2_ws/install/as2_gazebo_assets/lib:/root/aerostack2_ws/install/as2_behaviors_perception/lib:/root/aerostack2_ws/install/as2_behaviors_path_planning/lib:/root/aerostack2_ws/install/as2_behavior_tree/lib:/root/aerostack2_ws/install/as2_behavior/lib:/opt/ros/humble/opt/rviz_ogre_vendor/lib:/opt/ros/humble/lib/x86_64-linux-gnu:/opt/ros/humble/lib /usr/bin/cmake --build /root/aerostack2_ws/build/as2_realsense_interface -- -j8 -l8
[5.442s] Level 1:colcon.colcon_core.environment:create_environment_scripts_only(as2_map_server)
[5.449s] Level 1:colcon.colcon_core.environment:checking '/root/aerostack2_ws/install/as2_map_server' for CMake module files
[5.470s] DEBUG:colcon.colcon_core.event_handler.log_command:Invoked command in '/root/aerostack2_ws/build/as2_map_server' returned '0': CMAKE_PREFIX_PATH=/root/aerostack2_ws/install/as2_core:/root/aerostack2_ws/install/as2_msgs:/root/aerostack2_ws/install/rmf_demos_gz_classic:/root/aerostack2_ws/install/rmf_demos_gz:/root/aerostack2_ws/install/rmf_demos:/root/aerostack2_ws/install/rmf_demos_maps:/root/aerostack2_ws/install/aerostack2:/root/aerostack2_ws/install/as2_usb_camera_interface:/root/aerostack2_ws/install/as2_state_estimator:/root/aerostack2_ws/install/as2_rviz_plugins:/root/aerostack2_ws/install/as2_realsense_interface:/root/aerostack2_ws/install/as2_platform_multirotor_simulator:/root/aerostack2_ws/install/as2_platform_gazebo:/root/aerostack2_ws/install/as2_motion_controller:/root/aerostack2_ws/install/as2_behaviors_trajectory_generation:/root/aerostack2_ws/install/as2_behaviors_swarm_flocking:/root/aerostack2_ws/install/as2_behaviors_motion:/root/aerostack2_ws/install/as2_motion_reference_handlers:/root/aerostack2_ws/install/as2_map_server:/root/aerostack2_ws/install/as2_geozones:/root/aerostack2_ws/install/as2_gazebo_assets:/root/aerostack2_ws/install/as2_external_object_to_tf:/root/aerostack2_ws/install/as2_behaviors_platform:/root/aerostack2_ws/install/as2_behaviors_perception:/root/aerostack2_ws/install/as2_behaviors_path_planning:/root/aerostack2_ws/install/as2_behavior_tree:/root/aerostack2_ws/install/as2_behavior:/root/aerostack2_ws/install/as2_alphanumeric_viewer:/root/aerostack2_ws/install/as2_cli:/root/aerostack2_ws/install/rmf_demos_tasks:/root/aerostack2_ws/install/rmf_demos_panel:/root/aerostack2_ws/install/rmf_demos_fleet_adapter:/root/aerostack2_ws/install/rmf_demos_dashboard_resources:/root/aerostack2_ws/install/rmf_demos_bridges:/root/aerostack2_ws/install/rmf_demos_assets:/root/aerostack2_ws/install/as2_visualization:/root/aerostack2_ws/install/as2_swarm_perception:/root/aerostack2_ws/install/as2_swarm_fusion_ci:/root/aerostack2_ws/install/as2_swarm_ekf:/root/aerostack2_ws/install/as2_keyboard_teleoperation:/root/aerostack2_ws/install/as2_python_api:/root/aerostack2_ws/install/as2_project_bringup:/root/aerostack2_ws/install/as2_perception:/root/aerostack2_ws/install/as2_groundray_perception:/opt/ros/humble LD_LIBRARY_PATH=/root/aerostack2_ws/install/as2_core/lib:/root/aerostack2_ws/install/as2_msgs/lib:/root/aerostack2_ws/install/as2_state_estimator/lib:/root/aerostack2_ws/install/as2_python_api/lib:/root/aerostack2_ws/install/as2_motion_controller/lib:/root/aerostack2_ws/install/as2_behaviors_trajectory_generation/lib:/root/aerostack2_ws/install/as2_behaviors_swarm_flocking/lib:/root/aerostack2_ws/install/as2_behaviors_motion/lib:/root/aerostack2_ws/install/as2_motion_reference_handlers/lib:/root/aerostack2_ws/install/as2_map_server/lib:/root/aerostack2_ws/install/as2_gazebo_assets/lib:/root/aerostack2_ws/install/as2_behaviors_perception/lib:/root/aerostack2_ws/install/as2_behaviors_path_planning/lib:/root/aerostack2_ws/install/as2_behavior_tree/lib:/root/aerostack2_ws/install/as2_behavior/lib:/opt/ros/humble/opt/rviz_ogre_vendor/lib:/opt/ros/humble/lib/x86_64-linux-gnu:/opt/ros/humble/lib /usr/bin/cmake --install /root/aerostack2_ws/build/as2_map_server
[5.471s] Level 1:colcon.colcon_core.environment:checking '/root/aerostack2_ws/install/as2_map_server' for CMake config files
[5.472s] Level 1:colcon.colcon_core.shell:create_environment_hook('as2_map_server', 'cmake_prefix_path')
[5.472s] INFO:colcon.colcon_core.shell:Creating environment hook '/root/aerostack2_ws/install/as2_map_server/share/as2_map_server/hook/cmake_prefix_path.ps1'
[5.473s] INFO:colcon.colcon_core.shell:Creating environment descriptor '/root/aerostack2_ws/install/as2_map_server/share/as2_map_server/hook/cmake_prefix_path.dsv'
[5.473s] INFO:colcon.colcon_core.shell:Creating environment hook '/root/aerostack2_ws/install/as2_map_server/share/as2_map_server/hook/cmake_prefix_path.sh'
[5.474s] Level 1:colcon.colcon_core.environment:checking '/root/aerostack2_ws/install/as2_map_server/lib'
[5.474s] Level 1:colcon.colcon_core.shell:create_environment_hook('as2_map_server', 'ld_library_path_lib')
[5.474s] INFO:colcon.colcon_core.shell:Creating environment hook '/root/aerostack2_ws/install/as2_map_server/share/as2_map_server/hook/ld_library_path_lib.ps1'
[5.474s] INFO:colcon.colcon_core.shell:Creating environment descriptor '/root/aerostack2_ws/install/as2_map_server/share/as2_map_server/hook/ld_library_path_lib.dsv'
[5.475s] INFO:colcon.colcon_core.shell:Creating environment hook '/root/aerostack2_ws/install/as2_map_server/share/as2_map_server/hook/ld_library_path_lib.sh'
[5.475s] Level 1:colcon.colcon_core.environment:checking '/root/aerostack2_ws/install/as2_map_server/bin'
[5.475s] Level 1:colcon.colcon_core.environment:checking '/root/aerostack2_ws/install/as2_map_server/lib/pkgconfig/as2_map_server.pc'
[5.475s] Level 1:colcon.colcon_core.environment:checking '/root/aerostack2_ws/install/as2_map_server/lib/python3.10/site-packages'
[5.476s] Level 1:colcon.colcon_core.environment:checking '/root/aerostack2_ws/install/as2_map_server/bin'
[5.476s] INFO:colcon.colcon_core.shell:Creating package script '/root/aerostack2_ws/install/as2_map_server/share/as2_map_server/package.ps1'
[5.477s] INFO:colcon.colcon_core.shell:Creating package descriptor '/root/aerostack2_ws/install/as2_map_server/share/as2_map_server/package.dsv'
[5.477s] INFO:colcon.colcon_core.shell:Creating package script '/root/aerostack2_ws/install/as2_map_server/share/as2_map_server/package.sh'
[5.478s] INFO:colcon.colcon_core.shell:Creating package script '/root/aerostack2_ws/install/as2_map_server/share/as2_map_server/package.bash'
[5.478s] INFO:colcon.colcon_core.shell:Creating package script '/root/aerostack2_ws/install/as2_map_server/share/as2_map_server/package.zsh'
[5.478s] Level 1:colcon.colcon_core.environment:create_file_with_runtime_dependencies(/root/aerostack2_ws/install/as2_map_server/share/colcon-core/packages/as2_map_server)
[5.479s] Level 1:colcon.colcon_core.environment:create_environment_scripts_only(as2_map_server)
[5.479s] Level 1:colcon.colcon_core.environment:checking '/root/aerostack2_ws/install/as2_map_server' for CMake module files
[5.480s] Level 1:colcon.colcon_core.environment:checking '/root/aerostack2_ws/install/as2_map_server' for CMake config files
[5.480s] Level 1:colcon.colcon_core.shell:create_environment_hook('as2_map_server', 'cmake_prefix_path')
[5.480s] INFO:colcon.colcon_core.shell:Creating environment hook '/root/aerostack2_ws/install/as2_map_server/share/as2_map_server/hook/cmake_prefix_path.ps1'
[5.481s] INFO:colcon.colcon_core.shell:Creating environment descriptor '/root/aerostack2_ws/install/as2_map_server/share/as2_map_server/hook/cmake_prefix_path.dsv'
[5.481s] INFO:colcon.colcon_core.shell:Creating environment hook '/root/aerostack2_ws/install/as2_map_server/share/as2_map_server/hook/cmake_prefix_path.sh'
[5.482s] Level 1:colcon.colcon_core.environment:checking '/root/aerostack2_ws/install/as2_map_server/lib'
[5.482s] Level 1:colcon.colcon_core.shell:create_environment_hook('as2_map_server', 'ld_library_path_lib')
[5.482s] INFO:colcon.colcon_core.shell:Creating environment hook '/root/aerostack2_ws/install/as2_map_server/share/as2_map_server/hook/ld_library_path_lib.ps1'
[5.483s] INFO:colcon.colcon_core.shell:Creating environment descriptor '/root/aerostack2_ws/install/as2_map_server/share/as2_map_server/hook/ld_library_path_lib.dsv'
[5.484s] INFO:colcon.colcon_core.shell:Creating environment hook '/root/aerostack2_ws/install/as2_map_server/share/as2_map_server/hook/ld_library_path_lib.sh'
[5.485s] Level 1:colcon.colcon_core.environment:checking '/root/aerostack2_ws/install/as2_map_server/bin'
[5.485s] Level 1:colcon.colcon_core.environment:checking '/root/aerostack2_ws/install/as2_map_server/lib/pkgconfig/as2_map_server.pc'
[5.485s] Level 1:colcon.colcon_core.environment:checking '/root/aerostack2_ws/install/as2_map_server/lib/python3.10/site-packages'
[5.486s] Level 1:colcon.colcon_core.environment:checking '/root/aerostack2_ws/install/as2_map_server/bin'
[5.486s] INFO:colcon.colcon_core.shell:Creating package script '/root/aerostack2_ws/install/as2_map_server/share/as2_map_server/package.ps1'
[5.487s] INFO:colcon.colcon_core.shell:Creating package descriptor '/root/aerostack2_ws/install/as2_map_server/share/as2_map_server/package.dsv'
[5.488s] INFO:colcon.colcon_core.shell:Creating package script '/root/aerostack2_ws/install/as2_map_server/share/as2_map_server/package.sh'
[5.489s] INFO:colcon.colcon_core.shell:Creating package script '/root/aerostack2_ws/install/as2_map_server/share/as2_map_server/package.bash'
[5.489s] INFO:colcon.colcon_core.shell:Creating package script '/root/aerostack2_ws/install/as2_map_server/share/as2_map_server/package.zsh'
[5.489s] Level 1:colcon.colcon_core.environment:create_file_with_runtime_dependencies(/root/aerostack2_ws/install/as2_map_server/share/colcon-core/packages/as2_map_server)
[5.490s] Level 1:colcon.colcon_core.environment:create_environment_scripts_only(as2_geozones)
[5.490s] Level 1:colcon.colcon_core.environment:checking '/root/aerostack2_ws/install/as2_geozones' for CMake module files
[5.491s] Level 1:colcon.colcon_core.environment:checking '/root/aerostack2_ws/install/as2_geozones' for CMake config files
[5.492s] Level 1:colcon.colcon_core.shell:create_environment_hook('as2_geozones', 'cmake_prefix_path')
[5.492s] INFO:colcon.colcon_core.shell:Creating environment hook '/root/aerostack2_ws/install/as2_geozones/share/as2_geozones/hook/cmake_prefix_path.ps1'
[5.492s] DEBUG:colcon.colcon_core.event_handler.log_command:Invoked command in '/root/aerostack2_ws/build/as2_geozones' returned '0': CMAKE_PREFIX_PATH=/root/aerostack2_ws/install/as2_core:/root/aerostack2_ws/install/as2_msgs:/root/aerostack2_ws/install/rmf_demos_gz_classic:/root/aerostack2_ws/install/rmf_demos_gz:/root/aerostack2_ws/install/rmf_demos:/root/aerostack2_ws/install/rmf_demos_maps:/root/aerostack2_ws/install/aerostack2:/root/aerostack2_ws/install/as2_usb_camera_interface:/root/aerostack2_ws/install/as2_state_estimator:/root/aerostack2_ws/install/as2_rviz_plugins:/root/aerostack2_ws/install/as2_realsense_interface:/root/aerostack2_ws/install/as2_platform_multirotor_simulator:/root/aerostack2_ws/install/as2_platform_gazebo:/root/aerostack2_ws/install/as2_motion_controller:/root/aerostack2_ws/install/as2_behaviors_trajectory_generation:/root/aerostack2_ws/install/as2_behaviors_swarm_flocking:/root/aerostack2_ws/install/as2_behaviors_motion:/root/aerostack2_ws/install/as2_motion_reference_handlers:/root/aerostack2_ws/install/as2_map_server:/root/aerostack2_ws/install/as2_geozones:/root/aerostack2_ws/install/as2_gazebo_assets:/root/aerostack2_ws/install/as2_external_object_to_tf:/root/aerostack2_ws/install/as2_behaviors_platform:/root/aerostack2_ws/install/as2_behaviors_perception:/root/aerostack2_ws/install/as2_behaviors_path_planning:/root/aerostack2_ws/install/as2_behavior_tree:/root/aerostack2_ws/install/as2_behavior:/root/aerostack2_ws/install/as2_alphanumeric_viewer:/root/aerostack2_ws/install/as2_cli:/root/aerostack2_ws/install/rmf_demos_tasks:/root/aerostack2_ws/install/rmf_demos_panel:/root/aerostack2_ws/install/rmf_demos_fleet_adapter:/root/aerostack2_ws/install/rmf_demos_dashboard_resources:/root/aerostack2_ws/install/rmf_demos_bridges:/root/aerostack2_ws/install/rmf_demos_assets:/root/aerostack2_ws/install/as2_visualization:/root/aerostack2_ws/install/as2_swarm_perception:/root/aerostack2_ws/install/as2_swarm_fusion_ci:/root/aerostack2_ws/install/as2_swarm_ekf:/root/aerostack2_ws/install/as2_keyboard_teleoperation:/root/aerostack2_ws/install/as2_python_api:/root/aerostack2_ws/install/as2_project_bringup:/root/aerostack2_ws/install/as2_perception:/root/aerostack2_ws/install/as2_groundray_perception:/opt/ros/humble LD_LIBRARY_PATH=/root/aerostack2_ws/install/as2_core/lib:/root/aerostack2_ws/install/as2_msgs/lib:/root/aerostack2_ws/install/as2_state_estimator/lib:/root/aerostack2_ws/install/as2_python_api/lib:/root/aerostack2_ws/install/as2_motion_controller/lib:/root/aerostack2_ws/install/as2_behaviors_trajectory_generation/lib:/root/aerostack2_ws/install/as2_behaviors_swarm_flocking/lib:/root/aerostack2_ws/install/as2_behaviors_motion/lib:/root/aerostack2_ws/install/as2_motion_reference_handlers/lib:/root/aerostack2_ws/install/as2_map_server/lib:/root/aerostack2_ws/install/as2_gazebo_assets/lib:/root/aerostack2_ws/install/as2_behaviors_perception/lib:/root/aerostack2_ws/install/as2_behaviors_path_planning/lib:/root/aerostack2_ws/install/as2_behavior_tree/lib:/root/aerostack2_ws/install/as2_behavior/lib:/opt/ros/humble/opt/rviz_ogre_vendor/lib:/opt/ros/humble/lib/x86_64-linux-gnu:/opt/ros/humble/lib /usr/bin/cmake --install /root/aerostack2_ws/build/as2_geozones
[5.493s] INFO:colcon.colcon_core.shell:Creating environment descriptor '/root/aerostack2_ws/install/as2_geozones/share/as2_geozones/hook/cmake_prefix_path.dsv'
[5.493s] INFO:colcon.colcon_core.shell:Creating environment hook '/root/aerostack2_ws/install/as2_geozones/share/as2_geozones/hook/cmake_prefix_path.sh'
[5.494s] Level 1:colcon.colcon_core.environment:checking '/root/aerostack2_ws/install/as2_geozones/lib'
[5.494s] Level 1:colcon.colcon_core.environment:checking '/root/aerostack2_ws/install/as2_geozones/bin'
[5.494s] Level 1:colcon.colcon_core.environment:checking '/root/aerostack2_ws/install/as2_geozones/lib/pkgconfig/as2_geozones.pc'
[5.494s] Level 1:colcon.colcon_core.environment:checking '/root/aerostack2_ws/install/as2_geozones/lib/python3.10/site-packages'
[5.494s] Level 1:colcon.colcon_core.environment:checking '/root/aerostack2_ws/install/as2_geozones/bin'
[5.495s] INFO:colcon.colcon_core.shell:Creating package script '/root/aerostack2_ws/install/as2_geozones/share/as2_geozones/package.ps1'
[5.495s] INFO:colcon.colcon_core.shell:Creating package descriptor '/root/aerostack2_ws/install/as2_geozones/share/as2_geozones/package.dsv'
[5.496s] INFO:colcon.colcon_core.shell:Creating package script '/root/aerostack2_ws/install/as2_geozones/share/as2_geozones/package.sh'
[5.496s] INFO:colcon.colcon_core.shell:Creating package script '/root/aerostack2_ws/install/as2_geozones/share/as2_geozones/package.bash'
[5.498s] INFO:colcon.colcon_core.shell:Creating package script '/root/aerostack2_ws/install/as2_geozones/share/as2_geozones/package.zsh'
[5.498s] Level 1:colcon.colcon_core.environment:create_file_with_runtime_dependencies(/root/aerostack2_ws/install/as2_geozones/share/colcon-core/packages/as2_geozones)
[5.499s] Level 1:colcon.colcon_core.environment:create_environment_scripts_only(as2_geozones)
[5.501s] Level 1:colcon.colcon_core.environment:checking '/root/aerostack2_ws/install/as2_geozones' for CMake module files
[5.501s] Level 1:colcon.colcon_core.environment:checking '/root/aerostack2_ws/install/as2_geozones' for CMake config files
[5.502s] Level 1:colcon.colcon_core.shell:create_environment_hook('as2_geozones', 'cmake_prefix_path')
[5.502s] INFO:colcon.colcon_core.shell:Creating environment hook '/root/aerostack2_ws/install/as2_geozones/share/as2_geozones/hook/cmake_prefix_path.ps1'
[5.502s] INFO:colcon.colcon_core.shell:Creating environment descriptor '/root/aerostack2_ws/install/as2_geozones/share/as2_geozones/hook/cmake_prefix_path.dsv'
[5.503s] INFO:colcon.colcon_core.shell:Creating environment hook '/root/aerostack2_ws/install/as2_geozones/share/as2_geozones/hook/cmake_prefix_path.sh'
[5.503s] Level 1:colcon.colcon_core.environment:checking '/root/aerostack2_ws/install/as2_geozones/lib'
[5.504s] Level 1:colcon.colcon_core.environment:checking '/root/aerostack2_ws/install/as2_geozones/bin'
[5.504s] Level 1:colcon.colcon_core.environment:checking '/root/aerostack2_ws/install/as2_geozones/lib/pkgconfig/as2_geozones.pc'
[5.504s] Level 1:colcon.colcon_core.environment:checking '/root/aerostack2_ws/install/as2_geozones/lib/python3.10/site-packages'
[5.504s] Level 1:colcon.colcon_core.environment:checking '/root/aerostack2_ws/install/as2_geozones/bin'
[5.505s] INFO:colcon.colcon_core.shell:Creating package script '/root/aerostack2_ws/install/as2_geozones/share/as2_geozones/package.ps1'
[5.505s] INFO:colcon.colcon_core.shell:Creating package descriptor '/root/aerostack2_ws/install/as2_geozones/share/as2_geozones/package.dsv'
[5.506s] INFO:colcon.colcon_core.shell:Creating package script '/root/aerostack2_ws/install/as2_geozones/share/as2_geozones/package.sh'
[5.506s] INFO:colcon.colcon_core.shell:Creating package script '/root/aerostack2_ws/install/as2_geozones/share/as2_geozones/package.bash'
[5.507s] INFO:colcon.colcon_core.shell:Creating package script '/root/aerostack2_ws/install/as2_geozones/share/as2_geozones/package.zsh'
[5.507s] Level 1:colcon.colcon_core.environment:create_file_with_runtime_dependencies(/root/aerostack2_ws/install/as2_geozones/share/colcon-core/packages/as2_geozones)
[5.509s] INFO:colcon.colcon_ros.task.ament_cmake.build:Building ROS package in '/root/aerostack2_ws/src/aerostack2/as2_hardware_drivers/as2_usb_camera_interface' with build type 'ament_cmake'
[5.510s] INFO:colcon.colcon_cmake.task.cmake.build:Building CMake package in '/root/aerostack2_ws/src/aerostack2/as2_hardware_drivers/as2_usb_camera_interface'
[5.511s] INFO:colcon.colcon_core.shell:Skip shell extension 'powershell' for command environment: Not usable outside of PowerShell
[5.511s] DEBUG:colcon.colcon_core.shell:Skip shell extension 'dsv' for command environment
[5.526s] INFO:colcon.colcon_ros.task.ament_cmake.build:Building ROS package in '/root/aerostack2_ws/src/aerostack2/as2_behaviors/as2_behaviors_path_planning' with build type 'ament_cmake'
[5.526s] INFO:colcon.colcon_cmake.task.cmake.build:Building CMake package in '/root/aerostack2_ws/src/aerostack2/as2_behaviors/as2_behaviors_path_planning'
[5.526s] INFO:colcon.colcon_core.shell:Skip shell extension 'powershell' for command environment: Not usable outside of PowerShell
[5.526s] DEBUG:colcon.colcon_core.shell:Skip shell extension 'dsv' for command environment
[5.542s] Level 1:colcon.colcon_core.environment:create_environment_scripts_only(as2_behavior_tree)
[5.542s] Level 1:colcon.colcon_core.environment:checking '/root/aerostack2_ws/install/as2_behavior_tree' for CMake module files
[5.543s] Level 1:colcon.colcon_core.environment:checking '/root/aerostack2_ws/install/as2_behavior_tree' for CMake config files
[5.543s] Level 1:colcon.colcon_core.shell:create_environment_hook('as2_behavior_tree', 'cmake_prefix_path')
[5.543s] INFO:colcon.colcon_core.shell:Creating environment hook '/root/aerostack2_ws/install/as2_behavior_tree/share/as2_behavior_tree/hook/cmake_prefix_path.ps1'
[5.544s] INFO:colcon.colcon_core.shell:Creating environment descriptor '/root/aerostack2_ws/install/as2_behavior_tree/share/as2_behavior_tree/hook/cmake_prefix_path.dsv'
[5.544s] DEBUG:colcon.colcon_core.event_handler.log_command:Invoked command in '/root/aerostack2_ws/build/as2_behavior_tree' returned '0': CMAKE_PREFIX_PATH=/root/aerostack2_ws/install/as2_core:/root/aerostack2_ws/install/as2_msgs:/root/aerostack2_ws/install/rmf_demos_gz_classic:/root/aerostack2_ws/install/rmf_demos_gz:/root/aerostack2_ws/install/rmf_demos:/root/aerostack2_ws/install/rmf_demos_maps:/root/aerostack2_ws/install/aerostack2:/root/aerostack2_ws/install/as2_usb_camera_interface:/root/aerostack2_ws/install/as2_state_estimator:/root/aerostack2_ws/install/as2_rviz_plugins:/root/aerostack2_ws/install/as2_realsense_interface:/root/aerostack2_ws/install/as2_platform_multirotor_simulator:/root/aerostack2_ws/install/as2_platform_gazebo:/root/aerostack2_ws/install/as2_motion_controller:/root/aerostack2_ws/install/as2_behaviors_trajectory_generation:/root/aerostack2_ws/install/as2_behaviors_swarm_flocking:/root/aerostack2_ws/install/as2_behaviors_motion:/root/aerostack2_ws/install/as2_motion_reference_handlers:/root/aerostack2_ws/install/as2_map_server:/root/aerostack2_ws/install/as2_geozones:/root/aerostack2_ws/install/as2_gazebo_assets:/root/aerostack2_ws/install/as2_external_object_to_tf:/root/aerostack2_ws/install/as2_behaviors_platform:/root/aerostack2_ws/install/as2_behaviors_perception:/root/aerostack2_ws/install/as2_behaviors_path_planning:/root/aerostack2_ws/install/as2_behavior_tree:/root/aerostack2_ws/install/as2_behavior:/root/aerostack2_ws/install/as2_alphanumeric_viewer:/root/aerostack2_ws/install/as2_cli:/root/aerostack2_ws/install/rmf_demos_tasks:/root/aerostack2_ws/install/rmf_demos_panel:/root/aerostack2_ws/install/rmf_demos_fleet_adapter:/root/aerostack2_ws/install/rmf_demos_dashboard_resources:/root/aerostack2_ws/install/rmf_demos_bridges:/root/aerostack2_ws/install/rmf_demos_assets:/root/aerostack2_ws/install/as2_visualization:/root/aerostack2_ws/install/as2_swarm_perception:/root/aerostack2_ws/install/as2_swarm_fusion_ci:/root/aerostack2_ws/install/as2_swarm_ekf:/root/aerostack2_ws/install/as2_keyboard_teleoperation:/root/aerostack2_ws/install/as2_python_api:/root/aerostack2_ws/install/as2_project_bringup:/root/aerostack2_ws/install/as2_perception:/root/aerostack2_ws/install/as2_groundray_perception:/opt/ros/humble LD_LIBRARY_PATH=/root/aerostack2_ws/install/as2_core/lib:/root/aerostack2_ws/install/as2_msgs/lib:/root/aerostack2_ws/install/as2_state_estimator/lib:/root/aerostack2_ws/install/as2_python_api/lib:/root/aerostack2_ws/install/as2_motion_controller/lib:/root/aerostack2_ws/install/as2_behaviors_trajectory_generation/lib:/root/aerostack2_ws/install/as2_behaviors_swarm_flocking/lib:/root/aerostack2_ws/install/as2_behaviors_motion/lib:/root/aerostack2_ws/install/as2_motion_reference_handlers/lib:/root/aerostack2_ws/install/as2_map_server/lib:/root/aerostack2_ws/install/as2_gazebo_assets/lib:/root/aerostack2_ws/install/as2_behaviors_perception/lib:/root/aerostack2_ws/install/as2_behaviors_path_planning/lib:/root/aerostack2_ws/install/as2_behavior_tree/lib:/root/aerostack2_ws/install/as2_behavior/lib:/opt/ros/humble/opt/rviz_ogre_vendor/lib:/opt/ros/humble/lib/x86_64-linux-gnu:/opt/ros/humble/lib /usr/bin/cmake --install /root/aerostack2_ws/build/as2_behavior_tree
[5.545s] INFO:colcon.colcon_core.shell:Creating environment hook '/root/aerostack2_ws/install/as2_behavior_tree/share/as2_behavior_tree/hook/cmake_prefix_path.sh'
[5.546s] Level 1:colcon.colcon_core.environment:checking '/root/aerostack2_ws/install/as2_behavior_tree/lib'
[5.546s] Level 1:colcon.colcon_core.shell:create_environment_hook('as2_behavior_tree', 'ld_library_path_lib')
[5.548s] INFO:colcon.colcon_core.shell:Creating environment hook '/root/aerostack2_ws/install/as2_behavior_tree/share/as2_behavior_tree/hook/ld_library_path_lib.ps1'
[5.549s] INFO:colcon.colcon_core.shell:Creating environment descriptor '/root/aerostack2_ws/install/as2_behavior_tree/share/as2_behavior_tree/hook/ld_library_path_lib.dsv'
[5.550s] INFO:colcon.colcon_core.shell:Creating environment hook '/root/aerostack2_ws/install/as2_behavior_tree/share/as2_behavior_tree/hook/ld_library_path_lib.sh'
[5.550s] Level 1:colcon.colcon_core.environment:checking '/root/aerostack2_ws/install/as2_behavior_tree/bin'
[5.551s] Level 1:colcon.colcon_core.environment:checking '/root/aerostack2_ws/install/as2_behavior_tree/lib/pkgconfig/as2_behavior_tree.pc'
[5.551s] Level 1:colcon.colcon_core.environment:checking '/root/aerostack2_ws/install/as2_behavior_tree/lib/python3.10/site-packages'
[5.551s] Level 1:colcon.colcon_core.environment:checking '/root/aerostack2_ws/install/as2_behavior_tree/bin'
[5.552s] INFO:colcon.colcon_core.shell:Creating package script '/root/aerostack2_ws/install/as2_behavior_tree/share/as2_behavior_tree/package.ps1'
[5.553s] INFO:colcon.colcon_core.shell:Creating package descriptor '/root/aerostack2_ws/install/as2_behavior_tree/share/as2_behavior_tree/package.dsv'
[5.553s] INFO:colcon.colcon_core.shell:Creating package script '/root/aerostack2_ws/install/as2_behavior_tree/share/as2_behavior_tree/package.sh'
[5.557s] INFO:colcon.colcon_core.shell:Creating package script '/root/aerostack2_ws/install/as2_behavior_tree/share/as2_behavior_tree/package.bash'
[5.558s] INFO:colcon.colcon_core.shell:Creating package script '/root/aerostack2_ws/install/as2_behavior_tree/share/as2_behavior_tree/package.zsh'
[5.559s] Level 1:colcon.colcon_core.environment:create_file_with_runtime_dependencies(/root/aerostack2_ws/install/as2_behavior_tree/share/colcon-core/packages/as2_behavior_tree)
[5.559s] Level 1:colcon.colcon_core.environment:create_environment_scripts_only(as2_behavior_tree)
[5.560s] Level 1:colcon.colcon_core.environment:checking '/root/aerostack2_ws/install/as2_behavior_tree' for CMake module files
[5.560s] Level 1:colcon.colcon_core.environment:checking '/root/aerostack2_ws/install/as2_behavior_tree' for CMake config files
[5.560s] Level 1:colcon.colcon_core.shell:create_environment_hook('as2_behavior_tree', 'cmake_prefix_path')
[5.561s] INFO:colcon.colcon_core.shell:Creating environment hook '/root/aerostack2_ws/install/as2_behavior_tree/share/as2_behavior_tree/hook/cmake_prefix_path.ps1'
[5.561s] INFO:colcon.colcon_core.shell:Creating environment descriptor '/root/aerostack2_ws/install/as2_behavior_tree/share/as2_behavior_tree/hook/cmake_prefix_path.dsv'
[5.561s] INFO:colcon.colcon_core.shell:Creating environment hook '/root/aerostack2_ws/install/as2_behavior_tree/share/as2_behavior_tree/hook/cmake_prefix_path.sh'
[5.562s] Level 1:colcon.colcon_core.environment:checking '/root/aerostack2_ws/install/as2_behavior_tree/lib'
[5.562s] Level 1:colcon.colcon_core.shell:create_environment_hook('as2_behavior_tree', 'ld_library_path_lib')
[5.563s] INFO:colcon.colcon_core.shell:Creating environment hook '/root/aerostack2_ws/install/as2_behavior_tree/share/as2_behavior_tree/hook/ld_library_path_lib.ps1'
[5.564s] INFO:colcon.colcon_core.shell:Creating environment descriptor '/root/aerostack2_ws/install/as2_behavior_tree/share/as2_behavior_tree/hook/ld_library_path_lib.dsv'
[5.567s] INFO:colcon.colcon_core.shell:Creating environment hook '/root/aerostack2_ws/install/as2_behavior_tree/share/as2_behavior_tree/hook/ld_library_path_lib.sh'
[5.568s] Level 1:colcon.colcon_core.environment:checking '/root/aerostack2_ws/install/as2_behavior_tree/bin'
[5.568s] Level 1:colcon.colcon_core.environment:checking '/root/aerostack2_ws/install/as2_behavior_tree/lib/pkgconfig/as2_behavior_tree.pc'
[5.568s] Level 1:colcon.colcon_core.environment:checking '/root/aerostack2_ws/install/as2_behavior_tree/lib/python3.10/site-packages'
[5.569s] Level 1:colcon.colcon_core.environment:checking '/root/aerostack2_ws/install/as2_behavior_tree/bin'
[5.569s] INFO:colcon.colcon_core.shell:Creating package script '/root/aerostack2_ws/install/as2_behavior_tree/share/as2_behavior_tree/package.ps1'
[5.572s] INFO:colcon.colcon_core.shell:Creating package descriptor '/root/aerostack2_ws/install/as2_behavior_tree/share/as2_behavior_tree/package.dsv'
[5.573s] INFO:colcon.colcon_core.shell:Creating package script '/root/aerostack2_ws/install/as2_behavior_tree/share/as2_behavior_tree/package.sh'
[5.573s] INFO:colcon.colcon_core.shell:Creating package script '/root/aerostack2_ws/install/as2_behavior_tree/share/as2_behavior_tree/package.bash'
[5.575s] INFO:colcon.colcon_core.shell:Creating package script '/root/aerostack2_ws/install/as2_behavior_tree/share/as2_behavior_tree/package.zsh'
[5.576s] Level 1:colcon.colcon_core.environment:create_file_with_runtime_dependencies(/root/aerostack2_ws/install/as2_behavior_tree/share/colcon-core/packages/as2_behavior_tree)
[5.579s] INFO:colcon.colcon_ros.task.ament_cmake.build:Building ROS package in '/root/aerostack2_ws/src/aerostack2/as2_behaviors/as2_behaviors_perception' with build type 'ament_cmake'
[5.579s] INFO:colcon.colcon_cmake.task.cmake.build:Building CMake package in '/root/aerostack2_ws/src/aerostack2/as2_behaviors/as2_behaviors_perception'
[5.584s] INFO:colcon.colcon_core.shell:Skip shell extension 'powershell' for command environment: Not usable outside of PowerShell
[5.584s] DEBUG:colcon.colcon_core.shell:Skip shell extension 'dsv' for command environment
[5.604s] DEBUG:colcon.colcon_core.event_handler.log_command:Invoking command in '/root/aerostack2_ws/build/as2_state_estimator': CMAKE_PREFIX_PATH=/root/aerostack2_ws/install/as2_core:/root/aerostack2_ws/install/as2_msgs:/root/aerostack2_ws/install/rmf_demos_gz_classic:/root/aerostack2_ws/install/rmf_demos_gz:/root/aerostack2_ws/install/rmf_demos:/root/aerostack2_ws/install/rmf_demos_maps:/root/aerostack2_ws/install/aerostack2:/root/aerostack2_ws/install/as2_usb_camera_interface:/root/aerostack2_ws/install/as2_state_estimator:/root/aerostack2_ws/install/as2_rviz_plugins:/root/aerostack2_ws/install/as2_realsense_interface:/root/aerostack2_ws/install/as2_platform_multirotor_simulator:/root/aerostack2_ws/install/as2_platform_gazebo:/root/aerostack2_ws/install/as2_motion_controller:/root/aerostack2_ws/install/as2_behaviors_trajectory_generation:/root/aerostack2_ws/install/as2_behaviors_swarm_flocking:/root/aerostack2_ws/install/as2_behaviors_motion:/root/aerostack2_ws/install/as2_motion_reference_handlers:/root/aerostack2_ws/install/as2_map_server:/root/aerostack2_ws/install/as2_geozones:/root/aerostack2_ws/install/as2_gazebo_assets:/root/aerostack2_ws/install/as2_external_object_to_tf:/root/aerostack2_ws/install/as2_behaviors_platform:/root/aerostack2_ws/install/as2_behaviors_perception:/root/aerostack2_ws/install/as2_behaviors_path_planning:/root/aerostack2_ws/install/as2_behavior_tree:/root/aerostack2_ws/install/as2_behavior:/root/aerostack2_ws/install/as2_alphanumeric_viewer:/root/aerostack2_ws/install/as2_cli:/root/aerostack2_ws/install/rmf_demos_tasks:/root/aerostack2_ws/install/rmf_demos_panel:/root/aerostack2_ws/install/rmf_demos_fleet_adapter:/root/aerostack2_ws/install/rmf_demos_dashboard_resources:/root/aerostack2_ws/install/rmf_demos_bridges:/root/aerostack2_ws/install/rmf_demos_assets:/root/aerostack2_ws/install/as2_visualization:/root/aerostack2_ws/install/as2_swarm_perception:/root/aerostack2_ws/install/as2_swarm_fusion_ci:/root/aerostack2_ws/install/as2_swarm_ekf:/root/aerostack2_ws/install/as2_keyboard_teleoperation:/root/aerostack2_ws/install/as2_python_api:/root/aerostack2_ws/install/as2_project_bringup:/root/aerostack2_ws/install/as2_perception:/root/aerostack2_ws/install/as2_groundray_perception:/opt/ros/humble LD_LIBRARY_PATH=/root/aerostack2_ws/install/as2_core/lib:/root/aerostack2_ws/install/as2_msgs/lib:/root/aerostack2_ws/install/as2_state_estimator/lib:/root/aerostack2_ws/install/as2_python_api/lib:/root/aerostack2_ws/install/as2_motion_controller/lib:/root/aerostack2_ws/install/as2_behaviors_trajectory_generation/lib:/root/aerostack2_ws/install/as2_behaviors_swarm_flocking/lib:/root/aerostack2_ws/install/as2_behaviors_motion/lib:/root/aerostack2_ws/install/as2_motion_reference_handlers/lib:/root/aerostack2_ws/install/as2_map_server/lib:/root/aerostack2_ws/install/as2_gazebo_assets/lib:/root/aerostack2_ws/install/as2_behaviors_perception/lib:/root/aerostack2_ws/install/as2_behaviors_path_planning/lib:/root/aerostack2_ws/install/as2_behavior_tree/lib:/root/aerostack2_ws/install/as2_behavior/lib:/opt/ros/humble/opt/rviz_ogre_vendor/lib:/opt/ros/humble/lib/x86_64-linux-gnu:/opt/ros/humble/lib /usr/bin/cmake --build /root/aerostack2_ws/build/as2_state_estimator -- -j8 -l8
[5.614s] DEBUG:colcon.colcon_core.event_handler.log_command:Invoking command in '/root/aerostack2_ws/build/as2_usb_camera_interface': CMAKE_PREFIX_PATH=/root/aerostack2_ws/install/as2_core:/root/aerostack2_ws/install/as2_msgs:/root/aerostack2_ws/install/rmf_demos_gz_classic:/root/aerostack2_ws/install/rmf_demos_gz:/root/aerostack2_ws/install/rmf_demos:/root/aerostack2_ws/install/rmf_demos_maps:/root/aerostack2_ws/install/aerostack2:/root/aerostack2_ws/install/as2_usb_camera_interface:/root/aerostack2_ws/install/as2_state_estimator:/root/aerostack2_ws/install/as2_rviz_plugins:/root/aerostack2_ws/install/as2_realsense_interface:/root/aerostack2_ws/install/as2_platform_multirotor_simulator:/root/aerostack2_ws/install/as2_platform_gazebo:/root/aerostack2_ws/install/as2_motion_controller:/root/aerostack2_ws/install/as2_behaviors_trajectory_generation:/root/aerostack2_ws/install/as2_behaviors_swarm_flocking:/root/aerostack2_ws/install/as2_behaviors_motion:/root/aerostack2_ws/install/as2_motion_reference_handlers:/root/aerostack2_ws/install/as2_map_server:/root/aerostack2_ws/install/as2_geozones:/root/aerostack2_ws/install/as2_gazebo_assets:/root/aerostack2_ws/install/as2_external_object_to_tf:/root/aerostack2_ws/install/as2_behaviors_platform:/root/aerostack2_ws/install/as2_behaviors_perception:/root/aerostack2_ws/install/as2_behaviors_path_planning:/root/aerostack2_ws/install/as2_behavior_tree:/root/aerostack2_ws/install/as2_behavior:/root/aerostack2_ws/install/as2_alphanumeric_viewer:/root/aerostack2_ws/install/as2_cli:/root/aerostack2_ws/install/rmf_demos_tasks:/root/aerostack2_ws/install/rmf_demos_panel:/root/aerostack2_ws/install/rmf_demos_fleet_adapter:/root/aerostack2_ws/install/rmf_demos_dashboard_resources:/root/aerostack2_ws/install/rmf_demos_bridges:/root/aerostack2_ws/install/rmf_demos_assets:/root/aerostack2_ws/install/as2_visualization:/root/aerostack2_ws/install/as2_swarm_perception:/root/aerostack2_ws/install/as2_swarm_fusion_ci:/root/aerostack2_ws/install/as2_swarm_ekf:/root/aerostack2_ws/install/as2_keyboard_teleoperation:/root/aerostack2_ws/install/as2_python_api:/root/aerostack2_ws/install/as2_project_bringup:/root/aerostack2_ws/install/as2_perception:/root/aerostack2_ws/install/as2_groundray_perception:/opt/ros/humble LD_LIBRARY_PATH=/root/aerostack2_ws/install/as2_core/lib:/root/aerostack2_ws/install/as2_msgs/lib:/root/aerostack2_ws/install/as2_state_estimator/lib:/root/aerostack2_ws/install/as2_python_api/lib:/root/aerostack2_ws/install/as2_motion_controller/lib:/root/aerostack2_ws/install/as2_behaviors_trajectory_generation/lib:/root/aerostack2_ws/install/as2_behaviors_swarm_flocking/lib:/root/aerostack2_ws/install/as2_behaviors_motion/lib:/root/aerostack2_ws/install/as2_motion_reference_handlers/lib:/root/aerostack2_ws/install/as2_map_server/lib:/root/aerostack2_ws/install/as2_gazebo_assets/lib:/root/aerostack2_ws/install/as2_behaviors_perception/lib:/root/aerostack2_ws/install/as2_behaviors_path_planning/lib:/root/aerostack2_ws/install/as2_behavior_tree/lib:/root/aerostack2_ws/install/as2_behavior/lib:/opt/ros/humble/opt/rviz_ogre_vendor/lib:/opt/ros/humble/lib/x86_64-linux-gnu:/opt/ros/humble/lib /usr/bin/cmake --build /root/aerostack2_ws/build/as2_usb_camera_interface -- -j8 -l8
[5.617s] DEBUG:colcon.colcon_core.event_handler.log_command:Invoking command in '/root/aerostack2_ws/build/as2_behaviors_path_planning': CMAKE_PREFIX_PATH=/root/aerostack2_ws/install/as2_behavior:/root/aerostack2_ws/install/as2_core:/root/aerostack2_ws/install/as2_msgs:/root/aerostack2_ws/install/rmf_demos_gz_classic:/root/aerostack2_ws/install/rmf_demos_gz:/root/aerostack2_ws/install/rmf_demos:/root/aerostack2_ws/install/rmf_demos_maps:/root/aerostack2_ws/install/aerostack2:/root/aerostack2_ws/install/as2_usb_camera_interface:/root/aerostack2_ws/install/as2_state_estimator:/root/aerostack2_ws/install/as2_rviz_plugins:/root/aerostack2_ws/install/as2_realsense_interface:/root/aerostack2_ws/install/as2_platform_multirotor_simulator:/root/aerostack2_ws/install/as2_platform_gazebo:/root/aerostack2_ws/install/as2_motion_controller:/root/aerostack2_ws/install/as2_behaviors_trajectory_generation:/root/aerostack2_ws/install/as2_behaviors_swarm_flocking:/root/aerostack2_ws/install/as2_behaviors_motion:/root/aerostack2_ws/install/as2_motion_reference_handlers:/root/aerostack2_ws/install/as2_map_server:/root/aerostack2_ws/install/as2_geozones:/root/aerostack2_ws/install/as2_gazebo_assets:/root/aerostack2_ws/install/as2_external_object_to_tf:/root/aerostack2_ws/install/as2_behaviors_platform:/root/aerostack2_ws/install/as2_behaviors_perception:/root/aerostack2_ws/install/as2_behaviors_path_planning:/root/aerostack2_ws/install/as2_behavior_tree:/root/aerostack2_ws/install/as2_alphanumeric_viewer:/root/aerostack2_ws/install/as2_cli:/root/aerostack2_ws/install/rmf_demos_tasks:/root/aerostack2_ws/install/rmf_demos_panel:/root/aerostack2_ws/install/rmf_demos_fleet_adapter:/root/aerostack2_ws/install/rmf_demos_dashboard_resources:/root/aerostack2_ws/install/rmf_demos_bridges:/root/aerostack2_ws/install/rmf_demos_assets:/root/aerostack2_ws/install/as2_visualization:/root/aerostack2_ws/install/as2_swarm_perception:/root/aerostack2_ws/install/as2_swarm_fusion_ci:/root/aerostack2_ws/install/as2_swarm_ekf:/root/aerostack2_ws/install/as2_keyboard_teleoperation:/root/aerostack2_ws/install/as2_python_api:/root/aerostack2_ws/install/as2_project_bringup:/root/aerostack2_ws/install/as2_perception:/root/aerostack2_ws/install/as2_groundray_perception:/opt/ros/humble LD_LIBRARY_PATH=/root/aerostack2_ws/install/as2_behavior/lib:/root/aerostack2_ws/install/as2_core/lib:/root/aerostack2_ws/install/as2_msgs/lib:/root/aerostack2_ws/install/as2_state_estimator/lib:/root/aerostack2_ws/install/as2_python_api/lib:/root/aerostack2_ws/install/as2_motion_controller/lib:/root/aerostack2_ws/install/as2_behaviors_trajectory_generation/lib:/root/aerostack2_ws/install/as2_behaviors_swarm_flocking/lib:/root/aerostack2_ws/install/as2_behaviors_motion/lib:/root/aerostack2_ws/install/as2_motion_reference_handlers/lib:/root/aerostack2_ws/install/as2_map_server/lib:/root/aerostack2_ws/install/as2_gazebo_assets/lib:/root/aerostack2_ws/install/as2_behaviors_perception/lib:/root/aerostack2_ws/install/as2_behaviors_path_planning/lib:/root/aerostack2_ws/install/as2_behavior_tree/lib:/opt/ros/humble/opt/rviz_ogre_vendor/lib:/opt/ros/humble/lib/x86_64-linux-gnu:/opt/ros/humble/lib /usr/bin/cmake --build /root/aerostack2_ws/build/as2_behaviors_path_planning -- -j8 -l8
[5.654s] DEBUG:colcon.colcon_core.event_handler.log_command:Invoking command in '/root/aerostack2_ws/build/as2_behaviors_perception': CMAKE_PREFIX_PATH=/root/aerostack2_ws/install/as2_behavior:/root/aerostack2_ws/install/as2_core:/root/aerostack2_ws/install/as2_msgs:/root/aerostack2_ws/install/rmf_demos_gz_classic:/root/aerostack2_ws/install/rmf_demos_gz:/root/aerostack2_ws/install/rmf_demos:/root/aerostack2_ws/install/rmf_demos_maps:/root/aerostack2_ws/install/aerostack2:/root/aerostack2_ws/install/as2_usb_camera_interface:/root/aerostack2_ws/install/as2_state_estimator:/root/aerostack2_ws/install/as2_rviz_plugins:/root/aerostack2_ws/install/as2_realsense_interface:/root/aerostack2_ws/install/as2_platform_multirotor_simulator:/root/aerostack2_ws/install/as2_platform_gazebo:/root/aerostack2_ws/install/as2_motion_controller:/root/aerostack2_ws/install/as2_behaviors_trajectory_generation:/root/aerostack2_ws/install/as2_behaviors_swarm_flocking:/root/aerostack2_ws/install/as2_behaviors_motion:/root/aerostack2_ws/install/as2_motion_reference_handlers:/root/aerostack2_ws/install/as2_map_server:/root/aerostack2_ws/install/as2_geozones:/root/aerostack2_ws/install/as2_gazebo_assets:/root/aerostack2_ws/install/as2_external_object_to_tf:/root/aerostack2_ws/install/as2_behaviors_platform:/root/aerostack2_ws/install/as2_behaviors_perception:/root/aerostack2_ws/install/as2_behaviors_path_planning:/root/aerostack2_ws/install/as2_behavior_tree:/root/aerostack2_ws/install/as2_alphanumeric_viewer:/root/aerostack2_ws/install/as2_cli:/root/aerostack2_ws/install/rmf_demos_tasks:/root/aerostack2_ws/install/rmf_demos_panel:/root/aerostack2_ws/install/rmf_demos_fleet_adapter:/root/aerostack2_ws/install/rmf_demos_dashboard_resources:/root/aerostack2_ws/install/rmf_demos_bridges:/root/aerostack2_ws/install/rmf_demos_assets:/root/aerostack2_ws/install/as2_visualization:/root/aerostack2_ws/install/as2_swarm_perception:/root/aerostack2_ws/install/as2_swarm_fusion_ci:/root/aerostack2_ws/install/as2_swarm_ekf:/root/aerostack2_ws/install/as2_keyboard_teleoperation:/root/aerostack2_ws/install/as2_python_api:/root/aerostack2_ws/install/as2_project_bringup:/root/aerostack2_ws/install/as2_perception:/root/aerostack2_ws/install/as2_groundray_perception:/opt/ros/humble LD_LIBRARY_PATH=/root/aerostack2_ws/install/as2_behavior/lib:/root/aerostack2_ws/install/as2_core/lib:/root/aerostack2_ws/install/as2_msgs/lib:/root/aerostack2_ws/install/as2_state_estimator/lib:/root/aerostack2_ws/install/as2_python_api/lib:/root/aerostack2_ws/install/as2_motion_controller/lib:/root/aerostack2_ws/install/as2_behaviors_trajectory_generation/lib:/root/aerostack2_ws/install/as2_behaviors_swarm_flocking/lib:/root/aerostack2_ws/install/as2_behaviors_motion/lib:/root/aerostack2_ws/install/as2_motion_reference_handlers/lib:/root/aerostack2_ws/install/as2_map_server/lib:/root/aerostack2_ws/install/as2_gazebo_assets/lib:/root/aerostack2_ws/install/as2_behaviors_perception/lib:/root/aerostack2_ws/install/as2_behaviors_path_planning/lib:/root/aerostack2_ws/install/as2_behavior_tree/lib:/opt/ros/humble/opt/rviz_ogre_vendor/lib:/opt/ros/humble/lib/x86_64-linux-gnu:/opt/ros/humble/lib /usr/bin/cmake --build /root/aerostack2_ws/build/as2_behaviors_perception -- -j8 -l8
[5.666s] DEBUG:colcon.colcon_core.event_handler.log_command:Invoked command in '/root/aerostack2_ws/build/as2_motion_reference_handlers' returned '0': CMAKE_PREFIX_PATH=/root/aerostack2_ws/install/as2_core:/root/aerostack2_ws/install/as2_msgs:/root/aerostack2_ws/install/rmf_demos_gz_classic:/root/aerostack2_ws/install/rmf_demos_gz:/root/aerostack2_ws/install/rmf_demos:/root/aerostack2_ws/install/rmf_demos_maps:/root/aerostack2_ws/install/aerostack2:/root/aerostack2_ws/install/as2_usb_camera_interface:/root/aerostack2_ws/install/as2_state_estimator:/root/aerostack2_ws/install/as2_rviz_plugins:/root/aerostack2_ws/install/as2_realsense_interface:/root/aerostack2_ws/install/as2_platform_multirotor_simulator:/root/aerostack2_ws/install/as2_platform_gazebo:/root/aerostack2_ws/install/as2_motion_controller:/root/aerostack2_ws/install/as2_behaviors_trajectory_generation:/root/aerostack2_ws/install/as2_behaviors_swarm_flocking:/root/aerostack2_ws/install/as2_behaviors_motion:/root/aerostack2_ws/install/as2_motion_reference_handlers:/root/aerostack2_ws/install/as2_map_server:/root/aerostack2_ws/install/as2_geozones:/root/aerostack2_ws/install/as2_gazebo_assets:/root/aerostack2_ws/install/as2_external_object_to_tf:/root/aerostack2_ws/install/as2_behaviors_platform:/root/aerostack2_ws/install/as2_behaviors_perception:/root/aerostack2_ws/install/as2_behaviors_path_planning:/root/aerostack2_ws/install/as2_behavior_tree:/root/aerostack2_ws/install/as2_behavior:/root/aerostack2_ws/install/as2_alphanumeric_viewer:/root/aerostack2_ws/install/as2_cli:/root/aerostack2_ws/install/rmf_demos_tasks:/root/aerostack2_ws/install/rmf_demos_panel:/root/aerostack2_ws/install/rmf_demos_fleet_adapter:/root/aerostack2_ws/install/rmf_demos_dashboard_resources:/root/aerostack2_ws/install/rmf_demos_bridges:/root/aerostack2_ws/install/rmf_demos_assets:/root/aerostack2_ws/install/as2_visualization:/root/aerostack2_ws/install/as2_swarm_perception:/root/aerostack2_ws/install/as2_swarm_fusion_ci:/root/aerostack2_ws/install/as2_swarm_ekf:/root/aerostack2_ws/install/as2_keyboard_teleoperation:/root/aerostack2_ws/install/as2_python_api:/root/aerostack2_ws/install/as2_project_bringup:/root/aerostack2_ws/install/as2_perception:/root/aerostack2_ws/install/as2_groundray_perception:/opt/ros/humble LD_LIBRARY_PATH=/root/aerostack2_ws/install/as2_core/lib:/root/aerostack2_ws/install/as2_msgs/lib:/root/aerostack2_ws/install/as2_state_estimator/lib:/root/aerostack2_ws/install/as2_python_api/lib:/root/aerostack2_ws/install/as2_motion_controller/lib:/root/aerostack2_ws/install/as2_behaviors_trajectory_generation/lib:/root/aerostack2_ws/install/as2_behaviors_swarm_flocking/lib:/root/aerostack2_ws/install/as2_behaviors_motion/lib:/root/aerostack2_ws/install/as2_motion_reference_handlers/lib:/root/aerostack2_ws/install/as2_map_server/lib:/root/aerostack2_ws/install/as2_gazebo_assets/lib:/root/aerostack2_ws/install/as2_behaviors_perception/lib:/root/aerostack2_ws/install/as2_behaviors_path_planning/lib:/root/aerostack2_ws/install/as2_behavior_tree/lib:/root/aerostack2_ws/install/as2_behavior/lib:/opt/ros/humble/opt/rviz_ogre_vendor/lib:/opt/ros/humble/lib/x86_64-linux-gnu:/opt/ros/humble/lib /usr/bin/cmake --build /root/aerostack2_ws/build/as2_motion_reference_handlers -- -j8 -l8
[5.666s] DEBUG:colcon.colcon_core.event_handler.log_command:Invoking command in '/root/aerostack2_ws/build/as2_motion_reference_handlers': CMAKE_PREFIX_PATH=/root/aerostack2_ws/install/as2_core:/root/aerostack2_ws/install/as2_msgs:/root/aerostack2_ws/install/rmf_demos_gz_classic:/root/aerostack2_ws/install/rmf_demos_gz:/root/aerostack2_ws/install/rmf_demos:/root/aerostack2_ws/install/rmf_demos_maps:/root/aerostack2_ws/install/aerostack2:/root/aerostack2_ws/install/as2_usb_camera_interface:/root/aerostack2_ws/install/as2_state_estimator:/root/aerostack2_ws/install/as2_rviz_plugins:/root/aerostack2_ws/install/as2_realsense_interface:/root/aerostack2_ws/install/as2_platform_multirotor_simulator:/root/aerostack2_ws/install/as2_platform_gazebo:/root/aerostack2_ws/install/as2_motion_controller:/root/aerostack2_ws/install/as2_behaviors_trajectory_generation:/root/aerostack2_ws/install/as2_behaviors_swarm_flocking:/root/aerostack2_ws/install/as2_behaviors_motion:/root/aerostack2_ws/install/as2_motion_reference_handlers:/root/aerostack2_ws/install/as2_map_server:/root/aerostack2_ws/install/as2_geozones:/root/aerostack2_ws/install/as2_gazebo_assets:/root/aerostack2_ws/install/as2_external_object_to_tf:/root/aerostack2_ws/install/as2_behaviors_platform:/root/aerostack2_ws/install/as2_behaviors_perception:/root/aerostack2_ws/install/as2_behaviors_path_planning:/root/aerostack2_ws/install/as2_behavior_tree:/root/aerostack2_ws/install/as2_behavior:/root/aerostack2_ws/install/as2_alphanumeric_viewer:/root/aerostack2_ws/install/as2_cli:/root/aerostack2_ws/install/rmf_demos_tasks:/root/aerostack2_ws/install/rmf_demos_panel:/root/aerostack2_ws/install/rmf_demos_fleet_adapter:/root/aerostack2_ws/install/rmf_demos_dashboard_resources:/root/aerostack2_ws/install/rmf_demos_bridges:/root/aerostack2_ws/install/rmf_demos_assets:/root/aerostack2_ws/install/as2_visualization:/root/aerostack2_ws/install/as2_swarm_perception:/root/aerostack2_ws/install/as2_swarm_fusion_ci:/root/aerostack2_ws/install/as2_swarm_ekf:/root/aerostack2_ws/install/as2_keyboard_teleoperation:/root/aerostack2_ws/install/as2_python_api:/root/aerostack2_ws/install/as2_project_bringup:/root/aerostack2_ws/install/as2_perception:/root/aerostack2_ws/install/as2_groundray_perception:/opt/ros/humble LD_LIBRARY_PATH=/root/aerostack2_ws/install/as2_core/lib:/root/aerostack2_ws/install/as2_msgs/lib:/root/aerostack2_ws/install/as2_state_estimator/lib:/root/aerostack2_ws/install/as2_python_api/lib:/root/aerostack2_ws/install/as2_motion_controller/lib:/root/aerostack2_ws/install/as2_behaviors_trajectory_generation/lib:/root/aerostack2_ws/install/as2_behaviors_swarm_flocking/lib:/root/aerostack2_ws/install/as2_behaviors_motion/lib:/root/aerostack2_ws/install/as2_motion_reference_handlers/lib:/root/aerostack2_ws/install/as2_map_server/lib:/root/aerostack2_ws/install/as2_gazebo_assets/lib:/root/aerostack2_ws/install/as2_behaviors_perception/lib:/root/aerostack2_ws/install/as2_behaviors_path_planning/lib:/root/aerostack2_ws/install/as2_behavior_tree/lib:/root/aerostack2_ws/install/as2_behavior/lib:/opt/ros/humble/opt/rviz_ogre_vendor/lib:/opt/ros/humble/lib/x86_64-linux-gnu:/opt/ros/humble/lib /usr/bin/cmake --install /root/aerostack2_ws/build/as2_motion_reference_handlers
[5.727s] DEBUG:colcon.colcon_core.event_handler.log_command:Invoked command in '/root/aerostack2_ws/build/as2_realsense_interface' returned '0': CMAKE_PREFIX_PATH=/root/aerostack2_ws/install/as2_core:/root/aerostack2_ws/install/as2_msgs:/root/aerostack2_ws/install/rmf_demos_gz_classic:/root/aerostack2_ws/install/rmf_demos_gz:/root/aerostack2_ws/install/rmf_demos:/root/aerostack2_ws/install/rmf_demos_maps:/root/aerostack2_ws/install/aerostack2:/root/aerostack2_ws/install/as2_usb_camera_interface:/root/aerostack2_ws/install/as2_state_estimator:/root/aerostack2_ws/install/as2_rviz_plugins:/root/aerostack2_ws/install/as2_realsense_interface:/root/aerostack2_ws/install/as2_platform_multirotor_simulator:/root/aerostack2_ws/install/as2_platform_gazebo:/root/aerostack2_ws/install/as2_motion_controller:/root/aerostack2_ws/install/as2_behaviors_trajectory_generation:/root/aerostack2_ws/install/as2_behaviors_swarm_flocking:/root/aerostack2_ws/install/as2_behaviors_motion:/root/aerostack2_ws/install/as2_motion_reference_handlers:/root/aerostack2_ws/install/as2_map_server:/root/aerostack2_ws/install/as2_geozones:/root/aerostack2_ws/install/as2_gazebo_assets:/root/aerostack2_ws/install/as2_external_object_to_tf:/root/aerostack2_ws/install/as2_behaviors_platform:/root/aerostack2_ws/install/as2_behaviors_perception:/root/aerostack2_ws/install/as2_behaviors_path_planning:/root/aerostack2_ws/install/as2_behavior_tree:/root/aerostack2_ws/install/as2_behavior:/root/aerostack2_ws/install/as2_alphanumeric_viewer:/root/aerostack2_ws/install/as2_cli:/root/aerostack2_ws/install/rmf_demos_tasks:/root/aerostack2_ws/install/rmf_demos_panel:/root/aerostack2_ws/install/rmf_demos_fleet_adapter:/root/aerostack2_ws/install/rmf_demos_dashboard_resources:/root/aerostack2_ws/install/rmf_demos_bridges:/root/aerostack2_ws/install/rmf_demos_assets:/root/aerostack2_ws/install/as2_visualization:/root/aerostack2_ws/install/as2_swarm_perception:/root/aerostack2_ws/install/as2_swarm_fusion_ci:/root/aerostack2_ws/install/as2_swarm_ekf:/root/aerostack2_ws/install/as2_keyboard_teleoperation:/root/aerostack2_ws/install/as2_python_api:/root/aerostack2_ws/install/as2_project_bringup:/root/aerostack2_ws/install/as2_perception:/root/aerostack2_ws/install/as2_groundray_perception:/opt/ros/humble LD_LIBRARY_PATH=/root/aerostack2_ws/install/as2_core/lib:/root/aerostack2_ws/install/as2_msgs/lib:/root/aerostack2_ws/install/as2_state_estimator/lib:/root/aerostack2_ws/install/as2_python_api/lib:/root/aerostack2_ws/install/as2_motion_controller/lib:/root/aerostack2_ws/install/as2_behaviors_trajectory_generation/lib:/root/aerostack2_ws/install/as2_behaviors_swarm_flocking/lib:/root/aerostack2_ws/install/as2_behaviors_motion/lib:/root/aerostack2_ws/install/as2_motion_reference_handlers/lib:/root/aerostack2_ws/install/as2_map_server/lib:/root/aerostack2_ws/install/as2_gazebo_assets/lib:/root/aerostack2_ws/install/as2_behaviors_perception/lib:/root/aerostack2_ws/install/as2_behaviors_path_planning/lib:/root/aerostack2_ws/install/as2_behavior_tree/lib:/root/aerostack2_ws/install/as2_behavior/lib:/opt/ros/humble/opt/rviz_ogre_vendor/lib:/opt/ros/humble/lib/x86_64-linux-gnu:/opt/ros/humble/lib /usr/bin/cmake --build /root/aerostack2_ws/build/as2_realsense_interface -- -j8 -l8
[5.728s] DEBUG:colcon.colcon_core.event_handler.log_command:Invoking command in '/root/aerostack2_ws/build/as2_realsense_interface': CMAKE_PREFIX_PATH=/root/aerostack2_ws/install/as2_core:/root/aerostack2_ws/install/as2_msgs:/root/aerostack2_ws/install/rmf_demos_gz_classic:/root/aerostack2_ws/install/rmf_demos_gz:/root/aerostack2_ws/install/rmf_demos:/root/aerostack2_ws/install/rmf_demos_maps:/root/aerostack2_ws/install/aerostack2:/root/aerostack2_ws/install/as2_usb_camera_interface:/root/aerostack2_ws/install/as2_state_estimator:/root/aerostack2_ws/install/as2_rviz_plugins:/root/aerostack2_ws/install/as2_realsense_interface:/root/aerostack2_ws/install/as2_platform_multirotor_simulator:/root/aerostack2_ws/install/as2_platform_gazebo:/root/aerostack2_ws/install/as2_motion_controller:/root/aerostack2_ws/install/as2_behaviors_trajectory_generation:/root/aerostack2_ws/install/as2_behaviors_swarm_flocking:/root/aerostack2_ws/install/as2_behaviors_motion:/root/aerostack2_ws/install/as2_motion_reference_handlers:/root/aerostack2_ws/install/as2_map_server:/root/aerostack2_ws/install/as2_geozones:/root/aerostack2_ws/install/as2_gazebo_assets:/root/aerostack2_ws/install/as2_external_object_to_tf:/root/aerostack2_ws/install/as2_behaviors_platform:/root/aerostack2_ws/install/as2_behaviors_perception:/root/aerostack2_ws/install/as2_behaviors_path_planning:/root/aerostack2_ws/install/as2_behavior_tree:/root/aerostack2_ws/install/as2_behavior:/root/aerostack2_ws/install/as2_alphanumeric_viewer:/root/aerostack2_ws/install/as2_cli:/root/aerostack2_ws/install/rmf_demos_tasks:/root/aerostack2_ws/install/rmf_demos_panel:/root/aerostack2_ws/install/rmf_demos_fleet_adapter:/root/aerostack2_ws/install/rmf_demos_dashboard_resources:/root/aerostack2_ws/install/rmf_demos_bridges:/root/aerostack2_ws/install/rmf_demos_assets:/root/aerostack2_ws/install/as2_visualization:/root/aerostack2_ws/install/as2_swarm_perception:/root/aerostack2_ws/install/as2_swarm_fusion_ci:/root/aerostack2_ws/install/as2_swarm_ekf:/root/aerostack2_ws/install/as2_keyboard_teleoperation:/root/aerostack2_ws/install/as2_python_api:/root/aerostack2_ws/install/as2_project_bringup:/root/aerostack2_ws/install/as2_perception:/root/aerostack2_ws/install/as2_groundray_perception:/opt/ros/humble LD_LIBRARY_PATH=/root/aerostack2_ws/install/as2_core/lib:/root/aerostack2_ws/install/as2_msgs/lib:/root/aerostack2_ws/install/as2_state_estimator/lib:/root/aerostack2_ws/install/as2_python_api/lib:/root/aerostack2_ws/install/as2_motion_controller/lib:/root/aerostack2_ws/install/as2_behaviors_trajectory_generation/lib:/root/aerostack2_ws/install/as2_behaviors_swarm_flocking/lib:/root/aerostack2_ws/install/as2_behaviors_motion/lib:/root/aerostack2_ws/install/as2_motion_reference_handlers/lib:/root/aerostack2_ws/install/as2_map_server/lib:/root/aerostack2_ws/install/as2_gazebo_assets/lib:/root/aerostack2_ws/install/as2_behaviors_perception/lib:/root/aerostack2_ws/install/as2_behaviors_path_planning/lib:/root/aerostack2_ws/install/as2_behavior_tree/lib:/root/aerostack2_ws/install/as2_behavior/lib:/opt/ros/humble/opt/rviz_ogre_vendor/lib:/opt/ros/humble/lib/x86_64-linux-gnu:/opt/ros/humble/lib /usr/bin/cmake --install /root/aerostack2_ws/build/as2_realsense_interface
[5.863s] Level 1:colcon.colcon_core.environment:create_environment_scripts_only(as2_motion_reference_handlers)
[5.863s] Level 1:colcon.colcon_core.environment:checking '/root/aerostack2_ws/install/as2_motion_reference_handlers' for CMake module files
[5.864s] Level 1:colcon.colcon_core.environment:checking '/root/aerostack2_ws/install/as2_motion_reference_handlers' for CMake config files
[5.864s] Level 1:colcon.colcon_core.shell:create_environment_hook('as2_motion_reference_handlers', 'cmake_prefix_path')
[5.868s] INFO:colcon.colcon_core.shell:Creating environment hook '/root/aerostack2_ws/install/as2_motion_reference_handlers/share/as2_motion_reference_handlers/hook/cmake_prefix_path.ps1'
[5.876s] INFO:colcon.colcon_core.shell:Creating environment descriptor '/root/aerostack2_ws/install/as2_motion_reference_handlers/share/as2_motion_reference_handlers/hook/cmake_prefix_path.dsv'
[5.877s] INFO:colcon.colcon_core.shell:Creating environment hook '/root/aerostack2_ws/install/as2_motion_reference_handlers/share/as2_motion_reference_handlers/hook/cmake_prefix_path.sh'
[5.879s] Level 1:colcon.colcon_core.environment:checking '/root/aerostack2_ws/install/as2_motion_reference_handlers/lib'
[5.879s] Level 1:colcon.colcon_core.environment:checking '/root/aerostack2_ws/install/as2_motion_reference_handlers/bin'
[5.879s] Level 1:colcon.colcon_core.environment:checking '/root/aerostack2_ws/install/as2_motion_reference_handlers/lib/pkgconfig/as2_motion_reference_handlers.pc'
[5.880s] Level 1:colcon.colcon_core.environment:checking '/root/aerostack2_ws/install/as2_motion_reference_handlers/lib/python3.10/site-packages'
[5.880s] Level 1:colcon.colcon_core.environment:checking '/root/aerostack2_ws/install/as2_motion_reference_handlers/bin'
[5.881s] INFO:colcon.colcon_core.shell:Creating package script '/root/aerostack2_ws/install/as2_motion_reference_handlers/share/as2_motion_reference_handlers/package.ps1'
[5.878s] DEBUG:colcon.colcon_core.event_handler.log_command:Invoked command in '/root/aerostack2_ws/build/as2_motion_reference_handlers' returned '0': CMAKE_PREFIX_PATH=/root/aerostack2_ws/install/as2_core:/root/aerostack2_ws/install/as2_msgs:/root/aerostack2_ws/install/rmf_demos_gz_classic:/root/aerostack2_ws/install/rmf_demos_gz:/root/aerostack2_ws/install/rmf_demos:/root/aerostack2_ws/install/rmf_demos_maps:/root/aerostack2_ws/install/aerostack2:/root/aerostack2_ws/install/as2_usb_camera_interface:/root/aerostack2_ws/install/as2_state_estimator:/root/aerostack2_ws/install/as2_rviz_plugins:/root/aerostack2_ws/install/as2_realsense_interface:/root/aerostack2_ws/install/as2_platform_multirotor_simulator:/root/aerostack2_ws/install/as2_platform_gazebo:/root/aerostack2_ws/install/as2_motion_controller:/root/aerostack2_ws/install/as2_behaviors_trajectory_generation:/root/aerostack2_ws/install/as2_behaviors_swarm_flocking:/root/aerostack2_ws/install/as2_behaviors_motion:/root/aerostack2_ws/install/as2_motion_reference_handlers:/root/aerostack2_ws/install/as2_map_server:/root/aerostack2_ws/install/as2_geozones:/root/aerostack2_ws/install/as2_gazebo_assets:/root/aerostack2_ws/install/as2_external_object_to_tf:/root/aerostack2_ws/install/as2_behaviors_platform:/root/aerostack2_ws/install/as2_behaviors_perception:/root/aerostack2_ws/install/as2_behaviors_path_planning:/root/aerostack2_ws/install/as2_behavior_tree:/root/aerostack2_ws/install/as2_behavior:/root/aerostack2_ws/install/as2_alphanumeric_viewer:/root/aerostack2_ws/install/as2_cli:/root/aerostack2_ws/install/rmf_demos_tasks:/root/aerostack2_ws/install/rmf_demos_panel:/root/aerostack2_ws/install/rmf_demos_fleet_adapter:/root/aerostack2_ws/install/rmf_demos_dashboard_resources:/root/aerostack2_ws/install/rmf_demos_bridges:/root/aerostack2_ws/install/rmf_demos_assets:/root/aerostack2_ws/install/as2_visualization:/root/aerostack2_ws/install/as2_swarm_perception:/root/aerostack2_ws/install/as2_swarm_fusion_ci:/root/aerostack2_ws/install/as2_swarm_ekf:/root/aerostack2_ws/install/as2_keyboard_teleoperation:/root/aerostack2_ws/install/as2_python_api:/root/aerostack2_ws/install/as2_project_bringup:/root/aerostack2_ws/install/as2_perception:/root/aerostack2_ws/install/as2_groundray_perception:/opt/ros/humble LD_LIBRARY_PATH=/root/aerostack2_ws/install/as2_core/lib:/root/aerostack2_ws/install/as2_msgs/lib:/root/aerostack2_ws/install/as2_state_estimator/lib:/root/aerostack2_ws/install/as2_python_api/lib:/root/aerostack2_ws/install/as2_motion_controller/lib:/root/aerostack2_ws/install/as2_behaviors_trajectory_generation/lib:/root/aerostack2_ws/install/as2_behaviors_swarm_flocking/lib:/root/aerostack2_ws/install/as2_behaviors_motion/lib:/root/aerostack2_ws/install/as2_motion_reference_handlers/lib:/root/aerostack2_ws/install/as2_map_server/lib:/root/aerostack2_ws/install/as2_gazebo_assets/lib:/root/aerostack2_ws/install/as2_behaviors_perception/lib:/root/aerostack2_ws/install/as2_behaviors_path_planning/lib:/root/aerostack2_ws/install/as2_behavior_tree/lib:/root/aerostack2_ws/install/as2_behavior/lib:/opt/ros/humble/opt/rviz_ogre_vendor/lib:/opt/ros/humble/lib/x86_64-linux-gnu:/opt/ros/humble/lib /usr/bin/cmake --install /root/aerostack2_ws/build/as2_motion_reference_handlers
[5.884s] INFO:colcon.colcon_core.shell:Creating package descriptor '/root/aerostack2_ws/install/as2_motion_reference_handlers/share/as2_motion_reference_handlers/package.dsv'
[5.885s] INFO:colcon.colcon_core.shell:Creating package script '/root/aerostack2_ws/install/as2_motion_reference_handlers/share/as2_motion_reference_handlers/package.sh'
[5.886s] INFO:colcon.colcon_core.shell:Creating package script '/root/aerostack2_ws/install/as2_motion_reference_handlers/share/as2_motion_reference_handlers/package.bash'
[5.886s] INFO:colcon.colcon_core.shell:Creating package script '/root/aerostack2_ws/install/as2_motion_reference_handlers/share/as2_motion_reference_handlers/package.zsh'
[5.886s] Level 1:colcon.colcon_core.environment:create_file_with_runtime_dependencies(/root/aerostack2_ws/install/as2_motion_reference_handlers/share/colcon-core/packages/as2_motion_reference_handlers)
[5.887s] Level 1:colcon.colcon_core.environment:create_environment_scripts_only(as2_motion_reference_handlers)
[5.887s] Level 1:colcon.colcon_core.environment:checking '/root/aerostack2_ws/install/as2_motion_reference_handlers' for CMake module files
[5.888s] Level 1:colcon.colcon_core.environment:checking '/root/aerostack2_ws/install/as2_motion_reference_handlers' for CMake config files
[5.888s] Level 1:colcon.colcon_core.shell:create_environment_hook('as2_motion_reference_handlers', 'cmake_prefix_path')
[5.888s] INFO:colcon.colcon_core.shell:Creating environment hook '/root/aerostack2_ws/install/as2_motion_reference_handlers/share/as2_motion_reference_handlers/hook/cmake_prefix_path.ps1'
[5.889s] INFO:colcon.colcon_core.shell:Creating environment descriptor '/root/aerostack2_ws/install/as2_motion_reference_handlers/share/as2_motion_reference_handlers/hook/cmake_prefix_path.dsv'
[5.889s] INFO:colcon.colcon_core.shell:Creating environment hook '/root/aerostack2_ws/install/as2_motion_reference_handlers/share/as2_motion_reference_handlers/hook/cmake_prefix_path.sh'
[5.890s] Level 1:colcon.colcon_core.environment:checking '/root/aerostack2_ws/install/as2_motion_reference_handlers/lib'
[5.890s] Level 1:colcon.colcon_core.environment:checking '/root/aerostack2_ws/install/as2_motion_reference_handlers/bin'
[5.890s] Level 1:colcon.colcon_core.environment:checking '/root/aerostack2_ws/install/as2_motion_reference_handlers/lib/pkgconfig/as2_motion_reference_handlers.pc'
[5.890s] Level 1:colcon.colcon_core.environment:checking '/root/aerostack2_ws/install/as2_motion_reference_handlers/lib/python3.10/site-packages'
[5.891s] Level 1:colcon.colcon_core.environment:checking '/root/aerostack2_ws/install/as2_motion_reference_handlers/bin'
[5.891s] INFO:colcon.colcon_core.shell:Creating package script '/root/aerostack2_ws/install/as2_motion_reference_handlers/share/as2_motion_reference_handlers/package.ps1'
[5.892s] INFO:colcon.colcon_core.shell:Creating package descriptor '/root/aerostack2_ws/install/as2_motion_reference_handlers/share/as2_motion_reference_handlers/package.dsv'
[5.892s] INFO:colcon.colcon_core.shell:Creating package script '/root/aerostack2_ws/install/as2_motion_reference_handlers/share/as2_motion_reference_handlers/package.sh'
[5.893s] INFO:colcon.colcon_core.shell:Creating package script '/root/aerostack2_ws/install/as2_motion_reference_handlers/share/as2_motion_reference_handlers/package.bash'
[5.894s] INFO:colcon.colcon_core.shell:Creating package script '/root/aerostack2_ws/install/as2_motion_reference_handlers/share/as2_motion_reference_handlers/package.zsh'
[5.894s] Level 1:colcon.colcon_core.environment:create_file_with_runtime_dependencies(/root/aerostack2_ws/install/as2_motion_reference_handlers/share/colcon-core/packages/as2_motion_reference_handlers)
[5.895s] INFO:colcon.colcon_ros.task.ament_python.build:Building ROS package in '/root/aerostack2_ws/src/aerostack2/as2_python_api' with build type 'ament_python'
[5.895s] Level 1:colcon.colcon_core.shell:create_environment_hook('as2_python_api', 'ament_prefix_path')
[5.896s] INFO:colcon.colcon_core.shell:Creating environment hook '/root/aerostack2_ws/install/as2_python_api/share/as2_python_api/hook/ament_prefix_path.ps1'
[5.898s] INFO:colcon.colcon_core.shell:Creating environment descriptor '/root/aerostack2_ws/install/as2_python_api/share/as2_python_api/hook/ament_prefix_path.dsv'
[5.899s] INFO:colcon.colcon_core.shell:Creating environment hook '/root/aerostack2_ws/install/as2_python_api/share/as2_python_api/hook/ament_prefix_path.sh'
[5.902s] INFO:colcon.colcon_core.shell:Skip shell extension 'powershell' for command environment: Not usable outside of PowerShell
[5.902s] DEBUG:colcon.colcon_core.shell:Skip shell extension 'dsv' for command environment
[5.920s] DEBUG:colcon.colcon_core.event_handler.log_command:Invoked command in '/root/aerostack2_ws/build/as2_gazebo_assets' returned '0': CMAKE_PREFIX_PATH=/root/aerostack2_ws/install/as2_core:/root/aerostack2_ws/install/as2_msgs:/root/aerostack2_ws/install/rmf_demos_gz_classic:/root/aerostack2_ws/install/rmf_demos_gz:/root/aerostack2_ws/install/rmf_demos:/root/aerostack2_ws/install/rmf_demos_maps:/root/aerostack2_ws/install/aerostack2:/root/aerostack2_ws/install/as2_usb_camera_interface:/root/aerostack2_ws/install/as2_state_estimator:/root/aerostack2_ws/install/as2_rviz_plugins:/root/aerostack2_ws/install/as2_realsense_interface:/root/aerostack2_ws/install/as2_platform_multirotor_simulator:/root/aerostack2_ws/install/as2_platform_gazebo:/root/aerostack2_ws/install/as2_motion_controller:/root/aerostack2_ws/install/as2_behaviors_trajectory_generation:/root/aerostack2_ws/install/as2_behaviors_swarm_flocking:/root/aerostack2_ws/install/as2_behaviors_motion:/root/aerostack2_ws/install/as2_motion_reference_handlers:/root/aerostack2_ws/install/as2_map_server:/root/aerostack2_ws/install/as2_geozones:/root/aerostack2_ws/install/as2_gazebo_assets:/root/aerostack2_ws/install/as2_external_object_to_tf:/root/aerostack2_ws/install/as2_behaviors_platform:/root/aerostack2_ws/install/as2_behaviors_perception:/root/aerostack2_ws/install/as2_behaviors_path_planning:/root/aerostack2_ws/install/as2_behavior_tree:/root/aerostack2_ws/install/as2_behavior:/root/aerostack2_ws/install/as2_alphanumeric_viewer:/root/aerostack2_ws/install/as2_cli:/root/aerostack2_ws/install/rmf_demos_tasks:/root/aerostack2_ws/install/rmf_demos_panel:/root/aerostack2_ws/install/rmf_demos_fleet_adapter:/root/aerostack2_ws/install/rmf_demos_dashboard_resources:/root/aerostack2_ws/install/rmf_demos_bridges:/root/aerostack2_ws/install/rmf_demos_assets:/root/aerostack2_ws/install/as2_visualization:/root/aerostack2_ws/install/as2_swarm_perception:/root/aerostack2_ws/install/as2_swarm_fusion_ci:/root/aerostack2_ws/install/as2_swarm_ekf:/root/aerostack2_ws/install/as2_keyboard_teleoperation:/root/aerostack2_ws/install/as2_python_api:/root/aerostack2_ws/install/as2_project_bringup:/root/aerostack2_ws/install/as2_perception:/root/aerostack2_ws/install/as2_groundray_perception:/opt/ros/humble LD_LIBRARY_PATH=/root/aerostack2_ws/install/as2_core/lib:/root/aerostack2_ws/install/as2_msgs/lib:/root/aerostack2_ws/install/as2_state_estimator/lib:/root/aerostack2_ws/install/as2_python_api/lib:/root/aerostack2_ws/install/as2_motion_controller/lib:/root/aerostack2_ws/install/as2_behaviors_trajectory_generation/lib:/root/aerostack2_ws/install/as2_behaviors_swarm_flocking/lib:/root/aerostack2_ws/install/as2_behaviors_motion/lib:/root/aerostack2_ws/install/as2_motion_reference_handlers/lib:/root/aerostack2_ws/install/as2_map_server/lib:/root/aerostack2_ws/install/as2_gazebo_assets/lib:/root/aerostack2_ws/install/as2_behaviors_perception/lib:/root/aerostack2_ws/install/as2_behaviors_path_planning/lib:/root/aerostack2_ws/install/as2_behavior_tree/lib:/root/aerostack2_ws/install/as2_behavior/lib:/opt/ros/humble/opt/rviz_ogre_vendor/lib:/opt/ros/humble/lib/x86_64-linux-gnu:/opt/ros/humble/lib /usr/bin/cmake --build /root/aerostack2_ws/build/as2_gazebo_assets -- -j8 -l8
[5.921s] DEBUG:colcon.colcon_core.event_handler.log_command:Invoking command in '/root/aerostack2_ws/build/as2_gazebo_assets': CMAKE_PREFIX_PATH=/root/aerostack2_ws/install/as2_core:/root/aerostack2_ws/install/as2_msgs:/root/aerostack2_ws/install/rmf_demos_gz_classic:/root/aerostack2_ws/install/rmf_demos_gz:/root/aerostack2_ws/install/rmf_demos:/root/aerostack2_ws/install/rmf_demos_maps:/root/aerostack2_ws/install/aerostack2:/root/aerostack2_ws/install/as2_usb_camera_interface:/root/aerostack2_ws/install/as2_state_estimator:/root/aerostack2_ws/install/as2_rviz_plugins:/root/aerostack2_ws/install/as2_realsense_interface:/root/aerostack2_ws/install/as2_platform_multirotor_simulator:/root/aerostack2_ws/install/as2_platform_gazebo:/root/aerostack2_ws/install/as2_motion_controller:/root/aerostack2_ws/install/as2_behaviors_trajectory_generation:/root/aerostack2_ws/install/as2_behaviors_swarm_flocking:/root/aerostack2_ws/install/as2_behaviors_motion:/root/aerostack2_ws/install/as2_motion_reference_handlers:/root/aerostack2_ws/install/as2_map_server:/root/aerostack2_ws/install/as2_geozones:/root/aerostack2_ws/install/as2_gazebo_assets:/root/aerostack2_ws/install/as2_external_object_to_tf:/root/aerostack2_ws/install/as2_behaviors_platform:/root/aerostack2_ws/install/as2_behaviors_perception:/root/aerostack2_ws/install/as2_behaviors_path_planning:/root/aerostack2_ws/install/as2_behavior_tree:/root/aerostack2_ws/install/as2_behavior:/root/aerostack2_ws/install/as2_alphanumeric_viewer:/root/aerostack2_ws/install/as2_cli:/root/aerostack2_ws/install/rmf_demos_tasks:/root/aerostack2_ws/install/rmf_demos_panel:/root/aerostack2_ws/install/rmf_demos_fleet_adapter:/root/aerostack2_ws/install/rmf_demos_dashboard_resources:/root/aerostack2_ws/install/rmf_demos_bridges:/root/aerostack2_ws/install/rmf_demos_assets:/root/aerostack2_ws/install/as2_visualization:/root/aerostack2_ws/install/as2_swarm_perception:/root/aerostack2_ws/install/as2_swarm_fusion_ci:/root/aerostack2_ws/install/as2_swarm_ekf:/root/aerostack2_ws/install/as2_keyboard_teleoperation:/root/aerostack2_ws/install/as2_python_api:/root/aerostack2_ws/install/as2_project_bringup:/root/aerostack2_ws/install/as2_perception:/root/aerostack2_ws/install/as2_groundray_perception:/opt/ros/humble LD_LIBRARY_PATH=/root/aerostack2_ws/install/as2_core/lib:/root/aerostack2_ws/install/as2_msgs/lib:/root/aerostack2_ws/install/as2_state_estimator/lib:/root/aerostack2_ws/install/as2_python_api/lib:/root/aerostack2_ws/install/as2_motion_controller/lib:/root/aerostack2_ws/install/as2_behaviors_trajectory_generation/lib:/root/aerostack2_ws/install/as2_behaviors_swarm_flocking/lib:/root/aerostack2_ws/install/as2_behaviors_motion/lib:/root/aerostack2_ws/install/as2_motion_reference_handlers/lib:/root/aerostack2_ws/install/as2_map_server/lib:/root/aerostack2_ws/install/as2_gazebo_assets/lib:/root/aerostack2_ws/install/as2_behaviors_perception/lib:/root/aerostack2_ws/install/as2_behaviors_path_planning/lib:/root/aerostack2_ws/install/as2_behavior_tree/lib:/root/aerostack2_ws/install/as2_behavior/lib:/opt/ros/humble/opt/rviz_ogre_vendor/lib:/opt/ros/humble/lib/x86_64-linux-gnu:/opt/ros/humble/lib /usr/bin/cmake --install /root/aerostack2_ws/build/as2_gazebo_assets
[5.925s] Level 1:colcon.colcon_core.environment:create_environment_scripts_only(as2_realsense_interface)
[5.925s] DEBUG:colcon.colcon_core.event_handler.log_command:Invoked command in '/root/aerostack2_ws/build/as2_realsense_interface' returned '0': CMAKE_PREFIX_PATH=/root/aerostack2_ws/install/as2_core:/root/aerostack2_ws/install/as2_msgs:/root/aerostack2_ws/install/rmf_demos_gz_classic:/root/aerostack2_ws/install/rmf_demos_gz:/root/aerostack2_ws/install/rmf_demos:/root/aerostack2_ws/install/rmf_demos_maps:/root/aerostack2_ws/install/aerostack2:/root/aerostack2_ws/install/as2_usb_camera_interface:/root/aerostack2_ws/install/as2_state_estimator:/root/aerostack2_ws/install/as2_rviz_plugins:/root/aerostack2_ws/install/as2_realsense_interface:/root/aerostack2_ws/install/as2_platform_multirotor_simulator:/root/aerostack2_ws/install/as2_platform_gazebo:/root/aerostack2_ws/install/as2_motion_controller:/root/aerostack2_ws/install/as2_behaviors_trajectory_generation:/root/aerostack2_ws/install/as2_behaviors_swarm_flocking:/root/aerostack2_ws/install/as2_behaviors_motion:/root/aerostack2_ws/install/as2_motion_reference_handlers:/root/aerostack2_ws/install/as2_map_server:/root/aerostack2_ws/install/as2_geozones:/root/aerostack2_ws/install/as2_gazebo_assets:/root/aerostack2_ws/install/as2_external_object_to_tf:/root/aerostack2_ws/install/as2_behaviors_platform:/root/aerostack2_ws/install/as2_behaviors_perception:/root/aerostack2_ws/install/as2_behaviors_path_planning:/root/aerostack2_ws/install/as2_behavior_tree:/root/aerostack2_ws/install/as2_behavior:/root/aerostack2_ws/install/as2_alphanumeric_viewer:/root/aerostack2_ws/install/as2_cli:/root/aerostack2_ws/install/rmf_demos_tasks:/root/aerostack2_ws/install/rmf_demos_panel:/root/aerostack2_ws/install/rmf_demos_fleet_adapter:/root/aerostack2_ws/install/rmf_demos_dashboard_resources:/root/aerostack2_ws/install/rmf_demos_bridges:/root/aerostack2_ws/install/rmf_demos_assets:/root/aerostack2_ws/install/as2_visualization:/root/aerostack2_ws/install/as2_swarm_perception:/root/aerostack2_ws/install/as2_swarm_fusion_ci:/root/aerostack2_ws/install/as2_swarm_ekf:/root/aerostack2_ws/install/as2_keyboard_teleoperation:/root/aerostack2_ws/install/as2_python_api:/root/aerostack2_ws/install/as2_project_bringup:/root/aerostack2_ws/install/as2_perception:/root/aerostack2_ws/install/as2_groundray_perception:/opt/ros/humble LD_LIBRARY_PATH=/root/aerostack2_ws/install/as2_core/lib:/root/aerostack2_ws/install/as2_msgs/lib:/root/aerostack2_ws/install/as2_state_estimator/lib:/root/aerostack2_ws/install/as2_python_api/lib:/root/aerostack2_ws/install/as2_motion_controller/lib:/root/aerostack2_ws/install/as2_behaviors_trajectory_generation/lib:/root/aerostack2_ws/install/as2_behaviors_swarm_flocking/lib:/root/aerostack2_ws/install/as2_behaviors_motion/lib:/root/aerostack2_ws/install/as2_motion_reference_handlers/lib:/root/aerostack2_ws/install/as2_map_server/lib:/root/aerostack2_ws/install/as2_gazebo_assets/lib:/root/aerostack2_ws/install/as2_behaviors_perception/lib:/root/aerostack2_ws/install/as2_behaviors_path_planning/lib:/root/aerostack2_ws/install/as2_behavior_tree/lib:/root/aerostack2_ws/install/as2_behavior/lib:/opt/ros/humble/opt/rviz_ogre_vendor/lib:/opt/ros/humble/lib/x86_64-linux-gnu:/opt/ros/humble/lib /usr/bin/cmake --install /root/aerostack2_ws/build/as2_realsense_interface
[5.926s] Level 1:colcon.colcon_core.environment:checking '/root/aerostack2_ws/install/as2_realsense_interface' for CMake module files
[5.926s] Level 1:colcon.colcon_core.environment:checking '/root/aerostack2_ws/install/as2_realsense_interface' for CMake config files
[5.927s] Level 1:colcon.colcon_core.shell:create_environment_hook('as2_realsense_interface', 'cmake_prefix_path')
[5.927s] INFO:colcon.colcon_core.shell:Creating environment hook '/root/aerostack2_ws/install/as2_realsense_interface/share/as2_realsense_interface/hook/cmake_prefix_path.ps1'
[5.928s] INFO:colcon.colcon_core.shell:Creating environment descriptor '/root/aerostack2_ws/install/as2_realsense_interface/share/as2_realsense_interface/hook/cmake_prefix_path.dsv'
[5.928s] INFO:colcon.colcon_core.shell:Creating environment hook '/root/aerostack2_ws/install/as2_realsense_interface/share/as2_realsense_interface/hook/cmake_prefix_path.sh'
[5.929s] Level 1:colcon.colcon_core.environment:checking '/root/aerostack2_ws/install/as2_realsense_interface/lib'
[5.929s] Level 1:colcon.colcon_core.environment:checking '/root/aerostack2_ws/install/as2_realsense_interface/bin'
[5.929s] Level 1:colcon.colcon_core.environment:checking '/root/aerostack2_ws/install/as2_realsense_interface/lib/pkgconfig/as2_realsense_interface.pc'
[5.929s] Level 1:colcon.colcon_core.environment:checking '/root/aerostack2_ws/install/as2_realsense_interface/lib/python3.10/site-packages'
[5.929s] Level 1:colcon.colcon_core.environment:checking '/root/aerostack2_ws/install/as2_realsense_interface/bin'
[5.930s] INFO:colcon.colcon_core.shell:Creating package script '/root/aerostack2_ws/install/as2_realsense_interface/share/as2_realsense_interface/package.ps1'
[5.931s] INFO:colcon.colcon_core.shell:Creating package descriptor '/root/aerostack2_ws/install/as2_realsense_interface/share/as2_realsense_interface/package.dsv'
[5.932s] INFO:colcon.colcon_core.shell:Creating package script '/root/aerostack2_ws/install/as2_realsense_interface/share/as2_realsense_interface/package.sh'
[5.932s] INFO:colcon.colcon_core.shell:Creating package script '/root/aerostack2_ws/install/as2_realsense_interface/share/as2_realsense_interface/package.bash'
[5.933s] INFO:colcon.colcon_core.shell:Creating package script '/root/aerostack2_ws/install/as2_realsense_interface/share/as2_realsense_interface/package.zsh'
[5.933s] Level 1:colcon.colcon_core.environment:create_file_with_runtime_dependencies(/root/aerostack2_ws/install/as2_realsense_interface/share/colcon-core/packages/as2_realsense_interface)
[5.934s] Level 1:colcon.colcon_core.environment:create_environment_scripts_only(as2_realsense_interface)
[5.934s] Level 1:colcon.colcon_core.environment:checking '/root/aerostack2_ws/install/as2_realsense_interface' for CMake module files
[5.935s] Level 1:colcon.colcon_core.environment:checking '/root/aerostack2_ws/install/as2_realsense_interface' for CMake config files
[5.935s] Level 1:colcon.colcon_core.shell:create_environment_hook('as2_realsense_interface', 'cmake_prefix_path')
[5.936s] INFO:colcon.colcon_core.shell:Creating environment hook '/root/aerostack2_ws/install/as2_realsense_interface/share/as2_realsense_interface/hook/cmake_prefix_path.ps1'
[5.936s] INFO:colcon.colcon_core.shell:Creating environment descriptor '/root/aerostack2_ws/install/as2_realsense_interface/share/as2_realsense_interface/hook/cmake_prefix_path.dsv'
[5.936s] INFO:colcon.colcon_core.shell:Creating environment hook '/root/aerostack2_ws/install/as2_realsense_interface/share/as2_realsense_interface/hook/cmake_prefix_path.sh'
[5.937s] Level 1:colcon.colcon_core.environment:checking '/root/aerostack2_ws/install/as2_realsense_interface/lib'
[5.937s] Level 1:colcon.colcon_core.environment:checking '/root/aerostack2_ws/install/as2_realsense_interface/bin'
[5.937s] Level 1:colcon.colcon_core.environment:checking '/root/aerostack2_ws/install/as2_realsense_interface/lib/pkgconfig/as2_realsense_interface.pc'
[5.938s] Level 1:colcon.colcon_core.environment:checking '/root/aerostack2_ws/install/as2_realsense_interface/lib/python3.10/site-packages'
[5.938s] Level 1:colcon.colcon_core.environment:checking '/root/aerostack2_ws/install/as2_realsense_interface/bin'
[5.938s] INFO:colcon.colcon_core.shell:Creating package script '/root/aerostack2_ws/install/as2_realsense_interface/share/as2_realsense_interface/package.ps1'
[5.939s] INFO:colcon.colcon_core.shell:Creating package descriptor '/root/aerostack2_ws/install/as2_realsense_interface/share/as2_realsense_interface/package.dsv'
[5.940s] INFO:colcon.colcon_core.shell:Creating package script '/root/aerostack2_ws/install/as2_realsense_interface/share/as2_realsense_interface/package.sh'
[5.940s] INFO:colcon.colcon_core.shell:Creating package script '/root/aerostack2_ws/install/as2_realsense_interface/share/as2_realsense_interface/package.bash'
[5.940s] INFO:colcon.colcon_core.shell:Creating package script '/root/aerostack2_ws/install/as2_realsense_interface/share/as2_realsense_interface/package.zsh'
[5.941s] Level 1:colcon.colcon_core.environment:create_file_with_runtime_dependencies(/root/aerostack2_ws/install/as2_realsense_interface/share/colcon-core/packages/as2_realsense_interface)
[5.941s] INFO:colcon.colcon_ros.task.ament_cmake.build:Building ROS package in '/root/aerostack2_ws/src/aerostack2/as2_behaviors/as2_behaviors_motion' with build type 'ament_cmake'
[5.942s] INFO:colcon.colcon_cmake.task.cmake.build:Building CMake package in '/root/aerostack2_ws/src/aerostack2/as2_behaviors/as2_behaviors_motion'
[5.942s] INFO:colcon.colcon_core.shell:Skip shell extension 'powershell' for command environment: Not usable outside of PowerShell
[5.942s] DEBUG:colcon.colcon_core.shell:Skip shell extension 'dsv' for command environment
[5.955s] DEBUG:colcon.colcon_core.event_handler.log_command:Invoked command in '/root/aerostack2_ws/build/as2_behaviors_path_planning' returned '0': CMAKE_PREFIX_PATH=/root/aerostack2_ws/install/as2_behavior:/root/aerostack2_ws/install/as2_core:/root/aerostack2_ws/install/as2_msgs:/root/aerostack2_ws/install/rmf_demos_gz_classic:/root/aerostack2_ws/install/rmf_demos_gz:/root/aerostack2_ws/install/rmf_demos:/root/aerostack2_ws/install/rmf_demos_maps:/root/aerostack2_ws/install/aerostack2:/root/aerostack2_ws/install/as2_usb_camera_interface:/root/aerostack2_ws/install/as2_state_estimator:/root/aerostack2_ws/install/as2_rviz_plugins:/root/aerostack2_ws/install/as2_realsense_interface:/root/aerostack2_ws/install/as2_platform_multirotor_simulator:/root/aerostack2_ws/install/as2_platform_gazebo:/root/aerostack2_ws/install/as2_motion_controller:/root/aerostack2_ws/install/as2_behaviors_trajectory_generation:/root/aerostack2_ws/install/as2_behaviors_swarm_flocking:/root/aerostack2_ws/install/as2_behaviors_motion:/root/aerostack2_ws/install/as2_motion_reference_handlers:/root/aerostack2_ws/install/as2_map_server:/root/aerostack2_ws/install/as2_geozones:/root/aerostack2_ws/install/as2_gazebo_assets:/root/aerostack2_ws/install/as2_external_object_to_tf:/root/aerostack2_ws/install/as2_behaviors_platform:/root/aerostack2_ws/install/as2_behaviors_perception:/root/aerostack2_ws/install/as2_behaviors_path_planning:/root/aerostack2_ws/install/as2_behavior_tree:/root/aerostack2_ws/install/as2_alphanumeric_viewer:/root/aerostack2_ws/install/as2_cli:/root/aerostack2_ws/install/rmf_demos_tasks:/root/aerostack2_ws/install/rmf_demos_panel:/root/aerostack2_ws/install/rmf_demos_fleet_adapter:/root/aerostack2_ws/install/rmf_demos_dashboard_resources:/root/aerostack2_ws/install/rmf_demos_bridges:/root/aerostack2_ws/install/rmf_demos_assets:/root/aerostack2_ws/install/as2_visualization:/root/aerostack2_ws/install/as2_swarm_perception:/root/aerostack2_ws/install/as2_swarm_fusion_ci:/root/aerostack2_ws/install/as2_swarm_ekf:/root/aerostack2_ws/install/as2_keyboard_teleoperation:/root/aerostack2_ws/install/as2_python_api:/root/aerostack2_ws/install/as2_project_bringup:/root/aerostack2_ws/install/as2_perception:/root/aerostack2_ws/install/as2_groundray_perception:/opt/ros/humble LD_LIBRARY_PATH=/root/aerostack2_ws/install/as2_behavior/lib:/root/aerostack2_ws/install/as2_core/lib:/root/aerostack2_ws/install/as2_msgs/lib:/root/aerostack2_ws/install/as2_state_estimator/lib:/root/aerostack2_ws/install/as2_python_api/lib:/root/aerostack2_ws/install/as2_motion_controller/lib:/root/aerostack2_ws/install/as2_behaviors_trajectory_generation/lib:/root/aerostack2_ws/install/as2_behaviors_swarm_flocking/lib:/root/aerostack2_ws/install/as2_behaviors_motion/lib:/root/aerostack2_ws/install/as2_motion_reference_handlers/lib:/root/aerostack2_ws/install/as2_map_server/lib:/root/aerostack2_ws/install/as2_gazebo_assets/lib:/root/aerostack2_ws/install/as2_behaviors_perception/lib:/root/aerostack2_ws/install/as2_behaviors_path_planning/lib:/root/aerostack2_ws/install/as2_behavior_tree/lib:/opt/ros/humble/opt/rviz_ogre_vendor/lib:/opt/ros/humble/lib/x86_64-linux-gnu:/opt/ros/humble/lib /usr/bin/cmake --build /root/aerostack2_ws/build/as2_behaviors_path_planning -- -j8 -l8
[5.957s] DEBUG:colcon.colcon_core.event_handler.log_command:Invoking command in '/root/aerostack2_ws/build/as2_behaviors_path_planning': CMAKE_PREFIX_PATH=/root/aerostack2_ws/install/as2_behavior:/root/aerostack2_ws/install/as2_core:/root/aerostack2_ws/install/as2_msgs:/root/aerostack2_ws/install/rmf_demos_gz_classic:/root/aerostack2_ws/install/rmf_demos_gz:/root/aerostack2_ws/install/rmf_demos:/root/aerostack2_ws/install/rmf_demos_maps:/root/aerostack2_ws/install/aerostack2:/root/aerostack2_ws/install/as2_usb_camera_interface:/root/aerostack2_ws/install/as2_state_estimator:/root/aerostack2_ws/install/as2_rviz_plugins:/root/aerostack2_ws/install/as2_realsense_interface:/root/aerostack2_ws/install/as2_platform_multirotor_simulator:/root/aerostack2_ws/install/as2_platform_gazebo:/root/aerostack2_ws/install/as2_motion_controller:/root/aerostack2_ws/install/as2_behaviors_trajectory_generation:/root/aerostack2_ws/install/as2_behaviors_swarm_flocking:/root/aerostack2_ws/install/as2_behaviors_motion:/root/aerostack2_ws/install/as2_motion_reference_handlers:/root/aerostack2_ws/install/as2_map_server:/root/aerostack2_ws/install/as2_geozones:/root/aerostack2_ws/install/as2_gazebo_assets:/root/aerostack2_ws/install/as2_external_object_to_tf:/root/aerostack2_ws/install/as2_behaviors_platform:/root/aerostack2_ws/install/as2_behaviors_perception:/root/aerostack2_ws/install/as2_behaviors_path_planning:/root/aerostack2_ws/install/as2_behavior_tree:/root/aerostack2_ws/install/as2_alphanumeric_viewer:/root/aerostack2_ws/install/as2_cli:/root/aerostack2_ws/install/rmf_demos_tasks:/root/aerostack2_ws/install/rmf_demos_panel:/root/aerostack2_ws/install/rmf_demos_fleet_adapter:/root/aerostack2_ws/install/rmf_demos_dashboard_resources:/root/aerostack2_ws/install/rmf_demos_bridges:/root/aerostack2_ws/install/rmf_demos_assets:/root/aerostack2_ws/install/as2_visualization:/root/aerostack2_ws/install/as2_swarm_perception:/root/aerostack2_ws/install/as2_swarm_fusion_ci:/root/aerostack2_ws/install/as2_swarm_ekf:/root/aerostack2_ws/install/as2_keyboard_teleoperation:/root/aerostack2_ws/install/as2_python_api:/root/aerostack2_ws/install/as2_project_bringup:/root/aerostack2_ws/install/as2_perception:/root/aerostack2_ws/install/as2_groundray_perception:/opt/ros/humble LD_LIBRARY_PATH=/root/aerostack2_ws/install/as2_behavior/lib:/root/aerostack2_ws/install/as2_core/lib:/root/aerostack2_ws/install/as2_msgs/lib:/root/aerostack2_ws/install/as2_state_estimator/lib:/root/aerostack2_ws/install/as2_python_api/lib:/root/aerostack2_ws/install/as2_motion_controller/lib:/root/aerostack2_ws/install/as2_behaviors_trajectory_generation/lib:/root/aerostack2_ws/install/as2_behaviors_swarm_flocking/lib:/root/aerostack2_ws/install/as2_behaviors_motion/lib:/root/aerostack2_ws/install/as2_motion_reference_handlers/lib:/root/aerostack2_ws/install/as2_map_server/lib:/root/aerostack2_ws/install/as2_gazebo_assets/lib:/root/aerostack2_ws/install/as2_behaviors_perception/lib:/root/aerostack2_ws/install/as2_behaviors_path_planning/lib:/root/aerostack2_ws/install/as2_behavior_tree/lib:/opt/ros/humble/opt/rviz_ogre_vendor/lib:/opt/ros/humble/lib/x86_64-linux-gnu:/opt/ros/humble/lib /usr/bin/cmake --install /root/aerostack2_ws/build/as2_behaviors_path_planning
[5.965s] DEBUG:colcon.colcon_core.event_handler.log_command:Invoked command in '/root/aerostack2_ws/build/as2_platform_multirotor_simulator' returned '0': CMAKE_PREFIX_PATH=/root/aerostack2_ws/install/as2_core:/root/aerostack2_ws/install/as2_msgs:/root/aerostack2_ws/install/rmf_demos_gz_classic:/root/aerostack2_ws/install/rmf_demos_gz:/root/aerostack2_ws/install/rmf_demos:/root/aerostack2_ws/install/rmf_demos_maps:/root/aerostack2_ws/install/aerostack2:/root/aerostack2_ws/install/as2_usb_camera_interface:/root/aerostack2_ws/install/as2_state_estimator:/root/aerostack2_ws/install/as2_rviz_plugins:/root/aerostack2_ws/install/as2_realsense_interface:/root/aerostack2_ws/install/as2_platform_multirotor_simulator:/root/aerostack2_ws/install/as2_platform_gazebo:/root/aerostack2_ws/install/as2_motion_controller:/root/aerostack2_ws/install/as2_behaviors_trajectory_generation:/root/aerostack2_ws/install/as2_behaviors_swarm_flocking:/root/aerostack2_ws/install/as2_behaviors_motion:/root/aerostack2_ws/install/as2_motion_reference_handlers:/root/aerostack2_ws/install/as2_map_server:/root/aerostack2_ws/install/as2_geozones:/root/aerostack2_ws/install/as2_gazebo_assets:/root/aerostack2_ws/install/as2_external_object_to_tf:/root/aerostack2_ws/install/as2_behaviors_platform:/root/aerostack2_ws/install/as2_behaviors_perception:/root/aerostack2_ws/install/as2_behaviors_path_planning:/root/aerostack2_ws/install/as2_behavior_tree:/root/aerostack2_ws/install/as2_behavior:/root/aerostack2_ws/install/as2_alphanumeric_viewer:/root/aerostack2_ws/install/as2_cli:/root/aerostack2_ws/install/rmf_demos_tasks:/root/aerostack2_ws/install/rmf_demos_panel:/root/aerostack2_ws/install/rmf_demos_fleet_adapter:/root/aerostack2_ws/install/rmf_demos_dashboard_resources:/root/aerostack2_ws/install/rmf_demos_bridges:/root/aerostack2_ws/install/rmf_demos_assets:/root/aerostack2_ws/install/as2_visualization:/root/aerostack2_ws/install/as2_swarm_perception:/root/aerostack2_ws/install/as2_swarm_fusion_ci:/root/aerostack2_ws/install/as2_swarm_ekf:/root/aerostack2_ws/install/as2_keyboard_teleoperation:/root/aerostack2_ws/install/as2_python_api:/root/aerostack2_ws/install/as2_project_bringup:/root/aerostack2_ws/install/as2_perception:/root/aerostack2_ws/install/as2_groundray_perception:/opt/ros/humble LD_LIBRARY_PATH=/root/aerostack2_ws/install/as2_core/lib:/root/aerostack2_ws/install/as2_msgs/lib:/root/aerostack2_ws/install/as2_state_estimator/lib:/root/aerostack2_ws/install/as2_python_api/lib:/root/aerostack2_ws/install/as2_motion_controller/lib:/root/aerostack2_ws/install/as2_behaviors_trajectory_generation/lib:/root/aerostack2_ws/install/as2_behaviors_swarm_flocking/lib:/root/aerostack2_ws/install/as2_behaviors_motion/lib:/root/aerostack2_ws/install/as2_motion_reference_handlers/lib:/root/aerostack2_ws/install/as2_map_server/lib:/root/aerostack2_ws/install/as2_gazebo_assets/lib:/root/aerostack2_ws/install/as2_behaviors_perception/lib:/root/aerostack2_ws/install/as2_behaviors_path_planning/lib:/root/aerostack2_ws/install/as2_behavior_tree/lib:/root/aerostack2_ws/install/as2_behavior/lib:/opt/ros/humble/opt/rviz_ogre_vendor/lib:/opt/ros/humble/lib/x86_64-linux-gnu:/opt/ros/humble/lib /usr/bin/cmake --build /root/aerostack2_ws/build/as2_platform_multirotor_simulator -- -j8 -l8
[5.966s] DEBUG:colcon.colcon_core.event_handler.log_command:Invoking command in '/root/aerostack2_ws/build/as2_platform_multirotor_simulator': CMAKE_PREFIX_PATH=/root/aerostack2_ws/install/as2_core:/root/aerostack2_ws/install/as2_msgs:/root/aerostack2_ws/install/rmf_demos_gz_classic:/root/aerostack2_ws/install/rmf_demos_gz:/root/aerostack2_ws/install/rmf_demos:/root/aerostack2_ws/install/rmf_demos_maps:/root/aerostack2_ws/install/aerostack2:/root/aerostack2_ws/install/as2_usb_camera_interface:/root/aerostack2_ws/install/as2_state_estimator:/root/aerostack2_ws/install/as2_rviz_plugins:/root/aerostack2_ws/install/as2_realsense_interface:/root/aerostack2_ws/install/as2_platform_multirotor_simulator:/root/aerostack2_ws/install/as2_platform_gazebo:/root/aerostack2_ws/install/as2_motion_controller:/root/aerostack2_ws/install/as2_behaviors_trajectory_generation:/root/aerostack2_ws/install/as2_behaviors_swarm_flocking:/root/aerostack2_ws/install/as2_behaviors_motion:/root/aerostack2_ws/install/as2_motion_reference_handlers:/root/aerostack2_ws/install/as2_map_server:/root/aerostack2_ws/install/as2_geozones:/root/aerostack2_ws/install/as2_gazebo_assets:/root/aerostack2_ws/install/as2_external_object_to_tf:/root/aerostack2_ws/install/as2_behaviors_platform:/root/aerostack2_ws/install/as2_behaviors_perception:/root/aerostack2_ws/install/as2_behaviors_path_planning:/root/aerostack2_ws/install/as2_behavior_tree:/root/aerostack2_ws/install/as2_behavior:/root/aerostack2_ws/install/as2_alphanumeric_viewer:/root/aerostack2_ws/install/as2_cli:/root/aerostack2_ws/install/rmf_demos_tasks:/root/aerostack2_ws/install/rmf_demos_panel:/root/aerostack2_ws/install/rmf_demos_fleet_adapter:/root/aerostack2_ws/install/rmf_demos_dashboard_resources:/root/aerostack2_ws/install/rmf_demos_bridges:/root/aerostack2_ws/install/rmf_demos_assets:/root/aerostack2_ws/install/as2_visualization:/root/aerostack2_ws/install/as2_swarm_perception:/root/aerostack2_ws/install/as2_swarm_fusion_ci:/root/aerostack2_ws/install/as2_swarm_ekf:/root/aerostack2_ws/install/as2_keyboard_teleoperation:/root/aerostack2_ws/install/as2_python_api:/root/aerostack2_ws/install/as2_project_bringup:/root/aerostack2_ws/install/as2_perception:/root/aerostack2_ws/install/as2_groundray_perception:/opt/ros/humble LD_LIBRARY_PATH=/root/aerostack2_ws/install/as2_core/lib:/root/aerostack2_ws/install/as2_msgs/lib:/root/aerostack2_ws/install/as2_state_estimator/lib:/root/aerostack2_ws/install/as2_python_api/lib:/root/aerostack2_ws/install/as2_motion_controller/lib:/root/aerostack2_ws/install/as2_behaviors_trajectory_generation/lib:/root/aerostack2_ws/install/as2_behaviors_swarm_flocking/lib:/root/aerostack2_ws/install/as2_behaviors_motion/lib:/root/aerostack2_ws/install/as2_motion_reference_handlers/lib:/root/aerostack2_ws/install/as2_map_server/lib:/root/aerostack2_ws/install/as2_gazebo_assets/lib:/root/aerostack2_ws/install/as2_behaviors_perception/lib:/root/aerostack2_ws/install/as2_behaviors_path_planning/lib:/root/aerostack2_ws/install/as2_behavior_tree/lib:/root/aerostack2_ws/install/as2_behavior/lib:/opt/ros/humble/opt/rviz_ogre_vendor/lib:/opt/ros/humble/lib/x86_64-linux-gnu:/opt/ros/humble/lib /usr/bin/cmake --install /root/aerostack2_ws/build/as2_platform_multirotor_simulator
[6.166s] INFO:colcon.colcon_core.task.python.build:Building Python package in '/root/aerostack2_ws/src/aerostack2/as2_python_api'
[6.167s] INFO:colcon.colcon_core.shell:Skip shell extension 'powershell' for command environment: Not usable outside of PowerShell
[6.167s] DEBUG:colcon.colcon_core.shell:Skip shell extension 'dsv' for command environment
[6.172s] DEBUG:colcon.colcon_core.event_handler.log_command:Invoked command in '/root/aerostack2_ws/build/as2_behaviors_perception' returned '0': CMAKE_PREFIX_PATH=/root/aerostack2_ws/install/as2_behavior:/root/aerostack2_ws/install/as2_core:/root/aerostack2_ws/install/as2_msgs:/root/aerostack2_ws/install/rmf_demos_gz_classic:/root/aerostack2_ws/install/rmf_demos_gz:/root/aerostack2_ws/install/rmf_demos:/root/aerostack2_ws/install/rmf_demos_maps:/root/aerostack2_ws/install/aerostack2:/root/aerostack2_ws/install/as2_usb_camera_interface:/root/aerostack2_ws/install/as2_state_estimator:/root/aerostack2_ws/install/as2_rviz_plugins:/root/aerostack2_ws/install/as2_realsense_interface:/root/aerostack2_ws/install/as2_platform_multirotor_simulator:/root/aerostack2_ws/install/as2_platform_gazebo:/root/aerostack2_ws/install/as2_motion_controller:/root/aerostack2_ws/install/as2_behaviors_trajectory_generation:/root/aerostack2_ws/install/as2_behaviors_swarm_flocking:/root/aerostack2_ws/install/as2_behaviors_motion:/root/aerostack2_ws/install/as2_motion_reference_handlers:/root/aerostack2_ws/install/as2_map_server:/root/aerostack2_ws/install/as2_geozones:/root/aerostack2_ws/install/as2_gazebo_assets:/root/aerostack2_ws/install/as2_external_object_to_tf:/root/aerostack2_ws/install/as2_behaviors_platform:/root/aerostack2_ws/install/as2_behaviors_perception:/root/aerostack2_ws/install/as2_behaviors_path_planning:/root/aerostack2_ws/install/as2_behavior_tree:/root/aerostack2_ws/install/as2_alphanumeric_viewer:/root/aerostack2_ws/install/as2_cli:/root/aerostack2_ws/install/rmf_demos_tasks:/root/aerostack2_ws/install/rmf_demos_panel:/root/aerostack2_ws/install/rmf_demos_fleet_adapter:/root/aerostack2_ws/install/rmf_demos_dashboard_resources:/root/aerostack2_ws/install/rmf_demos_bridges:/root/aerostack2_ws/install/rmf_demos_assets:/root/aerostack2_ws/install/as2_visualization:/root/aerostack2_ws/install/as2_swarm_perception:/root/aerostack2_ws/install/as2_swarm_fusion_ci:/root/aerostack2_ws/install/as2_swarm_ekf:/root/aerostack2_ws/install/as2_keyboard_teleoperation:/root/aerostack2_ws/install/as2_python_api:/root/aerostack2_ws/install/as2_project_bringup:/root/aerostack2_ws/install/as2_perception:/root/aerostack2_ws/install/as2_groundray_perception:/opt/ros/humble LD_LIBRARY_PATH=/root/aerostack2_ws/install/as2_behavior/lib:/root/aerostack2_ws/install/as2_core/lib:/root/aerostack2_ws/install/as2_msgs/lib:/root/aerostack2_ws/install/as2_state_estimator/lib:/root/aerostack2_ws/install/as2_python_api/lib:/root/aerostack2_ws/install/as2_motion_controller/lib:/root/aerostack2_ws/install/as2_behaviors_trajectory_generation/lib:/root/aerostack2_ws/install/as2_behaviors_swarm_flocking/lib:/root/aerostack2_ws/install/as2_behaviors_motion/lib:/root/aerostack2_ws/install/as2_motion_reference_handlers/lib:/root/aerostack2_ws/install/as2_map_server/lib:/root/aerostack2_ws/install/as2_gazebo_assets/lib:/root/aerostack2_ws/install/as2_behaviors_perception/lib:/root/aerostack2_ws/install/as2_behaviors_path_planning/lib:/root/aerostack2_ws/install/as2_behavior_tree/lib:/opt/ros/humble/opt/rviz_ogre_vendor/lib:/opt/ros/humble/lib/x86_64-linux-gnu:/opt/ros/humble/lib /usr/bin/cmake --build /root/aerostack2_ws/build/as2_behaviors_perception -- -j8 -l8
[6.173s] DEBUG:colcon.colcon_core.event_handler.log_command:Invoking command in '/root/aerostack2_ws/build/as2_behaviors_perception': CMAKE_PREFIX_PATH=/root/aerostack2_ws/install/as2_behavior:/root/aerostack2_ws/install/as2_core:/root/aerostack2_ws/install/as2_msgs:/root/aerostack2_ws/install/rmf_demos_gz_classic:/root/aerostack2_ws/install/rmf_demos_gz:/root/aerostack2_ws/install/rmf_demos:/root/aerostack2_ws/install/rmf_demos_maps:/root/aerostack2_ws/install/aerostack2:/root/aerostack2_ws/install/as2_usb_camera_interface:/root/aerostack2_ws/install/as2_state_estimator:/root/aerostack2_ws/install/as2_rviz_plugins:/root/aerostack2_ws/install/as2_realsense_interface:/root/aerostack2_ws/install/as2_platform_multirotor_simulator:/root/aerostack2_ws/install/as2_platform_gazebo:/root/aerostack2_ws/install/as2_motion_controller:/root/aerostack2_ws/install/as2_behaviors_trajectory_generation:/root/aerostack2_ws/install/as2_behaviors_swarm_flocking:/root/aerostack2_ws/install/as2_behaviors_motion:/root/aerostack2_ws/install/as2_motion_reference_handlers:/root/aerostack2_ws/install/as2_map_server:/root/aerostack2_ws/install/as2_geozones:/root/aerostack2_ws/install/as2_gazebo_assets:/root/aerostack2_ws/install/as2_external_object_to_tf:/root/aerostack2_ws/install/as2_behaviors_platform:/root/aerostack2_ws/install/as2_behaviors_perception:/root/aerostack2_ws/install/as2_behaviors_path_planning:/root/aerostack2_ws/install/as2_behavior_tree:/root/aerostack2_ws/install/as2_alphanumeric_viewer:/root/aerostack2_ws/install/as2_cli:/root/aerostack2_ws/install/rmf_demos_tasks:/root/aerostack2_ws/install/rmf_demos_panel:/root/aerostack2_ws/install/rmf_demos_fleet_adapter:/root/aerostack2_ws/install/rmf_demos_dashboard_resources:/root/aerostack2_ws/install/rmf_demos_bridges:/root/aerostack2_ws/install/rmf_demos_assets:/root/aerostack2_ws/install/as2_visualization:/root/aerostack2_ws/install/as2_swarm_perception:/root/aerostack2_ws/install/as2_swarm_fusion_ci:/root/aerostack2_ws/install/as2_swarm_ekf:/root/aerostack2_ws/install/as2_keyboard_teleoperation:/root/aerostack2_ws/install/as2_python_api:/root/aerostack2_ws/install/as2_project_bringup:/root/aerostack2_ws/install/as2_perception:/root/aerostack2_ws/install/as2_groundray_perception:/opt/ros/humble LD_LIBRARY_PATH=/root/aerostack2_ws/install/as2_behavior/lib:/root/aerostack2_ws/install/as2_core/lib:/root/aerostack2_ws/install/as2_msgs/lib:/root/aerostack2_ws/install/as2_state_estimator/lib:/root/aerostack2_ws/install/as2_python_api/lib:/root/aerostack2_ws/install/as2_motion_controller/lib:/root/aerostack2_ws/install/as2_behaviors_trajectory_generation/lib:/root/aerostack2_ws/install/as2_behaviors_swarm_flocking/lib:/root/aerostack2_ws/install/as2_behaviors_motion/lib:/root/aerostack2_ws/install/as2_motion_reference_handlers/lib:/root/aerostack2_ws/install/as2_map_server/lib:/root/aerostack2_ws/install/as2_gazebo_assets/lib:/root/aerostack2_ws/install/as2_behaviors_perception/lib:/root/aerostack2_ws/install/as2_behaviors_path_planning/lib:/root/aerostack2_ws/install/as2_behavior_tree/lib:/opt/ros/humble/opt/rviz_ogre_vendor/lib:/opt/ros/humble/lib/x86_64-linux-gnu:/opt/ros/humble/lib /usr/bin/cmake --install /root/aerostack2_ws/build/as2_behaviors_perception
[6.175s] DEBUG:colcon.colcon_core.event_handler.log_command:Invoked command in '/root/aerostack2_ws/build/as2_usb_camera_interface' returned '0': CMAKE_PREFIX_PATH=/root/aerostack2_ws/install/as2_core:/root/aerostack2_ws/install/as2_msgs:/root/aerostack2_ws/install/rmf_demos_gz_classic:/root/aerostack2_ws/install/rmf_demos_gz:/root/aerostack2_ws/install/rmf_demos:/root/aerostack2_ws/install/rmf_demos_maps:/root/aerostack2_ws/install/aerostack2:/root/aerostack2_ws/install/as2_usb_camera_interface:/root/aerostack2_ws/install/as2_state_estimator:/root/aerostack2_ws/install/as2_rviz_plugins:/root/aerostack2_ws/install/as2_realsense_interface:/root/aerostack2_ws/install/as2_platform_multirotor_simulator:/root/aerostack2_ws/install/as2_platform_gazebo:/root/aerostack2_ws/install/as2_motion_controller:/root/aerostack2_ws/install/as2_behaviors_trajectory_generation:/root/aerostack2_ws/install/as2_behaviors_swarm_flocking:/root/aerostack2_ws/install/as2_behaviors_motion:/root/aerostack2_ws/install/as2_motion_reference_handlers:/root/aerostack2_ws/install/as2_map_server:/root/aerostack2_ws/install/as2_geozones:/root/aerostack2_ws/install/as2_gazebo_assets:/root/aerostack2_ws/install/as2_external_object_to_tf:/root/aerostack2_ws/install/as2_behaviors_platform:/root/aerostack2_ws/install/as2_behaviors_perception:/root/aerostack2_ws/install/as2_behaviors_path_planning:/root/aerostack2_ws/install/as2_behavior_tree:/root/aerostack2_ws/install/as2_behavior:/root/aerostack2_ws/install/as2_alphanumeric_viewer:/root/aerostack2_ws/install/as2_cli:/root/aerostack2_ws/install/rmf_demos_tasks:/root/aerostack2_ws/install/rmf_demos_panel:/root/aerostack2_ws/install/rmf_demos_fleet_adapter:/root/aerostack2_ws/install/rmf_demos_dashboard_resources:/root/aerostack2_ws/install/rmf_demos_bridges:/root/aerostack2_ws/install/rmf_demos_assets:/root/aerostack2_ws/install/as2_visualization:/root/aerostack2_ws/install/as2_swarm_perception:/root/aerostack2_ws/install/as2_swarm_fusion_ci:/root/aerostack2_ws/install/as2_swarm_ekf:/root/aerostack2_ws/install/as2_keyboard_teleoperation:/root/aerostack2_ws/install/as2_python_api:/root/aerostack2_ws/install/as2_project_bringup:/root/aerostack2_ws/install/as2_perception:/root/aerostack2_ws/install/as2_groundray_perception:/opt/ros/humble LD_LIBRARY_PATH=/root/aerostack2_ws/install/as2_core/lib:/root/aerostack2_ws/install/as2_msgs/lib:/root/aerostack2_ws/install/as2_state_estimator/lib:/root/aerostack2_ws/install/as2_python_api/lib:/root/aerostack2_ws/install/as2_motion_controller/lib:/root/aerostack2_ws/install/as2_behaviors_trajectory_generation/lib:/root/aerostack2_ws/install/as2_behaviors_swarm_flocking/lib:/root/aerostack2_ws/install/as2_behaviors_motion/lib:/root/aerostack2_ws/install/as2_motion_reference_handlers/lib:/root/aerostack2_ws/install/as2_map_server/lib:/root/aerostack2_ws/install/as2_gazebo_assets/lib:/root/aerostack2_ws/install/as2_behaviors_perception/lib:/root/aerostack2_ws/install/as2_behaviors_path_planning/lib:/root/aerostack2_ws/install/as2_behavior_tree/lib:/root/aerostack2_ws/install/as2_behavior/lib:/opt/ros/humble/opt/rviz_ogre_vendor/lib:/opt/ros/humble/lib/x86_64-linux-gnu:/opt/ros/humble/lib /usr/bin/cmake --build /root/aerostack2_ws/build/as2_usb_camera_interface -- -j8 -l8
[6.176s] Level 1:colcon.colcon_core.environment:create_environment_scripts_only(as2_platform_multirotor_simulator)
[6.176s] Level 1:colcon.colcon_core.environment:checking '/root/aerostack2_ws/install/as2_platform_multirotor_simulator' for CMake module files
[6.177s] DEBUG:colcon.colcon_core.event_handler.log_command:Invoking command in '/root/aerostack2_ws/build/as2_usb_camera_interface': CMAKE_PREFIX_PATH=/root/aerostack2_ws/install/as2_core:/root/aerostack2_ws/install/as2_msgs:/root/aerostack2_ws/install/rmf_demos_gz_classic:/root/aerostack2_ws/install/rmf_demos_gz:/root/aerostack2_ws/install/rmf_demos:/root/aerostack2_ws/install/rmf_demos_maps:/root/aerostack2_ws/install/aerostack2:/root/aerostack2_ws/install/as2_usb_camera_interface:/root/aerostack2_ws/install/as2_state_estimator:/root/aerostack2_ws/install/as2_rviz_plugins:/root/aerostack2_ws/install/as2_realsense_interface:/root/aerostack2_ws/install/as2_platform_multirotor_simulator:/root/aerostack2_ws/install/as2_platform_gazebo:/root/aerostack2_ws/install/as2_motion_controller:/root/aerostack2_ws/install/as2_behaviors_trajectory_generation:/root/aerostack2_ws/install/as2_behaviors_swarm_flocking:/root/aerostack2_ws/install/as2_behaviors_motion:/root/aerostack2_ws/install/as2_motion_reference_handlers:/root/aerostack2_ws/install/as2_map_server:/root/aerostack2_ws/install/as2_geozones:/root/aerostack2_ws/install/as2_gazebo_assets:/root/aerostack2_ws/install/as2_external_object_to_tf:/root/aerostack2_ws/install/as2_behaviors_platform:/root/aerostack2_ws/install/as2_behaviors_perception:/root/aerostack2_ws/install/as2_behaviors_path_planning:/root/aerostack2_ws/install/as2_behavior_tree:/root/aerostack2_ws/install/as2_behavior:/root/aerostack2_ws/install/as2_alphanumeric_viewer:/root/aerostack2_ws/install/as2_cli:/root/aerostack2_ws/install/rmf_demos_tasks:/root/aerostack2_ws/install/rmf_demos_panel:/root/aerostack2_ws/install/rmf_demos_fleet_adapter:/root/aerostack2_ws/install/rmf_demos_dashboard_resources:/root/aerostack2_ws/install/rmf_demos_bridges:/root/aerostack2_ws/install/rmf_demos_assets:/root/aerostack2_ws/install/as2_visualization:/root/aerostack2_ws/install/as2_swarm_perception:/root/aerostack2_ws/install/as2_swarm_fusion_ci:/root/aerostack2_ws/install/as2_swarm_ekf:/root/aerostack2_ws/install/as2_keyboard_teleoperation:/root/aerostack2_ws/install/as2_python_api:/root/aerostack2_ws/install/as2_project_bringup:/root/aerostack2_ws/install/as2_perception:/root/aerostack2_ws/install/as2_groundray_perception:/opt/ros/humble LD_LIBRARY_PATH=/root/aerostack2_ws/install/as2_core/lib:/root/aerostack2_ws/install/as2_msgs/lib:/root/aerostack2_ws/install/as2_state_estimator/lib:/root/aerostack2_ws/install/as2_python_api/lib:/root/aerostack2_ws/install/as2_motion_controller/lib:/root/aerostack2_ws/install/as2_behaviors_trajectory_generation/lib:/root/aerostack2_ws/install/as2_behaviors_swarm_flocking/lib:/root/aerostack2_ws/install/as2_behaviors_motion/lib:/root/aerostack2_ws/install/as2_motion_reference_handlers/lib:/root/aerostack2_ws/install/as2_map_server/lib:/root/aerostack2_ws/install/as2_gazebo_assets/lib:/root/aerostack2_ws/install/as2_behaviors_perception/lib:/root/aerostack2_ws/install/as2_behaviors_path_planning/lib:/root/aerostack2_ws/install/as2_behavior_tree/lib:/root/aerostack2_ws/install/as2_behavior/lib:/opt/ros/humble/opt/rviz_ogre_vendor/lib:/opt/ros/humble/lib/x86_64-linux-gnu:/opt/ros/humble/lib /usr/bin/cmake --install /root/aerostack2_ws/build/as2_usb_camera_interface
[6.177s] DEBUG:colcon.colcon_core.event_handler.log_command:Invoked command in '/root/aerostack2_ws/build/as2_platform_multirotor_simulator' returned '0': CMAKE_PREFIX_PATH=/root/aerostack2_ws/install/as2_core:/root/aerostack2_ws/install/as2_msgs:/root/aerostack2_ws/install/rmf_demos_gz_classic:/root/aerostack2_ws/install/rmf_demos_gz:/root/aerostack2_ws/install/rmf_demos:/root/aerostack2_ws/install/rmf_demos_maps:/root/aerostack2_ws/install/aerostack2:/root/aerostack2_ws/install/as2_usb_camera_interface:/root/aerostack2_ws/install/as2_state_estimator:/root/aerostack2_ws/install/as2_rviz_plugins:/root/aerostack2_ws/install/as2_realsense_interface:/root/aerostack2_ws/install/as2_platform_multirotor_simulator:/root/aerostack2_ws/install/as2_platform_gazebo:/root/aerostack2_ws/install/as2_motion_controller:/root/aerostack2_ws/install/as2_behaviors_trajectory_generation:/root/aerostack2_ws/install/as2_behaviors_swarm_flocking:/root/aerostack2_ws/install/as2_behaviors_motion:/root/aerostack2_ws/install/as2_motion_reference_handlers:/root/aerostack2_ws/install/as2_map_server:/root/aerostack2_ws/install/as2_geozones:/root/aerostack2_ws/install/as2_gazebo_assets:/root/aerostack2_ws/install/as2_external_object_to_tf:/root/aerostack2_ws/install/as2_behaviors_platform:/root/aerostack2_ws/install/as2_behaviors_perception:/root/aerostack2_ws/install/as2_behaviors_path_planning:/root/aerostack2_ws/install/as2_behavior_tree:/root/aerostack2_ws/install/as2_behavior:/root/aerostack2_ws/install/as2_alphanumeric_viewer:/root/aerostack2_ws/install/as2_cli:/root/aerostack2_ws/install/rmf_demos_tasks:/root/aerostack2_ws/install/rmf_demos_panel:/root/aerostack2_ws/install/rmf_demos_fleet_adapter:/root/aerostack2_ws/install/rmf_demos_dashboard_resources:/root/aerostack2_ws/install/rmf_demos_bridges:/root/aerostack2_ws/install/rmf_demos_assets:/root/aerostack2_ws/install/as2_visualization:/root/aerostack2_ws/install/as2_swarm_perception:/root/aerostack2_ws/install/as2_swarm_fusion_ci:/root/aerostack2_ws/install/as2_swarm_ekf:/root/aerostack2_ws/install/as2_keyboard_teleoperation:/root/aerostack2_ws/install/as2_python_api:/root/aerostack2_ws/install/as2_project_bringup:/root/aerostack2_ws/install/as2_perception:/root/aerostack2_ws/install/as2_groundray_perception:/opt/ros/humble LD_LIBRARY_PATH=/root/aerostack2_ws/install/as2_core/lib:/root/aerostack2_ws/install/as2_msgs/lib:/root/aerostack2_ws/install/as2_state_estimator/lib:/root/aerostack2_ws/install/as2_python_api/lib:/root/aerostack2_ws/install/as2_motion_controller/lib:/root/aerostack2_ws/install/as2_behaviors_trajectory_generation/lib:/root/aerostack2_ws/install/as2_behaviors_swarm_flocking/lib:/root/aerostack2_ws/install/as2_behaviors_motion/lib:/root/aerostack2_ws/install/as2_motion_reference_handlers/lib:/root/aerostack2_ws/install/as2_map_server/lib:/root/aerostack2_ws/install/as2_gazebo_assets/lib:/root/aerostack2_ws/install/as2_behaviors_perception/lib:/root/aerostack2_ws/install/as2_behaviors_path_planning/lib:/root/aerostack2_ws/install/as2_behavior_tree/lib:/root/aerostack2_ws/install/as2_behavior/lib:/opt/ros/humble/opt/rviz_ogre_vendor/lib:/opt/ros/humble/lib/x86_64-linux-gnu:/opt/ros/humble/lib /usr/bin/cmake --install /root/aerostack2_ws/build/as2_platform_multirotor_simulator
[6.177s] Level 1:colcon.colcon_core.environment:checking '/root/aerostack2_ws/install/as2_platform_multirotor_simulator' for CMake config files
[6.177s] Level 1:colcon.colcon_core.shell:create_environment_hook('as2_platform_multirotor_simulator', 'cmake_prefix_path')
[6.177s] INFO:colcon.colcon_core.shell:Creating environment hook '/root/aerostack2_ws/install/as2_platform_multirotor_simulator/share/as2_platform_multirotor_simulator/hook/cmake_prefix_path.ps1'
[6.178s] INFO:colcon.colcon_core.shell:Creating environment descriptor '/root/aerostack2_ws/install/as2_platform_multirotor_simulator/share/as2_platform_multirotor_simulator/hook/cmake_prefix_path.dsv'
[6.178s] INFO:colcon.colcon_core.shell:Creating environment hook '/root/aerostack2_ws/install/as2_platform_multirotor_simulator/share/as2_platform_multirotor_simulator/hook/cmake_prefix_path.sh'
[6.178s] Level 1:colcon.colcon_core.environment:checking '/root/aerostack2_ws/install/as2_platform_multirotor_simulator/lib'
[6.178s] Level 1:colcon.colcon_core.environment:checking '/root/aerostack2_ws/install/as2_platform_multirotor_simulator/bin'
[6.178s] Level 1:colcon.colcon_core.environment:checking '/root/aerostack2_ws/install/as2_platform_multirotor_simulator/lib/pkgconfig/as2_platform_multirotor_simulator.pc'
[6.178s] Level 1:colcon.colcon_core.environment:checking '/root/aerostack2_ws/install/as2_platform_multirotor_simulator/lib/python3.10/site-packages'
[6.179s] Level 1:colcon.colcon_core.environment:checking '/root/aerostack2_ws/install/as2_platform_multirotor_simulator/bin'
[6.179s] INFO:colcon.colcon_core.shell:Creating package script '/root/aerostack2_ws/install/as2_platform_multirotor_simulator/share/as2_platform_multirotor_simulator/package.ps1'
[6.181s] INFO:colcon.colcon_core.shell:Creating package descriptor '/root/aerostack2_ws/install/as2_platform_multirotor_simulator/share/as2_platform_multirotor_simulator/package.dsv'
[6.181s] INFO:colcon.colcon_core.shell:Creating package script '/root/aerostack2_ws/install/as2_platform_multirotor_simulator/share/as2_platform_multirotor_simulator/package.sh'
[6.181s] INFO:colcon.colcon_core.shell:Creating package script '/root/aerostack2_ws/install/as2_platform_multirotor_simulator/share/as2_platform_multirotor_simulator/package.bash'
[6.182s] INFO:colcon.colcon_core.shell:Creating package script '/root/aerostack2_ws/install/as2_platform_multirotor_simulator/share/as2_platform_multirotor_simulator/package.zsh'
[6.182s] Level 1:colcon.colcon_core.environment:create_file_with_runtime_dependencies(/root/aerostack2_ws/install/as2_platform_multirotor_simulator/share/colcon-core/packages/as2_platform_multirotor_simulator)
[6.183s] Level 1:colcon.colcon_core.environment:create_environment_scripts_only(as2_platform_multirotor_simulator)
[6.183s] Level 1:colcon.colcon_core.environment:checking '/root/aerostack2_ws/install/as2_platform_multirotor_simulator' for CMake module files
[6.183s] Level 1:colcon.colcon_core.environment:checking '/root/aerostack2_ws/install/as2_platform_multirotor_simulator' for CMake config files
[6.183s] Level 1:colcon.colcon_core.shell:create_environment_hook('as2_platform_multirotor_simulator', 'cmake_prefix_path')
[6.184s] INFO:colcon.colcon_core.shell:Creating environment hook '/root/aerostack2_ws/install/as2_platform_multirotor_simulator/share/as2_platform_multirotor_simulator/hook/cmake_prefix_path.ps1'
[6.184s] INFO:colcon.colcon_core.shell:Creating environment descriptor '/root/aerostack2_ws/install/as2_platform_multirotor_simulator/share/as2_platform_multirotor_simulator/hook/cmake_prefix_path.dsv'
[6.184s] INFO:colcon.colcon_core.shell:Creating environment hook '/root/aerostack2_ws/install/as2_platform_multirotor_simulator/share/as2_platform_multirotor_simulator/hook/cmake_prefix_path.sh'
[6.184s] Level 1:colcon.colcon_core.environment:checking '/root/aerostack2_ws/install/as2_platform_multirotor_simulator/lib'
[6.184s] Level 1:colcon.colcon_core.environment:checking '/root/aerostack2_ws/install/as2_platform_multirotor_simulator/bin'
[6.185s] Level 1:colcon.colcon_core.environment:checking '/root/aerostack2_ws/install/as2_platform_multirotor_simulator/lib/pkgconfig/as2_platform_multirotor_simulator.pc'
[6.185s] Level 1:colcon.colcon_core.environment:checking '/root/aerostack2_ws/install/as2_platform_multirotor_simulator/lib/python3.10/site-packages'
[6.185s] Level 1:colcon.colcon_core.environment:checking '/root/aerostack2_ws/install/as2_platform_multirotor_simulator/bin'
[6.185s] INFO:colcon.colcon_core.shell:Creating package script '/root/aerostack2_ws/install/as2_platform_multirotor_simulator/share/as2_platform_multirotor_simulator/package.ps1'
[6.185s] INFO:colcon.colcon_core.shell:Creating package descriptor '/root/aerostack2_ws/install/as2_platform_multirotor_simulator/share/as2_platform_multirotor_simulator/package.dsv'
[6.186s] INFO:colcon.colcon_core.shell:Creating package script '/root/aerostack2_ws/install/as2_platform_multirotor_simulator/share/as2_platform_multirotor_simulator/package.sh'
[6.186s] INFO:colcon.colcon_core.shell:Creating package script '/root/aerostack2_ws/install/as2_platform_multirotor_simulator/share/as2_platform_multirotor_simulator/package.bash'
[6.186s] INFO:colcon.colcon_core.shell:Creating package script '/root/aerostack2_ws/install/as2_platform_multirotor_simulator/share/as2_platform_multirotor_simulator/package.zsh'
[6.186s] Level 1:colcon.colcon_core.environment:create_file_with_runtime_dependencies(/root/aerostack2_ws/install/as2_platform_multirotor_simulator/share/colcon-core/packages/as2_platform_multirotor_simulator)
[6.187s] Level 1:colcon.colcon_core.environment:create_environment_scripts_only(as2_behaviors_path_planning)
[6.187s] Level 1:colcon.colcon_core.environment:checking '/root/aerostack2_ws/install/as2_behaviors_path_planning' for CMake module files
[6.187s] DEBUG:colcon.colcon_core.event_handler.log_command:Invoked command in '/root/aerostack2_ws/build/as2_behaviors_path_planning' returned '0': CMAKE_PREFIX_PATH=/root/aerostack2_ws/install/as2_behavior:/root/aerostack2_ws/install/as2_core:/root/aerostack2_ws/install/as2_msgs:/root/aerostack2_ws/install/rmf_demos_gz_classic:/root/aerostack2_ws/install/rmf_demos_gz:/root/aerostack2_ws/install/rmf_demos:/root/aerostack2_ws/install/rmf_demos_maps:/root/aerostack2_ws/install/aerostack2:/root/aerostack2_ws/install/as2_usb_camera_interface:/root/aerostack2_ws/install/as2_state_estimator:/root/aerostack2_ws/install/as2_rviz_plugins:/root/aerostack2_ws/install/as2_realsense_interface:/root/aerostack2_ws/install/as2_platform_multirotor_simulator:/root/aerostack2_ws/install/as2_platform_gazebo:/root/aerostack2_ws/install/as2_motion_controller:/root/aerostack2_ws/install/as2_behaviors_trajectory_generation:/root/aerostack2_ws/install/as2_behaviors_swarm_flocking:/root/aerostack2_ws/install/as2_behaviors_motion:/root/aerostack2_ws/install/as2_motion_reference_handlers:/root/aerostack2_ws/install/as2_map_server:/root/aerostack2_ws/install/as2_geozones:/root/aerostack2_ws/install/as2_gazebo_assets:/root/aerostack2_ws/install/as2_external_object_to_tf:/root/aerostack2_ws/install/as2_behaviors_platform:/root/aerostack2_ws/install/as2_behaviors_perception:/root/aerostack2_ws/install/as2_behaviors_path_planning:/root/aerostack2_ws/install/as2_behavior_tree:/root/aerostack2_ws/install/as2_alphanumeric_viewer:/root/aerostack2_ws/install/as2_cli:/root/aerostack2_ws/install/rmf_demos_tasks:/root/aerostack2_ws/install/rmf_demos_panel:/root/aerostack2_ws/install/rmf_demos_fleet_adapter:/root/aerostack2_ws/install/rmf_demos_dashboard_resources:/root/aerostack2_ws/install/rmf_demos_bridges:/root/aerostack2_ws/install/rmf_demos_assets:/root/aerostack2_ws/install/as2_visualization:/root/aerostack2_ws/install/as2_swarm_perception:/root/aerostack2_ws/install/as2_swarm_fusion_ci:/root/aerostack2_ws/install/as2_swarm_ekf:/root/aerostack2_ws/install/as2_keyboard_teleoperation:/root/aerostack2_ws/install/as2_python_api:/root/aerostack2_ws/install/as2_project_bringup:/root/aerostack2_ws/install/as2_perception:/root/aerostack2_ws/install/as2_groundray_perception:/opt/ros/humble LD_LIBRARY_PATH=/root/aerostack2_ws/install/as2_behavior/lib:/root/aerostack2_ws/install/as2_core/lib:/root/aerostack2_ws/install/as2_msgs/lib:/root/aerostack2_ws/install/as2_state_estimator/lib:/root/aerostack2_ws/install/as2_python_api/lib:/root/aerostack2_ws/install/as2_motion_controller/lib:/root/aerostack2_ws/install/as2_behaviors_trajectory_generation/lib:/root/aerostack2_ws/install/as2_behaviors_swarm_flocking/lib:/root/aerostack2_ws/install/as2_behaviors_motion/lib:/root/aerostack2_ws/install/as2_motion_reference_handlers/lib:/root/aerostack2_ws/install/as2_map_server/lib:/root/aerostack2_ws/install/as2_gazebo_assets/lib:/root/aerostack2_ws/install/as2_behaviors_perception/lib:/root/aerostack2_ws/install/as2_behaviors_path_planning/lib:/root/aerostack2_ws/install/as2_behavior_tree/lib:/opt/ros/humble/opt/rviz_ogre_vendor/lib:/opt/ros/humble/lib/x86_64-linux-gnu:/opt/ros/humble/lib /usr/bin/cmake --install /root/aerostack2_ws/build/as2_behaviors_path_planning
[6.187s] Level 1:colcon.colcon_core.environment:checking '/root/aerostack2_ws/install/as2_behaviors_path_planning' for CMake config files
[6.188s] Level 1:colcon.colcon_core.shell:create_environment_hook('as2_behaviors_path_planning', 'cmake_prefix_path')
[6.188s] INFO:colcon.colcon_core.shell:Creating environment hook '/root/aerostack2_ws/install/as2_behaviors_path_planning/share/as2_behaviors_path_planning/hook/cmake_prefix_path.ps1'
[6.188s] INFO:colcon.colcon_core.shell:Creating environment descriptor '/root/aerostack2_ws/install/as2_behaviors_path_planning/share/as2_behaviors_path_planning/hook/cmake_prefix_path.dsv'
[6.188s] INFO:colcon.colcon_core.shell:Creating environment hook '/root/aerostack2_ws/install/as2_behaviors_path_planning/share/as2_behaviors_path_planning/hook/cmake_prefix_path.sh'
[6.189s] Level 1:colcon.colcon_core.environment:checking '/root/aerostack2_ws/install/as2_behaviors_path_planning/lib'
[6.189s] Level 1:colcon.colcon_core.shell:create_environment_hook('as2_behaviors_path_planning', 'ld_library_path_lib')
[6.189s] INFO:colcon.colcon_core.shell:Creating environment hook '/root/aerostack2_ws/install/as2_behaviors_path_planning/share/as2_behaviors_path_planning/hook/ld_library_path_lib.ps1'
[6.189s] INFO:colcon.colcon_core.shell:Creating environment descriptor '/root/aerostack2_ws/install/as2_behaviors_path_planning/share/as2_behaviors_path_planning/hook/ld_library_path_lib.dsv'
[6.189s] INFO:colcon.colcon_core.shell:Creating environment hook '/root/aerostack2_ws/install/as2_behaviors_path_planning/share/as2_behaviors_path_planning/hook/ld_library_path_lib.sh'
[6.189s] Level 1:colcon.colcon_core.environment:checking '/root/aerostack2_ws/install/as2_behaviors_path_planning/bin'
[6.189s] Level 1:colcon.colcon_core.environment:checking '/root/aerostack2_ws/install/as2_behaviors_path_planning/lib/pkgconfig/as2_behaviors_path_planning.pc'
[6.189s] Level 1:colcon.colcon_core.environment:checking '/root/aerostack2_ws/install/as2_behaviors_path_planning/lib/python3.10/site-packages'
[6.190s] Level 1:colcon.colcon_core.environment:checking '/root/aerostack2_ws/install/as2_behaviors_path_planning/bin'
[6.190s] INFO:colcon.colcon_core.shell:Creating package script '/root/aerostack2_ws/install/as2_behaviors_path_planning/share/as2_behaviors_path_planning/package.ps1'
[6.190s] INFO:colcon.colcon_core.shell:Creating package descriptor '/root/aerostack2_ws/install/as2_behaviors_path_planning/share/as2_behaviors_path_planning/package.dsv'
[6.190s] INFO:colcon.colcon_core.shell:Creating package script '/root/aerostack2_ws/install/as2_behaviors_path_planning/share/as2_behaviors_path_planning/package.sh'
[6.191s] INFO:colcon.colcon_core.shell:Creating package script '/root/aerostack2_ws/install/as2_behaviors_path_planning/share/as2_behaviors_path_planning/package.bash'
[6.191s] INFO:colcon.colcon_core.shell:Creating package script '/root/aerostack2_ws/install/as2_behaviors_path_planning/share/as2_behaviors_path_planning/package.zsh'
[6.191s] Level 1:colcon.colcon_core.environment:create_file_with_runtime_dependencies(/root/aerostack2_ws/install/as2_behaviors_path_planning/share/colcon-core/packages/as2_behaviors_path_planning)
[6.191s] Level 1:colcon.colcon_core.environment:create_environment_scripts_only(as2_behaviors_path_planning)
[6.191s] Level 1:colcon.colcon_core.environment:checking '/root/aerostack2_ws/install/as2_behaviors_path_planning' for CMake module files
[6.192s] Level 1:colcon.colcon_core.environment:checking '/root/aerostack2_ws/install/as2_behaviors_path_planning' for CMake config files
[6.192s] Level 1:colcon.colcon_core.shell:create_environment_hook('as2_behaviors_path_planning', 'cmake_prefix_path')
[6.192s] INFO:colcon.colcon_core.shell:Creating environment hook '/root/aerostack2_ws/install/as2_behaviors_path_planning/share/as2_behaviors_path_planning/hook/cmake_prefix_path.ps1'
[6.192s] INFO:colcon.colcon_core.shell:Creating environment descriptor '/root/aerostack2_ws/install/as2_behaviors_path_planning/share/as2_behaviors_path_planning/hook/cmake_prefix_path.dsv'
[6.192s] INFO:colcon.colcon_core.shell:Creating environment hook '/root/aerostack2_ws/install/as2_behaviors_path_planning/share/as2_behaviors_path_planning/hook/cmake_prefix_path.sh'
[6.192s] Level 1:colcon.colcon_core.environment:checking '/root/aerostack2_ws/install/as2_behaviors_path_planning/lib'
[6.193s] Level 1:colcon.colcon_core.shell:create_environment_hook('as2_behaviors_path_planning', 'ld_library_path_lib')
[6.193s] INFO:colcon.colcon_core.shell:Creating environment hook '/root/aerostack2_ws/install/as2_behaviors_path_planning/share/as2_behaviors_path_planning/hook/ld_library_path_lib.ps1'
[6.193s] INFO:colcon.colcon_core.shell:Creating environment descriptor '/root/aerostack2_ws/install/as2_behaviors_path_planning/share/as2_behaviors_path_planning/hook/ld_library_path_lib.dsv'
[6.193s] INFO:colcon.colcon_core.shell:Creating environment hook '/root/aerostack2_ws/install/as2_behaviors_path_planning/share/as2_behaviors_path_planning/hook/ld_library_path_lib.sh'
[6.193s] Level 1:colcon.colcon_core.environment:checking '/root/aerostack2_ws/install/as2_behaviors_path_planning/bin'
[6.193s] Level 1:colcon.colcon_core.environment:checking '/root/aerostack2_ws/install/as2_behaviors_path_planning/lib/pkgconfig/as2_behaviors_path_planning.pc'
[6.193s] Level 1:colcon.colcon_core.environment:checking '/root/aerostack2_ws/install/as2_behaviors_path_planning/lib/python3.10/site-packages'
[6.194s] Level 1:colcon.colcon_core.environment:checking '/root/aerostack2_ws/install/as2_behaviors_path_planning/bin'
[6.194s] INFO:colcon.colcon_core.shell:Creating package script '/root/aerostack2_ws/install/as2_behaviors_path_planning/share/as2_behaviors_path_planning/package.ps1'
[6.194s] INFO:colcon.colcon_core.shell:Creating package descriptor '/root/aerostack2_ws/install/as2_behaviors_path_planning/share/as2_behaviors_path_planning/package.dsv'
[6.194s] INFO:colcon.colcon_core.shell:Creating package script '/root/aerostack2_ws/install/as2_behaviors_path_planning/share/as2_behaviors_path_planning/package.sh'
[6.195s] INFO:colcon.colcon_core.shell:Creating package script '/root/aerostack2_ws/install/as2_behaviors_path_planning/share/as2_behaviors_path_planning/package.bash'
[6.195s] INFO:colcon.colcon_core.shell:Creating package script '/root/aerostack2_ws/install/as2_behaviors_path_planning/share/as2_behaviors_path_planning/package.zsh'
[6.195s] Level 1:colcon.colcon_core.environment:create_file_with_runtime_dependencies(/root/aerostack2_ws/install/as2_behaviors_path_planning/share/colcon-core/packages/as2_behaviors_path_planning)
[6.196s] DEBUG:colcon.colcon_core.event_handler.log_command:Invoked command in '/root/aerostack2_ws/build/as2_state_estimator' returned '0': CMAKE_PREFIX_PATH=/root/aerostack2_ws/install/as2_core:/root/aerostack2_ws/install/as2_msgs:/root/aerostack2_ws/install/rmf_demos_gz_classic:/root/aerostack2_ws/install/rmf_demos_gz:/root/aerostack2_ws/install/rmf_demos:/root/aerostack2_ws/install/rmf_demos_maps:/root/aerostack2_ws/install/aerostack2:/root/aerostack2_ws/install/as2_usb_camera_interface:/root/aerostack2_ws/install/as2_state_estimator:/root/aerostack2_ws/install/as2_rviz_plugins:/root/aerostack2_ws/install/as2_realsense_interface:/root/aerostack2_ws/install/as2_platform_multirotor_simulator:/root/aerostack2_ws/install/as2_platform_gazebo:/root/aerostack2_ws/install/as2_motion_controller:/root/aerostack2_ws/install/as2_behaviors_trajectory_generation:/root/aerostack2_ws/install/as2_behaviors_swarm_flocking:/root/aerostack2_ws/install/as2_behaviors_motion:/root/aerostack2_ws/install/as2_motion_reference_handlers:/root/aerostack2_ws/install/as2_map_server:/root/aerostack2_ws/install/as2_geozones:/root/aerostack2_ws/install/as2_gazebo_assets:/root/aerostack2_ws/install/as2_external_object_to_tf:/root/aerostack2_ws/install/as2_behaviors_platform:/root/aerostack2_ws/install/as2_behaviors_perception:/root/aerostack2_ws/install/as2_behaviors_path_planning:/root/aerostack2_ws/install/as2_behavior_tree:/root/aerostack2_ws/install/as2_behavior:/root/aerostack2_ws/install/as2_alphanumeric_viewer:/root/aerostack2_ws/install/as2_cli:/root/aerostack2_ws/install/rmf_demos_tasks:/root/aerostack2_ws/install/rmf_demos_panel:/root/aerostack2_ws/install/rmf_demos_fleet_adapter:/root/aerostack2_ws/install/rmf_demos_dashboard_resources:/root/aerostack2_ws/install/rmf_demos_bridges:/root/aerostack2_ws/install/rmf_demos_assets:/root/aerostack2_ws/install/as2_visualization:/root/aerostack2_ws/install/as2_swarm_perception:/root/aerostack2_ws/install/as2_swarm_fusion_ci:/root/aerostack2_ws/install/as2_swarm_ekf:/root/aerostack2_ws/install/as2_keyboard_teleoperation:/root/aerostack2_ws/install/as2_python_api:/root/aerostack2_ws/install/as2_project_bringup:/root/aerostack2_ws/install/as2_perception:/root/aerostack2_ws/install/as2_groundray_perception:/opt/ros/humble LD_LIBRARY_PATH=/root/aerostack2_ws/install/as2_core/lib:/root/aerostack2_ws/install/as2_msgs/lib:/root/aerostack2_ws/install/as2_state_estimator/lib:/root/aerostack2_ws/install/as2_python_api/lib:/root/aerostack2_ws/install/as2_motion_controller/lib:/root/aerostack2_ws/install/as2_behaviors_trajectory_generation/lib:/root/aerostack2_ws/install/as2_behaviors_swarm_flocking/lib:/root/aerostack2_ws/install/as2_behaviors_motion/lib:/root/aerostack2_ws/install/as2_motion_reference_handlers/lib:/root/aerostack2_ws/install/as2_map_server/lib:/root/aerostack2_ws/install/as2_gazebo_assets/lib:/root/aerostack2_ws/install/as2_behaviors_perception/lib:/root/aerostack2_ws/install/as2_behaviors_path_planning/lib:/root/aerostack2_ws/install/as2_behavior_tree/lib:/root/aerostack2_ws/install/as2_behavior/lib:/opt/ros/humble/opt/rviz_ogre_vendor/lib:/opt/ros/humble/lib/x86_64-linux-gnu:/opt/ros/humble/lib /usr/bin/cmake --build /root/aerostack2_ws/build/as2_state_estimator -- -j8 -l8
[6.196s] DEBUG:colcon.colcon_core.event_handler.log_command:Invoking command in '/root/aerostack2_ws/build/as2_state_estimator': CMAKE_PREFIX_PATH=/root/aerostack2_ws/install/as2_core:/root/aerostack2_ws/install/as2_msgs:/root/aerostack2_ws/install/rmf_demos_gz_classic:/root/aerostack2_ws/install/rmf_demos_gz:/root/aerostack2_ws/install/rmf_demos:/root/aerostack2_ws/install/rmf_demos_maps:/root/aerostack2_ws/install/aerostack2:/root/aerostack2_ws/install/as2_usb_camera_interface:/root/aerostack2_ws/install/as2_state_estimator:/root/aerostack2_ws/install/as2_rviz_plugins:/root/aerostack2_ws/install/as2_realsense_interface:/root/aerostack2_ws/install/as2_platform_multirotor_simulator:/root/aerostack2_ws/install/as2_platform_gazebo:/root/aerostack2_ws/install/as2_motion_controller:/root/aerostack2_ws/install/as2_behaviors_trajectory_generation:/root/aerostack2_ws/install/as2_behaviors_swarm_flocking:/root/aerostack2_ws/install/as2_behaviors_motion:/root/aerostack2_ws/install/as2_motion_reference_handlers:/root/aerostack2_ws/install/as2_map_server:/root/aerostack2_ws/install/as2_geozones:/root/aerostack2_ws/install/as2_gazebo_assets:/root/aerostack2_ws/install/as2_external_object_to_tf:/root/aerostack2_ws/install/as2_behaviors_platform:/root/aerostack2_ws/install/as2_behaviors_perception:/root/aerostack2_ws/install/as2_behaviors_path_planning:/root/aerostack2_ws/install/as2_behavior_tree:/root/aerostack2_ws/install/as2_behavior:/root/aerostack2_ws/install/as2_alphanumeric_viewer:/root/aerostack2_ws/install/as2_cli:/root/aerostack2_ws/install/rmf_demos_tasks:/root/aerostack2_ws/install/rmf_demos_panel:/root/aerostack2_ws/install/rmf_demos_fleet_adapter:/root/aerostack2_ws/install/rmf_demos_dashboard_resources:/root/aerostack2_ws/install/rmf_demos_bridges:/root/aerostack2_ws/install/rmf_demos_assets:/root/aerostack2_ws/install/as2_visualization:/root/aerostack2_ws/install/as2_swarm_perception:/root/aerostack2_ws/install/as2_swarm_fusion_ci:/root/aerostack2_ws/install/as2_swarm_ekf:/root/aerostack2_ws/install/as2_keyboard_teleoperation:/root/aerostack2_ws/install/as2_python_api:/root/aerostack2_ws/install/as2_project_bringup:/root/aerostack2_ws/install/as2_perception:/root/aerostack2_ws/install/as2_groundray_perception:/opt/ros/humble LD_LIBRARY_PATH=/root/aerostack2_ws/install/as2_core/lib:/root/aerostack2_ws/install/as2_msgs/lib:/root/aerostack2_ws/install/as2_state_estimator/lib:/root/aerostack2_ws/install/as2_python_api/lib:/root/aerostack2_ws/install/as2_motion_controller/lib:/root/aerostack2_ws/install/as2_behaviors_trajectory_generation/lib:/root/aerostack2_ws/install/as2_behaviors_swarm_flocking/lib:/root/aerostack2_ws/install/as2_behaviors_motion/lib:/root/aerostack2_ws/install/as2_motion_reference_handlers/lib:/root/aerostack2_ws/install/as2_map_server/lib:/root/aerostack2_ws/install/as2_gazebo_assets/lib:/root/aerostack2_ws/install/as2_behaviors_perception/lib:/root/aerostack2_ws/install/as2_behaviors_path_planning/lib:/root/aerostack2_ws/install/as2_behavior_tree/lib:/root/aerostack2_ws/install/as2_behavior/lib:/opt/ros/humble/opt/rviz_ogre_vendor/lib:/opt/ros/humble/lib/x86_64-linux-gnu:/opt/ros/humble/lib /usr/bin/cmake --install /root/aerostack2_ws/build/as2_state_estimator
[6.198s] Level 1:colcon.colcon_core.environment:create_environment_scripts_only(as2_gazebo_assets)
[6.199s] Level 1:colcon.colcon_core.environment:checking '/root/aerostack2_ws/install/as2_gazebo_assets' for CMake module files
[6.199s] DEBUG:colcon.colcon_core.event_handler.log_command:Invoking command in '/root/aerostack2_ws/build/as2_behaviors_motion': CMAKE_PREFIX_PATH=/root/aerostack2_ws/install/as2_motion_reference_handlers:/root/aerostack2_ws/install/as2_behavior:/root/aerostack2_ws/install/as2_core:/root/aerostack2_ws/install/as2_msgs:/root/aerostack2_ws/install/rmf_demos_gz_classic:/root/aerostack2_ws/install/rmf_demos_gz:/root/aerostack2_ws/install/rmf_demos:/root/aerostack2_ws/install/rmf_demos_maps:/root/aerostack2_ws/install/aerostack2:/root/aerostack2_ws/install/as2_usb_camera_interface:/root/aerostack2_ws/install/as2_state_estimator:/root/aerostack2_ws/install/as2_rviz_plugins:/root/aerostack2_ws/install/as2_realsense_interface:/root/aerostack2_ws/install/as2_platform_multirotor_simulator:/root/aerostack2_ws/install/as2_platform_gazebo:/root/aerostack2_ws/install/as2_motion_controller:/root/aerostack2_ws/install/as2_behaviors_trajectory_generation:/root/aerostack2_ws/install/as2_behaviors_swarm_flocking:/root/aerostack2_ws/install/as2_behaviors_motion:/root/aerostack2_ws/install/as2_map_server:/root/aerostack2_ws/install/as2_geozones:/root/aerostack2_ws/install/as2_gazebo_assets:/root/aerostack2_ws/install/as2_external_object_to_tf:/root/aerostack2_ws/install/as2_behaviors_platform:/root/aerostack2_ws/install/as2_behaviors_perception:/root/aerostack2_ws/install/as2_behaviors_path_planning:/root/aerostack2_ws/install/as2_behavior_tree:/root/aerostack2_ws/install/as2_alphanumeric_viewer:/root/aerostack2_ws/install/as2_cli:/root/aerostack2_ws/install/rmf_demos_tasks:/root/aerostack2_ws/install/rmf_demos_panel:/root/aerostack2_ws/install/rmf_demos_fleet_adapter:/root/aerostack2_ws/install/rmf_demos_dashboard_resources:/root/aerostack2_ws/install/rmf_demos_bridges:/root/aerostack2_ws/install/rmf_demos_assets:/root/aerostack2_ws/install/as2_visualization:/root/aerostack2_ws/install/as2_swarm_perception:/root/aerostack2_ws/install/as2_swarm_fusion_ci:/root/aerostack2_ws/install/as2_swarm_ekf:/root/aerostack2_ws/install/as2_keyboard_teleoperation:/root/aerostack2_ws/install/as2_python_api:/root/aerostack2_ws/install/as2_project_bringup:/root/aerostack2_ws/install/as2_perception:/root/aerostack2_ws/install/as2_groundray_perception:/opt/ros/humble LD_LIBRARY_PATH=/root/aerostack2_ws/install/as2_behavior/lib:/root/aerostack2_ws/install/as2_core/lib:/root/aerostack2_ws/install/as2_msgs/lib:/root/aerostack2_ws/install/as2_state_estimator/lib:/root/aerostack2_ws/install/as2_python_api/lib:/root/aerostack2_ws/install/as2_motion_controller/lib:/root/aerostack2_ws/install/as2_behaviors_trajectory_generation/lib:/root/aerostack2_ws/install/as2_behaviors_swarm_flocking/lib:/root/aerostack2_ws/install/as2_behaviors_motion/lib:/root/aerostack2_ws/install/as2_motion_reference_handlers/lib:/root/aerostack2_ws/install/as2_map_server/lib:/root/aerostack2_ws/install/as2_gazebo_assets/lib:/root/aerostack2_ws/install/as2_behaviors_perception/lib:/root/aerostack2_ws/install/as2_behaviors_path_planning/lib:/root/aerostack2_ws/install/as2_behavior_tree/lib:/opt/ros/humble/opt/rviz_ogre_vendor/lib:/opt/ros/humble/lib/x86_64-linux-gnu:/opt/ros/humble/lib /usr/bin/cmake --build /root/aerostack2_ws/build/as2_behaviors_motion -- -j8 -l8
[6.200s] DEBUG:colcon.colcon_core.event_handler.log_command:Invoked command in '/root/aerostack2_ws/build/as2_gazebo_assets' returned '0': CMAKE_PREFIX_PATH=/root/aerostack2_ws/install/as2_core:/root/aerostack2_ws/install/as2_msgs:/root/aerostack2_ws/install/rmf_demos_gz_classic:/root/aerostack2_ws/install/rmf_demos_gz:/root/aerostack2_ws/install/rmf_demos:/root/aerostack2_ws/install/rmf_demos_maps:/root/aerostack2_ws/install/aerostack2:/root/aerostack2_ws/install/as2_usb_camera_interface:/root/aerostack2_ws/install/as2_state_estimator:/root/aerostack2_ws/install/as2_rviz_plugins:/root/aerostack2_ws/install/as2_realsense_interface:/root/aerostack2_ws/install/as2_platform_multirotor_simulator:/root/aerostack2_ws/install/as2_platform_gazebo:/root/aerostack2_ws/install/as2_motion_controller:/root/aerostack2_ws/install/as2_behaviors_trajectory_generation:/root/aerostack2_ws/install/as2_behaviors_swarm_flocking:/root/aerostack2_ws/install/as2_behaviors_motion:/root/aerostack2_ws/install/as2_motion_reference_handlers:/root/aerostack2_ws/install/as2_map_server:/root/aerostack2_ws/install/as2_geozones:/root/aerostack2_ws/install/as2_gazebo_assets:/root/aerostack2_ws/install/as2_external_object_to_tf:/root/aerostack2_ws/install/as2_behaviors_platform:/root/aerostack2_ws/install/as2_behaviors_perception:/root/aerostack2_ws/install/as2_behaviors_path_planning:/root/aerostack2_ws/install/as2_behavior_tree:/root/aerostack2_ws/install/as2_behavior:/root/aerostack2_ws/install/as2_alphanumeric_viewer:/root/aerostack2_ws/install/as2_cli:/root/aerostack2_ws/install/rmf_demos_tasks:/root/aerostack2_ws/install/rmf_demos_panel:/root/aerostack2_ws/install/rmf_demos_fleet_adapter:/root/aerostack2_ws/install/rmf_demos_dashboard_resources:/root/aerostack2_ws/install/rmf_demos_bridges:/root/aerostack2_ws/install/rmf_demos_assets:/root/aerostack2_ws/install/as2_visualization:/root/aerostack2_ws/install/as2_swarm_perception:/root/aerostack2_ws/install/as2_swarm_fusion_ci:/root/aerostack2_ws/install/as2_swarm_ekf:/root/aerostack2_ws/install/as2_keyboard_teleoperation:/root/aerostack2_ws/install/as2_python_api:/root/aerostack2_ws/install/as2_project_bringup:/root/aerostack2_ws/install/as2_perception:/root/aerostack2_ws/install/as2_groundray_perception:/opt/ros/humble LD_LIBRARY_PATH=/root/aerostack2_ws/install/as2_core/lib:/root/aerostack2_ws/install/as2_msgs/lib:/root/aerostack2_ws/install/as2_state_estimator/lib:/root/aerostack2_ws/install/as2_python_api/lib:/root/aerostack2_ws/install/as2_motion_controller/lib:/root/aerostack2_ws/install/as2_behaviors_trajectory_generation/lib:/root/aerostack2_ws/install/as2_behaviors_swarm_flocking/lib:/root/aerostack2_ws/install/as2_behaviors_motion/lib:/root/aerostack2_ws/install/as2_motion_reference_handlers/lib:/root/aerostack2_ws/install/as2_map_server/lib:/root/aerostack2_ws/install/as2_gazebo_assets/lib:/root/aerostack2_ws/install/as2_behaviors_perception/lib:/root/aerostack2_ws/install/as2_behaviors_path_planning/lib:/root/aerostack2_ws/install/as2_behavior_tree/lib:/root/aerostack2_ws/install/as2_behavior/lib:/opt/ros/humble/opt/rviz_ogre_vendor/lib:/opt/ros/humble/lib/x86_64-linux-gnu:/opt/ros/humble/lib /usr/bin/cmake --install /root/aerostack2_ws/build/as2_gazebo_assets
[6.200s] Level 1:colcon.colcon_core.environment:checking '/root/aerostack2_ws/install/as2_gazebo_assets' for CMake config files
[6.200s] Level 1:colcon.colcon_core.shell:create_environment_hook('as2_gazebo_assets', 'cmake_prefix_path')
[6.201s] INFO:colcon.colcon_core.shell:Creating environment hook '/root/aerostack2_ws/install/as2_gazebo_assets/share/as2_gazebo_assets/hook/cmake_prefix_path.ps1'
[6.201s] INFO:colcon.colcon_core.shell:Creating environment descriptor '/root/aerostack2_ws/install/as2_gazebo_assets/share/as2_gazebo_assets/hook/cmake_prefix_path.dsv'
[6.201s] INFO:colcon.colcon_core.shell:Creating environment hook '/root/aerostack2_ws/install/as2_gazebo_assets/share/as2_gazebo_assets/hook/cmake_prefix_path.sh'
[6.202s] Level 1:colcon.colcon_core.environment:checking '/root/aerostack2_ws/install/as2_gazebo_assets/lib'
[6.202s] Level 1:colcon.colcon_core.shell:create_environment_hook('as2_gazebo_assets', 'ld_library_path_lib')
[6.202s] INFO:colcon.colcon_core.shell:Creating environment hook '/root/aerostack2_ws/install/as2_gazebo_assets/share/as2_gazebo_assets/hook/ld_library_path_lib.ps1'
[6.202s] INFO:colcon.colcon_core.shell:Creating environment descriptor '/root/aerostack2_ws/install/as2_gazebo_assets/share/as2_gazebo_assets/hook/ld_library_path_lib.dsv'
[6.202s] INFO:colcon.colcon_core.shell:Creating environment hook '/root/aerostack2_ws/install/as2_gazebo_assets/share/as2_gazebo_assets/hook/ld_library_path_lib.sh'
[6.203s] Level 1:colcon.colcon_core.environment:checking '/root/aerostack2_ws/install/as2_gazebo_assets/bin'
[6.203s] Level 1:colcon.colcon_core.environment:checking '/root/aerostack2_ws/install/as2_gazebo_assets/lib/pkgconfig/as2_gazebo_assets.pc'
[6.203s] Level 1:colcon.colcon_core.environment:checking '/root/aerostack2_ws/install/as2_gazebo_assets/lib/python3.10/site-packages'
[6.203s] Level 1:colcon.colcon_core.environment:checking '/root/aerostack2_ws/install/as2_gazebo_assets/bin'
[6.203s] INFO:colcon.colcon_core.shell:Creating package script '/root/aerostack2_ws/install/as2_gazebo_assets/share/as2_gazebo_assets/package.ps1'
[6.204s] INFO:colcon.colcon_core.shell:Creating package descriptor '/root/aerostack2_ws/install/as2_gazebo_assets/share/as2_gazebo_assets/package.dsv'
[6.204s] INFO:colcon.colcon_core.shell:Creating package script '/root/aerostack2_ws/install/as2_gazebo_assets/share/as2_gazebo_assets/package.sh'
[6.205s] INFO:colcon.colcon_core.shell:Creating package script '/root/aerostack2_ws/install/as2_gazebo_assets/share/as2_gazebo_assets/package.bash'
[6.205s] INFO:colcon.colcon_core.shell:Creating package script '/root/aerostack2_ws/install/as2_gazebo_assets/share/as2_gazebo_assets/package.zsh'
[6.205s] Level 1:colcon.colcon_core.environment:create_file_with_runtime_dependencies(/root/aerostack2_ws/install/as2_gazebo_assets/share/colcon-core/packages/as2_gazebo_assets)
[6.205s] Level 1:colcon.colcon_core.environment:create_environment_scripts_only(as2_gazebo_assets)
[6.206s] Level 1:colcon.colcon_core.environment:checking '/root/aerostack2_ws/install/as2_gazebo_assets' for CMake module files
[6.206s] Level 1:colcon.colcon_core.environment:checking '/root/aerostack2_ws/install/as2_gazebo_assets' for CMake config files
[6.206s] Level 1:colcon.colcon_core.shell:create_environment_hook('as2_gazebo_assets', 'cmake_prefix_path')
[6.206s] INFO:colcon.colcon_core.shell:Creating environment hook '/root/aerostack2_ws/install/as2_gazebo_assets/share/as2_gazebo_assets/hook/cmake_prefix_path.ps1'
[6.206s] INFO:colcon.colcon_core.shell:Creating environment descriptor '/root/aerostack2_ws/install/as2_gazebo_assets/share/as2_gazebo_assets/hook/cmake_prefix_path.dsv'
[6.207s] INFO:colcon.colcon_core.shell:Creating environment hook '/root/aerostack2_ws/install/as2_gazebo_assets/share/as2_gazebo_assets/hook/cmake_prefix_path.sh'
[6.207s] Level 1:colcon.colcon_core.environment:checking '/root/aerostack2_ws/install/as2_gazebo_assets/lib'
[6.207s] Level 1:colcon.colcon_core.shell:create_environment_hook('as2_gazebo_assets', 'ld_library_path_lib')
[6.207s] INFO:colcon.colcon_core.shell:Creating environment hook '/root/aerostack2_ws/install/as2_gazebo_assets/share/as2_gazebo_assets/hook/ld_library_path_lib.ps1'
[6.207s] INFO:colcon.colcon_core.shell:Creating environment descriptor '/root/aerostack2_ws/install/as2_gazebo_assets/share/as2_gazebo_assets/hook/ld_library_path_lib.dsv'
[6.208s] INFO:colcon.colcon_core.shell:Creating environment hook '/root/aerostack2_ws/install/as2_gazebo_assets/share/as2_gazebo_assets/hook/ld_library_path_lib.sh'
[6.208s] Level 1:colcon.colcon_core.environment:checking '/root/aerostack2_ws/install/as2_gazebo_assets/bin'
[6.208s] Level 1:colcon.colcon_core.environment:checking '/root/aerostack2_ws/install/as2_gazebo_assets/lib/pkgconfig/as2_gazebo_assets.pc'
[6.208s] Level 1:colcon.colcon_core.environment:checking '/root/aerostack2_ws/install/as2_gazebo_assets/lib/python3.10/site-packages'
[6.208s] Level 1:colcon.colcon_core.environment:checking '/root/aerostack2_ws/install/as2_gazebo_assets/bin'
[6.208s] INFO:colcon.colcon_core.shell:Creating package script '/root/aerostack2_ws/install/as2_gazebo_assets/share/as2_gazebo_assets/package.ps1'
[6.209s] INFO:colcon.colcon_core.shell:Creating package descriptor '/root/aerostack2_ws/install/as2_gazebo_assets/share/as2_gazebo_assets/package.dsv'
[6.209s] INFO:colcon.colcon_core.shell:Creating package script '/root/aerostack2_ws/install/as2_gazebo_assets/share/as2_gazebo_assets/package.sh'
[6.209s] INFO:colcon.colcon_core.shell:Creating package script '/root/aerostack2_ws/install/as2_gazebo_assets/share/as2_gazebo_assets/package.bash'
[6.209s] INFO:colcon.colcon_core.shell:Creating package script '/root/aerostack2_ws/install/as2_gazebo_assets/share/as2_gazebo_assets/package.zsh'
[6.210s] Level 1:colcon.colcon_core.environment:create_file_with_runtime_dependencies(/root/aerostack2_ws/install/as2_gazebo_assets/share/colcon-core/packages/as2_gazebo_assets)
[6.210s] INFO:colcon.colcon_ros.task.ament_cmake.build:Building ROS package in '/root/aerostack2_ws/src/aerostack2/as2_behaviors/as2_behaviors_platform' with build type 'ament_cmake'
[6.210s] INFO:colcon.colcon_cmake.task.cmake.build:Building CMake package in '/root/aerostack2_ws/src/aerostack2/as2_behaviors/as2_behaviors_platform'
[6.211s] INFO:colcon.colcon_core.shell:Skip shell extension 'powershell' for command environment: Not usable outside of PowerShell
[6.211s] DEBUG:colcon.colcon_core.shell:Skip shell extension 'dsv' for command environment
[6.218s] INFO:colcon.colcon_ros.task.ament_cmake.build:Building ROS package in '/root/aerostack2_ws/src/aerostack2/as2_behaviors/as2_behaviors_trajectory_generation' with build type 'ament_cmake'
[6.218s] INFO:colcon.colcon_cmake.task.cmake.build:Building CMake package in '/root/aerostack2_ws/src/aerostack2/as2_behaviors/as2_behaviors_trajectory_generation'
[6.219s] INFO:colcon.colcon_core.shell:Skip shell extension 'powershell' for command environment: Not usable outside of PowerShell
[6.219s] DEBUG:colcon.colcon_core.shell:Skip shell extension 'dsv' for command environment
[6.223s] INFO:colcon.colcon_ros.task.ament_cmake.build:Building ROS package in '/root/aerostack2_ws/src/aerostack2/as2_motion_controller' with build type 'ament_cmake'
[6.223s] INFO:colcon.colcon_cmake.task.cmake.build:Building CMake package in '/root/aerostack2_ws/src/aerostack2/as2_motion_controller'
[6.223s] INFO:colcon.colcon_core.shell:Skip shell extension 'powershell' for command environment: Not usable outside of PowerShell
[6.223s] DEBUG:colcon.colcon_core.shell:Skip shell extension 'dsv' for command environment
[6.256s] Level 1:colcon.colcon_core.environment:create_environment_scripts_only(as2_state_estimator)
[6.259s] Level 1:colcon.colcon_core.environment:checking '/root/aerostack2_ws/install/as2_state_estimator' for CMake module files
[6.260s] DEBUG:colcon.colcon_core.event_handler.log_command:Invoked command in '/root/aerostack2_ws/build/as2_state_estimator' returned '0': CMAKE_PREFIX_PATH=/root/aerostack2_ws/install/as2_core:/root/aerostack2_ws/install/as2_msgs:/root/aerostack2_ws/install/rmf_demos_gz_classic:/root/aerostack2_ws/install/rmf_demos_gz:/root/aerostack2_ws/install/rmf_demos:/root/aerostack2_ws/install/rmf_demos_maps:/root/aerostack2_ws/install/aerostack2:/root/aerostack2_ws/install/as2_usb_camera_interface:/root/aerostack2_ws/install/as2_state_estimator:/root/aerostack2_ws/install/as2_rviz_plugins:/root/aerostack2_ws/install/as2_realsense_interface:/root/aerostack2_ws/install/as2_platform_multirotor_simulator:/root/aerostack2_ws/install/as2_platform_gazebo:/root/aerostack2_ws/install/as2_motion_controller:/root/aerostack2_ws/install/as2_behaviors_trajectory_generation:/root/aerostack2_ws/install/as2_behaviors_swarm_flocking:/root/aerostack2_ws/install/as2_behaviors_motion:/root/aerostack2_ws/install/as2_motion_reference_handlers:/root/aerostack2_ws/install/as2_map_server:/root/aerostack2_ws/install/as2_geozones:/root/aerostack2_ws/install/as2_gazebo_assets:/root/aerostack2_ws/install/as2_external_object_to_tf:/root/aerostack2_ws/install/as2_behaviors_platform:/root/aerostack2_ws/install/as2_behaviors_perception:/root/aerostack2_ws/install/as2_behaviors_path_planning:/root/aerostack2_ws/install/as2_behavior_tree:/root/aerostack2_ws/install/as2_behavior:/root/aerostack2_ws/install/as2_alphanumeric_viewer:/root/aerostack2_ws/install/as2_cli:/root/aerostack2_ws/install/rmf_demos_tasks:/root/aerostack2_ws/install/rmf_demos_panel:/root/aerostack2_ws/install/rmf_demos_fleet_adapter:/root/aerostack2_ws/install/rmf_demos_dashboard_resources:/root/aerostack2_ws/install/rmf_demos_bridges:/root/aerostack2_ws/install/rmf_demos_assets:/root/aerostack2_ws/install/as2_visualization:/root/aerostack2_ws/install/as2_swarm_perception:/root/aerostack2_ws/install/as2_swarm_fusion_ci:/root/aerostack2_ws/install/as2_swarm_ekf:/root/aerostack2_ws/install/as2_keyboard_teleoperation:/root/aerostack2_ws/install/as2_python_api:/root/aerostack2_ws/install/as2_project_bringup:/root/aerostack2_ws/install/as2_perception:/root/aerostack2_ws/install/as2_groundray_perception:/opt/ros/humble LD_LIBRARY_PATH=/root/aerostack2_ws/install/as2_core/lib:/root/aerostack2_ws/install/as2_msgs/lib:/root/aerostack2_ws/install/as2_state_estimator/lib:/root/aerostack2_ws/install/as2_python_api/lib:/root/aerostack2_ws/install/as2_motion_controller/lib:/root/aerostack2_ws/install/as2_behaviors_trajectory_generation/lib:/root/aerostack2_ws/install/as2_behaviors_swarm_flocking/lib:/root/aerostack2_ws/install/as2_behaviors_motion/lib:/root/aerostack2_ws/install/as2_motion_reference_handlers/lib:/root/aerostack2_ws/install/as2_map_server/lib:/root/aerostack2_ws/install/as2_gazebo_assets/lib:/root/aerostack2_ws/install/as2_behaviors_perception/lib:/root/aerostack2_ws/install/as2_behaviors_path_planning/lib:/root/aerostack2_ws/install/as2_behavior_tree/lib:/root/aerostack2_ws/install/as2_behavior/lib:/opt/ros/humble/opt/rviz_ogre_vendor/lib:/opt/ros/humble/lib/x86_64-linux-gnu:/opt/ros/humble/lib /usr/bin/cmake --install /root/aerostack2_ws/build/as2_state_estimator
[6.260s] Level 1:colcon.colcon_core.environment:checking '/root/aerostack2_ws/install/as2_state_estimator' for CMake config files
[6.261s] Level 1:colcon.colcon_core.shell:create_environment_hook('as2_state_estimator', 'cmake_prefix_path')
[6.261s] INFO:colcon.colcon_core.shell:Creating environment hook '/root/aerostack2_ws/install/as2_state_estimator/share/as2_state_estimator/hook/cmake_prefix_path.ps1'
[6.261s] INFO:colcon.colcon_core.shell:Creating environment descriptor '/root/aerostack2_ws/install/as2_state_estimator/share/as2_state_estimator/hook/cmake_prefix_path.dsv'
[6.262s] INFO:colcon.colcon_core.shell:Creating environment hook '/root/aerostack2_ws/install/as2_state_estimator/share/as2_state_estimator/hook/cmake_prefix_path.sh'
[6.262s] Level 1:colcon.colcon_core.environment:checking '/root/aerostack2_ws/install/as2_state_estimator/lib'
[6.263s] Level 1:colcon.colcon_core.shell:create_environment_hook('as2_state_estimator', 'ld_library_path_lib')
[6.263s] INFO:colcon.colcon_core.shell:Creating environment hook '/root/aerostack2_ws/install/as2_state_estimator/share/as2_state_estimator/hook/ld_library_path_lib.ps1'
[6.263s] INFO:colcon.colcon_core.shell:Creating environment descriptor '/root/aerostack2_ws/install/as2_state_estimator/share/as2_state_estimator/hook/ld_library_path_lib.dsv'
[6.264s] INFO:colcon.colcon_core.shell:Creating environment hook '/root/aerostack2_ws/install/as2_state_estimator/share/as2_state_estimator/hook/ld_library_path_lib.sh'
[6.264s] Level 1:colcon.colcon_core.environment:checking '/root/aerostack2_ws/install/as2_state_estimator/bin'
[6.264s] Level 1:colcon.colcon_core.environment:checking '/root/aerostack2_ws/install/as2_state_estimator/lib/pkgconfig/as2_state_estimator.pc'
[6.264s] Level 1:colcon.colcon_core.environment:checking '/root/aerostack2_ws/install/as2_state_estimator/lib/python3.10/site-packages'
[6.265s] Level 1:colcon.colcon_core.environment:checking '/root/aerostack2_ws/install/as2_state_estimator/bin'
[6.265s] INFO:colcon.colcon_core.shell:Creating package script '/root/aerostack2_ws/install/as2_state_estimator/share/as2_state_estimator/package.ps1'
[6.266s] INFO:colcon.colcon_core.shell:Creating package descriptor '/root/aerostack2_ws/install/as2_state_estimator/share/as2_state_estimator/package.dsv'
[6.266s] INFO:colcon.colcon_core.shell:Creating package script '/root/aerostack2_ws/install/as2_state_estimator/share/as2_state_estimator/package.sh'
[6.267s] INFO:colcon.colcon_core.shell:Creating package script '/root/aerostack2_ws/install/as2_state_estimator/share/as2_state_estimator/package.bash'
[6.267s] INFO:colcon.colcon_core.shell:Creating package script '/root/aerostack2_ws/install/as2_state_estimator/share/as2_state_estimator/package.zsh'
[6.270s] Level 1:colcon.colcon_core.environment:create_file_with_runtime_dependencies(/root/aerostack2_ws/install/as2_state_estimator/share/colcon-core/packages/as2_state_estimator)
[6.271s] Level 1:colcon.colcon_core.environment:create_environment_scripts_only(as2_state_estimator)
[6.271s] Level 1:colcon.colcon_core.environment:checking '/root/aerostack2_ws/install/as2_state_estimator' for CMake module files
[6.272s] Level 1:colcon.colcon_core.environment:checking '/root/aerostack2_ws/install/as2_state_estimator' for CMake config files
[6.272s] Level 1:colcon.colcon_core.shell:create_environment_hook('as2_state_estimator', 'cmake_prefix_path')
[6.273s] INFO:colcon.colcon_core.shell:Creating environment hook '/root/aerostack2_ws/install/as2_state_estimator/share/as2_state_estimator/hook/cmake_prefix_path.ps1'
[6.273s] INFO:colcon.colcon_core.shell:Creating environment descriptor '/root/aerostack2_ws/install/as2_state_estimator/share/as2_state_estimator/hook/cmake_prefix_path.dsv'
[6.274s] INFO:colcon.colcon_core.shell:Creating environment hook '/root/aerostack2_ws/install/as2_state_estimator/share/as2_state_estimator/hook/cmake_prefix_path.sh'
[6.274s] Level 1:colcon.colcon_core.environment:checking '/root/aerostack2_ws/install/as2_state_estimator/lib'
[6.274s] Level 1:colcon.colcon_core.shell:create_environment_hook('as2_state_estimator', 'ld_library_path_lib')
[6.275s] INFO:colcon.colcon_core.shell:Creating environment hook '/root/aerostack2_ws/install/as2_state_estimator/share/as2_state_estimator/hook/ld_library_path_lib.ps1'
[6.275s] INFO:colcon.colcon_core.shell:Creating environment descriptor '/root/aerostack2_ws/install/as2_state_estimator/share/as2_state_estimator/hook/ld_library_path_lib.dsv'
[6.275s] INFO:colcon.colcon_core.shell:Creating environment hook '/root/aerostack2_ws/install/as2_state_estimator/share/as2_state_estimator/hook/ld_library_path_lib.sh'
[6.276s] Level 1:colcon.colcon_core.environment:checking '/root/aerostack2_ws/install/as2_state_estimator/bin'
[6.276s] Level 1:colcon.colcon_core.environment:checking '/root/aerostack2_ws/install/as2_state_estimator/lib/pkgconfig/as2_state_estimator.pc'
[6.276s] Level 1:colcon.colcon_core.environment:checking '/root/aerostack2_ws/install/as2_state_estimator/lib/python3.10/site-packages'
[6.276s] Level 1:colcon.colcon_core.environment:checking '/root/aerostack2_ws/install/as2_state_estimator/bin'
[6.277s] INFO:colcon.colcon_core.shell:Creating package script '/root/aerostack2_ws/install/as2_state_estimator/share/as2_state_estimator/package.ps1'
[6.279s] INFO:colcon.colcon_core.shell:Creating package descriptor '/root/aerostack2_ws/install/as2_state_estimator/share/as2_state_estimator/package.dsv'
[6.279s] INFO:colcon.colcon_core.shell:Creating package script '/root/aerostack2_ws/install/as2_state_estimator/share/as2_state_estimator/package.sh'
[6.280s] INFO:colcon.colcon_core.shell:Creating package script '/root/aerostack2_ws/install/as2_state_estimator/share/as2_state_estimator/package.bash'
[6.280s] INFO:colcon.colcon_core.shell:Creating package script '/root/aerostack2_ws/install/as2_state_estimator/share/as2_state_estimator/package.zsh'
[6.280s] Level 1:colcon.colcon_core.environment:create_file_with_runtime_dependencies(/root/aerostack2_ws/install/as2_state_estimator/share/colcon-core/packages/as2_state_estimator)
[6.281s] Level 1:colcon.colcon_core.environment:create_environment_scripts_only(as2_usb_camera_interface)
[6.281s] Level 1:colcon.colcon_core.environment:checking '/root/aerostack2_ws/install/as2_usb_camera_interface' for CMake module files
[6.283s] DEBUG:colcon.colcon_core.event_handler.log_command:Invoked command in '/root/aerostack2_ws/build/as2_usb_camera_interface' returned '0': CMAKE_PREFIX_PATH=/root/aerostack2_ws/install/as2_core:/root/aerostack2_ws/install/as2_msgs:/root/aerostack2_ws/install/rmf_demos_gz_classic:/root/aerostack2_ws/install/rmf_demos_gz:/root/aerostack2_ws/install/rmf_demos:/root/aerostack2_ws/install/rmf_demos_maps:/root/aerostack2_ws/install/aerostack2:/root/aerostack2_ws/install/as2_usb_camera_interface:/root/aerostack2_ws/install/as2_state_estimator:/root/aerostack2_ws/install/as2_rviz_plugins:/root/aerostack2_ws/install/as2_realsense_interface:/root/aerostack2_ws/install/as2_platform_multirotor_simulator:/root/aerostack2_ws/install/as2_platform_gazebo:/root/aerostack2_ws/install/as2_motion_controller:/root/aerostack2_ws/install/as2_behaviors_trajectory_generation:/root/aerostack2_ws/install/as2_behaviors_swarm_flocking:/root/aerostack2_ws/install/as2_behaviors_motion:/root/aerostack2_ws/install/as2_motion_reference_handlers:/root/aerostack2_ws/install/as2_map_server:/root/aerostack2_ws/install/as2_geozones:/root/aerostack2_ws/install/as2_gazebo_assets:/root/aerostack2_ws/install/as2_external_object_to_tf:/root/aerostack2_ws/install/as2_behaviors_platform:/root/aerostack2_ws/install/as2_behaviors_perception:/root/aerostack2_ws/install/as2_behaviors_path_planning:/root/aerostack2_ws/install/as2_behavior_tree:/root/aerostack2_ws/install/as2_behavior:/root/aerostack2_ws/install/as2_alphanumeric_viewer:/root/aerostack2_ws/install/as2_cli:/root/aerostack2_ws/install/rmf_demos_tasks:/root/aerostack2_ws/install/rmf_demos_panel:/root/aerostack2_ws/install/rmf_demos_fleet_adapter:/root/aerostack2_ws/install/rmf_demos_dashboard_resources:/root/aerostack2_ws/install/rmf_demos_bridges:/root/aerostack2_ws/install/rmf_demos_assets:/root/aerostack2_ws/install/as2_visualization:/root/aerostack2_ws/install/as2_swarm_perception:/root/aerostack2_ws/install/as2_swarm_fusion_ci:/root/aerostack2_ws/install/as2_swarm_ekf:/root/aerostack2_ws/install/as2_keyboard_teleoperation:/root/aerostack2_ws/install/as2_python_api:/root/aerostack2_ws/install/as2_project_bringup:/root/aerostack2_ws/install/as2_perception:/root/aerostack2_ws/install/as2_groundray_perception:/opt/ros/humble LD_LIBRARY_PATH=/root/aerostack2_ws/install/as2_core/lib:/root/aerostack2_ws/install/as2_msgs/lib:/root/aerostack2_ws/install/as2_state_estimator/lib:/root/aerostack2_ws/install/as2_python_api/lib:/root/aerostack2_ws/install/as2_motion_controller/lib:/root/aerostack2_ws/install/as2_behaviors_trajectory_generation/lib:/root/aerostack2_ws/install/as2_behaviors_swarm_flocking/lib:/root/aerostack2_ws/install/as2_behaviors_motion/lib:/root/aerostack2_ws/install/as2_motion_reference_handlers/lib:/root/aerostack2_ws/install/as2_map_server/lib:/root/aerostack2_ws/install/as2_gazebo_assets/lib:/root/aerostack2_ws/install/as2_behaviors_perception/lib:/root/aerostack2_ws/install/as2_behaviors_path_planning/lib:/root/aerostack2_ws/install/as2_behavior_tree/lib:/root/aerostack2_ws/install/as2_behavior/lib:/opt/ros/humble/opt/rviz_ogre_vendor/lib:/opt/ros/humble/lib/x86_64-linux-gnu:/opt/ros/humble/lib /usr/bin/cmake --install /root/aerostack2_ws/build/as2_usb_camera_interface
[6.283s] Level 1:colcon.colcon_core.environment:checking '/root/aerostack2_ws/install/as2_usb_camera_interface' for CMake config files
[6.283s] Level 1:colcon.colcon_core.shell:create_environment_hook('as2_usb_camera_interface', 'cmake_prefix_path')
[6.283s] INFO:colcon.colcon_core.shell:Creating environment hook '/root/aerostack2_ws/install/as2_usb_camera_interface/share/as2_usb_camera_interface/hook/cmake_prefix_path.ps1'
[6.284s] INFO:colcon.colcon_core.shell:Creating environment descriptor '/root/aerostack2_ws/install/as2_usb_camera_interface/share/as2_usb_camera_interface/hook/cmake_prefix_path.dsv'
[6.284s] INFO:colcon.colcon_core.shell:Creating environment hook '/root/aerostack2_ws/install/as2_usb_camera_interface/share/as2_usb_camera_interface/hook/cmake_prefix_path.sh'
[6.285s] Level 1:colcon.colcon_core.environment:checking '/root/aerostack2_ws/install/as2_usb_camera_interface/lib'
[6.285s] Level 1:colcon.colcon_core.environment:checking '/root/aerostack2_ws/install/as2_usb_camera_interface/bin'
[6.285s] Level 1:colcon.colcon_core.environment:checking '/root/aerostack2_ws/install/as2_usb_camera_interface/lib/pkgconfig/as2_usb_camera_interface.pc'
[6.285s] Level 1:colcon.colcon_core.environment:checking '/root/aerostack2_ws/install/as2_usb_camera_interface/lib/python3.10/site-packages'
[6.286s] Level 1:colcon.colcon_core.environment:checking '/root/aerostack2_ws/install/as2_usb_camera_interface/bin'
[6.286s] INFO:colcon.colcon_core.shell:Creating package script '/root/aerostack2_ws/install/as2_usb_camera_interface/share/as2_usb_camera_interface/package.ps1'
[6.286s] INFO:colcon.colcon_core.shell:Creating package descriptor '/root/aerostack2_ws/install/as2_usb_camera_interface/share/as2_usb_camera_interface/package.dsv'
[6.287s] INFO:colcon.colcon_core.shell:Creating package script '/root/aerostack2_ws/install/as2_usb_camera_interface/share/as2_usb_camera_interface/package.sh'
[6.288s] INFO:colcon.colcon_core.shell:Creating package script '/root/aerostack2_ws/install/as2_usb_camera_interface/share/as2_usb_camera_interface/package.bash'
[6.288s] INFO:colcon.colcon_core.shell:Creating package script '/root/aerostack2_ws/install/as2_usb_camera_interface/share/as2_usb_camera_interface/package.zsh'
[6.288s] Level 1:colcon.colcon_core.environment:create_file_with_runtime_dependencies(/root/aerostack2_ws/install/as2_usb_camera_interface/share/colcon-core/packages/as2_usb_camera_interface)
[6.289s] Level 1:colcon.colcon_core.environment:create_environment_scripts_only(as2_usb_camera_interface)
[6.289s] Level 1:colcon.colcon_core.environment:checking '/root/aerostack2_ws/install/as2_usb_camera_interface' for CMake module files
[6.290s] Level 1:colcon.colcon_core.environment:checking '/root/aerostack2_ws/install/as2_usb_camera_interface' for CMake config files
[6.290s] Level 1:colcon.colcon_core.shell:create_environment_hook('as2_usb_camera_interface', 'cmake_prefix_path')
[6.290s] INFO:colcon.colcon_core.shell:Creating environment hook '/root/aerostack2_ws/install/as2_usb_camera_interface/share/as2_usb_camera_interface/hook/cmake_prefix_path.ps1'
[6.291s] INFO:colcon.colcon_core.shell:Creating environment descriptor '/root/aerostack2_ws/install/as2_usb_camera_interface/share/as2_usb_camera_interface/hook/cmake_prefix_path.dsv'
[6.291s] INFO:colcon.colcon_core.shell:Creating environment hook '/root/aerostack2_ws/install/as2_usb_camera_interface/share/as2_usb_camera_interface/hook/cmake_prefix_path.sh'
[6.292s] Level 1:colcon.colcon_core.environment:checking '/root/aerostack2_ws/install/as2_usb_camera_interface/lib'
[6.292s] Level 1:colcon.colcon_core.environment:checking '/root/aerostack2_ws/install/as2_usb_camera_interface/bin'
[6.292s] Level 1:colcon.colcon_core.environment:checking '/root/aerostack2_ws/install/as2_usb_camera_interface/lib/pkgconfig/as2_usb_camera_interface.pc'
[6.292s] Level 1:colcon.colcon_core.environment:checking '/root/aerostack2_ws/install/as2_usb_camera_interface/lib/python3.10/site-packages'
[6.293s] Level 1:colcon.colcon_core.environment:checking '/root/aerostack2_ws/install/as2_usb_camera_interface/bin'
[6.293s] INFO:colcon.colcon_core.shell:Creating package script '/root/aerostack2_ws/install/as2_usb_camera_interface/share/as2_usb_camera_interface/package.ps1'
[6.294s] INFO:colcon.colcon_core.shell:Creating package descriptor '/root/aerostack2_ws/install/as2_usb_camera_interface/share/as2_usb_camera_interface/package.dsv'
[6.294s] INFO:colcon.colcon_core.shell:Creating package script '/root/aerostack2_ws/install/as2_usb_camera_interface/share/as2_usb_camera_interface/package.sh'
[6.295s] INFO:colcon.colcon_core.shell:Creating package script '/root/aerostack2_ws/install/as2_usb_camera_interface/share/as2_usb_camera_interface/package.bash'
[6.297s] INFO:colcon.colcon_core.shell:Creating package script '/root/aerostack2_ws/install/as2_usb_camera_interface/share/as2_usb_camera_interface/package.zsh'
[6.298s] Level 1:colcon.colcon_core.environment:create_file_with_runtime_dependencies(/root/aerostack2_ws/install/as2_usb_camera_interface/share/colcon-core/packages/as2_usb_camera_interface)
[6.298s] Level 1:colcon.colcon_core.environment:create_environment_scripts_only(as2_behaviors_perception)
[6.300s] Level 1:colcon.colcon_core.environment:checking '/root/aerostack2_ws/install/as2_behaviors_perception' for CMake module files
[6.300s] DEBUG:colcon.colcon_core.event_handler.log_command:Invoked command in '/root/aerostack2_ws/build/as2_behaviors_perception' returned '0': CMAKE_PREFIX_PATH=/root/aerostack2_ws/install/as2_behavior:/root/aerostack2_ws/install/as2_core:/root/aerostack2_ws/install/as2_msgs:/root/aerostack2_ws/install/rmf_demos_gz_classic:/root/aerostack2_ws/install/rmf_demos_gz:/root/aerostack2_ws/install/rmf_demos:/root/aerostack2_ws/install/rmf_demos_maps:/root/aerostack2_ws/install/aerostack2:/root/aerostack2_ws/install/as2_usb_camera_interface:/root/aerostack2_ws/install/as2_state_estimator:/root/aerostack2_ws/install/as2_rviz_plugins:/root/aerostack2_ws/install/as2_realsense_interface:/root/aerostack2_ws/install/as2_platform_multirotor_simulator:/root/aerostack2_ws/install/as2_platform_gazebo:/root/aerostack2_ws/install/as2_motion_controller:/root/aerostack2_ws/install/as2_behaviors_trajectory_generation:/root/aerostack2_ws/install/as2_behaviors_swarm_flocking:/root/aerostack2_ws/install/as2_behaviors_motion:/root/aerostack2_ws/install/as2_motion_reference_handlers:/root/aerostack2_ws/install/as2_map_server:/root/aerostack2_ws/install/as2_geozones:/root/aerostack2_ws/install/as2_gazebo_assets:/root/aerostack2_ws/install/as2_external_object_to_tf:/root/aerostack2_ws/install/as2_behaviors_platform:/root/aerostack2_ws/install/as2_behaviors_perception:/root/aerostack2_ws/install/as2_behaviors_path_planning:/root/aerostack2_ws/install/as2_behavior_tree:/root/aerostack2_ws/install/as2_alphanumeric_viewer:/root/aerostack2_ws/install/as2_cli:/root/aerostack2_ws/install/rmf_demos_tasks:/root/aerostack2_ws/install/rmf_demos_panel:/root/aerostack2_ws/install/rmf_demos_fleet_adapter:/root/aerostack2_ws/install/rmf_demos_dashboard_resources:/root/aerostack2_ws/install/rmf_demos_bridges:/root/aerostack2_ws/install/rmf_demos_assets:/root/aerostack2_ws/install/as2_visualization:/root/aerostack2_ws/install/as2_swarm_perception:/root/aerostack2_ws/install/as2_swarm_fusion_ci:/root/aerostack2_ws/install/as2_swarm_ekf:/root/aerostack2_ws/install/as2_keyboard_teleoperation:/root/aerostack2_ws/install/as2_python_api:/root/aerostack2_ws/install/as2_project_bringup:/root/aerostack2_ws/install/as2_perception:/root/aerostack2_ws/install/as2_groundray_perception:/opt/ros/humble LD_LIBRARY_PATH=/root/aerostack2_ws/install/as2_behavior/lib:/root/aerostack2_ws/install/as2_core/lib:/root/aerostack2_ws/install/as2_msgs/lib:/root/aerostack2_ws/install/as2_state_estimator/lib:/root/aerostack2_ws/install/as2_python_api/lib:/root/aerostack2_ws/install/as2_motion_controller/lib:/root/aerostack2_ws/install/as2_behaviors_trajectory_generation/lib:/root/aerostack2_ws/install/as2_behaviors_swarm_flocking/lib:/root/aerostack2_ws/install/as2_behaviors_motion/lib:/root/aerostack2_ws/install/as2_motion_reference_handlers/lib:/root/aerostack2_ws/install/as2_map_server/lib:/root/aerostack2_ws/install/as2_gazebo_assets/lib:/root/aerostack2_ws/install/as2_behaviors_perception/lib:/root/aerostack2_ws/install/as2_behaviors_path_planning/lib:/root/aerostack2_ws/install/as2_behavior_tree/lib:/opt/ros/humble/opt/rviz_ogre_vendor/lib:/opt/ros/humble/lib/x86_64-linux-gnu:/opt/ros/humble/lib /usr/bin/cmake --install /root/aerostack2_ws/build/as2_behaviors_perception
[6.301s] Level 1:colcon.colcon_core.environment:checking '/root/aerostack2_ws/install/as2_behaviors_perception' for CMake config files
[6.301s] Level 1:colcon.colcon_core.shell:create_environment_hook('as2_behaviors_perception', 'cmake_prefix_path')
[6.301s] INFO:colcon.colcon_core.shell:Creating environment hook '/root/aerostack2_ws/install/as2_behaviors_perception/share/as2_behaviors_perception/hook/cmake_prefix_path.ps1'
[6.302s] INFO:colcon.colcon_core.shell:Creating environment descriptor '/root/aerostack2_ws/install/as2_behaviors_perception/share/as2_behaviors_perception/hook/cmake_prefix_path.dsv'
[6.303s] INFO:colcon.colcon_core.shell:Creating environment hook '/root/aerostack2_ws/install/as2_behaviors_perception/share/as2_behaviors_perception/hook/cmake_prefix_path.sh'
[6.303s] Level 1:colcon.colcon_core.environment:checking '/root/aerostack2_ws/install/as2_behaviors_perception/lib'
[6.303s] Level 1:colcon.colcon_core.shell:create_environment_hook('as2_behaviors_perception', 'ld_library_path_lib')
[6.304s] INFO:colcon.colcon_core.shell:Creating environment hook '/root/aerostack2_ws/install/as2_behaviors_perception/share/as2_behaviors_perception/hook/ld_library_path_lib.ps1'
[6.304s] INFO:colcon.colcon_core.shell:Creating environment descriptor '/root/aerostack2_ws/install/as2_behaviors_perception/share/as2_behaviors_perception/hook/ld_library_path_lib.dsv'
[6.304s] INFO:colcon.colcon_core.shell:Creating environment hook '/root/aerostack2_ws/install/as2_behaviors_perception/share/as2_behaviors_perception/hook/ld_library_path_lib.sh'
[6.304s] Level 1:colcon.colcon_core.environment:checking '/root/aerostack2_ws/install/as2_behaviors_perception/bin'
[6.304s] Level 1:colcon.colcon_core.environment:checking '/root/aerostack2_ws/install/as2_behaviors_perception/lib/pkgconfig/as2_behaviors_perception.pc'
[6.305s] Level 1:colcon.colcon_core.environment:checking '/root/aerostack2_ws/install/as2_behaviors_perception/lib/python3.10/site-packages'
[6.305s] Level 1:colcon.colcon_core.environment:checking '/root/aerostack2_ws/install/as2_behaviors_perception/bin'
[6.305s] INFO:colcon.colcon_core.shell:Creating package script '/root/aerostack2_ws/install/as2_behaviors_perception/share/as2_behaviors_perception/package.ps1'
[6.306s] INFO:colcon.colcon_core.shell:Creating package descriptor '/root/aerostack2_ws/install/as2_behaviors_perception/share/as2_behaviors_perception/package.dsv'
[6.306s] INFO:colcon.colcon_core.shell:Creating package script '/root/aerostack2_ws/install/as2_behaviors_perception/share/as2_behaviors_perception/package.sh'
[6.307s] INFO:colcon.colcon_core.shell:Creating package script '/root/aerostack2_ws/install/as2_behaviors_perception/share/as2_behaviors_perception/package.bash'
[6.307s] INFO:colcon.colcon_core.shell:Creating package script '/root/aerostack2_ws/install/as2_behaviors_perception/share/as2_behaviors_perception/package.zsh'
[6.308s] Level 1:colcon.colcon_core.environment:create_file_with_runtime_dependencies(/root/aerostack2_ws/install/as2_behaviors_perception/share/colcon-core/packages/as2_behaviors_perception)
[6.308s] Level 1:colcon.colcon_core.environment:create_environment_scripts_only(as2_behaviors_perception)
[6.309s] Level 1:colcon.colcon_core.environment:checking '/root/aerostack2_ws/install/as2_behaviors_perception' for CMake module files
[6.309s] Level 1:colcon.colcon_core.environment:checking '/root/aerostack2_ws/install/as2_behaviors_perception' for CMake config files
[6.309s] Level 1:colcon.colcon_core.shell:create_environment_hook('as2_behaviors_perception', 'cmake_prefix_path')
[6.310s] INFO:colcon.colcon_core.shell:Creating environment hook '/root/aerostack2_ws/install/as2_behaviors_perception/share/as2_behaviors_perception/hook/cmake_prefix_path.ps1'
[6.310s] INFO:colcon.colcon_core.shell:Creating environment descriptor '/root/aerostack2_ws/install/as2_behaviors_perception/share/as2_behaviors_perception/hook/cmake_prefix_path.dsv'
[6.310s] INFO:colcon.colcon_core.shell:Creating environment hook '/root/aerostack2_ws/install/as2_behaviors_perception/share/as2_behaviors_perception/hook/cmake_prefix_path.sh'
[6.312s] Level 1:colcon.colcon_core.environment:checking '/root/aerostack2_ws/install/as2_behaviors_perception/lib'
[6.312s] Level 1:colcon.colcon_core.shell:create_environment_hook('as2_behaviors_perception', 'ld_library_path_lib')
[6.312s] INFO:colcon.colcon_core.shell:Creating environment hook '/root/aerostack2_ws/install/as2_behaviors_perception/share/as2_behaviors_perception/hook/ld_library_path_lib.ps1'
[6.312s] INFO:colcon.colcon_core.shell:Creating environment descriptor '/root/aerostack2_ws/install/as2_behaviors_perception/share/as2_behaviors_perception/hook/ld_library_path_lib.dsv'
[6.313s] INFO:colcon.colcon_core.shell:Creating environment hook '/root/aerostack2_ws/install/as2_behaviors_perception/share/as2_behaviors_perception/hook/ld_library_path_lib.sh'
[6.313s] Level 1:colcon.colcon_core.environment:checking '/root/aerostack2_ws/install/as2_behaviors_perception/bin'
[6.313s] Level 1:colcon.colcon_core.environment:checking '/root/aerostack2_ws/install/as2_behaviors_perception/lib/pkgconfig/as2_behaviors_perception.pc'
[6.314s] Level 1:colcon.colcon_core.environment:checking '/root/aerostack2_ws/install/as2_behaviors_perception/lib/python3.10/site-packages'
[6.314s] Level 1:colcon.colcon_core.environment:checking '/root/aerostack2_ws/install/as2_behaviors_perception/bin'
[6.314s] INFO:colcon.colcon_core.shell:Creating package script '/root/aerostack2_ws/install/as2_behaviors_perception/share/as2_behaviors_perception/package.ps1'
[6.315s] INFO:colcon.colcon_core.shell:Creating package descriptor '/root/aerostack2_ws/install/as2_behaviors_perception/share/as2_behaviors_perception/package.dsv'
[6.316s] INFO:colcon.colcon_core.shell:Creating package script '/root/aerostack2_ws/install/as2_behaviors_perception/share/as2_behaviors_perception/package.sh'
[6.317s] INFO:colcon.colcon_core.shell:Creating package script '/root/aerostack2_ws/install/as2_behaviors_perception/share/as2_behaviors_perception/package.bash'
[6.317s] INFO:colcon.colcon_core.shell:Creating package script '/root/aerostack2_ws/install/as2_behaviors_perception/share/as2_behaviors_perception/package.zsh'
[6.317s] Level 1:colcon.colcon_core.environment:create_file_with_runtime_dependencies(/root/aerostack2_ws/install/as2_behaviors_perception/share/colcon-core/packages/as2_behaviors_perception)
[6.321s] DEBUG:colcon.colcon_core.event_handler.log_command:Invoking command in '/root/aerostack2_ws/build/as2_behaviors_platform': CMAKE_PREFIX_PATH=/root/aerostack2_ws/install/as2_behavior:/root/aerostack2_ws/install/as2_core:/root/aerostack2_ws/install/as2_msgs:/root/aerostack2_ws/install/rmf_demos_gz_classic:/root/aerostack2_ws/install/rmf_demos_gz:/root/aerostack2_ws/install/rmf_demos:/root/aerostack2_ws/install/rmf_demos_maps:/root/aerostack2_ws/install/aerostack2:/root/aerostack2_ws/install/as2_usb_camera_interface:/root/aerostack2_ws/install/as2_state_estimator:/root/aerostack2_ws/install/as2_rviz_plugins:/root/aerostack2_ws/install/as2_realsense_interface:/root/aerostack2_ws/install/as2_platform_multirotor_simulator:/root/aerostack2_ws/install/as2_platform_gazebo:/root/aerostack2_ws/install/as2_motion_controller:/root/aerostack2_ws/install/as2_behaviors_trajectory_generation:/root/aerostack2_ws/install/as2_behaviors_swarm_flocking:/root/aerostack2_ws/install/as2_behaviors_motion:/root/aerostack2_ws/install/as2_motion_reference_handlers:/root/aerostack2_ws/install/as2_map_server:/root/aerostack2_ws/install/as2_geozones:/root/aerostack2_ws/install/as2_gazebo_assets:/root/aerostack2_ws/install/as2_external_object_to_tf:/root/aerostack2_ws/install/as2_behaviors_platform:/root/aerostack2_ws/install/as2_behaviors_perception:/root/aerostack2_ws/install/as2_behaviors_path_planning:/root/aerostack2_ws/install/as2_behavior_tree:/root/aerostack2_ws/install/as2_alphanumeric_viewer:/root/aerostack2_ws/install/as2_cli:/root/aerostack2_ws/install/rmf_demos_tasks:/root/aerostack2_ws/install/rmf_demos_panel:/root/aerostack2_ws/install/rmf_demos_fleet_adapter:/root/aerostack2_ws/install/rmf_demos_dashboard_resources:/root/aerostack2_ws/install/rmf_demos_bridges:/root/aerostack2_ws/install/rmf_demos_assets:/root/aerostack2_ws/install/as2_visualization:/root/aerostack2_ws/install/as2_swarm_perception:/root/aerostack2_ws/install/as2_swarm_fusion_ci:/root/aerostack2_ws/install/as2_swarm_ekf:/root/aerostack2_ws/install/as2_keyboard_teleoperation:/root/aerostack2_ws/install/as2_python_api:/root/aerostack2_ws/install/as2_project_bringup:/root/aerostack2_ws/install/as2_perception:/root/aerostack2_ws/install/as2_groundray_perception:/opt/ros/humble LD_LIBRARY_PATH=/root/aerostack2_ws/install/as2_behavior/lib:/root/aerostack2_ws/install/as2_core/lib:/root/aerostack2_ws/install/as2_msgs/lib:/root/aerostack2_ws/install/as2_state_estimator/lib:/root/aerostack2_ws/install/as2_python_api/lib:/root/aerostack2_ws/install/as2_motion_controller/lib:/root/aerostack2_ws/install/as2_behaviors_trajectory_generation/lib:/root/aerostack2_ws/install/as2_behaviors_swarm_flocking/lib:/root/aerostack2_ws/install/as2_behaviors_motion/lib:/root/aerostack2_ws/install/as2_motion_reference_handlers/lib:/root/aerostack2_ws/install/as2_map_server/lib:/root/aerostack2_ws/install/as2_gazebo_assets/lib:/root/aerostack2_ws/install/as2_behaviors_perception/lib:/root/aerostack2_ws/install/as2_behaviors_path_planning/lib:/root/aerostack2_ws/install/as2_behavior_tree/lib:/opt/ros/humble/opt/rviz_ogre_vendor/lib:/opt/ros/humble/lib/x86_64-linux-gnu:/opt/ros/humble/lib /usr/bin/cmake --build /root/aerostack2_ws/build/as2_behaviors_platform -- -j8 -l8
[6.321s] INFO:colcon.colcon_ros.task.ament_cmake.build:Building ROS package in '/root/aerostack2_ws/src/aerostack2/as2_aerial_platforms/as2_platform_gazebo' with build type 'ament_cmake'
[6.321s] INFO:colcon.colcon_cmake.task.cmake.build:Building CMake package in '/root/aerostack2_ws/src/aerostack2/as2_aerial_platforms/as2_platform_gazebo'
[6.322s] INFO:colcon.colcon_core.shell:Skip shell extension 'powershell' for command environment: Not usable outside of PowerShell
[6.322s] DEBUG:colcon.colcon_core.shell:Skip shell extension 'dsv' for command environment
[6.327s] INFO:colcon.colcon_ros.task.ament_cmake.build:Building ROS package in '/root/aerostack2_ws/src/aerostack2/as2_user_interfaces/as2_visualization/as2_rviz_plugins' with build type 'ament_cmake'
[6.327s] INFO:colcon.colcon_cmake.task.cmake.build:Building CMake package in '/root/aerostack2_ws/src/aerostack2/as2_user_interfaces/as2_visualization/as2_rviz_plugins'
[6.327s] INFO:colcon.colcon_core.shell:Skip shell extension 'powershell' for command environment: Not usable outside of PowerShell
[6.327s] DEBUG:colcon.colcon_core.shell:Skip shell extension 'dsv' for command environment
[6.335s] INFO:colcon.colcon_ros.task.ament_python.build:Building ROS package in '/root/aerostack2_ws/src/aerostack2/as2_user_interfaces/as2_visualization/as2_visualization' with build type 'ament_python'
[6.336s] Level 1:colcon.colcon_core.shell:create_environment_hook('as2_visualization', 'ament_prefix_path')
[6.336s] INFO:colcon.colcon_core.shell:Creating environment hook '/root/aerostack2_ws/install/as2_visualization/share/as2_visualization/hook/ament_prefix_path.ps1'
[6.336s] INFO:colcon.colcon_core.shell:Creating environment descriptor '/root/aerostack2_ws/install/as2_visualization/share/as2_visualization/hook/ament_prefix_path.dsv'
[6.337s] INFO:colcon.colcon_core.shell:Creating environment hook '/root/aerostack2_ws/install/as2_visualization/share/as2_visualization/hook/ament_prefix_path.sh'
[6.337s] INFO:colcon.colcon_core.shell:Skip shell extension 'powershell' for command environment: Not usable outside of PowerShell
[6.337s] DEBUG:colcon.colcon_core.shell:Skip shell extension 'dsv' for command environment
[6.350s] DEBUG:colcon.colcon_core.event_handler.log_command:Invoking command in '/root/aerostack2_ws/build/as2_behaviors_trajectory_generation': CMAKE_PREFIX_PATH=/root/aerostack2_ws/install/as2_motion_reference_handlers:/root/aerostack2_ws/install/as2_behavior:/root/aerostack2_ws/install/as2_core:/root/aerostack2_ws/install/as2_msgs:/root/aerostack2_ws/install/rmf_demos_gz_classic:/root/aerostack2_ws/install/rmf_demos_gz:/root/aerostack2_ws/install/rmf_demos:/root/aerostack2_ws/install/rmf_demos_maps:/root/aerostack2_ws/install/aerostack2:/root/aerostack2_ws/install/as2_usb_camera_interface:/root/aerostack2_ws/install/as2_state_estimator:/root/aerostack2_ws/install/as2_rviz_plugins:/root/aerostack2_ws/install/as2_realsense_interface:/root/aerostack2_ws/install/as2_platform_multirotor_simulator:/root/aerostack2_ws/install/as2_platform_gazebo:/root/aerostack2_ws/install/as2_motion_controller:/root/aerostack2_ws/install/as2_behaviors_trajectory_generation:/root/aerostack2_ws/install/as2_behaviors_swarm_flocking:/root/aerostack2_ws/install/as2_behaviors_motion:/root/aerostack2_ws/install/as2_map_server:/root/aerostack2_ws/install/as2_geozones:/root/aerostack2_ws/install/as2_gazebo_assets:/root/aerostack2_ws/install/as2_external_object_to_tf:/root/aerostack2_ws/install/as2_behaviors_platform:/root/aerostack2_ws/install/as2_behaviors_perception:/root/aerostack2_ws/install/as2_behaviors_path_planning:/root/aerostack2_ws/install/as2_behavior_tree:/root/aerostack2_ws/install/as2_alphanumeric_viewer:/root/aerostack2_ws/install/as2_cli:/root/aerostack2_ws/install/rmf_demos_tasks:/root/aerostack2_ws/install/rmf_demos_panel:/root/aerostack2_ws/install/rmf_demos_fleet_adapter:/root/aerostack2_ws/install/rmf_demos_dashboard_resources:/root/aerostack2_ws/install/rmf_demos_bridges:/root/aerostack2_ws/install/rmf_demos_assets:/root/aerostack2_ws/install/as2_visualization:/root/aerostack2_ws/install/as2_swarm_perception:/root/aerostack2_ws/install/as2_swarm_fusion_ci:/root/aerostack2_ws/install/as2_swarm_ekf:/root/aerostack2_ws/install/as2_keyboard_teleoperation:/root/aerostack2_ws/install/as2_python_api:/root/aerostack2_ws/install/as2_project_bringup:/root/aerostack2_ws/install/as2_perception:/root/aerostack2_ws/install/as2_groundray_perception:/opt/ros/humble LD_LIBRARY_PATH=/root/aerostack2_ws/install/as2_behavior/lib:/root/aerostack2_ws/install/as2_core/lib:/root/aerostack2_ws/install/as2_msgs/lib:/root/aerostack2_ws/install/as2_state_estimator/lib:/root/aerostack2_ws/install/as2_python_api/lib:/root/aerostack2_ws/install/as2_motion_controller/lib:/root/aerostack2_ws/install/as2_behaviors_trajectory_generation/lib:/root/aerostack2_ws/install/as2_behaviors_swarm_flocking/lib:/root/aerostack2_ws/install/as2_behaviors_motion/lib:/root/aerostack2_ws/install/as2_motion_reference_handlers/lib:/root/aerostack2_ws/install/as2_map_server/lib:/root/aerostack2_ws/install/as2_gazebo_assets/lib:/root/aerostack2_ws/install/as2_behaviors_perception/lib:/root/aerostack2_ws/install/as2_behaviors_path_planning/lib:/root/aerostack2_ws/install/as2_behavior_tree/lib:/opt/ros/humble/opt/rviz_ogre_vendor/lib:/opt/ros/humble/lib/x86_64-linux-gnu:/opt/ros/humble/lib /usr/bin/cmake --build /root/aerostack2_ws/build/as2_behaviors_trajectory_generation -- -j8 -l8
[6.351s] DEBUG:colcon.colcon_core.event_handler.log_command:Invoking command in '/root/aerostack2_ws/build/as2_motion_controller': CMAKE_PREFIX_PATH=/root/aerostack2_ws/install/as2_motion_reference_handlers:/root/aerostack2_ws/install/as2_core:/root/aerostack2_ws/install/as2_msgs:/root/aerostack2_ws/install/rmf_demos_gz_classic:/root/aerostack2_ws/install/rmf_demos_gz:/root/aerostack2_ws/install/rmf_demos:/root/aerostack2_ws/install/rmf_demos_maps:/root/aerostack2_ws/install/aerostack2:/root/aerostack2_ws/install/as2_usb_camera_interface:/root/aerostack2_ws/install/as2_state_estimator:/root/aerostack2_ws/install/as2_rviz_plugins:/root/aerostack2_ws/install/as2_realsense_interface:/root/aerostack2_ws/install/as2_platform_multirotor_simulator:/root/aerostack2_ws/install/as2_platform_gazebo:/root/aerostack2_ws/install/as2_motion_controller:/root/aerostack2_ws/install/as2_behaviors_trajectory_generation:/root/aerostack2_ws/install/as2_behaviors_swarm_flocking:/root/aerostack2_ws/install/as2_behaviors_motion:/root/aerostack2_ws/install/as2_map_server:/root/aerostack2_ws/install/as2_geozones:/root/aerostack2_ws/install/as2_gazebo_assets:/root/aerostack2_ws/install/as2_external_object_to_tf:/root/aerostack2_ws/install/as2_behaviors_platform:/root/aerostack2_ws/install/as2_behaviors_perception:/root/aerostack2_ws/install/as2_behaviors_path_planning:/root/aerostack2_ws/install/as2_behavior_tree:/root/aerostack2_ws/install/as2_behavior:/root/aerostack2_ws/install/as2_alphanumeric_viewer:/root/aerostack2_ws/install/as2_cli:/root/aerostack2_ws/install/rmf_demos_tasks:/root/aerostack2_ws/install/rmf_demos_panel:/root/aerostack2_ws/install/rmf_demos_fleet_adapter:/root/aerostack2_ws/install/rmf_demos_dashboard_resources:/root/aerostack2_ws/install/rmf_demos_bridges:/root/aerostack2_ws/install/rmf_demos_assets:/root/aerostack2_ws/install/as2_visualization:/root/aerostack2_ws/install/as2_swarm_perception:/root/aerostack2_ws/install/as2_swarm_fusion_ci:/root/aerostack2_ws/install/as2_swarm_ekf:/root/aerostack2_ws/install/as2_keyboard_teleoperation:/root/aerostack2_ws/install/as2_python_api:/root/aerostack2_ws/install/as2_project_bringup:/root/aerostack2_ws/install/as2_perception:/root/aerostack2_ws/install/as2_groundray_perception:/opt/ros/humble LD_LIBRARY_PATH=/root/aerostack2_ws/install/as2_core/lib:/root/aerostack2_ws/install/as2_msgs/lib:/root/aerostack2_ws/install/as2_state_estimator/lib:/root/aerostack2_ws/install/as2_python_api/lib:/root/aerostack2_ws/install/as2_motion_controller/lib:/root/aerostack2_ws/install/as2_behaviors_trajectory_generation/lib:/root/aerostack2_ws/install/as2_behaviors_swarm_flocking/lib:/root/aerostack2_ws/install/as2_behaviors_motion/lib:/root/aerostack2_ws/install/as2_motion_reference_handlers/lib:/root/aerostack2_ws/install/as2_map_server/lib:/root/aerostack2_ws/install/as2_gazebo_assets/lib:/root/aerostack2_ws/install/as2_behaviors_perception/lib:/root/aerostack2_ws/install/as2_behaviors_path_planning/lib:/root/aerostack2_ws/install/as2_behavior_tree/lib:/root/aerostack2_ws/install/as2_behavior/lib:/opt/ros/humble/opt/rviz_ogre_vendor/lib:/opt/ros/humble/lib/x86_64-linux-gnu:/opt/ros/humble/lib /usr/bin/cmake --build /root/aerostack2_ws/build/as2_motion_controller -- -j8 -l8
[6.356s] DEBUG:colcon.colcon_core.event_handler.log_command:Invoking command in '/root/aerostack2_ws/build/as2_platform_gazebo': CMAKE_PREFIX_PATH=/root/aerostack2_ws/install/as2_gazebo_assets:/root/aerostack2_ws/install/as2_core:/root/aerostack2_ws/install/as2_msgs:/root/aerostack2_ws/install/rmf_demos_gz_classic:/root/aerostack2_ws/install/rmf_demos_gz:/root/aerostack2_ws/install/rmf_demos:/root/aerostack2_ws/install/rmf_demos_maps:/root/aerostack2_ws/install/aerostack2:/root/aerostack2_ws/install/as2_usb_camera_interface:/root/aerostack2_ws/install/as2_state_estimator:/root/aerostack2_ws/install/as2_rviz_plugins:/root/aerostack2_ws/install/as2_realsense_interface:/root/aerostack2_ws/install/as2_platform_multirotor_simulator:/root/aerostack2_ws/install/as2_platform_gazebo:/root/aerostack2_ws/install/as2_motion_controller:/root/aerostack2_ws/install/as2_behaviors_trajectory_generation:/root/aerostack2_ws/install/as2_behaviors_swarm_flocking:/root/aerostack2_ws/install/as2_behaviors_motion:/root/aerostack2_ws/install/as2_motion_reference_handlers:/root/aerostack2_ws/install/as2_map_server:/root/aerostack2_ws/install/as2_geozones:/root/aerostack2_ws/install/as2_external_object_to_tf:/root/aerostack2_ws/install/as2_behaviors_platform:/root/aerostack2_ws/install/as2_behaviors_perception:/root/aerostack2_ws/install/as2_behaviors_path_planning:/root/aerostack2_ws/install/as2_behavior_tree:/root/aerostack2_ws/install/as2_behavior:/root/aerostack2_ws/install/as2_alphanumeric_viewer:/root/aerostack2_ws/install/as2_cli:/root/aerostack2_ws/install/rmf_demos_tasks:/root/aerostack2_ws/install/rmf_demos_panel:/root/aerostack2_ws/install/rmf_demos_fleet_adapter:/root/aerostack2_ws/install/rmf_demos_dashboard_resources:/root/aerostack2_ws/install/rmf_demos_bridges:/root/aerostack2_ws/install/rmf_demos_assets:/root/aerostack2_ws/install/as2_visualization:/root/aerostack2_ws/install/as2_swarm_perception:/root/aerostack2_ws/install/as2_swarm_fusion_ci:/root/aerostack2_ws/install/as2_swarm_ekf:/root/aerostack2_ws/install/as2_keyboard_teleoperation:/root/aerostack2_ws/install/as2_python_api:/root/aerostack2_ws/install/as2_project_bringup:/root/aerostack2_ws/install/as2_perception:/root/aerostack2_ws/install/as2_groundray_perception:/opt/ros/humble GZ_SIM_RESOURCE_PATH=/root/aerostack2_ws/install/as2_gazebo_assets/share/as2_ign_gazebo_assets/worlds:/root/aerostack2_ws/install/as2_gazebo_assets/share/as2_ign_gazebo_assets/models:${GZ_SIM_RESOURCE_PATH} GZ_VERSION=@GZ_VERSION@ LD_LIBRARY_PATH=/root/aerostack2_ws/install/as2_gazebo_assets/lib:/root/aerostack2_ws/install/as2_core/lib:/root/aerostack2_ws/install/as2_msgs/lib:/root/aerostack2_ws/install/as2_state_estimator/lib:/root/aerostack2_ws/install/as2_python_api/lib:/root/aerostack2_ws/install/as2_motion_controller/lib:/root/aerostack2_ws/install/as2_behaviors_trajectory_generation/lib:/root/aerostack2_ws/install/as2_behaviors_swarm_flocking/lib:/root/aerostack2_ws/install/as2_behaviors_motion/lib:/root/aerostack2_ws/install/as2_motion_reference_handlers/lib:/root/aerostack2_ws/install/as2_map_server/lib:/root/aerostack2_ws/install/as2_behaviors_perception/lib:/root/aerostack2_ws/install/as2_behaviors_path_planning/lib:/root/aerostack2_ws/install/as2_behavior_tree/lib:/root/aerostack2_ws/install/as2_behavior/lib:/opt/ros/humble/opt/rviz_ogre_vendor/lib:/opt/ros/humble/lib/x86_64-linux-gnu:/opt/ros/humble/lib /usr/bin/cmake --build /root/aerostack2_ws/build/as2_platform_gazebo -- -j8 -l8
[6.360s] DEBUG:colcon.colcon_core.event_handler.log_command:Invoking command in '/root/aerostack2_ws/build/as2_rviz_plugins': CMAKE_PREFIX_PATH=/root/aerostack2_ws/install/as2_motion_reference_handlers:/root/aerostack2_ws/install/as2_core:/root/aerostack2_ws/install/as2_msgs:/root/aerostack2_ws/install/rmf_demos_gz_classic:/root/aerostack2_ws/install/rmf_demos_gz:/root/aerostack2_ws/install/rmf_demos:/root/aerostack2_ws/install/rmf_demos_maps:/root/aerostack2_ws/install/aerostack2:/root/aerostack2_ws/install/as2_usb_camera_interface:/root/aerostack2_ws/install/as2_state_estimator:/root/aerostack2_ws/install/as2_rviz_plugins:/root/aerostack2_ws/install/as2_realsense_interface:/root/aerostack2_ws/install/as2_platform_multirotor_simulator:/root/aerostack2_ws/install/as2_platform_gazebo:/root/aerostack2_ws/install/as2_motion_controller:/root/aerostack2_ws/install/as2_behaviors_trajectory_generation:/root/aerostack2_ws/install/as2_behaviors_swarm_flocking:/root/aerostack2_ws/install/as2_behaviors_motion:/root/aerostack2_ws/install/as2_map_server:/root/aerostack2_ws/install/as2_geozones:/root/aerostack2_ws/install/as2_gazebo_assets:/root/aerostack2_ws/install/as2_external_object_to_tf:/root/aerostack2_ws/install/as2_behaviors_platform:/root/aerostack2_ws/install/as2_behaviors_perception:/root/aerostack2_ws/install/as2_behaviors_path_planning:/root/aerostack2_ws/install/as2_behavior_tree:/root/aerostack2_ws/install/as2_behavior:/root/aerostack2_ws/install/as2_alphanumeric_viewer:/root/aerostack2_ws/install/as2_cli:/root/aerostack2_ws/install/rmf_demos_tasks:/root/aerostack2_ws/install/rmf_demos_panel:/root/aerostack2_ws/install/rmf_demos_fleet_adapter:/root/aerostack2_ws/install/rmf_demos_dashboard_resources:/root/aerostack2_ws/install/rmf_demos_bridges:/root/aerostack2_ws/install/rmf_demos_assets:/root/aerostack2_ws/install/as2_visualization:/root/aerostack2_ws/install/as2_swarm_perception:/root/aerostack2_ws/install/as2_swarm_fusion_ci:/root/aerostack2_ws/install/as2_swarm_ekf:/root/aerostack2_ws/install/as2_keyboard_teleoperation:/root/aerostack2_ws/install/as2_python_api:/root/aerostack2_ws/install/as2_project_bringup:/root/aerostack2_ws/install/as2_perception:/root/aerostack2_ws/install/as2_groundray_perception:/opt/ros/humble LD_LIBRARY_PATH=/root/aerostack2_ws/install/as2_core/lib:/root/aerostack2_ws/install/as2_msgs/lib:/root/aerostack2_ws/install/as2_state_estimator/lib:/root/aerostack2_ws/install/as2_python_api/lib:/root/aerostack2_ws/install/as2_motion_controller/lib:/root/aerostack2_ws/install/as2_behaviors_trajectory_generation/lib:/root/aerostack2_ws/install/as2_behaviors_swarm_flocking/lib:/root/aerostack2_ws/install/as2_behaviors_motion/lib:/root/aerostack2_ws/install/as2_motion_reference_handlers/lib:/root/aerostack2_ws/install/as2_map_server/lib:/root/aerostack2_ws/install/as2_gazebo_assets/lib:/root/aerostack2_ws/install/as2_behaviors_perception/lib:/root/aerostack2_ws/install/as2_behaviors_path_planning/lib:/root/aerostack2_ws/install/as2_behavior_tree/lib:/root/aerostack2_ws/install/as2_behavior/lib:/opt/ros/humble/opt/rviz_ogre_vendor/lib:/opt/ros/humble/lib/x86_64-linux-gnu:/opt/ros/humble/lib /usr/bin/cmake --build /root/aerostack2_ws/build/as2_rviz_plugins -- -j8 -l8
[6.364s] DEBUG:colcon.colcon_core.event_handler.log_command:Invoked command in '/root/aerostack2_ws/build/as2_behaviors_motion' returned '0': CMAKE_PREFIX_PATH=/root/aerostack2_ws/install/as2_motion_reference_handlers:/root/aerostack2_ws/install/as2_behavior:/root/aerostack2_ws/install/as2_core:/root/aerostack2_ws/install/as2_msgs:/root/aerostack2_ws/install/rmf_demos_gz_classic:/root/aerostack2_ws/install/rmf_demos_gz:/root/aerostack2_ws/install/rmf_demos:/root/aerostack2_ws/install/rmf_demos_maps:/root/aerostack2_ws/install/aerostack2:/root/aerostack2_ws/install/as2_usb_camera_interface:/root/aerostack2_ws/install/as2_state_estimator:/root/aerostack2_ws/install/as2_rviz_plugins:/root/aerostack2_ws/install/as2_realsense_interface:/root/aerostack2_ws/install/as2_platform_multirotor_simulator:/root/aerostack2_ws/install/as2_platform_gazebo:/root/aerostack2_ws/install/as2_motion_controller:/root/aerostack2_ws/install/as2_behaviors_trajectory_generation:/root/aerostack2_ws/install/as2_behaviors_swarm_flocking:/root/aerostack2_ws/install/as2_behaviors_motion:/root/aerostack2_ws/install/as2_map_server:/root/aerostack2_ws/install/as2_geozones:/root/aerostack2_ws/install/as2_gazebo_assets:/root/aerostack2_ws/install/as2_external_object_to_tf:/root/aerostack2_ws/install/as2_behaviors_platform:/root/aerostack2_ws/install/as2_behaviors_perception:/root/aerostack2_ws/install/as2_behaviors_path_planning:/root/aerostack2_ws/install/as2_behavior_tree:/root/aerostack2_ws/install/as2_alphanumeric_viewer:/root/aerostack2_ws/install/as2_cli:/root/aerostack2_ws/install/rmf_demos_tasks:/root/aerostack2_ws/install/rmf_demos_panel:/root/aerostack2_ws/install/rmf_demos_fleet_adapter:/root/aerostack2_ws/install/rmf_demos_dashboard_resources:/root/aerostack2_ws/install/rmf_demos_bridges:/root/aerostack2_ws/install/rmf_demos_assets:/root/aerostack2_ws/install/as2_visualization:/root/aerostack2_ws/install/as2_swarm_perception:/root/aerostack2_ws/install/as2_swarm_fusion_ci:/root/aerostack2_ws/install/as2_swarm_ekf:/root/aerostack2_ws/install/as2_keyboard_teleoperation:/root/aerostack2_ws/install/as2_python_api:/root/aerostack2_ws/install/as2_project_bringup:/root/aerostack2_ws/install/as2_perception:/root/aerostack2_ws/install/as2_groundray_perception:/opt/ros/humble LD_LIBRARY_PATH=/root/aerostack2_ws/install/as2_behavior/lib:/root/aerostack2_ws/install/as2_core/lib:/root/aerostack2_ws/install/as2_msgs/lib:/root/aerostack2_ws/install/as2_state_estimator/lib:/root/aerostack2_ws/install/as2_python_api/lib:/root/aerostack2_ws/install/as2_motion_controller/lib:/root/aerostack2_ws/install/as2_behaviors_trajectory_generation/lib:/root/aerostack2_ws/install/as2_behaviors_swarm_flocking/lib:/root/aerostack2_ws/install/as2_behaviors_motion/lib:/root/aerostack2_ws/install/as2_motion_reference_handlers/lib:/root/aerostack2_ws/install/as2_map_server/lib:/root/aerostack2_ws/install/as2_gazebo_assets/lib:/root/aerostack2_ws/install/as2_behaviors_perception/lib:/root/aerostack2_ws/install/as2_behaviors_path_planning/lib:/root/aerostack2_ws/install/as2_behavior_tree/lib:/opt/ros/humble/opt/rviz_ogre_vendor/lib:/opt/ros/humble/lib/x86_64-linux-gnu:/opt/ros/humble/lib /usr/bin/cmake --build /root/aerostack2_ws/build/as2_behaviors_motion -- -j8 -l8
[6.365s] DEBUG:colcon.colcon_core.event_handler.log_command:Invoking command in '/root/aerostack2_ws/build/as2_behaviors_motion': CMAKE_PREFIX_PATH=/root/aerostack2_ws/install/as2_motion_reference_handlers:/root/aerostack2_ws/install/as2_behavior:/root/aerostack2_ws/install/as2_core:/root/aerostack2_ws/install/as2_msgs:/root/aerostack2_ws/install/rmf_demos_gz_classic:/root/aerostack2_ws/install/rmf_demos_gz:/root/aerostack2_ws/install/rmf_demos:/root/aerostack2_ws/install/rmf_demos_maps:/root/aerostack2_ws/install/aerostack2:/root/aerostack2_ws/install/as2_usb_camera_interface:/root/aerostack2_ws/install/as2_state_estimator:/root/aerostack2_ws/install/as2_rviz_plugins:/root/aerostack2_ws/install/as2_realsense_interface:/root/aerostack2_ws/install/as2_platform_multirotor_simulator:/root/aerostack2_ws/install/as2_platform_gazebo:/root/aerostack2_ws/install/as2_motion_controller:/root/aerostack2_ws/install/as2_behaviors_trajectory_generation:/root/aerostack2_ws/install/as2_behaviors_swarm_flocking:/root/aerostack2_ws/install/as2_behaviors_motion:/root/aerostack2_ws/install/as2_map_server:/root/aerostack2_ws/install/as2_geozones:/root/aerostack2_ws/install/as2_gazebo_assets:/root/aerostack2_ws/install/as2_external_object_to_tf:/root/aerostack2_ws/install/as2_behaviors_platform:/root/aerostack2_ws/install/as2_behaviors_perception:/root/aerostack2_ws/install/as2_behaviors_path_planning:/root/aerostack2_ws/install/as2_behavior_tree:/root/aerostack2_ws/install/as2_alphanumeric_viewer:/root/aerostack2_ws/install/as2_cli:/root/aerostack2_ws/install/rmf_demos_tasks:/root/aerostack2_ws/install/rmf_demos_panel:/root/aerostack2_ws/install/rmf_demos_fleet_adapter:/root/aerostack2_ws/install/rmf_demos_dashboard_resources:/root/aerostack2_ws/install/rmf_demos_bridges:/root/aerostack2_ws/install/rmf_demos_assets:/root/aerostack2_ws/install/as2_visualization:/root/aerostack2_ws/install/as2_swarm_perception:/root/aerostack2_ws/install/as2_swarm_fusion_ci:/root/aerostack2_ws/install/as2_swarm_ekf:/root/aerostack2_ws/install/as2_keyboard_teleoperation:/root/aerostack2_ws/install/as2_python_api:/root/aerostack2_ws/install/as2_project_bringup:/root/aerostack2_ws/install/as2_perception:/root/aerostack2_ws/install/as2_groundray_perception:/opt/ros/humble LD_LIBRARY_PATH=/root/aerostack2_ws/install/as2_behavior/lib:/root/aerostack2_ws/install/as2_core/lib:/root/aerostack2_ws/install/as2_msgs/lib:/root/aerostack2_ws/install/as2_state_estimator/lib:/root/aerostack2_ws/install/as2_python_api/lib:/root/aerostack2_ws/install/as2_motion_controller/lib:/root/aerostack2_ws/install/as2_behaviors_trajectory_generation/lib:/root/aerostack2_ws/install/as2_behaviors_swarm_flocking/lib:/root/aerostack2_ws/install/as2_behaviors_motion/lib:/root/aerostack2_ws/install/as2_motion_reference_handlers/lib:/root/aerostack2_ws/install/as2_map_server/lib:/root/aerostack2_ws/install/as2_gazebo_assets/lib:/root/aerostack2_ws/install/as2_behaviors_perception/lib:/root/aerostack2_ws/install/as2_behaviors_path_planning/lib:/root/aerostack2_ws/install/as2_behavior_tree/lib:/opt/ros/humble/opt/rviz_ogre_vendor/lib:/opt/ros/humble/lib/x86_64-linux-gnu:/opt/ros/humble/lib /usr/bin/cmake --install /root/aerostack2_ws/build/as2_behaviors_motion
[6.766s] INFO:colcon.colcon_core.task.python.build:Building Python package in '/root/aerostack2_ws/src/aerostack2/as2_user_interfaces/as2_visualization/as2_visualization'
[6.766s] INFO:colcon.colcon_core.shell:Skip shell extension 'powershell' for command environment: Not usable outside of PowerShell
[6.766s] DEBUG:colcon.colcon_core.shell:Skip shell extension 'dsv' for command environment
[6.775s] Level 1:colcon.colcon_core.environment:create_environment_scripts_only(as2_behaviors_motion)
[6.775s] Level 1:colcon.colcon_core.environment:checking '/root/aerostack2_ws/install/as2_behaviors_motion' for CMake module files
[6.776s] DEBUG:colcon.colcon_core.event_handler.log_command:Invoked command in '/root/aerostack2_ws/build/as2_behaviors_motion' returned '0': CMAKE_PREFIX_PATH=/root/aerostack2_ws/install/as2_motion_reference_handlers:/root/aerostack2_ws/install/as2_behavior:/root/aerostack2_ws/install/as2_core:/root/aerostack2_ws/install/as2_msgs:/root/aerostack2_ws/install/rmf_demos_gz_classic:/root/aerostack2_ws/install/rmf_demos_gz:/root/aerostack2_ws/install/rmf_demos:/root/aerostack2_ws/install/rmf_demos_maps:/root/aerostack2_ws/install/aerostack2:/root/aerostack2_ws/install/as2_usb_camera_interface:/root/aerostack2_ws/install/as2_state_estimator:/root/aerostack2_ws/install/as2_rviz_plugins:/root/aerostack2_ws/install/as2_realsense_interface:/root/aerostack2_ws/install/as2_platform_multirotor_simulator:/root/aerostack2_ws/install/as2_platform_gazebo:/root/aerostack2_ws/install/as2_motion_controller:/root/aerostack2_ws/install/as2_behaviors_trajectory_generation:/root/aerostack2_ws/install/as2_behaviors_swarm_flocking:/root/aerostack2_ws/install/as2_behaviors_motion:/root/aerostack2_ws/install/as2_map_server:/root/aerostack2_ws/install/as2_geozones:/root/aerostack2_ws/install/as2_gazebo_assets:/root/aerostack2_ws/install/as2_external_object_to_tf:/root/aerostack2_ws/install/as2_behaviors_platform:/root/aerostack2_ws/install/as2_behaviors_perception:/root/aerostack2_ws/install/as2_behaviors_path_planning:/root/aerostack2_ws/install/as2_behavior_tree:/root/aerostack2_ws/install/as2_alphanumeric_viewer:/root/aerostack2_ws/install/as2_cli:/root/aerostack2_ws/install/rmf_demos_tasks:/root/aerostack2_ws/install/rmf_demos_panel:/root/aerostack2_ws/install/rmf_demos_fleet_adapter:/root/aerostack2_ws/install/rmf_demos_dashboard_resources:/root/aerostack2_ws/install/rmf_demos_bridges:/root/aerostack2_ws/install/rmf_demos_assets:/root/aerostack2_ws/install/as2_visualization:/root/aerostack2_ws/install/as2_swarm_perception:/root/aerostack2_ws/install/as2_swarm_fusion_ci:/root/aerostack2_ws/install/as2_swarm_ekf:/root/aerostack2_ws/install/as2_keyboard_teleoperation:/root/aerostack2_ws/install/as2_python_api:/root/aerostack2_ws/install/as2_project_bringup:/root/aerostack2_ws/install/as2_perception:/root/aerostack2_ws/install/as2_groundray_perception:/opt/ros/humble LD_LIBRARY_PATH=/root/aerostack2_ws/install/as2_behavior/lib:/root/aerostack2_ws/install/as2_core/lib:/root/aerostack2_ws/install/as2_msgs/lib:/root/aerostack2_ws/install/as2_state_estimator/lib:/root/aerostack2_ws/install/as2_python_api/lib:/root/aerostack2_ws/install/as2_motion_controller/lib:/root/aerostack2_ws/install/as2_behaviors_trajectory_generation/lib:/root/aerostack2_ws/install/as2_behaviors_swarm_flocking/lib:/root/aerostack2_ws/install/as2_behaviors_motion/lib:/root/aerostack2_ws/install/as2_motion_reference_handlers/lib:/root/aerostack2_ws/install/as2_map_server/lib:/root/aerostack2_ws/install/as2_gazebo_assets/lib:/root/aerostack2_ws/install/as2_behaviors_perception/lib:/root/aerostack2_ws/install/as2_behaviors_path_planning/lib:/root/aerostack2_ws/install/as2_behavior_tree/lib:/opt/ros/humble/opt/rviz_ogre_vendor/lib:/opt/ros/humble/lib/x86_64-linux-gnu:/opt/ros/humble/lib /usr/bin/cmake --install /root/aerostack2_ws/build/as2_behaviors_motion
[6.777s] Level 1:colcon.colcon_core.environment:checking '/root/aerostack2_ws/install/as2_behaviors_motion' for CMake config files
[6.777s] Level 1:colcon.colcon_core.shell:create_environment_hook('as2_behaviors_motion', 'cmake_prefix_path')
[6.777s] INFO:colcon.colcon_core.shell:Creating environment hook '/root/aerostack2_ws/install/as2_behaviors_motion/share/as2_behaviors_motion/hook/cmake_prefix_path.ps1'
[6.778s] INFO:colcon.colcon_core.shell:Creating environment descriptor '/root/aerostack2_ws/install/as2_behaviors_motion/share/as2_behaviors_motion/hook/cmake_prefix_path.dsv'
[6.778s] INFO:colcon.colcon_core.shell:Creating environment hook '/root/aerostack2_ws/install/as2_behaviors_motion/share/as2_behaviors_motion/hook/cmake_prefix_path.sh'
[6.779s] Level 1:colcon.colcon_core.environment:checking '/root/aerostack2_ws/install/as2_behaviors_motion/lib'
[6.779s] Level 1:colcon.colcon_core.shell:create_environment_hook('as2_behaviors_motion', 'ld_library_path_lib')
[6.779s] INFO:colcon.colcon_core.shell:Creating environment hook '/root/aerostack2_ws/install/as2_behaviors_motion/share/as2_behaviors_motion/hook/ld_library_path_lib.ps1'
[6.779s] INFO:colcon.colcon_core.shell:Creating environment descriptor '/root/aerostack2_ws/install/as2_behaviors_motion/share/as2_behaviors_motion/hook/ld_library_path_lib.dsv'
[6.780s] INFO:colcon.colcon_core.shell:Creating environment hook '/root/aerostack2_ws/install/as2_behaviors_motion/share/as2_behaviors_motion/hook/ld_library_path_lib.sh'
[6.780s] Level 1:colcon.colcon_core.environment:checking '/root/aerostack2_ws/install/as2_behaviors_motion/bin'
[6.780s] Level 1:colcon.colcon_core.environment:checking '/root/aerostack2_ws/install/as2_behaviors_motion/lib/pkgconfig/as2_behaviors_motion.pc'
[6.780s] Level 1:colcon.colcon_core.environment:checking '/root/aerostack2_ws/install/as2_behaviors_motion/lib/python3.10/site-packages'
[6.781s] Level 1:colcon.colcon_core.environment:checking '/root/aerostack2_ws/install/as2_behaviors_motion/bin'
[6.781s] INFO:colcon.colcon_core.shell:Creating package script '/root/aerostack2_ws/install/as2_behaviors_motion/share/as2_behaviors_motion/package.ps1'
[6.782s] INFO:colcon.colcon_core.shell:Creating package descriptor '/root/aerostack2_ws/install/as2_behaviors_motion/share/as2_behaviors_motion/package.dsv'
[6.782s] INFO:colcon.colcon_core.shell:Creating package script '/root/aerostack2_ws/install/as2_behaviors_motion/share/as2_behaviors_motion/package.sh'
[6.783s] INFO:colcon.colcon_core.shell:Creating package script '/root/aerostack2_ws/install/as2_behaviors_motion/share/as2_behaviors_motion/package.bash'
[6.783s] INFO:colcon.colcon_core.shell:Creating package script '/root/aerostack2_ws/install/as2_behaviors_motion/share/as2_behaviors_motion/package.zsh'
[6.783s] Level 1:colcon.colcon_core.environment:create_file_with_runtime_dependencies(/root/aerostack2_ws/install/as2_behaviors_motion/share/colcon-core/packages/as2_behaviors_motion)
[6.784s] Level 1:colcon.colcon_core.environment:create_environment_scripts_only(as2_behaviors_motion)
[6.784s] Level 1:colcon.colcon_core.environment:checking '/root/aerostack2_ws/install/as2_behaviors_motion' for CMake module files
[6.785s] Level 1:colcon.colcon_core.environment:checking '/root/aerostack2_ws/install/as2_behaviors_motion' for CMake config files
[6.785s] Level 1:colcon.colcon_core.shell:create_environment_hook('as2_behaviors_motion', 'cmake_prefix_path')
[6.786s] INFO:colcon.colcon_core.shell:Creating environment hook '/root/aerostack2_ws/install/as2_behaviors_motion/share/as2_behaviors_motion/hook/cmake_prefix_path.ps1'
[6.786s] INFO:colcon.colcon_core.shell:Creating environment descriptor '/root/aerostack2_ws/install/as2_behaviors_motion/share/as2_behaviors_motion/hook/cmake_prefix_path.dsv'
[6.787s] INFO:colcon.colcon_core.shell:Creating environment hook '/root/aerostack2_ws/install/as2_behaviors_motion/share/as2_behaviors_motion/hook/cmake_prefix_path.sh'
[6.787s] Level 1:colcon.colcon_core.environment:checking '/root/aerostack2_ws/install/as2_behaviors_motion/lib'
[6.787s] Level 1:colcon.colcon_core.shell:create_environment_hook('as2_behaviors_motion', 'ld_library_path_lib')
[6.788s] INFO:colcon.colcon_core.shell:Creating environment hook '/root/aerostack2_ws/install/as2_behaviors_motion/share/as2_behaviors_motion/hook/ld_library_path_lib.ps1'
[6.788s] INFO:colcon.colcon_core.shell:Creating environment descriptor '/root/aerostack2_ws/install/as2_behaviors_motion/share/as2_behaviors_motion/hook/ld_library_path_lib.dsv'
[6.788s] INFO:colcon.colcon_core.shell:Creating environment hook '/root/aerostack2_ws/install/as2_behaviors_motion/share/as2_behaviors_motion/hook/ld_library_path_lib.sh'
[6.789s] Level 1:colcon.colcon_core.environment:checking '/root/aerostack2_ws/install/as2_behaviors_motion/bin'
[6.789s] Level 1:colcon.colcon_core.environment:checking '/root/aerostack2_ws/install/as2_behaviors_motion/lib/pkgconfig/as2_behaviors_motion.pc'
[6.789s] Level 1:colcon.colcon_core.environment:checking '/root/aerostack2_ws/install/as2_behaviors_motion/lib/python3.10/site-packages'
[6.789s] Level 1:colcon.colcon_core.environment:checking '/root/aerostack2_ws/install/as2_behaviors_motion/bin'
[6.790s] INFO:colcon.colcon_core.shell:Creating package script '/root/aerostack2_ws/install/as2_behaviors_motion/share/as2_behaviors_motion/package.ps1'
[6.790s] INFO:colcon.colcon_core.shell:Creating package descriptor '/root/aerostack2_ws/install/as2_behaviors_motion/share/as2_behaviors_motion/package.dsv'
[6.791s] INFO:colcon.colcon_core.shell:Creating package script '/root/aerostack2_ws/install/as2_behaviors_motion/share/as2_behaviors_motion/package.sh'
[6.791s] INFO:colcon.colcon_core.shell:Creating package script '/root/aerostack2_ws/install/as2_behaviors_motion/share/as2_behaviors_motion/package.bash'
[6.792s] INFO:colcon.colcon_core.shell:Creating package script '/root/aerostack2_ws/install/as2_behaviors_motion/share/as2_behaviors_motion/package.zsh'
[6.792s] Level 1:colcon.colcon_core.environment:create_file_with_runtime_dependencies(/root/aerostack2_ws/install/as2_behaviors_motion/share/colcon-core/packages/as2_behaviors_motion)
[6.793s] DEBUG:colcon.colcon_core.event_handler.log_command:Invoked command in '/root/aerostack2_ws/build/as2_behaviors_platform' returned '0': CMAKE_PREFIX_PATH=/root/aerostack2_ws/install/as2_behavior:/root/aerostack2_ws/install/as2_core:/root/aerostack2_ws/install/as2_msgs:/root/aerostack2_ws/install/rmf_demos_gz_classic:/root/aerostack2_ws/install/rmf_demos_gz:/root/aerostack2_ws/install/rmf_demos:/root/aerostack2_ws/install/rmf_demos_maps:/root/aerostack2_ws/install/aerostack2:/root/aerostack2_ws/install/as2_usb_camera_interface:/root/aerostack2_ws/install/as2_state_estimator:/root/aerostack2_ws/install/as2_rviz_plugins:/root/aerostack2_ws/install/as2_realsense_interface:/root/aerostack2_ws/install/as2_platform_multirotor_simulator:/root/aerostack2_ws/install/as2_platform_gazebo:/root/aerostack2_ws/install/as2_motion_controller:/root/aerostack2_ws/install/as2_behaviors_trajectory_generation:/root/aerostack2_ws/install/as2_behaviors_swarm_flocking:/root/aerostack2_ws/install/as2_behaviors_motion:/root/aerostack2_ws/install/as2_motion_reference_handlers:/root/aerostack2_ws/install/as2_map_server:/root/aerostack2_ws/install/as2_geozones:/root/aerostack2_ws/install/as2_gazebo_assets:/root/aerostack2_ws/install/as2_external_object_to_tf:/root/aerostack2_ws/install/as2_behaviors_platform:/root/aerostack2_ws/install/as2_behaviors_perception:/root/aerostack2_ws/install/as2_behaviors_path_planning:/root/aerostack2_ws/install/as2_behavior_tree:/root/aerostack2_ws/install/as2_alphanumeric_viewer:/root/aerostack2_ws/install/as2_cli:/root/aerostack2_ws/install/rmf_demos_tasks:/root/aerostack2_ws/install/rmf_demos_panel:/root/aerostack2_ws/install/rmf_demos_fleet_adapter:/root/aerostack2_ws/install/rmf_demos_dashboard_resources:/root/aerostack2_ws/install/rmf_demos_bridges:/root/aerostack2_ws/install/rmf_demos_assets:/root/aerostack2_ws/install/as2_visualization:/root/aerostack2_ws/install/as2_swarm_perception:/root/aerostack2_ws/install/as2_swarm_fusion_ci:/root/aerostack2_ws/install/as2_swarm_ekf:/root/aerostack2_ws/install/as2_keyboard_teleoperation:/root/aerostack2_ws/install/as2_python_api:/root/aerostack2_ws/install/as2_project_bringup:/root/aerostack2_ws/install/as2_perception:/root/aerostack2_ws/install/as2_groundray_perception:/opt/ros/humble LD_LIBRARY_PATH=/root/aerostack2_ws/install/as2_behavior/lib:/root/aerostack2_ws/install/as2_core/lib:/root/aerostack2_ws/install/as2_msgs/lib:/root/aerostack2_ws/install/as2_state_estimator/lib:/root/aerostack2_ws/install/as2_python_api/lib:/root/aerostack2_ws/install/as2_motion_controller/lib:/root/aerostack2_ws/install/as2_behaviors_trajectory_generation/lib:/root/aerostack2_ws/install/as2_behaviors_swarm_flocking/lib:/root/aerostack2_ws/install/as2_behaviors_motion/lib:/root/aerostack2_ws/install/as2_motion_reference_handlers/lib:/root/aerostack2_ws/install/as2_map_server/lib:/root/aerostack2_ws/install/as2_gazebo_assets/lib:/root/aerostack2_ws/install/as2_behaviors_perception/lib:/root/aerostack2_ws/install/as2_behaviors_path_planning/lib:/root/aerostack2_ws/install/as2_behavior_tree/lib:/opt/ros/humble/opt/rviz_ogre_vendor/lib:/opt/ros/humble/lib/x86_64-linux-gnu:/opt/ros/humble/lib /usr/bin/cmake --build /root/aerostack2_ws/build/as2_behaviors_platform -- -j8 -l8
[6.795s] DEBUG:colcon.colcon_core.event_handler.log_command:Invoking command in '/root/aerostack2_ws/build/as2_behaviors_platform': CMAKE_PREFIX_PATH=/root/aerostack2_ws/install/as2_behavior:/root/aerostack2_ws/install/as2_core:/root/aerostack2_ws/install/as2_msgs:/root/aerostack2_ws/install/rmf_demos_gz_classic:/root/aerostack2_ws/install/rmf_demos_gz:/root/aerostack2_ws/install/rmf_demos:/root/aerostack2_ws/install/rmf_demos_maps:/root/aerostack2_ws/install/aerostack2:/root/aerostack2_ws/install/as2_usb_camera_interface:/root/aerostack2_ws/install/as2_state_estimator:/root/aerostack2_ws/install/as2_rviz_plugins:/root/aerostack2_ws/install/as2_realsense_interface:/root/aerostack2_ws/install/as2_platform_multirotor_simulator:/root/aerostack2_ws/install/as2_platform_gazebo:/root/aerostack2_ws/install/as2_motion_controller:/root/aerostack2_ws/install/as2_behaviors_trajectory_generation:/root/aerostack2_ws/install/as2_behaviors_swarm_flocking:/root/aerostack2_ws/install/as2_behaviors_motion:/root/aerostack2_ws/install/as2_motion_reference_handlers:/root/aerostack2_ws/install/as2_map_server:/root/aerostack2_ws/install/as2_geozones:/root/aerostack2_ws/install/as2_gazebo_assets:/root/aerostack2_ws/install/as2_external_object_to_tf:/root/aerostack2_ws/install/as2_behaviors_platform:/root/aerostack2_ws/install/as2_behaviors_perception:/root/aerostack2_ws/install/as2_behaviors_path_planning:/root/aerostack2_ws/install/as2_behavior_tree:/root/aerostack2_ws/install/as2_alphanumeric_viewer:/root/aerostack2_ws/install/as2_cli:/root/aerostack2_ws/install/rmf_demos_tasks:/root/aerostack2_ws/install/rmf_demos_panel:/root/aerostack2_ws/install/rmf_demos_fleet_adapter:/root/aerostack2_ws/install/rmf_demos_dashboard_resources:/root/aerostack2_ws/install/rmf_demos_bridges:/root/aerostack2_ws/install/rmf_demos_assets:/root/aerostack2_ws/install/as2_visualization:/root/aerostack2_ws/install/as2_swarm_perception:/root/aerostack2_ws/install/as2_swarm_fusion_ci:/root/aerostack2_ws/install/as2_swarm_ekf:/root/aerostack2_ws/install/as2_keyboard_teleoperation:/root/aerostack2_ws/install/as2_python_api:/root/aerostack2_ws/install/as2_project_bringup:/root/aerostack2_ws/install/as2_perception:/root/aerostack2_ws/install/as2_groundray_perception:/opt/ros/humble LD_LIBRARY_PATH=/root/aerostack2_ws/install/as2_behavior/lib:/root/aerostack2_ws/install/as2_core/lib:/root/aerostack2_ws/install/as2_msgs/lib:/root/aerostack2_ws/install/as2_state_estimator/lib:/root/aerostack2_ws/install/as2_python_api/lib:/root/aerostack2_ws/install/as2_motion_controller/lib:/root/aerostack2_ws/install/as2_behaviors_trajectory_generation/lib:/root/aerostack2_ws/install/as2_behaviors_swarm_flocking/lib:/root/aerostack2_ws/install/as2_behaviors_motion/lib:/root/aerostack2_ws/install/as2_motion_reference_handlers/lib:/root/aerostack2_ws/install/as2_map_server/lib:/root/aerostack2_ws/install/as2_gazebo_assets/lib:/root/aerostack2_ws/install/as2_behaviors_perception/lib:/root/aerostack2_ws/install/as2_behaviors_path_planning/lib:/root/aerostack2_ws/install/as2_behavior_tree/lib:/opt/ros/humble/opt/rviz_ogre_vendor/lib:/opt/ros/humble/lib/x86_64-linux-gnu:/opt/ros/humble/lib /usr/bin/cmake --install /root/aerostack2_ws/build/as2_behaviors_platform
[6.795s] DEBUG:colcon.colcon_core.event_handler.log_command:Invoked command in '/root/aerostack2_ws/build/as2_rviz_plugins' returned '0': CMAKE_PREFIX_PATH=/root/aerostack2_ws/install/as2_motion_reference_handlers:/root/aerostack2_ws/install/as2_core:/root/aerostack2_ws/install/as2_msgs:/root/aerostack2_ws/install/rmf_demos_gz_classic:/root/aerostack2_ws/install/rmf_demos_gz:/root/aerostack2_ws/install/rmf_demos:/root/aerostack2_ws/install/rmf_demos_maps:/root/aerostack2_ws/install/aerostack2:/root/aerostack2_ws/install/as2_usb_camera_interface:/root/aerostack2_ws/install/as2_state_estimator:/root/aerostack2_ws/install/as2_rviz_plugins:/root/aerostack2_ws/install/as2_realsense_interface:/root/aerostack2_ws/install/as2_platform_multirotor_simulator:/root/aerostack2_ws/install/as2_platform_gazebo:/root/aerostack2_ws/install/as2_motion_controller:/root/aerostack2_ws/install/as2_behaviors_trajectory_generation:/root/aerostack2_ws/install/as2_behaviors_swarm_flocking:/root/aerostack2_ws/install/as2_behaviors_motion:/root/aerostack2_ws/install/as2_map_server:/root/aerostack2_ws/install/as2_geozones:/root/aerostack2_ws/install/as2_gazebo_assets:/root/aerostack2_ws/install/as2_external_object_to_tf:/root/aerostack2_ws/install/as2_behaviors_platform:/root/aerostack2_ws/install/as2_behaviors_perception:/root/aerostack2_ws/install/as2_behaviors_path_planning:/root/aerostack2_ws/install/as2_behavior_tree:/root/aerostack2_ws/install/as2_behavior:/root/aerostack2_ws/install/as2_alphanumeric_viewer:/root/aerostack2_ws/install/as2_cli:/root/aerostack2_ws/install/rmf_demos_tasks:/root/aerostack2_ws/install/rmf_demos_panel:/root/aerostack2_ws/install/rmf_demos_fleet_adapter:/root/aerostack2_ws/install/rmf_demos_dashboard_resources:/root/aerostack2_ws/install/rmf_demos_bridges:/root/aerostack2_ws/install/rmf_demos_assets:/root/aerostack2_ws/install/as2_visualization:/root/aerostack2_ws/install/as2_swarm_perception:/root/aerostack2_ws/install/as2_swarm_fusion_ci:/root/aerostack2_ws/install/as2_swarm_ekf:/root/aerostack2_ws/install/as2_keyboard_teleoperation:/root/aerostack2_ws/install/as2_python_api:/root/aerostack2_ws/install/as2_project_bringup:/root/aerostack2_ws/install/as2_perception:/root/aerostack2_ws/install/as2_groundray_perception:/opt/ros/humble LD_LIBRARY_PATH=/root/aerostack2_ws/install/as2_core/lib:/root/aerostack2_ws/install/as2_msgs/lib:/root/aerostack2_ws/install/as2_state_estimator/lib:/root/aerostack2_ws/install/as2_python_api/lib:/root/aerostack2_ws/install/as2_motion_controller/lib:/root/aerostack2_ws/install/as2_behaviors_trajectory_generation/lib:/root/aerostack2_ws/install/as2_behaviors_swarm_flocking/lib:/root/aerostack2_ws/install/as2_behaviors_motion/lib:/root/aerostack2_ws/install/as2_motion_reference_handlers/lib:/root/aerostack2_ws/install/as2_map_server/lib:/root/aerostack2_ws/install/as2_gazebo_assets/lib:/root/aerostack2_ws/install/as2_behaviors_perception/lib:/root/aerostack2_ws/install/as2_behaviors_path_planning/lib:/root/aerostack2_ws/install/as2_behavior_tree/lib:/root/aerostack2_ws/install/as2_behavior/lib:/opt/ros/humble/opt/rviz_ogre_vendor/lib:/opt/ros/humble/lib/x86_64-linux-gnu:/opt/ros/humble/lib /usr/bin/cmake --build /root/aerostack2_ws/build/as2_rviz_plugins -- -j8 -l8
[6.797s] DEBUG:colcon.colcon_core.event_handler.log_command:Invoking command in '/root/aerostack2_ws/build/as2_rviz_plugins': CMAKE_PREFIX_PATH=/root/aerostack2_ws/install/as2_motion_reference_handlers:/root/aerostack2_ws/install/as2_core:/root/aerostack2_ws/install/as2_msgs:/root/aerostack2_ws/install/rmf_demos_gz_classic:/root/aerostack2_ws/install/rmf_demos_gz:/root/aerostack2_ws/install/rmf_demos:/root/aerostack2_ws/install/rmf_demos_maps:/root/aerostack2_ws/install/aerostack2:/root/aerostack2_ws/install/as2_usb_camera_interface:/root/aerostack2_ws/install/as2_state_estimator:/root/aerostack2_ws/install/as2_rviz_plugins:/root/aerostack2_ws/install/as2_realsense_interface:/root/aerostack2_ws/install/as2_platform_multirotor_simulator:/root/aerostack2_ws/install/as2_platform_gazebo:/root/aerostack2_ws/install/as2_motion_controller:/root/aerostack2_ws/install/as2_behaviors_trajectory_generation:/root/aerostack2_ws/install/as2_behaviors_swarm_flocking:/root/aerostack2_ws/install/as2_behaviors_motion:/root/aerostack2_ws/install/as2_map_server:/root/aerostack2_ws/install/as2_geozones:/root/aerostack2_ws/install/as2_gazebo_assets:/root/aerostack2_ws/install/as2_external_object_to_tf:/root/aerostack2_ws/install/as2_behaviors_platform:/root/aerostack2_ws/install/as2_behaviors_perception:/root/aerostack2_ws/install/as2_behaviors_path_planning:/root/aerostack2_ws/install/as2_behavior_tree:/root/aerostack2_ws/install/as2_behavior:/root/aerostack2_ws/install/as2_alphanumeric_viewer:/root/aerostack2_ws/install/as2_cli:/root/aerostack2_ws/install/rmf_demos_tasks:/root/aerostack2_ws/install/rmf_demos_panel:/root/aerostack2_ws/install/rmf_demos_fleet_adapter:/root/aerostack2_ws/install/rmf_demos_dashboard_resources:/root/aerostack2_ws/install/rmf_demos_bridges:/root/aerostack2_ws/install/rmf_demos_assets:/root/aerostack2_ws/install/as2_visualization:/root/aerostack2_ws/install/as2_swarm_perception:/root/aerostack2_ws/install/as2_swarm_fusion_ci:/root/aerostack2_ws/install/as2_swarm_ekf:/root/aerostack2_ws/install/as2_keyboard_teleoperation:/root/aerostack2_ws/install/as2_python_api:/root/aerostack2_ws/install/as2_project_bringup:/root/aerostack2_ws/install/as2_perception:/root/aerostack2_ws/install/as2_groundray_perception:/opt/ros/humble LD_LIBRARY_PATH=/root/aerostack2_ws/install/as2_core/lib:/root/aerostack2_ws/install/as2_msgs/lib:/root/aerostack2_ws/install/as2_state_estimator/lib:/root/aerostack2_ws/install/as2_python_api/lib:/root/aerostack2_ws/install/as2_motion_controller/lib:/root/aerostack2_ws/install/as2_behaviors_trajectory_generation/lib:/root/aerostack2_ws/install/as2_behaviors_swarm_flocking/lib:/root/aerostack2_ws/install/as2_behaviors_motion/lib:/root/aerostack2_ws/install/as2_motion_reference_handlers/lib:/root/aerostack2_ws/install/as2_map_server/lib:/root/aerostack2_ws/install/as2_gazebo_assets/lib:/root/aerostack2_ws/install/as2_behaviors_perception/lib:/root/aerostack2_ws/install/as2_behaviors_path_planning/lib:/root/aerostack2_ws/install/as2_behavior_tree/lib:/root/aerostack2_ws/install/as2_behavior/lib:/opt/ros/humble/opt/rviz_ogre_vendor/lib:/opt/ros/humble/lib/x86_64-linux-gnu:/opt/ros/humble/lib /usr/bin/cmake --install /root/aerostack2_ws/build/as2_rviz_plugins
[6.798s] DEBUG:colcon.colcon_core.event_handler.log_command:Invoked command in '/root/aerostack2_ws/build/as2_motion_controller' returned '0': CMAKE_PREFIX_PATH=/root/aerostack2_ws/install/as2_motion_reference_handlers:/root/aerostack2_ws/install/as2_core:/root/aerostack2_ws/install/as2_msgs:/root/aerostack2_ws/install/rmf_demos_gz_classic:/root/aerostack2_ws/install/rmf_demos_gz:/root/aerostack2_ws/install/rmf_demos:/root/aerostack2_ws/install/rmf_demos_maps:/root/aerostack2_ws/install/aerostack2:/root/aerostack2_ws/install/as2_usb_camera_interface:/root/aerostack2_ws/install/as2_state_estimator:/root/aerostack2_ws/install/as2_rviz_plugins:/root/aerostack2_ws/install/as2_realsense_interface:/root/aerostack2_ws/install/as2_platform_multirotor_simulator:/root/aerostack2_ws/install/as2_platform_gazebo:/root/aerostack2_ws/install/as2_motion_controller:/root/aerostack2_ws/install/as2_behaviors_trajectory_generation:/root/aerostack2_ws/install/as2_behaviors_swarm_flocking:/root/aerostack2_ws/install/as2_behaviors_motion:/root/aerostack2_ws/install/as2_map_server:/root/aerostack2_ws/install/as2_geozones:/root/aerostack2_ws/install/as2_gazebo_assets:/root/aerostack2_ws/install/as2_external_object_to_tf:/root/aerostack2_ws/install/as2_behaviors_platform:/root/aerostack2_ws/install/as2_behaviors_perception:/root/aerostack2_ws/install/as2_behaviors_path_planning:/root/aerostack2_ws/install/as2_behavior_tree:/root/aerostack2_ws/install/as2_behavior:/root/aerostack2_ws/install/as2_alphanumeric_viewer:/root/aerostack2_ws/install/as2_cli:/root/aerostack2_ws/install/rmf_demos_tasks:/root/aerostack2_ws/install/rmf_demos_panel:/root/aerostack2_ws/install/rmf_demos_fleet_adapter:/root/aerostack2_ws/install/rmf_demos_dashboard_resources:/root/aerostack2_ws/install/rmf_demos_bridges:/root/aerostack2_ws/install/rmf_demos_assets:/root/aerostack2_ws/install/as2_visualization:/root/aerostack2_ws/install/as2_swarm_perception:/root/aerostack2_ws/install/as2_swarm_fusion_ci:/root/aerostack2_ws/install/as2_swarm_ekf:/root/aerostack2_ws/install/as2_keyboard_teleoperation:/root/aerostack2_ws/install/as2_python_api:/root/aerostack2_ws/install/as2_project_bringup:/root/aerostack2_ws/install/as2_perception:/root/aerostack2_ws/install/as2_groundray_perception:/opt/ros/humble LD_LIBRARY_PATH=/root/aerostack2_ws/install/as2_core/lib:/root/aerostack2_ws/install/as2_msgs/lib:/root/aerostack2_ws/install/as2_state_estimator/lib:/root/aerostack2_ws/install/as2_python_api/lib:/root/aerostack2_ws/install/as2_motion_controller/lib:/root/aerostack2_ws/install/as2_behaviors_trajectory_generation/lib:/root/aerostack2_ws/install/as2_behaviors_swarm_flocking/lib:/root/aerostack2_ws/install/as2_behaviors_motion/lib:/root/aerostack2_ws/install/as2_motion_reference_handlers/lib:/root/aerostack2_ws/install/as2_map_server/lib:/root/aerostack2_ws/install/as2_gazebo_assets/lib:/root/aerostack2_ws/install/as2_behaviors_perception/lib:/root/aerostack2_ws/install/as2_behaviors_path_planning/lib:/root/aerostack2_ws/install/as2_behavior_tree/lib:/root/aerostack2_ws/install/as2_behavior/lib:/opt/ros/humble/opt/rviz_ogre_vendor/lib:/opt/ros/humble/lib/x86_64-linux-gnu:/opt/ros/humble/lib /usr/bin/cmake --build /root/aerostack2_ws/build/as2_motion_controller -- -j8 -l8
[6.798s] DEBUG:colcon.colcon_core.event_handler.log_command:Invoking command in '/root/aerostack2_ws/build/as2_motion_controller': CMAKE_PREFIX_PATH=/root/aerostack2_ws/install/as2_motion_reference_handlers:/root/aerostack2_ws/install/as2_core:/root/aerostack2_ws/install/as2_msgs:/root/aerostack2_ws/install/rmf_demos_gz_classic:/root/aerostack2_ws/install/rmf_demos_gz:/root/aerostack2_ws/install/rmf_demos:/root/aerostack2_ws/install/rmf_demos_maps:/root/aerostack2_ws/install/aerostack2:/root/aerostack2_ws/install/as2_usb_camera_interface:/root/aerostack2_ws/install/as2_state_estimator:/root/aerostack2_ws/install/as2_rviz_plugins:/root/aerostack2_ws/install/as2_realsense_interface:/root/aerostack2_ws/install/as2_platform_multirotor_simulator:/root/aerostack2_ws/install/as2_platform_gazebo:/root/aerostack2_ws/install/as2_motion_controller:/root/aerostack2_ws/install/as2_behaviors_trajectory_generation:/root/aerostack2_ws/install/as2_behaviors_swarm_flocking:/root/aerostack2_ws/install/as2_behaviors_motion:/root/aerostack2_ws/install/as2_map_server:/root/aerostack2_ws/install/as2_geozones:/root/aerostack2_ws/install/as2_gazebo_assets:/root/aerostack2_ws/install/as2_external_object_to_tf:/root/aerostack2_ws/install/as2_behaviors_platform:/root/aerostack2_ws/install/as2_behaviors_perception:/root/aerostack2_ws/install/as2_behaviors_path_planning:/root/aerostack2_ws/install/as2_behavior_tree:/root/aerostack2_ws/install/as2_behavior:/root/aerostack2_ws/install/as2_alphanumeric_viewer:/root/aerostack2_ws/install/as2_cli:/root/aerostack2_ws/install/rmf_demos_tasks:/root/aerostack2_ws/install/rmf_demos_panel:/root/aerostack2_ws/install/rmf_demos_fleet_adapter:/root/aerostack2_ws/install/rmf_demos_dashboard_resources:/root/aerostack2_ws/install/rmf_demos_bridges:/root/aerostack2_ws/install/rmf_demos_assets:/root/aerostack2_ws/install/as2_visualization:/root/aerostack2_ws/install/as2_swarm_perception:/root/aerostack2_ws/install/as2_swarm_fusion_ci:/root/aerostack2_ws/install/as2_swarm_ekf:/root/aerostack2_ws/install/as2_keyboard_teleoperation:/root/aerostack2_ws/install/as2_python_api:/root/aerostack2_ws/install/as2_project_bringup:/root/aerostack2_ws/install/as2_perception:/root/aerostack2_ws/install/as2_groundray_perception:/opt/ros/humble LD_LIBRARY_PATH=/root/aerostack2_ws/install/as2_core/lib:/root/aerostack2_ws/install/as2_msgs/lib:/root/aerostack2_ws/install/as2_state_estimator/lib:/root/aerostack2_ws/install/as2_python_api/lib:/root/aerostack2_ws/install/as2_motion_controller/lib:/root/aerostack2_ws/install/as2_behaviors_trajectory_generation/lib:/root/aerostack2_ws/install/as2_behaviors_swarm_flocking/lib:/root/aerostack2_ws/install/as2_behaviors_motion/lib:/root/aerostack2_ws/install/as2_motion_reference_handlers/lib:/root/aerostack2_ws/install/as2_map_server/lib:/root/aerostack2_ws/install/as2_gazebo_assets/lib:/root/aerostack2_ws/install/as2_behaviors_perception/lib:/root/aerostack2_ws/install/as2_behaviors_path_planning/lib:/root/aerostack2_ws/install/as2_behavior_tree/lib:/root/aerostack2_ws/install/as2_behavior/lib:/opt/ros/humble/opt/rviz_ogre_vendor/lib:/opt/ros/humble/lib/x86_64-linux-gnu:/opt/ros/humble/lib /usr/bin/cmake --install /root/aerostack2_ws/build/as2_motion_controller
[6.800s] INFO:colcon.colcon_ros.task.ament_cmake.build:Building ROS package in '/root/aerostack2_ws/src/aerostack2/as2_behaviors/as2_behaviors_swarm_flocking' with build type 'ament_cmake'
[6.800s] INFO:colcon.colcon_cmake.task.cmake.build:Building CMake package in '/root/aerostack2_ws/src/aerostack2/as2_behaviors/as2_behaviors_swarm_flocking'
[6.801s] INFO:colcon.colcon_core.shell:Skip shell extension 'powershell' for command environment: Not usable outside of PowerShell
[6.801s] DEBUG:colcon.colcon_core.shell:Skip shell extension 'dsv' for command environment
[6.819s] DEBUG:colcon.colcon_core.event_handler.log_command:Invoked command in '/root/aerostack2_ws/build/as2_platform_gazebo' returned '0': CMAKE_PREFIX_PATH=/root/aerostack2_ws/install/as2_gazebo_assets:/root/aerostack2_ws/install/as2_core:/root/aerostack2_ws/install/as2_msgs:/root/aerostack2_ws/install/rmf_demos_gz_classic:/root/aerostack2_ws/install/rmf_demos_gz:/root/aerostack2_ws/install/rmf_demos:/root/aerostack2_ws/install/rmf_demos_maps:/root/aerostack2_ws/install/aerostack2:/root/aerostack2_ws/install/as2_usb_camera_interface:/root/aerostack2_ws/install/as2_state_estimator:/root/aerostack2_ws/install/as2_rviz_plugins:/root/aerostack2_ws/install/as2_realsense_interface:/root/aerostack2_ws/install/as2_platform_multirotor_simulator:/root/aerostack2_ws/install/as2_platform_gazebo:/root/aerostack2_ws/install/as2_motion_controller:/root/aerostack2_ws/install/as2_behaviors_trajectory_generation:/root/aerostack2_ws/install/as2_behaviors_swarm_flocking:/root/aerostack2_ws/install/as2_behaviors_motion:/root/aerostack2_ws/install/as2_motion_reference_handlers:/root/aerostack2_ws/install/as2_map_server:/root/aerostack2_ws/install/as2_geozones:/root/aerostack2_ws/install/as2_external_object_to_tf:/root/aerostack2_ws/install/as2_behaviors_platform:/root/aerostack2_ws/install/as2_behaviors_perception:/root/aerostack2_ws/install/as2_behaviors_path_planning:/root/aerostack2_ws/install/as2_behavior_tree:/root/aerostack2_ws/install/as2_behavior:/root/aerostack2_ws/install/as2_alphanumeric_viewer:/root/aerostack2_ws/install/as2_cli:/root/aerostack2_ws/install/rmf_demos_tasks:/root/aerostack2_ws/install/rmf_demos_panel:/root/aerostack2_ws/install/rmf_demos_fleet_adapter:/root/aerostack2_ws/install/rmf_demos_dashboard_resources:/root/aerostack2_ws/install/rmf_demos_bridges:/root/aerostack2_ws/install/rmf_demos_assets:/root/aerostack2_ws/install/as2_visualization:/root/aerostack2_ws/install/as2_swarm_perception:/root/aerostack2_ws/install/as2_swarm_fusion_ci:/root/aerostack2_ws/install/as2_swarm_ekf:/root/aerostack2_ws/install/as2_keyboard_teleoperation:/root/aerostack2_ws/install/as2_python_api:/root/aerostack2_ws/install/as2_project_bringup:/root/aerostack2_ws/install/as2_perception:/root/aerostack2_ws/install/as2_groundray_perception:/opt/ros/humble GZ_SIM_RESOURCE_PATH=/root/aerostack2_ws/install/as2_gazebo_assets/share/as2_ign_gazebo_assets/worlds:/root/aerostack2_ws/install/as2_gazebo_assets/share/as2_ign_gazebo_assets/models:${GZ_SIM_RESOURCE_PATH} GZ_VERSION=@GZ_VERSION@ LD_LIBRARY_PATH=/root/aerostack2_ws/install/as2_gazebo_assets/lib:/root/aerostack2_ws/install/as2_core/lib:/root/aerostack2_ws/install/as2_msgs/lib:/root/aerostack2_ws/install/as2_state_estimator/lib:/root/aerostack2_ws/install/as2_python_api/lib:/root/aerostack2_ws/install/as2_motion_controller/lib:/root/aerostack2_ws/install/as2_behaviors_trajectory_generation/lib:/root/aerostack2_ws/install/as2_behaviors_swarm_flocking/lib:/root/aerostack2_ws/install/as2_behaviors_motion/lib:/root/aerostack2_ws/install/as2_motion_reference_handlers/lib:/root/aerostack2_ws/install/as2_map_server/lib:/root/aerostack2_ws/install/as2_behaviors_perception/lib:/root/aerostack2_ws/install/as2_behaviors_path_planning/lib:/root/aerostack2_ws/install/as2_behavior_tree/lib:/root/aerostack2_ws/install/as2_behavior/lib:/opt/ros/humble/opt/rviz_ogre_vendor/lib:/opt/ros/humble/lib/x86_64-linux-gnu:/opt/ros/humble/lib /usr/bin/cmake --build /root/aerostack2_ws/build/as2_platform_gazebo -- -j8 -l8
[6.819s] DEBUG:colcon.colcon_core.event_handler.log_command:Invoking command in '/root/aerostack2_ws/build/as2_platform_gazebo': CMAKE_PREFIX_PATH=/root/aerostack2_ws/install/as2_gazebo_assets:/root/aerostack2_ws/install/as2_core:/root/aerostack2_ws/install/as2_msgs:/root/aerostack2_ws/install/rmf_demos_gz_classic:/root/aerostack2_ws/install/rmf_demos_gz:/root/aerostack2_ws/install/rmf_demos:/root/aerostack2_ws/install/rmf_demos_maps:/root/aerostack2_ws/install/aerostack2:/root/aerostack2_ws/install/as2_usb_camera_interface:/root/aerostack2_ws/install/as2_state_estimator:/root/aerostack2_ws/install/as2_rviz_plugins:/root/aerostack2_ws/install/as2_realsense_interface:/root/aerostack2_ws/install/as2_platform_multirotor_simulator:/root/aerostack2_ws/install/as2_platform_gazebo:/root/aerostack2_ws/install/as2_motion_controller:/root/aerostack2_ws/install/as2_behaviors_trajectory_generation:/root/aerostack2_ws/install/as2_behaviors_swarm_flocking:/root/aerostack2_ws/install/as2_behaviors_motion:/root/aerostack2_ws/install/as2_motion_reference_handlers:/root/aerostack2_ws/install/as2_map_server:/root/aerostack2_ws/install/as2_geozones:/root/aerostack2_ws/install/as2_external_object_to_tf:/root/aerostack2_ws/install/as2_behaviors_platform:/root/aerostack2_ws/install/as2_behaviors_perception:/root/aerostack2_ws/install/as2_behaviors_path_planning:/root/aerostack2_ws/install/as2_behavior_tree:/root/aerostack2_ws/install/as2_behavior:/root/aerostack2_ws/install/as2_alphanumeric_viewer:/root/aerostack2_ws/install/as2_cli:/root/aerostack2_ws/install/rmf_demos_tasks:/root/aerostack2_ws/install/rmf_demos_panel:/root/aerostack2_ws/install/rmf_demos_fleet_adapter:/root/aerostack2_ws/install/rmf_demos_dashboard_resources:/root/aerostack2_ws/install/rmf_demos_bridges:/root/aerostack2_ws/install/rmf_demos_assets:/root/aerostack2_ws/install/as2_visualization:/root/aerostack2_ws/install/as2_swarm_perception:/root/aerostack2_ws/install/as2_swarm_fusion_ci:/root/aerostack2_ws/install/as2_swarm_ekf:/root/aerostack2_ws/install/as2_keyboard_teleoperation:/root/aerostack2_ws/install/as2_python_api:/root/aerostack2_ws/install/as2_project_bringup:/root/aerostack2_ws/install/as2_perception:/root/aerostack2_ws/install/as2_groundray_perception:/opt/ros/humble GZ_SIM_RESOURCE_PATH=/root/aerostack2_ws/install/as2_gazebo_assets/share/as2_ign_gazebo_assets/worlds:/root/aerostack2_ws/install/as2_gazebo_assets/share/as2_ign_gazebo_assets/models:${GZ_SIM_RESOURCE_PATH} GZ_VERSION=@GZ_VERSION@ LD_LIBRARY_PATH=/root/aerostack2_ws/install/as2_gazebo_assets/lib:/root/aerostack2_ws/install/as2_core/lib:/root/aerostack2_ws/install/as2_msgs/lib:/root/aerostack2_ws/install/as2_state_estimator/lib:/root/aerostack2_ws/install/as2_python_api/lib:/root/aerostack2_ws/install/as2_motion_controller/lib:/root/aerostack2_ws/install/as2_behaviors_trajectory_generation/lib:/root/aerostack2_ws/install/as2_behaviors_swarm_flocking/lib:/root/aerostack2_ws/install/as2_behaviors_motion/lib:/root/aerostack2_ws/install/as2_motion_reference_handlers/lib:/root/aerostack2_ws/install/as2_map_server/lib:/root/aerostack2_ws/install/as2_behaviors_perception/lib:/root/aerostack2_ws/install/as2_behaviors_path_planning/lib:/root/aerostack2_ws/install/as2_behavior_tree/lib:/root/aerostack2_ws/install/as2_behavior/lib:/opt/ros/humble/opt/rviz_ogre_vendor/lib:/opt/ros/humble/lib/x86_64-linux-gnu:/opt/ros/humble/lib /usr/bin/cmake --install /root/aerostack2_ws/build/as2_platform_gazebo
[6.824s] Level 1:colcon.colcon_core.environment:create_environment_scripts_only(as2_behaviors_platform)
[6.825s] Level 1:colcon.colcon_core.environment:checking '/root/aerostack2_ws/install/as2_behaviors_platform' for CMake module files
[6.825s] Level 1:colcon.colcon_core.environment:checking '/root/aerostack2_ws/install/as2_behaviors_platform' for CMake config files
[6.825s] Level 1:colcon.colcon_core.shell:create_environment_hook('as2_behaviors_platform', 'cmake_prefix_path')
[6.826s] INFO:colcon.colcon_core.shell:Creating environment hook '/root/aerostack2_ws/install/as2_behaviors_platform/share/as2_behaviors_platform/hook/cmake_prefix_path.ps1'
[6.829s] INFO:colcon.colcon_core.shell:Creating environment descriptor '/root/aerostack2_ws/install/as2_behaviors_platform/share/as2_behaviors_platform/hook/cmake_prefix_path.dsv'
[6.832s] INFO:colcon.colcon_core.shell:Creating environment hook '/root/aerostack2_ws/install/as2_behaviors_platform/share/as2_behaviors_platform/hook/cmake_prefix_path.sh'
[6.833s] DEBUG:colcon.colcon_core.event_handler.log_command:Invoked command in '/root/aerostack2_ws/build/as2_behaviors_platform' returned '0': CMAKE_PREFIX_PATH=/root/aerostack2_ws/install/as2_behavior:/root/aerostack2_ws/install/as2_core:/root/aerostack2_ws/install/as2_msgs:/root/aerostack2_ws/install/rmf_demos_gz_classic:/root/aerostack2_ws/install/rmf_demos_gz:/root/aerostack2_ws/install/rmf_demos:/root/aerostack2_ws/install/rmf_demos_maps:/root/aerostack2_ws/install/aerostack2:/root/aerostack2_ws/install/as2_usb_camera_interface:/root/aerostack2_ws/install/as2_state_estimator:/root/aerostack2_ws/install/as2_rviz_plugins:/root/aerostack2_ws/install/as2_realsense_interface:/root/aerostack2_ws/install/as2_platform_multirotor_simulator:/root/aerostack2_ws/install/as2_platform_gazebo:/root/aerostack2_ws/install/as2_motion_controller:/root/aerostack2_ws/install/as2_behaviors_trajectory_generation:/root/aerostack2_ws/install/as2_behaviors_swarm_flocking:/root/aerostack2_ws/install/as2_behaviors_motion:/root/aerostack2_ws/install/as2_motion_reference_handlers:/root/aerostack2_ws/install/as2_map_server:/root/aerostack2_ws/install/as2_geozones:/root/aerostack2_ws/install/as2_gazebo_assets:/root/aerostack2_ws/install/as2_external_object_to_tf:/root/aerostack2_ws/install/as2_behaviors_platform:/root/aerostack2_ws/install/as2_behaviors_perception:/root/aerostack2_ws/install/as2_behaviors_path_planning:/root/aerostack2_ws/install/as2_behavior_tree:/root/aerostack2_ws/install/as2_alphanumeric_viewer:/root/aerostack2_ws/install/as2_cli:/root/aerostack2_ws/install/rmf_demos_tasks:/root/aerostack2_ws/install/rmf_demos_panel:/root/aerostack2_ws/install/rmf_demos_fleet_adapter:/root/aerostack2_ws/install/rmf_demos_dashboard_resources:/root/aerostack2_ws/install/rmf_demos_bridges:/root/aerostack2_ws/install/rmf_demos_assets:/root/aerostack2_ws/install/as2_visualization:/root/aerostack2_ws/install/as2_swarm_perception:/root/aerostack2_ws/install/as2_swarm_fusion_ci:/root/aerostack2_ws/install/as2_swarm_ekf:/root/aerostack2_ws/install/as2_keyboard_teleoperation:/root/aerostack2_ws/install/as2_python_api:/root/aerostack2_ws/install/as2_project_bringup:/root/aerostack2_ws/install/as2_perception:/root/aerostack2_ws/install/as2_groundray_perception:/opt/ros/humble LD_LIBRARY_PATH=/root/aerostack2_ws/install/as2_behavior/lib:/root/aerostack2_ws/install/as2_core/lib:/root/aerostack2_ws/install/as2_msgs/lib:/root/aerostack2_ws/install/as2_state_estimator/lib:/root/aerostack2_ws/install/as2_python_api/lib:/root/aerostack2_ws/install/as2_motion_controller/lib:/root/aerostack2_ws/install/as2_behaviors_trajectory_generation/lib:/root/aerostack2_ws/install/as2_behaviors_swarm_flocking/lib:/root/aerostack2_ws/install/as2_behaviors_motion/lib:/root/aerostack2_ws/install/as2_motion_reference_handlers/lib:/root/aerostack2_ws/install/as2_map_server/lib:/root/aerostack2_ws/install/as2_gazebo_assets/lib:/root/aerostack2_ws/install/as2_behaviors_perception/lib:/root/aerostack2_ws/install/as2_behaviors_path_planning/lib:/root/aerostack2_ws/install/as2_behavior_tree/lib:/opt/ros/humble/opt/rviz_ogre_vendor/lib:/opt/ros/humble/lib/x86_64-linux-gnu:/opt/ros/humble/lib /usr/bin/cmake --install /root/aerostack2_ws/build/as2_behaviors_platform
[6.835s] Level 1:colcon.colcon_core.environment:checking '/root/aerostack2_ws/install/as2_behaviors_platform/lib'
[6.835s] Level 1:colcon.colcon_core.environment:checking '/root/aerostack2_ws/install/as2_behaviors_platform/bin'
[6.835s] Level 1:colcon.colcon_core.environment:checking '/root/aerostack2_ws/install/as2_behaviors_platform/lib/pkgconfig/as2_behaviors_platform.pc'
[6.835s] Level 1:colcon.colcon_core.environment:checking '/root/aerostack2_ws/install/as2_behaviors_platform/lib/python3.10/site-packages'
[6.836s] Level 1:colcon.colcon_core.environment:checking '/root/aerostack2_ws/install/as2_behaviors_platform/bin'
[6.836s] INFO:colcon.colcon_core.shell:Creating package script '/root/aerostack2_ws/install/as2_behaviors_platform/share/as2_behaviors_platform/package.ps1'
[6.837s] INFO:colcon.colcon_core.shell:Creating package descriptor '/root/aerostack2_ws/install/as2_behaviors_platform/share/as2_behaviors_platform/package.dsv'
[6.837s] INFO:colcon.colcon_core.shell:Creating package script '/root/aerostack2_ws/install/as2_behaviors_platform/share/as2_behaviors_platform/package.sh'
[6.838s] INFO:colcon.colcon_core.shell:Creating package script '/root/aerostack2_ws/install/as2_behaviors_platform/share/as2_behaviors_platform/package.bash'
[6.838s] INFO:colcon.colcon_core.shell:Creating package script '/root/aerostack2_ws/install/as2_behaviors_platform/share/as2_behaviors_platform/package.zsh'
[6.838s] Level 1:colcon.colcon_core.environment:create_file_with_runtime_dependencies(/root/aerostack2_ws/install/as2_behaviors_platform/share/colcon-core/packages/as2_behaviors_platform)
[6.839s] Level 1:colcon.colcon_core.environment:create_environment_scripts_only(as2_behaviors_platform)
[6.839s] Level 1:colcon.colcon_core.environment:checking '/root/aerostack2_ws/install/as2_behaviors_platform' for CMake module files
[6.840s] Level 1:colcon.colcon_core.environment:checking '/root/aerostack2_ws/install/as2_behaviors_platform' for CMake config files
[6.840s] Level 1:colcon.colcon_core.shell:create_environment_hook('as2_behaviors_platform', 'cmake_prefix_path')
[6.841s] INFO:colcon.colcon_core.shell:Creating environment hook '/root/aerostack2_ws/install/as2_behaviors_platform/share/as2_behaviors_platform/hook/cmake_prefix_path.ps1'
[6.841s] INFO:colcon.colcon_core.shell:Creating environment descriptor '/root/aerostack2_ws/install/as2_behaviors_platform/share/as2_behaviors_platform/hook/cmake_prefix_path.dsv'
[6.842s] INFO:colcon.colcon_core.shell:Creating environment hook '/root/aerostack2_ws/install/as2_behaviors_platform/share/as2_behaviors_platform/hook/cmake_prefix_path.sh'
[6.842s] Level 1:colcon.colcon_core.environment:checking '/root/aerostack2_ws/install/as2_behaviors_platform/lib'
[6.842s] Level 1:colcon.colcon_core.environment:checking '/root/aerostack2_ws/install/as2_behaviors_platform/bin'
[6.842s] Level 1:colcon.colcon_core.environment:checking '/root/aerostack2_ws/install/as2_behaviors_platform/lib/pkgconfig/as2_behaviors_platform.pc'
[6.843s] Level 1:colcon.colcon_core.environment:checking '/root/aerostack2_ws/install/as2_behaviors_platform/lib/python3.10/site-packages'
[6.843s] Level 1:colcon.colcon_core.environment:checking '/root/aerostack2_ws/install/as2_behaviors_platform/bin'
[6.844s] INFO:colcon.colcon_core.shell:Creating package script '/root/aerostack2_ws/install/as2_behaviors_platform/share/as2_behaviors_platform/package.ps1'
[6.844s] INFO:colcon.colcon_core.shell:Creating package descriptor '/root/aerostack2_ws/install/as2_behaviors_platform/share/as2_behaviors_platform/package.dsv'
[6.845s] INFO:colcon.colcon_core.shell:Creating package script '/root/aerostack2_ws/install/as2_behaviors_platform/share/as2_behaviors_platform/package.sh'
[6.845s] INFO:colcon.colcon_core.shell:Creating package script '/root/aerostack2_ws/install/as2_behaviors_platform/share/as2_behaviors_platform/package.bash'
[6.846s] INFO:colcon.colcon_core.shell:Creating package script '/root/aerostack2_ws/install/as2_behaviors_platform/share/as2_behaviors_platform/package.zsh'
[6.846s] Level 1:colcon.colcon_core.environment:create_file_with_runtime_dependencies(/root/aerostack2_ws/install/as2_behaviors_platform/share/colcon-core/packages/as2_behaviors_platform)
[6.846s] Level 1:colcon.colcon_core.environment:create_environment_scripts_only(as2_rviz_plugins)
[6.847s] Level 1:colcon.colcon_core.environment:checking '/root/aerostack2_ws/install/as2_rviz_plugins' for CMake module files
[6.848s] DEBUG:colcon.colcon_core.event_handler.log_command:Invoked command in '/root/aerostack2_ws/build/as2_rviz_plugins' returned '0': CMAKE_PREFIX_PATH=/root/aerostack2_ws/install/as2_motion_reference_handlers:/root/aerostack2_ws/install/as2_core:/root/aerostack2_ws/install/as2_msgs:/root/aerostack2_ws/install/rmf_demos_gz_classic:/root/aerostack2_ws/install/rmf_demos_gz:/root/aerostack2_ws/install/rmf_demos:/root/aerostack2_ws/install/rmf_demos_maps:/root/aerostack2_ws/install/aerostack2:/root/aerostack2_ws/install/as2_usb_camera_interface:/root/aerostack2_ws/install/as2_state_estimator:/root/aerostack2_ws/install/as2_rviz_plugins:/root/aerostack2_ws/install/as2_realsense_interface:/root/aerostack2_ws/install/as2_platform_multirotor_simulator:/root/aerostack2_ws/install/as2_platform_gazebo:/root/aerostack2_ws/install/as2_motion_controller:/root/aerostack2_ws/install/as2_behaviors_trajectory_generation:/root/aerostack2_ws/install/as2_behaviors_swarm_flocking:/root/aerostack2_ws/install/as2_behaviors_motion:/root/aerostack2_ws/install/as2_map_server:/root/aerostack2_ws/install/as2_geozones:/root/aerostack2_ws/install/as2_gazebo_assets:/root/aerostack2_ws/install/as2_external_object_to_tf:/root/aerostack2_ws/install/as2_behaviors_platform:/root/aerostack2_ws/install/as2_behaviors_perception:/root/aerostack2_ws/install/as2_behaviors_path_planning:/root/aerostack2_ws/install/as2_behavior_tree:/root/aerostack2_ws/install/as2_behavior:/root/aerostack2_ws/install/as2_alphanumeric_viewer:/root/aerostack2_ws/install/as2_cli:/root/aerostack2_ws/install/rmf_demos_tasks:/root/aerostack2_ws/install/rmf_demos_panel:/root/aerostack2_ws/install/rmf_demos_fleet_adapter:/root/aerostack2_ws/install/rmf_demos_dashboard_resources:/root/aerostack2_ws/install/rmf_demos_bridges:/root/aerostack2_ws/install/rmf_demos_assets:/root/aerostack2_ws/install/as2_visualization:/root/aerostack2_ws/install/as2_swarm_perception:/root/aerostack2_ws/install/as2_swarm_fusion_ci:/root/aerostack2_ws/install/as2_swarm_ekf:/root/aerostack2_ws/install/as2_keyboard_teleoperation:/root/aerostack2_ws/install/as2_python_api:/root/aerostack2_ws/install/as2_project_bringup:/root/aerostack2_ws/install/as2_perception:/root/aerostack2_ws/install/as2_groundray_perception:/opt/ros/humble LD_LIBRARY_PATH=/root/aerostack2_ws/install/as2_core/lib:/root/aerostack2_ws/install/as2_msgs/lib:/root/aerostack2_ws/install/as2_state_estimator/lib:/root/aerostack2_ws/install/as2_python_api/lib:/root/aerostack2_ws/install/as2_motion_controller/lib:/root/aerostack2_ws/install/as2_behaviors_trajectory_generation/lib:/root/aerostack2_ws/install/as2_behaviors_swarm_flocking/lib:/root/aerostack2_ws/install/as2_behaviors_motion/lib:/root/aerostack2_ws/install/as2_motion_reference_handlers/lib:/root/aerostack2_ws/install/as2_map_server/lib:/root/aerostack2_ws/install/as2_gazebo_assets/lib:/root/aerostack2_ws/install/as2_behaviors_perception/lib:/root/aerostack2_ws/install/as2_behaviors_path_planning/lib:/root/aerostack2_ws/install/as2_behavior_tree/lib:/root/aerostack2_ws/install/as2_behavior/lib:/opt/ros/humble/opt/rviz_ogre_vendor/lib:/opt/ros/humble/lib/x86_64-linux-gnu:/opt/ros/humble/lib /usr/bin/cmake --install /root/aerostack2_ws/build/as2_rviz_plugins
[6.848s] Level 1:colcon.colcon_core.environment:checking '/root/aerostack2_ws/install/as2_rviz_plugins' for CMake config files
[6.849s] Level 1:colcon.colcon_core.shell:create_environment_hook('as2_rviz_plugins', 'cmake_prefix_path')
[6.850s] INFO:colcon.colcon_core.shell:Creating environment hook '/root/aerostack2_ws/install/as2_rviz_plugins/share/as2_rviz_plugins/hook/cmake_prefix_path.ps1'
[6.850s] INFO:colcon.colcon_core.shell:Creating environment descriptor '/root/aerostack2_ws/install/as2_rviz_plugins/share/as2_rviz_plugins/hook/cmake_prefix_path.dsv'
[6.851s] INFO:colcon.colcon_core.shell:Creating environment hook '/root/aerostack2_ws/install/as2_rviz_plugins/share/as2_rviz_plugins/hook/cmake_prefix_path.sh'
[6.851s] Level 1:colcon.colcon_core.environment:checking '/root/aerostack2_ws/install/as2_rviz_plugins/lib'
[6.852s] Level 1:colcon.colcon_core.environment:checking '/root/aerostack2_ws/install/as2_rviz_plugins/bin'
[6.852s] Level 1:colcon.colcon_core.environment:checking '/root/aerostack2_ws/install/as2_rviz_plugins/lib/pkgconfig/as2_rviz_plugins.pc'
[6.852s] Level 1:colcon.colcon_core.environment:checking '/root/aerostack2_ws/install/as2_rviz_plugins/lib/python3.10/site-packages'
[6.852s] Level 1:colcon.colcon_core.environment:checking '/root/aerostack2_ws/install/as2_rviz_plugins/bin'
[6.853s] INFO:colcon.colcon_core.shell:Creating package script '/root/aerostack2_ws/install/as2_rviz_plugins/share/as2_rviz_plugins/package.ps1'
[6.853s] INFO:colcon.colcon_core.shell:Creating package descriptor '/root/aerostack2_ws/install/as2_rviz_plugins/share/as2_rviz_plugins/package.dsv'
[6.854s] INFO:colcon.colcon_core.shell:Creating package script '/root/aerostack2_ws/install/as2_rviz_plugins/share/as2_rviz_plugins/package.sh'
[6.854s] INFO:colcon.colcon_core.shell:Creating package script '/root/aerostack2_ws/install/as2_rviz_plugins/share/as2_rviz_plugins/package.bash'
[6.855s] INFO:colcon.colcon_core.shell:Creating package script '/root/aerostack2_ws/install/as2_rviz_plugins/share/as2_rviz_plugins/package.zsh'
[6.855s] Level 1:colcon.colcon_core.environment:create_file_with_runtime_dependencies(/root/aerostack2_ws/install/as2_rviz_plugins/share/colcon-core/packages/as2_rviz_plugins)
[6.856s] Level 1:colcon.colcon_core.environment:create_environment_scripts_only(as2_rviz_plugins)
[6.856s] Level 1:colcon.colcon_core.environment:checking '/root/aerostack2_ws/install/as2_rviz_plugins' for CMake module files
[6.856s] Level 1:colcon.colcon_core.environment:checking '/root/aerostack2_ws/install/as2_rviz_plugins' for CMake config files
[6.857s] Level 1:colcon.colcon_core.shell:create_environment_hook('as2_rviz_plugins', 'cmake_prefix_path')
[6.857s] INFO:colcon.colcon_core.shell:Creating environment hook '/root/aerostack2_ws/install/as2_rviz_plugins/share/as2_rviz_plugins/hook/cmake_prefix_path.ps1'
[6.857s] INFO:colcon.colcon_core.shell:Creating environment descriptor '/root/aerostack2_ws/install/as2_rviz_plugins/share/as2_rviz_plugins/hook/cmake_prefix_path.dsv'
[6.858s] INFO:colcon.colcon_core.shell:Creating environment hook '/root/aerostack2_ws/install/as2_rviz_plugins/share/as2_rviz_plugins/hook/cmake_prefix_path.sh'
[6.858s] Level 1:colcon.colcon_core.environment:checking '/root/aerostack2_ws/install/as2_rviz_plugins/lib'
[6.859s] Level 1:colcon.colcon_core.environment:checking '/root/aerostack2_ws/install/as2_rviz_plugins/bin'
[6.859s] Level 1:colcon.colcon_core.environment:checking '/root/aerostack2_ws/install/as2_rviz_plugins/lib/pkgconfig/as2_rviz_plugins.pc'
[6.859s] Level 1:colcon.colcon_core.environment:checking '/root/aerostack2_ws/install/as2_rviz_plugins/lib/python3.10/site-packages'
[6.859s] Level 1:colcon.colcon_core.environment:checking '/root/aerostack2_ws/install/as2_rviz_plugins/bin'
[6.860s] INFO:colcon.colcon_core.shell:Creating package script '/root/aerostack2_ws/install/as2_rviz_plugins/share/as2_rviz_plugins/package.ps1'
[6.860s] INFO:colcon.colcon_core.shell:Creating package descriptor '/root/aerostack2_ws/install/as2_rviz_plugins/share/as2_rviz_plugins/package.dsv'
[6.861s] INFO:colcon.colcon_core.shell:Creating package script '/root/aerostack2_ws/install/as2_rviz_plugins/share/as2_rviz_plugins/package.sh'
[6.861s] INFO:colcon.colcon_core.shell:Creating package script '/root/aerostack2_ws/install/as2_rviz_plugins/share/as2_rviz_plugins/package.bash'
[6.861s] INFO:colcon.colcon_core.shell:Creating package script '/root/aerostack2_ws/install/as2_rviz_plugins/share/as2_rviz_plugins/package.zsh'
[6.862s] Level 1:colcon.colcon_core.environment:create_file_with_runtime_dependencies(/root/aerostack2_ws/install/as2_rviz_plugins/share/colcon-core/packages/as2_rviz_plugins)
[6.863s] Level 1:colcon.colcon_core.environment:create_environment_scripts_only(as2_motion_controller)
[6.863s] Level 1:colcon.colcon_core.environment:checking '/root/aerostack2_ws/install/as2_motion_controller' for CMake module files
[6.864s] DEBUG:colcon.colcon_core.event_handler.log_command:Invoked command in '/root/aerostack2_ws/build/as2_motion_controller' returned '0': CMAKE_PREFIX_PATH=/root/aerostack2_ws/install/as2_motion_reference_handlers:/root/aerostack2_ws/install/as2_core:/root/aerostack2_ws/install/as2_msgs:/root/aerostack2_ws/install/rmf_demos_gz_classic:/root/aerostack2_ws/install/rmf_demos_gz:/root/aerostack2_ws/install/rmf_demos:/root/aerostack2_ws/install/rmf_demos_maps:/root/aerostack2_ws/install/aerostack2:/root/aerostack2_ws/install/as2_usb_camera_interface:/root/aerostack2_ws/install/as2_state_estimator:/root/aerostack2_ws/install/as2_rviz_plugins:/root/aerostack2_ws/install/as2_realsense_interface:/root/aerostack2_ws/install/as2_platform_multirotor_simulator:/root/aerostack2_ws/install/as2_platform_gazebo:/root/aerostack2_ws/install/as2_motion_controller:/root/aerostack2_ws/install/as2_behaviors_trajectory_generation:/root/aerostack2_ws/install/as2_behaviors_swarm_flocking:/root/aerostack2_ws/install/as2_behaviors_motion:/root/aerostack2_ws/install/as2_map_server:/root/aerostack2_ws/install/as2_geozones:/root/aerostack2_ws/install/as2_gazebo_assets:/root/aerostack2_ws/install/as2_external_object_to_tf:/root/aerostack2_ws/install/as2_behaviors_platform:/root/aerostack2_ws/install/as2_behaviors_perception:/root/aerostack2_ws/install/as2_behaviors_path_planning:/root/aerostack2_ws/install/as2_behavior_tree:/root/aerostack2_ws/install/as2_behavior:/root/aerostack2_ws/install/as2_alphanumeric_viewer:/root/aerostack2_ws/install/as2_cli:/root/aerostack2_ws/install/rmf_demos_tasks:/root/aerostack2_ws/install/rmf_demos_panel:/root/aerostack2_ws/install/rmf_demos_fleet_adapter:/root/aerostack2_ws/install/rmf_demos_dashboard_resources:/root/aerostack2_ws/install/rmf_demos_bridges:/root/aerostack2_ws/install/rmf_demos_assets:/root/aerostack2_ws/install/as2_visualization:/root/aerostack2_ws/install/as2_swarm_perception:/root/aerostack2_ws/install/as2_swarm_fusion_ci:/root/aerostack2_ws/install/as2_swarm_ekf:/root/aerostack2_ws/install/as2_keyboard_teleoperation:/root/aerostack2_ws/install/as2_python_api:/root/aerostack2_ws/install/as2_project_bringup:/root/aerostack2_ws/install/as2_perception:/root/aerostack2_ws/install/as2_groundray_perception:/opt/ros/humble LD_LIBRARY_PATH=/root/aerostack2_ws/install/as2_core/lib:/root/aerostack2_ws/install/as2_msgs/lib:/root/aerostack2_ws/install/as2_state_estimator/lib:/root/aerostack2_ws/install/as2_python_api/lib:/root/aerostack2_ws/install/as2_motion_controller/lib:/root/aerostack2_ws/install/as2_behaviors_trajectory_generation/lib:/root/aerostack2_ws/install/as2_behaviors_swarm_flocking/lib:/root/aerostack2_ws/install/as2_behaviors_motion/lib:/root/aerostack2_ws/install/as2_motion_reference_handlers/lib:/root/aerostack2_ws/install/as2_map_server/lib:/root/aerostack2_ws/install/as2_gazebo_assets/lib:/root/aerostack2_ws/install/as2_behaviors_perception/lib:/root/aerostack2_ws/install/as2_behaviors_path_planning/lib:/root/aerostack2_ws/install/as2_behavior_tree/lib:/root/aerostack2_ws/install/as2_behavior/lib:/opt/ros/humble/opt/rviz_ogre_vendor/lib:/opt/ros/humble/lib/x86_64-linux-gnu:/opt/ros/humble/lib /usr/bin/cmake --install /root/aerostack2_ws/build/as2_motion_controller
[6.864s] Level 1:colcon.colcon_core.environment:checking '/root/aerostack2_ws/install/as2_motion_controller' for CMake config files
[6.865s] Level 1:colcon.colcon_core.shell:create_environment_hook('as2_motion_controller', 'cmake_prefix_path')
[6.865s] INFO:colcon.colcon_core.shell:Creating environment hook '/root/aerostack2_ws/install/as2_motion_controller/share/as2_motion_controller/hook/cmake_prefix_path.ps1'
[6.866s] INFO:colcon.colcon_core.shell:Creating environment descriptor '/root/aerostack2_ws/install/as2_motion_controller/share/as2_motion_controller/hook/cmake_prefix_path.dsv'
[6.866s] INFO:colcon.colcon_core.shell:Creating environment hook '/root/aerostack2_ws/install/as2_motion_controller/share/as2_motion_controller/hook/cmake_prefix_path.sh'
[6.866s] Level 1:colcon.colcon_core.environment:checking '/root/aerostack2_ws/install/as2_motion_controller/lib'
[6.866s] Level 1:colcon.colcon_core.shell:create_environment_hook('as2_motion_controller', 'ld_library_path_lib')
[6.867s] INFO:colcon.colcon_core.shell:Creating environment hook '/root/aerostack2_ws/install/as2_motion_controller/share/as2_motion_controller/hook/ld_library_path_lib.ps1'
[6.867s] INFO:colcon.colcon_core.shell:Creating environment descriptor '/root/aerostack2_ws/install/as2_motion_controller/share/as2_motion_controller/hook/ld_library_path_lib.dsv'
[6.867s] INFO:colcon.colcon_core.shell:Creating environment hook '/root/aerostack2_ws/install/as2_motion_controller/share/as2_motion_controller/hook/ld_library_path_lib.sh'
[6.867s] Level 1:colcon.colcon_core.environment:checking '/root/aerostack2_ws/install/as2_motion_controller/bin'
[6.867s] Level 1:colcon.colcon_core.environment:checking '/root/aerostack2_ws/install/as2_motion_controller/lib/pkgconfig/as2_motion_controller.pc'
[6.868s] Level 1:colcon.colcon_core.environment:checking '/root/aerostack2_ws/install/as2_motion_controller/lib/python3.10/site-packages'
[6.868s] Level 1:colcon.colcon_core.environment:checking '/root/aerostack2_ws/install/as2_motion_controller/bin'
[6.868s] INFO:colcon.colcon_core.shell:Creating package script '/root/aerostack2_ws/install/as2_motion_controller/share/as2_motion_controller/package.ps1'
[6.869s] INFO:colcon.colcon_core.shell:Creating package descriptor '/root/aerostack2_ws/install/as2_motion_controller/share/as2_motion_controller/package.dsv'
[6.869s] INFO:colcon.colcon_core.shell:Creating package script '/root/aerostack2_ws/install/as2_motion_controller/share/as2_motion_controller/package.sh'
[6.869s] INFO:colcon.colcon_core.shell:Creating package script '/root/aerostack2_ws/install/as2_motion_controller/share/as2_motion_controller/package.bash'
[6.870s] INFO:colcon.colcon_core.shell:Creating package script '/root/aerostack2_ws/install/as2_motion_controller/share/as2_motion_controller/package.zsh'
[6.870s] Level 1:colcon.colcon_core.environment:create_file_with_runtime_dependencies(/root/aerostack2_ws/install/as2_motion_controller/share/colcon-core/packages/as2_motion_controller)
[6.870s] Level 1:colcon.colcon_core.environment:create_environment_scripts_only(as2_motion_controller)
[6.870s] Level 1:colcon.colcon_core.environment:checking '/root/aerostack2_ws/install/as2_motion_controller' for CMake module files
[6.871s] Level 1:colcon.colcon_core.environment:checking '/root/aerostack2_ws/install/as2_motion_controller' for CMake config files
[6.871s] Level 1:colcon.colcon_core.shell:create_environment_hook('as2_motion_controller', 'cmake_prefix_path')
[6.871s] INFO:colcon.colcon_core.shell:Creating environment hook '/root/aerostack2_ws/install/as2_motion_controller/share/as2_motion_controller/hook/cmake_prefix_path.ps1'
[6.872s] INFO:colcon.colcon_core.shell:Creating environment descriptor '/root/aerostack2_ws/install/as2_motion_controller/share/as2_motion_controller/hook/cmake_prefix_path.dsv'
[6.872s] INFO:colcon.colcon_core.shell:Creating environment hook '/root/aerostack2_ws/install/as2_motion_controller/share/as2_motion_controller/hook/cmake_prefix_path.sh'
[6.872s] Level 1:colcon.colcon_core.environment:checking '/root/aerostack2_ws/install/as2_motion_controller/lib'
[6.872s] Level 1:colcon.colcon_core.shell:create_environment_hook('as2_motion_controller', 'ld_library_path_lib')
[6.872s] INFO:colcon.colcon_core.shell:Creating environment hook '/root/aerostack2_ws/install/as2_motion_controller/share/as2_motion_controller/hook/ld_library_path_lib.ps1'
[6.873s] INFO:colcon.colcon_core.shell:Creating environment descriptor '/root/aerostack2_ws/install/as2_motion_controller/share/as2_motion_controller/hook/ld_library_path_lib.dsv'
[6.873s] INFO:colcon.colcon_core.shell:Creating environment hook '/root/aerostack2_ws/install/as2_motion_controller/share/as2_motion_controller/hook/ld_library_path_lib.sh'
[6.873s] Level 1:colcon.colcon_core.environment:checking '/root/aerostack2_ws/install/as2_motion_controller/bin'
[6.873s] Level 1:colcon.colcon_core.environment:checking '/root/aerostack2_ws/install/as2_motion_controller/lib/pkgconfig/as2_motion_controller.pc'
[6.873s] Level 1:colcon.colcon_core.environment:checking '/root/aerostack2_ws/install/as2_motion_controller/lib/python3.10/site-packages'
[6.873s] Level 1:colcon.colcon_core.environment:checking '/root/aerostack2_ws/install/as2_motion_controller/bin'
[6.874s] INFO:colcon.colcon_core.shell:Creating package script '/root/aerostack2_ws/install/as2_motion_controller/share/as2_motion_controller/package.ps1'
[6.874s] INFO:colcon.colcon_core.shell:Creating package descriptor '/root/aerostack2_ws/install/as2_motion_controller/share/as2_motion_controller/package.dsv'
[6.874s] INFO:colcon.colcon_core.shell:Creating package script '/root/aerostack2_ws/install/as2_motion_controller/share/as2_motion_controller/package.sh'
[6.875s] INFO:colcon.colcon_core.shell:Creating package script '/root/aerostack2_ws/install/as2_motion_controller/share/as2_motion_controller/package.bash'
[6.875s] INFO:colcon.colcon_core.shell:Creating package script '/root/aerostack2_ws/install/as2_motion_controller/share/as2_motion_controller/package.zsh'
[6.875s] Level 1:colcon.colcon_core.environment:create_file_with_runtime_dependencies(/root/aerostack2_ws/install/as2_motion_controller/share/colcon-core/packages/as2_motion_controller)
[6.876s] Level 1:colcon.colcon_core.environment:create_environment_scripts_only(as2_platform_gazebo)
[6.876s] Level 1:colcon.colcon_core.environment:checking '/root/aerostack2_ws/install/as2_platform_gazebo' for CMake module files
[6.877s] DEBUG:colcon.colcon_core.event_handler.log_command:Invoked command in '/root/aerostack2_ws/build/as2_platform_gazebo' returned '0': CMAKE_PREFIX_PATH=/root/aerostack2_ws/install/as2_gazebo_assets:/root/aerostack2_ws/install/as2_core:/root/aerostack2_ws/install/as2_msgs:/root/aerostack2_ws/install/rmf_demos_gz_classic:/root/aerostack2_ws/install/rmf_demos_gz:/root/aerostack2_ws/install/rmf_demos:/root/aerostack2_ws/install/rmf_demos_maps:/root/aerostack2_ws/install/aerostack2:/root/aerostack2_ws/install/as2_usb_camera_interface:/root/aerostack2_ws/install/as2_state_estimator:/root/aerostack2_ws/install/as2_rviz_plugins:/root/aerostack2_ws/install/as2_realsense_interface:/root/aerostack2_ws/install/as2_platform_multirotor_simulator:/root/aerostack2_ws/install/as2_platform_gazebo:/root/aerostack2_ws/install/as2_motion_controller:/root/aerostack2_ws/install/as2_behaviors_trajectory_generation:/root/aerostack2_ws/install/as2_behaviors_swarm_flocking:/root/aerostack2_ws/install/as2_behaviors_motion:/root/aerostack2_ws/install/as2_motion_reference_handlers:/root/aerostack2_ws/install/as2_map_server:/root/aerostack2_ws/install/as2_geozones:/root/aerostack2_ws/install/as2_external_object_to_tf:/root/aerostack2_ws/install/as2_behaviors_platform:/root/aerostack2_ws/install/as2_behaviors_perception:/root/aerostack2_ws/install/as2_behaviors_path_planning:/root/aerostack2_ws/install/as2_behavior_tree:/root/aerostack2_ws/install/as2_behavior:/root/aerostack2_ws/install/as2_alphanumeric_viewer:/root/aerostack2_ws/install/as2_cli:/root/aerostack2_ws/install/rmf_demos_tasks:/root/aerostack2_ws/install/rmf_demos_panel:/root/aerostack2_ws/install/rmf_demos_fleet_adapter:/root/aerostack2_ws/install/rmf_demos_dashboard_resources:/root/aerostack2_ws/install/rmf_demos_bridges:/root/aerostack2_ws/install/rmf_demos_assets:/root/aerostack2_ws/install/as2_visualization:/root/aerostack2_ws/install/as2_swarm_perception:/root/aerostack2_ws/install/as2_swarm_fusion_ci:/root/aerostack2_ws/install/as2_swarm_ekf:/root/aerostack2_ws/install/as2_keyboard_teleoperation:/root/aerostack2_ws/install/as2_python_api:/root/aerostack2_ws/install/as2_project_bringup:/root/aerostack2_ws/install/as2_perception:/root/aerostack2_ws/install/as2_groundray_perception:/opt/ros/humble GZ_SIM_RESOURCE_PATH=/root/aerostack2_ws/install/as2_gazebo_assets/share/as2_ign_gazebo_assets/worlds:/root/aerostack2_ws/install/as2_gazebo_assets/share/as2_ign_gazebo_assets/models:${GZ_SIM_RESOURCE_PATH} GZ_VERSION=@GZ_VERSION@ LD_LIBRARY_PATH=/root/aerostack2_ws/install/as2_gazebo_assets/lib:/root/aerostack2_ws/install/as2_core/lib:/root/aerostack2_ws/install/as2_msgs/lib:/root/aerostack2_ws/install/as2_state_estimator/lib:/root/aerostack2_ws/install/as2_python_api/lib:/root/aerostack2_ws/install/as2_motion_controller/lib:/root/aerostack2_ws/install/as2_behaviors_trajectory_generation/lib:/root/aerostack2_ws/install/as2_behaviors_swarm_flocking/lib:/root/aerostack2_ws/install/as2_behaviors_motion/lib:/root/aerostack2_ws/install/as2_motion_reference_handlers/lib:/root/aerostack2_ws/install/as2_map_server/lib:/root/aerostack2_ws/install/as2_behaviors_perception/lib:/root/aerostack2_ws/install/as2_behaviors_path_planning/lib:/root/aerostack2_ws/install/as2_behavior_tree/lib:/root/aerostack2_ws/install/as2_behavior/lib:/opt/ros/humble/opt/rviz_ogre_vendor/lib:/opt/ros/humble/lib/x86_64-linux-gnu:/opt/ros/humble/lib /usr/bin/cmake --install /root/aerostack2_ws/build/as2_platform_gazebo
[6.877s] Level 1:colcon.colcon_core.environment:checking '/root/aerostack2_ws/install/as2_platform_gazebo' for CMake config files
[6.878s] Level 1:colcon.colcon_core.shell:create_environment_hook('as2_platform_gazebo', 'cmake_prefix_path')
[6.878s] INFO:colcon.colcon_core.shell:Creating environment hook '/root/aerostack2_ws/install/as2_platform_gazebo/share/as2_platform_gazebo/hook/cmake_prefix_path.ps1'
[6.878s] INFO:colcon.colcon_core.shell:Creating environment descriptor '/root/aerostack2_ws/install/as2_platform_gazebo/share/as2_platform_gazebo/hook/cmake_prefix_path.dsv'
[6.879s] INFO:colcon.colcon_core.shell:Creating environment hook '/root/aerostack2_ws/install/as2_platform_gazebo/share/as2_platform_gazebo/hook/cmake_prefix_path.sh'
[6.880s] Level 1:colcon.colcon_core.environment:checking '/root/aerostack2_ws/install/as2_platform_gazebo/lib'
[6.880s] Level 1:colcon.colcon_core.environment:checking '/root/aerostack2_ws/install/as2_platform_gazebo/bin'
[6.880s] Level 1:colcon.colcon_core.environment:checking '/root/aerostack2_ws/install/as2_platform_gazebo/lib/pkgconfig/as2_platform_gazebo.pc'
[6.880s] Level 1:colcon.colcon_core.environment:checking '/root/aerostack2_ws/install/as2_platform_gazebo/lib/python3.10/site-packages'
[6.880s] Level 1:colcon.colcon_core.environment:checking '/root/aerostack2_ws/install/as2_platform_gazebo/bin'
[6.881s] INFO:colcon.colcon_core.shell:Creating package script '/root/aerostack2_ws/install/as2_platform_gazebo/share/as2_platform_gazebo/package.ps1'
[6.882s] INFO:colcon.colcon_core.shell:Creating package descriptor '/root/aerostack2_ws/install/as2_platform_gazebo/share/as2_platform_gazebo/package.dsv'
[6.882s] INFO:colcon.colcon_core.shell:Creating package script '/root/aerostack2_ws/install/as2_platform_gazebo/share/as2_platform_gazebo/package.sh'
[6.883s] INFO:colcon.colcon_core.shell:Creating package script '/root/aerostack2_ws/install/as2_platform_gazebo/share/as2_platform_gazebo/package.bash'
[6.883s] INFO:colcon.colcon_core.shell:Creating package script '/root/aerostack2_ws/install/as2_platform_gazebo/share/as2_platform_gazebo/package.zsh'
[6.883s] Level 1:colcon.colcon_core.environment:create_file_with_runtime_dependencies(/root/aerostack2_ws/install/as2_platform_gazebo/share/colcon-core/packages/as2_platform_gazebo)
[6.884s] Level 1:colcon.colcon_core.environment:create_environment_scripts_only(as2_platform_gazebo)
[6.884s] Level 1:colcon.colcon_core.environment:checking '/root/aerostack2_ws/install/as2_platform_gazebo' for CMake module files
[6.884s] Level 1:colcon.colcon_core.environment:checking '/root/aerostack2_ws/install/as2_platform_gazebo' for CMake config files
[6.884s] Level 1:colcon.colcon_core.shell:create_environment_hook('as2_platform_gazebo', 'cmake_prefix_path')
[6.884s] INFO:colcon.colcon_core.shell:Creating environment hook '/root/aerostack2_ws/install/as2_platform_gazebo/share/as2_platform_gazebo/hook/cmake_prefix_path.ps1'
[6.885s] INFO:colcon.colcon_core.shell:Creating environment descriptor '/root/aerostack2_ws/install/as2_platform_gazebo/share/as2_platform_gazebo/hook/cmake_prefix_path.dsv'
[6.885s] INFO:colcon.colcon_core.shell:Creating environment hook '/root/aerostack2_ws/install/as2_platform_gazebo/share/as2_platform_gazebo/hook/cmake_prefix_path.sh'
[6.885s] Level 1:colcon.colcon_core.environment:checking '/root/aerostack2_ws/install/as2_platform_gazebo/lib'
[6.885s] Level 1:colcon.colcon_core.environment:checking '/root/aerostack2_ws/install/as2_platform_gazebo/bin'
[6.885s] Level 1:colcon.colcon_core.environment:checking '/root/aerostack2_ws/install/as2_platform_gazebo/lib/pkgconfig/as2_platform_gazebo.pc'
[6.886s] Level 1:colcon.colcon_core.environment:checking '/root/aerostack2_ws/install/as2_platform_gazebo/lib/python3.10/site-packages'
[6.886s] Level 1:colcon.colcon_core.environment:checking '/root/aerostack2_ws/install/as2_platform_gazebo/bin'
[6.886s] INFO:colcon.colcon_core.shell:Creating package script '/root/aerostack2_ws/install/as2_platform_gazebo/share/as2_platform_gazebo/package.ps1'
[6.886s] INFO:colcon.colcon_core.shell:Creating package descriptor '/root/aerostack2_ws/install/as2_platform_gazebo/share/as2_platform_gazebo/package.dsv'
[6.887s] INFO:colcon.colcon_core.shell:Creating package script '/root/aerostack2_ws/install/as2_platform_gazebo/share/as2_platform_gazebo/package.sh'
[6.887s] INFO:colcon.colcon_core.shell:Creating package script '/root/aerostack2_ws/install/as2_platform_gazebo/share/as2_platform_gazebo/package.bash'
[6.887s] INFO:colcon.colcon_core.shell:Creating package script '/root/aerostack2_ws/install/as2_platform_gazebo/share/as2_platform_gazebo/package.zsh'
[6.888s] Level 1:colcon.colcon_core.environment:create_file_with_runtime_dependencies(/root/aerostack2_ws/install/as2_platform_gazebo/share/colcon-core/packages/as2_platform_gazebo)
[6.890s] DEBUG:colcon.colcon_core.event_handler.log_command:Invoking command in '/root/aerostack2_ws/build/as2_behaviors_swarm_flocking': CMAKE_PREFIX_PATH=/root/aerostack2_ws/install/as2_motion_reference_handlers:/root/aerostack2_ws/install/as2_behavior:/root/aerostack2_ws/install/as2_core:/root/aerostack2_ws/install/as2_msgs:/root/aerostack2_ws/install/rmf_demos_gz_classic:/root/aerostack2_ws/install/rmf_demos_gz:/root/aerostack2_ws/install/rmf_demos:/root/aerostack2_ws/install/rmf_demos_maps:/root/aerostack2_ws/install/aerostack2:/root/aerostack2_ws/install/as2_usb_camera_interface:/root/aerostack2_ws/install/as2_state_estimator:/root/aerostack2_ws/install/as2_rviz_plugins:/root/aerostack2_ws/install/as2_realsense_interface:/root/aerostack2_ws/install/as2_platform_multirotor_simulator:/root/aerostack2_ws/install/as2_platform_gazebo:/root/aerostack2_ws/install/as2_motion_controller:/root/aerostack2_ws/install/as2_behaviors_trajectory_generation:/root/aerostack2_ws/install/as2_behaviors_swarm_flocking:/root/aerostack2_ws/install/as2_behaviors_motion:/root/aerostack2_ws/install/as2_map_server:/root/aerostack2_ws/install/as2_geozones:/root/aerostack2_ws/install/as2_gazebo_assets:/root/aerostack2_ws/install/as2_external_object_to_tf:/root/aerostack2_ws/install/as2_behaviors_platform:/root/aerostack2_ws/install/as2_behaviors_perception:/root/aerostack2_ws/install/as2_behaviors_path_planning:/root/aerostack2_ws/install/as2_behavior_tree:/root/aerostack2_ws/install/as2_alphanumeric_viewer:/root/aerostack2_ws/install/as2_cli:/root/aerostack2_ws/install/rmf_demos_tasks:/root/aerostack2_ws/install/rmf_demos_panel:/root/aerostack2_ws/install/rmf_demos_fleet_adapter:/root/aerostack2_ws/install/rmf_demos_dashboard_resources:/root/aerostack2_ws/install/rmf_demos_bridges:/root/aerostack2_ws/install/rmf_demos_assets:/root/aerostack2_ws/install/as2_visualization:/root/aerostack2_ws/install/as2_swarm_perception:/root/aerostack2_ws/install/as2_swarm_fusion_ci:/root/aerostack2_ws/install/as2_swarm_ekf:/root/aerostack2_ws/install/as2_keyboard_teleoperation:/root/aerostack2_ws/install/as2_python_api:/root/aerostack2_ws/install/as2_project_bringup:/root/aerostack2_ws/install/as2_perception:/root/aerostack2_ws/install/as2_groundray_perception:/opt/ros/humble LD_LIBRARY_PATH=/root/aerostack2_ws/install/as2_behavior/lib:/root/aerostack2_ws/install/as2_core/lib:/root/aerostack2_ws/install/as2_msgs/lib:/root/aerostack2_ws/install/as2_state_estimator/lib:/root/aerostack2_ws/install/as2_python_api/lib:/root/aerostack2_ws/install/as2_motion_controller/lib:/root/aerostack2_ws/install/as2_behaviors_trajectory_generation/lib:/root/aerostack2_ws/install/as2_behaviors_swarm_flocking/lib:/root/aerostack2_ws/install/as2_behaviors_motion/lib:/root/aerostack2_ws/install/as2_motion_reference_handlers/lib:/root/aerostack2_ws/install/as2_map_server/lib:/root/aerostack2_ws/install/as2_gazebo_assets/lib:/root/aerostack2_ws/install/as2_behaviors_perception/lib:/root/aerostack2_ws/install/as2_behaviors_path_planning/lib:/root/aerostack2_ws/install/as2_behavior_tree/lib:/opt/ros/humble/opt/rviz_ogre_vendor/lib:/opt/ros/humble/lib/x86_64-linux-gnu:/opt/ros/humble/lib /usr/bin/cmake --build /root/aerostack2_ws/build/as2_behaviors_swarm_flocking -- -j8 -l8
[6.892s] DEBUG:colcon.colcon_core.event_handler.log_command:Invoked command in '/root/aerostack2_ws/build/as2_behaviors_trajectory_generation' returned '0': CMAKE_PREFIX_PATH=/root/aerostack2_ws/install/as2_motion_reference_handlers:/root/aerostack2_ws/install/as2_behavior:/root/aerostack2_ws/install/as2_core:/root/aerostack2_ws/install/as2_msgs:/root/aerostack2_ws/install/rmf_demos_gz_classic:/root/aerostack2_ws/install/rmf_demos_gz:/root/aerostack2_ws/install/rmf_demos:/root/aerostack2_ws/install/rmf_demos_maps:/root/aerostack2_ws/install/aerostack2:/root/aerostack2_ws/install/as2_usb_camera_interface:/root/aerostack2_ws/install/as2_state_estimator:/root/aerostack2_ws/install/as2_rviz_plugins:/root/aerostack2_ws/install/as2_realsense_interface:/root/aerostack2_ws/install/as2_platform_multirotor_simulator:/root/aerostack2_ws/install/as2_platform_gazebo:/root/aerostack2_ws/install/as2_motion_controller:/root/aerostack2_ws/install/as2_behaviors_trajectory_generation:/root/aerostack2_ws/install/as2_behaviors_swarm_flocking:/root/aerostack2_ws/install/as2_behaviors_motion:/root/aerostack2_ws/install/as2_map_server:/root/aerostack2_ws/install/as2_geozones:/root/aerostack2_ws/install/as2_gazebo_assets:/root/aerostack2_ws/install/as2_external_object_to_tf:/root/aerostack2_ws/install/as2_behaviors_platform:/root/aerostack2_ws/install/as2_behaviors_perception:/root/aerostack2_ws/install/as2_behaviors_path_planning:/root/aerostack2_ws/install/as2_behavior_tree:/root/aerostack2_ws/install/as2_alphanumeric_viewer:/root/aerostack2_ws/install/as2_cli:/root/aerostack2_ws/install/rmf_demos_tasks:/root/aerostack2_ws/install/rmf_demos_panel:/root/aerostack2_ws/install/rmf_demos_fleet_adapter:/root/aerostack2_ws/install/rmf_demos_dashboard_resources:/root/aerostack2_ws/install/rmf_demos_bridges:/root/aerostack2_ws/install/rmf_demos_assets:/root/aerostack2_ws/install/as2_visualization:/root/aerostack2_ws/install/as2_swarm_perception:/root/aerostack2_ws/install/as2_swarm_fusion_ci:/root/aerostack2_ws/install/as2_swarm_ekf:/root/aerostack2_ws/install/as2_keyboard_teleoperation:/root/aerostack2_ws/install/as2_python_api:/root/aerostack2_ws/install/as2_project_bringup:/root/aerostack2_ws/install/as2_perception:/root/aerostack2_ws/install/as2_groundray_perception:/opt/ros/humble LD_LIBRARY_PATH=/root/aerostack2_ws/install/as2_behavior/lib:/root/aerostack2_ws/install/as2_core/lib:/root/aerostack2_ws/install/as2_msgs/lib:/root/aerostack2_ws/install/as2_state_estimator/lib:/root/aerostack2_ws/install/as2_python_api/lib:/root/aerostack2_ws/install/as2_motion_controller/lib:/root/aerostack2_ws/install/as2_behaviors_trajectory_generation/lib:/root/aerostack2_ws/install/as2_behaviors_swarm_flocking/lib:/root/aerostack2_ws/install/as2_behaviors_motion/lib:/root/aerostack2_ws/install/as2_motion_reference_handlers/lib:/root/aerostack2_ws/install/as2_map_server/lib:/root/aerostack2_ws/install/as2_gazebo_assets/lib:/root/aerostack2_ws/install/as2_behaviors_perception/lib:/root/aerostack2_ws/install/as2_behaviors_path_planning/lib:/root/aerostack2_ws/install/as2_behavior_tree/lib:/opt/ros/humble/opt/rviz_ogre_vendor/lib:/opt/ros/humble/lib/x86_64-linux-gnu:/opt/ros/humble/lib /usr/bin/cmake --build /root/aerostack2_ws/build/as2_behaviors_trajectory_generation -- -j8 -l8
[6.893s] DEBUG:colcon.colcon_core.event_handler.log_command:Invoking command in '/root/aerostack2_ws/build/as2_behaviors_trajectory_generation': CMAKE_PREFIX_PATH=/root/aerostack2_ws/install/as2_motion_reference_handlers:/root/aerostack2_ws/install/as2_behavior:/root/aerostack2_ws/install/as2_core:/root/aerostack2_ws/install/as2_msgs:/root/aerostack2_ws/install/rmf_demos_gz_classic:/root/aerostack2_ws/install/rmf_demos_gz:/root/aerostack2_ws/install/rmf_demos:/root/aerostack2_ws/install/rmf_demos_maps:/root/aerostack2_ws/install/aerostack2:/root/aerostack2_ws/install/as2_usb_camera_interface:/root/aerostack2_ws/install/as2_state_estimator:/root/aerostack2_ws/install/as2_rviz_plugins:/root/aerostack2_ws/install/as2_realsense_interface:/root/aerostack2_ws/install/as2_platform_multirotor_simulator:/root/aerostack2_ws/install/as2_platform_gazebo:/root/aerostack2_ws/install/as2_motion_controller:/root/aerostack2_ws/install/as2_behaviors_trajectory_generation:/root/aerostack2_ws/install/as2_behaviors_swarm_flocking:/root/aerostack2_ws/install/as2_behaviors_motion:/root/aerostack2_ws/install/as2_map_server:/root/aerostack2_ws/install/as2_geozones:/root/aerostack2_ws/install/as2_gazebo_assets:/root/aerostack2_ws/install/as2_external_object_to_tf:/root/aerostack2_ws/install/as2_behaviors_platform:/root/aerostack2_ws/install/as2_behaviors_perception:/root/aerostack2_ws/install/as2_behaviors_path_planning:/root/aerostack2_ws/install/as2_behavior_tree:/root/aerostack2_ws/install/as2_alphanumeric_viewer:/root/aerostack2_ws/install/as2_cli:/root/aerostack2_ws/install/rmf_demos_tasks:/root/aerostack2_ws/install/rmf_demos_panel:/root/aerostack2_ws/install/rmf_demos_fleet_adapter:/root/aerostack2_ws/install/rmf_demos_dashboard_resources:/root/aerostack2_ws/install/rmf_demos_bridges:/root/aerostack2_ws/install/rmf_demos_assets:/root/aerostack2_ws/install/as2_visualization:/root/aerostack2_ws/install/as2_swarm_perception:/root/aerostack2_ws/install/as2_swarm_fusion_ci:/root/aerostack2_ws/install/as2_swarm_ekf:/root/aerostack2_ws/install/as2_keyboard_teleoperation:/root/aerostack2_ws/install/as2_python_api:/root/aerostack2_ws/install/as2_project_bringup:/root/aerostack2_ws/install/as2_perception:/root/aerostack2_ws/install/as2_groundray_perception:/opt/ros/humble LD_LIBRARY_PATH=/root/aerostack2_ws/install/as2_behavior/lib:/root/aerostack2_ws/install/as2_core/lib:/root/aerostack2_ws/install/as2_msgs/lib:/root/aerostack2_ws/install/as2_state_estimator/lib:/root/aerostack2_ws/install/as2_python_api/lib:/root/aerostack2_ws/install/as2_motion_controller/lib:/root/aerostack2_ws/install/as2_behaviors_trajectory_generation/lib:/root/aerostack2_ws/install/as2_behaviors_swarm_flocking/lib:/root/aerostack2_ws/install/as2_behaviors_motion/lib:/root/aerostack2_ws/install/as2_motion_reference_handlers/lib:/root/aerostack2_ws/install/as2_map_server/lib:/root/aerostack2_ws/install/as2_gazebo_assets/lib:/root/aerostack2_ws/install/as2_behaviors_perception/lib:/root/aerostack2_ws/install/as2_behaviors_path_planning/lib:/root/aerostack2_ws/install/as2_behavior_tree/lib:/opt/ros/humble/opt/rviz_ogre_vendor/lib:/opt/ros/humble/lib/x86_64-linux-gnu:/opt/ros/humble/lib /usr/bin/cmake --install /root/aerostack2_ws/build/as2_behaviors_trajectory_generation
[6.902s] DEBUG:colcon.colcon_core.event_handler.log_command:Invoking command in '/root/aerostack2_ws/src/aerostack2/as2_python_api': CMAKE_PREFIX_PATH=/root/aerostack2_ws/install/as2_motion_reference_handlers:/root/aerostack2_ws/install/as2_core:/root/aerostack2_ws/install/as2_msgs:/root/aerostack2_ws/install/rmf_demos_gz_classic:/root/aerostack2_ws/install/rmf_demos_gz:/root/aerostack2_ws/install/rmf_demos:/root/aerostack2_ws/install/rmf_demos_maps:/root/aerostack2_ws/install/aerostack2:/root/aerostack2_ws/install/as2_usb_camera_interface:/root/aerostack2_ws/install/as2_state_estimator:/root/aerostack2_ws/install/as2_rviz_plugins:/root/aerostack2_ws/install/as2_realsense_interface:/root/aerostack2_ws/install/as2_platform_multirotor_simulator:/root/aerostack2_ws/install/as2_platform_gazebo:/root/aerostack2_ws/install/as2_motion_controller:/root/aerostack2_ws/install/as2_behaviors_trajectory_generation:/root/aerostack2_ws/install/as2_behaviors_swarm_flocking:/root/aerostack2_ws/install/as2_behaviors_motion:/root/aerostack2_ws/install/as2_map_server:/root/aerostack2_ws/install/as2_geozones:/root/aerostack2_ws/install/as2_gazebo_assets:/root/aerostack2_ws/install/as2_external_object_to_tf:/root/aerostack2_ws/install/as2_behaviors_platform:/root/aerostack2_ws/install/as2_behaviors_perception:/root/aerostack2_ws/install/as2_behaviors_path_planning:/root/aerostack2_ws/install/as2_behavior_tree:/root/aerostack2_ws/install/as2_behavior:/root/aerostack2_ws/install/as2_alphanumeric_viewer:/root/aerostack2_ws/install/as2_cli LD_LIBRARY_PATH=/root/aerostack2_ws/install/as2_core/lib:/root/aerostack2_ws/install/as2_msgs/lib:/root/aerostack2_ws/install/as2_state_estimator/lib:/root/aerostack2_ws/install/as2_python_api/lib:/root/aerostack2_ws/install/as2_motion_controller/lib:/root/aerostack2_ws/install/as2_behaviors_trajectory_generation/lib:/root/aerostack2_ws/install/as2_behaviors_swarm_flocking/lib:/root/aerostack2_ws/install/as2_behaviors_motion/lib:/root/aerostack2_ws/install/as2_motion_reference_handlers/lib:/root/aerostack2_ws/install/as2_map_server/lib:/root/aerostack2_ws/install/as2_gazebo_assets/lib:/root/aerostack2_ws/install/as2_behaviors_perception/lib:/root/aerostack2_ws/install/as2_behaviors_path_planning/lib:/root/aerostack2_ws/install/as2_behavior_tree/lib:/root/aerostack2_ws/install/as2_behavior/lib:/opt/ros/humble/opt/rviz_ogre_vendor/lib:/opt/ros/humble/lib/x86_64-linux-gnu:/opt/ros/humble/lib PYTHONPATH=/root/aerostack2_ws/build/as2_python_api/prefix_override:/usr/lib/python3/dist-packages/colcon_core/task/python/colcon_distutils_commands:/root/aerostack2_ws/install/as2_python_api/lib/python3.10/site-packages:${PYTHONPATH} /usr/bin/python3 -W ignore:setup.py install is deprecated -W ignore:easy_install command is deprecated setup.py egg_info --egg-base ../../../build/as2_python_api build --build-base /root/aerostack2_ws/build/as2_python_api/build install --record /root/aerostack2_ws/build/as2_python_api/install.log --single-version-externally-managed install_data
[6.910s] Level 1:colcon.colcon_core.environment:create_environment_scripts_only(as2_behaviors_trajectory_generation)
[6.911s] Level 1:colcon.colcon_core.environment:checking '/root/aerostack2_ws/install/as2_behaviors_trajectory_generation' for CMake module files
[6.911s] DEBUG:colcon.colcon_core.event_handler.log_command:Invoked command in '/root/aerostack2_ws/build/as2_behaviors_trajectory_generation' returned '0': CMAKE_PREFIX_PATH=/root/aerostack2_ws/install/as2_motion_reference_handlers:/root/aerostack2_ws/install/as2_behavior:/root/aerostack2_ws/install/as2_core:/root/aerostack2_ws/install/as2_msgs:/root/aerostack2_ws/install/rmf_demos_gz_classic:/root/aerostack2_ws/install/rmf_demos_gz:/root/aerostack2_ws/install/rmf_demos:/root/aerostack2_ws/install/rmf_demos_maps:/root/aerostack2_ws/install/aerostack2:/root/aerostack2_ws/install/as2_usb_camera_interface:/root/aerostack2_ws/install/as2_state_estimator:/root/aerostack2_ws/install/as2_rviz_plugins:/root/aerostack2_ws/install/as2_realsense_interface:/root/aerostack2_ws/install/as2_platform_multirotor_simulator:/root/aerostack2_ws/install/as2_platform_gazebo:/root/aerostack2_ws/install/as2_motion_controller:/root/aerostack2_ws/install/as2_behaviors_trajectory_generation:/root/aerostack2_ws/install/as2_behaviors_swarm_flocking:/root/aerostack2_ws/install/as2_behaviors_motion:/root/aerostack2_ws/install/as2_map_server:/root/aerostack2_ws/install/as2_geozones:/root/aerostack2_ws/install/as2_gazebo_assets:/root/aerostack2_ws/install/as2_external_object_to_tf:/root/aerostack2_ws/install/as2_behaviors_platform:/root/aerostack2_ws/install/as2_behaviors_perception:/root/aerostack2_ws/install/as2_behaviors_path_planning:/root/aerostack2_ws/install/as2_behavior_tree:/root/aerostack2_ws/install/as2_alphanumeric_viewer:/root/aerostack2_ws/install/as2_cli:/root/aerostack2_ws/install/rmf_demos_tasks:/root/aerostack2_ws/install/rmf_demos_panel:/root/aerostack2_ws/install/rmf_demos_fleet_adapter:/root/aerostack2_ws/install/rmf_demos_dashboard_resources:/root/aerostack2_ws/install/rmf_demos_bridges:/root/aerostack2_ws/install/rmf_demos_assets:/root/aerostack2_ws/install/as2_visualization:/root/aerostack2_ws/install/as2_swarm_perception:/root/aerostack2_ws/install/as2_swarm_fusion_ci:/root/aerostack2_ws/install/as2_swarm_ekf:/root/aerostack2_ws/install/as2_keyboard_teleoperation:/root/aerostack2_ws/install/as2_python_api:/root/aerostack2_ws/install/as2_project_bringup:/root/aerostack2_ws/install/as2_perception:/root/aerostack2_ws/install/as2_groundray_perception:/opt/ros/humble LD_LIBRARY_PATH=/root/aerostack2_ws/install/as2_behavior/lib:/root/aerostack2_ws/install/as2_core/lib:/root/aerostack2_ws/install/as2_msgs/lib:/root/aerostack2_ws/install/as2_state_estimator/lib:/root/aerostack2_ws/install/as2_python_api/lib:/root/aerostack2_ws/install/as2_motion_controller/lib:/root/aerostack2_ws/install/as2_behaviors_trajectory_generation/lib:/root/aerostack2_ws/install/as2_behaviors_swarm_flocking/lib:/root/aerostack2_ws/install/as2_behaviors_motion/lib:/root/aerostack2_ws/install/as2_motion_reference_handlers/lib:/root/aerostack2_ws/install/as2_map_server/lib:/root/aerostack2_ws/install/as2_gazebo_assets/lib:/root/aerostack2_ws/install/as2_behaviors_perception/lib:/root/aerostack2_ws/install/as2_behaviors_path_planning/lib:/root/aerostack2_ws/install/as2_behavior_tree/lib:/opt/ros/humble/opt/rviz_ogre_vendor/lib:/opt/ros/humble/lib/x86_64-linux-gnu:/opt/ros/humble/lib /usr/bin/cmake --install /root/aerostack2_ws/build/as2_behaviors_trajectory_generation
[6.911s] Level 1:colcon.colcon_core.environment:checking '/root/aerostack2_ws/install/as2_behaviors_trajectory_generation' for CMake config files
[6.912s] Level 1:colcon.colcon_core.shell:create_environment_hook('as2_behaviors_trajectory_generation', 'cmake_prefix_path')
[6.912s] INFO:colcon.colcon_core.shell:Creating environment hook '/root/aerostack2_ws/install/as2_behaviors_trajectory_generation/share/as2_behaviors_trajectory_generation/hook/cmake_prefix_path.ps1'
[6.912s] INFO:colcon.colcon_core.shell:Creating environment descriptor '/root/aerostack2_ws/install/as2_behaviors_trajectory_generation/share/as2_behaviors_trajectory_generation/hook/cmake_prefix_path.dsv'
[6.913s] INFO:colcon.colcon_core.shell:Creating environment hook '/root/aerostack2_ws/install/as2_behaviors_trajectory_generation/share/as2_behaviors_trajectory_generation/hook/cmake_prefix_path.sh'
[6.913s] Level 1:colcon.colcon_core.environment:checking '/root/aerostack2_ws/install/as2_behaviors_trajectory_generation/lib'
[6.913s] Level 1:colcon.colcon_core.shell:create_environment_hook('as2_behaviors_trajectory_generation', 'ld_library_path_lib')
[6.914s] INFO:colcon.colcon_core.shell:Creating environment hook '/root/aerostack2_ws/install/as2_behaviors_trajectory_generation/share/as2_behaviors_trajectory_generation/hook/ld_library_path_lib.ps1'
[6.914s] INFO:colcon.colcon_core.shell:Creating environment descriptor '/root/aerostack2_ws/install/as2_behaviors_trajectory_generation/share/as2_behaviors_trajectory_generation/hook/ld_library_path_lib.dsv'
[6.915s] INFO:colcon.colcon_core.shell:Creating environment hook '/root/aerostack2_ws/install/as2_behaviors_trajectory_generation/share/as2_behaviors_trajectory_generation/hook/ld_library_path_lib.sh'
[6.915s] Level 1:colcon.colcon_core.environment:checking '/root/aerostack2_ws/install/as2_behaviors_trajectory_generation/bin'
[6.915s] Level 1:colcon.colcon_core.environment:checking '/root/aerostack2_ws/install/as2_behaviors_trajectory_generation/lib/pkgconfig/as2_behaviors_trajectory_generation.pc'
[6.915s] Level 1:colcon.colcon_core.environment:checking '/root/aerostack2_ws/install/as2_behaviors_trajectory_generation/lib/python3.10/site-packages'
[6.916s] Level 1:colcon.colcon_core.environment:checking '/root/aerostack2_ws/install/as2_behaviors_trajectory_generation/bin'
[6.916s] INFO:colcon.colcon_core.shell:Creating package script '/root/aerostack2_ws/install/as2_behaviors_trajectory_generation/share/as2_behaviors_trajectory_generation/package.ps1'
[6.917s] INFO:colcon.colcon_core.shell:Creating package descriptor '/root/aerostack2_ws/install/as2_behaviors_trajectory_generation/share/as2_behaviors_trajectory_generation/package.dsv'
[6.917s] INFO:colcon.colcon_core.shell:Creating package script '/root/aerostack2_ws/install/as2_behaviors_trajectory_generation/share/as2_behaviors_trajectory_generation/package.sh'
[6.918s] INFO:colcon.colcon_core.shell:Creating package script '/root/aerostack2_ws/install/as2_behaviors_trajectory_generation/share/as2_behaviors_trajectory_generation/package.bash'
[6.918s] INFO:colcon.colcon_core.shell:Creating package script '/root/aerostack2_ws/install/as2_behaviors_trajectory_generation/share/as2_behaviors_trajectory_generation/package.zsh'
[6.918s] Level 1:colcon.colcon_core.environment:create_file_with_runtime_dependencies(/root/aerostack2_ws/install/as2_behaviors_trajectory_generation/share/colcon-core/packages/as2_behaviors_trajectory_generation)
[6.919s] Level 1:colcon.colcon_core.environment:create_environment_scripts_only(as2_behaviors_trajectory_generation)
[6.919s] Level 1:colcon.colcon_core.environment:checking '/root/aerostack2_ws/install/as2_behaviors_trajectory_generation' for CMake module files
[6.920s] Level 1:colcon.colcon_core.environment:checking '/root/aerostack2_ws/install/as2_behaviors_trajectory_generation' for CMake config files
[6.920s] Level 1:colcon.colcon_core.shell:create_environment_hook('as2_behaviors_trajectory_generation', 'cmake_prefix_path')
[6.920s] INFO:colcon.colcon_core.shell:Creating environment hook '/root/aerostack2_ws/install/as2_behaviors_trajectory_generation/share/as2_behaviors_trajectory_generation/hook/cmake_prefix_path.ps1'
[6.921s] INFO:colcon.colcon_core.shell:Creating environment descriptor '/root/aerostack2_ws/install/as2_behaviors_trajectory_generation/share/as2_behaviors_trajectory_generation/hook/cmake_prefix_path.dsv'
[6.921s] INFO:colcon.colcon_core.shell:Creating environment hook '/root/aerostack2_ws/install/as2_behaviors_trajectory_generation/share/as2_behaviors_trajectory_generation/hook/cmake_prefix_path.sh'
[6.921s] Level 1:colcon.colcon_core.environment:checking '/root/aerostack2_ws/install/as2_behaviors_trajectory_generation/lib'
[6.921s] Level 1:colcon.colcon_core.shell:create_environment_hook('as2_behaviors_trajectory_generation', 'ld_library_path_lib')
[6.921s] INFO:colcon.colcon_core.shell:Creating environment hook '/root/aerostack2_ws/install/as2_behaviors_trajectory_generation/share/as2_behaviors_trajectory_generation/hook/ld_library_path_lib.ps1'
[6.922s] INFO:colcon.colcon_core.shell:Creating environment descriptor '/root/aerostack2_ws/install/as2_behaviors_trajectory_generation/share/as2_behaviors_trajectory_generation/hook/ld_library_path_lib.dsv'
[6.922s] INFO:colcon.colcon_core.shell:Creating environment hook '/root/aerostack2_ws/install/as2_behaviors_trajectory_generation/share/as2_behaviors_trajectory_generation/hook/ld_library_path_lib.sh'
[6.922s] Level 1:colcon.colcon_core.environment:checking '/root/aerostack2_ws/install/as2_behaviors_trajectory_generation/bin'
[6.922s] Level 1:colcon.colcon_core.environment:checking '/root/aerostack2_ws/install/as2_behaviors_trajectory_generation/lib/pkgconfig/as2_behaviors_trajectory_generation.pc'
[6.922s] Level 1:colcon.colcon_core.environment:checking '/root/aerostack2_ws/install/as2_behaviors_trajectory_generation/lib/python3.10/site-packages'
[6.923s] Level 1:colcon.colcon_core.environment:checking '/root/aerostack2_ws/install/as2_behaviors_trajectory_generation/bin'
[6.923s] INFO:colcon.colcon_core.shell:Creating package script '/root/aerostack2_ws/install/as2_behaviors_trajectory_generation/share/as2_behaviors_trajectory_generation/package.ps1'
[6.923s] INFO:colcon.colcon_core.shell:Creating package descriptor '/root/aerostack2_ws/install/as2_behaviors_trajectory_generation/share/as2_behaviors_trajectory_generation/package.dsv'
[6.924s] INFO:colcon.colcon_core.shell:Creating package script '/root/aerostack2_ws/install/as2_behaviors_trajectory_generation/share/as2_behaviors_trajectory_generation/package.sh'
[6.924s] INFO:colcon.colcon_core.shell:Creating package script '/root/aerostack2_ws/install/as2_behaviors_trajectory_generation/share/as2_behaviors_trajectory_generation/package.bash'
[6.925s] INFO:colcon.colcon_core.shell:Creating package script '/root/aerostack2_ws/install/as2_behaviors_trajectory_generation/share/as2_behaviors_trajectory_generation/package.zsh'
[6.925s] Level 1:colcon.colcon_core.environment:create_file_with_runtime_dependencies(/root/aerostack2_ws/install/as2_behaviors_trajectory_generation/share/colcon-core/packages/as2_behaviors_trajectory_generation)
[7.168s] DEBUG:colcon.colcon_core.event_handler.log_command:Invoked command in '/root/aerostack2_ws/build/as2_behaviors_swarm_flocking' returned '0': CMAKE_PREFIX_PATH=/root/aerostack2_ws/install/as2_motion_reference_handlers:/root/aerostack2_ws/install/as2_behavior:/root/aerostack2_ws/install/as2_core:/root/aerostack2_ws/install/as2_msgs:/root/aerostack2_ws/install/rmf_demos_gz_classic:/root/aerostack2_ws/install/rmf_demos_gz:/root/aerostack2_ws/install/rmf_demos:/root/aerostack2_ws/install/rmf_demos_maps:/root/aerostack2_ws/install/aerostack2:/root/aerostack2_ws/install/as2_usb_camera_interface:/root/aerostack2_ws/install/as2_state_estimator:/root/aerostack2_ws/install/as2_rviz_plugins:/root/aerostack2_ws/install/as2_realsense_interface:/root/aerostack2_ws/install/as2_platform_multirotor_simulator:/root/aerostack2_ws/install/as2_platform_gazebo:/root/aerostack2_ws/install/as2_motion_controller:/root/aerostack2_ws/install/as2_behaviors_trajectory_generation:/root/aerostack2_ws/install/as2_behaviors_swarm_flocking:/root/aerostack2_ws/install/as2_behaviors_motion:/root/aerostack2_ws/install/as2_map_server:/root/aerostack2_ws/install/as2_geozones:/root/aerostack2_ws/install/as2_gazebo_assets:/root/aerostack2_ws/install/as2_external_object_to_tf:/root/aerostack2_ws/install/as2_behaviors_platform:/root/aerostack2_ws/install/as2_behaviors_perception:/root/aerostack2_ws/install/as2_behaviors_path_planning:/root/aerostack2_ws/install/as2_behavior_tree:/root/aerostack2_ws/install/as2_alphanumeric_viewer:/root/aerostack2_ws/install/as2_cli:/root/aerostack2_ws/install/rmf_demos_tasks:/root/aerostack2_ws/install/rmf_demos_panel:/root/aerostack2_ws/install/rmf_demos_fleet_adapter:/root/aerostack2_ws/install/rmf_demos_dashboard_resources:/root/aerostack2_ws/install/rmf_demos_bridges:/root/aerostack2_ws/install/rmf_demos_assets:/root/aerostack2_ws/install/as2_visualization:/root/aerostack2_ws/install/as2_swarm_perception:/root/aerostack2_ws/install/as2_swarm_fusion_ci:/root/aerostack2_ws/install/as2_swarm_ekf:/root/aerostack2_ws/install/as2_keyboard_teleoperation:/root/aerostack2_ws/install/as2_python_api:/root/aerostack2_ws/install/as2_project_bringup:/root/aerostack2_ws/install/as2_perception:/root/aerostack2_ws/install/as2_groundray_perception:/opt/ros/humble LD_LIBRARY_PATH=/root/aerostack2_ws/install/as2_behavior/lib:/root/aerostack2_ws/install/as2_core/lib:/root/aerostack2_ws/install/as2_msgs/lib:/root/aerostack2_ws/install/as2_state_estimator/lib:/root/aerostack2_ws/install/as2_python_api/lib:/root/aerostack2_ws/install/as2_motion_controller/lib:/root/aerostack2_ws/install/as2_behaviors_trajectory_generation/lib:/root/aerostack2_ws/install/as2_behaviors_swarm_flocking/lib:/root/aerostack2_ws/install/as2_behaviors_motion/lib:/root/aerostack2_ws/install/as2_motion_reference_handlers/lib:/root/aerostack2_ws/install/as2_map_server/lib:/root/aerostack2_ws/install/as2_gazebo_assets/lib:/root/aerostack2_ws/install/as2_behaviors_perception/lib:/root/aerostack2_ws/install/as2_behaviors_path_planning/lib:/root/aerostack2_ws/install/as2_behavior_tree/lib:/opt/ros/humble/opt/rviz_ogre_vendor/lib:/opt/ros/humble/lib/x86_64-linux-gnu:/opt/ros/humble/lib /usr/bin/cmake --build /root/aerostack2_ws/build/as2_behaviors_swarm_flocking -- -j8 -l8
[7.170s] DEBUG:colcon.colcon_core.event_handler.log_command:Invoking command in '/root/aerostack2_ws/build/as2_behaviors_swarm_flocking': CMAKE_PREFIX_PATH=/root/aerostack2_ws/install/as2_motion_reference_handlers:/root/aerostack2_ws/install/as2_behavior:/root/aerostack2_ws/install/as2_core:/root/aerostack2_ws/install/as2_msgs:/root/aerostack2_ws/install/rmf_demos_gz_classic:/root/aerostack2_ws/install/rmf_demos_gz:/root/aerostack2_ws/install/rmf_demos:/root/aerostack2_ws/install/rmf_demos_maps:/root/aerostack2_ws/install/aerostack2:/root/aerostack2_ws/install/as2_usb_camera_interface:/root/aerostack2_ws/install/as2_state_estimator:/root/aerostack2_ws/install/as2_rviz_plugins:/root/aerostack2_ws/install/as2_realsense_interface:/root/aerostack2_ws/install/as2_platform_multirotor_simulator:/root/aerostack2_ws/install/as2_platform_gazebo:/root/aerostack2_ws/install/as2_motion_controller:/root/aerostack2_ws/install/as2_behaviors_trajectory_generation:/root/aerostack2_ws/install/as2_behaviors_swarm_flocking:/root/aerostack2_ws/install/as2_behaviors_motion:/root/aerostack2_ws/install/as2_map_server:/root/aerostack2_ws/install/as2_geozones:/root/aerostack2_ws/install/as2_gazebo_assets:/root/aerostack2_ws/install/as2_external_object_to_tf:/root/aerostack2_ws/install/as2_behaviors_platform:/root/aerostack2_ws/install/as2_behaviors_perception:/root/aerostack2_ws/install/as2_behaviors_path_planning:/root/aerostack2_ws/install/as2_behavior_tree:/root/aerostack2_ws/install/as2_alphanumeric_viewer:/root/aerostack2_ws/install/as2_cli:/root/aerostack2_ws/install/rmf_demos_tasks:/root/aerostack2_ws/install/rmf_demos_panel:/root/aerostack2_ws/install/rmf_demos_fleet_adapter:/root/aerostack2_ws/install/rmf_demos_dashboard_resources:/root/aerostack2_ws/install/rmf_demos_bridges:/root/aerostack2_ws/install/rmf_demos_assets:/root/aerostack2_ws/install/as2_visualization:/root/aerostack2_ws/install/as2_swarm_perception:/root/aerostack2_ws/install/as2_swarm_fusion_ci:/root/aerostack2_ws/install/as2_swarm_ekf:/root/aerostack2_ws/install/as2_keyboard_teleoperation:/root/aerostack2_ws/install/as2_python_api:/root/aerostack2_ws/install/as2_project_bringup:/root/aerostack2_ws/install/as2_perception:/root/aerostack2_ws/install/as2_groundray_perception:/opt/ros/humble LD_LIBRARY_PATH=/root/aerostack2_ws/install/as2_behavior/lib:/root/aerostack2_ws/install/as2_core/lib:/root/aerostack2_ws/install/as2_msgs/lib:/root/aerostack2_ws/install/as2_state_estimator/lib:/root/aerostack2_ws/install/as2_python_api/lib:/root/aerostack2_ws/install/as2_motion_controller/lib:/root/aerostack2_ws/install/as2_behaviors_trajectory_generation/lib:/root/aerostack2_ws/install/as2_behaviors_swarm_flocking/lib:/root/aerostack2_ws/install/as2_behaviors_motion/lib:/root/aerostack2_ws/install/as2_motion_reference_handlers/lib:/root/aerostack2_ws/install/as2_map_server/lib:/root/aerostack2_ws/install/as2_gazebo_assets/lib:/root/aerostack2_ws/install/as2_behaviors_perception/lib:/root/aerostack2_ws/install/as2_behaviors_path_planning/lib:/root/aerostack2_ws/install/as2_behavior_tree/lib:/opt/ros/humble/opt/rviz_ogre_vendor/lib:/opt/ros/humble/lib/x86_64-linux-gnu:/opt/ros/humble/lib /usr/bin/cmake --install /root/aerostack2_ws/build/as2_behaviors_swarm_flocking
[7.180s] Level 1:colcon.colcon_core.environment:create_environment_scripts_only(as2_behaviors_swarm_flocking)
[7.180s] Level 1:colcon.colcon_core.environment:checking '/root/aerostack2_ws/install/as2_behaviors_swarm_flocking' for CMake module files
[7.180s] DEBUG:colcon.colcon_core.event_handler.log_command:Invoked command in '/root/aerostack2_ws/build/as2_behaviors_swarm_flocking' returned '0': CMAKE_PREFIX_PATH=/root/aerostack2_ws/install/as2_motion_reference_handlers:/root/aerostack2_ws/install/as2_behavior:/root/aerostack2_ws/install/as2_core:/root/aerostack2_ws/install/as2_msgs:/root/aerostack2_ws/install/rmf_demos_gz_classic:/root/aerostack2_ws/install/rmf_demos_gz:/root/aerostack2_ws/install/rmf_demos:/root/aerostack2_ws/install/rmf_demos_maps:/root/aerostack2_ws/install/aerostack2:/root/aerostack2_ws/install/as2_usb_camera_interface:/root/aerostack2_ws/install/as2_state_estimator:/root/aerostack2_ws/install/as2_rviz_plugins:/root/aerostack2_ws/install/as2_realsense_interface:/root/aerostack2_ws/install/as2_platform_multirotor_simulator:/root/aerostack2_ws/install/as2_platform_gazebo:/root/aerostack2_ws/install/as2_motion_controller:/root/aerostack2_ws/install/as2_behaviors_trajectory_generation:/root/aerostack2_ws/install/as2_behaviors_swarm_flocking:/root/aerostack2_ws/install/as2_behaviors_motion:/root/aerostack2_ws/install/as2_map_server:/root/aerostack2_ws/install/as2_geozones:/root/aerostack2_ws/install/as2_gazebo_assets:/root/aerostack2_ws/install/as2_external_object_to_tf:/root/aerostack2_ws/install/as2_behaviors_platform:/root/aerostack2_ws/install/as2_behaviors_perception:/root/aerostack2_ws/install/as2_behaviors_path_planning:/root/aerostack2_ws/install/as2_behavior_tree:/root/aerostack2_ws/install/as2_alphanumeric_viewer:/root/aerostack2_ws/install/as2_cli:/root/aerostack2_ws/install/rmf_demos_tasks:/root/aerostack2_ws/install/rmf_demos_panel:/root/aerostack2_ws/install/rmf_demos_fleet_adapter:/root/aerostack2_ws/install/rmf_demos_dashboard_resources:/root/aerostack2_ws/install/rmf_demos_bridges:/root/aerostack2_ws/install/rmf_demos_assets:/root/aerostack2_ws/install/as2_visualization:/root/aerostack2_ws/install/as2_swarm_perception:/root/aerostack2_ws/install/as2_swarm_fusion_ci:/root/aerostack2_ws/install/as2_swarm_ekf:/root/aerostack2_ws/install/as2_keyboard_teleoperation:/root/aerostack2_ws/install/as2_python_api:/root/aerostack2_ws/install/as2_project_bringup:/root/aerostack2_ws/install/as2_perception:/root/aerostack2_ws/install/as2_groundray_perception:/opt/ros/humble LD_LIBRARY_PATH=/root/aerostack2_ws/install/as2_behavior/lib:/root/aerostack2_ws/install/as2_core/lib:/root/aerostack2_ws/install/as2_msgs/lib:/root/aerostack2_ws/install/as2_state_estimator/lib:/root/aerostack2_ws/install/as2_python_api/lib:/root/aerostack2_ws/install/as2_motion_controller/lib:/root/aerostack2_ws/install/as2_behaviors_trajectory_generation/lib:/root/aerostack2_ws/install/as2_behaviors_swarm_flocking/lib:/root/aerostack2_ws/install/as2_behaviors_motion/lib:/root/aerostack2_ws/install/as2_motion_reference_handlers/lib:/root/aerostack2_ws/install/as2_map_server/lib:/root/aerostack2_ws/install/as2_gazebo_assets/lib:/root/aerostack2_ws/install/as2_behaviors_perception/lib:/root/aerostack2_ws/install/as2_behaviors_path_planning/lib:/root/aerostack2_ws/install/as2_behavior_tree/lib:/opt/ros/humble/opt/rviz_ogre_vendor/lib:/opt/ros/humble/lib/x86_64-linux-gnu:/opt/ros/humble/lib /usr/bin/cmake --install /root/aerostack2_ws/build/as2_behaviors_swarm_flocking
[7.181s] Level 1:colcon.colcon_core.environment:checking '/root/aerostack2_ws/install/as2_behaviors_swarm_flocking' for CMake config files
[7.181s] Level 1:colcon.colcon_core.shell:create_environment_hook('as2_behaviors_swarm_flocking', 'cmake_prefix_path')
[7.181s] INFO:colcon.colcon_core.shell:Creating environment hook '/root/aerostack2_ws/install/as2_behaviors_swarm_flocking/share/as2_behaviors_swarm_flocking/hook/cmake_prefix_path.ps1'
[7.182s] INFO:colcon.colcon_core.shell:Creating environment descriptor '/root/aerostack2_ws/install/as2_behaviors_swarm_flocking/share/as2_behaviors_swarm_flocking/hook/cmake_prefix_path.dsv'
[7.182s] INFO:colcon.colcon_core.shell:Creating environment hook '/root/aerostack2_ws/install/as2_behaviors_swarm_flocking/share/as2_behaviors_swarm_flocking/hook/cmake_prefix_path.sh'
[7.183s] Level 1:colcon.colcon_core.environment:checking '/root/aerostack2_ws/install/as2_behaviors_swarm_flocking/lib'
[7.183s] Level 1:colcon.colcon_core.shell:create_environment_hook('as2_behaviors_swarm_flocking', 'ld_library_path_lib')
[7.183s] INFO:colcon.colcon_core.shell:Creating environment hook '/root/aerostack2_ws/install/as2_behaviors_swarm_flocking/share/as2_behaviors_swarm_flocking/hook/ld_library_path_lib.ps1'
[7.183s] INFO:colcon.colcon_core.shell:Creating environment descriptor '/root/aerostack2_ws/install/as2_behaviors_swarm_flocking/share/as2_behaviors_swarm_flocking/hook/ld_library_path_lib.dsv'
[7.184s] INFO:colcon.colcon_core.shell:Creating environment hook '/root/aerostack2_ws/install/as2_behaviors_swarm_flocking/share/as2_behaviors_swarm_flocking/hook/ld_library_path_lib.sh'
[7.184s] Level 1:colcon.colcon_core.environment:checking '/root/aerostack2_ws/install/as2_behaviors_swarm_flocking/bin'
[7.184s] Level 1:colcon.colcon_core.environment:checking '/root/aerostack2_ws/install/as2_behaviors_swarm_flocking/lib/pkgconfig/as2_behaviors_swarm_flocking.pc'
[7.184s] Level 1:colcon.colcon_core.environment:checking '/root/aerostack2_ws/install/as2_behaviors_swarm_flocking/lib/python3.10/site-packages'
[7.184s] Level 1:colcon.colcon_core.environment:checking '/root/aerostack2_ws/install/as2_behaviors_swarm_flocking/bin'
[7.185s] INFO:colcon.colcon_core.shell:Creating package script '/root/aerostack2_ws/install/as2_behaviors_swarm_flocking/share/as2_behaviors_swarm_flocking/package.ps1'
[7.185s] INFO:colcon.colcon_core.shell:Creating package descriptor '/root/aerostack2_ws/install/as2_behaviors_swarm_flocking/share/as2_behaviors_swarm_flocking/package.dsv'
[7.185s] INFO:colcon.colcon_core.shell:Creating package script '/root/aerostack2_ws/install/as2_behaviors_swarm_flocking/share/as2_behaviors_swarm_flocking/package.sh'
[7.186s] INFO:colcon.colcon_core.shell:Creating package script '/root/aerostack2_ws/install/as2_behaviors_swarm_flocking/share/as2_behaviors_swarm_flocking/package.bash'
[7.186s] INFO:colcon.colcon_core.shell:Creating package script '/root/aerostack2_ws/install/as2_behaviors_swarm_flocking/share/as2_behaviors_swarm_flocking/package.zsh'
[7.186s] Level 1:colcon.colcon_core.environment:create_file_with_runtime_dependencies(/root/aerostack2_ws/install/as2_behaviors_swarm_flocking/share/colcon-core/packages/as2_behaviors_swarm_flocking)
[7.187s] Level 1:colcon.colcon_core.environment:create_environment_scripts_only(as2_behaviors_swarm_flocking)
[7.187s] Level 1:colcon.colcon_core.environment:checking '/root/aerostack2_ws/install/as2_behaviors_swarm_flocking' for CMake module files
[7.187s] Level 1:colcon.colcon_core.environment:checking '/root/aerostack2_ws/install/as2_behaviors_swarm_flocking' for CMake config files
[7.187s] Level 1:colcon.colcon_core.shell:create_environment_hook('as2_behaviors_swarm_flocking', 'cmake_prefix_path')
[7.187s] INFO:colcon.colcon_core.shell:Creating environment hook '/root/aerostack2_ws/install/as2_behaviors_swarm_flocking/share/as2_behaviors_swarm_flocking/hook/cmake_prefix_path.ps1'
[7.188s] INFO:colcon.colcon_core.shell:Creating environment descriptor '/root/aerostack2_ws/install/as2_behaviors_swarm_flocking/share/as2_behaviors_swarm_flocking/hook/cmake_prefix_path.dsv'
[7.188s] INFO:colcon.colcon_core.shell:Creating environment hook '/root/aerostack2_ws/install/as2_behaviors_swarm_flocking/share/as2_behaviors_swarm_flocking/hook/cmake_prefix_path.sh'
[7.188s] Level 1:colcon.colcon_core.environment:checking '/root/aerostack2_ws/install/as2_behaviors_swarm_flocking/lib'
[7.188s] Level 1:colcon.colcon_core.shell:create_environment_hook('as2_behaviors_swarm_flocking', 'ld_library_path_lib')
[7.189s] INFO:colcon.colcon_core.shell:Creating environment hook '/root/aerostack2_ws/install/as2_behaviors_swarm_flocking/share/as2_behaviors_swarm_flocking/hook/ld_library_path_lib.ps1'
[7.189s] INFO:colcon.colcon_core.shell:Creating environment descriptor '/root/aerostack2_ws/install/as2_behaviors_swarm_flocking/share/as2_behaviors_swarm_flocking/hook/ld_library_path_lib.dsv'
[7.189s] INFO:colcon.colcon_core.shell:Creating environment hook '/root/aerostack2_ws/install/as2_behaviors_swarm_flocking/share/as2_behaviors_swarm_flocking/hook/ld_library_path_lib.sh'
[7.189s] Level 1:colcon.colcon_core.environment:checking '/root/aerostack2_ws/install/as2_behaviors_swarm_flocking/bin'
[7.189s] Level 1:colcon.colcon_core.environment:checking '/root/aerostack2_ws/install/as2_behaviors_swarm_flocking/lib/pkgconfig/as2_behaviors_swarm_flocking.pc'
[7.190s] Level 1:colcon.colcon_core.environment:checking '/root/aerostack2_ws/install/as2_behaviors_swarm_flocking/lib/python3.10/site-packages'
[7.190s] Level 1:colcon.colcon_core.environment:checking '/root/aerostack2_ws/install/as2_behaviors_swarm_flocking/bin'
[7.190s] INFO:colcon.colcon_core.shell:Creating package script '/root/aerostack2_ws/install/as2_behaviors_swarm_flocking/share/as2_behaviors_swarm_flocking/package.ps1'
[7.190s] INFO:colcon.colcon_core.shell:Creating package descriptor '/root/aerostack2_ws/install/as2_behaviors_swarm_flocking/share/as2_behaviors_swarm_flocking/package.dsv'
[7.191s] INFO:colcon.colcon_core.shell:Creating package script '/root/aerostack2_ws/install/as2_behaviors_swarm_flocking/share/as2_behaviors_swarm_flocking/package.sh'
[7.191s] INFO:colcon.colcon_core.shell:Creating package script '/root/aerostack2_ws/install/as2_behaviors_swarm_flocking/share/as2_behaviors_swarm_flocking/package.bash'
[7.191s] INFO:colcon.colcon_core.shell:Creating package script '/root/aerostack2_ws/install/as2_behaviors_swarm_flocking/share/as2_behaviors_swarm_flocking/package.zsh'
[7.192s] Level 1:colcon.colcon_core.environment:create_file_with_runtime_dependencies(/root/aerostack2_ws/install/as2_behaviors_swarm_flocking/share/colcon-core/packages/as2_behaviors_swarm_flocking)
[7.211s] DEBUG:colcon.colcon_core.event_handler.log_command:Invoking command in '/root/aerostack2_ws/src/aerostack2/as2_user_interfaces/as2_visualization/as2_visualization': CMAKE_PREFIX_PATH=/root/aerostack2_ws/install/as2_gazebo_assets:/root/aerostack2_ws/install/as2_core:/root/aerostack2_ws/install/as2_msgs:/root/aerostack2_ws/install/rmf_demos_gz_classic:/root/aerostack2_ws/install/rmf_demos_gz:/root/aerostack2_ws/install/rmf_demos:/root/aerostack2_ws/install/rmf_demos_maps:/root/aerostack2_ws/install/aerostack2:/root/aerostack2_ws/install/as2_usb_camera_interface:/root/aerostack2_ws/install/as2_state_estimator:/root/aerostack2_ws/install/as2_rviz_plugins:/root/aerostack2_ws/install/as2_realsense_interface:/root/aerostack2_ws/install/as2_platform_multirotor_simulator:/root/aerostack2_ws/install/as2_platform_gazebo:/root/aerostack2_ws/install/as2_motion_controller:/root/aerostack2_ws/install/as2_behaviors_trajectory_generation:/root/aerostack2_ws/install/as2_behaviors_swarm_flocking:/root/aerostack2_ws/install/as2_behaviors_motion:/root/aerostack2_ws/install/as2_motion_reference_handlers:/root/aerostack2_ws/install/as2_map_server:/root/aerostack2_ws/install/as2_geozones:/root/aerostack2_ws/install/as2_external_object_to_tf:/root/aerostack2_ws/install/as2_behaviors_platform:/root/aerostack2_ws/install/as2_behaviors_perception:/root/aerostack2_ws/install/as2_behaviors_path_planning:/root/aerostack2_ws/install/as2_behavior_tree:/root/aerostack2_ws/install/as2_behavior:/root/aerostack2_ws/install/as2_alphanumeric_viewer:/root/aerostack2_ws/install/as2_cli GZ_SIM_RESOURCE_PATH=/root/aerostack2_ws/install/as2_gazebo_assets/share/as2_ign_gazebo_assets/worlds:/root/aerostack2_ws/install/as2_gazebo_assets/share/as2_ign_gazebo_assets/models:${GZ_SIM_RESOURCE_PATH} GZ_VERSION=@GZ_VERSION@ LD_LIBRARY_PATH=/root/aerostack2_ws/install/as2_gazebo_assets/lib:/root/aerostack2_ws/install/as2_core/lib:/root/aerostack2_ws/install/as2_msgs/lib:/root/aerostack2_ws/install/as2_state_estimator/lib:/root/aerostack2_ws/install/as2_python_api/lib:/root/aerostack2_ws/install/as2_motion_controller/lib:/root/aerostack2_ws/install/as2_behaviors_trajectory_generation/lib:/root/aerostack2_ws/install/as2_behaviors_swarm_flocking/lib:/root/aerostack2_ws/install/as2_behaviors_motion/lib:/root/aerostack2_ws/install/as2_motion_reference_handlers/lib:/root/aerostack2_ws/install/as2_map_server/lib:/root/aerostack2_ws/install/as2_behaviors_perception/lib:/root/aerostack2_ws/install/as2_behaviors_path_planning/lib:/root/aerostack2_ws/install/as2_behavior_tree/lib:/root/aerostack2_ws/install/as2_behavior/lib:/opt/ros/humble/opt/rviz_ogre_vendor/lib:/opt/ros/humble/lib/x86_64-linux-gnu:/opt/ros/humble/lib PYTHONPATH=/root/aerostack2_ws/build/as2_visualization/prefix_override:/usr/lib/python3/dist-packages/colcon_core/task/python/colcon_distutils_commands:/root/aerostack2_ws/install/as2_visualization/lib/python3.10/site-packages:${PYTHONPATH} /usr/bin/python3 -W ignore:setup.py install is deprecated -W ignore:easy_install command is deprecated setup.py egg_info --egg-base ../../../../../build/as2_visualization build --build-base /root/aerostack2_ws/build/as2_visualization/build install --record /root/aerostack2_ws/build/as2_visualization/install.log --single-version-externally-managed install_data
[7.213s] Level 1:colcon.colcon_core.environment:checking '/root/aerostack2_ws/install/as2_python_api' for CMake module files
[7.214s] DEBUG:colcon.colcon_core.event_handler.log_command:Invoked command in '/root/aerostack2_ws/src/aerostack2/as2_python_api' returned '0': CMAKE_PREFIX_PATH=/root/aerostack2_ws/install/as2_motion_reference_handlers:/root/aerostack2_ws/install/as2_core:/root/aerostack2_ws/install/as2_msgs:/root/aerostack2_ws/install/rmf_demos_gz_classic:/root/aerostack2_ws/install/rmf_demos_gz:/root/aerostack2_ws/install/rmf_demos:/root/aerostack2_ws/install/rmf_demos_maps:/root/aerostack2_ws/install/aerostack2:/root/aerostack2_ws/install/as2_usb_camera_interface:/root/aerostack2_ws/install/as2_state_estimator:/root/aerostack2_ws/install/as2_rviz_plugins:/root/aerostack2_ws/install/as2_realsense_interface:/root/aerostack2_ws/install/as2_platform_multirotor_simulator:/root/aerostack2_ws/install/as2_platform_gazebo:/root/aerostack2_ws/install/as2_motion_controller:/root/aerostack2_ws/install/as2_behaviors_trajectory_generation:/root/aerostack2_ws/install/as2_behaviors_swarm_flocking:/root/aerostack2_ws/install/as2_behaviors_motion:/root/aerostack2_ws/install/as2_map_server:/root/aerostack2_ws/install/as2_geozones:/root/aerostack2_ws/install/as2_gazebo_assets:/root/aerostack2_ws/install/as2_external_object_to_tf:/root/aerostack2_ws/install/as2_behaviors_platform:/root/aerostack2_ws/install/as2_behaviors_perception:/root/aerostack2_ws/install/as2_behaviors_path_planning:/root/aerostack2_ws/install/as2_behavior_tree:/root/aerostack2_ws/install/as2_behavior:/root/aerostack2_ws/install/as2_alphanumeric_viewer:/root/aerostack2_ws/install/as2_cli LD_LIBRARY_PATH=/root/aerostack2_ws/install/as2_core/lib:/root/aerostack2_ws/install/as2_msgs/lib:/root/aerostack2_ws/install/as2_state_estimator/lib:/root/aerostack2_ws/install/as2_python_api/lib:/root/aerostack2_ws/install/as2_motion_controller/lib:/root/aerostack2_ws/install/as2_behaviors_trajectory_generation/lib:/root/aerostack2_ws/install/as2_behaviors_swarm_flocking/lib:/root/aerostack2_ws/install/as2_behaviors_motion/lib:/root/aerostack2_ws/install/as2_motion_reference_handlers/lib:/root/aerostack2_ws/install/as2_map_server/lib:/root/aerostack2_ws/install/as2_gazebo_assets/lib:/root/aerostack2_ws/install/as2_behaviors_perception/lib:/root/aerostack2_ws/install/as2_behaviors_path_planning/lib:/root/aerostack2_ws/install/as2_behavior_tree/lib:/root/aerostack2_ws/install/as2_behavior/lib:/opt/ros/humble/opt/rviz_ogre_vendor/lib:/opt/ros/humble/lib/x86_64-linux-gnu:/opt/ros/humble/lib PYTHONPATH=/root/aerostack2_ws/build/as2_python_api/prefix_override:/usr/lib/python3/dist-packages/colcon_core/task/python/colcon_distutils_commands:/root/aerostack2_ws/install/as2_python_api/lib/python3.10/site-packages:${PYTHONPATH} /usr/bin/python3 -W ignore:setup.py install is deprecated -W ignore:easy_install command is deprecated setup.py egg_info --egg-base ../../../build/as2_python_api build --build-base /root/aerostack2_ws/build/as2_python_api/build install --record /root/aerostack2_ws/build/as2_python_api/install.log --single-version-externally-managed install_data
[7.214s] Level 1:colcon.colcon_core.environment:checking '/root/aerostack2_ws/install/as2_python_api' for CMake config files
[7.215s] Level 1:colcon.colcon_core.environment:checking '/root/aerostack2_ws/install/as2_python_api/lib'
[7.215s] Level 1:colcon.colcon_core.environment:checking '/root/aerostack2_ws/install/as2_python_api/bin'
[7.215s] Level 1:colcon.colcon_core.environment:checking '/root/aerostack2_ws/install/as2_python_api/lib/pkgconfig/as2_python_api.pc'
[7.215s] Level 1:colcon.colcon_core.environment:checking '/root/aerostack2_ws/install/as2_python_api/lib/python3.10/site-packages'
[7.215s] Level 1:colcon.colcon_core.shell:create_environment_hook('as2_python_api', 'pythonpath')
[7.215s] INFO:colcon.colcon_core.shell:Creating environment hook '/root/aerostack2_ws/install/as2_python_api/share/as2_python_api/hook/pythonpath.ps1'
[7.216s] INFO:colcon.colcon_core.shell:Creating environment descriptor '/root/aerostack2_ws/install/as2_python_api/share/as2_python_api/hook/pythonpath.dsv'
[7.216s] INFO:colcon.colcon_core.shell:Creating environment hook '/root/aerostack2_ws/install/as2_python_api/share/as2_python_api/hook/pythonpath.sh'
[7.217s] Level 1:colcon.colcon_core.environment:checking '/root/aerostack2_ws/install/as2_python_api/bin'
[7.217s] Level 1:colcon.colcon_core.environment:create_environment_scripts_only(as2_python_api)
[7.217s] INFO:colcon.colcon_core.shell:Creating package script '/root/aerostack2_ws/install/as2_python_api/share/as2_python_api/package.ps1'
[7.217s] INFO:colcon.colcon_core.shell:Creating package descriptor '/root/aerostack2_ws/install/as2_python_api/share/as2_python_api/package.dsv'
[7.217s] INFO:colcon.colcon_core.shell:Creating package script '/root/aerostack2_ws/install/as2_python_api/share/as2_python_api/package.sh'
[7.218s] INFO:colcon.colcon_core.shell:Creating package script '/root/aerostack2_ws/install/as2_python_api/share/as2_python_api/package.bash'
[7.218s] INFO:colcon.colcon_core.shell:Creating package script '/root/aerostack2_ws/install/as2_python_api/share/as2_python_api/package.zsh'
[7.218s] Level 1:colcon.colcon_core.environment:create_file_with_runtime_dependencies(/root/aerostack2_ws/install/as2_python_api/share/colcon-core/packages/as2_python_api)
[7.218s] INFO:colcon.colcon_ros.task.ament_python.build:Building ROS package in '/root/aerostack2_ws/src/aerostack2/as2_user_interfaces/as2_keyboard_teleoperation' with build type 'ament_python'
[7.218s] Level 1:colcon.colcon_core.shell:create_environment_hook('as2_keyboard_teleoperation', 'ament_prefix_path')
[7.218s] INFO:colcon.colcon_core.shell:Creating environment hook '/root/aerostack2_ws/install/as2_keyboard_teleoperation/share/as2_keyboard_teleoperation/hook/ament_prefix_path.ps1'
[7.219s] INFO:colcon.colcon_core.shell:Creating environment descriptor '/root/aerostack2_ws/install/as2_keyboard_teleoperation/share/as2_keyboard_teleoperation/hook/ament_prefix_path.dsv'
[7.219s] INFO:colcon.colcon_core.shell:Creating environment hook '/root/aerostack2_ws/install/as2_keyboard_teleoperation/share/as2_keyboard_teleoperation/hook/ament_prefix_path.sh'
[7.219s] INFO:colcon.colcon_core.shell:Skip shell extension 'powershell' for command environment: Not usable outside of PowerShell
[7.220s] DEBUG:colcon.colcon_core.shell:Skip shell extension 'dsv' for command environment
[7.432s] INFO:colcon.colcon_core.task.python.build:Building Python package in '/root/aerostack2_ws/src/aerostack2/as2_user_interfaces/as2_keyboard_teleoperation'
[7.432s] INFO:colcon.colcon_core.shell:Skip shell extension 'powershell' for command environment: Not usable outside of PowerShell
[7.432s] DEBUG:colcon.colcon_core.shell:Skip shell extension 'dsv' for command environment
[7.446s] Level 1:colcon.colcon_core.environment:checking '/root/aerostack2_ws/install/as2_visualization' for CMake module files
[7.446s] DEBUG:colcon.colcon_core.event_handler.log_command:Invoked command in '/root/aerostack2_ws/src/aerostack2/as2_user_interfaces/as2_visualization/as2_visualization' returned '0': CMAKE_PREFIX_PATH=/root/aerostack2_ws/install/as2_gazebo_assets:/root/aerostack2_ws/install/as2_core:/root/aerostack2_ws/install/as2_msgs:/root/aerostack2_ws/install/rmf_demos_gz_classic:/root/aerostack2_ws/install/rmf_demos_gz:/root/aerostack2_ws/install/rmf_demos:/root/aerostack2_ws/install/rmf_demos_maps:/root/aerostack2_ws/install/aerostack2:/root/aerostack2_ws/install/as2_usb_camera_interface:/root/aerostack2_ws/install/as2_state_estimator:/root/aerostack2_ws/install/as2_rviz_plugins:/root/aerostack2_ws/install/as2_realsense_interface:/root/aerostack2_ws/install/as2_platform_multirotor_simulator:/root/aerostack2_ws/install/as2_platform_gazebo:/root/aerostack2_ws/install/as2_motion_controller:/root/aerostack2_ws/install/as2_behaviors_trajectory_generation:/root/aerostack2_ws/install/as2_behaviors_swarm_flocking:/root/aerostack2_ws/install/as2_behaviors_motion:/root/aerostack2_ws/install/as2_motion_reference_handlers:/root/aerostack2_ws/install/as2_map_server:/root/aerostack2_ws/install/as2_geozones:/root/aerostack2_ws/install/as2_external_object_to_tf:/root/aerostack2_ws/install/as2_behaviors_platform:/root/aerostack2_ws/install/as2_behaviors_perception:/root/aerostack2_ws/install/as2_behaviors_path_planning:/root/aerostack2_ws/install/as2_behavior_tree:/root/aerostack2_ws/install/as2_behavior:/root/aerostack2_ws/install/as2_alphanumeric_viewer:/root/aerostack2_ws/install/as2_cli GZ_SIM_RESOURCE_PATH=/root/aerostack2_ws/install/as2_gazebo_assets/share/as2_ign_gazebo_assets/worlds:/root/aerostack2_ws/install/as2_gazebo_assets/share/as2_ign_gazebo_assets/models:${GZ_SIM_RESOURCE_PATH} GZ_VERSION=@GZ_VERSION@ LD_LIBRARY_PATH=/root/aerostack2_ws/install/as2_gazebo_assets/lib:/root/aerostack2_ws/install/as2_core/lib:/root/aerostack2_ws/install/as2_msgs/lib:/root/aerostack2_ws/install/as2_state_estimator/lib:/root/aerostack2_ws/install/as2_python_api/lib:/root/aerostack2_ws/install/as2_motion_controller/lib:/root/aerostack2_ws/install/as2_behaviors_trajectory_generation/lib:/root/aerostack2_ws/install/as2_behaviors_swarm_flocking/lib:/root/aerostack2_ws/install/as2_behaviors_motion/lib:/root/aerostack2_ws/install/as2_motion_reference_handlers/lib:/root/aerostack2_ws/install/as2_map_server/lib:/root/aerostack2_ws/install/as2_behaviors_perception/lib:/root/aerostack2_ws/install/as2_behaviors_path_planning/lib:/root/aerostack2_ws/install/as2_behavior_tree/lib:/root/aerostack2_ws/install/as2_behavior/lib:/opt/ros/humble/opt/rviz_ogre_vendor/lib:/opt/ros/humble/lib/x86_64-linux-gnu:/opt/ros/humble/lib PYTHONPATH=/root/aerostack2_ws/build/as2_visualization/prefix_override:/usr/lib/python3/dist-packages/colcon_core/task/python/colcon_distutils_commands:/root/aerostack2_ws/install/as2_visualization/lib/python3.10/site-packages:${PYTHONPATH} /usr/bin/python3 -W ignore:setup.py install is deprecated -W ignore:easy_install command is deprecated setup.py egg_info --egg-base ../../../../../build/as2_visualization build --build-base /root/aerostack2_ws/build/as2_visualization/build install --record /root/aerostack2_ws/build/as2_visualization/install.log --single-version-externally-managed install_data
[7.446s] Level 1:colcon.colcon_core.environment:checking '/root/aerostack2_ws/install/as2_visualization' for CMake config files
[7.447s] Level 1:colcon.colcon_core.environment:checking '/root/aerostack2_ws/install/as2_visualization/lib'
[7.447s] Level 1:colcon.colcon_core.environment:checking '/root/aerostack2_ws/install/as2_visualization/bin'
[7.447s] Level 1:colcon.colcon_core.environment:checking '/root/aerostack2_ws/install/as2_visualization/lib/pkgconfig/as2_visualization.pc'
[7.447s] Level 1:colcon.colcon_core.environment:checking '/root/aerostack2_ws/install/as2_visualization/lib/python3.10/site-packages'
[7.447s] Level 1:colcon.colcon_core.shell:create_environment_hook('as2_visualization', 'pythonpath')
[7.447s] INFO:colcon.colcon_core.shell:Creating environment hook '/root/aerostack2_ws/install/as2_visualization/share/as2_visualization/hook/pythonpath.ps1'
[7.447s] INFO:colcon.colcon_core.shell:Creating environment descriptor '/root/aerostack2_ws/install/as2_visualization/share/as2_visualization/hook/pythonpath.dsv'
[7.448s] INFO:colcon.colcon_core.shell:Creating environment hook '/root/aerostack2_ws/install/as2_visualization/share/as2_visualization/hook/pythonpath.sh'
[7.448s] Level 1:colcon.colcon_core.environment:checking '/root/aerostack2_ws/install/as2_visualization/bin'
[7.448s] Level 1:colcon.colcon_core.environment:create_environment_scripts_only(as2_visualization)
[7.448s] INFO:colcon.colcon_core.shell:Creating package script '/root/aerostack2_ws/install/as2_visualization/share/as2_visualization/package.ps1'
[7.449s] INFO:colcon.colcon_core.shell:Creating package descriptor '/root/aerostack2_ws/install/as2_visualization/share/as2_visualization/package.dsv'
[7.449s] INFO:colcon.colcon_core.shell:Creating package script '/root/aerostack2_ws/install/as2_visualization/share/as2_visualization/package.sh'
[7.449s] INFO:colcon.colcon_core.shell:Creating package script '/root/aerostack2_ws/install/as2_visualization/share/as2_visualization/package.bash'
[7.449s] INFO:colcon.colcon_core.shell:Creating package script '/root/aerostack2_ws/install/as2_visualization/share/as2_visualization/package.zsh'
[7.450s] Level 1:colcon.colcon_core.environment:create_file_with_runtime_dependencies(/root/aerostack2_ws/install/as2_visualization/share/colcon-core/packages/as2_visualization)
[7.720s] DEBUG:colcon.colcon_core.event_handler.log_command:Invoking command in '/root/aerostack2_ws/src/aerostack2/as2_user_interfaces/as2_keyboard_teleoperation': AMENT_PREFIX_PATH=/root/aerostack2_ws/install/as2_python_api:/root/aerostack2_ws/install/rmf_demos_gz_classic:/root/aerostack2_ws/install/rmf_demos_gz:/root/aerostack2_ws/install/rmf_demos:/root/aerostack2_ws/install/rmf_demos_tasks:/root/aerostack2_ws/install/rmf_demos_panel:/root/aerostack2_ws/install/rmf_demos_maps:/root/aerostack2_ws/install/rmf_demos_fleet_adapter:/root/aerostack2_ws/install/rmf_demos_dashboard_resources:/root/aerostack2_ws/install/rmf_demos_bridges:/root/aerostack2_ws/install/rmf_demos_assets:/root/aerostack2_ws/install/aerostack2:/root/aerostack2_ws/install/as2_visualization:/root/aerostack2_ws/install/as2_usb_camera_interface:/root/aerostack2_ws/install/as2_swarm_perception:/root/aerostack2_ws/install/as2_swarm_fusion_ci:/root/aerostack2_ws/install/as2_swarm_ekf:/root/aerostack2_ws/install/as2_state_estimator:/root/aerostack2_ws/install/as2_rviz_plugins:/root/aerostack2_ws/install/as2_realsense_interface:/root/aerostack2_ws/install/as2_keyboard_teleoperation:/root/aerostack2_ws/install/as2_project_bringup:/root/aerostack2_ws/install/as2_platform_multirotor_simulator:/root/aerostack2_ws/install/as2_platform_gazebo:/root/aerostack2_ws/install/as2_perception:/root/aerostack2_ws/install/as2_motion_controller:/root/aerostack2_ws/install/as2_behaviors_trajectory_generation:/root/aerostack2_ws/install/as2_behaviors_swarm_flocking:/root/aerostack2_ws/install/as2_behaviors_motion:/root/aerostack2_ws/install/as2_motion_reference_handlers:/root/aerostack2_ws/install/as2_map_server:/root/aerostack2_ws/install/as2_geozones:/root/aerostack2_ws/install/as2_gazebo_assets:/root/aerostack2_ws/install/as2_external_object_to_tf:/root/aerostack2_ws/install/as2_behaviors_platform:/root/aerostack2_ws/install/as2_behaviors_perception:/root/aerostack2_ws/install/as2_behaviors_path_planning:/root/aerostack2_ws/install/as2_behavior_tree:/root/aerostack2_ws/install/as2_behavior:/root/aerostack2_ws/install/as2_alphanumeric_viewer:/root/aerostack2_ws/install/as2_core:/root/aerostack2_ws/install/as2_msgs:/root/aerostack2_ws/install/as2_groundray_perception:/root/aerostack2_ws/install/as2_cli:/opt/ros/humble CMAKE_PREFIX_PATH=/root/aerostack2_ws/install/as2_motion_reference_handlers:/root/aerostack2_ws/install/as2_core:/root/aerostack2_ws/install/as2_msgs:/root/aerostack2_ws/install/rmf_demos_gz_classic:/root/aerostack2_ws/install/rmf_demos_gz:/root/aerostack2_ws/install/rmf_demos:/root/aerostack2_ws/install/rmf_demos_maps:/root/aerostack2_ws/install/aerostack2:/root/aerostack2_ws/install/as2_usb_camera_interface:/root/aerostack2_ws/install/as2_state_estimator:/root/aerostack2_ws/install/as2_rviz_plugins:/root/aerostack2_ws/install/as2_realsense_interface:/root/aerostack2_ws/install/as2_platform_multirotor_simulator:/root/aerostack2_ws/install/as2_platform_gazebo:/root/aerostack2_ws/install/as2_motion_controller:/root/aerostack2_ws/install/as2_behaviors_trajectory_generation:/root/aerostack2_ws/install/as2_behaviors_swarm_flocking:/root/aerostack2_ws/install/as2_behaviors_motion:/root/aerostack2_ws/install/as2_map_server:/root/aerostack2_ws/install/as2_geozones:/root/aerostack2_ws/install/as2_gazebo_assets:/root/aerostack2_ws/install/as2_external_object_to_tf:/root/aerostack2_ws/install/as2_behaviors_platform:/root/aerostack2_ws/install/as2_behaviors_perception:/root/aerostack2_ws/install/as2_behaviors_path_planning:/root/aerostack2_ws/install/as2_behavior_tree:/root/aerostack2_ws/install/as2_behavior:/root/aerostack2_ws/install/as2_alphanumeric_viewer:/root/aerostack2_ws/install/as2_cli LD_LIBRARY_PATH=/root/aerostack2_ws/install/as2_core/lib:/root/aerostack2_ws/install/as2_msgs/lib:/root/aerostack2_ws/install/as2_state_estimator/lib:/root/aerostack2_ws/install/as2_python_api/lib:/root/aerostack2_ws/install/as2_motion_controller/lib:/root/aerostack2_ws/install/as2_behaviors_trajectory_generation/lib:/root/aerostack2_ws/install/as2_behaviors_swarm_flocking/lib:/root/aerostack2_ws/install/as2_behaviors_motion/lib:/root/aerostack2_ws/install/as2_motion_reference_handlers/lib:/root/aerostack2_ws/install/as2_map_server/lib:/root/aerostack2_ws/install/as2_gazebo_assets/lib:/root/aerostack2_ws/install/as2_behaviors_perception/lib:/root/aerostack2_ws/install/as2_behaviors_path_planning/lib:/root/aerostack2_ws/install/as2_behavior_tree/lib:/root/aerostack2_ws/install/as2_behavior/lib:/opt/ros/humble/opt/rviz_ogre_vendor/lib:/opt/ros/humble/lib/x86_64-linux-gnu:/opt/ros/humble/lib PYTHONPATH=/root/aerostack2_ws/build/as2_keyboard_teleoperation/prefix_override:/usr/lib/python3/dist-packages/colcon_core/task/python/colcon_distutils_commands:/root/aerostack2_ws/install/as2_keyboard_teleoperation/lib/python3.10/site-packages:/root/aerostack2_ws/install/as2_python_api/lib/python3.10/site-packages:/root/aerostack2_ws/install/rmf_demos_tasks/lib/python3.10/site-packages:/root/aerostack2_ws/install/rmf_demos_panel/lib/python3.10/site-packages:/root/aerostack2_ws/install/rmf_demos_fleet_adapter/lib/python3.10/site-packages:/root/aerostack2_ws/install/rmf_demos_bridges/lib/python3.10/site-packages:/root/aerostack2_ws/install/as2_visualization/lib/python3.10/site-packages:/root/aerostack2_ws/install/as2_swarm_perception/lib/python3.10/site-packages:/root/aerostack2_ws/install/as2_swarm_fusion_ci/lib/python3.10/site-packages:/root/aerostack2_ws/install/as2_swarm_ekf/lib/python3.10/site-packages:/root/aerostack2_ws/install/as2_keyboard_teleoperation/lib/python3.10/site-packages:/root/aerostack2_ws/install/as2_project_bringup/lib/python3.10/site-packages:/root/aerostack2_ws/install/as2_perception/lib/python3.10/site-packages:/root/aerostack2_ws/install/as2_motion_reference_handlers/local/lib/python3.10/dist-packages:/root/aerostack2_ws/install/as2_gazebo_assets/local/lib/python3.10/dist-packages:/root/aerostack2_ws/install/as2_core/local/lib/python3.10/dist-packages:/root/aerostack2_ws/install/as2_msgs/local/lib/python3.10/dist-packages:/root/aerostack2_ws/install/as2_groundray_perception/lib/python3.10/site-packages:/opt/ros/humble/lib/python3.10/site-packages:/opt/ros/humble/local/lib/python3.10/dist-packages /usr/bin/python3 -W ignore:setup.py install is deprecated -W ignore:easy_install command is deprecated setup.py egg_info --egg-base ../../../../build/as2_keyboard_teleoperation build --build-base /root/aerostack2_ws/build/as2_keyboard_teleoperation/build install --record /root/aerostack2_ws/build/as2_keyboard_teleoperation/install.log --single-version-externally-managed install_data
[7.940s] Level 1:colcon.colcon_core.environment:checking '/root/aerostack2_ws/install/as2_keyboard_teleoperation' for CMake module files
[7.941s] DEBUG:colcon.colcon_core.event_handler.log_command:Invoked command in '/root/aerostack2_ws/src/aerostack2/as2_user_interfaces/as2_keyboard_teleoperation' returned '0': AMENT_PREFIX_PATH=/root/aerostack2_ws/install/as2_python_api:/root/aerostack2_ws/install/rmf_demos_gz_classic:/root/aerostack2_ws/install/rmf_demos_gz:/root/aerostack2_ws/install/rmf_demos:/root/aerostack2_ws/install/rmf_demos_tasks:/root/aerostack2_ws/install/rmf_demos_panel:/root/aerostack2_ws/install/rmf_demos_maps:/root/aerostack2_ws/install/rmf_demos_fleet_adapter:/root/aerostack2_ws/install/rmf_demos_dashboard_resources:/root/aerostack2_ws/install/rmf_demos_bridges:/root/aerostack2_ws/install/rmf_demos_assets:/root/aerostack2_ws/install/aerostack2:/root/aerostack2_ws/install/as2_visualization:/root/aerostack2_ws/install/as2_usb_camera_interface:/root/aerostack2_ws/install/as2_swarm_perception:/root/aerostack2_ws/install/as2_swarm_fusion_ci:/root/aerostack2_ws/install/as2_swarm_ekf:/root/aerostack2_ws/install/as2_state_estimator:/root/aerostack2_ws/install/as2_rviz_plugins:/root/aerostack2_ws/install/as2_realsense_interface:/root/aerostack2_ws/install/as2_keyboard_teleoperation:/root/aerostack2_ws/install/as2_project_bringup:/root/aerostack2_ws/install/as2_platform_multirotor_simulator:/root/aerostack2_ws/install/as2_platform_gazebo:/root/aerostack2_ws/install/as2_perception:/root/aerostack2_ws/install/as2_motion_controller:/root/aerostack2_ws/install/as2_behaviors_trajectory_generation:/root/aerostack2_ws/install/as2_behaviors_swarm_flocking:/root/aerostack2_ws/install/as2_behaviors_motion:/root/aerostack2_ws/install/as2_motion_reference_handlers:/root/aerostack2_ws/install/as2_map_server:/root/aerostack2_ws/install/as2_geozones:/root/aerostack2_ws/install/as2_gazebo_assets:/root/aerostack2_ws/install/as2_external_object_to_tf:/root/aerostack2_ws/install/as2_behaviors_platform:/root/aerostack2_ws/install/as2_behaviors_perception:/root/aerostack2_ws/install/as2_behaviors_path_planning:/root/aerostack2_ws/install/as2_behavior_tree:/root/aerostack2_ws/install/as2_behavior:/root/aerostack2_ws/install/as2_alphanumeric_viewer:/root/aerostack2_ws/install/as2_core:/root/aerostack2_ws/install/as2_msgs:/root/aerostack2_ws/install/as2_groundray_perception:/root/aerostack2_ws/install/as2_cli:/opt/ros/humble CMAKE_PREFIX_PATH=/root/aerostack2_ws/install/as2_motion_reference_handlers:/root/aerostack2_ws/install/as2_core:/root/aerostack2_ws/install/as2_msgs:/root/aerostack2_ws/install/rmf_demos_gz_classic:/root/aerostack2_ws/install/rmf_demos_gz:/root/aerostack2_ws/install/rmf_demos:/root/aerostack2_ws/install/rmf_demos_maps:/root/aerostack2_ws/install/aerostack2:/root/aerostack2_ws/install/as2_usb_camera_interface:/root/aerostack2_ws/install/as2_state_estimator:/root/aerostack2_ws/install/as2_rviz_plugins:/root/aerostack2_ws/install/as2_realsense_interface:/root/aerostack2_ws/install/as2_platform_multirotor_simulator:/root/aerostack2_ws/install/as2_platform_gazebo:/root/aerostack2_ws/install/as2_motion_controller:/root/aerostack2_ws/install/as2_behaviors_trajectory_generation:/root/aerostack2_ws/install/as2_behaviors_swarm_flocking:/root/aerostack2_ws/install/as2_behaviors_motion:/root/aerostack2_ws/install/as2_map_server:/root/aerostack2_ws/install/as2_geozones:/root/aerostack2_ws/install/as2_gazebo_assets:/root/aerostack2_ws/install/as2_external_object_to_tf:/root/aerostack2_ws/install/as2_behaviors_platform:/root/aerostack2_ws/install/as2_behaviors_perception:/root/aerostack2_ws/install/as2_behaviors_path_planning:/root/aerostack2_ws/install/as2_behavior_tree:/root/aerostack2_ws/install/as2_behavior:/root/aerostack2_ws/install/as2_alphanumeric_viewer:/root/aerostack2_ws/install/as2_cli LD_LIBRARY_PATH=/root/aerostack2_ws/install/as2_core/lib:/root/aerostack2_ws/install/as2_msgs/lib:/root/aerostack2_ws/install/as2_state_estimator/lib:/root/aerostack2_ws/install/as2_python_api/lib:/root/aerostack2_ws/install/as2_motion_controller/lib:/root/aerostack2_ws/install/as2_behaviors_trajectory_generation/lib:/root/aerostack2_ws/install/as2_behaviors_swarm_flocking/lib:/root/aerostack2_ws/install/as2_behaviors_motion/lib:/root/aerostack2_ws/install/as2_motion_reference_handlers/lib:/root/aerostack2_ws/install/as2_map_server/lib:/root/aerostack2_ws/install/as2_gazebo_assets/lib:/root/aerostack2_ws/install/as2_behaviors_perception/lib:/root/aerostack2_ws/install/as2_behaviors_path_planning/lib:/root/aerostack2_ws/install/as2_behavior_tree/lib:/root/aerostack2_ws/install/as2_behavior/lib:/opt/ros/humble/opt/rviz_ogre_vendor/lib:/opt/ros/humble/lib/x86_64-linux-gnu:/opt/ros/humble/lib PYTHONPATH=/root/aerostack2_ws/build/as2_keyboard_teleoperation/prefix_override:/usr/lib/python3/dist-packages/colcon_core/task/python/colcon_distutils_commands:/root/aerostack2_ws/install/as2_keyboard_teleoperation/lib/python3.10/site-packages:/root/aerostack2_ws/install/as2_python_api/lib/python3.10/site-packages:/root/aerostack2_ws/install/rmf_demos_tasks/lib/python3.10/site-packages:/root/aerostack2_ws/install/rmf_demos_panel/lib/python3.10/site-packages:/root/aerostack2_ws/install/rmf_demos_fleet_adapter/lib/python3.10/site-packages:/root/aerostack2_ws/install/rmf_demos_bridges/lib/python3.10/site-packages:/root/aerostack2_ws/install/as2_visualization/lib/python3.10/site-packages:/root/aerostack2_ws/install/as2_swarm_perception/lib/python3.10/site-packages:/root/aerostack2_ws/install/as2_swarm_fusion_ci/lib/python3.10/site-packages:/root/aerostack2_ws/install/as2_swarm_ekf/lib/python3.10/site-packages:/root/aerostack2_ws/install/as2_keyboard_teleoperation/lib/python3.10/site-packages:/root/aerostack2_ws/install/as2_project_bringup/lib/python3.10/site-packages:/root/aerostack2_ws/install/as2_perception/lib/python3.10/site-packages:/root/aerostack2_ws/install/as2_motion_reference_handlers/local/lib/python3.10/dist-packages:/root/aerostack2_ws/install/as2_gazebo_assets/local/lib/python3.10/dist-packages:/root/aerostack2_ws/install/as2_core/local/lib/python3.10/dist-packages:/root/aerostack2_ws/install/as2_msgs/local/lib/python3.10/dist-packages:/root/aerostack2_ws/install/as2_groundray_perception/lib/python3.10/site-packages:/opt/ros/humble/lib/python3.10/site-packages:/opt/ros/humble/local/lib/python3.10/dist-packages /usr/bin/python3 -W ignore:setup.py install is deprecated -W ignore:easy_install command is deprecated setup.py egg_info --egg-base ../../../../build/as2_keyboard_teleoperation build --build-base /root/aerostack2_ws/build/as2_keyboard_teleoperation/build install --record /root/aerostack2_ws/build/as2_keyboard_teleoperation/install.log --single-version-externally-managed install_data
[7.941s] Level 1:colcon.colcon_core.environment:checking '/root/aerostack2_ws/install/as2_keyboard_teleoperation' for CMake config files
[7.941s] Level 1:colcon.colcon_core.environment:checking '/root/aerostack2_ws/install/as2_keyboard_teleoperation/lib'
[7.941s] Level 1:colcon.colcon_core.environment:checking '/root/aerostack2_ws/install/as2_keyboard_teleoperation/bin'
[7.942s] Level 1:colcon.colcon_core.environment:checking '/root/aerostack2_ws/install/as2_keyboard_teleoperation/lib/pkgconfig/as2_keyboard_teleoperation.pc'
[7.942s] Level 1:colcon.colcon_core.environment:checking '/root/aerostack2_ws/install/as2_keyboard_teleoperation/lib/python3.10/site-packages'
[7.942s] Level 1:colcon.colcon_core.shell:create_environment_hook('as2_keyboard_teleoperation', 'pythonpath')
[7.942s] INFO:colcon.colcon_core.shell:Creating environment hook '/root/aerostack2_ws/install/as2_keyboard_teleoperation/share/as2_keyboard_teleoperation/hook/pythonpath.ps1'
[7.942s] INFO:colcon.colcon_core.shell:Creating environment descriptor '/root/aerostack2_ws/install/as2_keyboard_teleoperation/share/as2_keyboard_teleoperation/hook/pythonpath.dsv'
[7.942s] INFO:colcon.colcon_core.shell:Creating environment hook '/root/aerostack2_ws/install/as2_keyboard_teleoperation/share/as2_keyboard_teleoperation/hook/pythonpath.sh'
[7.943s] Level 1:colcon.colcon_core.environment:checking '/root/aerostack2_ws/install/as2_keyboard_teleoperation/bin'
[7.943s] Level 1:colcon.colcon_core.environment:create_environment_scripts_only(as2_keyboard_teleoperation)
[7.943s] INFO:colcon.colcon_core.shell:Creating package script '/root/aerostack2_ws/install/as2_keyboard_teleoperation/share/as2_keyboard_teleoperation/package.ps1'
[7.943s] INFO:colcon.colcon_core.shell:Creating package descriptor '/root/aerostack2_ws/install/as2_keyboard_teleoperation/share/as2_keyboard_teleoperation/package.dsv'
[7.944s] INFO:colcon.colcon_core.shell:Creating package script '/root/aerostack2_ws/install/as2_keyboard_teleoperation/share/as2_keyboard_teleoperation/package.sh'
[7.944s] INFO:colcon.colcon_core.shell:Creating package script '/root/aerostack2_ws/install/as2_keyboard_teleoperation/share/as2_keyboard_teleoperation/package.bash'
[7.944s] INFO:colcon.colcon_core.shell:Creating package script '/root/aerostack2_ws/install/as2_keyboard_teleoperation/share/as2_keyboard_teleoperation/package.zsh'
[7.944s] Level 1:colcon.colcon_core.environment:create_file_with_runtime_dependencies(/root/aerostack2_ws/install/as2_keyboard_teleoperation/share/colcon-core/packages/as2_keyboard_teleoperation)
[7.944s] INFO:colcon.colcon_ros.task.ament_cmake.build:Building ROS package in '/root/aerostack2_ws/src/aerostack2/aerostack2' with build type 'ament_cmake'
[7.945s] INFO:colcon.colcon_cmake.task.cmake.build:Building CMake package in '/root/aerostack2_ws/src/aerostack2/aerostack2'
[7.945s] INFO:colcon.colcon_core.shell:Skip shell extension 'powershell' for command environment: Not usable outside of PowerShell
[7.945s] DEBUG:colcon.colcon_core.shell:Skip shell extension 'dsv' for command environment
[7.977s] DEBUG:colcon.colcon_core.event_handler.log_command:Invoking command in '/root/aerostack2_ws/build/aerostack2': AMENT_PREFIX_PATH=/root/aerostack2_ws/install/as2_keyboard_teleoperation:/root/aerostack2_ws/install/as2_visualization:/root/aerostack2_ws/install/as2_python_api:/root/aerostack2_ws/install/rmf_demos_gz_classic:/root/aerostack2_ws/install/rmf_demos_gz:/root/aerostack2_ws/install/rmf_demos:/root/aerostack2_ws/install/rmf_demos_tasks:/root/aerostack2_ws/install/rmf_demos_panel:/root/aerostack2_ws/install/rmf_demos_maps:/root/aerostack2_ws/install/rmf_demos_fleet_adapter:/root/aerostack2_ws/install/rmf_demos_dashboard_resources:/root/aerostack2_ws/install/rmf_demos_bridges:/root/aerostack2_ws/install/rmf_demos_assets:/root/aerostack2_ws/install/aerostack2:/root/aerostack2_ws/install/as2_usb_camera_interface:/root/aerostack2_ws/install/as2_swarm_perception:/root/aerostack2_ws/install/as2_swarm_fusion_ci:/root/aerostack2_ws/install/as2_swarm_ekf:/root/aerostack2_ws/install/as2_state_estimator:/root/aerostack2_ws/install/as2_rviz_plugins:/root/aerostack2_ws/install/as2_realsense_interface:/root/aerostack2_ws/install/as2_project_bringup:/root/aerostack2_ws/install/as2_platform_multirotor_simulator:/root/aerostack2_ws/install/as2_platform_gazebo:/root/aerostack2_ws/install/as2_perception:/root/aerostack2_ws/install/as2_motion_controller:/root/aerostack2_ws/install/as2_behaviors_trajectory_generation:/root/aerostack2_ws/install/as2_behaviors_swarm_flocking:/root/aerostack2_ws/install/as2_behaviors_motion:/root/aerostack2_ws/install/as2_motion_reference_handlers:/root/aerostack2_ws/install/as2_map_server:/root/aerostack2_ws/install/as2_geozones:/root/aerostack2_ws/install/as2_gazebo_assets:/root/aerostack2_ws/install/as2_external_object_to_tf:/root/aerostack2_ws/install/as2_behaviors_platform:/root/aerostack2_ws/install/as2_behaviors_perception:/root/aerostack2_ws/install/as2_behaviors_path_planning:/root/aerostack2_ws/install/as2_behavior_tree:/root/aerostack2_ws/install/as2_behavior:/root/aerostack2_ws/install/as2_alphanumeric_viewer:/root/aerostack2_ws/install/as2_core:/root/aerostack2_ws/install/as2_msgs:/root/aerostack2_ws/install/as2_groundray_perception:/root/aerostack2_ws/install/as2_cli:/opt/ros/humble CMAKE_PREFIX_PATH=/root/aerostack2_ws/install/as2_rviz_plugins:/root/aerostack2_ws/install/as2_platform_gazebo:/root/aerostack2_ws/install/as2_motion_controller:/root/aerostack2_ws/install/as2_behaviors_trajectory_generation:/root/aerostack2_ws/install/as2_behaviors_platform:/root/aerostack2_ws/install/as2_behaviors_perception:/root/aerostack2_ws/install/as2_behaviors_path_planning:/root/aerostack2_ws/install/as2_behaviors_motion:/root/aerostack2_ws/install/as2_usb_camera_interface:/root/aerostack2_ws/install/as2_state_estimator:/root/aerostack2_ws/install/as2_realsense_interface:/root/aerostack2_ws/install/as2_platform_multirotor_simulator:/root/aerostack2_ws/install/as2_motion_reference_handlers:/root/aerostack2_ws/install/as2_map_server:/root/aerostack2_ws/install/as2_geozones:/root/aerostack2_ws/install/as2_gazebo_assets:/root/aerostack2_ws/install/as2_external_object_to_tf:/root/aerostack2_ws/install/as2_behavior_tree:/root/aerostack2_ws/install/as2_behavior:/root/aerostack2_ws/install/as2_alphanumeric_viewer:/root/aerostack2_ws/install/as2_core:/root/aerostack2_ws/install/as2_msgs:/root/aerostack2_ws/install/as2_cli:/root/aerostack2_ws/install/rmf_demos_gz_classic:/root/aerostack2_ws/install/rmf_demos_gz:/root/aerostack2_ws/install/rmf_demos:/root/aerostack2_ws/install/rmf_demos_maps:/root/aerostack2_ws/install/aerostack2:/root/aerostack2_ws/install/as2_behaviors_swarm_flocking:/root/aerostack2_ws/install/rmf_demos_tasks:/root/aerostack2_ws/install/rmf_demos_panel:/root/aerostack2_ws/install/rmf_demos_fleet_adapter:/root/aerostack2_ws/install/rmf_demos_dashboard_resources:/root/aerostack2_ws/install/rmf_demos_bridges:/root/aerostack2_ws/install/rmf_demos_assets:/root/aerostack2_ws/install/as2_visualization:/root/aerostack2_ws/install/as2_swarm_perception:/root/aerostack2_ws/install/as2_swarm_fusion_ci:/root/aerostack2_ws/install/as2_swarm_ekf:/root/aerostack2_ws/install/as2_keyboard_teleoperation:/root/aerostack2_ws/install/as2_python_api:/root/aerostack2_ws/install/as2_project_bringup:/root/aerostack2_ws/install/as2_perception:/root/aerostack2_ws/install/as2_groundray_perception:/opt/ros/humble GZ_SIM_RESOURCE_PATH=/root/aerostack2_ws/install/as2_gazebo_assets/share/as2_ign_gazebo_assets/worlds:/root/aerostack2_ws/install/as2_gazebo_assets/share/as2_ign_gazebo_assets/models:${GZ_SIM_RESOURCE_PATH} GZ_VERSION=@GZ_VERSION@ LD_LIBRARY_PATH=/root/aerostack2_ws/install/as2_motion_controller/lib:/root/aerostack2_ws/install/as2_behaviors_trajectory_generation/lib:/root/aerostack2_ws/install/as2_behaviors_perception/lib:/root/aerostack2_ws/install/as2_behaviors_path_planning/lib:/root/aerostack2_ws/install/as2_behaviors_motion/lib:/root/aerostack2_ws/install/as2_state_estimator/lib:/root/aerostack2_ws/install/as2_map_server/lib:/root/aerostack2_ws/install/as2_gazebo_assets/lib:/root/aerostack2_ws/install/as2_behavior_tree/lib:/root/aerostack2_ws/install/as2_behavior/lib:/root/aerostack2_ws/install/as2_core/lib:/root/aerostack2_ws/install/as2_msgs/lib:/root/aerostack2_ws/install/as2_python_api/lib:/root/aerostack2_ws/install/as2_behaviors_swarm_flocking/lib:/root/aerostack2_ws/install/as2_motion_reference_handlers/lib:/opt/ros/humble/opt/rviz_ogre_vendor/lib:/opt/ros/humble/lib/x86_64-linux-gnu:/opt/ros/humble/lib PYTHONPATH=/root/aerostack2_ws/install/as2_keyboard_teleoperation/lib/python3.10/site-packages:/root/aerostack2_ws/install/as2_visualization/lib/python3.10/site-packages:/root/aerostack2_ws/install/as2_python_api/lib/python3.10/site-packages:/root/aerostack2_ws/install/rmf_demos_tasks/lib/python3.10/site-packages:/root/aerostack2_ws/install/rmf_demos_panel/lib/python3.10/site-packages:/root/aerostack2_ws/install/rmf_demos_fleet_adapter/lib/python3.10/site-packages:/root/aerostack2_ws/install/rmf_demos_bridges/lib/python3.10/site-packages:/root/aerostack2_ws/install/as2_swarm_perception/lib/python3.10/site-packages:/root/aerostack2_ws/install/as2_swarm_fusion_ci/lib/python3.10/site-packages:/root/aerostack2_ws/install/as2_swarm_ekf/lib/python3.10/site-packages:/root/aerostack2_ws/install/as2_project_bringup/lib/python3.10/site-packages:/root/aerostack2_ws/install/as2_perception/lib/python3.10/site-packages:/root/aerostack2_ws/install/as2_motion_reference_handlers/local/lib/python3.10/dist-packages:/root/aerostack2_ws/install/as2_gazebo_assets/local/lib/python3.10/dist-packages:/root/aerostack2_ws/install/as2_core/local/lib/python3.10/dist-packages:/root/aerostack2_ws/install/as2_msgs/local/lib/python3.10/dist-packages:/root/aerostack2_ws/install/as2_groundray_perception/lib/python3.10/site-packages:/opt/ros/humble/lib/python3.10/site-packages:/opt/ros/humble/local/lib/python3.10/dist-packages /usr/bin/cmake --build /root/aerostack2_ws/build/aerostack2 -- -j8 -l8
[8.008s] DEBUG:colcon.colcon_core.event_handler.log_command:Invoked command in '/root/aerostack2_ws/build/aerostack2' returned '0': AMENT_PREFIX_PATH=/root/aerostack2_ws/install/as2_keyboard_teleoperation:/root/aerostack2_ws/install/as2_visualization:/root/aerostack2_ws/install/as2_python_api:/root/aerostack2_ws/install/rmf_demos_gz_classic:/root/aerostack2_ws/install/rmf_demos_gz:/root/aerostack2_ws/install/rmf_demos:/root/aerostack2_ws/install/rmf_demos_tasks:/root/aerostack2_ws/install/rmf_demos_panel:/root/aerostack2_ws/install/rmf_demos_maps:/root/aerostack2_ws/install/rmf_demos_fleet_adapter:/root/aerostack2_ws/install/rmf_demos_dashboard_resources:/root/aerostack2_ws/install/rmf_demos_bridges:/root/aerostack2_ws/install/rmf_demos_assets:/root/aerostack2_ws/install/aerostack2:/root/aerostack2_ws/install/as2_usb_camera_interface:/root/aerostack2_ws/install/as2_swarm_perception:/root/aerostack2_ws/install/as2_swarm_fusion_ci:/root/aerostack2_ws/install/as2_swarm_ekf:/root/aerostack2_ws/install/as2_state_estimator:/root/aerostack2_ws/install/as2_rviz_plugins:/root/aerostack2_ws/install/as2_realsense_interface:/root/aerostack2_ws/install/as2_project_bringup:/root/aerostack2_ws/install/as2_platform_multirotor_simulator:/root/aerostack2_ws/install/as2_platform_gazebo:/root/aerostack2_ws/install/as2_perception:/root/aerostack2_ws/install/as2_motion_controller:/root/aerostack2_ws/install/as2_behaviors_trajectory_generation:/root/aerostack2_ws/install/as2_behaviors_swarm_flocking:/root/aerostack2_ws/install/as2_behaviors_motion:/root/aerostack2_ws/install/as2_motion_reference_handlers:/root/aerostack2_ws/install/as2_map_server:/root/aerostack2_ws/install/as2_geozones:/root/aerostack2_ws/install/as2_gazebo_assets:/root/aerostack2_ws/install/as2_external_object_to_tf:/root/aerostack2_ws/install/as2_behaviors_platform:/root/aerostack2_ws/install/as2_behaviors_perception:/root/aerostack2_ws/install/as2_behaviors_path_planning:/root/aerostack2_ws/install/as2_behavior_tree:/root/aerostack2_ws/install/as2_behavior:/root/aerostack2_ws/install/as2_alphanumeric_viewer:/root/aerostack2_ws/install/as2_core:/root/aerostack2_ws/install/as2_msgs:/root/aerostack2_ws/install/as2_groundray_perception:/root/aerostack2_ws/install/as2_cli:/opt/ros/humble CMAKE_PREFIX_PATH=/root/aerostack2_ws/install/as2_rviz_plugins:/root/aerostack2_ws/install/as2_platform_gazebo:/root/aerostack2_ws/install/as2_motion_controller:/root/aerostack2_ws/install/as2_behaviors_trajectory_generation:/root/aerostack2_ws/install/as2_behaviors_platform:/root/aerostack2_ws/install/as2_behaviors_perception:/root/aerostack2_ws/install/as2_behaviors_path_planning:/root/aerostack2_ws/install/as2_behaviors_motion:/root/aerostack2_ws/install/as2_usb_camera_interface:/root/aerostack2_ws/install/as2_state_estimator:/root/aerostack2_ws/install/as2_realsense_interface:/root/aerostack2_ws/install/as2_platform_multirotor_simulator:/root/aerostack2_ws/install/as2_motion_reference_handlers:/root/aerostack2_ws/install/as2_map_server:/root/aerostack2_ws/install/as2_geozones:/root/aerostack2_ws/install/as2_gazebo_assets:/root/aerostack2_ws/install/as2_external_object_to_tf:/root/aerostack2_ws/install/as2_behavior_tree:/root/aerostack2_ws/install/as2_behavior:/root/aerostack2_ws/install/as2_alphanumeric_viewer:/root/aerostack2_ws/install/as2_core:/root/aerostack2_ws/install/as2_msgs:/root/aerostack2_ws/install/as2_cli:/root/aerostack2_ws/install/rmf_demos_gz_classic:/root/aerostack2_ws/install/rmf_demos_gz:/root/aerostack2_ws/install/rmf_demos:/root/aerostack2_ws/install/rmf_demos_maps:/root/aerostack2_ws/install/aerostack2:/root/aerostack2_ws/install/as2_behaviors_swarm_flocking:/root/aerostack2_ws/install/rmf_demos_tasks:/root/aerostack2_ws/install/rmf_demos_panel:/root/aerostack2_ws/install/rmf_demos_fleet_adapter:/root/aerostack2_ws/install/rmf_demos_dashboard_resources:/root/aerostack2_ws/install/rmf_demos_bridges:/root/aerostack2_ws/install/rmf_demos_assets:/root/aerostack2_ws/install/as2_visualization:/root/aerostack2_ws/install/as2_swarm_perception:/root/aerostack2_ws/install/as2_swarm_fusion_ci:/root/aerostack2_ws/install/as2_swarm_ekf:/root/aerostack2_ws/install/as2_keyboard_teleoperation:/root/aerostack2_ws/install/as2_python_api:/root/aerostack2_ws/install/as2_project_bringup:/root/aerostack2_ws/install/as2_perception:/root/aerostack2_ws/install/as2_groundray_perception:/opt/ros/humble GZ_SIM_RESOURCE_PATH=/root/aerostack2_ws/install/as2_gazebo_assets/share/as2_ign_gazebo_assets/worlds:/root/aerostack2_ws/install/as2_gazebo_assets/share/as2_ign_gazebo_assets/models:${GZ_SIM_RESOURCE_PATH} GZ_VERSION=@GZ_VERSION@ LD_LIBRARY_PATH=/root/aerostack2_ws/install/as2_motion_controller/lib:/root/aerostack2_ws/install/as2_behaviors_trajectory_generation/lib:/root/aerostack2_ws/install/as2_behaviors_perception/lib:/root/aerostack2_ws/install/as2_behaviors_path_planning/lib:/root/aerostack2_ws/install/as2_behaviors_motion/lib:/root/aerostack2_ws/install/as2_state_estimator/lib:/root/aerostack2_ws/install/as2_map_server/lib:/root/aerostack2_ws/install/as2_gazebo_assets/lib:/root/aerostack2_ws/install/as2_behavior_tree/lib:/root/aerostack2_ws/install/as2_behavior/lib:/root/aerostack2_ws/install/as2_core/lib:/root/aerostack2_ws/install/as2_msgs/lib:/root/aerostack2_ws/install/as2_python_api/lib:/root/aerostack2_ws/install/as2_behaviors_swarm_flocking/lib:/root/aerostack2_ws/install/as2_motion_reference_handlers/lib:/opt/ros/humble/opt/rviz_ogre_vendor/lib:/opt/ros/humble/lib/x86_64-linux-gnu:/opt/ros/humble/lib PYTHONPATH=/root/aerostack2_ws/install/as2_keyboard_teleoperation/lib/python3.10/site-packages:/root/aerostack2_ws/install/as2_visualization/lib/python3.10/site-packages:/root/aerostack2_ws/install/as2_python_api/lib/python3.10/site-packages:/root/aerostack2_ws/install/rmf_demos_tasks/lib/python3.10/site-packages:/root/aerostack2_ws/install/rmf_demos_panel/lib/python3.10/site-packages:/root/aerostack2_ws/install/rmf_demos_fleet_adapter/lib/python3.10/site-packages:/root/aerostack2_ws/install/rmf_demos_bridges/lib/python3.10/site-packages:/root/aerostack2_ws/install/as2_swarm_perception/lib/python3.10/site-packages:/root/aerostack2_ws/install/as2_swarm_fusion_ci/lib/python3.10/site-packages:/root/aerostack2_ws/install/as2_swarm_ekf/lib/python3.10/site-packages:/root/aerostack2_ws/install/as2_project_bringup/lib/python3.10/site-packages:/root/aerostack2_ws/install/as2_perception/lib/python3.10/site-packages:/root/aerostack2_ws/install/as2_motion_reference_handlers/local/lib/python3.10/dist-packages:/root/aerostack2_ws/install/as2_gazebo_assets/local/lib/python3.10/dist-packages:/root/aerostack2_ws/install/as2_core/local/lib/python3.10/dist-packages:/root/aerostack2_ws/install/as2_msgs/local/lib/python3.10/dist-packages:/root/aerostack2_ws/install/as2_groundray_perception/lib/python3.10/site-packages:/opt/ros/humble/lib/python3.10/site-packages:/opt/ros/humble/local/lib/python3.10/dist-packages /usr/bin/cmake --build /root/aerostack2_ws/build/aerostack2 -- -j8 -l8
[8.008s] DEBUG:colcon.colcon_core.event_handler.log_command:Invoking command in '/root/aerostack2_ws/build/aerostack2': AMENT_PREFIX_PATH=/root/aerostack2_ws/install/as2_keyboard_teleoperation:/root/aerostack2_ws/install/as2_visualization:/root/aerostack2_ws/install/as2_python_api:/root/aerostack2_ws/install/rmf_demos_gz_classic:/root/aerostack2_ws/install/rmf_demos_gz:/root/aerostack2_ws/install/rmf_demos:/root/aerostack2_ws/install/rmf_demos_tasks:/root/aerostack2_ws/install/rmf_demos_panel:/root/aerostack2_ws/install/rmf_demos_maps:/root/aerostack2_ws/install/rmf_demos_fleet_adapter:/root/aerostack2_ws/install/rmf_demos_dashboard_resources:/root/aerostack2_ws/install/rmf_demos_bridges:/root/aerostack2_ws/install/rmf_demos_assets:/root/aerostack2_ws/install/aerostack2:/root/aerostack2_ws/install/as2_usb_camera_interface:/root/aerostack2_ws/install/as2_swarm_perception:/root/aerostack2_ws/install/as2_swarm_fusion_ci:/root/aerostack2_ws/install/as2_swarm_ekf:/root/aerostack2_ws/install/as2_state_estimator:/root/aerostack2_ws/install/as2_rviz_plugins:/root/aerostack2_ws/install/as2_realsense_interface:/root/aerostack2_ws/install/as2_project_bringup:/root/aerostack2_ws/install/as2_platform_multirotor_simulator:/root/aerostack2_ws/install/as2_platform_gazebo:/root/aerostack2_ws/install/as2_perception:/root/aerostack2_ws/install/as2_motion_controller:/root/aerostack2_ws/install/as2_behaviors_trajectory_generation:/root/aerostack2_ws/install/as2_behaviors_swarm_flocking:/root/aerostack2_ws/install/as2_behaviors_motion:/root/aerostack2_ws/install/as2_motion_reference_handlers:/root/aerostack2_ws/install/as2_map_server:/root/aerostack2_ws/install/as2_geozones:/root/aerostack2_ws/install/as2_gazebo_assets:/root/aerostack2_ws/install/as2_external_object_to_tf:/root/aerostack2_ws/install/as2_behaviors_platform:/root/aerostack2_ws/install/as2_behaviors_perception:/root/aerostack2_ws/install/as2_behaviors_path_planning:/root/aerostack2_ws/install/as2_behavior_tree:/root/aerostack2_ws/install/as2_behavior:/root/aerostack2_ws/install/as2_alphanumeric_viewer:/root/aerostack2_ws/install/as2_core:/root/aerostack2_ws/install/as2_msgs:/root/aerostack2_ws/install/as2_groundray_perception:/root/aerostack2_ws/install/as2_cli:/opt/ros/humble CMAKE_PREFIX_PATH=/root/aerostack2_ws/install/as2_rviz_plugins:/root/aerostack2_ws/install/as2_platform_gazebo:/root/aerostack2_ws/install/as2_motion_controller:/root/aerostack2_ws/install/as2_behaviors_trajectory_generation:/root/aerostack2_ws/install/as2_behaviors_platform:/root/aerostack2_ws/install/as2_behaviors_perception:/root/aerostack2_ws/install/as2_behaviors_path_planning:/root/aerostack2_ws/install/as2_behaviors_motion:/root/aerostack2_ws/install/as2_usb_camera_interface:/root/aerostack2_ws/install/as2_state_estimator:/root/aerostack2_ws/install/as2_realsense_interface:/root/aerostack2_ws/install/as2_platform_multirotor_simulator:/root/aerostack2_ws/install/as2_motion_reference_handlers:/root/aerostack2_ws/install/as2_map_server:/root/aerostack2_ws/install/as2_geozones:/root/aerostack2_ws/install/as2_gazebo_assets:/root/aerostack2_ws/install/as2_external_object_to_tf:/root/aerostack2_ws/install/as2_behavior_tree:/root/aerostack2_ws/install/as2_behavior:/root/aerostack2_ws/install/as2_alphanumeric_viewer:/root/aerostack2_ws/install/as2_core:/root/aerostack2_ws/install/as2_msgs:/root/aerostack2_ws/install/as2_cli:/root/aerostack2_ws/install/rmf_demos_gz_classic:/root/aerostack2_ws/install/rmf_demos_gz:/root/aerostack2_ws/install/rmf_demos:/root/aerostack2_ws/install/rmf_demos_maps:/root/aerostack2_ws/install/aerostack2:/root/aerostack2_ws/install/as2_behaviors_swarm_flocking:/root/aerostack2_ws/install/rmf_demos_tasks:/root/aerostack2_ws/install/rmf_demos_panel:/root/aerostack2_ws/install/rmf_demos_fleet_adapter:/root/aerostack2_ws/install/rmf_demos_dashboard_resources:/root/aerostack2_ws/install/rmf_demos_bridges:/root/aerostack2_ws/install/rmf_demos_assets:/root/aerostack2_ws/install/as2_visualization:/root/aerostack2_ws/install/as2_swarm_perception:/root/aerostack2_ws/install/as2_swarm_fusion_ci:/root/aerostack2_ws/install/as2_swarm_ekf:/root/aerostack2_ws/install/as2_keyboard_teleoperation:/root/aerostack2_ws/install/as2_python_api:/root/aerostack2_ws/install/as2_project_bringup:/root/aerostack2_ws/install/as2_perception:/root/aerostack2_ws/install/as2_groundray_perception:/opt/ros/humble GZ_SIM_RESOURCE_PATH=/root/aerostack2_ws/install/as2_gazebo_assets/share/as2_ign_gazebo_assets/worlds:/root/aerostack2_ws/install/as2_gazebo_assets/share/as2_ign_gazebo_assets/models:${GZ_SIM_RESOURCE_PATH} GZ_VERSION=@GZ_VERSION@ LD_LIBRARY_PATH=/root/aerostack2_ws/install/as2_motion_controller/lib:/root/aerostack2_ws/install/as2_behaviors_trajectory_generation/lib:/root/aerostack2_ws/install/as2_behaviors_perception/lib:/root/aerostack2_ws/install/as2_behaviors_path_planning/lib:/root/aerostack2_ws/install/as2_behaviors_motion/lib:/root/aerostack2_ws/install/as2_state_estimator/lib:/root/aerostack2_ws/install/as2_map_server/lib:/root/aerostack2_ws/install/as2_gazebo_assets/lib:/root/aerostack2_ws/install/as2_behavior_tree/lib:/root/aerostack2_ws/install/as2_behavior/lib:/root/aerostack2_ws/install/as2_core/lib:/root/aerostack2_ws/install/as2_msgs/lib:/root/aerostack2_ws/install/as2_python_api/lib:/root/aerostack2_ws/install/as2_behaviors_swarm_flocking/lib:/root/aerostack2_ws/install/as2_motion_reference_handlers/lib:/opt/ros/humble/opt/rviz_ogre_vendor/lib:/opt/ros/humble/lib/x86_64-linux-gnu:/opt/ros/humble/lib PYTHONPATH=/root/aerostack2_ws/install/as2_keyboard_teleoperation/lib/python3.10/site-packages:/root/aerostack2_ws/install/as2_visualization/lib/python3.10/site-packages:/root/aerostack2_ws/install/as2_python_api/lib/python3.10/site-packages:/root/aerostack2_ws/install/rmf_demos_tasks/lib/python3.10/site-packages:/root/aerostack2_ws/install/rmf_demos_panel/lib/python3.10/site-packages:/root/aerostack2_ws/install/rmf_demos_fleet_adapter/lib/python3.10/site-packages:/root/aerostack2_ws/install/rmf_demos_bridges/lib/python3.10/site-packages:/root/aerostack2_ws/install/as2_swarm_perception/lib/python3.10/site-packages:/root/aerostack2_ws/install/as2_swarm_fusion_ci/lib/python3.10/site-packages:/root/aerostack2_ws/install/as2_swarm_ekf/lib/python3.10/site-packages:/root/aerostack2_ws/install/as2_project_bringup/lib/python3.10/site-packages:/root/aerostack2_ws/install/as2_perception/lib/python3.10/site-packages:/root/aerostack2_ws/install/as2_motion_reference_handlers/local/lib/python3.10/dist-packages:/root/aerostack2_ws/install/as2_gazebo_assets/local/lib/python3.10/dist-packages:/root/aerostack2_ws/install/as2_core/local/lib/python3.10/dist-packages:/root/aerostack2_ws/install/as2_msgs/local/lib/python3.10/dist-packages:/root/aerostack2_ws/install/as2_groundray_perception/lib/python3.10/site-packages:/opt/ros/humble/lib/python3.10/site-packages:/opt/ros/humble/local/lib/python3.10/dist-packages /usr/bin/cmake --install /root/aerostack2_ws/build/aerostack2
[8.016s] Level 1:colcon.colcon_core.environment:create_environment_scripts_only(aerostack2)
[8.017s] Level 1:colcon.colcon_core.environment:checking '/root/aerostack2_ws/install/aerostack2' for CMake module files
[8.017s] DEBUG:colcon.colcon_core.event_handler.log_command:Invoked command in '/root/aerostack2_ws/build/aerostack2' returned '0': AMENT_PREFIX_PATH=/root/aerostack2_ws/install/as2_keyboard_teleoperation:/root/aerostack2_ws/install/as2_visualization:/root/aerostack2_ws/install/as2_python_api:/root/aerostack2_ws/install/rmf_demos_gz_classic:/root/aerostack2_ws/install/rmf_demos_gz:/root/aerostack2_ws/install/rmf_demos:/root/aerostack2_ws/install/rmf_demos_tasks:/root/aerostack2_ws/install/rmf_demos_panel:/root/aerostack2_ws/install/rmf_demos_maps:/root/aerostack2_ws/install/rmf_demos_fleet_adapter:/root/aerostack2_ws/install/rmf_demos_dashboard_resources:/root/aerostack2_ws/install/rmf_demos_bridges:/root/aerostack2_ws/install/rmf_demos_assets:/root/aerostack2_ws/install/aerostack2:/root/aerostack2_ws/install/as2_usb_camera_interface:/root/aerostack2_ws/install/as2_swarm_perception:/root/aerostack2_ws/install/as2_swarm_fusion_ci:/root/aerostack2_ws/install/as2_swarm_ekf:/root/aerostack2_ws/install/as2_state_estimator:/root/aerostack2_ws/install/as2_rviz_plugins:/root/aerostack2_ws/install/as2_realsense_interface:/root/aerostack2_ws/install/as2_project_bringup:/root/aerostack2_ws/install/as2_platform_multirotor_simulator:/root/aerostack2_ws/install/as2_platform_gazebo:/root/aerostack2_ws/install/as2_perception:/root/aerostack2_ws/install/as2_motion_controller:/root/aerostack2_ws/install/as2_behaviors_trajectory_generation:/root/aerostack2_ws/install/as2_behaviors_swarm_flocking:/root/aerostack2_ws/install/as2_behaviors_motion:/root/aerostack2_ws/install/as2_motion_reference_handlers:/root/aerostack2_ws/install/as2_map_server:/root/aerostack2_ws/install/as2_geozones:/root/aerostack2_ws/install/as2_gazebo_assets:/root/aerostack2_ws/install/as2_external_object_to_tf:/root/aerostack2_ws/install/as2_behaviors_platform:/root/aerostack2_ws/install/as2_behaviors_perception:/root/aerostack2_ws/install/as2_behaviors_path_planning:/root/aerostack2_ws/install/as2_behavior_tree:/root/aerostack2_ws/install/as2_behavior:/root/aerostack2_ws/install/as2_alphanumeric_viewer:/root/aerostack2_ws/install/as2_core:/root/aerostack2_ws/install/as2_msgs:/root/aerostack2_ws/install/as2_groundray_perception:/root/aerostack2_ws/install/as2_cli:/opt/ros/humble CMAKE_PREFIX_PATH=/root/aerostack2_ws/install/as2_rviz_plugins:/root/aerostack2_ws/install/as2_platform_gazebo:/root/aerostack2_ws/install/as2_motion_controller:/root/aerostack2_ws/install/as2_behaviors_trajectory_generation:/root/aerostack2_ws/install/as2_behaviors_platform:/root/aerostack2_ws/install/as2_behaviors_perception:/root/aerostack2_ws/install/as2_behaviors_path_planning:/root/aerostack2_ws/install/as2_behaviors_motion:/root/aerostack2_ws/install/as2_usb_camera_interface:/root/aerostack2_ws/install/as2_state_estimator:/root/aerostack2_ws/install/as2_realsense_interface:/root/aerostack2_ws/install/as2_platform_multirotor_simulator:/root/aerostack2_ws/install/as2_motion_reference_handlers:/root/aerostack2_ws/install/as2_map_server:/root/aerostack2_ws/install/as2_geozones:/root/aerostack2_ws/install/as2_gazebo_assets:/root/aerostack2_ws/install/as2_external_object_to_tf:/root/aerostack2_ws/install/as2_behavior_tree:/root/aerostack2_ws/install/as2_behavior:/root/aerostack2_ws/install/as2_alphanumeric_viewer:/root/aerostack2_ws/install/as2_core:/root/aerostack2_ws/install/as2_msgs:/root/aerostack2_ws/install/as2_cli:/root/aerostack2_ws/install/rmf_demos_gz_classic:/root/aerostack2_ws/install/rmf_demos_gz:/root/aerostack2_ws/install/rmf_demos:/root/aerostack2_ws/install/rmf_demos_maps:/root/aerostack2_ws/install/aerostack2:/root/aerostack2_ws/install/as2_behaviors_swarm_flocking:/root/aerostack2_ws/install/rmf_demos_tasks:/root/aerostack2_ws/install/rmf_demos_panel:/root/aerostack2_ws/install/rmf_demos_fleet_adapter:/root/aerostack2_ws/install/rmf_demos_dashboard_resources:/root/aerostack2_ws/install/rmf_demos_bridges:/root/aerostack2_ws/install/rmf_demos_assets:/root/aerostack2_ws/install/as2_visualization:/root/aerostack2_ws/install/as2_swarm_perception:/root/aerostack2_ws/install/as2_swarm_fusion_ci:/root/aerostack2_ws/install/as2_swarm_ekf:/root/aerostack2_ws/install/as2_keyboard_teleoperation:/root/aerostack2_ws/install/as2_python_api:/root/aerostack2_ws/install/as2_project_bringup:/root/aerostack2_ws/install/as2_perception:/root/aerostack2_ws/install/as2_groundray_perception:/opt/ros/humble GZ_SIM_RESOURCE_PATH=/root/aerostack2_ws/install/as2_gazebo_assets/share/as2_ign_gazebo_assets/worlds:/root/aerostack2_ws/install/as2_gazebo_assets/share/as2_ign_gazebo_assets/models:${GZ_SIM_RESOURCE_PATH} GZ_VERSION=@GZ_VERSION@ LD_LIBRARY_PATH=/root/aerostack2_ws/install/as2_motion_controller/lib:/root/aerostack2_ws/install/as2_behaviors_trajectory_generation/lib:/root/aerostack2_ws/install/as2_behaviors_perception/lib:/root/aerostack2_ws/install/as2_behaviors_path_planning/lib:/root/aerostack2_ws/install/as2_behaviors_motion/lib:/root/aerostack2_ws/install/as2_state_estimator/lib:/root/aerostack2_ws/install/as2_map_server/lib:/root/aerostack2_ws/install/as2_gazebo_assets/lib:/root/aerostack2_ws/install/as2_behavior_tree/lib:/root/aerostack2_ws/install/as2_behavior/lib:/root/aerostack2_ws/install/as2_core/lib:/root/aerostack2_ws/install/as2_msgs/lib:/root/aerostack2_ws/install/as2_python_api/lib:/root/aerostack2_ws/install/as2_behaviors_swarm_flocking/lib:/root/aerostack2_ws/install/as2_motion_reference_handlers/lib:/opt/ros/humble/opt/rviz_ogre_vendor/lib:/opt/ros/humble/lib/x86_64-linux-gnu:/opt/ros/humble/lib PYTHONPATH=/root/aerostack2_ws/install/as2_keyboard_teleoperation/lib/python3.10/site-packages:/root/aerostack2_ws/install/as2_visualization/lib/python3.10/site-packages:/root/aerostack2_ws/install/as2_python_api/lib/python3.10/site-packages:/root/aerostack2_ws/install/rmf_demos_tasks/lib/python3.10/site-packages:/root/aerostack2_ws/install/rmf_demos_panel/lib/python3.10/site-packages:/root/aerostack2_ws/install/rmf_demos_fleet_adapter/lib/python3.10/site-packages:/root/aerostack2_ws/install/rmf_demos_bridges/lib/python3.10/site-packages:/root/aerostack2_ws/install/as2_swarm_perception/lib/python3.10/site-packages:/root/aerostack2_ws/install/as2_swarm_fusion_ci/lib/python3.10/site-packages:/root/aerostack2_ws/install/as2_swarm_ekf/lib/python3.10/site-packages:/root/aerostack2_ws/install/as2_project_bringup/lib/python3.10/site-packages:/root/aerostack2_ws/install/as2_perception/lib/python3.10/site-packages:/root/aerostack2_ws/install/as2_motion_reference_handlers/local/lib/python3.10/dist-packages:/root/aerostack2_ws/install/as2_gazebo_assets/local/lib/python3.10/dist-packages:/root/aerostack2_ws/install/as2_core/local/lib/python3.10/dist-packages:/root/aerostack2_ws/install/as2_msgs/local/lib/python3.10/dist-packages:/root/aerostack2_ws/install/as2_groundray_perception/lib/python3.10/site-packages:/opt/ros/humble/lib/python3.10/site-packages:/opt/ros/humble/local/lib/python3.10/dist-packages /usr/bin/cmake --install /root/aerostack2_ws/build/aerostack2
[8.017s] Level 1:colcon.colcon_core.environment:checking '/root/aerostack2_ws/install/aerostack2' for CMake config files
[8.018s] Level 1:colcon.colcon_core.shell:create_environment_hook('aerostack2', 'cmake_prefix_path')
[8.018s] INFO:colcon.colcon_core.shell:Creating environment hook '/root/aerostack2_ws/install/aerostack2/share/aerostack2/hook/cmake_prefix_path.ps1'
[8.018s] INFO:colcon.colcon_core.shell:Creating environment descriptor '/root/aerostack2_ws/install/aerostack2/share/aerostack2/hook/cmake_prefix_path.dsv'
[8.018s] INFO:colcon.colcon_core.shell:Creating environment hook '/root/aerostack2_ws/install/aerostack2/share/aerostack2/hook/cmake_prefix_path.sh'
[8.019s] Level 1:colcon.colcon_core.environment:checking '/root/aerostack2_ws/install/aerostack2/bin'
[8.019s] Level 1:colcon.colcon_core.environment:checking '/root/aerostack2_ws/install/aerostack2/lib/pkgconfig/aerostack2.pc'
[8.019s] Level 1:colcon.colcon_core.environment:checking '/root/aerostack2_ws/install/aerostack2/lib/python3.10/site-packages'
[8.019s] Level 1:colcon.colcon_core.environment:checking '/root/aerostack2_ws/install/aerostack2/bin'
[8.019s] INFO:colcon.colcon_core.shell:Creating package script '/root/aerostack2_ws/install/aerostack2/share/aerostack2/package.ps1'
[8.020s] INFO:colcon.colcon_core.shell:Creating package descriptor '/root/aerostack2_ws/install/aerostack2/share/aerostack2/package.dsv'
[8.020s] INFO:colcon.colcon_core.shell:Creating package script '/root/aerostack2_ws/install/aerostack2/share/aerostack2/package.sh'
[8.020s] INFO:colcon.colcon_core.shell:Creating package script '/root/aerostack2_ws/install/aerostack2/share/aerostack2/package.bash'
[8.020s] INFO:colcon.colcon_core.shell:Creating package script '/root/aerostack2_ws/install/aerostack2/share/aerostack2/package.zsh'
[8.020s] Level 1:colcon.colcon_core.environment:create_file_with_runtime_dependencies(/root/aerostack2_ws/install/aerostack2/share/colcon-core/packages/aerostack2)
[8.021s] Level 1:colcon.colcon_core.environment:create_environment_scripts_only(aerostack2)
[8.021s] Level 1:colcon.colcon_core.environment:checking '/root/aerostack2_ws/install/aerostack2' for CMake module files
[8.021s] Level 1:colcon.colcon_core.environment:checking '/root/aerostack2_ws/install/aerostack2' for CMake config files
[8.021s] Level 1:colcon.colcon_core.shell:create_environment_hook('aerostack2', 'cmake_prefix_path')
[8.021s] INFO:colcon.colcon_core.shell:Creating environment hook '/root/aerostack2_ws/install/aerostack2/share/aerostack2/hook/cmake_prefix_path.ps1'
[8.022s] INFO:colcon.colcon_core.shell:Creating environment descriptor '/root/aerostack2_ws/install/aerostack2/share/aerostack2/hook/cmake_prefix_path.dsv'
[8.022s] INFO:colcon.colcon_core.shell:Creating environment hook '/root/aerostack2_ws/install/aerostack2/share/aerostack2/hook/cmake_prefix_path.sh'
[8.022s] Level 1:colcon.colcon_core.environment:checking '/root/aerostack2_ws/install/aerostack2/bin'
[8.022s] Level 1:colcon.colcon_core.environment:checking '/root/aerostack2_ws/install/aerostack2/lib/pkgconfig/aerostack2.pc'
[8.022s] Level 1:colcon.colcon_core.environment:checking '/root/aerostack2_ws/install/aerostack2/lib/python3.10/site-packages'
[8.022s] Level 1:colcon.colcon_core.environment:checking '/root/aerostack2_ws/install/aerostack2/bin'
[8.022s] INFO:colcon.colcon_core.shell:Creating package script '/root/aerostack2_ws/install/aerostack2/share/aerostack2/package.ps1'
[8.023s] INFO:colcon.colcon_core.shell:Creating package descriptor '/root/aerostack2_ws/install/aerostack2/share/aerostack2/package.dsv'
[8.023s] INFO:colcon.colcon_core.shell:Creating package script '/root/aerostack2_ws/install/aerostack2/share/aerostack2/package.sh'
[8.023s] INFO:colcon.colcon_core.shell:Creating package script '/root/aerostack2_ws/install/aerostack2/share/aerostack2/package.bash'
[8.024s] INFO:colcon.colcon_core.shell:Creating package script '/root/aerostack2_ws/install/aerostack2/share/aerostack2/package.zsh'
[8.024s] Level 1:colcon.colcon_core.environment:create_file_with_runtime_dependencies(/root/aerostack2_ws/install/aerostack2/share/colcon-core/packages/aerostack2)
[8.024s] DEBUG:colcon.colcon_parallel_executor.executor.parallel:closing loop
[8.024s] DEBUG:colcon.colcon_parallel_executor.executor.parallel:loop closed
[8.024s] DEBUG:colcon.colcon_parallel_executor.executor.parallel:run_until_complete finished with '0'
[8.024s] DEBUG:colcon.colcon_core.event_reactor:joining thread
[8.037s] INFO:colcon.colcon_core.plugin_system:Skipping extension 'colcon_notification.desktop_notification.notify_send': Could not find 'notify-send'
[8.037s] INFO:colcon.colcon_core.plugin_system:Skipping extension 'colcon_notification.desktop_notification.terminal_notifier': Not used on non-Darwin systems
[8.037s] INFO:colcon.colcon_core.plugin_system:Skipping extension 'colcon_notification.desktop_notification.win32': Not used on non-Windows systems
[8.037s] INFO:colcon.colcon_notification.desktop_notification:Sending desktop notification using 'notify2'
[8.041s] DEBUG:colcon.colcon_notification.desktop_notification.notify2:Failed to initialize notify2: org.freedesktop.DBus.Error.Spawn.ExecFailed: /usr/bin/dbus-launch terminated abnormally without any error message
[8.041s] DEBUG:colcon.colcon_core.event_reactor:joined thread
[8.041s] INFO:colcon.colcon_core.shell:Creating prefix script '/root/aerostack2_ws/install/local_setup.ps1'
[8.042s] INFO:colcon.colcon_core.shell:Creating prefix util module '/root/aerostack2_ws/install/_local_setup_util_ps1.py'
[8.044s] INFO:colcon.colcon_core.shell:Creating prefix chain script '/root/aerostack2_ws/install/setup.ps1'
[8.046s] INFO:colcon.colcon_core.shell:Creating prefix script '/root/aerostack2_ws/install/local_setup.sh'
[8.047s] INFO:colcon.colcon_core.shell:Creating prefix util module '/root/aerostack2_ws/install/_local_setup_util_sh.py'
[8.048s] INFO:colcon.colcon_core.shell:Creating prefix chain script '/root/aerostack2_ws/install/setup.sh'
[8.051s] INFO:colcon.colcon_core.shell:Creating prefix script '/root/aerostack2_ws/install/local_setup.bash'
[8.052s] INFO:colcon.colcon_core.shell:Creating prefix chain script '/root/aerostack2_ws/install/setup.bash'
[8.054s] INFO:colcon.colcon_core.shell:Creating prefix script '/root/aerostack2_ws/install/local_setup.zsh'
[8.054s] INFO:colcon.colcon_core.shell:Creating prefix chain script '/root/aerostack2_ws/install/setup.zsh'
