[1.633s] DEBUG:colcon:Command line arguments: ['/usr/bin/colcon', 'build']
[1.634s] DEBUG:colcon:Parsed command line arguments: Namespace(log_base=None, log_level=None, verb_name='build', build_base='build', install_base='install', merge_install=False, symlink_install=False, test_result_base=None, continue_on_error=False, executor='parallel', parallel_workers=8, event_handlers=None, ignore_user_meta=False, metas=['./colcon.meta'], base_paths=['.'], packages_ignore=None, packages_ignore_regex=None, paths=None, packages_up_to=None, packages_up_to_regex=None, packages_above=None, packages_above_and_dependencies=None, packages_above_depth=None, packages_select_by_dep=None, packages_skip_by_dep=None, packages_skip_up_to=None, packages_select_build_failed=False, packages_skip_build_finished=False, packages_select_test_failures=False, packages_skip_test_passed=False, packages_select=None, packages_skip=None, packages_select_regex=None, packages_skip_regex=None, packages_start=None, packages_end=None, cmake_args=None, cmake_target=None, cmake_target_skip_unavailable=False, cmake_clean_cache=False, cmake_clean_first=False, cmake_force_configure=False, ament_cmake_args=None, catkin_cmake_args=None, catkin_skip_building_tests=False, mixin_files=None, mixin=None, verb_parser=<colcon_mixin.mixin.mixin_argument.MixinArgumentDecorator object at 0x704f14d75e70>, verb_extension=<colcon_core.verb.build.BuildVerb object at 0x704f14d035e0>, main=<bound method BuildVerb.main of <colcon_core.verb.build.BuildVerb object at 0x704f14d035e0>>, mixin_verb=('build',))
[3.032s] Level 1:colcon.colcon_core.package_discovery:discover_packages(colcon_meta) check parameters
[3.033s] INFO:colcon.colcon_metadata.package_discovery.colcon_meta:Using configuration from '/root/.colcon/metadata/default/Gazebo.meta'
[3.040s] INFO:colcon.colcon_metadata.package_discovery.colcon_meta:Using configuration from '/root/.colcon/metadata/default/fastdds.meta'
[3.041s] INFO:colcon.colcon_metadata.package_discovery.colcon_meta:Using configuration from '/root/.colcon/metadata/default/fastrtps.meta'
[3.041s] Level 1:colcon.colcon_core.package_discovery:discover_packages(recursive) check parameters
[3.042s] Level 1:colcon.colcon_core.package_discovery:discover_packages(ignore) check parameters
[3.042s] Level 1:colcon.colcon_core.package_discovery:discover_packages(path) check parameters
[3.042s] Level 1:colcon.colcon_core.package_discovery:discover_packages(colcon_meta) discover
[3.042s] Level 1:colcon.colcon_core.package_discovery:discover_packages(recursive) discover
[3.042s] INFO:colcon.colcon_core.package_discovery:Crawling recursively for packages in '/root/aerostack2_ws'
[3.042s] Level 1:colcon.colcon_core.package_identification:_identify(.) by extensions ['ignore', 'ignore_ament_install']
[3.043s] Level 1:colcon.colcon_core.package_identification:_identify(.) by extension 'ignore'
[3.043s] Level 1:colcon.colcon_core.package_identification:_identify(.) by extension 'ignore_ament_install'
[3.043s] Level 1:colcon.colcon_core.package_identification:_identify(.) by extensions ['colcon_pkg']
[3.043s] Level 1:colcon.colcon_core.package_identification:_identify(.) by extension 'colcon_pkg'
[3.043s] Level 1:colcon.colcon_core.package_identification:_identify(.) by extensions ['colcon_meta']
[3.043s] Level 1:colcon.colcon_core.package_identification:_identify(.) by extension 'colcon_meta'
[3.043s] Level 1:colcon.colcon_core.package_identification:_identify(.) by extensions ['ros']
[3.043s] Level 1:colcon.colcon_core.package_identification:_identify(.) by extension 'ros'
[3.061s] Level 1:colcon.colcon_core.package_identification:_identify(.) by extensions ['cmake', 'python']
[3.061s] Level 1:colcon.colcon_core.package_identification:_identify(.) by extension 'cmake'
[3.061s] Level 1:colcon.colcon_core.package_identification:_identify(.) by extension 'python'
[3.061s] Level 1:colcon.colcon_core.package_identification:_identify(.) by extensions ['python_setup_py']
[3.061s] Level 1:colcon.colcon_core.package_identification:_identify(.) by extension 'python_setup_py'
[3.061s] Level 1:colcon.colcon_core.package_identification:_identify(build) by extensions ['ignore', 'ignore_ament_install']
[3.061s] Level 1:colcon.colcon_core.package_identification:_identify(build) by extension 'ignore'
[3.061s] Level 1:colcon.colcon_core.package_identification:_identify(build) ignored
[3.062s] Level 1:colcon.colcon_core.package_identification:_identify(install) by extensions ['ignore', 'ignore_ament_install']
[3.062s] Level 1:colcon.colcon_core.package_identification:_identify(install) by extension 'ignore'
[3.062s] Level 1:colcon.colcon_core.package_identification:_identify(install) ignored
[3.062s] Level 1:colcon.colcon_core.package_identification:_identify(log) by extensions ['ignore', 'ignore_ament_install']
[3.063s] Level 1:colcon.colcon_core.package_identification:_identify(log) by extension 'ignore'
[3.063s] Level 1:colcon.colcon_core.package_identification:_identify(log) ignored
[3.063s] Level 1:colcon.colcon_core.package_identification:_identify(src) by extensions ['ignore', 'ignore_ament_install']
[3.063s] Level 1:colcon.colcon_core.package_identification:_identify(src) by extension 'ignore'
[3.063s] Level 1:colcon.colcon_core.package_identification:_identify(src) by extension 'ignore_ament_install'
[3.063s] Level 1:colcon.colcon_core.package_identification:_identify(src) by extensions ['colcon_pkg']
[3.063s] Level 1:colcon.colcon_core.package_identification:_identify(src) by extension 'colcon_pkg'
[3.063s] Level 1:colcon.colcon_core.package_identification:_identify(src) by extensions ['colcon_meta']
[3.063s] Level 1:colcon.colcon_core.package_identification:_identify(src) by extension 'colcon_meta'
[3.063s] Level 1:colcon.colcon_core.package_identification:_identify(src) by extensions ['ros']
[3.063s] Level 1:colcon.colcon_core.package_identification:_identify(src) by extension 'ros'
[3.063s] Level 1:colcon.colcon_core.package_identification:_identify(src) by extensions ['cmake', 'python']
[3.064s] Level 1:colcon.colcon_core.package_identification:_identify(src) by extension 'cmake'
[3.064s] Level 1:colcon.colcon_core.package_identification:_identify(src) by extension 'python'
[3.064s] Level 1:colcon.colcon_core.package_identification:_identify(src) by extensions ['python_setup_py']
[3.064s] Level 1:colcon.colcon_core.package_identification:_identify(src) by extension 'python_setup_py'
[3.064s] Level 1:colcon.colcon_core.package_identification:_identify(src/aerostack2) by extensions ['ignore', 'ignore_ament_install']
[3.064s] Level 1:colcon.colcon_core.package_identification:_identify(src/aerostack2) by extension 'ignore'
[3.064s] Level 1:colcon.colcon_core.package_identification:_identify(src/aerostack2) by extension 'ignore_ament_install'
[3.064s] Level 1:colcon.colcon_core.package_identification:_identify(src/aerostack2) by extensions ['colcon_pkg']
[3.064s] Level 1:colcon.colcon_core.package_identification:_identify(src/aerostack2) by extension 'colcon_pkg'
[3.064s] Level 1:colcon.colcon_core.package_identification:_identify(src/aerostack2) by extensions ['colcon_meta']
[3.065s] Level 1:colcon.colcon_core.package_identification:_identify(src/aerostack2) by extension 'colcon_meta'
[3.065s] Level 1:colcon.colcon_core.package_identification:_identify(src/aerostack2) by extensions ['ros']
[3.065s] Level 1:colcon.colcon_core.package_identification:_identify(src/aerostack2) by extension 'ros'
[3.065s] Level 1:colcon.colcon_core.package_identification:_identify(src/aerostack2) by extensions ['cmake', 'python']
[3.065s] Level 1:colcon.colcon_core.package_identification:_identify(src/aerostack2) by extension 'cmake'
[3.065s] Level 1:colcon.colcon_core.package_identification:_identify(src/aerostack2) by extension 'python'
[3.065s] Level 1:colcon.colcon_core.package_identification:_identify(src/aerostack2) by extensions ['python_setup_py']
[3.065s] Level 1:colcon.colcon_core.package_identification:_identify(src/aerostack2) by extension 'python_setup_py'
[3.065s] Level 1:colcon.colcon_core.package_identification:_identify(src/aerostack2/aerostack2) by extensions ['ignore', 'ignore_ament_install']
[3.065s] Level 1:colcon.colcon_core.package_identification:_identify(src/aerostack2/aerostack2) by extension 'ignore'
[3.065s] Level 1:colcon.colcon_core.package_identification:_identify(src/aerostack2/aerostack2) by extension 'ignore_ament_install'
[3.065s] Level 1:colcon.colcon_core.package_identification:_identify(src/aerostack2/aerostack2) by extensions ['colcon_pkg']
[3.065s] Level 1:colcon.colcon_core.package_identification:_identify(src/aerostack2/aerostack2) by extension 'colcon_pkg'
[3.065s] Level 1:colcon.colcon_core.package_identification:_identify(src/aerostack2/aerostack2) by extensions ['colcon_meta']
[3.066s] Level 1:colcon.colcon_core.package_identification:_identify(src/aerostack2/aerostack2) by extension 'colcon_meta'
[3.066s] Level 1:colcon.colcon_core.package_identification:_identify(src/aerostack2/aerostack2) by extensions ['ros']
[3.066s] Level 1:colcon.colcon_core.package_identification:_identify(src/aerostack2/aerostack2) by extension 'ros'
[3.089s] DEBUG:colcon.colcon_core.package_identification:Package 'src/aerostack2/aerostack2' with type 'ros.ament_cmake' and name 'aerostack2'
[3.089s] Level 1:colcon.colcon_core.package_identification:_identify(src/aerostack2/as2_aerial_platforms) by extensions ['ignore', 'ignore_ament_install']
[3.089s] Level 1:colcon.colcon_core.package_identification:_identify(src/aerostack2/as2_aerial_platforms) by extension 'ignore'
[3.090s] Level 1:colcon.colcon_core.package_identification:_identify(src/aerostack2/as2_aerial_platforms) by extension 'ignore_ament_install'
[3.090s] Level 1:colcon.colcon_core.package_identification:_identify(src/aerostack2/as2_aerial_platforms) by extensions ['colcon_pkg']
[3.090s] Level 1:colcon.colcon_core.package_identification:_identify(src/aerostack2/as2_aerial_platforms) by extension 'colcon_pkg'
[3.090s] Level 1:colcon.colcon_core.package_identification:_identify(src/aerostack2/as2_aerial_platforms) by extensions ['colcon_meta']
[3.090s] Level 1:colcon.colcon_core.package_identification:_identify(src/aerostack2/as2_aerial_platforms) by extension 'colcon_meta'
[3.090s] Level 1:colcon.colcon_core.package_identification:_identify(src/aerostack2/as2_aerial_platforms) by extensions ['ros']
[3.090s] Level 1:colcon.colcon_core.package_identification:_identify(src/aerostack2/as2_aerial_platforms) by extension 'ros'
[3.090s] Level 1:colcon.colcon_core.package_identification:_identify(src/aerostack2/as2_aerial_platforms) by extensions ['cmake', 'python']
[3.090s] Level 1:colcon.colcon_core.package_identification:_identify(src/aerostack2/as2_aerial_platforms) by extension 'cmake'
[3.090s] Level 1:colcon.colcon_core.package_identification:_identify(src/aerostack2/as2_aerial_platforms) by extension 'python'
[3.090s] Level 1:colcon.colcon_core.package_identification:_identify(src/aerostack2/as2_aerial_platforms) by extensions ['python_setup_py']
[3.090s] Level 1:colcon.colcon_core.package_identification:_identify(src/aerostack2/as2_aerial_platforms) by extension 'python_setup_py'
[3.090s] Level 1:colcon.colcon_core.package_identification:_identify(src/aerostack2/as2_aerial_platforms/as2_platform_gazebo) by extensions ['ignore', 'ignore_ament_install']
[3.092s] Level 1:colcon.colcon_core.package_identification:_identify(src/aerostack2/as2_aerial_platforms/as2_platform_gazebo) by extension 'ignore'
[3.092s] Level 1:colcon.colcon_core.package_identification:_identify(src/aerostack2/as2_aerial_platforms/as2_platform_gazebo) by extension 'ignore_ament_install'
[3.092s] Level 1:colcon.colcon_core.package_identification:_identify(src/aerostack2/as2_aerial_platforms/as2_platform_gazebo) by extensions ['colcon_pkg']
[3.092s] Level 1:colcon.colcon_core.package_identification:_identify(src/aerostack2/as2_aerial_platforms/as2_platform_gazebo) by extension 'colcon_pkg'
[3.092s] Level 1:colcon.colcon_core.package_identification:_identify(src/aerostack2/as2_aerial_platforms/as2_platform_gazebo) by extensions ['colcon_meta']
[3.092s] Level 1:colcon.colcon_core.package_identification:_identify(src/aerostack2/as2_aerial_platforms/as2_platform_gazebo) by extension 'colcon_meta'
[3.092s] Level 1:colcon.colcon_core.package_identification:_identify(src/aerostack2/as2_aerial_platforms/as2_platform_gazebo) by extensions ['ros']
[3.092s] Level 1:colcon.colcon_core.package_identification:_identify(src/aerostack2/as2_aerial_platforms/as2_platform_gazebo) by extension 'ros'
[3.093s] DEBUG:colcon.colcon_core.package_identification:Package 'src/aerostack2/as2_aerial_platforms/as2_platform_gazebo' with type 'ros.ament_cmake' and name 'as2_platform_gazebo'
[3.094s] Level 1:colcon.colcon_core.package_identification:_identify(src/aerostack2/as2_aerial_platforms/as2_platform_multirotor_simulator) by extensions ['ignore', 'ignore_ament_install']
[3.094s] Level 1:colcon.colcon_core.package_identification:_identify(src/aerostack2/as2_aerial_platforms/as2_platform_multirotor_simulator) by extension 'ignore'
[3.094s] Level 1:colcon.colcon_core.package_identification:_identify(src/aerostack2/as2_aerial_platforms/as2_platform_multirotor_simulator) by extension 'ignore_ament_install'
[3.094s] Level 1:colcon.colcon_core.package_identification:_identify(src/aerostack2/as2_aerial_platforms/as2_platform_multirotor_simulator) by extensions ['colcon_pkg']
[3.104s] Level 1:colcon.colcon_core.package_identification:_identify(src/aerostack2/as2_aerial_platforms/as2_platform_multirotor_simulator) by extension 'colcon_pkg'
[3.104s] Level 1:colcon.colcon_core.package_identification:_identify(src/aerostack2/as2_aerial_platforms/as2_platform_multirotor_simulator) by extensions ['colcon_meta']
[3.104s] Level 1:colcon.colcon_core.package_identification:_identify(src/aerostack2/as2_aerial_platforms/as2_platform_multirotor_simulator) by extension 'colcon_meta'
[3.104s] Level 1:colcon.colcon_core.package_identification:_identify(src/aerostack2/as2_aerial_platforms/as2_platform_multirotor_simulator) by extensions ['ros']
[3.104s] Level 1:colcon.colcon_core.package_identification:_identify(src/aerostack2/as2_aerial_platforms/as2_platform_multirotor_simulator) by extension 'ros'
[3.110s] DEBUG:colcon.colcon_core.package_identification:Package 'src/aerostack2/as2_aerial_platforms/as2_platform_multirotor_simulator' with type 'ros.ament_cmake' and name 'as2_platform_multirotor_simulator'
[3.111s] Level 1:colcon.colcon_core.package_identification:_identify(src/aerostack2/as2_behavior_tree) by extensions ['ignore', 'ignore_ament_install']
[3.112s] Level 1:colcon.colcon_core.package_identification:_identify(src/aerostack2/as2_behavior_tree) by extension 'ignore'
[3.113s] Level 1:colcon.colcon_core.package_identification:_identify(src/aerostack2/as2_behavior_tree) by extension 'ignore_ament_install'
[3.113s] Level 1:colcon.colcon_core.package_identification:_identify(src/aerostack2/as2_behavior_tree) by extensions ['colcon_pkg']
[3.113s] Level 1:colcon.colcon_core.package_identification:_identify(src/aerostack2/as2_behavior_tree) by extension 'colcon_pkg'
[3.113s] Level 1:colcon.colcon_core.package_identification:_identify(src/aerostack2/as2_behavior_tree) by extensions ['colcon_meta']
[3.113s] Level 1:colcon.colcon_core.package_identification:_identify(src/aerostack2/as2_behavior_tree) by extension 'colcon_meta'
[3.113s] Level 1:colcon.colcon_core.package_identification:_identify(src/aerostack2/as2_behavior_tree) by extensions ['ros']
[3.113s] Level 1:colcon.colcon_core.package_identification:_identify(src/aerostack2/as2_behavior_tree) by extension 'ros'
[3.118s] DEBUG:colcon.colcon_core.package_identification:Package 'src/aerostack2/as2_behavior_tree' with type 'ros.ament_cmake' and name 'as2_behavior_tree'
[3.118s] Level 1:colcon.colcon_core.package_identification:_identify(src/aerostack2/as2_behaviors) by extensions ['ignore', 'ignore_ament_install']
[3.118s] Level 1:colcon.colcon_core.package_identification:_identify(src/aerostack2/as2_behaviors) by extension 'ignore'
[3.124s] Level 1:colcon.colcon_core.package_identification:_identify(src/aerostack2/as2_behaviors) by extension 'ignore_ament_install'
[3.124s] Level 1:colcon.colcon_core.package_identification:_identify(src/aerostack2/as2_behaviors) by extensions ['colcon_pkg']
[3.124s] Level 1:colcon.colcon_core.package_identification:_identify(src/aerostack2/as2_behaviors) by extension 'colcon_pkg'
[3.124s] Level 1:colcon.colcon_core.package_identification:_identify(src/aerostack2/as2_behaviors) by extensions ['colcon_meta']
[3.124s] Level 1:colcon.colcon_core.package_identification:_identify(src/aerostack2/as2_behaviors) by extension 'colcon_meta'
[3.125s] Level 1:colcon.colcon_core.package_identification:_identify(src/aerostack2/as2_behaviors) by extensions ['ros']
[3.125s] Level 1:colcon.colcon_core.package_identification:_identify(src/aerostack2/as2_behaviors) by extension 'ros'
[3.125s] Level 1:colcon.colcon_core.package_identification:_identify(src/aerostack2/as2_behaviors) by extensions ['cmake', 'python']
[3.125s] Level 1:colcon.colcon_core.package_identification:_identify(src/aerostack2/as2_behaviors) by extension 'cmake'
[3.125s] Level 1:colcon.colcon_core.package_identification:_identify(src/aerostack2/as2_behaviors) by extension 'python'
[3.125s] Level 1:colcon.colcon_core.package_identification:_identify(src/aerostack2/as2_behaviors) by extensions ['python_setup_py']
[3.125s] Level 1:colcon.colcon_core.package_identification:_identify(src/aerostack2/as2_behaviors) by extension 'python_setup_py'
[3.125s] Level 1:colcon.colcon_core.package_identification:_identify(src/aerostack2/as2_behaviors/as2_behavior) by extensions ['ignore', 'ignore_ament_install']
[3.125s] Level 1:colcon.colcon_core.package_identification:_identify(src/aerostack2/as2_behaviors/as2_behavior) by extension 'ignore'
[3.125s] Level 1:colcon.colcon_core.package_identification:_identify(src/aerostack2/as2_behaviors/as2_behavior) by extension 'ignore_ament_install'
[3.126s] Level 1:colcon.colcon_core.package_identification:_identify(src/aerostack2/as2_behaviors/as2_behavior) by extensions ['colcon_pkg']
[3.126s] Level 1:colcon.colcon_core.package_identification:_identify(src/aerostack2/as2_behaviors/as2_behavior) by extension 'colcon_pkg'
[3.126s] Level 1:colcon.colcon_core.package_identification:_identify(src/aerostack2/as2_behaviors/as2_behavior) by extensions ['colcon_meta']
[3.126s] Level 1:colcon.colcon_core.package_identification:_identify(src/aerostack2/as2_behaviors/as2_behavior) by extension 'colcon_meta'
[3.126s] Level 1:colcon.colcon_core.package_identification:_identify(src/aerostack2/as2_behaviors/as2_behavior) by extensions ['ros']
[3.126s] Level 1:colcon.colcon_core.package_identification:_identify(src/aerostack2/as2_behaviors/as2_behavior) by extension 'ros'
[3.136s] DEBUG:colcon.colcon_core.package_identification:Package 'src/aerostack2/as2_behaviors/as2_behavior' with type 'ros.ament_cmake' and name 'as2_behavior'
[3.137s] Level 1:colcon.colcon_core.package_identification:_identify(src/aerostack2/as2_behaviors/as2_behaviors_motion) by extensions ['ignore', 'ignore_ament_install']
[3.137s] Level 1:colcon.colcon_core.package_identification:_identify(src/aerostack2/as2_behaviors/as2_behaviors_motion) by extension 'ignore'
[3.142s] Level 1:colcon.colcon_core.package_identification:_identify(src/aerostack2/as2_behaviors/as2_behaviors_motion) by extension 'ignore_ament_install'
[3.142s] Level 1:colcon.colcon_core.package_identification:_identify(src/aerostack2/as2_behaviors/as2_behaviors_motion) by extensions ['colcon_pkg']
[3.142s] Level 1:colcon.colcon_core.package_identification:_identify(src/aerostack2/as2_behaviors/as2_behaviors_motion) by extension 'colcon_pkg'
[3.142s] Level 1:colcon.colcon_core.package_identification:_identify(src/aerostack2/as2_behaviors/as2_behaviors_motion) by extensions ['colcon_meta']
[3.142s] Level 1:colcon.colcon_core.package_identification:_identify(src/aerostack2/as2_behaviors/as2_behaviors_motion) by extension 'colcon_meta'
[3.142s] Level 1:colcon.colcon_core.package_identification:_identify(src/aerostack2/as2_behaviors/as2_behaviors_motion) by extensions ['ros']
[3.142s] Level 1:colcon.colcon_core.package_identification:_identify(src/aerostack2/as2_behaviors/as2_behaviors_motion) by extension 'ros'
[3.150s] DEBUG:colcon.colcon_core.package_identification:Package 'src/aerostack2/as2_behaviors/as2_behaviors_motion' with type 'ros.ament_cmake' and name 'as2_behaviors_motion'
[3.151s] Level 1:colcon.colcon_core.package_identification:_identify(src/aerostack2/as2_behaviors/as2_behaviors_path_planning) by extensions ['ignore', 'ignore_ament_install']
[3.151s] Level 1:colcon.colcon_core.package_identification:_identify(src/aerostack2/as2_behaviors/as2_behaviors_path_planning) by extension 'ignore'
[3.151s] Level 1:colcon.colcon_core.package_identification:_identify(src/aerostack2/as2_behaviors/as2_behaviors_path_planning) by extension 'ignore_ament_install'
[3.151s] Level 1:colcon.colcon_core.package_identification:_identify(src/aerostack2/as2_behaviors/as2_behaviors_path_planning) by extensions ['colcon_pkg']
[3.151s] Level 1:colcon.colcon_core.package_identification:_identify(src/aerostack2/as2_behaviors/as2_behaviors_path_planning) by extension 'colcon_pkg'
[3.151s] Level 1:colcon.colcon_core.package_identification:_identify(src/aerostack2/as2_behaviors/as2_behaviors_path_planning) by extensions ['colcon_meta']
[3.151s] Level 1:colcon.colcon_core.package_identification:_identify(src/aerostack2/as2_behaviors/as2_behaviors_path_planning) by extension 'colcon_meta'
[3.151s] Level 1:colcon.colcon_core.package_identification:_identify(src/aerostack2/as2_behaviors/as2_behaviors_path_planning) by extensions ['ros']
[3.151s] Level 1:colcon.colcon_core.package_identification:_identify(src/aerostack2/as2_behaviors/as2_behaviors_path_planning) by extension 'ros'
[3.158s] DEBUG:colcon.colcon_core.package_identification:Package 'src/aerostack2/as2_behaviors/as2_behaviors_path_planning' with type 'ros.ament_cmake' and name 'as2_behaviors_path_planning'
[3.158s] Level 1:colcon.colcon_core.package_identification:_identify(src/aerostack2/as2_behaviors/as2_behaviors_perception) by extensions ['ignore', 'ignore_ament_install']
[3.158s] Level 1:colcon.colcon_core.package_identification:_identify(src/aerostack2/as2_behaviors/as2_behaviors_perception) by extension 'ignore'
[3.158s] Level 1:colcon.colcon_core.package_identification:_identify(src/aerostack2/as2_behaviors/as2_behaviors_perception) by extension 'ignore_ament_install'
[3.158s] Level 1:colcon.colcon_core.package_identification:_identify(src/aerostack2/as2_behaviors/as2_behaviors_perception) by extensions ['colcon_pkg']
[3.158s] Level 1:colcon.colcon_core.package_identification:_identify(src/aerostack2/as2_behaviors/as2_behaviors_perception) by extension 'colcon_pkg'
[3.158s] Level 1:colcon.colcon_core.package_identification:_identify(src/aerostack2/as2_behaviors/as2_behaviors_perception) by extensions ['colcon_meta']
[3.158s] Level 1:colcon.colcon_core.package_identification:_identify(src/aerostack2/as2_behaviors/as2_behaviors_perception) by extension 'colcon_meta'
[3.159s] Level 1:colcon.colcon_core.package_identification:_identify(src/aerostack2/as2_behaviors/as2_behaviors_perception) by extensions ['ros']
[3.159s] Level 1:colcon.colcon_core.package_identification:_identify(src/aerostack2/as2_behaviors/as2_behaviors_perception) by extension 'ros'
[3.164s] DEBUG:colcon.colcon_core.package_identification:Package 'src/aerostack2/as2_behaviors/as2_behaviors_perception' with type 'ros.ament_cmake' and name 'as2_behaviors_perception'
[3.164s] Level 1:colcon.colcon_core.package_identification:_identify(src/aerostack2/as2_behaviors/as2_behaviors_platform) by extensions ['ignore', 'ignore_ament_install']
[3.169s] Level 1:colcon.colcon_core.package_identification:_identify(src/aerostack2/as2_behaviors/as2_behaviors_platform) by extension 'ignore'
[3.169s] Level 1:colcon.colcon_core.package_identification:_identify(src/aerostack2/as2_behaviors/as2_behaviors_platform) by extension 'ignore_ament_install'
[3.169s] Level 1:colcon.colcon_core.package_identification:_identify(src/aerostack2/as2_behaviors/as2_behaviors_platform) by extensions ['colcon_pkg']
[3.169s] Level 1:colcon.colcon_core.package_identification:_identify(src/aerostack2/as2_behaviors/as2_behaviors_platform) by extension 'colcon_pkg'
[3.170s] Level 1:colcon.colcon_core.package_identification:_identify(src/aerostack2/as2_behaviors/as2_behaviors_platform) by extensions ['colcon_meta']
[3.170s] Level 1:colcon.colcon_core.package_identification:_identify(src/aerostack2/as2_behaviors/as2_behaviors_platform) by extension 'colcon_meta'
[3.170s] Level 1:colcon.colcon_core.package_identification:_identify(src/aerostack2/as2_behaviors/as2_behaviors_platform) by extensions ['ros']
[3.170s] Level 1:colcon.colcon_core.package_identification:_identify(src/aerostack2/as2_behaviors/as2_behaviors_platform) by extension 'ros'
[3.172s] DEBUG:colcon.colcon_core.package_identification:Package 'src/aerostack2/as2_behaviors/as2_behaviors_platform' with type 'ros.ament_cmake' and name 'as2_behaviors_platform'
[3.177s] Level 1:colcon.colcon_core.package_identification:_identify(src/aerostack2/as2_behaviors/as2_behaviors_swarm_flocking) by extensions ['ignore', 'ignore_ament_install']
[3.177s] Level 1:colcon.colcon_core.package_identification:_identify(src/aerostack2/as2_behaviors/as2_behaviors_swarm_flocking) by extension 'ignore'
[3.177s] Level 1:colcon.colcon_core.package_identification:_identify(src/aerostack2/as2_behaviors/as2_behaviors_swarm_flocking) by extension 'ignore_ament_install'
[3.177s] Level 1:colcon.colcon_core.package_identification:_identify(src/aerostack2/as2_behaviors/as2_behaviors_swarm_flocking) by extensions ['colcon_pkg']
[3.177s] Level 1:colcon.colcon_core.package_identification:_identify(src/aerostack2/as2_behaviors/as2_behaviors_swarm_flocking) by extension 'colcon_pkg'
[3.178s] Level 1:colcon.colcon_core.package_identification:_identify(src/aerostack2/as2_behaviors/as2_behaviors_swarm_flocking) by extensions ['colcon_meta']
[3.178s] Level 1:colcon.colcon_core.package_identification:_identify(src/aerostack2/as2_behaviors/as2_behaviors_swarm_flocking) by extension 'colcon_meta'
[3.178s] Level 1:colcon.colcon_core.package_identification:_identify(src/aerostack2/as2_behaviors/as2_behaviors_swarm_flocking) by extensions ['ros']
[3.178s] Level 1:colcon.colcon_core.package_identification:_identify(src/aerostack2/as2_behaviors/as2_behaviors_swarm_flocking) by extension 'ros'
[3.193s] DEBUG:colcon.colcon_core.package_identification:Package 'src/aerostack2/as2_behaviors/as2_behaviors_swarm_flocking' with type 'ros.ament_cmake' and name 'as2_behaviors_swarm_flocking'
[3.193s] Level 1:colcon.colcon_core.package_identification:_identify(src/aerostack2/as2_behaviors/as2_behaviors_trajectory_generation) by extensions ['ignore', 'ignore_ament_install']
[3.193s] Level 1:colcon.colcon_core.package_identification:_identify(src/aerostack2/as2_behaviors/as2_behaviors_trajectory_generation) by extension 'ignore'
[3.194s] Level 1:colcon.colcon_core.package_identification:_identify(src/aerostack2/as2_behaviors/as2_behaviors_trajectory_generation) by extension 'ignore_ament_install'
[3.194s] Level 1:colcon.colcon_core.package_identification:_identify(src/aerostack2/as2_behaviors/as2_behaviors_trajectory_generation) by extensions ['colcon_pkg']
[3.194s] Level 1:colcon.colcon_core.package_identification:_identify(src/aerostack2/as2_behaviors/as2_behaviors_trajectory_generation) by extension 'colcon_pkg'
[3.194s] Level 1:colcon.colcon_core.package_identification:_identify(src/aerostack2/as2_behaviors/as2_behaviors_trajectory_generation) by extensions ['colcon_meta']
[3.194s] Level 1:colcon.colcon_core.package_identification:_identify(src/aerostack2/as2_behaviors/as2_behaviors_trajectory_generation) by extension 'colcon_meta'
[3.194s] Level 1:colcon.colcon_core.package_identification:_identify(src/aerostack2/as2_behaviors/as2_behaviors_trajectory_generation) by extensions ['ros']
[3.194s] Level 1:colcon.colcon_core.package_identification:_identify(src/aerostack2/as2_behaviors/as2_behaviors_trajectory_generation) by extension 'ros'
[3.211s] DEBUG:colcon.colcon_core.package_identification:Package 'src/aerostack2/as2_behaviors/as2_behaviors_trajectory_generation' with type 'ros.ament_cmake' and name 'as2_behaviors_trajectory_generation'
[3.212s] Level 1:colcon.colcon_core.package_identification:_identify(src/aerostack2/as2_cli) by extensions ['ignore', 'ignore_ament_install']
[3.213s] Level 1:colcon.colcon_core.package_identification:_identify(src/aerostack2/as2_cli) by extension 'ignore'
[3.213s] Level 1:colcon.colcon_core.package_identification:_identify(src/aerostack2/as2_cli) by extension 'ignore_ament_install'
[3.213s] Level 1:colcon.colcon_core.package_identification:_identify(src/aerostack2/as2_cli) by extensions ['colcon_pkg']
[3.215s] Level 1:colcon.colcon_core.package_identification:_identify(src/aerostack2/as2_cli) by extension 'colcon_pkg'
[3.216s] Level 1:colcon.colcon_core.package_identification:_identify(src/aerostack2/as2_cli) by extensions ['colcon_meta']
[3.216s] Level 1:colcon.colcon_core.package_identification:_identify(src/aerostack2/as2_cli) by extension 'colcon_meta'
[3.216s] Level 1:colcon.colcon_core.package_identification:_identify(src/aerostack2/as2_cli) by extensions ['ros']
[3.216s] Level 1:colcon.colcon_core.package_identification:_identify(src/aerostack2/as2_cli) by extension 'ros'
[3.217s] DEBUG:colcon.colcon_core.package_identification:Package 'src/aerostack2/as2_cli' with type 'ros.ament_cmake' and name 'as2_cli'
[3.221s] Level 1:colcon.colcon_core.package_identification:_identify(src/aerostack2/as2_core) by extensions ['ignore', 'ignore_ament_install']
[3.222s] Level 1:colcon.colcon_core.package_identification:_identify(src/aerostack2/as2_core) by extension 'ignore'
[3.222s] Level 1:colcon.colcon_core.package_identification:_identify(src/aerostack2/as2_core) by extension 'ignore_ament_install'
[3.222s] Level 1:colcon.colcon_core.package_identification:_identify(src/aerostack2/as2_core) by extensions ['colcon_pkg']
[3.225s] Level 1:colcon.colcon_core.package_identification:_identify(src/aerostack2/as2_core) by extension 'colcon_pkg'
[3.225s] Level 1:colcon.colcon_core.package_identification:_identify(src/aerostack2/as2_core) by extensions ['colcon_meta']
[3.225s] Level 1:colcon.colcon_core.package_identification:_identify(src/aerostack2/as2_core) by extension 'colcon_meta'
[3.225s] Level 1:colcon.colcon_core.package_identification:_identify(src/aerostack2/as2_core) by extensions ['ros']
[3.225s] Level 1:colcon.colcon_core.package_identification:_identify(src/aerostack2/as2_core) by extension 'ros'
[3.273s] DEBUG:colcon.colcon_core.package_identification:Package 'src/aerostack2/as2_core' with type 'ros.ament_cmake' and name 'as2_core'
[3.277s] Level 1:colcon.colcon_core.package_identification:_identify(src/aerostack2/as2_groundray_perception) by extensions ['ignore', 'ignore_ament_install']
[3.277s] Level 1:colcon.colcon_core.package_identification:_identify(src/aerostack2/as2_groundray_perception) by extension 'ignore'
[3.278s] Level 1:colcon.colcon_core.package_identification:_identify(src/aerostack2/as2_groundray_perception) by extension 'ignore_ament_install'
[3.278s] Level 1:colcon.colcon_core.package_identification:_identify(src/aerostack2/as2_groundray_perception) by extensions ['colcon_pkg']
[3.278s] Level 1:colcon.colcon_core.package_identification:_identify(src/aerostack2/as2_groundray_perception) by extension 'colcon_pkg'
[3.278s] Level 1:colcon.colcon_core.package_identification:_identify(src/aerostack2/as2_groundray_perception) by extensions ['colcon_meta']
[3.278s] Level 1:colcon.colcon_core.package_identification:_identify(src/aerostack2/as2_groundray_perception) by extension 'colcon_meta'
[3.278s] Level 1:colcon.colcon_core.package_identification:_identify(src/aerostack2/as2_groundray_perception) by extensions ['ros']
[3.279s] Level 1:colcon.colcon_core.package_identification:_identify(src/aerostack2/as2_groundray_perception) by extension 'ros'
[3.285s] DEBUG:colcon.colcon_core.package_identification:Package 'src/aerostack2/as2_groundray_perception' with type 'ros.ament_python' and name 'as2_groundray_perception'
[3.286s] Level 1:colcon.colcon_core.package_identification:_identify(src/aerostack2/as2_hardware_drivers) by extensions ['ignore', 'ignore_ament_install']
[3.287s] Level 1:colcon.colcon_core.package_identification:_identify(src/aerostack2/as2_hardware_drivers) by extension 'ignore'
[3.287s] Level 1:colcon.colcon_core.package_identification:_identify(src/aerostack2/as2_hardware_drivers) by extension 'ignore_ament_install'
[3.287s] Level 1:colcon.colcon_core.package_identification:_identify(src/aerostack2/as2_hardware_drivers) by extensions ['colcon_pkg']
[3.287s] Level 1:colcon.colcon_core.package_identification:_identify(src/aerostack2/as2_hardware_drivers) by extension 'colcon_pkg'
[3.287s] Level 1:colcon.colcon_core.package_identification:_identify(src/aerostack2/as2_hardware_drivers) by extensions ['colcon_meta']
[3.288s] Level 1:colcon.colcon_core.package_identification:_identify(src/aerostack2/as2_hardware_drivers) by extension 'colcon_meta'
[3.288s] Level 1:colcon.colcon_core.package_identification:_identify(src/aerostack2/as2_hardware_drivers) by extensions ['ros']
[3.288s] Level 1:colcon.colcon_core.package_identification:_identify(src/aerostack2/as2_hardware_drivers) by extension 'ros'
[3.288s] Level 1:colcon.colcon_core.package_identification:_identify(src/aerostack2/as2_hardware_drivers) by extensions ['cmake', 'python']
[3.288s] Level 1:colcon.colcon_core.package_identification:_identify(src/aerostack2/as2_hardware_drivers) by extension 'cmake'
[3.288s] Level 1:colcon.colcon_core.package_identification:_identify(src/aerostack2/as2_hardware_drivers) by extension 'python'
[3.289s] Level 1:colcon.colcon_core.package_identification:_identify(src/aerostack2/as2_hardware_drivers) by extensions ['python_setup_py']
[3.289s] Level 1:colcon.colcon_core.package_identification:_identify(src/aerostack2/as2_hardware_drivers) by extension 'python_setup_py'
[3.289s] Level 1:colcon.colcon_core.package_identification:_identify(src/aerostack2/as2_hardware_drivers/as2_realsense_interface) by extensions ['ignore', 'ignore_ament_install']
[3.289s] Level 1:colcon.colcon_core.package_identification:_identify(src/aerostack2/as2_hardware_drivers/as2_realsense_interface) by extension 'ignore'
[3.290s] Level 1:colcon.colcon_core.package_identification:_identify(src/aerostack2/as2_hardware_drivers/as2_realsense_interface) by extension 'ignore_ament_install'
[3.290s] Level 1:colcon.colcon_core.package_identification:_identify(src/aerostack2/as2_hardware_drivers/as2_realsense_interface) by extensions ['colcon_pkg']
[3.290s] Level 1:colcon.colcon_core.package_identification:_identify(src/aerostack2/as2_hardware_drivers/as2_realsense_interface) by extension 'colcon_pkg'
[3.290s] Level 1:colcon.colcon_core.package_identification:_identify(src/aerostack2/as2_hardware_drivers/as2_realsense_interface) by extensions ['colcon_meta']
[3.290s] Level 1:colcon.colcon_core.package_identification:_identify(src/aerostack2/as2_hardware_drivers/as2_realsense_interface) by extension 'colcon_meta'
[3.290s] Level 1:colcon.colcon_core.package_identification:_identify(src/aerostack2/as2_hardware_drivers/as2_realsense_interface) by extensions ['ros']
[3.290s] Level 1:colcon.colcon_core.package_identification:_identify(src/aerostack2/as2_hardware_drivers/as2_realsense_interface) by extension 'ros'
[3.299s] DEBUG:colcon.colcon_core.package_identification:Package 'src/aerostack2/as2_hardware_drivers/as2_realsense_interface' with type 'ros.ament_cmake' and name 'as2_realsense_interface'
[3.299s] Level 1:colcon.colcon_core.package_identification:_identify(src/aerostack2/as2_hardware_drivers/as2_usb_camera_interface) by extensions ['ignore', 'ignore_ament_install']
[3.300s] Level 1:colcon.colcon_core.package_identification:_identify(src/aerostack2/as2_hardware_drivers/as2_usb_camera_interface) by extension 'ignore'
[3.303s] Level 1:colcon.colcon_core.package_identification:_identify(src/aerostack2/as2_hardware_drivers/as2_usb_camera_interface) by extension 'ignore_ament_install'
[3.303s] Level 1:colcon.colcon_core.package_identification:_identify(src/aerostack2/as2_hardware_drivers/as2_usb_camera_interface) by extensions ['colcon_pkg']
[3.304s] Level 1:colcon.colcon_core.package_identification:_identify(src/aerostack2/as2_hardware_drivers/as2_usb_camera_interface) by extension 'colcon_pkg'
[3.304s] Level 1:colcon.colcon_core.package_identification:_identify(src/aerostack2/as2_hardware_drivers/as2_usb_camera_interface) by extensions ['colcon_meta']
[3.304s] Level 1:colcon.colcon_core.package_identification:_identify(src/aerostack2/as2_hardware_drivers/as2_usb_camera_interface) by extension 'colcon_meta'
[3.304s] Level 1:colcon.colcon_core.package_identification:_identify(src/aerostack2/as2_hardware_drivers/as2_usb_camera_interface) by extensions ['ros']
[3.304s] Level 1:colcon.colcon_core.package_identification:_identify(src/aerostack2/as2_hardware_drivers/as2_usb_camera_interface) by extension 'ros'
[3.310s] DEBUG:colcon.colcon_core.package_identification:Package 'src/aerostack2/as2_hardware_drivers/as2_usb_camera_interface' with type 'ros.ament_cmake' and name 'as2_usb_camera_interface'
[3.310s] Level 1:colcon.colcon_core.package_identification:_identify(src/aerostack2/as2_map_server) by extensions ['ignore', 'ignore_ament_install']
[3.310s] Level 1:colcon.colcon_core.package_identification:_identify(src/aerostack2/as2_map_server) by extension 'ignore'
[3.311s] Level 1:colcon.colcon_core.package_identification:_identify(src/aerostack2/as2_map_server) by extension 'ignore_ament_install'
[3.311s] Level 1:colcon.colcon_core.package_identification:_identify(src/aerostack2/as2_map_server) by extensions ['colcon_pkg']
[3.311s] Level 1:colcon.colcon_core.package_identification:_identify(src/aerostack2/as2_map_server) by extension 'colcon_pkg'
[3.311s] Level 1:colcon.colcon_core.package_identification:_identify(src/aerostack2/as2_map_server) by extensions ['colcon_meta']
[3.311s] Level 1:colcon.colcon_core.package_identification:_identify(src/aerostack2/as2_map_server) by extension 'colcon_meta'
[3.311s] Level 1:colcon.colcon_core.package_identification:_identify(src/aerostack2/as2_map_server) by extensions ['ros']
[3.311s] Level 1:colcon.colcon_core.package_identification:_identify(src/aerostack2/as2_map_server) by extension 'ros'
[3.313s] DEBUG:colcon.colcon_core.package_identification:Package 'src/aerostack2/as2_map_server' with type 'ros.ament_cmake' and name 'as2_map_server'
[3.318s] Level 1:colcon.colcon_core.package_identification:_identify(src/aerostack2/as2_motion_controller) by extensions ['ignore', 'ignore_ament_install']
[3.318s] Level 1:colcon.colcon_core.package_identification:_identify(src/aerostack2/as2_motion_controller) by extension 'ignore'
[3.319s] Level 1:colcon.colcon_core.package_identification:_identify(src/aerostack2/as2_motion_controller) by extension 'ignore_ament_install'
[3.319s] Level 1:colcon.colcon_core.package_identification:_identify(src/aerostack2/as2_motion_controller) by extensions ['colcon_pkg']
[3.319s] Level 1:colcon.colcon_core.package_identification:_identify(src/aerostack2/as2_motion_controller) by extension 'colcon_pkg'
[3.320s] Level 1:colcon.colcon_core.package_identification:_identify(src/aerostack2/as2_motion_controller) by extensions ['colcon_meta']
[3.320s] Level 1:colcon.colcon_core.package_identification:_identify(src/aerostack2/as2_motion_controller) by extension 'colcon_meta'
[3.320s] Level 1:colcon.colcon_core.package_identification:_identify(src/aerostack2/as2_motion_controller) by extensions ['ros']
[3.324s] Level 1:colcon.colcon_core.package_identification:_identify(src/aerostack2/as2_motion_controller) by extension 'ros'
[3.326s] DEBUG:colcon.colcon_core.package_identification:Package 'src/aerostack2/as2_motion_controller' with type 'ros.ament_cmake' and name 'as2_motion_controller'
[3.328s] Level 1:colcon.colcon_core.package_identification:_identify(src/aerostack2/as2_motion_reference_handlers) by extensions ['ignore', 'ignore_ament_install']
[3.329s] Level 1:colcon.colcon_core.package_identification:_identify(src/aerostack2/as2_motion_reference_handlers) by extension 'ignore'
[3.329s] Level 1:colcon.colcon_core.package_identification:_identify(src/aerostack2/as2_motion_reference_handlers) by extension 'ignore_ament_install'
[3.330s] Level 1:colcon.colcon_core.package_identification:_identify(src/aerostack2/as2_motion_reference_handlers) by extensions ['colcon_pkg']
[3.331s] Level 1:colcon.colcon_core.package_identification:_identify(src/aerostack2/as2_motion_reference_handlers) by extension 'colcon_pkg'
[3.331s] Level 1:colcon.colcon_core.package_identification:_identify(src/aerostack2/as2_motion_reference_handlers) by extensions ['colcon_meta']
[3.331s] Level 1:colcon.colcon_core.package_identification:_identify(src/aerostack2/as2_motion_reference_handlers) by extension 'colcon_meta'
[3.331s] Level 1:colcon.colcon_core.package_identification:_identify(src/aerostack2/as2_motion_reference_handlers) by extensions ['ros']
[3.332s] Level 1:colcon.colcon_core.package_identification:_identify(src/aerostack2/as2_motion_reference_handlers) by extension 'ros'
[3.333s] DEBUG:colcon.colcon_core.package_identification:Package 'src/aerostack2/as2_motion_reference_handlers' with type 'ros.ament_cmake' and name 'as2_motion_reference_handlers'
[3.336s] Level 1:colcon.colcon_core.package_identification:_identify(src/aerostack2/as2_msgs) by extensions ['ignore', 'ignore_ament_install']
[3.336s] Level 1:colcon.colcon_core.package_identification:_identify(src/aerostack2/as2_msgs) by extension 'ignore'
[3.336s] Level 1:colcon.colcon_core.package_identification:_identify(src/aerostack2/as2_msgs) by extension 'ignore_ament_install'
[3.336s] Level 1:colcon.colcon_core.package_identification:_identify(src/aerostack2/as2_msgs) by extensions ['colcon_pkg']
[3.336s] Level 1:colcon.colcon_core.package_identification:_identify(src/aerostack2/as2_msgs) by extension 'colcon_pkg'
[3.338s] Level 1:colcon.colcon_core.package_identification:_identify(src/aerostack2/as2_msgs) by extensions ['colcon_meta']
[3.338s] Level 1:colcon.colcon_core.package_identification:_identify(src/aerostack2/as2_msgs) by extension 'colcon_meta'
[3.338s] Level 1:colcon.colcon_core.package_identification:_identify(src/aerostack2/as2_msgs) by extensions ['ros']
[3.338s] Level 1:colcon.colcon_core.package_identification:_identify(src/aerostack2/as2_msgs) by extension 'ros'
[3.345s] DEBUG:colcon.colcon_core.package_identification:Package 'src/aerostack2/as2_msgs' with type 'ros.ament_cmake' and name 'as2_msgs'
[3.350s] Level 1:colcon.colcon_core.package_identification:_identify(src/aerostack2/as2_perception) by extensions ['ignore', 'ignore_ament_install']
[3.350s] Level 1:colcon.colcon_core.package_identification:_identify(src/aerostack2/as2_perception) by extension 'ignore'
[3.351s] Level 1:colcon.colcon_core.package_identification:_identify(src/aerostack2/as2_perception) by extension 'ignore_ament_install'
[3.351s] Level 1:colcon.colcon_core.package_identification:_identify(src/aerostack2/as2_perception) by extensions ['colcon_pkg']
[3.351s] Level 1:colcon.colcon_core.package_identification:_identify(src/aerostack2/as2_perception) by extension 'colcon_pkg'
[3.351s] Level 1:colcon.colcon_core.package_identification:_identify(src/aerostack2/as2_perception) by extensions ['colcon_meta']
[3.351s] Level 1:colcon.colcon_core.package_identification:_identify(src/aerostack2/as2_perception) by extension 'colcon_meta'
[3.352s] Level 1:colcon.colcon_core.package_identification:_identify(src/aerostack2/as2_perception) by extensions ['ros']
[3.352s] Level 1:colcon.colcon_core.package_identification:_identify(src/aerostack2/as2_perception) by extension 'ros'
[3.358s] DEBUG:colcon.colcon_core.package_identification:Package 'src/aerostack2/as2_perception' with type 'ros.ament_python' and name 'as2_perception'
[3.358s] Level 1:colcon.colcon_core.package_identification:_identify(src/aerostack2/as2_platform_gazebo) by extensions ['ignore', 'ignore_ament_install']
[3.359s] Level 1:colcon.colcon_core.package_identification:_identify(src/aerostack2/as2_platform_gazebo) by extension 'ignore'
[3.359s] Level 1:colcon.colcon_core.package_identification:_identify(src/aerostack2/as2_platform_gazebo) by extension 'ignore_ament_install'
[3.359s] Level 1:colcon.colcon_core.package_identification:_identify(src/aerostack2/as2_platform_gazebo) by extensions ['colcon_pkg']
[3.359s] Level 1:colcon.colcon_core.package_identification:_identify(src/aerostack2/as2_platform_gazebo) by extension 'colcon_pkg'
[3.359s] Level 1:colcon.colcon_core.package_identification:_identify(src/aerostack2/as2_platform_gazebo) by extensions ['colcon_meta']
[3.359s] Level 1:colcon.colcon_core.package_identification:_identify(src/aerostack2/as2_platform_gazebo) by extension 'colcon_meta'
[3.359s] Level 1:colcon.colcon_core.package_identification:_identify(src/aerostack2/as2_platform_gazebo) by extensions ['ros']
[3.359s] Level 1:colcon.colcon_core.package_identification:_identify(src/aerostack2/as2_platform_gazebo) by extension 'ros'
[3.360s] Level 1:colcon.colcon_core.package_identification:_identify(src/aerostack2/as2_platform_gazebo) by extensions ['cmake', 'python']
[3.360s] Level 1:colcon.colcon_core.package_identification:_identify(src/aerostack2/as2_platform_gazebo) by extension 'cmake'
[3.360s] Level 1:colcon.colcon_core.package_identification:_identify(src/aerostack2/as2_platform_gazebo) by extension 'python'
[3.360s] Level 1:colcon.colcon_core.package_identification:_identify(src/aerostack2/as2_platform_gazebo) by extensions ['python_setup_py']
[3.360s] Level 1:colcon.colcon_core.package_identification:_identify(src/aerostack2/as2_platform_gazebo) by extension 'python_setup_py'
[3.361s] Level 1:colcon.colcon_core.package_identification:_identify(src/aerostack2/as2_platform_gazebo/config) by extensions ['ignore', 'ignore_ament_install']
[3.361s] Level 1:colcon.colcon_core.package_identification:_identify(src/aerostack2/as2_platform_gazebo/config) by extension 'ignore'
[3.361s] Level 1:colcon.colcon_core.package_identification:_identify(src/aerostack2/as2_platform_gazebo/config) by extension 'ignore_ament_install'
[3.361s] Level 1:colcon.colcon_core.package_identification:_identify(src/aerostack2/as2_platform_gazebo/config) by extensions ['colcon_pkg']
[3.361s] Level 1:colcon.colcon_core.package_identification:_identify(src/aerostack2/as2_platform_gazebo/config) by extension 'colcon_pkg'
[3.361s] Level 1:colcon.colcon_core.package_identification:_identify(src/aerostack2/as2_platform_gazebo/config) by extensions ['colcon_meta']
[3.361s] Level 1:colcon.colcon_core.package_identification:_identify(src/aerostack2/as2_platform_gazebo/config) by extension 'colcon_meta'
[3.362s] Level 1:colcon.colcon_core.package_identification:_identify(src/aerostack2/as2_platform_gazebo/config) by extensions ['ros']
[3.365s] Level 1:colcon.colcon_core.package_identification:_identify(src/aerostack2/as2_platform_gazebo/config) by extension 'ros'
[3.365s] Level 1:colcon.colcon_core.package_identification:_identify(src/aerostack2/as2_platform_gazebo/config) by extensions ['cmake', 'python']
[3.365s] Level 1:colcon.colcon_core.package_identification:_identify(src/aerostack2/as2_platform_gazebo/config) by extension 'cmake'
[3.366s] Level 1:colcon.colcon_core.package_identification:_identify(src/aerostack2/as2_platform_gazebo/config) by extension 'python'
[3.366s] Level 1:colcon.colcon_core.package_identification:_identify(src/aerostack2/as2_platform_gazebo/config) by extensions ['python_setup_py']
[3.366s] Level 1:colcon.colcon_core.package_identification:_identify(src/aerostack2/as2_platform_gazebo/config) by extension 'python_setup_py'
[3.366s] Level 1:colcon.colcon_core.package_identification:_identify(src/aerostack2/as2_project_bringup) by extensions ['ignore', 'ignore_ament_install']
[3.368s] Level 1:colcon.colcon_core.package_identification:_identify(src/aerostack2/as2_project_bringup) by extension 'ignore'
[3.368s] Level 1:colcon.colcon_core.package_identification:_identify(src/aerostack2/as2_project_bringup) by extension 'ignore_ament_install'
[3.369s] Level 1:colcon.colcon_core.package_identification:_identify(src/aerostack2/as2_project_bringup) by extensions ['colcon_pkg']
[3.369s] Level 1:colcon.colcon_core.package_identification:_identify(src/aerostack2/as2_project_bringup) by extension 'colcon_pkg'
[3.369s] Level 1:colcon.colcon_core.package_identification:_identify(src/aerostack2/as2_project_bringup) by extensions ['colcon_meta']
[3.369s] Level 1:colcon.colcon_core.package_identification:_identify(src/aerostack2/as2_project_bringup) by extension 'colcon_meta'
[3.369s] Level 1:colcon.colcon_core.package_identification:_identify(src/aerostack2/as2_project_bringup) by extensions ['ros']
[3.371s] Level 1:colcon.colcon_core.package_identification:_identify(src/aerostack2/as2_project_bringup) by extension 'ros'
[3.372s] DEBUG:colcon.colcon_core.package_identification:Package 'src/aerostack2/as2_project_bringup' with type 'ros.ament_python' and name 'as2_project_bringup'
[3.373s] Level 1:colcon.colcon_core.package_identification:_identify(src/aerostack2/as2_python_api) by extensions ['ignore', 'ignore_ament_install']
[3.373s] Level 1:colcon.colcon_core.package_identification:_identify(src/aerostack2/as2_python_api) by extension 'ignore'
[3.373s] Level 1:colcon.colcon_core.package_identification:_identify(src/aerostack2/as2_python_api) by extension 'ignore_ament_install'
[3.374s] Level 1:colcon.colcon_core.package_identification:_identify(src/aerostack2/as2_python_api) by extensions ['colcon_pkg']
[3.374s] Level 1:colcon.colcon_core.package_identification:_identify(src/aerostack2/as2_python_api) by extension 'colcon_pkg'
[3.377s] Level 1:colcon.colcon_core.package_identification:_identify(src/aerostack2/as2_python_api) by extensions ['colcon_meta']
[3.377s] Level 1:colcon.colcon_core.package_identification:_identify(src/aerostack2/as2_python_api) by extension 'colcon_meta'
[3.377s] Level 1:colcon.colcon_core.package_identification:_identify(src/aerostack2/as2_python_api) by extensions ['ros']
[3.377s] Level 1:colcon.colcon_core.package_identification:_identify(src/aerostack2/as2_python_api) by extension 'ros'
[3.379s] DEBUG:colcon.colcon_core.package_identification:Package 'src/aerostack2/as2_python_api' with type 'ros.ament_python' and name 'as2_python_api'
[3.384s] Level 1:colcon.colcon_core.package_identification:_identify(src/aerostack2/as2_simulation_assets) by extensions ['ignore', 'ignore_ament_install']
[3.384s] Level 1:colcon.colcon_core.package_identification:_identify(src/aerostack2/as2_simulation_assets) by extension 'ignore'
[3.385s] Level 1:colcon.colcon_core.package_identification:_identify(src/aerostack2/as2_simulation_assets) by extension 'ignore_ament_install'
[3.385s] Level 1:colcon.colcon_core.package_identification:_identify(src/aerostack2/as2_simulation_assets) by extensions ['colcon_pkg']
[3.385s] Level 1:colcon.colcon_core.package_identification:_identify(src/aerostack2/as2_simulation_assets) by extension 'colcon_pkg'
[3.385s] Level 1:colcon.colcon_core.package_identification:_identify(src/aerostack2/as2_simulation_assets) by extensions ['colcon_meta']
[3.385s] Level 1:colcon.colcon_core.package_identification:_identify(src/aerostack2/as2_simulation_assets) by extension 'colcon_meta'
[3.385s] Level 1:colcon.colcon_core.package_identification:_identify(src/aerostack2/as2_simulation_assets) by extensions ['ros']
[3.385s] Level 1:colcon.colcon_core.package_identification:_identify(src/aerostack2/as2_simulation_assets) by extension 'ros'
[3.386s] Level 1:colcon.colcon_core.package_identification:_identify(src/aerostack2/as2_simulation_assets) by extensions ['cmake', 'python']
[3.386s] Level 1:colcon.colcon_core.package_identification:_identify(src/aerostack2/as2_simulation_assets) by extension 'cmake'
[3.386s] Level 1:colcon.colcon_core.package_identification:_identify(src/aerostack2/as2_simulation_assets) by extension 'python'
[3.387s] Level 1:colcon.colcon_core.package_identification:_identify(src/aerostack2/as2_simulation_assets) by extensions ['python_setup_py']
[3.389s] Level 1:colcon.colcon_core.package_identification:_identify(src/aerostack2/as2_simulation_assets) by extension 'python_setup_py'
[3.389s] Level 1:colcon.colcon_core.package_identification:_identify(src/aerostack2/as2_simulation_assets/as2_gazebo_assets) by extensions ['ignore', 'ignore_ament_install']
[3.390s] Level 1:colcon.colcon_core.package_identification:_identify(src/aerostack2/as2_simulation_assets/as2_gazebo_assets) by extension 'ignore'
[3.390s] Level 1:colcon.colcon_core.package_identification:_identify(src/aerostack2/as2_simulation_assets/as2_gazebo_assets) by extension 'ignore_ament_install'
[3.390s] Level 1:colcon.colcon_core.package_identification:_identify(src/aerostack2/as2_simulation_assets/as2_gazebo_assets) by extensions ['colcon_pkg']
[3.390s] Level 1:colcon.colcon_core.package_identification:_identify(src/aerostack2/as2_simulation_assets/as2_gazebo_assets) by extension 'colcon_pkg'
[3.390s] Level 1:colcon.colcon_core.package_identification:_identify(src/aerostack2/as2_simulation_assets/as2_gazebo_assets) by extensions ['colcon_meta']
[3.391s] Level 1:colcon.colcon_core.package_identification:_identify(src/aerostack2/as2_simulation_assets/as2_gazebo_assets) by extension 'colcon_meta'
[3.391s] Level 1:colcon.colcon_core.package_identification:_identify(src/aerostack2/as2_simulation_assets/as2_gazebo_assets) by extensions ['ros']
[3.391s] Level 1:colcon.colcon_core.package_identification:_identify(src/aerostack2/as2_simulation_assets/as2_gazebo_assets) by extension 'ros'
[3.399s] DEBUG:colcon.colcon_core.package_identification:Package 'src/aerostack2/as2_simulation_assets/as2_gazebo_assets' with type 'ros.ament_cmake' and name 'as2_gazebo_assets'
[3.401s] Level 1:colcon.colcon_core.package_identification:_identify(src/aerostack2/as2_state_estimator) by extensions ['ignore', 'ignore_ament_install']
[3.402s] Level 1:colcon.colcon_core.package_identification:_identify(src/aerostack2/as2_state_estimator) by extension 'ignore'
[3.402s] Level 1:colcon.colcon_core.package_identification:_identify(src/aerostack2/as2_state_estimator) by extension 'ignore_ament_install'
[3.404s] Level 1:colcon.colcon_core.package_identification:_identify(src/aerostack2/as2_state_estimator) by extensions ['colcon_pkg']
[3.404s] Level 1:colcon.colcon_core.package_identification:_identify(src/aerostack2/as2_state_estimator) by extension 'colcon_pkg'
[3.404s] Level 1:colcon.colcon_core.package_identification:_identify(src/aerostack2/as2_state_estimator) by extensions ['colcon_meta']
[3.404s] Level 1:colcon.colcon_core.package_identification:_identify(src/aerostack2/as2_state_estimator) by extension 'colcon_meta'
[3.405s] Level 1:colcon.colcon_core.package_identification:_identify(src/aerostack2/as2_state_estimator) by extensions ['ros']
[3.405s] Level 1:colcon.colcon_core.package_identification:_identify(src/aerostack2/as2_state_estimator) by extension 'ros'
[3.407s] DEBUG:colcon.colcon_core.package_identification:Package 'src/aerostack2/as2_state_estimator' with type 'ros.ament_cmake' and name 'as2_state_estimator'
[3.411s] Level 1:colcon.colcon_core.package_identification:_identify(src/aerostack2/as2_swarm_ci_fusion_people) by extensions ['ignore', 'ignore_ament_install']
[3.411s] Level 1:colcon.colcon_core.package_identification:_identify(src/aerostack2/as2_swarm_ci_fusion_people) by extension 'ignore'
[3.415s] Level 1:colcon.colcon_core.package_identification:_identify(src/aerostack2/as2_swarm_ci_fusion_people) by extension 'ignore_ament_install'
[3.415s] Level 1:colcon.colcon_core.package_identification:_identify(src/aerostack2/as2_swarm_ci_fusion_people) by extensions ['colcon_pkg']
[3.416s] Level 1:colcon.colcon_core.package_identification:_identify(src/aerostack2/as2_swarm_ci_fusion_people) by extension 'colcon_pkg'
[3.416s] Level 1:colcon.colcon_core.package_identification:_identify(src/aerostack2/as2_swarm_ci_fusion_people) by extensions ['colcon_meta']
[3.416s] Level 1:colcon.colcon_core.package_identification:_identify(src/aerostack2/as2_swarm_ci_fusion_people) by extension 'colcon_meta'
[3.416s] Level 1:colcon.colcon_core.package_identification:_identify(src/aerostack2/as2_swarm_ci_fusion_people) by extensions ['ros']
[3.417s] Level 1:colcon.colcon_core.package_identification:_identify(src/aerostack2/as2_swarm_ci_fusion_people) by extension 'ros'
[3.418s] DEBUG:colcon.colcon_core.package_identification:Package 'src/aerostack2/as2_swarm_ci_fusion_people' with type 'ros.ament_python' and name 'as2_swarm_ci_fusion_people'
[3.419s] Level 1:colcon.colcon_core.package_identification:_identify(src/aerostack2/as2_swarm_ekf) by extensions ['ignore', 'ignore_ament_install']
[3.420s] Level 1:colcon.colcon_core.package_identification:_identify(src/aerostack2/as2_swarm_ekf) by extension 'ignore'
[3.422s] Level 1:colcon.colcon_core.package_identification:_identify(src/aerostack2/as2_swarm_ekf) by extension 'ignore_ament_install'
[3.422s] Level 1:colcon.colcon_core.package_identification:_identify(src/aerostack2/as2_swarm_ekf) by extensions ['colcon_pkg']
[3.422s] Level 1:colcon.colcon_core.package_identification:_identify(src/aerostack2/as2_swarm_ekf) by extension 'colcon_pkg'
[3.423s] Level 1:colcon.colcon_core.package_identification:_identify(src/aerostack2/as2_swarm_ekf) by extensions ['colcon_meta']
[3.423s] Level 1:colcon.colcon_core.package_identification:_identify(src/aerostack2/as2_swarm_ekf) by extension 'colcon_meta'
[3.423s] Level 1:colcon.colcon_core.package_identification:_identify(src/aerostack2/as2_swarm_ekf) by extensions ['ros']
[3.423s] Level 1:colcon.colcon_core.package_identification:_identify(src/aerostack2/as2_swarm_ekf) by extension 'ros'
[3.426s] DEBUG:colcon.colcon_core.package_identification:Package 'src/aerostack2/as2_swarm_ekf' with type 'ros.ament_python' and name 'as2_swarm_ekf'
[3.426s] Level 1:colcon.colcon_core.package_identification:_identify(src/aerostack2/as2_swarm_fusion_ci) by extensions ['ignore', 'ignore_ament_install']
[3.427s] Level 1:colcon.colcon_core.package_identification:_identify(src/aerostack2/as2_swarm_fusion_ci) by extension 'ignore'
[3.427s] Level 1:colcon.colcon_core.package_identification:_identify(src/aerostack2/as2_swarm_fusion_ci) by extension 'ignore_ament_install'
[3.427s] Level 1:colcon.colcon_core.package_identification:_identify(src/aerostack2/as2_swarm_fusion_ci) by extensions ['colcon_pkg']
[3.427s] Level 1:colcon.colcon_core.package_identification:_identify(src/aerostack2/as2_swarm_fusion_ci) by extension 'colcon_pkg'
[3.427s] Level 1:colcon.colcon_core.package_identification:_identify(src/aerostack2/as2_swarm_fusion_ci) by extensions ['colcon_meta']
[3.428s] Level 1:colcon.colcon_core.package_identification:_identify(src/aerostack2/as2_swarm_fusion_ci) by extension 'colcon_meta'
[3.428s] Level 1:colcon.colcon_core.package_identification:_identify(src/aerostack2/as2_swarm_fusion_ci) by extensions ['ros']
[3.430s] Level 1:colcon.colcon_core.package_identification:_identify(src/aerostack2/as2_swarm_fusion_ci) by extension 'ros'
[3.432s] DEBUG:colcon.colcon_core.package_identification:Package 'src/aerostack2/as2_swarm_fusion_ci' with type 'ros.ament_python' and name 'as2_swarm_fusion_ci'
[3.433s] Level 1:colcon.colcon_core.package_identification:_identify(src/aerostack2/as2_swarm_perception) by extensions ['ignore', 'ignore_ament_install']
[3.433s] Level 1:colcon.colcon_core.package_identification:_identify(src/aerostack2/as2_swarm_perception) by extension 'ignore'
[3.434s] Level 1:colcon.colcon_core.package_identification:_identify(src/aerostack2/as2_swarm_perception) by extension 'ignore_ament_install'
[3.434s] Level 1:colcon.colcon_core.package_identification:_identify(src/aerostack2/as2_swarm_perception) by extensions ['colcon_pkg']
[3.434s] Level 1:colcon.colcon_core.package_identification:_identify(src/aerostack2/as2_swarm_perception) by extension 'colcon_pkg'
[3.434s] Level 1:colcon.colcon_core.package_identification:_identify(src/aerostack2/as2_swarm_perception) by extensions ['colcon_meta']
[3.434s] Level 1:colcon.colcon_core.package_identification:_identify(src/aerostack2/as2_swarm_perception) by extension 'colcon_meta'
[3.435s] Level 1:colcon.colcon_core.package_identification:_identify(src/aerostack2/as2_swarm_perception) by extensions ['ros']
[3.436s] Level 1:colcon.colcon_core.package_identification:_identify(src/aerostack2/as2_swarm_perception) by extension 'ros'
[3.443s] DEBUG:colcon.colcon_core.package_identification:Package 'src/aerostack2/as2_swarm_perception' with type 'ros.ament_python' and name 'as2_swarm_perception'
[3.443s] Level 1:colcon.colcon_core.package_identification:_identify(src/aerostack2/as2_swarm_person_interfaces) by extensions ['ignore', 'ignore_ament_install']
[3.443s] Level 1:colcon.colcon_core.package_identification:_identify(src/aerostack2/as2_swarm_person_interfaces) by extension 'ignore'
[3.443s] Level 1:colcon.colcon_core.package_identification:_identify(src/aerostack2/as2_swarm_person_interfaces) by extension 'ignore_ament_install'
[3.444s] Level 1:colcon.colcon_core.package_identification:_identify(src/aerostack2/as2_swarm_person_interfaces) by extensions ['colcon_pkg']
[3.444s] Level 1:colcon.colcon_core.package_identification:_identify(src/aerostack2/as2_swarm_person_interfaces) by extension 'colcon_pkg'
[3.444s] Level 1:colcon.colcon_core.package_identification:_identify(src/aerostack2/as2_swarm_person_interfaces) by extensions ['colcon_meta']
[3.444s] Level 1:colcon.colcon_core.package_identification:_identify(src/aerostack2/as2_swarm_person_interfaces) by extension 'colcon_meta'
[3.444s] Level 1:colcon.colcon_core.package_identification:_identify(src/aerostack2/as2_swarm_person_interfaces) by extensions ['ros']
[3.444s] Level 1:colcon.colcon_core.package_identification:_identify(src/aerostack2/as2_swarm_person_interfaces) by extension 'ros'
[3.449s] DEBUG:colcon.colcon_core.package_identification:Package 'src/aerostack2/as2_swarm_person_interfaces' with type 'ros.ament_cmake' and name 'as2_swarm_person_interfaces'
[3.449s] Level 1:colcon.colcon_core.package_identification:_identify(src/aerostack2/as2_swarm_person_tracking) by extensions ['ignore', 'ignore_ament_install']
[3.450s] Level 1:colcon.colcon_core.package_identification:_identify(src/aerostack2/as2_swarm_person_tracking) by extension 'ignore'
[3.450s] Level 1:colcon.colcon_core.package_identification:_identify(src/aerostack2/as2_swarm_person_tracking) by extension 'ignore_ament_install'
[3.450s] Level 1:colcon.colcon_core.package_identification:_identify(src/aerostack2/as2_swarm_person_tracking) by extensions ['colcon_pkg']
[3.450s] Level 1:colcon.colcon_core.package_identification:_identify(src/aerostack2/as2_swarm_person_tracking) by extension 'colcon_pkg'
[3.452s] Level 1:colcon.colcon_core.package_identification:_identify(src/aerostack2/as2_swarm_person_tracking) by extensions ['colcon_meta']
[3.452s] Level 1:colcon.colcon_core.package_identification:_identify(src/aerostack2/as2_swarm_person_tracking) by extension 'colcon_meta'
[3.452s] Level 1:colcon.colcon_core.package_identification:_identify(src/aerostack2/as2_swarm_person_tracking) by extensions ['ros']
[3.452s] Level 1:colcon.colcon_core.package_identification:_identify(src/aerostack2/as2_swarm_person_tracking) by extension 'ros'
[3.461s] DEBUG:colcon.colcon_core.package_identification:Package 'src/aerostack2/as2_swarm_person_tracking' with type 'ros.ament_python' and name 'as2_swarm_person_tracking'
[3.462s] Level 1:colcon.colcon_core.package_identification:_identify(src/aerostack2/as2_user_interfaces) by extensions ['ignore', 'ignore_ament_install']
[3.464s] Level 1:colcon.colcon_core.package_identification:_identify(src/aerostack2/as2_user_interfaces) by extension 'ignore'
[3.466s] Level 1:colcon.colcon_core.package_identification:_identify(src/aerostack2/as2_user_interfaces) by extension 'ignore_ament_install'
[3.466s] Level 1:colcon.colcon_core.package_identification:_identify(src/aerostack2/as2_user_interfaces) by extensions ['colcon_pkg']
[3.467s] Level 1:colcon.colcon_core.package_identification:_identify(src/aerostack2/as2_user_interfaces) by extension 'colcon_pkg'
[3.467s] Level 1:colcon.colcon_core.package_identification:_identify(src/aerostack2/as2_user_interfaces) by extensions ['colcon_meta']
[3.467s] Level 1:colcon.colcon_core.package_identification:_identify(src/aerostack2/as2_user_interfaces) by extension 'colcon_meta'
[3.467s] Level 1:colcon.colcon_core.package_identification:_identify(src/aerostack2/as2_user_interfaces) by extensions ['ros']
[3.467s] Level 1:colcon.colcon_core.package_identification:_identify(src/aerostack2/as2_user_interfaces) by extension 'ros'
[3.467s] Level 1:colcon.colcon_core.package_identification:_identify(src/aerostack2/as2_user_interfaces) by extensions ['cmake', 'python']
[3.467s] Level 1:colcon.colcon_core.package_identification:_identify(src/aerostack2/as2_user_interfaces) by extension 'cmake'
[3.468s] Level 1:colcon.colcon_core.package_identification:_identify(src/aerostack2/as2_user_interfaces) by extension 'python'
[3.468s] Level 1:colcon.colcon_core.package_identification:_identify(src/aerostack2/as2_user_interfaces) by extensions ['python_setup_py']
[3.468s] Level 1:colcon.colcon_core.package_identification:_identify(src/aerostack2/as2_user_interfaces) by extension 'python_setup_py'
[3.468s] Level 1:colcon.colcon_core.package_identification:_identify(src/aerostack2/as2_user_interfaces/as2_alphanumeric_viewer) by extensions ['ignore', 'ignore_ament_install']
[3.468s] Level 1:colcon.colcon_core.package_identification:_identify(src/aerostack2/as2_user_interfaces/as2_alphanumeric_viewer) by extension 'ignore'
[3.471s] Level 1:colcon.colcon_core.package_identification:_identify(src/aerostack2/as2_user_interfaces/as2_alphanumeric_viewer) by extension 'ignore_ament_install'
[3.471s] Level 1:colcon.colcon_core.package_identification:_identify(src/aerostack2/as2_user_interfaces/as2_alphanumeric_viewer) by extensions ['colcon_pkg']
[3.472s] Level 1:colcon.colcon_core.package_identification:_identify(src/aerostack2/as2_user_interfaces/as2_alphanumeric_viewer) by extension 'colcon_pkg'
[3.472s] Level 1:colcon.colcon_core.package_identification:_identify(src/aerostack2/as2_user_interfaces/as2_alphanumeric_viewer) by extensions ['colcon_meta']
[3.472s] Level 1:colcon.colcon_core.package_identification:_identify(src/aerostack2/as2_user_interfaces/as2_alphanumeric_viewer) by extension 'colcon_meta'
[3.472s] Level 1:colcon.colcon_core.package_identification:_identify(src/aerostack2/as2_user_interfaces/as2_alphanumeric_viewer) by extensions ['ros']
[3.472s] Level 1:colcon.colcon_core.package_identification:_identify(src/aerostack2/as2_user_interfaces/as2_alphanumeric_viewer) by extension 'ros'
[3.479s] DEBUG:colcon.colcon_core.package_identification:Package 'src/aerostack2/as2_user_interfaces/as2_alphanumeric_viewer' with type 'ros.ament_cmake' and name 'as2_alphanumeric_viewer'
[3.480s] Level 1:colcon.colcon_core.package_identification:_identify(src/aerostack2/as2_user_interfaces/as2_keyboard_teleoperation) by extensions ['ignore', 'ignore_ament_install']
[3.480s] Level 1:colcon.colcon_core.package_identification:_identify(src/aerostack2/as2_user_interfaces/as2_keyboard_teleoperation) by extension 'ignore'
[3.480s] Level 1:colcon.colcon_core.package_identification:_identify(src/aerostack2/as2_user_interfaces/as2_keyboard_teleoperation) by extension 'ignore_ament_install'
[3.480s] Level 1:colcon.colcon_core.package_identification:_identify(src/aerostack2/as2_user_interfaces/as2_keyboard_teleoperation) by extensions ['colcon_pkg']
[3.481s] Level 1:colcon.colcon_core.package_identification:_identify(src/aerostack2/as2_user_interfaces/as2_keyboard_teleoperation) by extension 'colcon_pkg'
[3.481s] Level 1:colcon.colcon_core.package_identification:_identify(src/aerostack2/as2_user_interfaces/as2_keyboard_teleoperation) by extensions ['colcon_meta']
[3.481s] Level 1:colcon.colcon_core.package_identification:_identify(src/aerostack2/as2_user_interfaces/as2_keyboard_teleoperation) by extension 'colcon_meta'
[3.481s] Level 1:colcon.colcon_core.package_identification:_identify(src/aerostack2/as2_user_interfaces/as2_keyboard_teleoperation) by extensions ['ros']
[3.481s] Level 1:colcon.colcon_core.package_identification:_identify(src/aerostack2/as2_user_interfaces/as2_keyboard_teleoperation) by extension 'ros'
[3.482s] DEBUG:colcon.colcon_core.package_identification:Package 'src/aerostack2/as2_user_interfaces/as2_keyboard_teleoperation' with type 'ros.ament_python' and name 'as2_keyboard_teleoperation'
[3.483s] Level 1:colcon.colcon_core.package_identification:_identify(src/aerostack2/as2_user_interfaces/as2_visualization) by extensions ['ignore', 'ignore_ament_install']
[3.483s] Level 1:colcon.colcon_core.package_identification:_identify(src/aerostack2/as2_user_interfaces/as2_visualization) by extension 'ignore'
[3.484s] Level 1:colcon.colcon_core.package_identification:_identify(src/aerostack2/as2_user_interfaces/as2_visualization) by extension 'ignore_ament_install'
[3.486s] Level 1:colcon.colcon_core.package_identification:_identify(src/aerostack2/as2_user_interfaces/as2_visualization) by extensions ['colcon_pkg']
[3.493s] Level 1:colcon.colcon_core.package_identification:_identify(src/aerostack2/as2_user_interfaces/as2_visualization) by extension 'colcon_pkg'
[3.493s] Level 1:colcon.colcon_core.package_identification:_identify(src/aerostack2/as2_user_interfaces/as2_visualization) by extensions ['colcon_meta']
[3.493s] Level 1:colcon.colcon_core.package_identification:_identify(src/aerostack2/as2_user_interfaces/as2_visualization) by extension 'colcon_meta'
[3.494s] Level 1:colcon.colcon_core.package_identification:_identify(src/aerostack2/as2_user_interfaces/as2_visualization) by extensions ['ros']
[3.494s] Level 1:colcon.colcon_core.package_identification:_identify(src/aerostack2/as2_user_interfaces/as2_visualization) by extension 'ros'
[3.494s] Level 1:colcon.colcon_core.package_identification:_identify(src/aerostack2/as2_user_interfaces/as2_visualization) by extensions ['cmake', 'python']
[3.494s] Level 1:colcon.colcon_core.package_identification:_identify(src/aerostack2/as2_user_interfaces/as2_visualization) by extension 'cmake'
[3.494s] Level 1:colcon.colcon_core.package_identification:_identify(src/aerostack2/as2_user_interfaces/as2_visualization) by extension 'python'
[3.494s] Level 1:colcon.colcon_core.package_identification:_identify(src/aerostack2/as2_user_interfaces/as2_visualization) by extensions ['python_setup_py']
[3.494s] Level 1:colcon.colcon_core.package_identification:_identify(src/aerostack2/as2_user_interfaces/as2_visualization) by extension 'python_setup_py'
[3.495s] Level 1:colcon.colcon_core.package_identification:_identify(src/aerostack2/as2_user_interfaces/as2_visualization/as2_rviz_plugins) by extensions ['ignore', 'ignore_ament_install']
[3.495s] Level 1:colcon.colcon_core.package_identification:_identify(src/aerostack2/as2_user_interfaces/as2_visualization/as2_rviz_plugins) by extension 'ignore'
[3.496s] Level 1:colcon.colcon_core.package_identification:_identify(src/aerostack2/as2_user_interfaces/as2_visualization/as2_rviz_plugins) by extension 'ignore_ament_install'
[3.496s] Level 1:colcon.colcon_core.package_identification:_identify(src/aerostack2/as2_user_interfaces/as2_visualization/as2_rviz_plugins) by extensions ['colcon_pkg']
[3.496s] Level 1:colcon.colcon_core.package_identification:_identify(src/aerostack2/as2_user_interfaces/as2_visualization/as2_rviz_plugins) by extension 'colcon_pkg'
[3.497s] Level 1:colcon.colcon_core.package_identification:_identify(src/aerostack2/as2_user_interfaces/as2_visualization/as2_rviz_plugins) by extensions ['colcon_meta']
[3.497s] Level 1:colcon.colcon_core.package_identification:_identify(src/aerostack2/as2_user_interfaces/as2_visualization/as2_rviz_plugins) by extension 'colcon_meta'
[3.500s] Level 1:colcon.colcon_core.package_identification:_identify(src/aerostack2/as2_user_interfaces/as2_visualization/as2_rviz_plugins) by extensions ['ros']
[3.501s] Level 1:colcon.colcon_core.package_identification:_identify(src/aerostack2/as2_user_interfaces/as2_visualization/as2_rviz_plugins) by extension 'ros'
[3.509s] DEBUG:colcon.colcon_core.package_identification:Package 'src/aerostack2/as2_user_interfaces/as2_visualization/as2_rviz_plugins' with type 'ros.ament_cmake' and name 'as2_rviz_plugins'
[3.510s] Level 1:colcon.colcon_core.package_identification:_identify(src/aerostack2/as2_user_interfaces/as2_visualization/as2_visualization) by extensions ['ignore', 'ignore_ament_install']
[3.510s] Level 1:colcon.colcon_core.package_identification:_identify(src/aerostack2/as2_user_interfaces/as2_visualization/as2_visualization) by extension 'ignore'
[3.510s] Level 1:colcon.colcon_core.package_identification:_identify(src/aerostack2/as2_user_interfaces/as2_visualization/as2_visualization) by extension 'ignore_ament_install'
[3.511s] Level 1:colcon.colcon_core.package_identification:_identify(src/aerostack2/as2_user_interfaces/as2_visualization/as2_visualization) by extensions ['colcon_pkg']
[3.511s] Level 1:colcon.colcon_core.package_identification:_identify(src/aerostack2/as2_user_interfaces/as2_visualization/as2_visualization) by extension 'colcon_pkg'
[3.511s] Level 1:colcon.colcon_core.package_identification:_identify(src/aerostack2/as2_user_interfaces/as2_visualization/as2_visualization) by extensions ['colcon_meta']
[3.511s] Level 1:colcon.colcon_core.package_identification:_identify(src/aerostack2/as2_user_interfaces/as2_visualization/as2_visualization) by extension 'colcon_meta'
[3.512s] Level 1:colcon.colcon_core.package_identification:_identify(src/aerostack2/as2_user_interfaces/as2_visualization/as2_visualization) by extensions ['ros']
[3.512s] Level 1:colcon.colcon_core.package_identification:_identify(src/aerostack2/as2_user_interfaces/as2_visualization/as2_visualization) by extension 'ros'
[3.518s] DEBUG:colcon.colcon_core.package_identification:Package 'src/aerostack2/as2_user_interfaces/as2_visualization/as2_visualization' with type 'ros.ament_python' and name 'as2_visualization'
[3.520s] Level 1:colcon.colcon_core.package_identification:_identify(src/aerostack2/as2_utilities) by extensions ['ignore', 'ignore_ament_install']
[3.520s] Level 1:colcon.colcon_core.package_identification:_identify(src/aerostack2/as2_utilities) by extension 'ignore'
[3.520s] Level 1:colcon.colcon_core.package_identification:_identify(src/aerostack2/as2_utilities) by extension 'ignore_ament_install'
[3.521s] Level 1:colcon.colcon_core.package_identification:_identify(src/aerostack2/as2_utilities) by extensions ['colcon_pkg']
[3.522s] Level 1:colcon.colcon_core.package_identification:_identify(src/aerostack2/as2_utilities) by extension 'colcon_pkg'
[3.522s] Level 1:colcon.colcon_core.package_identification:_identify(src/aerostack2/as2_utilities) by extensions ['colcon_meta']
[3.523s] Level 1:colcon.colcon_core.package_identification:_identify(src/aerostack2/as2_utilities) by extension 'colcon_meta'
[3.523s] Level 1:colcon.colcon_core.package_identification:_identify(src/aerostack2/as2_utilities) by extensions ['ros']
[3.523s] Level 1:colcon.colcon_core.package_identification:_identify(src/aerostack2/as2_utilities) by extension 'ros'
[3.524s] Level 1:colcon.colcon_core.package_identification:_identify(src/aerostack2/as2_utilities) by extensions ['cmake', 'python']
[3.524s] Level 1:colcon.colcon_core.package_identification:_identify(src/aerostack2/as2_utilities) by extension 'cmake'
[3.524s] Level 1:colcon.colcon_core.package_identification:_identify(src/aerostack2/as2_utilities) by extension 'python'
[3.525s] Level 1:colcon.colcon_core.package_identification:_identify(src/aerostack2/as2_utilities) by extensions ['python_setup_py']
[3.525s] Level 1:colcon.colcon_core.package_identification:_identify(src/aerostack2/as2_utilities) by extension 'python_setup_py'
[3.526s] Level 1:colcon.colcon_core.package_identification:_identify(src/aerostack2/as2_utilities/as2_external_object_to_tf) by extensions ['ignore', 'ignore_ament_install']
[3.528s] Level 1:colcon.colcon_core.package_identification:_identify(src/aerostack2/as2_utilities/as2_external_object_to_tf) by extension 'ignore'
[3.528s] Level 1:colcon.colcon_core.package_identification:_identify(src/aerostack2/as2_utilities/as2_external_object_to_tf) by extension 'ignore_ament_install'
[3.532s] Level 1:colcon.colcon_core.package_identification:_identify(src/aerostack2/as2_utilities/as2_external_object_to_tf) by extensions ['colcon_pkg']
[3.532s] Level 1:colcon.colcon_core.package_identification:_identify(src/aerostack2/as2_utilities/as2_external_object_to_tf) by extension 'colcon_pkg'
[3.532s] Level 1:colcon.colcon_core.package_identification:_identify(src/aerostack2/as2_utilities/as2_external_object_to_tf) by extensions ['colcon_meta']
[3.533s] Level 1:colcon.colcon_core.package_identification:_identify(src/aerostack2/as2_utilities/as2_external_object_to_tf) by extension 'colcon_meta'
[3.533s] Level 1:colcon.colcon_core.package_identification:_identify(src/aerostack2/as2_utilities/as2_external_object_to_tf) by extensions ['ros']
[3.533s] Level 1:colcon.colcon_core.package_identification:_identify(src/aerostack2/as2_utilities/as2_external_object_to_tf) by extension 'ros'
[3.538s] DEBUG:colcon.colcon_core.package_identification:Package 'src/aerostack2/as2_utilities/as2_external_object_to_tf' with type 'ros.ament_cmake' and name 'as2_external_object_to_tf'
[3.539s] Level 1:colcon.colcon_core.package_identification:_identify(src/aerostack2/as2_utilities/as2_geozones) by extensions ['ignore', 'ignore_ament_install']
[3.542s] Level 1:colcon.colcon_core.package_identification:_identify(src/aerostack2/as2_utilities/as2_geozones) by extension 'ignore'
[3.542s] Level 1:colcon.colcon_core.package_identification:_identify(src/aerostack2/as2_utilities/as2_geozones) by extension 'ignore_ament_install'
[3.543s] Level 1:colcon.colcon_core.package_identification:_identify(src/aerostack2/as2_utilities/as2_geozones) by extensions ['colcon_pkg']
[3.543s] Level 1:colcon.colcon_core.package_identification:_identify(src/aerostack2/as2_utilities/as2_geozones) by extension 'colcon_pkg'
[3.543s] Level 1:colcon.colcon_core.package_identification:_identify(src/aerostack2/as2_utilities/as2_geozones) by extensions ['colcon_meta']
[3.543s] Level 1:colcon.colcon_core.package_identification:_identify(src/aerostack2/as2_utilities/as2_geozones) by extension 'colcon_meta'
[3.544s] Level 1:colcon.colcon_core.package_identification:_identify(src/aerostack2/as2_utilities/as2_geozones) by extensions ['ros']
[3.544s] Level 1:colcon.colcon_core.package_identification:_identify(src/aerostack2/as2_utilities/as2_geozones) by extension 'ros'
[3.549s] DEBUG:colcon.colcon_core.package_identification:Package 'src/aerostack2/as2_utilities/as2_geozones' with type 'ros.ament_cmake' and name 'as2_geozones'
[3.549s] Level 1:colcon.colcon_core.package_identification:_identify(src/aerostack2/build) by extensions ['ignore', 'ignore_ament_install']
[3.550s] Level 1:colcon.colcon_core.package_identification:_identify(src/aerostack2/build) by extension 'ignore'
[3.554s] Level 1:colcon.colcon_core.package_identification:_identify(src/aerostack2/build) ignored
[3.554s] Level 1:colcon.colcon_core.package_identification:_identify(src/aerostack2/docker) by extensions ['ignore', 'ignore_ament_install']
[3.555s] Level 1:colcon.colcon_core.package_identification:_identify(src/aerostack2/docker) by extension 'ignore'
[3.555s] Level 1:colcon.colcon_core.package_identification:_identify(src/aerostack2/docker) by extension 'ignore_ament_install'
[3.555s] Level 1:colcon.colcon_core.package_identification:_identify(src/aerostack2/docker) by extensions ['colcon_pkg']
[3.555s] Level 1:colcon.colcon_core.package_identification:_identify(src/aerostack2/docker) by extension 'colcon_pkg'
[3.555s] Level 1:colcon.colcon_core.package_identification:_identify(src/aerostack2/docker) by extensions ['colcon_meta']
[3.555s] Level 1:colcon.colcon_core.package_identification:_identify(src/aerostack2/docker) by extension 'colcon_meta'
[3.555s] Level 1:colcon.colcon_core.package_identification:_identify(src/aerostack2/docker) by extensions ['ros']
[3.556s] Level 1:colcon.colcon_core.package_identification:_identify(src/aerostack2/docker) by extension 'ros'
[3.556s] Level 1:colcon.colcon_core.package_identification:_identify(src/aerostack2/docker) by extensions ['cmake', 'python']
[3.556s] Level 1:colcon.colcon_core.package_identification:_identify(src/aerostack2/docker) by extension 'cmake'
[3.556s] Level 1:colcon.colcon_core.package_identification:_identify(src/aerostack2/docker) by extension 'python'
[3.556s] Level 1:colcon.colcon_core.package_identification:_identify(src/aerostack2/docker) by extensions ['python_setup_py']
[3.556s] Level 1:colcon.colcon_core.package_identification:_identify(src/aerostack2/docker) by extension 'python_setup_py'
[3.557s] Level 1:colcon.colcon_core.package_identification:_identify(src/aerostack2/docker/galactic) by extensions ['ignore', 'ignore_ament_install']
[3.557s] Level 1:colcon.colcon_core.package_identification:_identify(src/aerostack2/docker/galactic) by extension 'ignore'
[3.557s] Level 1:colcon.colcon_core.package_identification:_identify(src/aerostack2/docker/galactic) by extension 'ignore_ament_install'
[3.557s] Level 1:colcon.colcon_core.package_identification:_identify(src/aerostack2/docker/galactic) by extensions ['colcon_pkg']
[3.557s] Level 1:colcon.colcon_core.package_identification:_identify(src/aerostack2/docker/galactic) by extension 'colcon_pkg'
[3.558s] Level 1:colcon.colcon_core.package_identification:_identify(src/aerostack2/docker/galactic) by extensions ['colcon_meta']
[3.561s] Level 1:colcon.colcon_core.package_identification:_identify(src/aerostack2/docker/galactic) by extension 'colcon_meta'
[3.561s] Level 1:colcon.colcon_core.package_identification:_identify(src/aerostack2/docker/galactic) by extensions ['ros']
[3.561s] Level 1:colcon.colcon_core.package_identification:_identify(src/aerostack2/docker/galactic) by extension 'ros'
[3.562s] Level 1:colcon.colcon_core.package_identification:_identify(src/aerostack2/docker/galactic) by extensions ['cmake', 'python']
[3.562s] Level 1:colcon.colcon_core.package_identification:_identify(src/aerostack2/docker/galactic) by extension 'cmake'
[3.562s] Level 1:colcon.colcon_core.package_identification:_identify(src/aerostack2/docker/galactic) by extension 'python'
[3.562s] Level 1:colcon.colcon_core.package_identification:_identify(src/aerostack2/docker/galactic) by extensions ['python_setup_py']
[3.562s] Level 1:colcon.colcon_core.package_identification:_identify(src/aerostack2/docker/galactic) by extension 'python_setup_py'
[3.562s] Level 1:colcon.colcon_core.package_identification:_identify(src/aerostack2/docker/humble) by extensions ['ignore', 'ignore_ament_install']
[3.563s] Level 1:colcon.colcon_core.package_identification:_identify(src/aerostack2/docker/humble) by extension 'ignore'
[3.563s] Level 1:colcon.colcon_core.package_identification:_identify(src/aerostack2/docker/humble) by extension 'ignore_ament_install'
[3.563s] Level 1:colcon.colcon_core.package_identification:_identify(src/aerostack2/docker/humble) by extensions ['colcon_pkg']
[3.563s] Level 1:colcon.colcon_core.package_identification:_identify(src/aerostack2/docker/humble) by extension 'colcon_pkg'
[3.563s] Level 1:colcon.colcon_core.package_identification:_identify(src/aerostack2/docker/humble) by extensions ['colcon_meta']
[3.563s] Level 1:colcon.colcon_core.package_identification:_identify(src/aerostack2/docker/humble) by extension 'colcon_meta'
[3.564s] Level 1:colcon.colcon_core.package_identification:_identify(src/aerostack2/docker/humble) by extensions ['ros']
[3.564s] Level 1:colcon.colcon_core.package_identification:_identify(src/aerostack2/docker/humble) by extension 'ros'
[3.564s] Level 1:colcon.colcon_core.package_identification:_identify(src/aerostack2/docker/humble) by extensions ['cmake', 'python']
[3.564s] Level 1:colcon.colcon_core.package_identification:_identify(src/aerostack2/docker/humble) by extension 'cmake'
[3.568s] Level 1:colcon.colcon_core.package_identification:_identify(src/aerostack2/docker/humble) by extension 'python'
[3.568s] Level 1:colcon.colcon_core.package_identification:_identify(src/aerostack2/docker/humble) by extensions ['python_setup_py']
[3.568s] Level 1:colcon.colcon_core.package_identification:_identify(src/aerostack2/docker/humble) by extension 'python_setup_py'
[3.569s] Level 1:colcon.colcon_core.package_identification:_identify(src/aerostack2/docker/humble_gzharmonic) by extensions ['ignore', 'ignore_ament_install']
[3.569s] Level 1:colcon.colcon_core.package_identification:_identify(src/aerostack2/docker/humble_gzharmonic) by extension 'ignore'
[3.569s] Level 1:colcon.colcon_core.package_identification:_identify(src/aerostack2/docker/humble_gzharmonic) by extension 'ignore_ament_install'
[3.569s] Level 1:colcon.colcon_core.package_identification:_identify(src/aerostack2/docker/humble_gzharmonic) by extensions ['colcon_pkg']
[3.570s] Level 1:colcon.colcon_core.package_identification:_identify(src/aerostack2/docker/humble_gzharmonic) by extension 'colcon_pkg'
[3.570s] Level 1:colcon.colcon_core.package_identification:_identify(src/aerostack2/docker/humble_gzharmonic) by extensions ['colcon_meta']
[3.570s] Level 1:colcon.colcon_core.package_identification:_identify(src/aerostack2/docker/humble_gzharmonic) by extension 'colcon_meta'
[3.570s] Level 1:colcon.colcon_core.package_identification:_identify(src/aerostack2/docker/humble_gzharmonic) by extensions ['ros']
[3.570s] Level 1:colcon.colcon_core.package_identification:_identify(src/aerostack2/docker/humble_gzharmonic) by extension 'ros'
[3.571s] Level 1:colcon.colcon_core.package_identification:_identify(src/aerostack2/docker/humble_gzharmonic) by extensions ['cmake', 'python']
[3.572s] Level 1:colcon.colcon_core.package_identification:_identify(src/aerostack2/docker/humble_gzharmonic) by extension 'cmake'
[3.572s] Level 1:colcon.colcon_core.package_identification:_identify(src/aerostack2/docker/humble_gzharmonic) by extension 'python'
[3.572s] Level 1:colcon.colcon_core.package_identification:_identify(src/aerostack2/docker/humble_gzharmonic) by extensions ['python_setup_py']
[3.572s] Level 1:colcon.colcon_core.package_identification:_identify(src/aerostack2/docker/humble_gzharmonic) by extension 'python_setup_py'
[3.573s] Level 1:colcon.colcon_core.package_identification:_identify(src/aerostack2/docker/humble_vnc) by extensions ['ignore', 'ignore_ament_install']
[3.573s] Level 1:colcon.colcon_core.package_identification:_identify(src/aerostack2/docker/humble_vnc) by extension 'ignore'
[3.573s] Level 1:colcon.colcon_core.package_identification:_identify(src/aerostack2/docker/humble_vnc) by extension 'ignore_ament_install'
[3.575s] Level 1:colcon.colcon_core.package_identification:_identify(src/aerostack2/docker/humble_vnc) by extensions ['colcon_pkg']
[3.576s] Level 1:colcon.colcon_core.package_identification:_identify(src/aerostack2/docker/humble_vnc) by extension 'colcon_pkg'
[3.576s] Level 1:colcon.colcon_core.package_identification:_identify(src/aerostack2/docker/humble_vnc) by extensions ['colcon_meta']
[3.576s] Level 1:colcon.colcon_core.package_identification:_identify(src/aerostack2/docker/humble_vnc) by extension 'colcon_meta'
[3.576s] Level 1:colcon.colcon_core.package_identification:_identify(src/aerostack2/docker/humble_vnc) by extensions ['ros']
[3.576s] Level 1:colcon.colcon_core.package_identification:_identify(src/aerostack2/docker/humble_vnc) by extension 'ros'
[3.576s] Level 1:colcon.colcon_core.package_identification:_identify(src/aerostack2/docker/humble_vnc) by extensions ['cmake', 'python']
[3.576s] Level 1:colcon.colcon_core.package_identification:_identify(src/aerostack2/docker/humble_vnc) by extension 'cmake'
[3.577s] Level 1:colcon.colcon_core.package_identification:_identify(src/aerostack2/docker/humble_vnc) by extension 'python'
[3.577s] Level 1:colcon.colcon_core.package_identification:_identify(src/aerostack2/docker/humble_vnc) by extensions ['python_setup_py']
[3.577s] Level 1:colcon.colcon_core.package_identification:_identify(src/aerostack2/docker/humble_vnc) by extension 'python_setup_py'
[3.577s] Level 1:colcon.colcon_core.package_identification:_identify(src/aerostack2/install) by extensions ['ignore', 'ignore_ament_install']
[3.577s] Level 1:colcon.colcon_core.package_identification:_identify(src/aerostack2/install) by extension 'ignore'
[3.581s] Level 1:colcon.colcon_core.package_identification:_identify(src/aerostack2/install) ignored
[3.581s] Level 1:colcon.colcon_core.package_identification:_identify(src/aerostack2/log) by extensions ['ignore', 'ignore_ament_install']
[3.581s] Level 1:colcon.colcon_core.package_identification:_identify(src/aerostack2/log) by extension 'ignore'
[3.582s] Level 1:colcon.colcon_core.package_identification:_identify(src/aerostack2/log) ignored
[3.583s] Level 1:colcon.colcon_core.package_identification:_identify(src/aerostack2/rosbags) by extensions ['ignore', 'ignore_ament_install']
[3.583s] Level 1:colcon.colcon_core.package_identification:_identify(src/aerostack2/rosbags) by extension 'ignore'
[3.584s] Level 1:colcon.colcon_core.package_identification:_identify(src/aerostack2/rosbags) by extension 'ignore_ament_install'
[3.584s] Level 1:colcon.colcon_core.package_identification:_identify(src/aerostack2/rosbags) by extensions ['colcon_pkg']
[3.584s] Level 1:colcon.colcon_core.package_identification:_identify(src/aerostack2/rosbags) by extension 'colcon_pkg'
[3.584s] Level 1:colcon.colcon_core.package_identification:_identify(src/aerostack2/rosbags) by extensions ['colcon_meta']
[3.585s] Level 1:colcon.colcon_core.package_identification:_identify(src/aerostack2/rosbags) by extension 'colcon_meta'
[3.585s] Level 1:colcon.colcon_core.package_identification:_identify(src/aerostack2/rosbags) by extensions ['ros']
[3.585s] Level 1:colcon.colcon_core.package_identification:_identify(src/aerostack2/rosbags) by extension 'ros'
[3.586s] Level 1:colcon.colcon_core.package_identification:_identify(src/aerostack2/rosbags) by extensions ['cmake', 'python']
[3.591s] Level 1:colcon.colcon_core.package_identification:_identify(src/aerostack2/rosbags) by extension 'cmake'
[3.592s] Level 1:colcon.colcon_core.package_identification:_identify(src/aerostack2/rosbags) by extension 'python'
[3.592s] Level 1:colcon.colcon_core.package_identification:_identify(src/aerostack2/rosbags) by extensions ['python_setup_py']
[3.592s] Level 1:colcon.colcon_core.package_identification:_identify(src/aerostack2/rosbags) by extension 'python_setup_py'
[3.592s] Level 1:colcon.colcon_core.package_identification:_identify(src/aerostack2/rosbags/ci_eval) by extensions ['ignore', 'ignore_ament_install']
[3.593s] Level 1:colcon.colcon_core.package_identification:_identify(src/aerostack2/rosbags/ci_eval) by extension 'ignore'
[3.593s] Level 1:colcon.colcon_core.package_identification:_identify(src/aerostack2/rosbags/ci_eval) by extension 'ignore_ament_install'
[3.593s] Level 1:colcon.colcon_core.package_identification:_identify(src/aerostack2/rosbags/ci_eval) by extensions ['colcon_pkg']
[3.593s] Level 1:colcon.colcon_core.package_identification:_identify(src/aerostack2/rosbags/ci_eval) by extension 'colcon_pkg'
[3.593s] Level 1:colcon.colcon_core.package_identification:_identify(src/aerostack2/rosbags/ci_eval) by extensions ['colcon_meta']
[3.593s] Level 1:colcon.colcon_core.package_identification:_identify(src/aerostack2/rosbags/ci_eval) by extension 'colcon_meta'
[3.593s] Level 1:colcon.colcon_core.package_identification:_identify(src/aerostack2/rosbags/ci_eval) by extensions ['ros']
[3.594s] Level 1:colcon.colcon_core.package_identification:_identify(src/aerostack2/rosbags/ci_eval) by extension 'ros'
[3.594s] Level 1:colcon.colcon_core.package_identification:_identify(src/aerostack2/rosbags/ci_eval) by extensions ['cmake', 'python']
[3.594s] Level 1:colcon.colcon_core.package_identification:_identify(src/aerostack2/rosbags/ci_eval) by extension 'cmake'
[3.594s] Level 1:colcon.colcon_core.package_identification:_identify(src/aerostack2/rosbags/ci_eval) by extension 'python'
[3.594s] Level 1:colcon.colcon_core.package_identification:_identify(src/aerostack2/rosbags/ci_eval) by extensions ['python_setup_py']
[3.594s] Level 1:colcon.colcon_core.package_identification:_identify(src/aerostack2/rosbags/ci_eval) by extension 'python_setup_py'
[3.594s] Level 1:colcon.colcon_core.package_discovery:discover_packages(recursive) using defaults
[3.595s] Level 1:colcon.colcon_core.package_discovery:discover_packages(ignore) discover
[3.595s] Level 1:colcon.colcon_core.package_discovery:discover_packages(ignore) using defaults
[3.601s] Level 1:colcon.colcon_core.package_discovery:discover_packages(path) discover
[3.602s] Level 1:colcon.colcon_core.package_discovery:discover_packages(path) using defaults
[3.828s] INFO:colcon.colcon_metadata.metadata.colcon_pkg:Updating descriptor of package 'src/aerostack2/as2_python_api' from colcon.pkg: {'hooks': ['share/as2_python_api/hooks/resource_paths.sh']}
[3.932s] Level 5:colcon.colcon_core.verb:set package 'as2_cli' build argument 'cmake_args' from command line to 'None'
[3.932s] Level 5:colcon.colcon_core.verb:set package 'as2_cli' build argument 'cmake_target' from command line to 'None'
[3.932s] Level 5:colcon.colcon_core.verb:set package 'as2_cli' build argument 'cmake_target_skip_unavailable' from command line to 'False'
[3.945s] Level 5:colcon.colcon_core.verb:set package 'as2_cli' build argument 'cmake_clean_cache' from command line to 'False'
[3.945s] Level 5:colcon.colcon_core.verb:set package 'as2_cli' build argument 'cmake_clean_first' from command line to 'False'
[3.945s] Level 5:colcon.colcon_core.verb:set package 'as2_cli' build argument 'cmake_force_configure' from command line to 'False'
[3.945s] Level 5:colcon.colcon_core.verb:set package 'as2_cli' build argument 'ament_cmake_args' from command line to 'None'
[3.945s] Level 5:colcon.colcon_core.verb:set package 'as2_cli' build argument 'catkin_cmake_args' from command line to 'None'
[3.945s] Level 5:colcon.colcon_core.verb:set package 'as2_cli' build argument 'catkin_skip_building_tests' from command line to 'False'
[3.945s] DEBUG:colcon.colcon_core.verb:Building package 'as2_cli' with the following arguments: {'ament_cmake_args': None, 'build_base': '/root/aerostack2_ws/build/as2_cli', 'catkin_cmake_args': None, 'catkin_skip_building_tests': False, 'cmake_args': None, 'cmake_clean_cache': False, 'cmake_clean_first': False, 'cmake_force_configure': False, 'cmake_target': None, 'cmake_target_skip_unavailable': False, 'install_base': '/root/aerostack2_ws/install/as2_cli', 'merge_install': False, 'path': '/root/aerostack2_ws/src/aerostack2/as2_cli', 'symlink_install': False, 'test_result_base': None}
[3.946s] Level 5:colcon.colcon_core.verb:set package 'as2_groundray_perception' build argument 'cmake_args' from command line to 'None'
[3.946s] Level 5:colcon.colcon_core.verb:set package 'as2_groundray_perception' build argument 'cmake_target' from command line to 'None'
[3.946s] Level 5:colcon.colcon_core.verb:set package 'as2_groundray_perception' build argument 'cmake_target_skip_unavailable' from command line to 'False'
[3.946s] Level 5:colcon.colcon_core.verb:set package 'as2_groundray_perception' build argument 'cmake_clean_cache' from command line to 'False'
[3.946s] Level 5:colcon.colcon_core.verb:set package 'as2_groundray_perception' build argument 'cmake_clean_first' from command line to 'False'
[3.946s] Level 5:colcon.colcon_core.verb:set package 'as2_groundray_perception' build argument 'cmake_force_configure' from command line to 'False'
[3.946s] Level 5:colcon.colcon_core.verb:set package 'as2_groundray_perception' build argument 'ament_cmake_args' from command line to 'None'
[3.946s] Level 5:colcon.colcon_core.verb:set package 'as2_groundray_perception' build argument 'catkin_cmake_args' from command line to 'None'
[3.946s] Level 5:colcon.colcon_core.verb:set package 'as2_groundray_perception' build argument 'catkin_skip_building_tests' from command line to 'False'
[3.946s] DEBUG:colcon.colcon_core.verb:Building package 'as2_groundray_perception' with the following arguments: {'ament_cmake_args': None, 'build_base': '/root/aerostack2_ws/build/as2_groundray_perception', 'catkin_cmake_args': None, 'catkin_skip_building_tests': False, 'cmake_args': None, 'cmake_clean_cache': False, 'cmake_clean_first': False, 'cmake_force_configure': False, 'cmake_target': None, 'cmake_target_skip_unavailable': False, 'install_base': '/root/aerostack2_ws/install/as2_groundray_perception', 'merge_install': False, 'path': '/root/aerostack2_ws/src/aerostack2/as2_groundray_perception', 'symlink_install': False, 'test_result_base': None}
[3.946s] Level 5:colcon.colcon_core.verb:set package 'as2_msgs' build argument 'cmake_args' from command line to 'None'
[3.946s] Level 5:colcon.colcon_core.verb:set package 'as2_msgs' build argument 'cmake_target' from command line to 'None'
[3.946s] Level 5:colcon.colcon_core.verb:set package 'as2_msgs' build argument 'cmake_target_skip_unavailable' from command line to 'False'
[3.947s] Level 5:colcon.colcon_core.verb:set package 'as2_msgs' build argument 'cmake_clean_cache' from command line to 'False'
[3.947s] Level 5:colcon.colcon_core.verb:set package 'as2_msgs' build argument 'cmake_clean_first' from command line to 'False'
[3.947s] Level 5:colcon.colcon_core.verb:set package 'as2_msgs' build argument 'cmake_force_configure' from command line to 'False'
[3.947s] Level 5:colcon.colcon_core.verb:set package 'as2_msgs' build argument 'ament_cmake_args' from command line to 'None'
[3.947s] Level 5:colcon.colcon_core.verb:set package 'as2_msgs' build argument 'catkin_cmake_args' from command line to 'None'
[3.947s] Level 5:colcon.colcon_core.verb:set package 'as2_msgs' build argument 'catkin_skip_building_tests' from command line to 'False'
[3.947s] DEBUG:colcon.colcon_core.verb:Building package 'as2_msgs' with the following arguments: {'ament_cmake_args': None, 'build_base': '/root/aerostack2_ws/build/as2_msgs', 'catkin_cmake_args': None, 'catkin_skip_building_tests': False, 'cmake_args': None, 'cmake_clean_cache': False, 'cmake_clean_first': False, 'cmake_force_configure': False, 'cmake_target': None, 'cmake_target_skip_unavailable': False, 'install_base': '/root/aerostack2_ws/install/as2_msgs', 'merge_install': False, 'path': '/root/aerostack2_ws/src/aerostack2/as2_msgs', 'symlink_install': False, 'test_result_base': None}
[3.947s] Level 5:colcon.colcon_core.verb:set package 'as2_perception' build argument 'cmake_args' from command line to 'None'
[3.947s] Level 5:colcon.colcon_core.verb:set package 'as2_perception' build argument 'cmake_target' from command line to 'None'
[3.947s] Level 5:colcon.colcon_core.verb:set package 'as2_perception' build argument 'cmake_target_skip_unavailable' from command line to 'False'
[3.947s] Level 5:colcon.colcon_core.verb:set package 'as2_perception' build argument 'cmake_clean_cache' from command line to 'False'
[3.947s] Level 5:colcon.colcon_core.verb:set package 'as2_perception' build argument 'cmake_clean_first' from command line to 'False'
[3.947s] Level 5:colcon.colcon_core.verb:set package 'as2_perception' build argument 'cmake_force_configure' from command line to 'False'
[3.947s] Level 5:colcon.colcon_core.verb:set package 'as2_perception' build argument 'ament_cmake_args' from command line to 'None'
[3.947s] Level 5:colcon.colcon_core.verb:set package 'as2_perception' build argument 'catkin_cmake_args' from command line to 'None'
[3.947s] Level 5:colcon.colcon_core.verb:set package 'as2_perception' build argument 'catkin_skip_building_tests' from command line to 'False'
[3.947s] DEBUG:colcon.colcon_core.verb:Building package 'as2_perception' with the following arguments: {'ament_cmake_args': None, 'build_base': '/root/aerostack2_ws/build/as2_perception', 'catkin_cmake_args': None, 'catkin_skip_building_tests': False, 'cmake_args': None, 'cmake_clean_cache': False, 'cmake_clean_first': False, 'cmake_force_configure': False, 'cmake_target': None, 'cmake_target_skip_unavailable': False, 'install_base': '/root/aerostack2_ws/install/as2_perception', 'merge_install': False, 'path': '/root/aerostack2_ws/src/aerostack2/as2_perception', 'symlink_install': False, 'test_result_base': None}
[3.948s] Level 5:colcon.colcon_core.verb:set package 'as2_project_bringup' build argument 'cmake_args' from command line to 'None'
[3.948s] Level 5:colcon.colcon_core.verb:set package 'as2_project_bringup' build argument 'cmake_target' from command line to 'None'
[3.948s] Level 5:colcon.colcon_core.verb:set package 'as2_project_bringup' build argument 'cmake_target_skip_unavailable' from command line to 'False'
[3.948s] Level 5:colcon.colcon_core.verb:set package 'as2_project_bringup' build argument 'cmake_clean_cache' from command line to 'False'
[3.948s] Level 5:colcon.colcon_core.verb:set package 'as2_project_bringup' build argument 'cmake_clean_first' from command line to 'False'
[3.948s] Level 5:colcon.colcon_core.verb:set package 'as2_project_bringup' build argument 'cmake_force_configure' from command line to 'False'
[3.948s] Level 5:colcon.colcon_core.verb:set package 'as2_project_bringup' build argument 'ament_cmake_args' from command line to 'None'
[3.948s] Level 5:colcon.colcon_core.verb:set package 'as2_project_bringup' build argument 'catkin_cmake_args' from command line to 'None'
[3.948s] Level 5:colcon.colcon_core.verb:set package 'as2_project_bringup' build argument 'catkin_skip_building_tests' from command line to 'False'
[3.948s] DEBUG:colcon.colcon_core.verb:Building package 'as2_project_bringup' with the following arguments: {'ament_cmake_args': None, 'build_base': '/root/aerostack2_ws/build/as2_project_bringup', 'catkin_cmake_args': None, 'catkin_skip_building_tests': False, 'cmake_args': None, 'cmake_clean_cache': False, 'cmake_clean_first': False, 'cmake_force_configure': False, 'cmake_target': None, 'cmake_target_skip_unavailable': False, 'install_base': '/root/aerostack2_ws/install/as2_project_bringup', 'merge_install': False, 'path': '/root/aerostack2_ws/src/aerostack2/as2_project_bringup', 'symlink_install': False, 'test_result_base': None}
[3.955s] Level 5:colcon.colcon_core.verb:set package 'as2_swarm_ekf' build argument 'cmake_args' from command line to 'None'
[3.955s] Level 5:colcon.colcon_core.verb:set package 'as2_swarm_ekf' build argument 'cmake_target' from command line to 'None'
[3.955s] Level 5:colcon.colcon_core.verb:set package 'as2_swarm_ekf' build argument 'cmake_target_skip_unavailable' from command line to 'False'
[3.956s] Level 5:colcon.colcon_core.verb:set package 'as2_swarm_ekf' build argument 'cmake_clean_cache' from command line to 'False'
[3.956s] Level 5:colcon.colcon_core.verb:set package 'as2_swarm_ekf' build argument 'cmake_clean_first' from command line to 'False'
[3.956s] Level 5:colcon.colcon_core.verb:set package 'as2_swarm_ekf' build argument 'cmake_force_configure' from command line to 'False'
[3.956s] Level 5:colcon.colcon_core.verb:set package 'as2_swarm_ekf' build argument 'ament_cmake_args' from command line to 'None'
[3.956s] Level 5:colcon.colcon_core.verb:set package 'as2_swarm_ekf' build argument 'catkin_cmake_args' from command line to 'None'
[3.956s] Level 5:colcon.colcon_core.verb:set package 'as2_swarm_ekf' build argument 'catkin_skip_building_tests' from command line to 'False'
[3.956s] DEBUG:colcon.colcon_core.verb:Building package 'as2_swarm_ekf' with the following arguments: {'ament_cmake_args': None, 'build_base': '/root/aerostack2_ws/build/as2_swarm_ekf', 'catkin_cmake_args': None, 'catkin_skip_building_tests': False, 'cmake_args': None, 'cmake_clean_cache': False, 'cmake_clean_first': False, 'cmake_force_configure': False, 'cmake_target': None, 'cmake_target_skip_unavailable': False, 'install_base': '/root/aerostack2_ws/install/as2_swarm_ekf', 'merge_install': False, 'path': '/root/aerostack2_ws/src/aerostack2/as2_swarm_ekf', 'symlink_install': False, 'test_result_base': None}
[3.957s] Level 5:colcon.colcon_core.verb:set package 'as2_swarm_fusion_ci' build argument 'cmake_args' from command line to 'None'
[3.962s] Level 5:colcon.colcon_core.verb:set package 'as2_swarm_fusion_ci' build argument 'cmake_target' from command line to 'None'
[3.962s] Level 5:colcon.colcon_core.verb:set package 'as2_swarm_fusion_ci' build argument 'cmake_target_skip_unavailable' from command line to 'False'
[3.962s] Level 5:colcon.colcon_core.verb:set package 'as2_swarm_fusion_ci' build argument 'cmake_clean_cache' from command line to 'False'
[3.963s] Level 5:colcon.colcon_core.verb:set package 'as2_swarm_fusion_ci' build argument 'cmake_clean_first' from command line to 'False'
[3.963s] Level 5:colcon.colcon_core.verb:set package 'as2_swarm_fusion_ci' build argument 'cmake_force_configure' from command line to 'False'
[3.963s] Level 5:colcon.colcon_core.verb:set package 'as2_swarm_fusion_ci' build argument 'ament_cmake_args' from command line to 'None'
[3.966s] Level 5:colcon.colcon_core.verb:set package 'as2_swarm_fusion_ci' build argument 'catkin_cmake_args' from command line to 'None'
[3.966s] Level 5:colcon.colcon_core.verb:set package 'as2_swarm_fusion_ci' build argument 'catkin_skip_building_tests' from command line to 'False'
[3.966s] DEBUG:colcon.colcon_core.verb:Building package 'as2_swarm_fusion_ci' with the following arguments: {'ament_cmake_args': None, 'build_base': '/root/aerostack2_ws/build/as2_swarm_fusion_ci', 'catkin_cmake_args': None, 'catkin_skip_building_tests': False, 'cmake_args': None, 'cmake_clean_cache': False, 'cmake_clean_first': False, 'cmake_force_configure': False, 'cmake_target': None, 'cmake_target_skip_unavailable': False, 'install_base': '/root/aerostack2_ws/install/as2_swarm_fusion_ci', 'merge_install': False, 'path': '/root/aerostack2_ws/src/aerostack2/as2_swarm_fusion_ci', 'symlink_install': False, 'test_result_base': None}
[3.971s] Level 5:colcon.colcon_core.verb:set package 'as2_swarm_perception' build argument 'cmake_args' from command line to 'None'
[3.973s] Level 5:colcon.colcon_core.verb:set package 'as2_swarm_perception' build argument 'cmake_target' from command line to 'None'
[3.973s] Level 5:colcon.colcon_core.verb:set package 'as2_swarm_perception' build argument 'cmake_target_skip_unavailable' from command line to 'False'
[3.973s] Level 5:colcon.colcon_core.verb:set package 'as2_swarm_perception' build argument 'cmake_clean_cache' from command line to 'False'
[3.974s] Level 5:colcon.colcon_core.verb:set package 'as2_swarm_perception' build argument 'cmake_clean_first' from command line to 'False'
[3.974s] Level 5:colcon.colcon_core.verb:set package 'as2_swarm_perception' build argument 'cmake_force_configure' from command line to 'False'
[3.974s] Level 5:colcon.colcon_core.verb:set package 'as2_swarm_perception' build argument 'ament_cmake_args' from command line to 'None'
[3.974s] Level 5:colcon.colcon_core.verb:set package 'as2_swarm_perception' build argument 'catkin_cmake_args' from command line to 'None'
[3.974s] Level 5:colcon.colcon_core.verb:set package 'as2_swarm_perception' build argument 'catkin_skip_building_tests' from command line to 'False'
[3.974s] DEBUG:colcon.colcon_core.verb:Building package 'as2_swarm_perception' with the following arguments: {'ament_cmake_args': None, 'build_base': '/root/aerostack2_ws/build/as2_swarm_perception', 'catkin_cmake_args': None, 'catkin_skip_building_tests': False, 'cmake_args': None, 'cmake_clean_cache': False, 'cmake_clean_first': False, 'cmake_force_configure': False, 'cmake_target': None, 'cmake_target_skip_unavailable': False, 'install_base': '/root/aerostack2_ws/install/as2_swarm_perception', 'merge_install': False, 'path': '/root/aerostack2_ws/src/aerostack2/as2_swarm_perception', 'symlink_install': False, 'test_result_base': None}
[3.975s] Level 5:colcon.colcon_core.verb:set package 'as2_swarm_person_interfaces' build argument 'cmake_args' from command line to 'None'
[3.979s] Level 5:colcon.colcon_core.verb:set package 'as2_swarm_person_interfaces' build argument 'cmake_target' from command line to 'None'
[3.979s] Level 5:colcon.colcon_core.verb:set package 'as2_swarm_person_interfaces' build argument 'cmake_target_skip_unavailable' from command line to 'False'
[3.979s] Level 5:colcon.colcon_core.verb:set package 'as2_swarm_person_interfaces' build argument 'cmake_clean_cache' from command line to 'False'
[3.980s] Level 5:colcon.colcon_core.verb:set package 'as2_swarm_person_interfaces' build argument 'cmake_clean_first' from command line to 'False'
[3.980s] Level 5:colcon.colcon_core.verb:set package 'as2_swarm_person_interfaces' build argument 'cmake_force_configure' from command line to 'False'
[3.980s] Level 5:colcon.colcon_core.verb:set package 'as2_swarm_person_interfaces' build argument 'ament_cmake_args' from command line to 'None'
[3.980s] Level 5:colcon.colcon_core.verb:set package 'as2_swarm_person_interfaces' build argument 'catkin_cmake_args' from command line to 'None'
[3.980s] Level 5:colcon.colcon_core.verb:set package 'as2_swarm_person_interfaces' build argument 'catkin_skip_building_tests' from command line to 'False'
[3.980s] DEBUG:colcon.colcon_core.verb:Building package 'as2_swarm_person_interfaces' with the following arguments: {'ament_cmake_args': None, 'build_base': '/root/aerostack2_ws/build/as2_swarm_person_interfaces', 'catkin_cmake_args': None, 'catkin_skip_building_tests': False, 'cmake_args': None, 'cmake_clean_cache': False, 'cmake_clean_first': False, 'cmake_force_configure': False, 'cmake_target': None, 'cmake_target_skip_unavailable': False, 'install_base': '/root/aerostack2_ws/install/as2_swarm_person_interfaces', 'merge_install': False, 'path': '/root/aerostack2_ws/src/aerostack2/as2_swarm_person_interfaces', 'symlink_install': False, 'test_result_base': None}
[3.985s] Level 5:colcon.colcon_core.verb:set package 'as2_core' build argument 'cmake_args' from command line to 'None'
[3.985s] Level 5:colcon.colcon_core.verb:set package 'as2_core' build argument 'cmake_target' from command line to 'None'
[3.986s] Level 5:colcon.colcon_core.verb:set package 'as2_core' build argument 'cmake_target_skip_unavailable' from command line to 'False'
[3.986s] Level 5:colcon.colcon_core.verb:set package 'as2_core' build argument 'cmake_clean_cache' from command line to 'False'
[3.989s] Level 5:colcon.colcon_core.verb:set package 'as2_core' build argument 'cmake_clean_first' from command line to 'False'
[3.989s] Level 5:colcon.colcon_core.verb:set package 'as2_core' build argument 'cmake_force_configure' from command line to 'False'
[3.989s] Level 5:colcon.colcon_core.verb:set package 'as2_core' build argument 'ament_cmake_args' from command line to 'None'
[3.990s] Level 5:colcon.colcon_core.verb:set package 'as2_core' build argument 'catkin_cmake_args' from command line to 'None'
[3.990s] Level 5:colcon.colcon_core.verb:set package 'as2_core' build argument 'catkin_skip_building_tests' from command line to 'False'
[3.990s] DEBUG:colcon.colcon_core.verb:Building package 'as2_core' with the following arguments: {'ament_cmake_args': None, 'build_base': '/root/aerostack2_ws/build/as2_core', 'catkin_cmake_args': None, 'catkin_skip_building_tests': False, 'cmake_args': None, 'cmake_clean_cache': False, 'cmake_clean_first': False, 'cmake_force_configure': False, 'cmake_target': None, 'cmake_target_skip_unavailable': False, 'install_base': '/root/aerostack2_ws/install/as2_core', 'merge_install': False, 'path': '/root/aerostack2_ws/src/aerostack2/as2_core', 'symlink_install': False, 'test_result_base': None}
[3.994s] Level 5:colcon.colcon_core.verb:set package 'as2_swarm_ci_fusion_people' build argument 'cmake_args' from command line to 'None'
[3.995s] Level 5:colcon.colcon_core.verb:set package 'as2_swarm_ci_fusion_people' build argument 'cmake_target' from command line to 'None'
[3.995s] Level 5:colcon.colcon_core.verb:set package 'as2_swarm_ci_fusion_people' build argument 'cmake_target_skip_unavailable' from command line to 'False'
[3.995s] Level 5:colcon.colcon_core.verb:set package 'as2_swarm_ci_fusion_people' build argument 'cmake_clean_cache' from command line to 'False'
[3.995s] Level 5:colcon.colcon_core.verb:set package 'as2_swarm_ci_fusion_people' build argument 'cmake_clean_first' from command line to 'False'
[3.995s] Level 5:colcon.colcon_core.verb:set package 'as2_swarm_ci_fusion_people' build argument 'cmake_force_configure' from command line to 'False'
[3.995s] Level 5:colcon.colcon_core.verb:set package 'as2_swarm_ci_fusion_people' build argument 'ament_cmake_args' from command line to 'None'
[3.996s] Level 5:colcon.colcon_core.verb:set package 'as2_swarm_ci_fusion_people' build argument 'catkin_cmake_args' from command line to 'None'
[3.996s] Level 5:colcon.colcon_core.verb:set package 'as2_swarm_ci_fusion_people' build argument 'catkin_skip_building_tests' from command line to 'False'
[3.996s] DEBUG:colcon.colcon_core.verb:Building package 'as2_swarm_ci_fusion_people' with the following arguments: {'ament_cmake_args': None, 'build_base': '/root/aerostack2_ws/build/as2_swarm_ci_fusion_people', 'catkin_cmake_args': None, 'catkin_skip_building_tests': False, 'cmake_args': None, 'cmake_clean_cache': False, 'cmake_clean_first': False, 'cmake_force_configure': False, 'cmake_target': None, 'cmake_target_skip_unavailable': False, 'install_base': '/root/aerostack2_ws/install/as2_swarm_ci_fusion_people', 'merge_install': False, 'path': '/root/aerostack2_ws/src/aerostack2/as2_swarm_ci_fusion_people', 'symlink_install': False, 'test_result_base': None}
[3.997s] Level 5:colcon.colcon_core.verb:set package 'as2_swarm_person_tracking' build argument 'cmake_args' from command line to 'None'
[4.002s] Level 5:colcon.colcon_core.verb:set package 'as2_swarm_person_tracking' build argument 'cmake_target' from command line to 'None'
[4.002s] Level 5:colcon.colcon_core.verb:set package 'as2_swarm_person_tracking' build argument 'cmake_target_skip_unavailable' from command line to 'False'
[4.002s] Level 5:colcon.colcon_core.verb:set package 'as2_swarm_person_tracking' build argument 'cmake_clean_cache' from command line to 'False'
[4.002s] Level 5:colcon.colcon_core.verb:set package 'as2_swarm_person_tracking' build argument 'cmake_clean_first' from command line to 'False'
[4.003s] Level 5:colcon.colcon_core.verb:set package 'as2_swarm_person_tracking' build argument 'cmake_force_configure' from command line to 'False'
[4.003s] Level 5:colcon.colcon_core.verb:set package 'as2_swarm_person_tracking' build argument 'ament_cmake_args' from command line to 'None'
[4.003s] Level 5:colcon.colcon_core.verb:set package 'as2_swarm_person_tracking' build argument 'catkin_cmake_args' from command line to 'None'
[4.003s] Level 5:colcon.colcon_core.verb:set package 'as2_swarm_person_tracking' build argument 'catkin_skip_building_tests' from command line to 'False'
[4.003s] DEBUG:colcon.colcon_core.verb:Building package 'as2_swarm_person_tracking' with the following arguments: {'ament_cmake_args': None, 'build_base': '/root/aerostack2_ws/build/as2_swarm_person_tracking', 'catkin_cmake_args': None, 'catkin_skip_building_tests': False, 'cmake_args': None, 'cmake_clean_cache': False, 'cmake_clean_first': False, 'cmake_force_configure': False, 'cmake_target': None, 'cmake_target_skip_unavailable': False, 'install_base': '/root/aerostack2_ws/install/as2_swarm_person_tracking', 'merge_install': False, 'path': '/root/aerostack2_ws/src/aerostack2/as2_swarm_person_tracking', 'symlink_install': False, 'test_result_base': None}
[4.004s] Level 5:colcon.colcon_core.verb:set package 'as2_alphanumeric_viewer' build argument 'cmake_args' from command line to 'None'
[4.006s] Level 5:colcon.colcon_core.verb:set package 'as2_alphanumeric_viewer' build argument 'cmake_target' from command line to 'None'
[4.007s] Level 5:colcon.colcon_core.verb:set package 'as2_alphanumeric_viewer' build argument 'cmake_target_skip_unavailable' from command line to 'False'
[4.007s] Level 5:colcon.colcon_core.verb:set package 'as2_alphanumeric_viewer' build argument 'cmake_clean_cache' from command line to 'False'
[4.007s] Level 5:colcon.colcon_core.verb:set package 'as2_alphanumeric_viewer' build argument 'cmake_clean_first' from command line to 'False'
[4.009s] Level 5:colcon.colcon_core.verb:set package 'as2_alphanumeric_viewer' build argument 'cmake_force_configure' from command line to 'False'
[4.009s] Level 5:colcon.colcon_core.verb:set package 'as2_alphanumeric_viewer' build argument 'ament_cmake_args' from command line to 'None'
[4.009s] Level 5:colcon.colcon_core.verb:set package 'as2_alphanumeric_viewer' build argument 'catkin_cmake_args' from command line to 'None'
[4.009s] Level 5:colcon.colcon_core.verb:set package 'as2_alphanumeric_viewer' build argument 'catkin_skip_building_tests' from command line to 'False'
[4.010s] DEBUG:colcon.colcon_core.verb:Building package 'as2_alphanumeric_viewer' with the following arguments: {'ament_cmake_args': None, 'build_base': '/root/aerostack2_ws/build/as2_alphanumeric_viewer', 'catkin_cmake_args': None, 'catkin_skip_building_tests': False, 'cmake_args': None, 'cmake_clean_cache': False, 'cmake_clean_first': False, 'cmake_force_configure': False, 'cmake_target': None, 'cmake_target_skip_unavailable': False, 'install_base': '/root/aerostack2_ws/install/as2_alphanumeric_viewer', 'merge_install': False, 'path': '/root/aerostack2_ws/src/aerostack2/as2_user_interfaces/as2_alphanumeric_viewer', 'symlink_install': False, 'test_result_base': None}
[4.017s] Level 5:colcon.colcon_core.verb:set package 'as2_behavior' build argument 'cmake_args' from command line to 'None'
[4.018s] Level 5:colcon.colcon_core.verb:set package 'as2_behavior' build argument 'cmake_target' from command line to 'None'
[4.018s] Level 5:colcon.colcon_core.verb:set package 'as2_behavior' build argument 'cmake_target_skip_unavailable' from command line to 'False'
[4.018s] Level 5:colcon.colcon_core.verb:set package 'as2_behavior' build argument 'cmake_clean_cache' from command line to 'False'
[4.018s] Level 5:colcon.colcon_core.verb:set package 'as2_behavior' build argument 'cmake_clean_first' from command line to 'False'
[4.018s] Level 5:colcon.colcon_core.verb:set package 'as2_behavior' build argument 'cmake_force_configure' from command line to 'False'
[4.018s] Level 5:colcon.colcon_core.verb:set package 'as2_behavior' build argument 'ament_cmake_args' from command line to 'None'
[4.019s] Level 5:colcon.colcon_core.verb:set package 'as2_behavior' build argument 'catkin_cmake_args' from command line to 'None'
[4.019s] Level 5:colcon.colcon_core.verb:set package 'as2_behavior' build argument 'catkin_skip_building_tests' from command line to 'False'
[4.019s] DEBUG:colcon.colcon_core.verb:Building package 'as2_behavior' with the following arguments: {'ament_cmake_args': None, 'build_base': '/root/aerostack2_ws/build/as2_behavior', 'catkin_cmake_args': None, 'catkin_skip_building_tests': False, 'cmake_args': None, 'cmake_clean_cache': False, 'cmake_clean_first': False, 'cmake_force_configure': False, 'cmake_target': None, 'cmake_target_skip_unavailable': False, 'install_base': '/root/aerostack2_ws/install/as2_behavior', 'merge_install': False, 'path': '/root/aerostack2_ws/src/aerostack2/as2_behaviors/as2_behavior', 'symlink_install': False, 'test_result_base': None}
[4.020s] Level 5:colcon.colcon_core.verb:set package 'as2_behavior_tree' build argument 'cmake_args' from command line to 'None'
[4.023s] Level 5:colcon.colcon_core.verb:set package 'as2_behavior_tree' build argument 'cmake_target' from command line to 'None'
[4.023s] Level 5:colcon.colcon_core.verb:set package 'as2_behavior_tree' build argument 'cmake_target_skip_unavailable' from command line to 'False'
[4.025s] Level 5:colcon.colcon_core.verb:set package 'as2_behavior_tree' build argument 'cmake_clean_cache' from command line to 'False'
[4.025s] Level 5:colcon.colcon_core.verb:set package 'as2_behavior_tree' build argument 'cmake_clean_first' from command line to 'False'
[4.026s] Level 5:colcon.colcon_core.verb:set package 'as2_behavior_tree' build argument 'cmake_force_configure' from command line to 'False'
[4.026s] Level 5:colcon.colcon_core.verb:set package 'as2_behavior_tree' build argument 'ament_cmake_args' from command line to 'None'
[4.026s] Level 5:colcon.colcon_core.verb:set package 'as2_behavior_tree' build argument 'catkin_cmake_args' from command line to 'None'
[4.026s] Level 5:colcon.colcon_core.verb:set package 'as2_behavior_tree' build argument 'catkin_skip_building_tests' from command line to 'False'
[4.026s] DEBUG:colcon.colcon_core.verb:Building package 'as2_behavior_tree' with the following arguments: {'ament_cmake_args': None, 'build_base': '/root/aerostack2_ws/build/as2_behavior_tree', 'catkin_cmake_args': None, 'catkin_skip_building_tests': False, 'cmake_args': None, 'cmake_clean_cache': False, 'cmake_clean_first': False, 'cmake_force_configure': False, 'cmake_target': None, 'cmake_target_skip_unavailable': False, 'install_base': '/root/aerostack2_ws/install/as2_behavior_tree', 'merge_install': False, 'path': '/root/aerostack2_ws/src/aerostack2/as2_behavior_tree', 'symlink_install': False, 'test_result_base': None}
[4.029s] Level 5:colcon.colcon_core.verb:set package 'as2_external_object_to_tf' build argument 'cmake_args' from command line to 'None'
[4.032s] Level 5:colcon.colcon_core.verb:set package 'as2_external_object_to_tf' build argument 'cmake_target' from command line to 'None'
[4.032s] Level 5:colcon.colcon_core.verb:set package 'as2_external_object_to_tf' build argument 'cmake_target_skip_unavailable' from command line to 'False'
[4.032s] Level 5:colcon.colcon_core.verb:set package 'as2_external_object_to_tf' build argument 'cmake_clean_cache' from command line to 'False'
[4.032s] Level 5:colcon.colcon_core.verb:set package 'as2_external_object_to_tf' build argument 'cmake_clean_first' from command line to 'False'
[4.033s] Level 5:colcon.colcon_core.verb:set package 'as2_external_object_to_tf' build argument 'cmake_force_configure' from command line to 'False'
[4.033s] Level 5:colcon.colcon_core.verb:set package 'as2_external_object_to_tf' build argument 'ament_cmake_args' from command line to 'None'
[4.033s] Level 5:colcon.colcon_core.verb:set package 'as2_external_object_to_tf' build argument 'catkin_cmake_args' from command line to 'None'
[4.041s] Level 5:colcon.colcon_core.verb:set package 'as2_external_object_to_tf' build argument 'catkin_skip_building_tests' from command line to 'False'
[4.041s] DEBUG:colcon.colcon_core.verb:Building package 'as2_external_object_to_tf' with the following arguments: {'ament_cmake_args': None, 'build_base': '/root/aerostack2_ws/build/as2_external_object_to_tf', 'catkin_cmake_args': None, 'catkin_skip_building_tests': False, 'cmake_args': None, 'cmake_clean_cache': False, 'cmake_clean_first': False, 'cmake_force_configure': False, 'cmake_target': None, 'cmake_target_skip_unavailable': False, 'install_base': '/root/aerostack2_ws/install/as2_external_object_to_tf', 'merge_install': False, 'path': '/root/aerostack2_ws/src/aerostack2/as2_utilities/as2_external_object_to_tf', 'symlink_install': False, 'test_result_base': None}
[4.042s] Level 5:colcon.colcon_core.verb:set package 'as2_gazebo_assets' build argument 'cmake_args' from command line to 'None'
[4.042s] Level 5:colcon.colcon_core.verb:set package 'as2_gazebo_assets' build argument 'cmake_target' from command line to 'None'
[4.042s] Level 5:colcon.colcon_core.verb:set package 'as2_gazebo_assets' build argument 'cmake_target_skip_unavailable' from command line to 'False'
[4.043s] Level 5:colcon.colcon_core.verb:set package 'as2_gazebo_assets' build argument 'cmake_clean_cache' from command line to 'False'
[4.043s] Level 5:colcon.colcon_core.verb:set package 'as2_gazebo_assets' build argument 'cmake_clean_first' from command line to 'False'
[4.043s] Level 5:colcon.colcon_core.verb:set package 'as2_gazebo_assets' build argument 'cmake_force_configure' from command line to 'False'
[4.043s] Level 5:colcon.colcon_core.verb:set package 'as2_gazebo_assets' build argument 'ament_cmake_args' from command line to 'None'
[4.043s] Level 5:colcon.colcon_core.verb:set package 'as2_gazebo_assets' build argument 'catkin_cmake_args' from command line to 'None'
[4.043s] Level 5:colcon.colcon_core.verb:set package 'as2_gazebo_assets' build argument 'catkin_skip_building_tests' from command line to 'False'
[4.044s] DEBUG:colcon.colcon_core.verb:Building package 'as2_gazebo_assets' with the following arguments: {'ament_cmake_args': None, 'build_base': '/root/aerostack2_ws/build/as2_gazebo_assets', 'catkin_cmake_args': None, 'catkin_skip_building_tests': False, 'cmake_args': None, 'cmake_clean_cache': False, 'cmake_clean_first': False, 'cmake_force_configure': False, 'cmake_target': None, 'cmake_target_skip_unavailable': False, 'install_base': '/root/aerostack2_ws/install/as2_gazebo_assets', 'merge_install': False, 'path': '/root/aerostack2_ws/src/aerostack2/as2_simulation_assets/as2_gazebo_assets', 'symlink_install': False, 'test_result_base': None}
[4.044s] Level 5:colcon.colcon_core.verb:set package 'as2_geozones' build argument 'cmake_args' from command line to 'None'
[4.045s] Level 5:colcon.colcon_core.verb:set package 'as2_geozones' build argument 'cmake_target' from command line to 'None'
[4.045s] Level 5:colcon.colcon_core.verb:set package 'as2_geozones' build argument 'cmake_target_skip_unavailable' from command line to 'False'
[4.045s] Level 5:colcon.colcon_core.verb:set package 'as2_geozones' build argument 'cmake_clean_cache' from command line to 'False'
[4.045s] Level 5:colcon.colcon_core.verb:set package 'as2_geozones' build argument 'cmake_clean_first' from command line to 'False'
[4.045s] Level 5:colcon.colcon_core.verb:set package 'as2_geozones' build argument 'cmake_force_configure' from command line to 'False'
[4.045s] Level 5:colcon.colcon_core.verb:set package 'as2_geozones' build argument 'ament_cmake_args' from command line to 'None'
[4.049s] Level 5:colcon.colcon_core.verb:set package 'as2_geozones' build argument 'catkin_cmake_args' from command line to 'None'
[4.049s] Level 5:colcon.colcon_core.verb:set package 'as2_geozones' build argument 'catkin_skip_building_tests' from command line to 'False'
[4.049s] DEBUG:colcon.colcon_core.verb:Building package 'as2_geozones' with the following arguments: {'ament_cmake_args': None, 'build_base': '/root/aerostack2_ws/build/as2_geozones', 'catkin_cmake_args': None, 'catkin_skip_building_tests': False, 'cmake_args': None, 'cmake_clean_cache': False, 'cmake_clean_first': False, 'cmake_force_configure': False, 'cmake_target': None, 'cmake_target_skip_unavailable': False, 'install_base': '/root/aerostack2_ws/install/as2_geozones', 'merge_install': False, 'path': '/root/aerostack2_ws/src/aerostack2/as2_utilities/as2_geozones', 'symlink_install': False, 'test_result_base': None}
[4.050s] Level 5:colcon.colcon_core.verb:set package 'as2_map_server' build argument 'cmake_args' from command line to 'None'
[4.050s] Level 5:colcon.colcon_core.verb:set package 'as2_map_server' build argument 'cmake_target' from command line to 'None'
[4.050s] Level 5:colcon.colcon_core.verb:set package 'as2_map_server' build argument 'cmake_target_skip_unavailable' from command line to 'False'
[4.050s] Level 5:colcon.colcon_core.verb:set package 'as2_map_server' build argument 'cmake_clean_cache' from command line to 'False'
[4.057s] Level 5:colcon.colcon_core.verb:set package 'as2_map_server' build argument 'cmake_clean_first' from command line to 'False'
[4.057s] Level 5:colcon.colcon_core.verb:set package 'as2_map_server' build argument 'cmake_force_configure' from command line to 'False'
[4.057s] Level 5:colcon.colcon_core.verb:set package 'as2_map_server' build argument 'ament_cmake_args' from command line to 'None'
[4.058s] Level 5:colcon.colcon_core.verb:set package 'as2_map_server' build argument 'catkin_cmake_args' from command line to 'None'
[4.058s] Level 5:colcon.colcon_core.verb:set package 'as2_map_server' build argument 'catkin_skip_building_tests' from command line to 'False'
[4.058s] DEBUG:colcon.colcon_core.verb:Building package 'as2_map_server' with the following arguments: {'ament_cmake_args': None, 'build_base': '/root/aerostack2_ws/build/as2_map_server', 'catkin_cmake_args': None, 'catkin_skip_building_tests': False, 'cmake_args': None, 'cmake_clean_cache': False, 'cmake_clean_first': False, 'cmake_force_configure': False, 'cmake_target': None, 'cmake_target_skip_unavailable': False, 'install_base': '/root/aerostack2_ws/install/as2_map_server', 'merge_install': False, 'path': '/root/aerostack2_ws/src/aerostack2/as2_map_server', 'symlink_install': False, 'test_result_base': None}
[4.059s] Level 5:colcon.colcon_core.verb:set package 'as2_motion_reference_handlers' build argument 'cmake_args' from command line to 'None'
[4.059s] Level 5:colcon.colcon_core.verb:set package 'as2_motion_reference_handlers' build argument 'cmake_target' from command line to 'None'
[4.059s] Level 5:colcon.colcon_core.verb:set package 'as2_motion_reference_handlers' build argument 'cmake_target_skip_unavailable' from command line to 'False'
[4.059s] Level 5:colcon.colcon_core.verb:set package 'as2_motion_reference_handlers' build argument 'cmake_clean_cache' from command line to 'False'
[4.059s] Level 5:colcon.colcon_core.verb:set package 'as2_motion_reference_handlers' build argument 'cmake_clean_first' from command line to 'False'
[4.060s] Level 5:colcon.colcon_core.verb:set package 'as2_motion_reference_handlers' build argument 'cmake_force_configure' from command line to 'False'
[4.060s] Level 5:colcon.colcon_core.verb:set package 'as2_motion_reference_handlers' build argument 'ament_cmake_args' from command line to 'None'
[4.060s] Level 5:colcon.colcon_core.verb:set package 'as2_motion_reference_handlers' build argument 'catkin_cmake_args' from command line to 'None'
[4.060s] Level 5:colcon.colcon_core.verb:set package 'as2_motion_reference_handlers' build argument 'catkin_skip_building_tests' from command line to 'False'
[4.060s] DEBUG:colcon.colcon_core.verb:Building package 'as2_motion_reference_handlers' with the following arguments: {'ament_cmake_args': None, 'build_base': '/root/aerostack2_ws/build/as2_motion_reference_handlers', 'catkin_cmake_args': None, 'catkin_skip_building_tests': False, 'cmake_args': None, 'cmake_clean_cache': False, 'cmake_clean_first': False, 'cmake_force_configure': False, 'cmake_target': None, 'cmake_target_skip_unavailable': False, 'install_base': '/root/aerostack2_ws/install/as2_motion_reference_handlers', 'merge_install': False, 'path': '/root/aerostack2_ws/src/aerostack2/as2_motion_reference_handlers', 'symlink_install': False, 'test_result_base': None}
[4.061s] Level 5:colcon.colcon_core.verb:set package 'as2_platform_multirotor_simulator' build argument 'cmake_args' from command line to 'None'
[4.061s] Level 5:colcon.colcon_core.verb:set package 'as2_platform_multirotor_simulator' build argument 'cmake_target' from command line to 'None'
[4.065s] Level 5:colcon.colcon_core.verb:set package 'as2_platform_multirotor_simulator' build argument 'cmake_target_skip_unavailable' from command line to 'False'
[4.065s] Level 5:colcon.colcon_core.verb:set package 'as2_platform_multirotor_simulator' build argument 'cmake_clean_cache' from command line to 'False'
[4.065s] Level 5:colcon.colcon_core.verb:set package 'as2_platform_multirotor_simulator' build argument 'cmake_clean_first' from command line to 'False'
[4.065s] Level 5:colcon.colcon_core.verb:set package 'as2_platform_multirotor_simulator' build argument 'cmake_force_configure' from command line to 'False'
[4.066s] Level 5:colcon.colcon_core.verb:set package 'as2_platform_multirotor_simulator' build argument 'ament_cmake_args' from command line to 'None'
[4.066s] Level 5:colcon.colcon_core.verb:set package 'as2_platform_multirotor_simulator' build argument 'catkin_cmake_args' from command line to 'None'
[4.066s] Level 5:colcon.colcon_core.verb:set package 'as2_platform_multirotor_simulator' build argument 'catkin_skip_building_tests' from command line to 'False'
[4.066s] DEBUG:colcon.colcon_core.verb:Building package 'as2_platform_multirotor_simulator' with the following arguments: {'ament_cmake_args': None, 'build_base': '/root/aerostack2_ws/build/as2_platform_multirotor_simulator', 'catkin_cmake_args': None, 'catkin_skip_building_tests': False, 'cmake_args': None, 'cmake_clean_cache': False, 'cmake_clean_first': False, 'cmake_force_configure': False, 'cmake_target': None, 'cmake_target_skip_unavailable': False, 'install_base': '/root/aerostack2_ws/install/as2_platform_multirotor_simulator', 'merge_install': False, 'path': '/root/aerostack2_ws/src/aerostack2/as2_aerial_platforms/as2_platform_multirotor_simulator', 'symlink_install': False, 'test_result_base': None}
[4.067s] Level 5:colcon.colcon_core.verb:set package 'as2_realsense_interface' build argument 'cmake_args' from command line to 'None'
[4.074s] Level 5:colcon.colcon_core.verb:set package 'as2_realsense_interface' build argument 'cmake_target' from command line to 'None'
[4.074s] Level 5:colcon.colcon_core.verb:set package 'as2_realsense_interface' build argument 'cmake_target_skip_unavailable' from command line to 'False'
[4.074s] Level 5:colcon.colcon_core.verb:set package 'as2_realsense_interface' build argument 'cmake_clean_cache' from command line to 'False'
[4.074s] Level 5:colcon.colcon_core.verb:set package 'as2_realsense_interface' build argument 'cmake_clean_first' from command line to 'False'
[4.075s] Level 5:colcon.colcon_core.verb:set package 'as2_realsense_interface' build argument 'cmake_force_configure' from command line to 'False'
[4.075s] Level 5:colcon.colcon_core.verb:set package 'as2_realsense_interface' build argument 'ament_cmake_args' from command line to 'None'
[4.075s] Level 5:colcon.colcon_core.verb:set package 'as2_realsense_interface' build argument 'catkin_cmake_args' from command line to 'None'
[4.075s] Level 5:colcon.colcon_core.verb:set package 'as2_realsense_interface' build argument 'catkin_skip_building_tests' from command line to 'False'
[4.075s] DEBUG:colcon.colcon_core.verb:Building package 'as2_realsense_interface' with the following arguments: {'ament_cmake_args': None, 'build_base': '/root/aerostack2_ws/build/as2_realsense_interface', 'catkin_cmake_args': None, 'catkin_skip_building_tests': False, 'cmake_args': None, 'cmake_clean_cache': False, 'cmake_clean_first': False, 'cmake_force_configure': False, 'cmake_target': None, 'cmake_target_skip_unavailable': False, 'install_base': '/root/aerostack2_ws/install/as2_realsense_interface', 'merge_install': False, 'path': '/root/aerostack2_ws/src/aerostack2/as2_hardware_drivers/as2_realsense_interface', 'symlink_install': False, 'test_result_base': None}
[4.076s] Level 5:colcon.colcon_core.verb:set package 'as2_state_estimator' build argument 'cmake_args' from command line to 'None'
[4.076s] Level 5:colcon.colcon_core.verb:set package 'as2_state_estimator' build argument 'cmake_target' from command line to 'None'
[4.076s] Level 5:colcon.colcon_core.verb:set package 'as2_state_estimator' build argument 'cmake_target_skip_unavailable' from command line to 'False'
[4.076s] Level 5:colcon.colcon_core.verb:set package 'as2_state_estimator' build argument 'cmake_clean_cache' from command line to 'False'
[4.076s] Level 5:colcon.colcon_core.verb:set package 'as2_state_estimator' build argument 'cmake_clean_first' from command line to 'False'
[4.076s] Level 5:colcon.colcon_core.verb:set package 'as2_state_estimator' build argument 'cmake_force_configure' from command line to 'False'
[4.076s] Level 5:colcon.colcon_core.verb:set package 'as2_state_estimator' build argument 'ament_cmake_args' from command line to 'None'
[4.076s] Level 5:colcon.colcon_core.verb:set package 'as2_state_estimator' build argument 'catkin_cmake_args' from command line to 'None'
[4.077s] Level 5:colcon.colcon_core.verb:set package 'as2_state_estimator' build argument 'catkin_skip_building_tests' from command line to 'False'
[4.077s] DEBUG:colcon.colcon_core.verb:Building package 'as2_state_estimator' with the following arguments: {'ament_cmake_args': None, 'build_base': '/root/aerostack2_ws/build/as2_state_estimator', 'catkin_cmake_args': None, 'catkin_skip_building_tests': False, 'cmake_args': None, 'cmake_clean_cache': False, 'cmake_clean_first': False, 'cmake_force_configure': False, 'cmake_target': None, 'cmake_target_skip_unavailable': False, 'install_base': '/root/aerostack2_ws/install/as2_state_estimator', 'merge_install': False, 'path': '/root/aerostack2_ws/src/aerostack2/as2_state_estimator', 'symlink_install': False, 'test_result_base': None}
[4.077s] Level 5:colcon.colcon_core.verb:set package 'as2_usb_camera_interface' build argument 'cmake_args' from command line to 'None'
[4.077s] Level 5:colcon.colcon_core.verb:set package 'as2_usb_camera_interface' build argument 'cmake_target' from command line to 'None'
[4.077s] Level 5:colcon.colcon_core.verb:set package 'as2_usb_camera_interface' build argument 'cmake_target_skip_unavailable' from command line to 'False'
[4.078s] Level 5:colcon.colcon_core.verb:set package 'as2_usb_camera_interface' build argument 'cmake_clean_cache' from command line to 'False'
[4.078s] Level 5:colcon.colcon_core.verb:set package 'as2_usb_camera_interface' build argument 'cmake_clean_first' from command line to 'False'
[4.078s] Level 5:colcon.colcon_core.verb:set package 'as2_usb_camera_interface' build argument 'cmake_force_configure' from command line to 'False'
[4.078s] Level 5:colcon.colcon_core.verb:set package 'as2_usb_camera_interface' build argument 'ament_cmake_args' from command line to 'None'
[4.078s] Level 5:colcon.colcon_core.verb:set package 'as2_usb_camera_interface' build argument 'catkin_cmake_args' from command line to 'None'
[4.078s] Level 5:colcon.colcon_core.verb:set package 'as2_usb_camera_interface' build argument 'catkin_skip_building_tests' from command line to 'False'
[4.078s] DEBUG:colcon.colcon_core.verb:Building package 'as2_usb_camera_interface' with the following arguments: {'ament_cmake_args': None, 'build_base': '/root/aerostack2_ws/build/as2_usb_camera_interface', 'catkin_cmake_args': None, 'catkin_skip_building_tests': False, 'cmake_args': None, 'cmake_clean_cache': False, 'cmake_clean_first': False, 'cmake_force_configure': False, 'cmake_target': None, 'cmake_target_skip_unavailable': False, 'install_base': '/root/aerostack2_ws/install/as2_usb_camera_interface', 'merge_install': False, 'path': '/root/aerostack2_ws/src/aerostack2/as2_hardware_drivers/as2_usb_camera_interface', 'symlink_install': False, 'test_result_base': None}
[4.079s] Level 5:colcon.colcon_core.verb:set package 'as2_behaviors_motion' build argument 'cmake_args' from command line to 'None'
[4.079s] Level 5:colcon.colcon_core.verb:set package 'as2_behaviors_motion' build argument 'cmake_target' from command line to 'None'
[4.079s] Level 5:colcon.colcon_core.verb:set package 'as2_behaviors_motion' build argument 'cmake_target_skip_unavailable' from command line to 'False'
[4.080s] Level 5:colcon.colcon_core.verb:set package 'as2_behaviors_motion' build argument 'cmake_clean_cache' from command line to 'False'
[4.080s] Level 5:colcon.colcon_core.verb:set package 'as2_behaviors_motion' build argument 'cmake_clean_first' from command line to 'False'
[4.080s] Level 5:colcon.colcon_core.verb:set package 'as2_behaviors_motion' build argument 'cmake_force_configure' from command line to 'False'
[4.080s] Level 5:colcon.colcon_core.verb:set package 'as2_behaviors_motion' build argument 'ament_cmake_args' from command line to 'None'
[4.081s] Level 5:colcon.colcon_core.verb:set package 'as2_behaviors_motion' build argument 'catkin_cmake_args' from command line to 'None'
[4.081s] Level 5:colcon.colcon_core.verb:set package 'as2_behaviors_motion' build argument 'catkin_skip_building_tests' from command line to 'False'
[4.081s] DEBUG:colcon.colcon_core.verb:Building package 'as2_behaviors_motion' with the following arguments: {'ament_cmake_args': None, 'build_base': '/root/aerostack2_ws/build/as2_behaviors_motion', 'catkin_cmake_args': None, 'catkin_skip_building_tests': False, 'cmake_args': None, 'cmake_clean_cache': False, 'cmake_clean_first': False, 'cmake_force_configure': False, 'cmake_target': None, 'cmake_target_skip_unavailable': False, 'install_base': '/root/aerostack2_ws/install/as2_behaviors_motion', 'merge_install': False, 'path': '/root/aerostack2_ws/src/aerostack2/as2_behaviors/as2_behaviors_motion', 'symlink_install': False, 'test_result_base': None}
[4.081s] Level 5:colcon.colcon_core.verb:set package 'as2_behaviors_path_planning' build argument 'cmake_args' from command line to 'None'
[4.093s] Level 5:colcon.colcon_core.verb:set package 'as2_behaviors_path_planning' build argument 'cmake_target' from command line to 'None'
[4.094s] Level 5:colcon.colcon_core.verb:set package 'as2_behaviors_path_planning' build argument 'cmake_target_skip_unavailable' from command line to 'False'
[4.094s] Level 5:colcon.colcon_core.verb:set package 'as2_behaviors_path_planning' build argument 'cmake_clean_cache' from command line to 'False'
[4.094s] Level 5:colcon.colcon_core.verb:set package 'as2_behaviors_path_planning' build argument 'cmake_clean_first' from command line to 'False'
[4.094s] Level 5:colcon.colcon_core.verb:set package 'as2_behaviors_path_planning' build argument 'cmake_force_configure' from command line to 'False'
[4.094s] Level 5:colcon.colcon_core.verb:set package 'as2_behaviors_path_planning' build argument 'ament_cmake_args' from command line to 'None'
[4.094s] Level 5:colcon.colcon_core.verb:set package 'as2_behaviors_path_planning' build argument 'catkin_cmake_args' from command line to 'None'
[4.095s] Level 5:colcon.colcon_core.verb:set package 'as2_behaviors_path_planning' build argument 'catkin_skip_building_tests' from command line to 'False'
[4.095s] DEBUG:colcon.colcon_core.verb:Building package 'as2_behaviors_path_planning' with the following arguments: {'ament_cmake_args': None, 'build_base': '/root/aerostack2_ws/build/as2_behaviors_path_planning', 'catkin_cmake_args': None, 'catkin_skip_building_tests': False, 'cmake_args': None, 'cmake_clean_cache': False, 'cmake_clean_first': False, 'cmake_force_configure': False, 'cmake_target': None, 'cmake_target_skip_unavailable': False, 'install_base': '/root/aerostack2_ws/install/as2_behaviors_path_planning', 'merge_install': False, 'path': '/root/aerostack2_ws/src/aerostack2/as2_behaviors/as2_behaviors_path_planning', 'symlink_install': False, 'test_result_base': None}
[4.096s] Level 5:colcon.colcon_core.verb:set package 'as2_behaviors_perception' build argument 'cmake_args' from command line to 'None'
[4.096s] Level 5:colcon.colcon_core.verb:set package 'as2_behaviors_perception' build argument 'cmake_target' from command line to 'None'
[4.096s] Level 5:colcon.colcon_core.verb:set package 'as2_behaviors_perception' build argument 'cmake_target_skip_unavailable' from command line to 'False'
[4.096s] Level 5:colcon.colcon_core.verb:set package 'as2_behaviors_perception' build argument 'cmake_clean_cache' from command line to 'False'
[4.096s] Level 5:colcon.colcon_core.verb:set package 'as2_behaviors_perception' build argument 'cmake_clean_first' from command line to 'False'
[4.096s] Level 5:colcon.colcon_core.verb:set package 'as2_behaviors_perception' build argument 'cmake_force_configure' from command line to 'False'
[4.097s] Level 5:colcon.colcon_core.verb:set package 'as2_behaviors_perception' build argument 'ament_cmake_args' from command line to 'None'
[4.097s] Level 5:colcon.colcon_core.verb:set package 'as2_behaviors_perception' build argument 'catkin_cmake_args' from command line to 'None'
[4.097s] Level 5:colcon.colcon_core.verb:set package 'as2_behaviors_perception' build argument 'catkin_skip_building_tests' from command line to 'False'
[4.097s] DEBUG:colcon.colcon_core.verb:Building package 'as2_behaviors_perception' with the following arguments: {'ament_cmake_args': None, 'build_base': '/root/aerostack2_ws/build/as2_behaviors_perception', 'catkin_cmake_args': None, 'catkin_skip_building_tests': False, 'cmake_args': None, 'cmake_clean_cache': False, 'cmake_clean_first': False, 'cmake_force_configure': False, 'cmake_target': None, 'cmake_target_skip_unavailable': False, 'install_base': '/root/aerostack2_ws/install/as2_behaviors_perception', 'merge_install': False, 'path': '/root/aerostack2_ws/src/aerostack2/as2_behaviors/as2_behaviors_perception', 'symlink_install': False, 'test_result_base': None}
[4.098s] Level 5:colcon.colcon_core.verb:set package 'as2_behaviors_platform' build argument 'cmake_args' from command line to 'None'
[4.098s] Level 5:colcon.colcon_core.verb:set package 'as2_behaviors_platform' build argument 'cmake_target' from command line to 'None'
[4.099s] Level 5:colcon.colcon_core.verb:set package 'as2_behaviors_platform' build argument 'cmake_target_skip_unavailable' from command line to 'False'
[4.099s] Level 5:colcon.colcon_core.verb:set package 'as2_behaviors_platform' build argument 'cmake_clean_cache' from command line to 'False'
[4.099s] Level 5:colcon.colcon_core.verb:set package 'as2_behaviors_platform' build argument 'cmake_clean_first' from command line to 'False'
[4.100s] Level 5:colcon.colcon_core.verb:set package 'as2_behaviors_platform' build argument 'cmake_force_configure' from command line to 'False'
[4.100s] Level 5:colcon.colcon_core.verb:set package 'as2_behaviors_platform' build argument 'ament_cmake_args' from command line to 'None'
[4.100s] Level 5:colcon.colcon_core.verb:set package 'as2_behaviors_platform' build argument 'catkin_cmake_args' from command line to 'None'
[4.100s] Level 5:colcon.colcon_core.verb:set package 'as2_behaviors_platform' build argument 'catkin_skip_building_tests' from command line to 'False'
[4.100s] DEBUG:colcon.colcon_core.verb:Building package 'as2_behaviors_platform' with the following arguments: {'ament_cmake_args': None, 'build_base': '/root/aerostack2_ws/build/as2_behaviors_platform', 'catkin_cmake_args': None, 'catkin_skip_building_tests': False, 'cmake_args': None, 'cmake_clean_cache': False, 'cmake_clean_first': False, 'cmake_force_configure': False, 'cmake_target': None, 'cmake_target_skip_unavailable': False, 'install_base': '/root/aerostack2_ws/install/as2_behaviors_platform', 'merge_install': False, 'path': '/root/aerostack2_ws/src/aerostack2/as2_behaviors/as2_behaviors_platform', 'symlink_install': False, 'test_result_base': None}
[4.104s] Level 5:colcon.colcon_core.verb:set package 'as2_behaviors_swarm_flocking' build argument 'cmake_args' from command line to 'None'
[4.108s] Level 5:colcon.colcon_core.verb:set package 'as2_behaviors_swarm_flocking' build argument 'cmake_target' from command line to 'None'
[4.108s] Level 5:colcon.colcon_core.verb:set package 'as2_behaviors_swarm_flocking' build argument 'cmake_target_skip_unavailable' from command line to 'False'
[4.108s] Level 5:colcon.colcon_core.verb:set package 'as2_behaviors_swarm_flocking' build argument 'cmake_clean_cache' from command line to 'False'
[4.109s] Level 5:colcon.colcon_core.verb:set package 'as2_behaviors_swarm_flocking' build argument 'cmake_clean_first' from command line to 'False'
[4.109s] Level 5:colcon.colcon_core.verb:set package 'as2_behaviors_swarm_flocking' build argument 'cmake_force_configure' from command line to 'False'
[4.110s] Level 5:colcon.colcon_core.verb:set package 'as2_behaviors_swarm_flocking' build argument 'ament_cmake_args' from command line to 'None'
[4.110s] Level 5:colcon.colcon_core.verb:set package 'as2_behaviors_swarm_flocking' build argument 'catkin_cmake_args' from command line to 'None'
[4.111s] Level 5:colcon.colcon_core.verb:set package 'as2_behaviors_swarm_flocking' build argument 'catkin_skip_building_tests' from command line to 'False'
[4.111s] DEBUG:colcon.colcon_core.verb:Building package 'as2_behaviors_swarm_flocking' with the following arguments: {'ament_cmake_args': None, 'build_base': '/root/aerostack2_ws/build/as2_behaviors_swarm_flocking', 'catkin_cmake_args': None, 'catkin_skip_building_tests': False, 'cmake_args': None, 'cmake_clean_cache': False, 'cmake_clean_first': False, 'cmake_force_configure': False, 'cmake_target': None, 'cmake_target_skip_unavailable': False, 'install_base': '/root/aerostack2_ws/install/as2_behaviors_swarm_flocking', 'merge_install': False, 'path': '/root/aerostack2_ws/src/aerostack2/as2_behaviors/as2_behaviors_swarm_flocking', 'symlink_install': False, 'test_result_base': None}
[4.111s] Level 5:colcon.colcon_core.verb:set package 'as2_behaviors_trajectory_generation' build argument 'cmake_args' from command line to 'None'
[4.112s] Level 5:colcon.colcon_core.verb:set package 'as2_behaviors_trajectory_generation' build argument 'cmake_target' from command line to 'None'
[4.113s] Level 5:colcon.colcon_core.verb:set package 'as2_behaviors_trajectory_generation' build argument 'cmake_target_skip_unavailable' from command line to 'False'
[4.117s] Level 5:colcon.colcon_core.verb:set package 'as2_behaviors_trajectory_generation' build argument 'cmake_clean_cache' from command line to 'False'
[4.117s] Level 5:colcon.colcon_core.verb:set package 'as2_behaviors_trajectory_generation' build argument 'cmake_clean_first' from command line to 'False'
[4.117s] Level 5:colcon.colcon_core.verb:set package 'as2_behaviors_trajectory_generation' build argument 'cmake_force_configure' from command line to 'False'
[4.118s] Level 5:colcon.colcon_core.verb:set package 'as2_behaviors_trajectory_generation' build argument 'ament_cmake_args' from command line to 'None'
[4.118s] Level 5:colcon.colcon_core.verb:set package 'as2_behaviors_trajectory_generation' build argument 'catkin_cmake_args' from command line to 'None'
[4.118s] Level 5:colcon.colcon_core.verb:set package 'as2_behaviors_trajectory_generation' build argument 'catkin_skip_building_tests' from command line to 'False'
[4.118s] DEBUG:colcon.colcon_core.verb:Building package 'as2_behaviors_trajectory_generation' with the following arguments: {'ament_cmake_args': None, 'build_base': '/root/aerostack2_ws/build/as2_behaviors_trajectory_generation', 'catkin_cmake_args': None, 'catkin_skip_building_tests': False, 'cmake_args': None, 'cmake_clean_cache': False, 'cmake_clean_first': False, 'cmake_force_configure': False, 'cmake_target': None, 'cmake_target_skip_unavailable': False, 'install_base': '/root/aerostack2_ws/install/as2_behaviors_trajectory_generation', 'merge_install': False, 'path': '/root/aerostack2_ws/src/aerostack2/as2_behaviors/as2_behaviors_trajectory_generation', 'symlink_install': False, 'test_result_base': None}
[4.119s] Level 5:colcon.colcon_core.verb:set package 'as2_motion_controller' build argument 'cmake_args' from command line to 'None'
[4.119s] Level 5:colcon.colcon_core.verb:set package 'as2_motion_controller' build argument 'cmake_target' from command line to 'None'
[4.119s] Level 5:colcon.colcon_core.verb:set package 'as2_motion_controller' build argument 'cmake_target_skip_unavailable' from command line to 'False'
[4.120s] Level 5:colcon.colcon_core.verb:set package 'as2_motion_controller' build argument 'cmake_clean_cache' from command line to 'False'
[4.120s] Level 5:colcon.colcon_core.verb:set package 'as2_motion_controller' build argument 'cmake_clean_first' from command line to 'False'
[4.121s] Level 5:colcon.colcon_core.verb:set package 'as2_motion_controller' build argument 'cmake_force_configure' from command line to 'False'
[4.121s] Level 5:colcon.colcon_core.verb:set package 'as2_motion_controller' build argument 'ament_cmake_args' from command line to 'None'
[4.121s] Level 5:colcon.colcon_core.verb:set package 'as2_motion_controller' build argument 'catkin_cmake_args' from command line to 'None'
[4.124s] Level 5:colcon.colcon_core.verb:set package 'as2_motion_controller' build argument 'catkin_skip_building_tests' from command line to 'False'
[4.124s] DEBUG:colcon.colcon_core.verb:Building package 'as2_motion_controller' with the following arguments: {'ament_cmake_args': None, 'build_base': '/root/aerostack2_ws/build/as2_motion_controller', 'catkin_cmake_args': None, 'catkin_skip_building_tests': False, 'cmake_args': None, 'cmake_clean_cache': False, 'cmake_clean_first': False, 'cmake_force_configure': False, 'cmake_target': None, 'cmake_target_skip_unavailable': False, 'install_base': '/root/aerostack2_ws/install/as2_motion_controller', 'merge_install': False, 'path': '/root/aerostack2_ws/src/aerostack2/as2_motion_controller', 'symlink_install': False, 'test_result_base': None}
[4.127s] Level 5:colcon.colcon_core.verb:set package 'as2_platform_gazebo' build argument 'cmake_args' from command line to 'None'
[4.128s] Level 5:colcon.colcon_core.verb:set package 'as2_platform_gazebo' build argument 'cmake_target' from command line to 'None'
[4.128s] Level 5:colcon.colcon_core.verb:set package 'as2_platform_gazebo' build argument 'cmake_target_skip_unavailable' from command line to 'False'
[4.128s] Level 5:colcon.colcon_core.verb:set package 'as2_platform_gazebo' build argument 'cmake_clean_cache' from command line to 'False'
[4.128s] Level 5:colcon.colcon_core.verb:set package 'as2_platform_gazebo' build argument 'cmake_clean_first' from command line to 'False'
[4.128s] Level 5:colcon.colcon_core.verb:set package 'as2_platform_gazebo' build argument 'cmake_force_configure' from command line to 'False'
[4.128s] Level 5:colcon.colcon_core.verb:set package 'as2_platform_gazebo' build argument 'ament_cmake_args' from command line to 'None'
[4.128s] Level 5:colcon.colcon_core.verb:set package 'as2_platform_gazebo' build argument 'catkin_cmake_args' from command line to 'None'
[4.129s] Level 5:colcon.colcon_core.verb:set package 'as2_platform_gazebo' build argument 'catkin_skip_building_tests' from command line to 'False'
[4.129s] DEBUG:colcon.colcon_core.verb:Building package 'as2_platform_gazebo' with the following arguments: {'ament_cmake_args': None, 'build_base': '/root/aerostack2_ws/build/as2_platform_gazebo', 'catkin_cmake_args': None, 'catkin_skip_building_tests': False, 'cmake_args': None, 'cmake_clean_cache': False, 'cmake_clean_first': False, 'cmake_force_configure': False, 'cmake_target': None, 'cmake_target_skip_unavailable': False, 'install_base': '/root/aerostack2_ws/install/as2_platform_gazebo', 'merge_install': False, 'path': '/root/aerostack2_ws/src/aerostack2/as2_aerial_platforms/as2_platform_gazebo', 'symlink_install': False, 'test_result_base': None}
[4.129s] Level 5:colcon.colcon_core.verb:set package 'as2_python_api' build argument 'cmake_args' from command line to 'None'
[4.135s] Level 5:colcon.colcon_core.verb:set package 'as2_python_api' build argument 'cmake_target' from command line to 'None'
[4.135s] Level 5:colcon.colcon_core.verb:set package 'as2_python_api' build argument 'cmake_target_skip_unavailable' from command line to 'False'
[4.135s] Level 5:colcon.colcon_core.verb:set package 'as2_python_api' build argument 'cmake_clean_cache' from command line to 'False'
[4.135s] Level 5:colcon.colcon_core.verb:set package 'as2_python_api' build argument 'cmake_clean_first' from command line to 'False'
[4.136s] Level 5:colcon.colcon_core.verb:set package 'as2_python_api' build argument 'cmake_force_configure' from command line to 'False'
[4.136s] Level 5:colcon.colcon_core.verb:set package 'as2_python_api' build argument 'ament_cmake_args' from command line to 'None'
[4.136s] Level 5:colcon.colcon_core.verb:set package 'as2_python_api' build argument 'catkin_cmake_args' from command line to 'None'
[4.136s] Level 5:colcon.colcon_core.verb:set package 'as2_python_api' build argument 'catkin_skip_building_tests' from command line to 'False'
[4.136s] DEBUG:colcon.colcon_core.verb:Building package 'as2_python_api' with the following arguments: {'ament_cmake_args': None, 'build_base': '/root/aerostack2_ws/build/as2_python_api', 'catkin_cmake_args': None, 'catkin_skip_building_tests': False, 'cmake_args': None, 'cmake_clean_cache': False, 'cmake_clean_first': False, 'cmake_force_configure': False, 'cmake_target': None, 'cmake_target_skip_unavailable': False, 'install_base': '/root/aerostack2_ws/install/as2_python_api', 'merge_install': False, 'path': '/root/aerostack2_ws/src/aerostack2/as2_python_api', 'symlink_install': False, 'test_result_base': None}
[4.137s] Level 5:colcon.colcon_core.verb:set package 'as2_rviz_plugins' build argument 'cmake_args' from command line to 'None'
[4.137s] Level 5:colcon.colcon_core.verb:set package 'as2_rviz_plugins' build argument 'cmake_target' from command line to 'None'
[4.137s] Level 5:colcon.colcon_core.verb:set package 'as2_rviz_plugins' build argument 'cmake_target_skip_unavailable' from command line to 'False'
[4.137s] Level 5:colcon.colcon_core.verb:set package 'as2_rviz_plugins' build argument 'cmake_clean_cache' from command line to 'False'
[4.137s] Level 5:colcon.colcon_core.verb:set package 'as2_rviz_plugins' build argument 'cmake_clean_first' from command line to 'False'
[4.137s] Level 5:colcon.colcon_core.verb:set package 'as2_rviz_plugins' build argument 'cmake_force_configure' from command line to 'False'
[4.138s] Level 5:colcon.colcon_core.verb:set package 'as2_rviz_plugins' build argument 'ament_cmake_args' from command line to 'None'
[4.138s] Level 5:colcon.colcon_core.verb:set package 'as2_rviz_plugins' build argument 'catkin_cmake_args' from command line to 'None'
[4.138s] Level 5:colcon.colcon_core.verb:set package 'as2_rviz_plugins' build argument 'catkin_skip_building_tests' from command line to 'False'
[4.138s] DEBUG:colcon.colcon_core.verb:Building package 'as2_rviz_plugins' with the following arguments: {'ament_cmake_args': None, 'build_base': '/root/aerostack2_ws/build/as2_rviz_plugins', 'catkin_cmake_args': None, 'catkin_skip_building_tests': False, 'cmake_args': None, 'cmake_clean_cache': False, 'cmake_clean_first': False, 'cmake_force_configure': False, 'cmake_target': None, 'cmake_target_skip_unavailable': False, 'install_base': '/root/aerostack2_ws/install/as2_rviz_plugins', 'merge_install': False, 'path': '/root/aerostack2_ws/src/aerostack2/as2_user_interfaces/as2_visualization/as2_rviz_plugins', 'symlink_install': False, 'test_result_base': None}
[4.139s] Level 5:colcon.colcon_core.verb:set package 'as2_visualization' build argument 'cmake_args' from command line to 'None'
[4.141s] Level 5:colcon.colcon_core.verb:set package 'as2_visualization' build argument 'cmake_target' from command line to 'None'
[4.141s] Level 5:colcon.colcon_core.verb:set package 'as2_visualization' build argument 'cmake_target_skip_unavailable' from command line to 'False'
[4.142s] Level 5:colcon.colcon_core.verb:set package 'as2_visualization' build argument 'cmake_clean_cache' from command line to 'False'
[4.142s] Level 5:colcon.colcon_core.verb:set package 'as2_visualization' build argument 'cmake_clean_first' from command line to 'False'
[4.142s] Level 5:colcon.colcon_core.verb:set package 'as2_visualization' build argument 'cmake_force_configure' from command line to 'False'
[4.142s] Level 5:colcon.colcon_core.verb:set package 'as2_visualization' build argument 'ament_cmake_args' from command line to 'None'
[4.142s] Level 5:colcon.colcon_core.verb:set package 'as2_visualization' build argument 'catkin_cmake_args' from command line to 'None'
[4.142s] Level 5:colcon.colcon_core.verb:set package 'as2_visualization' build argument 'catkin_skip_building_tests' from command line to 'False'
[4.142s] DEBUG:colcon.colcon_core.verb:Building package 'as2_visualization' with the following arguments: {'ament_cmake_args': None, 'build_base': '/root/aerostack2_ws/build/as2_visualization', 'catkin_cmake_args': None, 'catkin_skip_building_tests': False, 'cmake_args': None, 'cmake_clean_cache': False, 'cmake_clean_first': False, 'cmake_force_configure': False, 'cmake_target': None, 'cmake_target_skip_unavailable': False, 'install_base': '/root/aerostack2_ws/install/as2_visualization', 'merge_install': False, 'path': '/root/aerostack2_ws/src/aerostack2/as2_user_interfaces/as2_visualization/as2_visualization', 'symlink_install': False, 'test_result_base': None}
[4.144s] Level 5:colcon.colcon_core.verb:set package 'as2_keyboard_teleoperation' build argument 'cmake_args' from command line to 'None'
[4.150s] Level 5:colcon.colcon_core.verb:set package 'as2_keyboard_teleoperation' build argument 'cmake_target' from command line to 'None'
[4.150s] Level 5:colcon.colcon_core.verb:set package 'as2_keyboard_teleoperation' build argument 'cmake_target_skip_unavailable' from command line to 'False'
[4.150s] Level 5:colcon.colcon_core.verb:set package 'as2_keyboard_teleoperation' build argument 'cmake_clean_cache' from command line to 'False'
[4.150s] Level 5:colcon.colcon_core.verb:set package 'as2_keyboard_teleoperation' build argument 'cmake_clean_first' from command line to 'False'
[4.150s] Level 5:colcon.colcon_core.verb:set package 'as2_keyboard_teleoperation' build argument 'cmake_force_configure' from command line to 'False'
[4.150s] Level 5:colcon.colcon_core.verb:set package 'as2_keyboard_teleoperation' build argument 'ament_cmake_args' from command line to 'None'
[4.151s] Level 5:colcon.colcon_core.verb:set package 'as2_keyboard_teleoperation' build argument 'catkin_cmake_args' from command line to 'None'
[4.151s] Level 5:colcon.colcon_core.verb:set package 'as2_keyboard_teleoperation' build argument 'catkin_skip_building_tests' from command line to 'False'
[4.151s] DEBUG:colcon.colcon_core.verb:Building package 'as2_keyboard_teleoperation' with the following arguments: {'ament_cmake_args': None, 'build_base': '/root/aerostack2_ws/build/as2_keyboard_teleoperation', 'catkin_cmake_args': None, 'catkin_skip_building_tests': False, 'cmake_args': None, 'cmake_clean_cache': False, 'cmake_clean_first': False, 'cmake_force_configure': False, 'cmake_target': None, 'cmake_target_skip_unavailable': False, 'install_base': '/root/aerostack2_ws/install/as2_keyboard_teleoperation', 'merge_install': False, 'path': '/root/aerostack2_ws/src/aerostack2/as2_user_interfaces/as2_keyboard_teleoperation', 'symlink_install': False, 'test_result_base': None}
[4.152s] Level 5:colcon.colcon_core.verb:set package 'aerostack2' build argument 'cmake_args' from command line to 'None'
[4.152s] Level 5:colcon.colcon_core.verb:set package 'aerostack2' build argument 'cmake_target' from command line to 'None'
[4.152s] Level 5:colcon.colcon_core.verb:set package 'aerostack2' build argument 'cmake_target_skip_unavailable' from command line to 'False'
[4.152s] Level 5:colcon.colcon_core.verb:set package 'aerostack2' build argument 'cmake_clean_cache' from command line to 'False'
[4.152s] Level 5:colcon.colcon_core.verb:set package 'aerostack2' build argument 'cmake_clean_first' from command line to 'False'
[4.152s] Level 5:colcon.colcon_core.verb:set package 'aerostack2' build argument 'cmake_force_configure' from command line to 'False'
[4.152s] Level 5:colcon.colcon_core.verb:set package 'aerostack2' build argument 'ament_cmake_args' from command line to 'None'
[4.152s] Level 5:colcon.colcon_core.verb:set package 'aerostack2' build argument 'catkin_cmake_args' from command line to 'None'
[4.153s] Level 5:colcon.colcon_core.verb:set package 'aerostack2' build argument 'catkin_skip_building_tests' from command line to 'False'
[4.153s] DEBUG:colcon.colcon_core.verb:Building package 'aerostack2' with the following arguments: {'ament_cmake_args': None, 'build_base': '/root/aerostack2_ws/build/aerostack2', 'catkin_cmake_args': None, 'catkin_skip_building_tests': False, 'cmake_args': None, 'cmake_clean_cache': False, 'cmake_clean_first': False, 'cmake_force_configure': False, 'cmake_target': None, 'cmake_target_skip_unavailable': False, 'install_base': '/root/aerostack2_ws/install/aerostack2', 'merge_install': False, 'path': '/root/aerostack2_ws/src/aerostack2/aerostack2', 'symlink_install': False, 'test_result_base': None}
[4.155s] INFO:colcon.colcon_core.executor:Executing jobs using 'parallel' executor
[4.166s] DEBUG:colcon.colcon_parallel_executor.executor.parallel:run_until_complete
[4.167s] INFO:colcon.colcon_ros.task.ament_cmake.build:Building ROS package in '/root/aerostack2_ws/src/aerostack2/as2_msgs' with build type 'ament_cmake'
[4.167s] INFO:colcon.colcon_cmake.task.cmake.build:Building CMake package in '/root/aerostack2_ws/src/aerostack2/as2_msgs'
[4.176s] INFO:colcon.colcon_core.plugin_system:Skipping extension 'colcon_core.shell.bat': Not used on non-Windows systems
[4.177s] INFO:colcon.colcon_core.shell:Skip shell extension 'powershell' for command environment: Not usable outside of PowerShell
[4.177s] DEBUG:colcon.colcon_core.shell:Skip shell extension 'dsv' for command environment
[4.209s] INFO:colcon.colcon_ros.task.ament_cmake.build:Building ROS package in '/root/aerostack2_ws/src/aerostack2/as2_swarm_person_interfaces' with build type 'ament_cmake'
[4.209s] INFO:colcon.colcon_cmake.task.cmake.build:Building CMake package in '/root/aerostack2_ws/src/aerostack2/as2_swarm_person_interfaces'
[4.210s] INFO:colcon.colcon_core.shell:Skip shell extension 'powershell' for command environment: Not usable outside of PowerShell
[4.211s] DEBUG:colcon.colcon_core.shell:Skip shell extension 'dsv' for command environment
[4.261s] INFO:colcon.colcon_ros.task.ament_cmake.build:Building ROS package in '/root/aerostack2_ws/src/aerostack2/as2_cli' with build type 'ament_cmake'
[4.261s] INFO:colcon.colcon_cmake.task.cmake.build:Building CMake package in '/root/aerostack2_ws/src/aerostack2/as2_cli'
[4.262s] INFO:colcon.colcon_core.shell:Skip shell extension 'powershell' for command environment: Not usable outside of PowerShell
[4.262s] DEBUG:colcon.colcon_core.shell:Skip shell extension 'dsv' for command environment
[4.313s] INFO:colcon.colcon_ros.task.ament_python.build:Building ROS package in '/root/aerostack2_ws/src/aerostack2/as2_groundray_perception' with build type 'ament_python'
[4.314s] Level 1:colcon.colcon_core.shell:create_environment_hook('as2_groundray_perception', 'ament_prefix_path')
[4.315s] INFO:colcon.colcon_core.shell:Creating environment hook '/root/aerostack2_ws/install/as2_groundray_perception/share/as2_groundray_perception/hook/ament_prefix_path.ps1'
[4.317s] INFO:colcon.colcon_core.shell:Creating environment descriptor '/root/aerostack2_ws/install/as2_groundray_perception/share/as2_groundray_perception/hook/ament_prefix_path.dsv'
[4.320s] INFO:colcon.colcon_core.shell:Creating environment hook '/root/aerostack2_ws/install/as2_groundray_perception/share/as2_groundray_perception/hook/ament_prefix_path.sh'
[4.322s] INFO:colcon.colcon_core.shell:Skip shell extension 'powershell' for command environment: Not usable outside of PowerShell
[4.324s] DEBUG:colcon.colcon_core.shell:Skip shell extension 'dsv' for command environment
[4.357s] INFO:colcon.colcon_ros.task.ament_python.build:Building ROS package in '/root/aerostack2_ws/src/aerostack2/as2_perception' with build type 'ament_python'
[4.358s] Level 1:colcon.colcon_core.shell:create_environment_hook('as2_perception', 'ament_prefix_path')
[4.359s] INFO:colcon.colcon_core.shell:Creating environment hook '/root/aerostack2_ws/install/as2_perception/share/as2_perception/hook/ament_prefix_path.ps1'
[4.360s] INFO:colcon.colcon_core.shell:Creating environment descriptor '/root/aerostack2_ws/install/as2_perception/share/as2_perception/hook/ament_prefix_path.dsv'
[4.360s] INFO:colcon.colcon_core.shell:Creating environment hook '/root/aerostack2_ws/install/as2_perception/share/as2_perception/hook/ament_prefix_path.sh'
[4.361s] INFO:colcon.colcon_core.shell:Skip shell extension 'powershell' for command environment: Not usable outside of PowerShell
[4.362s] DEBUG:colcon.colcon_core.shell:Skip shell extension 'dsv' for command environment
[4.371s] INFO:colcon.colcon_ros.task.ament_python.build:Building ROS package in '/root/aerostack2_ws/src/aerostack2/as2_project_bringup' with build type 'ament_python'
[4.371s] Level 1:colcon.colcon_core.shell:create_environment_hook('as2_project_bringup', 'ament_prefix_path')
[4.373s] INFO:colcon.colcon_core.shell:Creating environment hook '/root/aerostack2_ws/install/as2_project_bringup/share/as2_project_bringup/hook/ament_prefix_path.ps1'
[4.374s] INFO:colcon.colcon_core.shell:Creating environment descriptor '/root/aerostack2_ws/install/as2_project_bringup/share/as2_project_bringup/hook/ament_prefix_path.dsv'
[4.374s] INFO:colcon.colcon_core.shell:Creating environment hook '/root/aerostack2_ws/install/as2_project_bringup/share/as2_project_bringup/hook/ament_prefix_path.sh'
[4.375s] INFO:colcon.colcon_core.shell:Skip shell extension 'powershell' for command environment: Not usable outside of PowerShell
[4.375s] DEBUG:colcon.colcon_core.shell:Skip shell extension 'dsv' for command environment
[4.398s] INFO:colcon.colcon_ros.task.ament_python.build:Building ROS package in '/root/aerostack2_ws/src/aerostack2/as2_swarm_ekf' with build type 'ament_python'
[4.399s] Level 1:colcon.colcon_core.shell:create_environment_hook('as2_swarm_ekf', 'ament_prefix_path')
[4.399s] INFO:colcon.colcon_core.shell:Creating environment hook '/root/aerostack2_ws/install/as2_swarm_ekf/share/as2_swarm_ekf/hook/ament_prefix_path.ps1'
[4.401s] INFO:colcon.colcon_core.shell:Creating environment descriptor '/root/aerostack2_ws/install/as2_swarm_ekf/share/as2_swarm_ekf/hook/ament_prefix_path.dsv'
[4.402s] INFO:colcon.colcon_core.shell:Creating environment hook '/root/aerostack2_ws/install/as2_swarm_ekf/share/as2_swarm_ekf/hook/ament_prefix_path.sh'
[4.403s] INFO:colcon.colcon_core.shell:Skip shell extension 'powershell' for command environment: Not usable outside of PowerShell
[4.406s] DEBUG:colcon.colcon_core.shell:Skip shell extension 'dsv' for command environment
[4.420s] INFO:colcon.colcon_ros.task.ament_python.build:Building ROS package in '/root/aerostack2_ws/src/aerostack2/as2_swarm_fusion_ci' with build type 'ament_python'
[4.420s] Level 1:colcon.colcon_core.shell:create_environment_hook('as2_swarm_fusion_ci', 'ament_prefix_path')
[4.421s] INFO:colcon.colcon_core.shell:Creating environment hook '/root/aerostack2_ws/install/as2_swarm_fusion_ci/share/as2_swarm_fusion_ci/hook/ament_prefix_path.ps1'
[4.422s] INFO:colcon.colcon_core.shell:Creating environment descriptor '/root/aerostack2_ws/install/as2_swarm_fusion_ci/share/as2_swarm_fusion_ci/hook/ament_prefix_path.dsv'
[4.423s] INFO:colcon.colcon_core.shell:Creating environment hook '/root/aerostack2_ws/install/as2_swarm_fusion_ci/share/as2_swarm_fusion_ci/hook/ament_prefix_path.sh'
[4.425s] INFO:colcon.colcon_core.shell:Skip shell extension 'powershell' for command environment: Not usable outside of PowerShell
[4.425s] DEBUG:colcon.colcon_core.shell:Skip shell extension 'dsv' for command environment
[4.454s] DEBUG:colcon.colcon_core.event_handler.log_command:Invoking command in '/root/aerostack2_ws/build/as2_msgs': CMAKE_PREFIX_PATH=${CMAKE_PREFIX_PATH}:/root/aerostack2_ws/install/as2_swarm_person_tracking:/root/aerostack2_ws/install/as2_swarm_ci_fusion_people:/root/aerostack2_ws/install/rmf_demos_tasks:/root/aerostack2_ws/install/rmf_demos_panel:/root/aerostack2_ws/install/rmf_demos_fleet_adapter:/root/aerostack2_ws/install/rmf_demos_dashboard_resources:/root/aerostack2_ws/install/rmf_demos_bridges:/root/aerostack2_ws/install/rmf_demos_assets:/root/aerostack2_ws/install/as2_visualization:/root/aerostack2_ws/install/as2_swarm_perception:/root/aerostack2_ws/install/as2_swarm_fusion_ci:/root/aerostack2_ws/install/as2_swarm_ekf:/root/aerostack2_ws/install/as2_keyboard_teleoperation:/root/aerostack2_ws/install/as2_python_api:/root/aerostack2_ws/install/as2_project_bringup:/root/aerostack2_ws/install/as2_perception:/root/aerostack2_ws/install/as2_groundray_perception:/opt/ros/humble /usr/bin/cmake --build /root/aerostack2_ws/build/as2_msgs -- -j8 -l8
[4.487s] DEBUG:colcon.colcon_core.event_handler.log_command:Invoking command in '/root/aerostack2_ws/build/as2_swarm_person_interfaces': CMAKE_PREFIX_PATH=${CMAKE_PREFIX_PATH}:/root/aerostack2_ws/install/as2_swarm_person_tracking:/root/aerostack2_ws/install/as2_swarm_ci_fusion_people:/root/aerostack2_ws/install/rmf_demos_tasks:/root/aerostack2_ws/install/rmf_demos_panel:/root/aerostack2_ws/install/rmf_demos_fleet_adapter:/root/aerostack2_ws/install/rmf_demos_dashboard_resources:/root/aerostack2_ws/install/rmf_demos_bridges:/root/aerostack2_ws/install/rmf_demos_assets:/root/aerostack2_ws/install/as2_visualization:/root/aerostack2_ws/install/as2_swarm_perception:/root/aerostack2_ws/install/as2_swarm_fusion_ci:/root/aerostack2_ws/install/as2_swarm_ekf:/root/aerostack2_ws/install/as2_keyboard_teleoperation:/root/aerostack2_ws/install/as2_python_api:/root/aerostack2_ws/install/as2_project_bringup:/root/aerostack2_ws/install/as2_perception:/root/aerostack2_ws/install/as2_groundray_perception:/opt/ros/humble /usr/bin/cmake --build /root/aerostack2_ws/build/as2_swarm_person_interfaces -- -j8 -l8
[4.503s] DEBUG:colcon.colcon_core.event_handler.log_command:Invoking command in '/root/aerostack2_ws/build/as2_cli': CMAKE_PREFIX_PATH=${CMAKE_PREFIX_PATH}:/root/aerostack2_ws/install/as2_swarm_person_tracking:/root/aerostack2_ws/install/as2_swarm_ci_fusion_people:/root/aerostack2_ws/install/rmf_demos_tasks:/root/aerostack2_ws/install/rmf_demos_panel:/root/aerostack2_ws/install/rmf_demos_fleet_adapter:/root/aerostack2_ws/install/rmf_demos_dashboard_resources:/root/aerostack2_ws/install/rmf_demos_bridges:/root/aerostack2_ws/install/rmf_demos_assets:/root/aerostack2_ws/install/as2_visualization:/root/aerostack2_ws/install/as2_swarm_perception:/root/aerostack2_ws/install/as2_swarm_fusion_ci:/root/aerostack2_ws/install/as2_swarm_ekf:/root/aerostack2_ws/install/as2_keyboard_teleoperation:/root/aerostack2_ws/install/as2_python_api:/root/aerostack2_ws/install/as2_project_bringup:/root/aerostack2_ws/install/as2_perception:/root/aerostack2_ws/install/as2_groundray_perception:/opt/ros/humble /usr/bin/cmake --build /root/aerostack2_ws/build/as2_cli -- -j8 -l8
[6.849s] INFO:colcon.colcon_core.task.python.build:Building Python package in '/root/aerostack2_ws/src/aerostack2/as2_groundray_perception'
[6.849s] INFO:colcon.colcon_core.shell:Skip shell extension 'powershell' for command environment: Not usable outside of PowerShell
[6.850s] DEBUG:colcon.colcon_core.shell:Skip shell extension 'dsv' for command environment
[7.407s] INFO:colcon.colcon_core.task.python.build:Building Python package in '/root/aerostack2_ws/src/aerostack2/as2_perception'
[7.407s] INFO:colcon.colcon_core.shell:Skip shell extension 'powershell' for command environment: Not usable outside of PowerShell
[7.407s] DEBUG:colcon.colcon_core.shell:Skip shell extension 'dsv' for command environment
[8.213s] INFO:colcon.colcon_core.task.python.build:Building Python package in '/root/aerostack2_ws/src/aerostack2/as2_project_bringup'
[8.213s] INFO:colcon.colcon_core.shell:Skip shell extension 'powershell' for command environment: Not usable outside of PowerShell
[8.213s] DEBUG:colcon.colcon_core.shell:Skip shell extension 'dsv' for command environment
[9.068s] INFO:colcon.colcon_core.task.python.build:Building Python package in '/root/aerostack2_ws/src/aerostack2/as2_swarm_ekf'
[9.069s] INFO:colcon.colcon_core.shell:Skip shell extension 'powershell' for command environment: Not usable outside of PowerShell
[9.069s] DEBUG:colcon.colcon_core.shell:Skip shell extension 'dsv' for command environment
[9.569s] INFO:colcon.colcon_core.task.python.build:Building Python package in '/root/aerostack2_ws/src/aerostack2/as2_swarm_fusion_ci'
[9.569s] INFO:colcon.colcon_core.shell:Skip shell extension 'powershell' for command environment: Not usable outside of PowerShell
[9.569s] DEBUG:colcon.colcon_core.shell:Skip shell extension 'dsv' for command environment
[9.705s] DEBUG:colcon.colcon_core.event_handler.log_command:Invoked command in '/root/aerostack2_ws/build/as2_msgs' returned '0': CMAKE_PREFIX_PATH=${CMAKE_PREFIX_PATH}:/root/aerostack2_ws/install/as2_swarm_person_tracking:/root/aerostack2_ws/install/as2_swarm_ci_fusion_people:/root/aerostack2_ws/install/rmf_demos_tasks:/root/aerostack2_ws/install/rmf_demos_panel:/root/aerostack2_ws/install/rmf_demos_fleet_adapter:/root/aerostack2_ws/install/rmf_demos_dashboard_resources:/root/aerostack2_ws/install/rmf_demos_bridges:/root/aerostack2_ws/install/rmf_demos_assets:/root/aerostack2_ws/install/as2_visualization:/root/aerostack2_ws/install/as2_swarm_perception:/root/aerostack2_ws/install/as2_swarm_fusion_ci:/root/aerostack2_ws/install/as2_swarm_ekf:/root/aerostack2_ws/install/as2_keyboard_teleoperation:/root/aerostack2_ws/install/as2_python_api:/root/aerostack2_ws/install/as2_project_bringup:/root/aerostack2_ws/install/as2_perception:/root/aerostack2_ws/install/as2_groundray_perception:/opt/ros/humble /usr/bin/cmake --build /root/aerostack2_ws/build/as2_msgs -- -j8 -l8
[9.731s] DEBUG:colcon.colcon_core.event_handler.log_command:Invoking command in '/root/aerostack2_ws/build/as2_msgs': CMAKE_PREFIX_PATH=${CMAKE_PREFIX_PATH}:/root/aerostack2_ws/install/as2_swarm_person_tracking:/root/aerostack2_ws/install/as2_swarm_ci_fusion_people:/root/aerostack2_ws/install/rmf_demos_tasks:/root/aerostack2_ws/install/rmf_demos_panel:/root/aerostack2_ws/install/rmf_demos_fleet_adapter:/root/aerostack2_ws/install/rmf_demos_dashboard_resources:/root/aerostack2_ws/install/rmf_demos_bridges:/root/aerostack2_ws/install/rmf_demos_assets:/root/aerostack2_ws/install/as2_visualization:/root/aerostack2_ws/install/as2_swarm_perception:/root/aerostack2_ws/install/as2_swarm_fusion_ci:/root/aerostack2_ws/install/as2_swarm_ekf:/root/aerostack2_ws/install/as2_keyboard_teleoperation:/root/aerostack2_ws/install/as2_python_api:/root/aerostack2_ws/install/as2_project_bringup:/root/aerostack2_ws/install/as2_perception:/root/aerostack2_ws/install/as2_groundray_perception:/opt/ros/humble /usr/bin/cmake --install /root/aerostack2_ws/build/as2_msgs
[9.740s] DEBUG:colcon.colcon_core.event_handler.log_command:Invoked command in '/root/aerostack2_ws/build/as2_swarm_person_interfaces' returned '0': CMAKE_PREFIX_PATH=${CMAKE_PREFIX_PATH}:/root/aerostack2_ws/install/as2_swarm_person_tracking:/root/aerostack2_ws/install/as2_swarm_ci_fusion_people:/root/aerostack2_ws/install/rmf_demos_tasks:/root/aerostack2_ws/install/rmf_demos_panel:/root/aerostack2_ws/install/rmf_demos_fleet_adapter:/root/aerostack2_ws/install/rmf_demos_dashboard_resources:/root/aerostack2_ws/install/rmf_demos_bridges:/root/aerostack2_ws/install/rmf_demos_assets:/root/aerostack2_ws/install/as2_visualization:/root/aerostack2_ws/install/as2_swarm_perception:/root/aerostack2_ws/install/as2_swarm_fusion_ci:/root/aerostack2_ws/install/as2_swarm_ekf:/root/aerostack2_ws/install/as2_keyboard_teleoperation:/root/aerostack2_ws/install/as2_python_api:/root/aerostack2_ws/install/as2_project_bringup:/root/aerostack2_ws/install/as2_perception:/root/aerostack2_ws/install/as2_groundray_perception:/opt/ros/humble /usr/bin/cmake --build /root/aerostack2_ws/build/as2_swarm_person_interfaces -- -j8 -l8
[9.742s] DEBUG:colcon.colcon_core.event_handler.log_command:Invoking command in '/root/aerostack2_ws/build/as2_swarm_person_interfaces': CMAKE_PREFIX_PATH=${CMAKE_PREFIX_PATH}:/root/aerostack2_ws/install/as2_swarm_person_tracking:/root/aerostack2_ws/install/as2_swarm_ci_fusion_people:/root/aerostack2_ws/install/rmf_demos_tasks:/root/aerostack2_ws/install/rmf_demos_panel:/root/aerostack2_ws/install/rmf_demos_fleet_adapter:/root/aerostack2_ws/install/rmf_demos_dashboard_resources:/root/aerostack2_ws/install/rmf_demos_bridges:/root/aerostack2_ws/install/rmf_demos_assets:/root/aerostack2_ws/install/as2_visualization:/root/aerostack2_ws/install/as2_swarm_perception:/root/aerostack2_ws/install/as2_swarm_fusion_ci:/root/aerostack2_ws/install/as2_swarm_ekf:/root/aerostack2_ws/install/as2_keyboard_teleoperation:/root/aerostack2_ws/install/as2_python_api:/root/aerostack2_ws/install/as2_project_bringup:/root/aerostack2_ws/install/as2_perception:/root/aerostack2_ws/install/as2_groundray_perception:/opt/ros/humble /usr/bin/cmake --install /root/aerostack2_ws/build/as2_swarm_person_interfaces
[9.750s] DEBUG:colcon.colcon_core.event_handler.log_command:Invoked command in '/root/aerostack2_ws/build/as2_cli' returned '0': CMAKE_PREFIX_PATH=${CMAKE_PREFIX_PATH}:/root/aerostack2_ws/install/as2_swarm_person_tracking:/root/aerostack2_ws/install/as2_swarm_ci_fusion_people:/root/aerostack2_ws/install/rmf_demos_tasks:/root/aerostack2_ws/install/rmf_demos_panel:/root/aerostack2_ws/install/rmf_demos_fleet_adapter:/root/aerostack2_ws/install/rmf_demos_dashboard_resources:/root/aerostack2_ws/install/rmf_demos_bridges:/root/aerostack2_ws/install/rmf_demos_assets:/root/aerostack2_ws/install/as2_visualization:/root/aerostack2_ws/install/as2_swarm_perception:/root/aerostack2_ws/install/as2_swarm_fusion_ci:/root/aerostack2_ws/install/as2_swarm_ekf:/root/aerostack2_ws/install/as2_keyboard_teleoperation:/root/aerostack2_ws/install/as2_python_api:/root/aerostack2_ws/install/as2_project_bringup:/root/aerostack2_ws/install/as2_perception:/root/aerostack2_ws/install/as2_groundray_perception:/opt/ros/humble /usr/bin/cmake --build /root/aerostack2_ws/build/as2_cli -- -j8 -l8
[9.780s] DEBUG:colcon.colcon_core.event_handler.log_command:Invoking command in '/root/aerostack2_ws/build/as2_cli': CMAKE_PREFIX_PATH=${CMAKE_PREFIX_PATH}:/root/aerostack2_ws/install/as2_swarm_person_tracking:/root/aerostack2_ws/install/as2_swarm_ci_fusion_people:/root/aerostack2_ws/install/rmf_demos_tasks:/root/aerostack2_ws/install/rmf_demos_panel:/root/aerostack2_ws/install/rmf_demos_fleet_adapter:/root/aerostack2_ws/install/rmf_demos_dashboard_resources:/root/aerostack2_ws/install/rmf_demos_bridges:/root/aerostack2_ws/install/rmf_demos_assets:/root/aerostack2_ws/install/as2_visualization:/root/aerostack2_ws/install/as2_swarm_perception:/root/aerostack2_ws/install/as2_swarm_fusion_ci:/root/aerostack2_ws/install/as2_swarm_ekf:/root/aerostack2_ws/install/as2_keyboard_teleoperation:/root/aerostack2_ws/install/as2_python_api:/root/aerostack2_ws/install/as2_project_bringup:/root/aerostack2_ws/install/as2_perception:/root/aerostack2_ws/install/as2_groundray_perception:/opt/ros/humble /usr/bin/cmake --install /root/aerostack2_ws/build/as2_cli
[9.861s] Level 1:colcon.colcon_core.environment:create_environment_scripts_only(as2_cli)
[9.907s] Level 1:colcon.colcon_core.environment:checking '/root/aerostack2_ws/install/as2_cli' for CMake module files
[9.933s] Level 1:colcon.colcon_core.environment:checking '/root/aerostack2_ws/install/as2_cli' for CMake config files
[9.933s] Level 1:colcon.colcon_core.shell:create_environment_hook('as2_cli', 'cmake_prefix_path')
[9.934s] INFO:colcon.colcon_core.shell:Creating environment hook '/root/aerostack2_ws/install/as2_cli/share/as2_cli/hook/cmake_prefix_path.ps1'
[9.944s] INFO:colcon.colcon_core.shell:Creating environment descriptor '/root/aerostack2_ws/install/as2_cli/share/as2_cli/hook/cmake_prefix_path.dsv'
[9.945s] INFO:colcon.colcon_core.shell:Creating environment hook '/root/aerostack2_ws/install/as2_cli/share/as2_cli/hook/cmake_prefix_path.sh'
[9.951s] Level 1:colcon.colcon_core.environment:checking '/root/aerostack2_ws/install/as2_cli/bin'
[9.951s] Level 1:colcon.colcon_core.environment:checking '/root/aerostack2_ws/install/as2_cli/lib/pkgconfig/as2_cli.pc'
[9.952s] Level 1:colcon.colcon_core.environment:checking '/root/aerostack2_ws/install/as2_cli/lib/python3.10/site-packages'
[9.952s] Level 1:colcon.colcon_core.environment:checking '/root/aerostack2_ws/install/as2_cli/bin'
[9.953s] INFO:colcon.colcon_core.shell:Creating package script '/root/aerostack2_ws/install/as2_cli/share/as2_cli/package.ps1'
[9.954s] INFO:colcon.colcon_core.shell:Creating package descriptor '/root/aerostack2_ws/install/as2_cli/share/as2_cli/package.dsv'
[9.993s] INFO:colcon.colcon_core.shell:Creating package script '/root/aerostack2_ws/install/as2_cli/share/as2_cli/package.sh'
[10.000s] INFO:colcon.colcon_core.shell:Creating package script '/root/aerostack2_ws/install/as2_cli/share/as2_cli/package.bash'
[10.010s] INFO:colcon.colcon_core.shell:Creating package script '/root/aerostack2_ws/install/as2_cli/share/as2_cli/package.zsh'
[10.027s] Level 1:colcon.colcon_core.environment:create_file_with_runtime_dependencies(/root/aerostack2_ws/install/as2_cli/share/colcon-core/packages/as2_cli)
[10.028s] Level 1:colcon.colcon_core.environment:create_environment_scripts_only(as2_cli)
[10.028s] Level 1:colcon.colcon_core.environment:checking '/root/aerostack2_ws/install/as2_cli' for CMake module files
[10.072s] Level 1:colcon.colcon_core.environment:checking '/root/aerostack2_ws/install/as2_cli' for CMake config files
[10.072s] Level 1:colcon.colcon_core.shell:create_environment_hook('as2_cli', 'cmake_prefix_path')
[10.073s] INFO:colcon.colcon_core.shell:Creating environment hook '/root/aerostack2_ws/install/as2_cli/share/as2_cli/hook/cmake_prefix_path.ps1'
[10.090s] INFO:colcon.colcon_core.shell:Creating environment descriptor '/root/aerostack2_ws/install/as2_cli/share/as2_cli/hook/cmake_prefix_path.dsv'
[10.091s] INFO:colcon.colcon_core.shell:Creating environment hook '/root/aerostack2_ws/install/as2_cli/share/as2_cli/hook/cmake_prefix_path.sh'
[10.096s] Level 1:colcon.colcon_core.environment:checking '/root/aerostack2_ws/install/as2_cli/bin'
[10.096s] Level 1:colcon.colcon_core.environment:checking '/root/aerostack2_ws/install/as2_cli/lib/pkgconfig/as2_cli.pc'
[10.096s] Level 1:colcon.colcon_core.environment:checking '/root/aerostack2_ws/install/as2_cli/lib/python3.10/site-packages'
[10.097s] Level 1:colcon.colcon_core.environment:checking '/root/aerostack2_ws/install/as2_cli/bin'
[10.097s] INFO:colcon.colcon_core.shell:Creating package script '/root/aerostack2_ws/install/as2_cli/share/as2_cli/package.ps1'
[10.133s] INFO:colcon.colcon_core.shell:Creating package descriptor '/root/aerostack2_ws/install/as2_cli/share/as2_cli/package.dsv'
[10.134s] INFO:colcon.colcon_core.shell:Creating package script '/root/aerostack2_ws/install/as2_cli/share/as2_cli/package.sh'
[10.136s] INFO:colcon.colcon_core.shell:Creating package script '/root/aerostack2_ws/install/as2_cli/share/as2_cli/package.bash'
[10.137s] INFO:colcon.colcon_core.shell:Creating package script '/root/aerostack2_ws/install/as2_cli/share/as2_cli/package.zsh'
[10.138s] Level 1:colcon.colcon_core.environment:create_file_with_runtime_dependencies(/root/aerostack2_ws/install/as2_cli/share/colcon-core/packages/as2_cli)
[10.138s] INFO:colcon.colcon_ros.task.ament_python.build:Building ROS package in '/root/aerostack2_ws/src/aerostack2/as2_swarm_perception' with build type 'ament_python'
[10.139s] Level 1:colcon.colcon_core.shell:create_environment_hook('as2_swarm_perception', 'ament_prefix_path')
[10.139s] INFO:colcon.colcon_core.shell:Creating environment hook '/root/aerostack2_ws/install/as2_swarm_perception/share/as2_swarm_perception/hook/ament_prefix_path.ps1'
[10.140s] INFO:colcon.colcon_core.shell:Creating environment descriptor '/root/aerostack2_ws/install/as2_swarm_perception/share/as2_swarm_perception/hook/ament_prefix_path.dsv'
[10.140s] INFO:colcon.colcon_core.shell:Creating environment hook '/root/aerostack2_ws/install/as2_swarm_perception/share/as2_swarm_perception/hook/ament_prefix_path.sh'
[10.142s] INFO:colcon.colcon_core.shell:Skip shell extension 'powershell' for command environment: Not usable outside of PowerShell
[10.142s] DEBUG:colcon.colcon_core.shell:Skip shell extension 'dsv' for command environment
[10.174s] DEBUG:colcon.colcon_core.event_handler.log_command:Invoked command in '/root/aerostack2_ws/build/as2_cli' returned '0': CMAKE_PREFIX_PATH=${CMAKE_PREFIX_PATH}:/root/aerostack2_ws/install/as2_swarm_person_tracking:/root/aerostack2_ws/install/as2_swarm_ci_fusion_people:/root/aerostack2_ws/install/rmf_demos_tasks:/root/aerostack2_ws/install/rmf_demos_panel:/root/aerostack2_ws/install/rmf_demos_fleet_adapter:/root/aerostack2_ws/install/rmf_demos_dashboard_resources:/root/aerostack2_ws/install/rmf_demos_bridges:/root/aerostack2_ws/install/rmf_demos_assets:/root/aerostack2_ws/install/as2_visualization:/root/aerostack2_ws/install/as2_swarm_perception:/root/aerostack2_ws/install/as2_swarm_fusion_ci:/root/aerostack2_ws/install/as2_swarm_ekf:/root/aerostack2_ws/install/as2_keyboard_teleoperation:/root/aerostack2_ws/install/as2_python_api:/root/aerostack2_ws/install/as2_project_bringup:/root/aerostack2_ws/install/as2_perception:/root/aerostack2_ws/install/as2_groundray_perception:/opt/ros/humble /usr/bin/cmake --install /root/aerostack2_ws/build/as2_cli
[13.068s] INFO:colcon.colcon_core.task.python.build:Building Python package in '/root/aerostack2_ws/src/aerostack2/as2_swarm_perception'
[13.070s] INFO:colcon.colcon_core.shell:Skip shell extension 'powershell' for command environment: Not usable outside of PowerShell
[13.070s] DEBUG:colcon.colcon_core.shell:Skip shell extension 'dsv' for command environment
[13.127s] Level 1:colcon.colcon_core.environment:create_environment_scripts_only(as2_swarm_person_interfaces)
[13.128s] DEBUG:colcon.colcon_core.event_handler.log_command:Invoked command in '/root/aerostack2_ws/build/as2_swarm_person_interfaces' returned '0': CMAKE_PREFIX_PATH=${CMAKE_PREFIX_PATH}:/root/aerostack2_ws/install/as2_swarm_person_tracking:/root/aerostack2_ws/install/as2_swarm_ci_fusion_people:/root/aerostack2_ws/install/rmf_demos_tasks:/root/aerostack2_ws/install/rmf_demos_panel:/root/aerostack2_ws/install/rmf_demos_fleet_adapter:/root/aerostack2_ws/install/rmf_demos_dashboard_resources:/root/aerostack2_ws/install/rmf_demos_bridges:/root/aerostack2_ws/install/rmf_demos_assets:/root/aerostack2_ws/install/as2_visualization:/root/aerostack2_ws/install/as2_swarm_perception:/root/aerostack2_ws/install/as2_swarm_fusion_ci:/root/aerostack2_ws/install/as2_swarm_ekf:/root/aerostack2_ws/install/as2_keyboard_teleoperation:/root/aerostack2_ws/install/as2_python_api:/root/aerostack2_ws/install/as2_project_bringup:/root/aerostack2_ws/install/as2_perception:/root/aerostack2_ws/install/as2_groundray_perception:/opt/ros/humble /usr/bin/cmake --install /root/aerostack2_ws/build/as2_swarm_person_interfaces
[13.130s] Level 1:colcon.colcon_core.environment:checking '/root/aerostack2_ws/install/as2_swarm_person_interfaces' for CMake module files
[13.137s] Level 1:colcon.colcon_core.environment:checking '/root/aerostack2_ws/install/as2_swarm_person_interfaces' for CMake config files
[13.137s] Level 1:colcon.colcon_core.shell:create_environment_hook('as2_swarm_person_interfaces', 'cmake_prefix_path')
[13.138s] INFO:colcon.colcon_core.shell:Creating environment hook '/root/aerostack2_ws/install/as2_swarm_person_interfaces/share/as2_swarm_person_interfaces/hook/cmake_prefix_path.ps1'
[13.139s] INFO:colcon.colcon_core.shell:Creating environment descriptor '/root/aerostack2_ws/install/as2_swarm_person_interfaces/share/as2_swarm_person_interfaces/hook/cmake_prefix_path.dsv'
[13.143s] INFO:colcon.colcon_core.shell:Creating environment hook '/root/aerostack2_ws/install/as2_swarm_person_interfaces/share/as2_swarm_person_interfaces/hook/cmake_prefix_path.sh'
[13.150s] Level 1:colcon.colcon_core.environment:checking '/root/aerostack2_ws/install/as2_swarm_person_interfaces/lib'
[13.151s] Level 1:colcon.colcon_core.shell:create_environment_hook('as2_swarm_person_interfaces', 'ld_library_path_lib')
[13.151s] INFO:colcon.colcon_core.shell:Creating environment hook '/root/aerostack2_ws/install/as2_swarm_person_interfaces/share/as2_swarm_person_interfaces/hook/ld_library_path_lib.ps1'
[13.155s] INFO:colcon.colcon_core.shell:Creating environment descriptor '/root/aerostack2_ws/install/as2_swarm_person_interfaces/share/as2_swarm_person_interfaces/hook/ld_library_path_lib.dsv'
[13.156s] INFO:colcon.colcon_core.shell:Creating environment hook '/root/aerostack2_ws/install/as2_swarm_person_interfaces/share/as2_swarm_person_interfaces/hook/ld_library_path_lib.sh'
[13.156s] Level 1:colcon.colcon_core.environment:checking '/root/aerostack2_ws/install/as2_swarm_person_interfaces/bin'
[13.160s] Level 1:colcon.colcon_core.environment:checking '/root/aerostack2_ws/install/as2_swarm_person_interfaces/lib/pkgconfig/as2_swarm_person_interfaces.pc'
[13.160s] Level 1:colcon.colcon_core.environment:checking '/root/aerostack2_ws/install/as2_swarm_person_interfaces/lib/python3.10/site-packages'
[13.161s] Level 1:colcon.colcon_core.environment:checking '/root/aerostack2_ws/install/as2_swarm_person_interfaces/bin'
[13.161s] INFO:colcon.colcon_core.shell:Creating package script '/root/aerostack2_ws/install/as2_swarm_person_interfaces/share/as2_swarm_person_interfaces/package.ps1'
[13.162s] INFO:colcon.colcon_core.shell:Creating package descriptor '/root/aerostack2_ws/install/as2_swarm_person_interfaces/share/as2_swarm_person_interfaces/package.dsv'
[13.167s] INFO:colcon.colcon_core.shell:Creating package script '/root/aerostack2_ws/install/as2_swarm_person_interfaces/share/as2_swarm_person_interfaces/package.sh'
[13.172s] INFO:colcon.colcon_core.shell:Creating package script '/root/aerostack2_ws/install/as2_swarm_person_interfaces/share/as2_swarm_person_interfaces/package.bash'
[13.175s] INFO:colcon.colcon_core.shell:Creating package script '/root/aerostack2_ws/install/as2_swarm_person_interfaces/share/as2_swarm_person_interfaces/package.zsh'
[13.176s] Level 1:colcon.colcon_core.environment:create_file_with_runtime_dependencies(/root/aerostack2_ws/install/as2_swarm_person_interfaces/share/colcon-core/packages/as2_swarm_person_interfaces)
[13.177s] Level 1:colcon.colcon_core.environment:create_environment_scripts_only(as2_swarm_person_interfaces)
[13.178s] Level 1:colcon.colcon_core.environment:checking '/root/aerostack2_ws/install/as2_swarm_person_interfaces' for CMake module files
[13.183s] Level 1:colcon.colcon_core.environment:checking '/root/aerostack2_ws/install/as2_swarm_person_interfaces' for CMake config files
[13.184s] Level 1:colcon.colcon_core.shell:create_environment_hook('as2_swarm_person_interfaces', 'cmake_prefix_path')
[13.188s] INFO:colcon.colcon_core.shell:Creating environment hook '/root/aerostack2_ws/install/as2_swarm_person_interfaces/share/as2_swarm_person_interfaces/hook/cmake_prefix_path.ps1'
[13.189s] INFO:colcon.colcon_core.shell:Creating environment descriptor '/root/aerostack2_ws/install/as2_swarm_person_interfaces/share/as2_swarm_person_interfaces/hook/cmake_prefix_path.dsv'
[13.191s] INFO:colcon.colcon_core.shell:Creating environment hook '/root/aerostack2_ws/install/as2_swarm_person_interfaces/share/as2_swarm_person_interfaces/hook/cmake_prefix_path.sh'
[13.191s] Level 1:colcon.colcon_core.environment:checking '/root/aerostack2_ws/install/as2_swarm_person_interfaces/lib'
[13.196s] Level 1:colcon.colcon_core.shell:create_environment_hook('as2_swarm_person_interfaces', 'ld_library_path_lib')
[13.196s] INFO:colcon.colcon_core.shell:Creating environment hook '/root/aerostack2_ws/install/as2_swarm_person_interfaces/share/as2_swarm_person_interfaces/hook/ld_library_path_lib.ps1'
[13.199s] INFO:colcon.colcon_core.shell:Creating environment descriptor '/root/aerostack2_ws/install/as2_swarm_person_interfaces/share/as2_swarm_person_interfaces/hook/ld_library_path_lib.dsv'
[13.203s] INFO:colcon.colcon_core.shell:Creating environment hook '/root/aerostack2_ws/install/as2_swarm_person_interfaces/share/as2_swarm_person_interfaces/hook/ld_library_path_lib.sh'
[13.203s] Level 1:colcon.colcon_core.environment:checking '/root/aerostack2_ws/install/as2_swarm_person_interfaces/bin'
[13.204s] Level 1:colcon.colcon_core.environment:checking '/root/aerostack2_ws/install/as2_swarm_person_interfaces/lib/pkgconfig/as2_swarm_person_interfaces.pc'
[13.204s] Level 1:colcon.colcon_core.environment:checking '/root/aerostack2_ws/install/as2_swarm_person_interfaces/lib/python3.10/site-packages'
[13.208s] Level 1:colcon.colcon_core.environment:checking '/root/aerostack2_ws/install/as2_swarm_person_interfaces/bin'
[13.209s] INFO:colcon.colcon_core.shell:Creating package script '/root/aerostack2_ws/install/as2_swarm_person_interfaces/share/as2_swarm_person_interfaces/package.ps1'
[13.210s] INFO:colcon.colcon_core.shell:Creating package descriptor '/root/aerostack2_ws/install/as2_swarm_person_interfaces/share/as2_swarm_person_interfaces/package.dsv'
[13.221s] INFO:colcon.colcon_core.shell:Creating package script '/root/aerostack2_ws/install/as2_swarm_person_interfaces/share/as2_swarm_person_interfaces/package.sh'
[13.226s] INFO:colcon.colcon_core.shell:Creating package script '/root/aerostack2_ws/install/as2_swarm_person_interfaces/share/as2_swarm_person_interfaces/package.bash'
[13.226s] INFO:colcon.colcon_core.shell:Creating package script '/root/aerostack2_ws/install/as2_swarm_person_interfaces/share/as2_swarm_person_interfaces/package.zsh'
[13.230s] Level 1:colcon.colcon_core.environment:create_file_with_runtime_dependencies(/root/aerostack2_ws/install/as2_swarm_person_interfaces/share/colcon-core/packages/as2_swarm_person_interfaces)
[13.231s] Level 1:colcon.colcon_core.environment:create_environment_scripts_only(as2_msgs)
[13.233s] Level 1:colcon.colcon_core.environment:checking '/root/aerostack2_ws/install/as2_msgs' for CMake module files
[13.233s] DEBUG:colcon.colcon_core.event_handler.log_command:Invoked command in '/root/aerostack2_ws/build/as2_msgs' returned '0': CMAKE_PREFIX_PATH=${CMAKE_PREFIX_PATH}:/root/aerostack2_ws/install/as2_swarm_person_tracking:/root/aerostack2_ws/install/as2_swarm_ci_fusion_people:/root/aerostack2_ws/install/rmf_demos_tasks:/root/aerostack2_ws/install/rmf_demos_panel:/root/aerostack2_ws/install/rmf_demos_fleet_adapter:/root/aerostack2_ws/install/rmf_demos_dashboard_resources:/root/aerostack2_ws/install/rmf_demos_bridges:/root/aerostack2_ws/install/rmf_demos_assets:/root/aerostack2_ws/install/as2_visualization:/root/aerostack2_ws/install/as2_swarm_perception:/root/aerostack2_ws/install/as2_swarm_fusion_ci:/root/aerostack2_ws/install/as2_swarm_ekf:/root/aerostack2_ws/install/as2_keyboard_teleoperation:/root/aerostack2_ws/install/as2_python_api:/root/aerostack2_ws/install/as2_project_bringup:/root/aerostack2_ws/install/as2_perception:/root/aerostack2_ws/install/as2_groundray_perception:/opt/ros/humble /usr/bin/cmake --install /root/aerostack2_ws/build/as2_msgs
[13.236s] Level 1:colcon.colcon_core.environment:checking '/root/aerostack2_ws/install/as2_msgs' for CMake config files
[13.240s] Level 1:colcon.colcon_core.shell:create_environment_hook('as2_msgs', 'cmake_prefix_path')
[13.240s] INFO:colcon.colcon_core.shell:Creating environment hook '/root/aerostack2_ws/install/as2_msgs/share/as2_msgs/hook/cmake_prefix_path.ps1'
[13.257s] INFO:colcon.colcon_core.shell:Creating environment descriptor '/root/aerostack2_ws/install/as2_msgs/share/as2_msgs/hook/cmake_prefix_path.dsv'
[13.266s] INFO:colcon.colcon_core.shell:Creating environment hook '/root/aerostack2_ws/install/as2_msgs/share/as2_msgs/hook/cmake_prefix_path.sh'
[13.279s] Level 1:colcon.colcon_core.environment:checking '/root/aerostack2_ws/install/as2_msgs/lib'
[13.280s] Level 1:colcon.colcon_core.shell:create_environment_hook('as2_msgs', 'ld_library_path_lib')
[13.280s] INFO:colcon.colcon_core.shell:Creating environment hook '/root/aerostack2_ws/install/as2_msgs/share/as2_msgs/hook/ld_library_path_lib.ps1'
[13.289s] INFO:colcon.colcon_core.shell:Creating environment descriptor '/root/aerostack2_ws/install/as2_msgs/share/as2_msgs/hook/ld_library_path_lib.dsv'
[13.318s] INFO:colcon.colcon_core.shell:Creating environment hook '/root/aerostack2_ws/install/as2_msgs/share/as2_msgs/hook/ld_library_path_lib.sh'
[13.320s] Level 1:colcon.colcon_core.environment:checking '/root/aerostack2_ws/install/as2_msgs/bin'
[13.320s] Level 1:colcon.colcon_core.environment:checking '/root/aerostack2_ws/install/as2_msgs/lib/pkgconfig/as2_msgs.pc'
[13.321s] Level 1:colcon.colcon_core.environment:checking '/root/aerostack2_ws/install/as2_msgs/lib/python3.10/site-packages'
[13.336s] Level 1:colcon.colcon_core.environment:checking '/root/aerostack2_ws/install/as2_msgs/bin'
[13.344s] INFO:colcon.colcon_core.shell:Creating package script '/root/aerostack2_ws/install/as2_msgs/share/as2_msgs/package.ps1'
[13.348s] INFO:colcon.colcon_core.shell:Creating package descriptor '/root/aerostack2_ws/install/as2_msgs/share/as2_msgs/package.dsv'
[13.350s] INFO:colcon.colcon_core.shell:Creating package script '/root/aerostack2_ws/install/as2_msgs/share/as2_msgs/package.sh'
[13.351s] INFO:colcon.colcon_core.shell:Creating package script '/root/aerostack2_ws/install/as2_msgs/share/as2_msgs/package.bash'
[13.367s] INFO:colcon.colcon_core.shell:Creating package script '/root/aerostack2_ws/install/as2_msgs/share/as2_msgs/package.zsh'
[13.368s] Level 1:colcon.colcon_core.environment:create_file_with_runtime_dependencies(/root/aerostack2_ws/install/as2_msgs/share/colcon-core/packages/as2_msgs)
[13.369s] Level 1:colcon.colcon_core.environment:create_environment_scripts_only(as2_msgs)
[13.370s] Level 1:colcon.colcon_core.environment:checking '/root/aerostack2_ws/install/as2_msgs' for CMake module files
[13.373s] Level 1:colcon.colcon_core.environment:checking '/root/aerostack2_ws/install/as2_msgs' for CMake config files
[13.373s] Level 1:colcon.colcon_core.shell:create_environment_hook('as2_msgs', 'cmake_prefix_path')
[13.374s] INFO:colcon.colcon_core.shell:Creating environment hook '/root/aerostack2_ws/install/as2_msgs/share/as2_msgs/hook/cmake_prefix_path.ps1'
[13.375s] INFO:colcon.colcon_core.shell:Creating environment descriptor '/root/aerostack2_ws/install/as2_msgs/share/as2_msgs/hook/cmake_prefix_path.dsv'
[13.376s] INFO:colcon.colcon_core.shell:Creating environment hook '/root/aerostack2_ws/install/as2_msgs/share/as2_msgs/hook/cmake_prefix_path.sh'
[13.377s] Level 1:colcon.colcon_core.environment:checking '/root/aerostack2_ws/install/as2_msgs/lib'
[13.378s] Level 1:colcon.colcon_core.shell:create_environment_hook('as2_msgs', 'ld_library_path_lib')
[13.379s] INFO:colcon.colcon_core.shell:Creating environment hook '/root/aerostack2_ws/install/as2_msgs/share/as2_msgs/hook/ld_library_path_lib.ps1'
[13.380s] INFO:colcon.colcon_core.shell:Creating environment descriptor '/root/aerostack2_ws/install/as2_msgs/share/as2_msgs/hook/ld_library_path_lib.dsv'
[13.381s] INFO:colcon.colcon_core.shell:Creating environment hook '/root/aerostack2_ws/install/as2_msgs/share/as2_msgs/hook/ld_library_path_lib.sh'
[13.382s] Level 1:colcon.colcon_core.environment:checking '/root/aerostack2_ws/install/as2_msgs/bin'
[13.382s] Level 1:colcon.colcon_core.environment:checking '/root/aerostack2_ws/install/as2_msgs/lib/pkgconfig/as2_msgs.pc'
[13.382s] Level 1:colcon.colcon_core.environment:checking '/root/aerostack2_ws/install/as2_msgs/lib/python3.10/site-packages'
[13.383s] Level 1:colcon.colcon_core.environment:checking '/root/aerostack2_ws/install/as2_msgs/bin'
[13.384s] INFO:colcon.colcon_core.shell:Creating package script '/root/aerostack2_ws/install/as2_msgs/share/as2_msgs/package.ps1'
[13.398s] INFO:colcon.colcon_core.shell:Creating package descriptor '/root/aerostack2_ws/install/as2_msgs/share/as2_msgs/package.dsv'
[13.400s] INFO:colcon.colcon_core.shell:Creating package script '/root/aerostack2_ws/install/as2_msgs/share/as2_msgs/package.sh'
[13.401s] INFO:colcon.colcon_core.shell:Creating package script '/root/aerostack2_ws/install/as2_msgs/share/as2_msgs/package.bash'
[13.402s] INFO:colcon.colcon_core.shell:Creating package script '/root/aerostack2_ws/install/as2_msgs/share/as2_msgs/package.zsh'
[13.403s] Level 1:colcon.colcon_core.environment:create_file_with_runtime_dependencies(/root/aerostack2_ws/install/as2_msgs/share/colcon-core/packages/as2_msgs)
[13.412s] DEBUG:colcon.colcon_core.event_handler.log_command:Invoking command in '/root/aerostack2_ws/src/aerostack2/as2_swarm_ekf': PYTHONPATH=/root/aerostack2_ws/build/as2_swarm_ekf/prefix_override:/usr/lib/python3/dist-packages/colcon_core/task/python/colcon_distutils_commands:/root/aerostack2_ws/install/as2_swarm_ekf/lib/python3.10/site-packages:${PYTHONPATH} /usr/bin/python3 -W ignore:setup.py install is deprecated -W ignore:easy_install command is deprecated setup.py egg_info --egg-base ../../../build/as2_swarm_ekf build --build-base /root/aerostack2_ws/build/as2_swarm_ekf/build install --record /root/aerostack2_ws/build/as2_swarm_ekf/install.log --single-version-externally-managed install_data
[13.433s] DEBUG:colcon.colcon_core.event_handler.log_command:Invoking command in '/root/aerostack2_ws/src/aerostack2/as2_perception': PYTHONPATH=/root/aerostack2_ws/build/as2_perception/prefix_override:/usr/lib/python3/dist-packages/colcon_core/task/python/colcon_distutils_commands:/root/aerostack2_ws/install/as2_perception/lib/python3.10/site-packages:${PYTHONPATH} /usr/bin/python3 -W ignore:setup.py install is deprecated -W ignore:easy_install command is deprecated setup.py egg_info --egg-base ../../../build/as2_perception build --build-base /root/aerostack2_ws/build/as2_perception/build install --record /root/aerostack2_ws/build/as2_perception/install.log --single-version-externally-managed install_data
[13.461s] DEBUG:colcon.colcon_core.event_handler.log_command:Invoking command in '/root/aerostack2_ws/src/aerostack2/as2_groundray_perception': PYTHONPATH=/root/aerostack2_ws/build/as2_groundray_perception/prefix_override:/usr/lib/python3/dist-packages/colcon_core/task/python/colcon_distutils_commands:/root/aerostack2_ws/install/as2_groundray_perception/lib/python3.10/site-packages:${PYTHONPATH} /usr/bin/python3 -W ignore:setup.py install is deprecated -W ignore:easy_install command is deprecated setup.py egg_info --egg-base ../../../build/as2_groundray_perception build --build-base /root/aerostack2_ws/build/as2_groundray_perception/build install --record /root/aerostack2_ws/build/as2_groundray_perception/install.log --single-version-externally-managed install_data
[13.474s] DEBUG:colcon.colcon_core.event_handler.log_command:Invoking command in '/root/aerostack2_ws/src/aerostack2/as2_project_bringup': PYTHONPATH=/root/aerostack2_ws/build/as2_project_bringup/prefix_override:/usr/lib/python3/dist-packages/colcon_core/task/python/colcon_distutils_commands:/root/aerostack2_ws/install/as2_project_bringup/lib/python3.10/site-packages:${PYTHONPATH} /usr/bin/python3 -W ignore:setup.py install is deprecated -W ignore:easy_install command is deprecated setup.py egg_info --egg-base ../../../build/as2_project_bringup build --build-base /root/aerostack2_ws/build/as2_project_bringup/build install --record /root/aerostack2_ws/build/as2_project_bringup/install.log --single-version-externally-managed install_data
[13.476s] INFO:colcon.colcon_ros.task.ament_cmake.build:Building ROS package in '/root/aerostack2_ws/src/aerostack2/as2_core' with build type 'ament_cmake'
[13.477s] INFO:colcon.colcon_cmake.task.cmake.build:Building CMake package in '/root/aerostack2_ws/src/aerostack2/as2_core'
[13.477s] INFO:colcon.colcon_core.shell:Skip shell extension 'powershell' for command environment: Not usable outside of PowerShell
[13.478s] DEBUG:colcon.colcon_core.shell:Skip shell extension 'dsv' for command environment
[13.512s] INFO:colcon.colcon_ros.task.ament_python.build:Building ROS package in '/root/aerostack2_ws/src/aerostack2/as2_swarm_ci_fusion_people' with build type 'ament_python'
[13.513s] Level 1:colcon.colcon_core.shell:create_environment_hook('as2_swarm_ci_fusion_people', 'ament_prefix_path')
[13.513s] INFO:colcon.colcon_core.shell:Creating environment hook '/root/aerostack2_ws/install/as2_swarm_ci_fusion_people/share/as2_swarm_ci_fusion_people/hook/ament_prefix_path.ps1'
[13.522s] INFO:colcon.colcon_core.shell:Creating environment descriptor '/root/aerostack2_ws/install/as2_swarm_ci_fusion_people/share/as2_swarm_ci_fusion_people/hook/ament_prefix_path.dsv'
[13.522s] INFO:colcon.colcon_core.shell:Creating environment hook '/root/aerostack2_ws/install/as2_swarm_ci_fusion_people/share/as2_swarm_ci_fusion_people/hook/ament_prefix_path.sh'
[13.523s] INFO:colcon.colcon_core.shell:Skip shell extension 'powershell' for command environment: Not usable outside of PowerShell
[13.523s] DEBUG:colcon.colcon_core.shell:Skip shell extension 'dsv' for command environment
[13.649s] DEBUG:colcon.colcon_core.event_handler.log_command:Invoking command in '/root/aerostack2_ws/src/aerostack2/as2_swarm_fusion_ci': PYTHONPATH=/root/aerostack2_ws/build/as2_swarm_fusion_ci/prefix_override:/usr/lib/python3/dist-packages/colcon_core/task/python/colcon_distutils_commands:/root/aerostack2_ws/install/as2_swarm_fusion_ci/lib/python3.10/site-packages:${PYTHONPATH} /usr/bin/python3 -W ignore:setup.py install is deprecated -W ignore:easy_install command is deprecated setup.py egg_info --egg-base ../../../build/as2_swarm_fusion_ci build --build-base /root/aerostack2_ws/build/as2_swarm_fusion_ci/build install --record /root/aerostack2_ws/build/as2_swarm_fusion_ci/install.log --single-version-externally-managed install_data
[13.717s] DEBUG:colcon.colcon_core.event_handler.log_command:Invoking command in '/root/aerostack2_ws/build/as2_core': CMAKE_PREFIX_PATH=/root/aerostack2_ws/install/as2_msgs:/root/aerostack2_ws/install/as2_swarm_person_interfaces:/root/aerostack2_ws/install/rmf_demos_gz_classic:/root/aerostack2_ws/install/rmf_demos_gz:/root/aerostack2_ws/install/rmf_demos:/root/aerostack2_ws/install/rmf_demos_maps:/root/aerostack2_ws/install/aerostack2:/root/aerostack2_ws/install/as2_usb_camera_interface:/root/aerostack2_ws/install/as2_state_estimator:/root/aerostack2_ws/install/as2_rviz_plugins:/root/aerostack2_ws/install/as2_realsense_interface:/root/aerostack2_ws/install/as2_platform_multirotor_simulator:/root/aerostack2_ws/install/as2_platform_gazebo:/root/aerostack2_ws/install/as2_motion_controller:/root/aerostack2_ws/install/as2_behaviors_trajectory_generation:/root/aerostack2_ws/install/as2_behaviors_swarm_flocking:/root/aerostack2_ws/install/as2_behaviors_motion:/root/aerostack2_ws/install/as2_motion_reference_handlers:/root/aerostack2_ws/install/as2_map_server:/root/aerostack2_ws/install/as2_geozones:/root/aerostack2_ws/install/as2_gazebo_assets:/root/aerostack2_ws/install/as2_external_object_to_tf:/root/aerostack2_ws/install/as2_behaviors_platform:/root/aerostack2_ws/install/as2_behaviors_perception:/root/aerostack2_ws/install/as2_behaviors_path_planning:/root/aerostack2_ws/install/as2_behavior_tree:/root/aerostack2_ws/install/as2_behavior:/root/aerostack2_ws/install/as2_alphanumeric_viewer:/root/aerostack2_ws/install/as2_core:/root/aerostack2_ws/install/as2_cli:/root/aerostack2_ws/install/as2_swarm_person_tracking:/root/aerostack2_ws/install/as2_swarm_ci_fusion_people:/root/aerostack2_ws/install/rmf_demos_tasks:/root/aerostack2_ws/install/rmf_demos_panel:/root/aerostack2_ws/install/rmf_demos_fleet_adapter:/root/aerostack2_ws/install/rmf_demos_dashboard_resources:/root/aerostack2_ws/install/rmf_demos_bridges:/root/aerostack2_ws/install/rmf_demos_assets:/root/aerostack2_ws/install/as2_visualization:/root/aerostack2_ws/install/as2_swarm_perception:/root/aerostack2_ws/install/as2_swarm_fusion_ci:/root/aerostack2_ws/install/as2_swarm_ekf:/root/aerostack2_ws/install/as2_keyboard_teleoperation:/root/aerostack2_ws/install/as2_python_api:/root/aerostack2_ws/install/as2_project_bringup:/root/aerostack2_ws/install/as2_perception:/root/aerostack2_ws/install/as2_groundray_perception:/opt/ros/humble LD_LIBRARY_PATH=/root/aerostack2_ws/install/as2_msgs/lib:/root/aerostack2_ws/install/as2_swarm_person_interfaces/lib:/root/aerostack2_ws/install/as2_state_estimator/lib:/root/aerostack2_ws/install/as2_python_api/lib:/root/aerostack2_ws/install/as2_motion_controller/lib:/root/aerostack2_ws/install/as2_behaviors_trajectory_generation/lib:/root/aerostack2_ws/install/as2_behaviors_swarm_flocking/lib:/root/aerostack2_ws/install/as2_behaviors_motion/lib:/root/aerostack2_ws/install/as2_motion_reference_handlers/lib:/root/aerostack2_ws/install/as2_map_server/lib:/root/aerostack2_ws/install/as2_gazebo_assets/lib:/root/aerostack2_ws/install/as2_behaviors_perception/lib:/root/aerostack2_ws/install/as2_behaviors_path_planning/lib:/root/aerostack2_ws/install/as2_behavior_tree/lib:/root/aerostack2_ws/install/as2_behavior/lib:/root/aerostack2_ws/install/as2_core/lib:/opt/ros/humble/opt/rviz_ogre_vendor/lib:/opt/ros/humble/lib/x86_64-linux-gnu:/opt/ros/humble/lib /usr/bin/cmake --build /root/aerostack2_ws/build/as2_core -- -j8 -l8
[16.244s] INFO:colcon.colcon_core.task.python.build:Building Python package in '/root/aerostack2_ws/src/aerostack2/as2_swarm_ci_fusion_people'
[16.245s] INFO:colcon.colcon_core.shell:Skip shell extension 'powershell' for command environment: Not usable outside of PowerShell
[16.245s] DEBUG:colcon.colcon_core.shell:Skip shell extension 'dsv' for command environment
[16.308s] Level 1:colcon.colcon_core.environment:checking '/root/aerostack2_ws/install/as2_swarm_fusion_ci' for CMake module files
[16.309s] DEBUG:colcon.colcon_core.event_handler.log_command:Invoked command in '/root/aerostack2_ws/src/aerostack2/as2_swarm_fusion_ci' returned '0': PYTHONPATH=/root/aerostack2_ws/build/as2_swarm_fusion_ci/prefix_override:/usr/lib/python3/dist-packages/colcon_core/task/python/colcon_distutils_commands:/root/aerostack2_ws/install/as2_swarm_fusion_ci/lib/python3.10/site-packages:${PYTHONPATH} /usr/bin/python3 -W ignore:setup.py install is deprecated -W ignore:easy_install command is deprecated setup.py egg_info --egg-base ../../../build/as2_swarm_fusion_ci build --build-base /root/aerostack2_ws/build/as2_swarm_fusion_ci/build install --record /root/aerostack2_ws/build/as2_swarm_fusion_ci/install.log --single-version-externally-managed install_data
[16.309s] Level 1:colcon.colcon_core.environment:checking '/root/aerostack2_ws/install/as2_swarm_fusion_ci' for CMake config files
[16.310s] Level 1:colcon.colcon_core.environment:checking '/root/aerostack2_ws/install/as2_swarm_fusion_ci/lib'
[16.310s] Level 1:colcon.colcon_core.environment:checking '/root/aerostack2_ws/install/as2_swarm_fusion_ci/bin'
[16.311s] Level 1:colcon.colcon_core.environment:checking '/root/aerostack2_ws/install/as2_swarm_fusion_ci/lib/pkgconfig/as2_swarm_fusion_ci.pc'
[16.312s] Level 1:colcon.colcon_core.environment:checking '/root/aerostack2_ws/install/as2_swarm_fusion_ci/lib/python3.10/site-packages'
[16.312s] Level 1:colcon.colcon_core.shell:create_environment_hook('as2_swarm_fusion_ci', 'pythonpath')
[16.312s] INFO:colcon.colcon_core.shell:Creating environment hook '/root/aerostack2_ws/install/as2_swarm_fusion_ci/share/as2_swarm_fusion_ci/hook/pythonpath.ps1'
[16.317s] INFO:colcon.colcon_core.shell:Creating environment descriptor '/root/aerostack2_ws/install/as2_swarm_fusion_ci/share/as2_swarm_fusion_ci/hook/pythonpath.dsv'
[16.322s] INFO:colcon.colcon_core.shell:Creating environment hook '/root/aerostack2_ws/install/as2_swarm_fusion_ci/share/as2_swarm_fusion_ci/hook/pythonpath.sh'
[16.323s] Level 1:colcon.colcon_core.environment:checking '/root/aerostack2_ws/install/as2_swarm_fusion_ci/bin'
[16.324s] Level 1:colcon.colcon_core.environment:create_environment_scripts_only(as2_swarm_fusion_ci)
[16.324s] INFO:colcon.colcon_core.shell:Creating package script '/root/aerostack2_ws/install/as2_swarm_fusion_ci/share/as2_swarm_fusion_ci/package.ps1'
[16.325s] INFO:colcon.colcon_core.shell:Creating package descriptor '/root/aerostack2_ws/install/as2_swarm_fusion_ci/share/as2_swarm_fusion_ci/package.dsv'
[16.326s] INFO:colcon.colcon_core.shell:Creating package script '/root/aerostack2_ws/install/as2_swarm_fusion_ci/share/as2_swarm_fusion_ci/package.sh'
[16.327s] INFO:colcon.colcon_core.shell:Creating package script '/root/aerostack2_ws/install/as2_swarm_fusion_ci/share/as2_swarm_fusion_ci/package.bash'
[16.331s] INFO:colcon.colcon_core.shell:Creating package script '/root/aerostack2_ws/install/as2_swarm_fusion_ci/share/as2_swarm_fusion_ci/package.zsh'
[16.332s] Level 1:colcon.colcon_core.environment:create_file_with_runtime_dependencies(/root/aerostack2_ws/install/as2_swarm_fusion_ci/share/colcon-core/packages/as2_swarm_fusion_ci)
[16.333s] Level 1:colcon.colcon_core.environment:checking '/root/aerostack2_ws/install/as2_groundray_perception' for CMake module files
[16.334s] Level 1:colcon.colcon_core.environment:checking '/root/aerostack2_ws/install/as2_groundray_perception' for CMake config files
[16.336s] Level 1:colcon.colcon_core.environment:checking '/root/aerostack2_ws/install/as2_groundray_perception/lib'
[16.336s] DEBUG:colcon.colcon_core.event_handler.log_command:Invoked command in '/root/aerostack2_ws/src/aerostack2/as2_groundray_perception' returned '0': PYTHONPATH=/root/aerostack2_ws/build/as2_groundray_perception/prefix_override:/usr/lib/python3/dist-packages/colcon_core/task/python/colcon_distutils_commands:/root/aerostack2_ws/install/as2_groundray_perception/lib/python3.10/site-packages:${PYTHONPATH} /usr/bin/python3 -W ignore:setup.py install is deprecated -W ignore:easy_install command is deprecated setup.py egg_info --egg-base ../../../build/as2_groundray_perception build --build-base /root/aerostack2_ws/build/as2_groundray_perception/build install --record /root/aerostack2_ws/build/as2_groundray_perception/install.log --single-version-externally-managed install_data
[16.336s] Level 1:colcon.colcon_core.environment:checking '/root/aerostack2_ws/install/as2_groundray_perception/bin'
[16.336s] Level 1:colcon.colcon_core.environment:checking '/root/aerostack2_ws/install/as2_groundray_perception/lib/pkgconfig/as2_groundray_perception.pc'
[16.337s] Level 1:colcon.colcon_core.environment:checking '/root/aerostack2_ws/install/as2_groundray_perception/lib/python3.10/site-packages'
[16.337s] Level 1:colcon.colcon_core.shell:create_environment_hook('as2_groundray_perception', 'pythonpath')
[16.337s] INFO:colcon.colcon_core.shell:Creating environment hook '/root/aerostack2_ws/install/as2_groundray_perception/share/as2_groundray_perception/hook/pythonpath.ps1'
[16.344s] INFO:colcon.colcon_core.shell:Creating environment descriptor '/root/aerostack2_ws/install/as2_groundray_perception/share/as2_groundray_perception/hook/pythonpath.dsv'
[16.345s] INFO:colcon.colcon_core.shell:Creating environment hook '/root/aerostack2_ws/install/as2_groundray_perception/share/as2_groundray_perception/hook/pythonpath.sh'
[16.346s] Level 1:colcon.colcon_core.environment:checking '/root/aerostack2_ws/install/as2_groundray_perception/bin'
[16.346s] Level 1:colcon.colcon_core.environment:create_environment_scripts_only(as2_groundray_perception)
[16.347s] INFO:colcon.colcon_core.shell:Creating package script '/root/aerostack2_ws/install/as2_groundray_perception/share/as2_groundray_perception/package.ps1'
[16.349s] INFO:colcon.colcon_core.shell:Creating package descriptor '/root/aerostack2_ws/install/as2_groundray_perception/share/as2_groundray_perception/package.dsv'
[16.361s] INFO:colcon.colcon_core.shell:Creating package script '/root/aerostack2_ws/install/as2_groundray_perception/share/as2_groundray_perception/package.sh'
[16.366s] INFO:colcon.colcon_core.shell:Creating package script '/root/aerostack2_ws/install/as2_groundray_perception/share/as2_groundray_perception/package.bash'
[16.384s] INFO:colcon.colcon_core.shell:Creating package script '/root/aerostack2_ws/install/as2_groundray_perception/share/as2_groundray_perception/package.zsh'
[16.386s] Level 1:colcon.colcon_core.environment:create_file_with_runtime_dependencies(/root/aerostack2_ws/install/as2_groundray_perception/share/colcon-core/packages/as2_groundray_perception)
[16.387s] Level 1:colcon.colcon_core.environment:checking '/root/aerostack2_ws/install/as2_perception' for CMake module files
[16.389s] Level 1:colcon.colcon_core.environment:checking '/root/aerostack2_ws/install/as2_perception' for CMake config files
[16.389s] DEBUG:colcon.colcon_core.event_handler.log_command:Invoked command in '/root/aerostack2_ws/src/aerostack2/as2_perception' returned '0': PYTHONPATH=/root/aerostack2_ws/build/as2_perception/prefix_override:/usr/lib/python3/dist-packages/colcon_core/task/python/colcon_distutils_commands:/root/aerostack2_ws/install/as2_perception/lib/python3.10/site-packages:${PYTHONPATH} /usr/bin/python3 -W ignore:setup.py install is deprecated -W ignore:easy_install command is deprecated setup.py egg_info --egg-base ../../../build/as2_perception build --build-base /root/aerostack2_ws/build/as2_perception/build install --record /root/aerostack2_ws/build/as2_perception/install.log --single-version-externally-managed install_data
[16.393s] Level 1:colcon.colcon_core.environment:checking '/root/aerostack2_ws/install/as2_perception/lib'
[16.393s] Level 1:colcon.colcon_core.environment:checking '/root/aerostack2_ws/install/as2_perception/bin'
[16.394s] Level 1:colcon.colcon_core.environment:checking '/root/aerostack2_ws/install/as2_perception/lib/pkgconfig/as2_perception.pc'
[16.394s] Level 1:colcon.colcon_core.environment:checking '/root/aerostack2_ws/install/as2_perception/lib/python3.10/site-packages'
[16.394s] Level 1:colcon.colcon_core.shell:create_environment_hook('as2_perception', 'pythonpath')
[16.394s] INFO:colcon.colcon_core.shell:Creating environment hook '/root/aerostack2_ws/install/as2_perception/share/as2_perception/hook/pythonpath.ps1'
[16.396s] INFO:colcon.colcon_core.shell:Creating environment descriptor '/root/aerostack2_ws/install/as2_perception/share/as2_perception/hook/pythonpath.dsv'
[16.397s] INFO:colcon.colcon_core.shell:Creating environment hook '/root/aerostack2_ws/install/as2_perception/share/as2_perception/hook/pythonpath.sh'
[16.401s] Level 1:colcon.colcon_core.environment:checking '/root/aerostack2_ws/install/as2_perception/bin'
[16.401s] Level 1:colcon.colcon_core.environment:create_environment_scripts_only(as2_perception)
[16.402s] INFO:colcon.colcon_core.shell:Creating package script '/root/aerostack2_ws/install/as2_perception/share/as2_perception/package.ps1'
[16.403s] INFO:colcon.colcon_core.shell:Creating package descriptor '/root/aerostack2_ws/install/as2_perception/share/as2_perception/package.dsv'
[16.403s] INFO:colcon.colcon_core.shell:Creating package script '/root/aerostack2_ws/install/as2_perception/share/as2_perception/package.sh'
[16.405s] INFO:colcon.colcon_core.shell:Creating package script '/root/aerostack2_ws/install/as2_perception/share/as2_perception/package.bash'
[16.407s] INFO:colcon.colcon_core.shell:Creating package script '/root/aerostack2_ws/install/as2_perception/share/as2_perception/package.zsh'
[16.410s] Level 1:colcon.colcon_core.environment:create_file_with_runtime_dependencies(/root/aerostack2_ws/install/as2_perception/share/colcon-core/packages/as2_perception)
[16.412s] Level 1:colcon.colcon_core.environment:checking '/root/aerostack2_ws/install/as2_swarm_ekf' for CMake module files
[16.413s] DEBUG:colcon.colcon_core.event_handler.log_command:Invoked command in '/root/aerostack2_ws/src/aerostack2/as2_swarm_ekf' returned '0': PYTHONPATH=/root/aerostack2_ws/build/as2_swarm_ekf/prefix_override:/usr/lib/python3/dist-packages/colcon_core/task/python/colcon_distutils_commands:/root/aerostack2_ws/install/as2_swarm_ekf/lib/python3.10/site-packages:${PYTHONPATH} /usr/bin/python3 -W ignore:setup.py install is deprecated -W ignore:easy_install command is deprecated setup.py egg_info --egg-base ../../../build/as2_swarm_ekf build --build-base /root/aerostack2_ws/build/as2_swarm_ekf/build install --record /root/aerostack2_ws/build/as2_swarm_ekf/install.log --single-version-externally-managed install_data
[16.414s] Level 1:colcon.colcon_core.environment:checking '/root/aerostack2_ws/install/as2_swarm_ekf' for CMake config files
[16.415s] Level 1:colcon.colcon_core.environment:checking '/root/aerostack2_ws/install/as2_swarm_ekf/lib'
[16.415s] Level 1:colcon.colcon_core.environment:checking '/root/aerostack2_ws/install/as2_swarm_ekf/bin'
[16.415s] Level 1:colcon.colcon_core.environment:checking '/root/aerostack2_ws/install/as2_swarm_ekf/lib/pkgconfig/as2_swarm_ekf.pc'
[16.415s] Level 1:colcon.colcon_core.environment:checking '/root/aerostack2_ws/install/as2_swarm_ekf/lib/python3.10/site-packages'
[16.416s] Level 1:colcon.colcon_core.shell:create_environment_hook('as2_swarm_ekf', 'pythonpath')
[16.423s] INFO:colcon.colcon_core.shell:Creating environment hook '/root/aerostack2_ws/install/as2_swarm_ekf/share/as2_swarm_ekf/hook/pythonpath.ps1'
[16.424s] INFO:colcon.colcon_core.shell:Creating environment descriptor '/root/aerostack2_ws/install/as2_swarm_ekf/share/as2_swarm_ekf/hook/pythonpath.dsv'
[16.426s] INFO:colcon.colcon_core.shell:Creating environment hook '/root/aerostack2_ws/install/as2_swarm_ekf/share/as2_swarm_ekf/hook/pythonpath.sh'
[16.430s] Level 1:colcon.colcon_core.environment:checking '/root/aerostack2_ws/install/as2_swarm_ekf/bin'
[16.430s] Level 1:colcon.colcon_core.environment:create_environment_scripts_only(as2_swarm_ekf)
[16.430s] INFO:colcon.colcon_core.shell:Creating package script '/root/aerostack2_ws/install/as2_swarm_ekf/share/as2_swarm_ekf/package.ps1'
[16.434s] INFO:colcon.colcon_core.shell:Creating package descriptor '/root/aerostack2_ws/install/as2_swarm_ekf/share/as2_swarm_ekf/package.dsv'
[16.437s] INFO:colcon.colcon_core.shell:Creating package script '/root/aerostack2_ws/install/as2_swarm_ekf/share/as2_swarm_ekf/package.sh'
[16.443s] INFO:colcon.colcon_core.shell:Creating package script '/root/aerostack2_ws/install/as2_swarm_ekf/share/as2_swarm_ekf/package.bash'
[16.447s] INFO:colcon.colcon_core.shell:Creating package script '/root/aerostack2_ws/install/as2_swarm_ekf/share/as2_swarm_ekf/package.zsh'
[16.450s] Level 1:colcon.colcon_core.environment:create_file_with_runtime_dependencies(/root/aerostack2_ws/install/as2_swarm_ekf/share/colcon-core/packages/as2_swarm_ekf)
[16.501s] INFO:colcon.colcon_ros.task.ament_python.build:Building ROS package in '/root/aerostack2_ws/src/aerostack2/as2_swarm_person_tracking' with build type 'ament_python'
[16.501s] Level 1:colcon.colcon_core.shell:create_environment_hook('as2_swarm_person_tracking', 'ament_prefix_path')
[16.502s] INFO:colcon.colcon_core.shell:Creating environment hook '/root/aerostack2_ws/install/as2_swarm_person_tracking/share/as2_swarm_person_tracking/hook/ament_prefix_path.ps1'
[16.502s] INFO:colcon.colcon_core.shell:Creating environment descriptor '/root/aerostack2_ws/install/as2_swarm_person_tracking/share/as2_swarm_person_tracking/hook/ament_prefix_path.dsv'
[16.503s] INFO:colcon.colcon_core.shell:Creating environment hook '/root/aerostack2_ws/install/as2_swarm_person_tracking/share/as2_swarm_person_tracking/hook/ament_prefix_path.sh'
[16.505s] INFO:colcon.colcon_core.shell:Skip shell extension 'powershell' for command environment: Not usable outside of PowerShell
[16.517s] DEBUG:colcon.colcon_core.shell:Skip shell extension 'dsv' for command environment
[16.587s] Level 1:colcon.colcon_core.environment:checking '/root/aerostack2_ws/install/as2_project_bringup' for CMake module files
[16.588s] Level 1:colcon.colcon_core.environment:checking '/root/aerostack2_ws/install/as2_project_bringup' for CMake config files
[16.589s] Level 1:colcon.colcon_core.environment:checking '/root/aerostack2_ws/install/as2_project_bringup/lib'
[16.588s] DEBUG:colcon.colcon_core.event_handler.log_command:Invoked command in '/root/aerostack2_ws/src/aerostack2/as2_project_bringup' returned '0': PYTHONPATH=/root/aerostack2_ws/build/as2_project_bringup/prefix_override:/usr/lib/python3/dist-packages/colcon_core/task/python/colcon_distutils_commands:/root/aerostack2_ws/install/as2_project_bringup/lib/python3.10/site-packages:${PYTHONPATH} /usr/bin/python3 -W ignore:setup.py install is deprecated -W ignore:easy_install command is deprecated setup.py egg_info --egg-base ../../../build/as2_project_bringup build --build-base /root/aerostack2_ws/build/as2_project_bringup/build install --record /root/aerostack2_ws/build/as2_project_bringup/install.log --single-version-externally-managed install_data
[16.593s] Level 1:colcon.colcon_core.environment:checking '/root/aerostack2_ws/install/as2_project_bringup/bin'
[16.594s] Level 1:colcon.colcon_core.environment:checking '/root/aerostack2_ws/install/as2_project_bringup/lib/pkgconfig/as2_project_bringup.pc'
[16.596s] Level 1:colcon.colcon_core.environment:checking '/root/aerostack2_ws/install/as2_project_bringup/lib/python3.10/site-packages'
[16.600s] Level 1:colcon.colcon_core.shell:create_environment_hook('as2_project_bringup', 'pythonpath')
[16.607s] INFO:colcon.colcon_core.shell:Creating environment hook '/root/aerostack2_ws/install/as2_project_bringup/share/as2_project_bringup/hook/pythonpath.ps1'
[16.613s] INFO:colcon.colcon_core.shell:Creating environment descriptor '/root/aerostack2_ws/install/as2_project_bringup/share/as2_project_bringup/hook/pythonpath.dsv'
[16.618s] INFO:colcon.colcon_core.shell:Creating environment hook '/root/aerostack2_ws/install/as2_project_bringup/share/as2_project_bringup/hook/pythonpath.sh'
[16.622s] Level 1:colcon.colcon_core.environment:checking '/root/aerostack2_ws/install/as2_project_bringup/bin'
[16.632s] Level 1:colcon.colcon_core.environment:create_environment_scripts_only(as2_project_bringup)
[16.633s] INFO:colcon.colcon_core.shell:Creating package script '/root/aerostack2_ws/install/as2_project_bringup/share/as2_project_bringup/package.ps1'
[16.638s] INFO:colcon.colcon_core.shell:Creating package descriptor '/root/aerostack2_ws/install/as2_project_bringup/share/as2_project_bringup/package.dsv'
[16.640s] INFO:colcon.colcon_core.shell:Creating package script '/root/aerostack2_ws/install/as2_project_bringup/share/as2_project_bringup/package.sh'
[16.654s] INFO:colcon.colcon_core.shell:Creating package script '/root/aerostack2_ws/install/as2_project_bringup/share/as2_project_bringup/package.bash'
[16.662s] INFO:colcon.colcon_core.shell:Creating package script '/root/aerostack2_ws/install/as2_project_bringup/share/as2_project_bringup/package.zsh'
[16.663s] Level 1:colcon.colcon_core.environment:create_file_with_runtime_dependencies(/root/aerostack2_ws/install/as2_project_bringup/share/colcon-core/packages/as2_project_bringup)
[16.718s] DEBUG:colcon.colcon_core.event_handler.log_command:Invoking command in '/root/aerostack2_ws/src/aerostack2/as2_swarm_perception': PYTHONPATH=/root/aerostack2_ws/build/as2_swarm_perception/prefix_override:/usr/lib/python3/dist-packages/colcon_core/task/python/colcon_distutils_commands:/root/aerostack2_ws/install/as2_swarm_perception/lib/python3.10/site-packages:${PYTHONPATH} /usr/bin/python3 -W ignore:setup.py install is deprecated -W ignore:easy_install command is deprecated setup.py egg_info --egg-base ../../../build/as2_swarm_perception build --build-base /root/aerostack2_ws/build/as2_swarm_perception/build install --record /root/aerostack2_ws/build/as2_swarm_perception/install.log --single-version-externally-managed install_data
[17.273s] INFO:colcon.colcon_core.task.python.build:Building Python package in '/root/aerostack2_ws/src/aerostack2/as2_swarm_person_tracking'
[17.274s] INFO:colcon.colcon_core.shell:Skip shell extension 'powershell' for command environment: Not usable outside of PowerShell
[17.274s] DEBUG:colcon.colcon_core.shell:Skip shell extension 'dsv' for command environment
[17.883s] DEBUG:colcon.colcon_core.event_handler.log_command:Invoking command in '/root/aerostack2_ws/src/aerostack2/as2_swarm_ci_fusion_people': PYTHONPATH=/root/aerostack2_ws/build/as2_swarm_ci_fusion_people/prefix_override:/usr/lib/python3/dist-packages/colcon_core/task/python/colcon_distutils_commands:/root/aerostack2_ws/install/as2_swarm_ci_fusion_people/lib/python3.10/site-packages:${PYTHONPATH} /usr/bin/python3 -W ignore:setup.py install is deprecated -W ignore:easy_install command is deprecated setup.py egg_info --egg-base ../../../build/as2_swarm_ci_fusion_people build --build-base /root/aerostack2_ws/build/as2_swarm_ci_fusion_people/build install --record /root/aerostack2_ws/build/as2_swarm_ci_fusion_people/install.log --single-version-externally-managed install_data
[18.628s] DEBUG:colcon.colcon_core.event_handler.log_command:Invoking command in '/root/aerostack2_ws/src/aerostack2/as2_swarm_person_tracking': PYTHONPATH=/root/aerostack2_ws/build/as2_swarm_person_tracking/prefix_override:/usr/lib/python3/dist-packages/colcon_core/task/python/colcon_distutils_commands:/root/aerostack2_ws/install/as2_swarm_person_tracking/lib/python3.10/site-packages:${PYTHONPATH} /usr/bin/python3 -W ignore:setup.py install is deprecated -W ignore:easy_install command is deprecated setup.py egg_info --egg-base ../../../build/as2_swarm_person_tracking build --build-base /root/aerostack2_ws/build/as2_swarm_person_tracking/build install --record /root/aerostack2_ws/build/as2_swarm_person_tracking/install.log --single-version-externally-managed install_data
[18.805s] DEBUG:colcon.colcon_core.event_handler.log_command:Invoked command in '/root/aerostack2_ws/build/as2_core' returned '0': CMAKE_PREFIX_PATH=/root/aerostack2_ws/install/as2_msgs:/root/aerostack2_ws/install/as2_swarm_person_interfaces:/root/aerostack2_ws/install/rmf_demos_gz_classic:/root/aerostack2_ws/install/rmf_demos_gz:/root/aerostack2_ws/install/rmf_demos:/root/aerostack2_ws/install/rmf_demos_maps:/root/aerostack2_ws/install/aerostack2:/root/aerostack2_ws/install/as2_usb_camera_interface:/root/aerostack2_ws/install/as2_state_estimator:/root/aerostack2_ws/install/as2_rviz_plugins:/root/aerostack2_ws/install/as2_realsense_interface:/root/aerostack2_ws/install/as2_platform_multirotor_simulator:/root/aerostack2_ws/install/as2_platform_gazebo:/root/aerostack2_ws/install/as2_motion_controller:/root/aerostack2_ws/install/as2_behaviors_trajectory_generation:/root/aerostack2_ws/install/as2_behaviors_swarm_flocking:/root/aerostack2_ws/install/as2_behaviors_motion:/root/aerostack2_ws/install/as2_motion_reference_handlers:/root/aerostack2_ws/install/as2_map_server:/root/aerostack2_ws/install/as2_geozones:/root/aerostack2_ws/install/as2_gazebo_assets:/root/aerostack2_ws/install/as2_external_object_to_tf:/root/aerostack2_ws/install/as2_behaviors_platform:/root/aerostack2_ws/install/as2_behaviors_perception:/root/aerostack2_ws/install/as2_behaviors_path_planning:/root/aerostack2_ws/install/as2_behavior_tree:/root/aerostack2_ws/install/as2_behavior:/root/aerostack2_ws/install/as2_alphanumeric_viewer:/root/aerostack2_ws/install/as2_core:/root/aerostack2_ws/install/as2_cli:/root/aerostack2_ws/install/as2_swarm_person_tracking:/root/aerostack2_ws/install/as2_swarm_ci_fusion_people:/root/aerostack2_ws/install/rmf_demos_tasks:/root/aerostack2_ws/install/rmf_demos_panel:/root/aerostack2_ws/install/rmf_demos_fleet_adapter:/root/aerostack2_ws/install/rmf_demos_dashboard_resources:/root/aerostack2_ws/install/rmf_demos_bridges:/root/aerostack2_ws/install/rmf_demos_assets:/root/aerostack2_ws/install/as2_visualization:/root/aerostack2_ws/install/as2_swarm_perception:/root/aerostack2_ws/install/as2_swarm_fusion_ci:/root/aerostack2_ws/install/as2_swarm_ekf:/root/aerostack2_ws/install/as2_keyboard_teleoperation:/root/aerostack2_ws/install/as2_python_api:/root/aerostack2_ws/install/as2_project_bringup:/root/aerostack2_ws/install/as2_perception:/root/aerostack2_ws/install/as2_groundray_perception:/opt/ros/humble LD_LIBRARY_PATH=/root/aerostack2_ws/install/as2_msgs/lib:/root/aerostack2_ws/install/as2_swarm_person_interfaces/lib:/root/aerostack2_ws/install/as2_state_estimator/lib:/root/aerostack2_ws/install/as2_python_api/lib:/root/aerostack2_ws/install/as2_motion_controller/lib:/root/aerostack2_ws/install/as2_behaviors_trajectory_generation/lib:/root/aerostack2_ws/install/as2_behaviors_swarm_flocking/lib:/root/aerostack2_ws/install/as2_behaviors_motion/lib:/root/aerostack2_ws/install/as2_motion_reference_handlers/lib:/root/aerostack2_ws/install/as2_map_server/lib:/root/aerostack2_ws/install/as2_gazebo_assets/lib:/root/aerostack2_ws/install/as2_behaviors_perception/lib:/root/aerostack2_ws/install/as2_behaviors_path_planning/lib:/root/aerostack2_ws/install/as2_behavior_tree/lib:/root/aerostack2_ws/install/as2_behavior/lib:/root/aerostack2_ws/install/as2_core/lib:/opt/ros/humble/opt/rviz_ogre_vendor/lib:/opt/ros/humble/lib/x86_64-linux-gnu:/opt/ros/humble/lib /usr/bin/cmake --build /root/aerostack2_ws/build/as2_core -- -j8 -l8
[18.806s] DEBUG:colcon.colcon_core.event_handler.log_command:Invoking command in '/root/aerostack2_ws/build/as2_core': CMAKE_PREFIX_PATH=/root/aerostack2_ws/install/as2_msgs:/root/aerostack2_ws/install/as2_swarm_person_interfaces:/root/aerostack2_ws/install/rmf_demos_gz_classic:/root/aerostack2_ws/install/rmf_demos_gz:/root/aerostack2_ws/install/rmf_demos:/root/aerostack2_ws/install/rmf_demos_maps:/root/aerostack2_ws/install/aerostack2:/root/aerostack2_ws/install/as2_usb_camera_interface:/root/aerostack2_ws/install/as2_state_estimator:/root/aerostack2_ws/install/as2_rviz_plugins:/root/aerostack2_ws/install/as2_realsense_interface:/root/aerostack2_ws/install/as2_platform_multirotor_simulator:/root/aerostack2_ws/install/as2_platform_gazebo:/root/aerostack2_ws/install/as2_motion_controller:/root/aerostack2_ws/install/as2_behaviors_trajectory_generation:/root/aerostack2_ws/install/as2_behaviors_swarm_flocking:/root/aerostack2_ws/install/as2_behaviors_motion:/root/aerostack2_ws/install/as2_motion_reference_handlers:/root/aerostack2_ws/install/as2_map_server:/root/aerostack2_ws/install/as2_geozones:/root/aerostack2_ws/install/as2_gazebo_assets:/root/aerostack2_ws/install/as2_external_object_to_tf:/root/aerostack2_ws/install/as2_behaviors_platform:/root/aerostack2_ws/install/as2_behaviors_perception:/root/aerostack2_ws/install/as2_behaviors_path_planning:/root/aerostack2_ws/install/as2_behavior_tree:/root/aerostack2_ws/install/as2_behavior:/root/aerostack2_ws/install/as2_alphanumeric_viewer:/root/aerostack2_ws/install/as2_core:/root/aerostack2_ws/install/as2_cli:/root/aerostack2_ws/install/as2_swarm_person_tracking:/root/aerostack2_ws/install/as2_swarm_ci_fusion_people:/root/aerostack2_ws/install/rmf_demos_tasks:/root/aerostack2_ws/install/rmf_demos_panel:/root/aerostack2_ws/install/rmf_demos_fleet_adapter:/root/aerostack2_ws/install/rmf_demos_dashboard_resources:/root/aerostack2_ws/install/rmf_demos_bridges:/root/aerostack2_ws/install/rmf_demos_assets:/root/aerostack2_ws/install/as2_visualization:/root/aerostack2_ws/install/as2_swarm_perception:/root/aerostack2_ws/install/as2_swarm_fusion_ci:/root/aerostack2_ws/install/as2_swarm_ekf:/root/aerostack2_ws/install/as2_keyboard_teleoperation:/root/aerostack2_ws/install/as2_python_api:/root/aerostack2_ws/install/as2_project_bringup:/root/aerostack2_ws/install/as2_perception:/root/aerostack2_ws/install/as2_groundray_perception:/opt/ros/humble LD_LIBRARY_PATH=/root/aerostack2_ws/install/as2_msgs/lib:/root/aerostack2_ws/install/as2_swarm_person_interfaces/lib:/root/aerostack2_ws/install/as2_state_estimator/lib:/root/aerostack2_ws/install/as2_python_api/lib:/root/aerostack2_ws/install/as2_motion_controller/lib:/root/aerostack2_ws/install/as2_behaviors_trajectory_generation/lib:/root/aerostack2_ws/install/as2_behaviors_swarm_flocking/lib:/root/aerostack2_ws/install/as2_behaviors_motion/lib:/root/aerostack2_ws/install/as2_motion_reference_handlers/lib:/root/aerostack2_ws/install/as2_map_server/lib:/root/aerostack2_ws/install/as2_gazebo_assets/lib:/root/aerostack2_ws/install/as2_behaviors_perception/lib:/root/aerostack2_ws/install/as2_behaviors_path_planning/lib:/root/aerostack2_ws/install/as2_behavior_tree/lib:/root/aerostack2_ws/install/as2_behavior/lib:/root/aerostack2_ws/install/as2_core/lib:/opt/ros/humble/opt/rviz_ogre_vendor/lib:/opt/ros/humble/lib/x86_64-linux-gnu:/opt/ros/humble/lib /usr/bin/cmake --install /root/aerostack2_ws/build/as2_core
[19.225s] Level 1:colcon.colcon_core.environment:create_environment_scripts_only(as2_core)
[19.226s] Level 1:colcon.colcon_core.environment:checking '/root/aerostack2_ws/install/as2_core' for CMake module files
[19.226s] Level 1:colcon.colcon_core.environment:checking '/root/aerostack2_ws/install/as2_core' for CMake config files
[19.227s] Level 1:colcon.colcon_core.shell:create_environment_hook('as2_core', 'cmake_prefix_path')
[19.227s] INFO:colcon.colcon_core.shell:Creating environment hook '/root/aerostack2_ws/install/as2_core/share/as2_core/hook/cmake_prefix_path.ps1'
[19.228s] INFO:colcon.colcon_core.shell:Creating environment descriptor '/root/aerostack2_ws/install/as2_core/share/as2_core/hook/cmake_prefix_path.dsv'
[19.229s] INFO:colcon.colcon_core.shell:Creating environment hook '/root/aerostack2_ws/install/as2_core/share/as2_core/hook/cmake_prefix_path.sh'
[19.230s] DEBUG:colcon.colcon_core.event_handler.log_command:Invoked command in '/root/aerostack2_ws/build/as2_core' returned '0': CMAKE_PREFIX_PATH=/root/aerostack2_ws/install/as2_msgs:/root/aerostack2_ws/install/as2_swarm_person_interfaces:/root/aerostack2_ws/install/rmf_demos_gz_classic:/root/aerostack2_ws/install/rmf_demos_gz:/root/aerostack2_ws/install/rmf_demos:/root/aerostack2_ws/install/rmf_demos_maps:/root/aerostack2_ws/install/aerostack2:/root/aerostack2_ws/install/as2_usb_camera_interface:/root/aerostack2_ws/install/as2_state_estimator:/root/aerostack2_ws/install/as2_rviz_plugins:/root/aerostack2_ws/install/as2_realsense_interface:/root/aerostack2_ws/install/as2_platform_multirotor_simulator:/root/aerostack2_ws/install/as2_platform_gazebo:/root/aerostack2_ws/install/as2_motion_controller:/root/aerostack2_ws/install/as2_behaviors_trajectory_generation:/root/aerostack2_ws/install/as2_behaviors_swarm_flocking:/root/aerostack2_ws/install/as2_behaviors_motion:/root/aerostack2_ws/install/as2_motion_reference_handlers:/root/aerostack2_ws/install/as2_map_server:/root/aerostack2_ws/install/as2_geozones:/root/aerostack2_ws/install/as2_gazebo_assets:/root/aerostack2_ws/install/as2_external_object_to_tf:/root/aerostack2_ws/install/as2_behaviors_platform:/root/aerostack2_ws/install/as2_behaviors_perception:/root/aerostack2_ws/install/as2_behaviors_path_planning:/root/aerostack2_ws/install/as2_behavior_tree:/root/aerostack2_ws/install/as2_behavior:/root/aerostack2_ws/install/as2_alphanumeric_viewer:/root/aerostack2_ws/install/as2_core:/root/aerostack2_ws/install/as2_cli:/root/aerostack2_ws/install/as2_swarm_person_tracking:/root/aerostack2_ws/install/as2_swarm_ci_fusion_people:/root/aerostack2_ws/install/rmf_demos_tasks:/root/aerostack2_ws/install/rmf_demos_panel:/root/aerostack2_ws/install/rmf_demos_fleet_adapter:/root/aerostack2_ws/install/rmf_demos_dashboard_resources:/root/aerostack2_ws/install/rmf_demos_bridges:/root/aerostack2_ws/install/rmf_demos_assets:/root/aerostack2_ws/install/as2_visualization:/root/aerostack2_ws/install/as2_swarm_perception:/root/aerostack2_ws/install/as2_swarm_fusion_ci:/root/aerostack2_ws/install/as2_swarm_ekf:/root/aerostack2_ws/install/as2_keyboard_teleoperation:/root/aerostack2_ws/install/as2_python_api:/root/aerostack2_ws/install/as2_project_bringup:/root/aerostack2_ws/install/as2_perception:/root/aerostack2_ws/install/as2_groundray_perception:/opt/ros/humble LD_LIBRARY_PATH=/root/aerostack2_ws/install/as2_msgs/lib:/root/aerostack2_ws/install/as2_swarm_person_interfaces/lib:/root/aerostack2_ws/install/as2_state_estimator/lib:/root/aerostack2_ws/install/as2_python_api/lib:/root/aerostack2_ws/install/as2_motion_controller/lib:/root/aerostack2_ws/install/as2_behaviors_trajectory_generation/lib:/root/aerostack2_ws/install/as2_behaviors_swarm_flocking/lib:/root/aerostack2_ws/install/as2_behaviors_motion/lib:/root/aerostack2_ws/install/as2_motion_reference_handlers/lib:/root/aerostack2_ws/install/as2_map_server/lib:/root/aerostack2_ws/install/as2_gazebo_assets/lib:/root/aerostack2_ws/install/as2_behaviors_perception/lib:/root/aerostack2_ws/install/as2_behaviors_path_planning/lib:/root/aerostack2_ws/install/as2_behavior_tree/lib:/root/aerostack2_ws/install/as2_behavior/lib:/root/aerostack2_ws/install/as2_core/lib:/opt/ros/humble/opt/rviz_ogre_vendor/lib:/opt/ros/humble/lib/x86_64-linux-gnu:/opt/ros/humble/lib /usr/bin/cmake --install /root/aerostack2_ws/build/as2_core
[19.238s] Level 1:colcon.colcon_core.environment:checking '/root/aerostack2_ws/install/as2_core/lib'
[19.238s] Level 1:colcon.colcon_core.shell:create_environment_hook('as2_core', 'ld_library_path_lib')
[19.239s] INFO:colcon.colcon_core.shell:Creating environment hook '/root/aerostack2_ws/install/as2_core/share/as2_core/hook/ld_library_path_lib.ps1'
[19.243s] INFO:colcon.colcon_core.shell:Creating environment descriptor '/root/aerostack2_ws/install/as2_core/share/as2_core/hook/ld_library_path_lib.dsv'
[19.243s] INFO:colcon.colcon_core.shell:Creating environment hook '/root/aerostack2_ws/install/as2_core/share/as2_core/hook/ld_library_path_lib.sh'
[19.244s] Level 1:colcon.colcon_core.environment:checking '/root/aerostack2_ws/install/as2_core/bin'
[19.244s] Level 1:colcon.colcon_core.environment:checking '/root/aerostack2_ws/install/as2_core/lib/pkgconfig/as2_core.pc'
[19.244s] Level 1:colcon.colcon_core.environment:checking '/root/aerostack2_ws/install/as2_core/lib/python3.10/site-packages'
[19.245s] Level 1:colcon.colcon_core.environment:checking '/root/aerostack2_ws/install/as2_core/bin'
[19.245s] INFO:colcon.colcon_core.shell:Creating package script '/root/aerostack2_ws/install/as2_core/share/as2_core/package.ps1'
[19.246s] INFO:colcon.colcon_core.shell:Creating package descriptor '/root/aerostack2_ws/install/as2_core/share/as2_core/package.dsv'
[19.246s] INFO:colcon.colcon_core.shell:Creating package script '/root/aerostack2_ws/install/as2_core/share/as2_core/package.sh'
[19.249s] INFO:colcon.colcon_core.shell:Creating package script '/root/aerostack2_ws/install/as2_core/share/as2_core/package.bash'
[19.250s] INFO:colcon.colcon_core.shell:Creating package script '/root/aerostack2_ws/install/as2_core/share/as2_core/package.zsh'
[19.250s] Level 1:colcon.colcon_core.environment:create_file_with_runtime_dependencies(/root/aerostack2_ws/install/as2_core/share/colcon-core/packages/as2_core)
[19.251s] Level 1:colcon.colcon_core.environment:create_environment_scripts_only(as2_core)
[19.251s] Level 1:colcon.colcon_core.environment:checking '/root/aerostack2_ws/install/as2_core' for CMake module files
[19.252s] Level 1:colcon.colcon_core.environment:checking '/root/aerostack2_ws/install/as2_core' for CMake config files
[19.252s] Level 1:colcon.colcon_core.shell:create_environment_hook('as2_core', 'cmake_prefix_path')
[19.252s] INFO:colcon.colcon_core.shell:Creating environment hook '/root/aerostack2_ws/install/as2_core/share/as2_core/hook/cmake_prefix_path.ps1'
[19.254s] INFO:colcon.colcon_core.shell:Creating environment descriptor '/root/aerostack2_ws/install/as2_core/share/as2_core/hook/cmake_prefix_path.dsv'
[19.255s] INFO:colcon.colcon_core.shell:Creating environment hook '/root/aerostack2_ws/install/as2_core/share/as2_core/hook/cmake_prefix_path.sh'
[19.257s] Level 1:colcon.colcon_core.environment:checking '/root/aerostack2_ws/install/as2_core/lib'
[19.257s] Level 1:colcon.colcon_core.shell:create_environment_hook('as2_core', 'ld_library_path_lib')
[19.258s] INFO:colcon.colcon_core.shell:Creating environment hook '/root/aerostack2_ws/install/as2_core/share/as2_core/hook/ld_library_path_lib.ps1'
[19.259s] INFO:colcon.colcon_core.shell:Creating environment descriptor '/root/aerostack2_ws/install/as2_core/share/as2_core/hook/ld_library_path_lib.dsv'
[19.261s] INFO:colcon.colcon_core.shell:Creating environment hook '/root/aerostack2_ws/install/as2_core/share/as2_core/hook/ld_library_path_lib.sh'
[19.262s] Level 1:colcon.colcon_core.environment:checking '/root/aerostack2_ws/install/as2_core/bin'
[19.262s] Level 1:colcon.colcon_core.environment:checking '/root/aerostack2_ws/install/as2_core/lib/pkgconfig/as2_core.pc'
[19.263s] Level 1:colcon.colcon_core.environment:checking '/root/aerostack2_ws/install/as2_core/lib/python3.10/site-packages'
[19.264s] Level 1:colcon.colcon_core.environment:checking '/root/aerostack2_ws/install/as2_core/bin'
[19.265s] INFO:colcon.colcon_core.shell:Creating package script '/root/aerostack2_ws/install/as2_core/share/as2_core/package.ps1'
[19.266s] INFO:colcon.colcon_core.shell:Creating package descriptor '/root/aerostack2_ws/install/as2_core/share/as2_core/package.dsv'
[19.272s] INFO:colcon.colcon_core.shell:Creating package script '/root/aerostack2_ws/install/as2_core/share/as2_core/package.sh'
[19.273s] INFO:colcon.colcon_core.shell:Creating package script '/root/aerostack2_ws/install/as2_core/share/as2_core/package.bash'
[19.274s] INFO:colcon.colcon_core.shell:Creating package script '/root/aerostack2_ws/install/as2_core/share/as2_core/package.zsh'
[19.274s] Level 1:colcon.colcon_core.environment:create_file_with_runtime_dependencies(/root/aerostack2_ws/install/as2_core/share/colcon-core/packages/as2_core)
[19.275s] INFO:colcon.colcon_ros.task.ament_cmake.build:Building ROS package in '/root/aerostack2_ws/src/aerostack2/as2_motion_reference_handlers' with build type 'ament_cmake'
[19.275s] INFO:colcon.colcon_cmake.task.cmake.build:Building CMake package in '/root/aerostack2_ws/src/aerostack2/as2_motion_reference_handlers'
[19.275s] INFO:colcon.colcon_core.shell:Skip shell extension 'powershell' for command environment: Not usable outside of PowerShell
[19.275s] DEBUG:colcon.colcon_core.shell:Skip shell extension 'dsv' for command environment
[19.323s] INFO:colcon.colcon_ros.task.ament_cmake.build:Building ROS package in '/root/aerostack2_ws/src/aerostack2/as2_behaviors/as2_behavior' with build type 'ament_cmake'
[19.323s] INFO:colcon.colcon_cmake.task.cmake.build:Building CMake package in '/root/aerostack2_ws/src/aerostack2/as2_behaviors/as2_behavior'
[19.324s] INFO:colcon.colcon_core.shell:Skip shell extension 'powershell' for command environment: Not usable outside of PowerShell
[19.324s] DEBUG:colcon.colcon_core.shell:Skip shell extension 'dsv' for command environment
[19.407s] INFO:colcon.colcon_ros.task.ament_cmake.build:Building ROS package in '/root/aerostack2_ws/src/aerostack2/as2_simulation_assets/as2_gazebo_assets' with build type 'ament_cmake'
[19.407s] INFO:colcon.colcon_cmake.task.cmake.build:Building CMake package in '/root/aerostack2_ws/src/aerostack2/as2_simulation_assets/as2_gazebo_assets'
[19.407s] INFO:colcon.colcon_core.shell:Skip shell extension 'powershell' for command environment: Not usable outside of PowerShell
[19.408s] DEBUG:colcon.colcon_core.shell:Skip shell extension 'dsv' for command environment
[19.479s] INFO:colcon.colcon_ros.task.ament_cmake.build:Building ROS package in '/root/aerostack2_ws/src/aerostack2/as2_user_interfaces/as2_alphanumeric_viewer' with build type 'ament_cmake'
[19.480s] INFO:colcon.colcon_cmake.task.cmake.build:Building CMake package in '/root/aerostack2_ws/src/aerostack2/as2_user_interfaces/as2_alphanumeric_viewer'
[19.480s] INFO:colcon.colcon_core.shell:Skip shell extension 'powershell' for command environment: Not usable outside of PowerShell
[19.480s] DEBUG:colcon.colcon_core.shell:Skip shell extension 'dsv' for command environment
[19.509s] INFO:colcon.colcon_ros.task.ament_cmake.build:Building ROS package in '/root/aerostack2_ws/src/aerostack2/as2_behavior_tree' with build type 'ament_cmake'
[19.510s] INFO:colcon.colcon_cmake.task.cmake.build:Building CMake package in '/root/aerostack2_ws/src/aerostack2/as2_behavior_tree'
[19.510s] INFO:colcon.colcon_core.shell:Skip shell extension 'powershell' for command environment: Not usable outside of PowerShell
[19.512s] DEBUG:colcon.colcon_core.shell:Skip shell extension 'dsv' for command environment
[19.536s] Level 1:colcon.colcon_core.environment:checking '/root/aerostack2_ws/install/as2_swarm_person_tracking' for CMake module files
[19.537s] DEBUG:colcon.colcon_core.event_handler.log_command:Invoked command in '/root/aerostack2_ws/src/aerostack2/as2_swarm_person_tracking' returned '0': PYTHONPATH=/root/aerostack2_ws/build/as2_swarm_person_tracking/prefix_override:/usr/lib/python3/dist-packages/colcon_core/task/python/colcon_distutils_commands:/root/aerostack2_ws/install/as2_swarm_person_tracking/lib/python3.10/site-packages:${PYTHONPATH} /usr/bin/python3 -W ignore:setup.py install is deprecated -W ignore:easy_install command is deprecated setup.py egg_info --egg-base ../../../build/as2_swarm_person_tracking build --build-base /root/aerostack2_ws/build/as2_swarm_person_tracking/build install --record /root/aerostack2_ws/build/as2_swarm_person_tracking/install.log --single-version-externally-managed install_data
[19.538s] Level 1:colcon.colcon_core.environment:checking '/root/aerostack2_ws/install/as2_swarm_person_tracking' for CMake config files
[19.540s] Level 1:colcon.colcon_core.environment:checking '/root/aerostack2_ws/install/as2_swarm_person_tracking/lib'
[19.540s] Level 1:colcon.colcon_core.environment:checking '/root/aerostack2_ws/install/as2_swarm_person_tracking/bin'
[19.540s] Level 1:colcon.colcon_core.environment:checking '/root/aerostack2_ws/install/as2_swarm_person_tracking/lib/pkgconfig/as2_swarm_person_tracking.pc'
[19.545s] Level 1:colcon.colcon_core.environment:checking '/root/aerostack2_ws/install/as2_swarm_person_tracking/lib/python3.10/site-packages'
[19.545s] Level 1:colcon.colcon_core.shell:create_environment_hook('as2_swarm_person_tracking', 'pythonpath')
[19.546s] INFO:colcon.colcon_core.shell:Creating environment hook '/root/aerostack2_ws/install/as2_swarm_person_tracking/share/as2_swarm_person_tracking/hook/pythonpath.ps1'
[19.547s] INFO:colcon.colcon_core.shell:Creating environment descriptor '/root/aerostack2_ws/install/as2_swarm_person_tracking/share/as2_swarm_person_tracking/hook/pythonpath.dsv'
[19.551s] INFO:colcon.colcon_core.shell:Creating environment hook '/root/aerostack2_ws/install/as2_swarm_person_tracking/share/as2_swarm_person_tracking/hook/pythonpath.sh'
[19.560s] Level 1:colcon.colcon_core.environment:checking '/root/aerostack2_ws/install/as2_swarm_person_tracking/bin'
[19.560s] Level 1:colcon.colcon_core.environment:create_environment_scripts_only(as2_swarm_person_tracking)
[19.563s] INFO:colcon.colcon_core.shell:Creating package script '/root/aerostack2_ws/install/as2_swarm_person_tracking/share/as2_swarm_person_tracking/package.ps1'
[19.566s] INFO:colcon.colcon_core.shell:Creating package descriptor '/root/aerostack2_ws/install/as2_swarm_person_tracking/share/as2_swarm_person_tracking/package.dsv'
[19.577s] INFO:colcon.colcon_core.shell:Creating package script '/root/aerostack2_ws/install/as2_swarm_person_tracking/share/as2_swarm_person_tracking/package.sh'
[19.581s] INFO:colcon.colcon_core.shell:Creating package script '/root/aerostack2_ws/install/as2_swarm_person_tracking/share/as2_swarm_person_tracking/package.bash'
[19.583s] INFO:colcon.colcon_core.shell:Creating package script '/root/aerostack2_ws/install/as2_swarm_person_tracking/share/as2_swarm_person_tracking/package.zsh'
[19.587s] Level 1:colcon.colcon_core.environment:create_file_with_runtime_dependencies(/root/aerostack2_ws/install/as2_swarm_person_tracking/share/colcon-core/packages/as2_swarm_person_tracking)
[19.589s] INFO:colcon.colcon_ros.task.ament_cmake.build:Building ROS package in '/root/aerostack2_ws/src/aerostack2/as2_utilities/as2_external_object_to_tf' with build type 'ament_cmake'
[19.599s] INFO:colcon.colcon_cmake.task.cmake.build:Building CMake package in '/root/aerostack2_ws/src/aerostack2/as2_utilities/as2_external_object_to_tf'
[19.600s] INFO:colcon.colcon_core.shell:Skip shell extension 'powershell' for command environment: Not usable outside of PowerShell
[19.600s] DEBUG:colcon.colcon_core.shell:Skip shell extension 'dsv' for command environment
[19.700s] DEBUG:colcon.colcon_core.event_handler.log_command:Invoking command in '/root/aerostack2_ws/build/as2_motion_reference_handlers': CMAKE_PREFIX_PATH=/root/aerostack2_ws/install/as2_core:/root/aerostack2_ws/install/as2_msgs:/root/aerostack2_ws/install/as2_swarm_person_interfaces:/root/aerostack2_ws/install/rmf_demos_gz_classic:/root/aerostack2_ws/install/rmf_demos_gz:/root/aerostack2_ws/install/rmf_demos:/root/aerostack2_ws/install/rmf_demos_maps:/root/aerostack2_ws/install/aerostack2:/root/aerostack2_ws/install/as2_usb_camera_interface:/root/aerostack2_ws/install/as2_state_estimator:/root/aerostack2_ws/install/as2_rviz_plugins:/root/aerostack2_ws/install/as2_realsense_interface:/root/aerostack2_ws/install/as2_platform_multirotor_simulator:/root/aerostack2_ws/install/as2_platform_gazebo:/root/aerostack2_ws/install/as2_motion_controller:/root/aerostack2_ws/install/as2_behaviors_trajectory_generation:/root/aerostack2_ws/install/as2_behaviors_swarm_flocking:/root/aerostack2_ws/install/as2_behaviors_motion:/root/aerostack2_ws/install/as2_motion_reference_handlers:/root/aerostack2_ws/install/as2_map_server:/root/aerostack2_ws/install/as2_geozones:/root/aerostack2_ws/install/as2_gazebo_assets:/root/aerostack2_ws/install/as2_external_object_to_tf:/root/aerostack2_ws/install/as2_behaviors_platform:/root/aerostack2_ws/install/as2_behaviors_perception:/root/aerostack2_ws/install/as2_behaviors_path_planning:/root/aerostack2_ws/install/as2_behavior_tree:/root/aerostack2_ws/install/as2_behavior:/root/aerostack2_ws/install/as2_alphanumeric_viewer:/root/aerostack2_ws/install/as2_cli:/root/aerostack2_ws/install/as2_swarm_person_tracking:/root/aerostack2_ws/install/as2_swarm_ci_fusion_people:/root/aerostack2_ws/install/rmf_demos_tasks:/root/aerostack2_ws/install/rmf_demos_panel:/root/aerostack2_ws/install/rmf_demos_fleet_adapter:/root/aerostack2_ws/install/rmf_demos_dashboard_resources:/root/aerostack2_ws/install/rmf_demos_bridges:/root/aerostack2_ws/install/rmf_demos_assets:/root/aerostack2_ws/install/as2_visualization:/root/aerostack2_ws/install/as2_swarm_perception:/root/aerostack2_ws/install/as2_swarm_fusion_ci:/root/aerostack2_ws/install/as2_swarm_ekf:/root/aerostack2_ws/install/as2_keyboard_teleoperation:/root/aerostack2_ws/install/as2_python_api:/root/aerostack2_ws/install/as2_project_bringup:/root/aerostack2_ws/install/as2_perception:/root/aerostack2_ws/install/as2_groundray_perception:/opt/ros/humble LD_LIBRARY_PATH=/root/aerostack2_ws/install/as2_core/lib:/root/aerostack2_ws/install/as2_msgs/lib:/root/aerostack2_ws/install/as2_swarm_person_interfaces/lib:/root/aerostack2_ws/install/as2_state_estimator/lib:/root/aerostack2_ws/install/as2_python_api/lib:/root/aerostack2_ws/install/as2_motion_controller/lib:/root/aerostack2_ws/install/as2_behaviors_trajectory_generation/lib:/root/aerostack2_ws/install/as2_behaviors_swarm_flocking/lib:/root/aerostack2_ws/install/as2_behaviors_motion/lib:/root/aerostack2_ws/install/as2_motion_reference_handlers/lib:/root/aerostack2_ws/install/as2_map_server/lib:/root/aerostack2_ws/install/as2_gazebo_assets/lib:/root/aerostack2_ws/install/as2_behaviors_perception/lib:/root/aerostack2_ws/install/as2_behaviors_path_planning/lib:/root/aerostack2_ws/install/as2_behavior_tree/lib:/root/aerostack2_ws/install/as2_behavior/lib:/opt/ros/humble/opt/rviz_ogre_vendor/lib:/opt/ros/humble/lib/x86_64-linux-gnu:/opt/ros/humble/lib /usr/bin/cmake --build /root/aerostack2_ws/build/as2_motion_reference_handlers -- -j8 -l8
[19.747s] DEBUG:colcon.colcon_core.event_handler.log_command:Invoking command in '/root/aerostack2_ws/build/as2_behavior': CMAKE_PREFIX_PATH=/root/aerostack2_ws/install/as2_core:/root/aerostack2_ws/install/as2_msgs:/root/aerostack2_ws/install/as2_swarm_person_interfaces:/root/aerostack2_ws/install/rmf_demos_gz_classic:/root/aerostack2_ws/install/rmf_demos_gz:/root/aerostack2_ws/install/rmf_demos:/root/aerostack2_ws/install/rmf_demos_maps:/root/aerostack2_ws/install/aerostack2:/root/aerostack2_ws/install/as2_usb_camera_interface:/root/aerostack2_ws/install/as2_state_estimator:/root/aerostack2_ws/install/as2_rviz_plugins:/root/aerostack2_ws/install/as2_realsense_interface:/root/aerostack2_ws/install/as2_platform_multirotor_simulator:/root/aerostack2_ws/install/as2_platform_gazebo:/root/aerostack2_ws/install/as2_motion_controller:/root/aerostack2_ws/install/as2_behaviors_trajectory_generation:/root/aerostack2_ws/install/as2_behaviors_swarm_flocking:/root/aerostack2_ws/install/as2_behaviors_motion:/root/aerostack2_ws/install/as2_motion_reference_handlers:/root/aerostack2_ws/install/as2_map_server:/root/aerostack2_ws/install/as2_geozones:/root/aerostack2_ws/install/as2_gazebo_assets:/root/aerostack2_ws/install/as2_external_object_to_tf:/root/aerostack2_ws/install/as2_behaviors_platform:/root/aerostack2_ws/install/as2_behaviors_perception:/root/aerostack2_ws/install/as2_behaviors_path_planning:/root/aerostack2_ws/install/as2_behavior_tree:/root/aerostack2_ws/install/as2_behavior:/root/aerostack2_ws/install/as2_alphanumeric_viewer:/root/aerostack2_ws/install/as2_cli:/root/aerostack2_ws/install/as2_swarm_person_tracking:/root/aerostack2_ws/install/as2_swarm_ci_fusion_people:/root/aerostack2_ws/install/rmf_demos_tasks:/root/aerostack2_ws/install/rmf_demos_panel:/root/aerostack2_ws/install/rmf_demos_fleet_adapter:/root/aerostack2_ws/install/rmf_demos_dashboard_resources:/root/aerostack2_ws/install/rmf_demos_bridges:/root/aerostack2_ws/install/rmf_demos_assets:/root/aerostack2_ws/install/as2_visualization:/root/aerostack2_ws/install/as2_swarm_perception:/root/aerostack2_ws/install/as2_swarm_fusion_ci:/root/aerostack2_ws/install/as2_swarm_ekf:/root/aerostack2_ws/install/as2_keyboard_teleoperation:/root/aerostack2_ws/install/as2_python_api:/root/aerostack2_ws/install/as2_project_bringup:/root/aerostack2_ws/install/as2_perception:/root/aerostack2_ws/install/as2_groundray_perception:/opt/ros/humble LD_LIBRARY_PATH=/root/aerostack2_ws/install/as2_core/lib:/root/aerostack2_ws/install/as2_msgs/lib:/root/aerostack2_ws/install/as2_swarm_person_interfaces/lib:/root/aerostack2_ws/install/as2_state_estimator/lib:/root/aerostack2_ws/install/as2_python_api/lib:/root/aerostack2_ws/install/as2_motion_controller/lib:/root/aerostack2_ws/install/as2_behaviors_trajectory_generation/lib:/root/aerostack2_ws/install/as2_behaviors_swarm_flocking/lib:/root/aerostack2_ws/install/as2_behaviors_motion/lib:/root/aerostack2_ws/install/as2_motion_reference_handlers/lib:/root/aerostack2_ws/install/as2_map_server/lib:/root/aerostack2_ws/install/as2_gazebo_assets/lib:/root/aerostack2_ws/install/as2_behaviors_perception/lib:/root/aerostack2_ws/install/as2_behaviors_path_planning/lib:/root/aerostack2_ws/install/as2_behavior_tree/lib:/root/aerostack2_ws/install/as2_behavior/lib:/opt/ros/humble/opt/rviz_ogre_vendor/lib:/opt/ros/humble/lib/x86_64-linux-gnu:/opt/ros/humble/lib /usr/bin/cmake --build /root/aerostack2_ws/build/as2_behavior -- -j8 -l8
[19.795s] DEBUG:colcon.colcon_core.event_handler.log_command:Invoking command in '/root/aerostack2_ws/build/as2_gazebo_assets': CMAKE_PREFIX_PATH=/root/aerostack2_ws/install/as2_core:/root/aerostack2_ws/install/as2_msgs:/root/aerostack2_ws/install/as2_swarm_person_interfaces:/root/aerostack2_ws/install/rmf_demos_gz_classic:/root/aerostack2_ws/install/rmf_demos_gz:/root/aerostack2_ws/install/rmf_demos:/root/aerostack2_ws/install/rmf_demos_maps:/root/aerostack2_ws/install/aerostack2:/root/aerostack2_ws/install/as2_usb_camera_interface:/root/aerostack2_ws/install/as2_state_estimator:/root/aerostack2_ws/install/as2_rviz_plugins:/root/aerostack2_ws/install/as2_realsense_interface:/root/aerostack2_ws/install/as2_platform_multirotor_simulator:/root/aerostack2_ws/install/as2_platform_gazebo:/root/aerostack2_ws/install/as2_motion_controller:/root/aerostack2_ws/install/as2_behaviors_trajectory_generation:/root/aerostack2_ws/install/as2_behaviors_swarm_flocking:/root/aerostack2_ws/install/as2_behaviors_motion:/root/aerostack2_ws/install/as2_motion_reference_handlers:/root/aerostack2_ws/install/as2_map_server:/root/aerostack2_ws/install/as2_geozones:/root/aerostack2_ws/install/as2_gazebo_assets:/root/aerostack2_ws/install/as2_external_object_to_tf:/root/aerostack2_ws/install/as2_behaviors_platform:/root/aerostack2_ws/install/as2_behaviors_perception:/root/aerostack2_ws/install/as2_behaviors_path_planning:/root/aerostack2_ws/install/as2_behavior_tree:/root/aerostack2_ws/install/as2_behavior:/root/aerostack2_ws/install/as2_alphanumeric_viewer:/root/aerostack2_ws/install/as2_cli:/root/aerostack2_ws/install/as2_swarm_person_tracking:/root/aerostack2_ws/install/as2_swarm_ci_fusion_people:/root/aerostack2_ws/install/rmf_demos_tasks:/root/aerostack2_ws/install/rmf_demos_panel:/root/aerostack2_ws/install/rmf_demos_fleet_adapter:/root/aerostack2_ws/install/rmf_demos_dashboard_resources:/root/aerostack2_ws/install/rmf_demos_bridges:/root/aerostack2_ws/install/rmf_demos_assets:/root/aerostack2_ws/install/as2_visualization:/root/aerostack2_ws/install/as2_swarm_perception:/root/aerostack2_ws/install/as2_swarm_fusion_ci:/root/aerostack2_ws/install/as2_swarm_ekf:/root/aerostack2_ws/install/as2_keyboard_teleoperation:/root/aerostack2_ws/install/as2_python_api:/root/aerostack2_ws/install/as2_project_bringup:/root/aerostack2_ws/install/as2_perception:/root/aerostack2_ws/install/as2_groundray_perception:/opt/ros/humble LD_LIBRARY_PATH=/root/aerostack2_ws/install/as2_core/lib:/root/aerostack2_ws/install/as2_msgs/lib:/root/aerostack2_ws/install/as2_swarm_person_interfaces/lib:/root/aerostack2_ws/install/as2_state_estimator/lib:/root/aerostack2_ws/install/as2_python_api/lib:/root/aerostack2_ws/install/as2_motion_controller/lib:/root/aerostack2_ws/install/as2_behaviors_trajectory_generation/lib:/root/aerostack2_ws/install/as2_behaviors_swarm_flocking/lib:/root/aerostack2_ws/install/as2_behaviors_motion/lib:/root/aerostack2_ws/install/as2_motion_reference_handlers/lib:/root/aerostack2_ws/install/as2_map_server/lib:/root/aerostack2_ws/install/as2_gazebo_assets/lib:/root/aerostack2_ws/install/as2_behaviors_perception/lib:/root/aerostack2_ws/install/as2_behaviors_path_planning/lib:/root/aerostack2_ws/install/as2_behavior_tree/lib:/root/aerostack2_ws/install/as2_behavior/lib:/opt/ros/humble/opt/rviz_ogre_vendor/lib:/opt/ros/humble/lib/x86_64-linux-gnu:/opt/ros/humble/lib /usr/bin/cmake --build /root/aerostack2_ws/build/as2_gazebo_assets -- -j8 -l8
[19.836s] DEBUG:colcon.colcon_core.event_handler.log_command:Invoking command in '/root/aerostack2_ws/build/as2_alphanumeric_viewer': CMAKE_PREFIX_PATH=/root/aerostack2_ws/install/as2_core:/root/aerostack2_ws/install/as2_msgs:/root/aerostack2_ws/install/as2_swarm_person_interfaces:/root/aerostack2_ws/install/rmf_demos_gz_classic:/root/aerostack2_ws/install/rmf_demos_gz:/root/aerostack2_ws/install/rmf_demos:/root/aerostack2_ws/install/rmf_demos_maps:/root/aerostack2_ws/install/aerostack2:/root/aerostack2_ws/install/as2_usb_camera_interface:/root/aerostack2_ws/install/as2_state_estimator:/root/aerostack2_ws/install/as2_rviz_plugins:/root/aerostack2_ws/install/as2_realsense_interface:/root/aerostack2_ws/install/as2_platform_multirotor_simulator:/root/aerostack2_ws/install/as2_platform_gazebo:/root/aerostack2_ws/install/as2_motion_controller:/root/aerostack2_ws/install/as2_behaviors_trajectory_generation:/root/aerostack2_ws/install/as2_behaviors_swarm_flocking:/root/aerostack2_ws/install/as2_behaviors_motion:/root/aerostack2_ws/install/as2_motion_reference_handlers:/root/aerostack2_ws/install/as2_map_server:/root/aerostack2_ws/install/as2_geozones:/root/aerostack2_ws/install/as2_gazebo_assets:/root/aerostack2_ws/install/as2_external_object_to_tf:/root/aerostack2_ws/install/as2_behaviors_platform:/root/aerostack2_ws/install/as2_behaviors_perception:/root/aerostack2_ws/install/as2_behaviors_path_planning:/root/aerostack2_ws/install/as2_behavior_tree:/root/aerostack2_ws/install/as2_behavior:/root/aerostack2_ws/install/as2_alphanumeric_viewer:/root/aerostack2_ws/install/as2_cli:/root/aerostack2_ws/install/as2_swarm_person_tracking:/root/aerostack2_ws/install/as2_swarm_ci_fusion_people:/root/aerostack2_ws/install/rmf_demos_tasks:/root/aerostack2_ws/install/rmf_demos_panel:/root/aerostack2_ws/install/rmf_demos_fleet_adapter:/root/aerostack2_ws/install/rmf_demos_dashboard_resources:/root/aerostack2_ws/install/rmf_demos_bridges:/root/aerostack2_ws/install/rmf_demos_assets:/root/aerostack2_ws/install/as2_visualization:/root/aerostack2_ws/install/as2_swarm_perception:/root/aerostack2_ws/install/as2_swarm_fusion_ci:/root/aerostack2_ws/install/as2_swarm_ekf:/root/aerostack2_ws/install/as2_keyboard_teleoperation:/root/aerostack2_ws/install/as2_python_api:/root/aerostack2_ws/install/as2_project_bringup:/root/aerostack2_ws/install/as2_perception:/root/aerostack2_ws/install/as2_groundray_perception:/opt/ros/humble LD_LIBRARY_PATH=/root/aerostack2_ws/install/as2_core/lib:/root/aerostack2_ws/install/as2_msgs/lib:/root/aerostack2_ws/install/as2_swarm_person_interfaces/lib:/root/aerostack2_ws/install/as2_state_estimator/lib:/root/aerostack2_ws/install/as2_python_api/lib:/root/aerostack2_ws/install/as2_motion_controller/lib:/root/aerostack2_ws/install/as2_behaviors_trajectory_generation/lib:/root/aerostack2_ws/install/as2_behaviors_swarm_flocking/lib:/root/aerostack2_ws/install/as2_behaviors_motion/lib:/root/aerostack2_ws/install/as2_motion_reference_handlers/lib:/root/aerostack2_ws/install/as2_map_server/lib:/root/aerostack2_ws/install/as2_gazebo_assets/lib:/root/aerostack2_ws/install/as2_behaviors_perception/lib:/root/aerostack2_ws/install/as2_behaviors_path_planning/lib:/root/aerostack2_ws/install/as2_behavior_tree/lib:/root/aerostack2_ws/install/as2_behavior/lib:/opt/ros/humble/opt/rviz_ogre_vendor/lib:/opt/ros/humble/lib/x86_64-linux-gnu:/opt/ros/humble/lib /usr/bin/cmake --build /root/aerostack2_ws/build/as2_alphanumeric_viewer -- -j8 -l8
[19.857s] DEBUG:colcon.colcon_core.event_handler.log_command:Invoking command in '/root/aerostack2_ws/build/as2_behavior_tree': CMAKE_PREFIX_PATH=/root/aerostack2_ws/install/as2_core:/root/aerostack2_ws/install/as2_msgs:/root/aerostack2_ws/install/as2_swarm_person_interfaces:/root/aerostack2_ws/install/rmf_demos_gz_classic:/root/aerostack2_ws/install/rmf_demos_gz:/root/aerostack2_ws/install/rmf_demos:/root/aerostack2_ws/install/rmf_demos_maps:/root/aerostack2_ws/install/aerostack2:/root/aerostack2_ws/install/as2_usb_camera_interface:/root/aerostack2_ws/install/as2_state_estimator:/root/aerostack2_ws/install/as2_rviz_plugins:/root/aerostack2_ws/install/as2_realsense_interface:/root/aerostack2_ws/install/as2_platform_multirotor_simulator:/root/aerostack2_ws/install/as2_platform_gazebo:/root/aerostack2_ws/install/as2_motion_controller:/root/aerostack2_ws/install/as2_behaviors_trajectory_generation:/root/aerostack2_ws/install/as2_behaviors_swarm_flocking:/root/aerostack2_ws/install/as2_behaviors_motion:/root/aerostack2_ws/install/as2_motion_reference_handlers:/root/aerostack2_ws/install/as2_map_server:/root/aerostack2_ws/install/as2_geozones:/root/aerostack2_ws/install/as2_gazebo_assets:/root/aerostack2_ws/install/as2_external_object_to_tf:/root/aerostack2_ws/install/as2_behaviors_platform:/root/aerostack2_ws/install/as2_behaviors_perception:/root/aerostack2_ws/install/as2_behaviors_path_planning:/root/aerostack2_ws/install/as2_behavior_tree:/root/aerostack2_ws/install/as2_behavior:/root/aerostack2_ws/install/as2_alphanumeric_viewer:/root/aerostack2_ws/install/as2_cli:/root/aerostack2_ws/install/as2_swarm_person_tracking:/root/aerostack2_ws/install/as2_swarm_ci_fusion_people:/root/aerostack2_ws/install/rmf_demos_tasks:/root/aerostack2_ws/install/rmf_demos_panel:/root/aerostack2_ws/install/rmf_demos_fleet_adapter:/root/aerostack2_ws/install/rmf_demos_dashboard_resources:/root/aerostack2_ws/install/rmf_demos_bridges:/root/aerostack2_ws/install/rmf_demos_assets:/root/aerostack2_ws/install/as2_visualization:/root/aerostack2_ws/install/as2_swarm_perception:/root/aerostack2_ws/install/as2_swarm_fusion_ci:/root/aerostack2_ws/install/as2_swarm_ekf:/root/aerostack2_ws/install/as2_keyboard_teleoperation:/root/aerostack2_ws/install/as2_python_api:/root/aerostack2_ws/install/as2_project_bringup:/root/aerostack2_ws/install/as2_perception:/root/aerostack2_ws/install/as2_groundray_perception:/opt/ros/humble LD_LIBRARY_PATH=/root/aerostack2_ws/install/as2_core/lib:/root/aerostack2_ws/install/as2_msgs/lib:/root/aerostack2_ws/install/as2_swarm_person_interfaces/lib:/root/aerostack2_ws/install/as2_state_estimator/lib:/root/aerostack2_ws/install/as2_python_api/lib:/root/aerostack2_ws/install/as2_motion_controller/lib:/root/aerostack2_ws/install/as2_behaviors_trajectory_generation/lib:/root/aerostack2_ws/install/as2_behaviors_swarm_flocking/lib:/root/aerostack2_ws/install/as2_behaviors_motion/lib:/root/aerostack2_ws/install/as2_motion_reference_handlers/lib:/root/aerostack2_ws/install/as2_map_server/lib:/root/aerostack2_ws/install/as2_gazebo_assets/lib:/root/aerostack2_ws/install/as2_behaviors_perception/lib:/root/aerostack2_ws/install/as2_behaviors_path_planning/lib:/root/aerostack2_ws/install/as2_behavior_tree/lib:/root/aerostack2_ws/install/as2_behavior/lib:/opt/ros/humble/opt/rviz_ogre_vendor/lib:/opt/ros/humble/lib/x86_64-linux-gnu:/opt/ros/humble/lib /usr/bin/cmake --build /root/aerostack2_ws/build/as2_behavior_tree -- -j8 -l8
[19.861s] Level 1:colcon.colcon_core.environment:checking '/root/aerostack2_ws/install/as2_swarm_perception' for CMake module files
[19.864s] Level 1:colcon.colcon_core.environment:checking '/root/aerostack2_ws/install/as2_swarm_perception' for CMake config files
[19.864s] Level 1:colcon.colcon_core.environment:checking '/root/aerostack2_ws/install/as2_swarm_perception/lib'
[19.865s] DEBUG:colcon.colcon_core.event_handler.log_command:Invoked command in '/root/aerostack2_ws/src/aerostack2/as2_swarm_perception' returned '0': PYTHONPATH=/root/aerostack2_ws/build/as2_swarm_perception/prefix_override:/usr/lib/python3/dist-packages/colcon_core/task/python/colcon_distutils_commands:/root/aerostack2_ws/install/as2_swarm_perception/lib/python3.10/site-packages:${PYTHONPATH} /usr/bin/python3 -W ignore:setup.py install is deprecated -W ignore:easy_install command is deprecated setup.py egg_info --egg-base ../../../build/as2_swarm_perception build --build-base /root/aerostack2_ws/build/as2_swarm_perception/build install --record /root/aerostack2_ws/build/as2_swarm_perception/install.log --single-version-externally-managed install_data
[19.865s] Level 1:colcon.colcon_core.environment:checking '/root/aerostack2_ws/install/as2_swarm_perception/bin'
[19.866s] Level 1:colcon.colcon_core.environment:checking '/root/aerostack2_ws/install/as2_swarm_perception/lib/pkgconfig/as2_swarm_perception.pc'
[19.866s] Level 1:colcon.colcon_core.environment:checking '/root/aerostack2_ws/install/as2_swarm_perception/lib/python3.10/site-packages'
[19.866s] Level 1:colcon.colcon_core.shell:create_environment_hook('as2_swarm_perception', 'pythonpath')
[19.866s] INFO:colcon.colcon_core.shell:Creating environment hook '/root/aerostack2_ws/install/as2_swarm_perception/share/as2_swarm_perception/hook/pythonpath.ps1'
[19.867s] INFO:colcon.colcon_core.shell:Creating environment descriptor '/root/aerostack2_ws/install/as2_swarm_perception/share/as2_swarm_perception/hook/pythonpath.dsv'
[19.868s] INFO:colcon.colcon_core.shell:Creating environment hook '/root/aerostack2_ws/install/as2_swarm_perception/share/as2_swarm_perception/hook/pythonpath.sh'
[19.869s] Level 1:colcon.colcon_core.environment:checking '/root/aerostack2_ws/install/as2_swarm_perception/bin'
[19.870s] Level 1:colcon.colcon_core.environment:create_environment_scripts_only(as2_swarm_perception)
[19.870s] INFO:colcon.colcon_core.shell:Creating package script '/root/aerostack2_ws/install/as2_swarm_perception/share/as2_swarm_perception/package.ps1'
[19.873s] INFO:colcon.colcon_core.shell:Creating package descriptor '/root/aerostack2_ws/install/as2_swarm_perception/share/as2_swarm_perception/package.dsv'
[19.874s] INFO:colcon.colcon_core.shell:Creating package script '/root/aerostack2_ws/install/as2_swarm_perception/share/as2_swarm_perception/package.sh'
[19.875s] INFO:colcon.colcon_core.shell:Creating package script '/root/aerostack2_ws/install/as2_swarm_perception/share/as2_swarm_perception/package.bash'
[19.876s] INFO:colcon.colcon_core.shell:Creating package script '/root/aerostack2_ws/install/as2_swarm_perception/share/as2_swarm_perception/package.zsh'
[19.876s] Level 1:colcon.colcon_core.environment:create_file_with_runtime_dependencies(/root/aerostack2_ws/install/as2_swarm_perception/share/colcon-core/packages/as2_swarm_perception)
[19.894s] DEBUG:colcon.colcon_core.event_handler.log_command:Invoking command in '/root/aerostack2_ws/build/as2_external_object_to_tf': CMAKE_PREFIX_PATH=/root/aerostack2_ws/install/as2_core:/root/aerostack2_ws/install/as2_msgs:/root/aerostack2_ws/install/as2_swarm_person_interfaces:/root/aerostack2_ws/install/rmf_demos_gz_classic:/root/aerostack2_ws/install/rmf_demos_gz:/root/aerostack2_ws/install/rmf_demos:/root/aerostack2_ws/install/rmf_demos_maps:/root/aerostack2_ws/install/aerostack2:/root/aerostack2_ws/install/as2_usb_camera_interface:/root/aerostack2_ws/install/as2_state_estimator:/root/aerostack2_ws/install/as2_rviz_plugins:/root/aerostack2_ws/install/as2_realsense_interface:/root/aerostack2_ws/install/as2_platform_multirotor_simulator:/root/aerostack2_ws/install/as2_platform_gazebo:/root/aerostack2_ws/install/as2_motion_controller:/root/aerostack2_ws/install/as2_behaviors_trajectory_generation:/root/aerostack2_ws/install/as2_behaviors_swarm_flocking:/root/aerostack2_ws/install/as2_behaviors_motion:/root/aerostack2_ws/install/as2_motion_reference_handlers:/root/aerostack2_ws/install/as2_map_server:/root/aerostack2_ws/install/as2_geozones:/root/aerostack2_ws/install/as2_gazebo_assets:/root/aerostack2_ws/install/as2_external_object_to_tf:/root/aerostack2_ws/install/as2_behaviors_platform:/root/aerostack2_ws/install/as2_behaviors_perception:/root/aerostack2_ws/install/as2_behaviors_path_planning:/root/aerostack2_ws/install/as2_behavior_tree:/root/aerostack2_ws/install/as2_behavior:/root/aerostack2_ws/install/as2_alphanumeric_viewer:/root/aerostack2_ws/install/as2_cli:/root/aerostack2_ws/install/as2_swarm_person_tracking:/root/aerostack2_ws/install/as2_swarm_ci_fusion_people:/root/aerostack2_ws/install/rmf_demos_tasks:/root/aerostack2_ws/install/rmf_demos_panel:/root/aerostack2_ws/install/rmf_demos_fleet_adapter:/root/aerostack2_ws/install/rmf_demos_dashboard_resources:/root/aerostack2_ws/install/rmf_demos_bridges:/root/aerostack2_ws/install/rmf_demos_assets:/root/aerostack2_ws/install/as2_visualization:/root/aerostack2_ws/install/as2_swarm_perception:/root/aerostack2_ws/install/as2_swarm_fusion_ci:/root/aerostack2_ws/install/as2_swarm_ekf:/root/aerostack2_ws/install/as2_keyboard_teleoperation:/root/aerostack2_ws/install/as2_python_api:/root/aerostack2_ws/install/as2_project_bringup:/root/aerostack2_ws/install/as2_perception:/root/aerostack2_ws/install/as2_groundray_perception:/opt/ros/humble LD_LIBRARY_PATH=/root/aerostack2_ws/install/as2_core/lib:/root/aerostack2_ws/install/as2_msgs/lib:/root/aerostack2_ws/install/as2_swarm_person_interfaces/lib:/root/aerostack2_ws/install/as2_state_estimator/lib:/root/aerostack2_ws/install/as2_python_api/lib:/root/aerostack2_ws/install/as2_motion_controller/lib:/root/aerostack2_ws/install/as2_behaviors_trajectory_generation/lib:/root/aerostack2_ws/install/as2_behaviors_swarm_flocking/lib:/root/aerostack2_ws/install/as2_behaviors_motion/lib:/root/aerostack2_ws/install/as2_motion_reference_handlers/lib:/root/aerostack2_ws/install/as2_map_server/lib:/root/aerostack2_ws/install/as2_gazebo_assets/lib:/root/aerostack2_ws/install/as2_behaviors_perception/lib:/root/aerostack2_ws/install/as2_behaviors_path_planning/lib:/root/aerostack2_ws/install/as2_behavior_tree/lib:/root/aerostack2_ws/install/as2_behavior/lib:/opt/ros/humble/opt/rviz_ogre_vendor/lib:/opt/ros/humble/lib/x86_64-linux-gnu:/opt/ros/humble/lib /usr/bin/cmake --build /root/aerostack2_ws/build/as2_external_object_to_tf -- -j8 -l8
[19.912s] INFO:colcon.colcon_ros.task.ament_cmake.build:Building ROS package in '/root/aerostack2_ws/src/aerostack2/as2_utilities/as2_geozones' with build type 'ament_cmake'
[19.913s] INFO:colcon.colcon_cmake.task.cmake.build:Building CMake package in '/root/aerostack2_ws/src/aerostack2/as2_utilities/as2_geozones'
[19.913s] INFO:colcon.colcon_core.shell:Skip shell extension 'powershell' for command environment: Not usable outside of PowerShell
[19.913s] DEBUG:colcon.colcon_core.shell:Skip shell extension 'dsv' for command environment
[20.102s] DEBUG:colcon.colcon_core.event_handler.log_command:Invoking command in '/root/aerostack2_ws/build/as2_geozones': CMAKE_PREFIX_PATH=/root/aerostack2_ws/install/as2_core:/root/aerostack2_ws/install/as2_msgs:/root/aerostack2_ws/install/as2_swarm_person_interfaces:/root/aerostack2_ws/install/rmf_demos_gz_classic:/root/aerostack2_ws/install/rmf_demos_gz:/root/aerostack2_ws/install/rmf_demos:/root/aerostack2_ws/install/rmf_demos_maps:/root/aerostack2_ws/install/aerostack2:/root/aerostack2_ws/install/as2_usb_camera_interface:/root/aerostack2_ws/install/as2_state_estimator:/root/aerostack2_ws/install/as2_rviz_plugins:/root/aerostack2_ws/install/as2_realsense_interface:/root/aerostack2_ws/install/as2_platform_multirotor_simulator:/root/aerostack2_ws/install/as2_platform_gazebo:/root/aerostack2_ws/install/as2_motion_controller:/root/aerostack2_ws/install/as2_behaviors_trajectory_generation:/root/aerostack2_ws/install/as2_behaviors_swarm_flocking:/root/aerostack2_ws/install/as2_behaviors_motion:/root/aerostack2_ws/install/as2_motion_reference_handlers:/root/aerostack2_ws/install/as2_map_server:/root/aerostack2_ws/install/as2_geozones:/root/aerostack2_ws/install/as2_gazebo_assets:/root/aerostack2_ws/install/as2_external_object_to_tf:/root/aerostack2_ws/install/as2_behaviors_platform:/root/aerostack2_ws/install/as2_behaviors_perception:/root/aerostack2_ws/install/as2_behaviors_path_planning:/root/aerostack2_ws/install/as2_behavior_tree:/root/aerostack2_ws/install/as2_behavior:/root/aerostack2_ws/install/as2_alphanumeric_viewer:/root/aerostack2_ws/install/as2_cli:/root/aerostack2_ws/install/as2_swarm_person_tracking:/root/aerostack2_ws/install/as2_swarm_ci_fusion_people:/root/aerostack2_ws/install/rmf_demos_tasks:/root/aerostack2_ws/install/rmf_demos_panel:/root/aerostack2_ws/install/rmf_demos_fleet_adapter:/root/aerostack2_ws/install/rmf_demos_dashboard_resources:/root/aerostack2_ws/install/rmf_demos_bridges:/root/aerostack2_ws/install/rmf_demos_assets:/root/aerostack2_ws/install/as2_visualization:/root/aerostack2_ws/install/as2_swarm_perception:/root/aerostack2_ws/install/as2_swarm_fusion_ci:/root/aerostack2_ws/install/as2_swarm_ekf:/root/aerostack2_ws/install/as2_keyboard_teleoperation:/root/aerostack2_ws/install/as2_python_api:/root/aerostack2_ws/install/as2_project_bringup:/root/aerostack2_ws/install/as2_perception:/root/aerostack2_ws/install/as2_groundray_perception:/opt/ros/humble LD_LIBRARY_PATH=/root/aerostack2_ws/install/as2_core/lib:/root/aerostack2_ws/install/as2_msgs/lib:/root/aerostack2_ws/install/as2_swarm_person_interfaces/lib:/root/aerostack2_ws/install/as2_state_estimator/lib:/root/aerostack2_ws/install/as2_python_api/lib:/root/aerostack2_ws/install/as2_motion_controller/lib:/root/aerostack2_ws/install/as2_behaviors_trajectory_generation/lib:/root/aerostack2_ws/install/as2_behaviors_swarm_flocking/lib:/root/aerostack2_ws/install/as2_behaviors_motion/lib:/root/aerostack2_ws/install/as2_motion_reference_handlers/lib:/root/aerostack2_ws/install/as2_map_server/lib:/root/aerostack2_ws/install/as2_gazebo_assets/lib:/root/aerostack2_ws/install/as2_behaviors_perception/lib:/root/aerostack2_ws/install/as2_behaviors_path_planning/lib:/root/aerostack2_ws/install/as2_behavior_tree/lib:/root/aerostack2_ws/install/as2_behavior/lib:/opt/ros/humble/opt/rviz_ogre_vendor/lib:/opt/ros/humble/lib/x86_64-linux-gnu:/opt/ros/humble/lib /usr/bin/cmake --build /root/aerostack2_ws/build/as2_geozones -- -j8 -l8
[20.456s] Level 1:colcon.colcon_core.environment:checking '/root/aerostack2_ws/install/as2_swarm_ci_fusion_people' for CMake module files
[20.458s] Level 1:colcon.colcon_core.environment:checking '/root/aerostack2_ws/install/as2_swarm_ci_fusion_people' for CMake config files
[20.458s] DEBUG:colcon.colcon_core.event_handler.log_command:Invoked command in '/root/aerostack2_ws/src/aerostack2/as2_swarm_ci_fusion_people' returned '0': PYTHONPATH=/root/aerostack2_ws/build/as2_swarm_ci_fusion_people/prefix_override:/usr/lib/python3/dist-packages/colcon_core/task/python/colcon_distutils_commands:/root/aerostack2_ws/install/as2_swarm_ci_fusion_people/lib/python3.10/site-packages:${PYTHONPATH} /usr/bin/python3 -W ignore:setup.py install is deprecated -W ignore:easy_install command is deprecated setup.py egg_info --egg-base ../../../build/as2_swarm_ci_fusion_people build --build-base /root/aerostack2_ws/build/as2_swarm_ci_fusion_people/build install --record /root/aerostack2_ws/build/as2_swarm_ci_fusion_people/install.log --single-version-externally-managed install_data
[20.460s] Level 1:colcon.colcon_core.environment:checking '/root/aerostack2_ws/install/as2_swarm_ci_fusion_people/lib'
[20.461s] Level 1:colcon.colcon_core.environment:checking '/root/aerostack2_ws/install/as2_swarm_ci_fusion_people/bin'
[20.461s] Level 1:colcon.colcon_core.environment:checking '/root/aerostack2_ws/install/as2_swarm_ci_fusion_people/lib/pkgconfig/as2_swarm_ci_fusion_people.pc'
[20.462s] Level 1:colcon.colcon_core.environment:checking '/root/aerostack2_ws/install/as2_swarm_ci_fusion_people/lib/python3.10/site-packages'
[20.463s] Level 1:colcon.colcon_core.shell:create_environment_hook('as2_swarm_ci_fusion_people', 'pythonpath')
[20.474s] INFO:colcon.colcon_core.shell:Creating environment hook '/root/aerostack2_ws/install/as2_swarm_ci_fusion_people/share/as2_swarm_ci_fusion_people/hook/pythonpath.ps1'
[20.475s] INFO:colcon.colcon_core.shell:Creating environment descriptor '/root/aerostack2_ws/install/as2_swarm_ci_fusion_people/share/as2_swarm_ci_fusion_people/hook/pythonpath.dsv'
[20.485s] INFO:colcon.colcon_core.shell:Creating environment hook '/root/aerostack2_ws/install/as2_swarm_ci_fusion_people/share/as2_swarm_ci_fusion_people/hook/pythonpath.sh'
[20.490s] Level 1:colcon.colcon_core.environment:checking '/root/aerostack2_ws/install/as2_swarm_ci_fusion_people/bin'
[20.490s] Level 1:colcon.colcon_core.environment:create_environment_scripts_only(as2_swarm_ci_fusion_people)
[20.490s] INFO:colcon.colcon_core.shell:Creating package script '/root/aerostack2_ws/install/as2_swarm_ci_fusion_people/share/as2_swarm_ci_fusion_people/package.ps1'
[20.491s] INFO:colcon.colcon_core.shell:Creating package descriptor '/root/aerostack2_ws/install/as2_swarm_ci_fusion_people/share/as2_swarm_ci_fusion_people/package.dsv'
[20.529s] INFO:colcon.colcon_core.shell:Creating package script '/root/aerostack2_ws/install/as2_swarm_ci_fusion_people/share/as2_swarm_ci_fusion_people/package.sh'
[20.530s] INFO:colcon.colcon_core.shell:Creating package script '/root/aerostack2_ws/install/as2_swarm_ci_fusion_people/share/as2_swarm_ci_fusion_people/package.bash'
[20.531s] INFO:colcon.colcon_core.shell:Creating package script '/root/aerostack2_ws/install/as2_swarm_ci_fusion_people/share/as2_swarm_ci_fusion_people/package.zsh'
[20.531s] Level 1:colcon.colcon_core.environment:create_file_with_runtime_dependencies(/root/aerostack2_ws/install/as2_swarm_ci_fusion_people/share/colcon-core/packages/as2_swarm_ci_fusion_people)
[20.534s] INFO:colcon.colcon_ros.task.ament_cmake.build:Building ROS package in '/root/aerostack2_ws/src/aerostack2/as2_map_server' with build type 'ament_cmake'
[20.535s] INFO:colcon.colcon_cmake.task.cmake.build:Building CMake package in '/root/aerostack2_ws/src/aerostack2/as2_map_server'
[20.536s] INFO:colcon.colcon_core.shell:Skip shell extension 'powershell' for command environment: Not usable outside of PowerShell
[20.536s] DEBUG:colcon.colcon_core.shell:Skip shell extension 'dsv' for command environment
[20.576s] DEBUG:colcon.colcon_core.event_handler.log_command:Invoked command in '/root/aerostack2_ws/build/as2_alphanumeric_viewer' returned '0': CMAKE_PREFIX_PATH=/root/aerostack2_ws/install/as2_core:/root/aerostack2_ws/install/as2_msgs:/root/aerostack2_ws/install/as2_swarm_person_interfaces:/root/aerostack2_ws/install/rmf_demos_gz_classic:/root/aerostack2_ws/install/rmf_demos_gz:/root/aerostack2_ws/install/rmf_demos:/root/aerostack2_ws/install/rmf_demos_maps:/root/aerostack2_ws/install/aerostack2:/root/aerostack2_ws/install/as2_usb_camera_interface:/root/aerostack2_ws/install/as2_state_estimator:/root/aerostack2_ws/install/as2_rviz_plugins:/root/aerostack2_ws/install/as2_realsense_interface:/root/aerostack2_ws/install/as2_platform_multirotor_simulator:/root/aerostack2_ws/install/as2_platform_gazebo:/root/aerostack2_ws/install/as2_motion_controller:/root/aerostack2_ws/install/as2_behaviors_trajectory_generation:/root/aerostack2_ws/install/as2_behaviors_swarm_flocking:/root/aerostack2_ws/install/as2_behaviors_motion:/root/aerostack2_ws/install/as2_motion_reference_handlers:/root/aerostack2_ws/install/as2_map_server:/root/aerostack2_ws/install/as2_geozones:/root/aerostack2_ws/install/as2_gazebo_assets:/root/aerostack2_ws/install/as2_external_object_to_tf:/root/aerostack2_ws/install/as2_behaviors_platform:/root/aerostack2_ws/install/as2_behaviors_perception:/root/aerostack2_ws/install/as2_behaviors_path_planning:/root/aerostack2_ws/install/as2_behavior_tree:/root/aerostack2_ws/install/as2_behavior:/root/aerostack2_ws/install/as2_alphanumeric_viewer:/root/aerostack2_ws/install/as2_cli:/root/aerostack2_ws/install/as2_swarm_person_tracking:/root/aerostack2_ws/install/as2_swarm_ci_fusion_people:/root/aerostack2_ws/install/rmf_demos_tasks:/root/aerostack2_ws/install/rmf_demos_panel:/root/aerostack2_ws/install/rmf_demos_fleet_adapter:/root/aerostack2_ws/install/rmf_demos_dashboard_resources:/root/aerostack2_ws/install/rmf_demos_bridges:/root/aerostack2_ws/install/rmf_demos_assets:/root/aerostack2_ws/install/as2_visualization:/root/aerostack2_ws/install/as2_swarm_perception:/root/aerostack2_ws/install/as2_swarm_fusion_ci:/root/aerostack2_ws/install/as2_swarm_ekf:/root/aerostack2_ws/install/as2_keyboard_teleoperation:/root/aerostack2_ws/install/as2_python_api:/root/aerostack2_ws/install/as2_project_bringup:/root/aerostack2_ws/install/as2_perception:/root/aerostack2_ws/install/as2_groundray_perception:/opt/ros/humble LD_LIBRARY_PATH=/root/aerostack2_ws/install/as2_core/lib:/root/aerostack2_ws/install/as2_msgs/lib:/root/aerostack2_ws/install/as2_swarm_person_interfaces/lib:/root/aerostack2_ws/install/as2_state_estimator/lib:/root/aerostack2_ws/install/as2_python_api/lib:/root/aerostack2_ws/install/as2_motion_controller/lib:/root/aerostack2_ws/install/as2_behaviors_trajectory_generation/lib:/root/aerostack2_ws/install/as2_behaviors_swarm_flocking/lib:/root/aerostack2_ws/install/as2_behaviors_motion/lib:/root/aerostack2_ws/install/as2_motion_reference_handlers/lib:/root/aerostack2_ws/install/as2_map_server/lib:/root/aerostack2_ws/install/as2_gazebo_assets/lib:/root/aerostack2_ws/install/as2_behaviors_perception/lib:/root/aerostack2_ws/install/as2_behaviors_path_planning/lib:/root/aerostack2_ws/install/as2_behavior_tree/lib:/root/aerostack2_ws/install/as2_behavior/lib:/opt/ros/humble/opt/rviz_ogre_vendor/lib:/opt/ros/humble/lib/x86_64-linux-gnu:/opt/ros/humble/lib /usr/bin/cmake --build /root/aerostack2_ws/build/as2_alphanumeric_viewer -- -j8 -l8
[20.577s] DEBUG:colcon.colcon_core.event_handler.log_command:Invoking command in '/root/aerostack2_ws/build/as2_alphanumeric_viewer': CMAKE_PREFIX_PATH=/root/aerostack2_ws/install/as2_core:/root/aerostack2_ws/install/as2_msgs:/root/aerostack2_ws/install/as2_swarm_person_interfaces:/root/aerostack2_ws/install/rmf_demos_gz_classic:/root/aerostack2_ws/install/rmf_demos_gz:/root/aerostack2_ws/install/rmf_demos:/root/aerostack2_ws/install/rmf_demos_maps:/root/aerostack2_ws/install/aerostack2:/root/aerostack2_ws/install/as2_usb_camera_interface:/root/aerostack2_ws/install/as2_state_estimator:/root/aerostack2_ws/install/as2_rviz_plugins:/root/aerostack2_ws/install/as2_realsense_interface:/root/aerostack2_ws/install/as2_platform_multirotor_simulator:/root/aerostack2_ws/install/as2_platform_gazebo:/root/aerostack2_ws/install/as2_motion_controller:/root/aerostack2_ws/install/as2_behaviors_trajectory_generation:/root/aerostack2_ws/install/as2_behaviors_swarm_flocking:/root/aerostack2_ws/install/as2_behaviors_motion:/root/aerostack2_ws/install/as2_motion_reference_handlers:/root/aerostack2_ws/install/as2_map_server:/root/aerostack2_ws/install/as2_geozones:/root/aerostack2_ws/install/as2_gazebo_assets:/root/aerostack2_ws/install/as2_external_object_to_tf:/root/aerostack2_ws/install/as2_behaviors_platform:/root/aerostack2_ws/install/as2_behaviors_perception:/root/aerostack2_ws/install/as2_behaviors_path_planning:/root/aerostack2_ws/install/as2_behavior_tree:/root/aerostack2_ws/install/as2_behavior:/root/aerostack2_ws/install/as2_alphanumeric_viewer:/root/aerostack2_ws/install/as2_cli:/root/aerostack2_ws/install/as2_swarm_person_tracking:/root/aerostack2_ws/install/as2_swarm_ci_fusion_people:/root/aerostack2_ws/install/rmf_demos_tasks:/root/aerostack2_ws/install/rmf_demos_panel:/root/aerostack2_ws/install/rmf_demos_fleet_adapter:/root/aerostack2_ws/install/rmf_demos_dashboard_resources:/root/aerostack2_ws/install/rmf_demos_bridges:/root/aerostack2_ws/install/rmf_demos_assets:/root/aerostack2_ws/install/as2_visualization:/root/aerostack2_ws/install/as2_swarm_perception:/root/aerostack2_ws/install/as2_swarm_fusion_ci:/root/aerostack2_ws/install/as2_swarm_ekf:/root/aerostack2_ws/install/as2_keyboard_teleoperation:/root/aerostack2_ws/install/as2_python_api:/root/aerostack2_ws/install/as2_project_bringup:/root/aerostack2_ws/install/as2_perception:/root/aerostack2_ws/install/as2_groundray_perception:/opt/ros/humble LD_LIBRARY_PATH=/root/aerostack2_ws/install/as2_core/lib:/root/aerostack2_ws/install/as2_msgs/lib:/root/aerostack2_ws/install/as2_swarm_person_interfaces/lib:/root/aerostack2_ws/install/as2_state_estimator/lib:/root/aerostack2_ws/install/as2_python_api/lib:/root/aerostack2_ws/install/as2_motion_controller/lib:/root/aerostack2_ws/install/as2_behaviors_trajectory_generation/lib:/root/aerostack2_ws/install/as2_behaviors_swarm_flocking/lib:/root/aerostack2_ws/install/as2_behaviors_motion/lib:/root/aerostack2_ws/install/as2_motion_reference_handlers/lib:/root/aerostack2_ws/install/as2_map_server/lib:/root/aerostack2_ws/install/as2_gazebo_assets/lib:/root/aerostack2_ws/install/as2_behaviors_perception/lib:/root/aerostack2_ws/install/as2_behaviors_path_planning/lib:/root/aerostack2_ws/install/as2_behavior_tree/lib:/root/aerostack2_ws/install/as2_behavior/lib:/opt/ros/humble/opt/rviz_ogre_vendor/lib:/opt/ros/humble/lib/x86_64-linux-gnu:/opt/ros/humble/lib /usr/bin/cmake --install /root/aerostack2_ws/build/as2_alphanumeric_viewer
[20.650s] DEBUG:colcon.colcon_core.event_handler.log_command:Invoking command in '/root/aerostack2_ws/build/as2_map_server': CMAKE_PREFIX_PATH=/root/aerostack2_ws/install/as2_core:/root/aerostack2_ws/install/as2_msgs:/root/aerostack2_ws/install/as2_swarm_person_interfaces:/root/aerostack2_ws/install/rmf_demos_gz_classic:/root/aerostack2_ws/install/rmf_demos_gz:/root/aerostack2_ws/install/rmf_demos:/root/aerostack2_ws/install/rmf_demos_maps:/root/aerostack2_ws/install/aerostack2:/root/aerostack2_ws/install/as2_usb_camera_interface:/root/aerostack2_ws/install/as2_state_estimator:/root/aerostack2_ws/install/as2_rviz_plugins:/root/aerostack2_ws/install/as2_realsense_interface:/root/aerostack2_ws/install/as2_platform_multirotor_simulator:/root/aerostack2_ws/install/as2_platform_gazebo:/root/aerostack2_ws/install/as2_motion_controller:/root/aerostack2_ws/install/as2_behaviors_trajectory_generation:/root/aerostack2_ws/install/as2_behaviors_swarm_flocking:/root/aerostack2_ws/install/as2_behaviors_motion:/root/aerostack2_ws/install/as2_motion_reference_handlers:/root/aerostack2_ws/install/as2_map_server:/root/aerostack2_ws/install/as2_geozones:/root/aerostack2_ws/install/as2_gazebo_assets:/root/aerostack2_ws/install/as2_external_object_to_tf:/root/aerostack2_ws/install/as2_behaviors_platform:/root/aerostack2_ws/install/as2_behaviors_perception:/root/aerostack2_ws/install/as2_behaviors_path_planning:/root/aerostack2_ws/install/as2_behavior_tree:/root/aerostack2_ws/install/as2_behavior:/root/aerostack2_ws/install/as2_alphanumeric_viewer:/root/aerostack2_ws/install/as2_cli:/root/aerostack2_ws/install/as2_swarm_person_tracking:/root/aerostack2_ws/install/as2_swarm_ci_fusion_people:/root/aerostack2_ws/install/rmf_demos_tasks:/root/aerostack2_ws/install/rmf_demos_panel:/root/aerostack2_ws/install/rmf_demos_fleet_adapter:/root/aerostack2_ws/install/rmf_demos_dashboard_resources:/root/aerostack2_ws/install/rmf_demos_bridges:/root/aerostack2_ws/install/rmf_demos_assets:/root/aerostack2_ws/install/as2_visualization:/root/aerostack2_ws/install/as2_swarm_perception:/root/aerostack2_ws/install/as2_swarm_fusion_ci:/root/aerostack2_ws/install/as2_swarm_ekf:/root/aerostack2_ws/install/as2_keyboard_teleoperation:/root/aerostack2_ws/install/as2_python_api:/root/aerostack2_ws/install/as2_project_bringup:/root/aerostack2_ws/install/as2_perception:/root/aerostack2_ws/install/as2_groundray_perception:/opt/ros/humble LD_LIBRARY_PATH=/root/aerostack2_ws/install/as2_core/lib:/root/aerostack2_ws/install/as2_msgs/lib:/root/aerostack2_ws/install/as2_swarm_person_interfaces/lib:/root/aerostack2_ws/install/as2_state_estimator/lib:/root/aerostack2_ws/install/as2_python_api/lib:/root/aerostack2_ws/install/as2_motion_controller/lib:/root/aerostack2_ws/install/as2_behaviors_trajectory_generation/lib:/root/aerostack2_ws/install/as2_behaviors_swarm_flocking/lib:/root/aerostack2_ws/install/as2_behaviors_motion/lib:/root/aerostack2_ws/install/as2_motion_reference_handlers/lib:/root/aerostack2_ws/install/as2_map_server/lib:/root/aerostack2_ws/install/as2_gazebo_assets/lib:/root/aerostack2_ws/install/as2_behaviors_perception/lib:/root/aerostack2_ws/install/as2_behaviors_path_planning/lib:/root/aerostack2_ws/install/as2_behavior_tree/lib:/root/aerostack2_ws/install/as2_behavior/lib:/opt/ros/humble/opt/rviz_ogre_vendor/lib:/opt/ros/humble/lib/x86_64-linux-gnu:/opt/ros/humble/lib /usr/bin/cmake --build /root/aerostack2_ws/build/as2_map_server -- -j8 -l8
[20.891s] Level 1:colcon.colcon_core.environment:create_environment_scripts_only(as2_alphanumeric_viewer)
[20.892s] Level 1:colcon.colcon_core.environment:checking '/root/aerostack2_ws/install/as2_alphanumeric_viewer' for CMake module files
[20.893s] Level 1:colcon.colcon_core.environment:checking '/root/aerostack2_ws/install/as2_alphanumeric_viewer' for CMake config files
[20.893s] Level 1:colcon.colcon_core.shell:create_environment_hook('as2_alphanumeric_viewer', 'cmake_prefix_path')
[20.893s] INFO:colcon.colcon_core.shell:Creating environment hook '/root/aerostack2_ws/install/as2_alphanumeric_viewer/share/as2_alphanumeric_viewer/hook/cmake_prefix_path.ps1'
[20.904s] DEBUG:colcon.colcon_core.event_handler.log_command:Invoked command in '/root/aerostack2_ws/build/as2_alphanumeric_viewer' returned '0': CMAKE_PREFIX_PATH=/root/aerostack2_ws/install/as2_core:/root/aerostack2_ws/install/as2_msgs:/root/aerostack2_ws/install/as2_swarm_person_interfaces:/root/aerostack2_ws/install/rmf_demos_gz_classic:/root/aerostack2_ws/install/rmf_demos_gz:/root/aerostack2_ws/install/rmf_demos:/root/aerostack2_ws/install/rmf_demos_maps:/root/aerostack2_ws/install/aerostack2:/root/aerostack2_ws/install/as2_usb_camera_interface:/root/aerostack2_ws/install/as2_state_estimator:/root/aerostack2_ws/install/as2_rviz_plugins:/root/aerostack2_ws/install/as2_realsense_interface:/root/aerostack2_ws/install/as2_platform_multirotor_simulator:/root/aerostack2_ws/install/as2_platform_gazebo:/root/aerostack2_ws/install/as2_motion_controller:/root/aerostack2_ws/install/as2_behaviors_trajectory_generation:/root/aerostack2_ws/install/as2_behaviors_swarm_flocking:/root/aerostack2_ws/install/as2_behaviors_motion:/root/aerostack2_ws/install/as2_motion_reference_handlers:/root/aerostack2_ws/install/as2_map_server:/root/aerostack2_ws/install/as2_geozones:/root/aerostack2_ws/install/as2_gazebo_assets:/root/aerostack2_ws/install/as2_external_object_to_tf:/root/aerostack2_ws/install/as2_behaviors_platform:/root/aerostack2_ws/install/as2_behaviors_perception:/root/aerostack2_ws/install/as2_behaviors_path_planning:/root/aerostack2_ws/install/as2_behavior_tree:/root/aerostack2_ws/install/as2_behavior:/root/aerostack2_ws/install/as2_alphanumeric_viewer:/root/aerostack2_ws/install/as2_cli:/root/aerostack2_ws/install/as2_swarm_person_tracking:/root/aerostack2_ws/install/as2_swarm_ci_fusion_people:/root/aerostack2_ws/install/rmf_demos_tasks:/root/aerostack2_ws/install/rmf_demos_panel:/root/aerostack2_ws/install/rmf_demos_fleet_adapter:/root/aerostack2_ws/install/rmf_demos_dashboard_resources:/root/aerostack2_ws/install/rmf_demos_bridges:/root/aerostack2_ws/install/rmf_demos_assets:/root/aerostack2_ws/install/as2_visualization:/root/aerostack2_ws/install/as2_swarm_perception:/root/aerostack2_ws/install/as2_swarm_fusion_ci:/root/aerostack2_ws/install/as2_swarm_ekf:/root/aerostack2_ws/install/as2_keyboard_teleoperation:/root/aerostack2_ws/install/as2_python_api:/root/aerostack2_ws/install/as2_project_bringup:/root/aerostack2_ws/install/as2_perception:/root/aerostack2_ws/install/as2_groundray_perception:/opt/ros/humble LD_LIBRARY_PATH=/root/aerostack2_ws/install/as2_core/lib:/root/aerostack2_ws/install/as2_msgs/lib:/root/aerostack2_ws/install/as2_swarm_person_interfaces/lib:/root/aerostack2_ws/install/as2_state_estimator/lib:/root/aerostack2_ws/install/as2_python_api/lib:/root/aerostack2_ws/install/as2_motion_controller/lib:/root/aerostack2_ws/install/as2_behaviors_trajectory_generation/lib:/root/aerostack2_ws/install/as2_behaviors_swarm_flocking/lib:/root/aerostack2_ws/install/as2_behaviors_motion/lib:/root/aerostack2_ws/install/as2_motion_reference_handlers/lib:/root/aerostack2_ws/install/as2_map_server/lib:/root/aerostack2_ws/install/as2_gazebo_assets/lib:/root/aerostack2_ws/install/as2_behaviors_perception/lib:/root/aerostack2_ws/install/as2_behaviors_path_planning/lib:/root/aerostack2_ws/install/as2_behavior_tree/lib:/root/aerostack2_ws/install/as2_behavior/lib:/opt/ros/humble/opt/rviz_ogre_vendor/lib:/opt/ros/humble/lib/x86_64-linux-gnu:/opt/ros/humble/lib /usr/bin/cmake --install /root/aerostack2_ws/build/as2_alphanumeric_viewer
[20.910s] INFO:colcon.colcon_core.shell:Creating environment descriptor '/root/aerostack2_ws/install/as2_alphanumeric_viewer/share/as2_alphanumeric_viewer/hook/cmake_prefix_path.dsv'
[20.911s] INFO:colcon.colcon_core.shell:Creating environment hook '/root/aerostack2_ws/install/as2_alphanumeric_viewer/share/as2_alphanumeric_viewer/hook/cmake_prefix_path.sh'
[20.912s] Level 1:colcon.colcon_core.environment:checking '/root/aerostack2_ws/install/as2_alphanumeric_viewer/lib'
[20.912s] Level 1:colcon.colcon_core.environment:checking '/root/aerostack2_ws/install/as2_alphanumeric_viewer/bin'
[20.912s] Level 1:colcon.colcon_core.environment:checking '/root/aerostack2_ws/install/as2_alphanumeric_viewer/lib/pkgconfig/as2_alphanumeric_viewer.pc'
[20.912s] Level 1:colcon.colcon_core.environment:checking '/root/aerostack2_ws/install/as2_alphanumeric_viewer/lib/python3.10/site-packages'
[20.912s] Level 1:colcon.colcon_core.environment:checking '/root/aerostack2_ws/install/as2_alphanumeric_viewer/bin'
[20.913s] INFO:colcon.colcon_core.shell:Creating package script '/root/aerostack2_ws/install/as2_alphanumeric_viewer/share/as2_alphanumeric_viewer/package.ps1'
[20.913s] INFO:colcon.colcon_core.shell:Creating package descriptor '/root/aerostack2_ws/install/as2_alphanumeric_viewer/share/as2_alphanumeric_viewer/package.dsv'
[20.924s] INFO:colcon.colcon_core.shell:Creating package script '/root/aerostack2_ws/install/as2_alphanumeric_viewer/share/as2_alphanumeric_viewer/package.sh'
[20.925s] INFO:colcon.colcon_core.shell:Creating package script '/root/aerostack2_ws/install/as2_alphanumeric_viewer/share/as2_alphanumeric_viewer/package.bash'
[20.925s] INFO:colcon.colcon_core.shell:Creating package script '/root/aerostack2_ws/install/as2_alphanumeric_viewer/share/as2_alphanumeric_viewer/package.zsh'
[20.926s] Level 1:colcon.colcon_core.environment:create_file_with_runtime_dependencies(/root/aerostack2_ws/install/as2_alphanumeric_viewer/share/colcon-core/packages/as2_alphanumeric_viewer)
[20.927s] Level 1:colcon.colcon_core.environment:create_environment_scripts_only(as2_alphanumeric_viewer)
[20.932s] Level 1:colcon.colcon_core.environment:checking '/root/aerostack2_ws/install/as2_alphanumeric_viewer' for CMake module files
[20.942s] Level 1:colcon.colcon_core.environment:checking '/root/aerostack2_ws/install/as2_alphanumeric_viewer' for CMake config files
[20.942s] Level 1:colcon.colcon_core.shell:create_environment_hook('as2_alphanumeric_viewer', 'cmake_prefix_path')
[20.942s] INFO:colcon.colcon_core.shell:Creating environment hook '/root/aerostack2_ws/install/as2_alphanumeric_viewer/share/as2_alphanumeric_viewer/hook/cmake_prefix_path.ps1'
[20.943s] INFO:colcon.colcon_core.shell:Creating environment descriptor '/root/aerostack2_ws/install/as2_alphanumeric_viewer/share/as2_alphanumeric_viewer/hook/cmake_prefix_path.dsv'
[20.943s] INFO:colcon.colcon_core.shell:Creating environment hook '/root/aerostack2_ws/install/as2_alphanumeric_viewer/share/as2_alphanumeric_viewer/hook/cmake_prefix_path.sh'
[20.955s] Level 1:colcon.colcon_core.environment:checking '/root/aerostack2_ws/install/as2_alphanumeric_viewer/lib'
[20.956s] Level 1:colcon.colcon_core.environment:checking '/root/aerostack2_ws/install/as2_alphanumeric_viewer/bin'
[20.956s] Level 1:colcon.colcon_core.environment:checking '/root/aerostack2_ws/install/as2_alphanumeric_viewer/lib/pkgconfig/as2_alphanumeric_viewer.pc'
[20.968s] Level 1:colcon.colcon_core.environment:checking '/root/aerostack2_ws/install/as2_alphanumeric_viewer/lib/python3.10/site-packages'
[20.969s] Level 1:colcon.colcon_core.environment:checking '/root/aerostack2_ws/install/as2_alphanumeric_viewer/bin'
[20.971s] INFO:colcon.colcon_core.shell:Creating package script '/root/aerostack2_ws/install/as2_alphanumeric_viewer/share/as2_alphanumeric_viewer/package.ps1'
[20.978s] INFO:colcon.colcon_core.shell:Creating package descriptor '/root/aerostack2_ws/install/as2_alphanumeric_viewer/share/as2_alphanumeric_viewer/package.dsv'
[20.983s] INFO:colcon.colcon_core.shell:Creating package script '/root/aerostack2_ws/install/as2_alphanumeric_viewer/share/as2_alphanumeric_viewer/package.sh'
[20.997s] INFO:colcon.colcon_core.shell:Creating package script '/root/aerostack2_ws/install/as2_alphanumeric_viewer/share/as2_alphanumeric_viewer/package.bash'
[20.998s] INFO:colcon.colcon_core.shell:Creating package script '/root/aerostack2_ws/install/as2_alphanumeric_viewer/share/as2_alphanumeric_viewer/package.zsh'
[20.998s] Level 1:colcon.colcon_core.environment:create_file_with_runtime_dependencies(/root/aerostack2_ws/install/as2_alphanumeric_viewer/share/colcon-core/packages/as2_alphanumeric_viewer)
[21.008s] INFO:colcon.colcon_ros.task.ament_cmake.build:Building ROS package in '/root/aerostack2_ws/src/aerostack2/as2_aerial_platforms/as2_platform_multirotor_simulator' with build type 'ament_cmake'
[21.008s] INFO:colcon.colcon_cmake.task.cmake.build:Building CMake package in '/root/aerostack2_ws/src/aerostack2/as2_aerial_platforms/as2_platform_multirotor_simulator'
[21.008s] INFO:colcon.colcon_core.shell:Skip shell extension 'powershell' for command environment: Not usable outside of PowerShell
[21.008s] DEBUG:colcon.colcon_core.shell:Skip shell extension 'dsv' for command environment
[21.148s] DEBUG:colcon.colcon_core.event_handler.log_command:Invoked command in '/root/aerostack2_ws/build/as2_behavior' returned '0': CMAKE_PREFIX_PATH=/root/aerostack2_ws/install/as2_core:/root/aerostack2_ws/install/as2_msgs:/root/aerostack2_ws/install/as2_swarm_person_interfaces:/root/aerostack2_ws/install/rmf_demos_gz_classic:/root/aerostack2_ws/install/rmf_demos_gz:/root/aerostack2_ws/install/rmf_demos:/root/aerostack2_ws/install/rmf_demos_maps:/root/aerostack2_ws/install/aerostack2:/root/aerostack2_ws/install/as2_usb_camera_interface:/root/aerostack2_ws/install/as2_state_estimator:/root/aerostack2_ws/install/as2_rviz_plugins:/root/aerostack2_ws/install/as2_realsense_interface:/root/aerostack2_ws/install/as2_platform_multirotor_simulator:/root/aerostack2_ws/install/as2_platform_gazebo:/root/aerostack2_ws/install/as2_motion_controller:/root/aerostack2_ws/install/as2_behaviors_trajectory_generation:/root/aerostack2_ws/install/as2_behaviors_swarm_flocking:/root/aerostack2_ws/install/as2_behaviors_motion:/root/aerostack2_ws/install/as2_motion_reference_handlers:/root/aerostack2_ws/install/as2_map_server:/root/aerostack2_ws/install/as2_geozones:/root/aerostack2_ws/install/as2_gazebo_assets:/root/aerostack2_ws/install/as2_external_object_to_tf:/root/aerostack2_ws/install/as2_behaviors_platform:/root/aerostack2_ws/install/as2_behaviors_perception:/root/aerostack2_ws/install/as2_behaviors_path_planning:/root/aerostack2_ws/install/as2_behavior_tree:/root/aerostack2_ws/install/as2_behavior:/root/aerostack2_ws/install/as2_alphanumeric_viewer:/root/aerostack2_ws/install/as2_cli:/root/aerostack2_ws/install/as2_swarm_person_tracking:/root/aerostack2_ws/install/as2_swarm_ci_fusion_people:/root/aerostack2_ws/install/rmf_demos_tasks:/root/aerostack2_ws/install/rmf_demos_panel:/root/aerostack2_ws/install/rmf_demos_fleet_adapter:/root/aerostack2_ws/install/rmf_demos_dashboard_resources:/root/aerostack2_ws/install/rmf_demos_bridges:/root/aerostack2_ws/install/rmf_demos_assets:/root/aerostack2_ws/install/as2_visualization:/root/aerostack2_ws/install/as2_swarm_perception:/root/aerostack2_ws/install/as2_swarm_fusion_ci:/root/aerostack2_ws/install/as2_swarm_ekf:/root/aerostack2_ws/install/as2_keyboard_teleoperation:/root/aerostack2_ws/install/as2_python_api:/root/aerostack2_ws/install/as2_project_bringup:/root/aerostack2_ws/install/as2_perception:/root/aerostack2_ws/install/as2_groundray_perception:/opt/ros/humble LD_LIBRARY_PATH=/root/aerostack2_ws/install/as2_core/lib:/root/aerostack2_ws/install/as2_msgs/lib:/root/aerostack2_ws/install/as2_swarm_person_interfaces/lib:/root/aerostack2_ws/install/as2_state_estimator/lib:/root/aerostack2_ws/install/as2_python_api/lib:/root/aerostack2_ws/install/as2_motion_controller/lib:/root/aerostack2_ws/install/as2_behaviors_trajectory_generation/lib:/root/aerostack2_ws/install/as2_behaviors_swarm_flocking/lib:/root/aerostack2_ws/install/as2_behaviors_motion/lib:/root/aerostack2_ws/install/as2_motion_reference_handlers/lib:/root/aerostack2_ws/install/as2_map_server/lib:/root/aerostack2_ws/install/as2_gazebo_assets/lib:/root/aerostack2_ws/install/as2_behaviors_perception/lib:/root/aerostack2_ws/install/as2_behaviors_path_planning/lib:/root/aerostack2_ws/install/as2_behavior_tree/lib:/root/aerostack2_ws/install/as2_behavior/lib:/opt/ros/humble/opt/rviz_ogre_vendor/lib:/opt/ros/humble/lib/x86_64-linux-gnu:/opt/ros/humble/lib /usr/bin/cmake --build /root/aerostack2_ws/build/as2_behavior -- -j8 -l8
[21.149s] DEBUG:colcon.colcon_core.event_handler.log_command:Invoking command in '/root/aerostack2_ws/build/as2_behavior': CMAKE_PREFIX_PATH=/root/aerostack2_ws/install/as2_core:/root/aerostack2_ws/install/as2_msgs:/root/aerostack2_ws/install/as2_swarm_person_interfaces:/root/aerostack2_ws/install/rmf_demos_gz_classic:/root/aerostack2_ws/install/rmf_demos_gz:/root/aerostack2_ws/install/rmf_demos:/root/aerostack2_ws/install/rmf_demos_maps:/root/aerostack2_ws/install/aerostack2:/root/aerostack2_ws/install/as2_usb_camera_interface:/root/aerostack2_ws/install/as2_state_estimator:/root/aerostack2_ws/install/as2_rviz_plugins:/root/aerostack2_ws/install/as2_realsense_interface:/root/aerostack2_ws/install/as2_platform_multirotor_simulator:/root/aerostack2_ws/install/as2_platform_gazebo:/root/aerostack2_ws/install/as2_motion_controller:/root/aerostack2_ws/install/as2_behaviors_trajectory_generation:/root/aerostack2_ws/install/as2_behaviors_swarm_flocking:/root/aerostack2_ws/install/as2_behaviors_motion:/root/aerostack2_ws/install/as2_motion_reference_handlers:/root/aerostack2_ws/install/as2_map_server:/root/aerostack2_ws/install/as2_geozones:/root/aerostack2_ws/install/as2_gazebo_assets:/root/aerostack2_ws/install/as2_external_object_to_tf:/root/aerostack2_ws/install/as2_behaviors_platform:/root/aerostack2_ws/install/as2_behaviors_perception:/root/aerostack2_ws/install/as2_behaviors_path_planning:/root/aerostack2_ws/install/as2_behavior_tree:/root/aerostack2_ws/install/as2_behavior:/root/aerostack2_ws/install/as2_alphanumeric_viewer:/root/aerostack2_ws/install/as2_cli:/root/aerostack2_ws/install/as2_swarm_person_tracking:/root/aerostack2_ws/install/as2_swarm_ci_fusion_people:/root/aerostack2_ws/install/rmf_demos_tasks:/root/aerostack2_ws/install/rmf_demos_panel:/root/aerostack2_ws/install/rmf_demos_fleet_adapter:/root/aerostack2_ws/install/rmf_demos_dashboard_resources:/root/aerostack2_ws/install/rmf_demos_bridges:/root/aerostack2_ws/install/rmf_demos_assets:/root/aerostack2_ws/install/as2_visualization:/root/aerostack2_ws/install/as2_swarm_perception:/root/aerostack2_ws/install/as2_swarm_fusion_ci:/root/aerostack2_ws/install/as2_swarm_ekf:/root/aerostack2_ws/install/as2_keyboard_teleoperation:/root/aerostack2_ws/install/as2_python_api:/root/aerostack2_ws/install/as2_project_bringup:/root/aerostack2_ws/install/as2_perception:/root/aerostack2_ws/install/as2_groundray_perception:/opt/ros/humble LD_LIBRARY_PATH=/root/aerostack2_ws/install/as2_core/lib:/root/aerostack2_ws/install/as2_msgs/lib:/root/aerostack2_ws/install/as2_swarm_person_interfaces/lib:/root/aerostack2_ws/install/as2_state_estimator/lib:/root/aerostack2_ws/install/as2_python_api/lib:/root/aerostack2_ws/install/as2_motion_controller/lib:/root/aerostack2_ws/install/as2_behaviors_trajectory_generation/lib:/root/aerostack2_ws/install/as2_behaviors_swarm_flocking/lib:/root/aerostack2_ws/install/as2_behaviors_motion/lib:/root/aerostack2_ws/install/as2_motion_reference_handlers/lib:/root/aerostack2_ws/install/as2_map_server/lib:/root/aerostack2_ws/install/as2_gazebo_assets/lib:/root/aerostack2_ws/install/as2_behaviors_perception/lib:/root/aerostack2_ws/install/as2_behaviors_path_planning/lib:/root/aerostack2_ws/install/as2_behavior_tree/lib:/root/aerostack2_ws/install/as2_behavior/lib:/opt/ros/humble/opt/rviz_ogre_vendor/lib:/opt/ros/humble/lib/x86_64-linux-gnu:/opt/ros/humble/lib /usr/bin/cmake --install /root/aerostack2_ws/build/as2_behavior
[21.176s] DEBUG:colcon.colcon_core.event_handler.log_command:Invoked command in '/root/aerostack2_ws/build/as2_external_object_to_tf' returned '0': CMAKE_PREFIX_PATH=/root/aerostack2_ws/install/as2_core:/root/aerostack2_ws/install/as2_msgs:/root/aerostack2_ws/install/as2_swarm_person_interfaces:/root/aerostack2_ws/install/rmf_demos_gz_classic:/root/aerostack2_ws/install/rmf_demos_gz:/root/aerostack2_ws/install/rmf_demos:/root/aerostack2_ws/install/rmf_demos_maps:/root/aerostack2_ws/install/aerostack2:/root/aerostack2_ws/install/as2_usb_camera_interface:/root/aerostack2_ws/install/as2_state_estimator:/root/aerostack2_ws/install/as2_rviz_plugins:/root/aerostack2_ws/install/as2_realsense_interface:/root/aerostack2_ws/install/as2_platform_multirotor_simulator:/root/aerostack2_ws/install/as2_platform_gazebo:/root/aerostack2_ws/install/as2_motion_controller:/root/aerostack2_ws/install/as2_behaviors_trajectory_generation:/root/aerostack2_ws/install/as2_behaviors_swarm_flocking:/root/aerostack2_ws/install/as2_behaviors_motion:/root/aerostack2_ws/install/as2_motion_reference_handlers:/root/aerostack2_ws/install/as2_map_server:/root/aerostack2_ws/install/as2_geozones:/root/aerostack2_ws/install/as2_gazebo_assets:/root/aerostack2_ws/install/as2_external_object_to_tf:/root/aerostack2_ws/install/as2_behaviors_platform:/root/aerostack2_ws/install/as2_behaviors_perception:/root/aerostack2_ws/install/as2_behaviors_path_planning:/root/aerostack2_ws/install/as2_behavior_tree:/root/aerostack2_ws/install/as2_behavior:/root/aerostack2_ws/install/as2_alphanumeric_viewer:/root/aerostack2_ws/install/as2_cli:/root/aerostack2_ws/install/as2_swarm_person_tracking:/root/aerostack2_ws/install/as2_swarm_ci_fusion_people:/root/aerostack2_ws/install/rmf_demos_tasks:/root/aerostack2_ws/install/rmf_demos_panel:/root/aerostack2_ws/install/rmf_demos_fleet_adapter:/root/aerostack2_ws/install/rmf_demos_dashboard_resources:/root/aerostack2_ws/install/rmf_demos_bridges:/root/aerostack2_ws/install/rmf_demos_assets:/root/aerostack2_ws/install/as2_visualization:/root/aerostack2_ws/install/as2_swarm_perception:/root/aerostack2_ws/install/as2_swarm_fusion_ci:/root/aerostack2_ws/install/as2_swarm_ekf:/root/aerostack2_ws/install/as2_keyboard_teleoperation:/root/aerostack2_ws/install/as2_python_api:/root/aerostack2_ws/install/as2_project_bringup:/root/aerostack2_ws/install/as2_perception:/root/aerostack2_ws/install/as2_groundray_perception:/opt/ros/humble LD_LIBRARY_PATH=/root/aerostack2_ws/install/as2_core/lib:/root/aerostack2_ws/install/as2_msgs/lib:/root/aerostack2_ws/install/as2_swarm_person_interfaces/lib:/root/aerostack2_ws/install/as2_state_estimator/lib:/root/aerostack2_ws/install/as2_python_api/lib:/root/aerostack2_ws/install/as2_motion_controller/lib:/root/aerostack2_ws/install/as2_behaviors_trajectory_generation/lib:/root/aerostack2_ws/install/as2_behaviors_swarm_flocking/lib:/root/aerostack2_ws/install/as2_behaviors_motion/lib:/root/aerostack2_ws/install/as2_motion_reference_handlers/lib:/root/aerostack2_ws/install/as2_map_server/lib:/root/aerostack2_ws/install/as2_gazebo_assets/lib:/root/aerostack2_ws/install/as2_behaviors_perception/lib:/root/aerostack2_ws/install/as2_behaviors_path_planning/lib:/root/aerostack2_ws/install/as2_behavior_tree/lib:/root/aerostack2_ws/install/as2_behavior/lib:/opt/ros/humble/opt/rviz_ogre_vendor/lib:/opt/ros/humble/lib/x86_64-linux-gnu:/opt/ros/humble/lib /usr/bin/cmake --build /root/aerostack2_ws/build/as2_external_object_to_tf -- -j8 -l8
[21.177s] DEBUG:colcon.colcon_core.event_handler.log_command:Invoking command in '/root/aerostack2_ws/build/as2_external_object_to_tf': CMAKE_PREFIX_PATH=/root/aerostack2_ws/install/as2_core:/root/aerostack2_ws/install/as2_msgs:/root/aerostack2_ws/install/as2_swarm_person_interfaces:/root/aerostack2_ws/install/rmf_demos_gz_classic:/root/aerostack2_ws/install/rmf_demos_gz:/root/aerostack2_ws/install/rmf_demos:/root/aerostack2_ws/install/rmf_demos_maps:/root/aerostack2_ws/install/aerostack2:/root/aerostack2_ws/install/as2_usb_camera_interface:/root/aerostack2_ws/install/as2_state_estimator:/root/aerostack2_ws/install/as2_rviz_plugins:/root/aerostack2_ws/install/as2_realsense_interface:/root/aerostack2_ws/install/as2_platform_multirotor_simulator:/root/aerostack2_ws/install/as2_platform_gazebo:/root/aerostack2_ws/install/as2_motion_controller:/root/aerostack2_ws/install/as2_behaviors_trajectory_generation:/root/aerostack2_ws/install/as2_behaviors_swarm_flocking:/root/aerostack2_ws/install/as2_behaviors_motion:/root/aerostack2_ws/install/as2_motion_reference_handlers:/root/aerostack2_ws/install/as2_map_server:/root/aerostack2_ws/install/as2_geozones:/root/aerostack2_ws/install/as2_gazebo_assets:/root/aerostack2_ws/install/as2_external_object_to_tf:/root/aerostack2_ws/install/as2_behaviors_platform:/root/aerostack2_ws/install/as2_behaviors_perception:/root/aerostack2_ws/install/as2_behaviors_path_planning:/root/aerostack2_ws/install/as2_behavior_tree:/root/aerostack2_ws/install/as2_behavior:/root/aerostack2_ws/install/as2_alphanumeric_viewer:/root/aerostack2_ws/install/as2_cli:/root/aerostack2_ws/install/as2_swarm_person_tracking:/root/aerostack2_ws/install/as2_swarm_ci_fusion_people:/root/aerostack2_ws/install/rmf_demos_tasks:/root/aerostack2_ws/install/rmf_demos_panel:/root/aerostack2_ws/install/rmf_demos_fleet_adapter:/root/aerostack2_ws/install/rmf_demos_dashboard_resources:/root/aerostack2_ws/install/rmf_demos_bridges:/root/aerostack2_ws/install/rmf_demos_assets:/root/aerostack2_ws/install/as2_visualization:/root/aerostack2_ws/install/as2_swarm_perception:/root/aerostack2_ws/install/as2_swarm_fusion_ci:/root/aerostack2_ws/install/as2_swarm_ekf:/root/aerostack2_ws/install/as2_keyboard_teleoperation:/root/aerostack2_ws/install/as2_python_api:/root/aerostack2_ws/install/as2_project_bringup:/root/aerostack2_ws/install/as2_perception:/root/aerostack2_ws/install/as2_groundray_perception:/opt/ros/humble LD_LIBRARY_PATH=/root/aerostack2_ws/install/as2_core/lib:/root/aerostack2_ws/install/as2_msgs/lib:/root/aerostack2_ws/install/as2_swarm_person_interfaces/lib:/root/aerostack2_ws/install/as2_state_estimator/lib:/root/aerostack2_ws/install/as2_python_api/lib:/root/aerostack2_ws/install/as2_motion_controller/lib:/root/aerostack2_ws/install/as2_behaviors_trajectory_generation/lib:/root/aerostack2_ws/install/as2_behaviors_swarm_flocking/lib:/root/aerostack2_ws/install/as2_behaviors_motion/lib:/root/aerostack2_ws/install/as2_motion_reference_handlers/lib:/root/aerostack2_ws/install/as2_map_server/lib:/root/aerostack2_ws/install/as2_gazebo_assets/lib:/root/aerostack2_ws/install/as2_behaviors_perception/lib:/root/aerostack2_ws/install/as2_behaviors_path_planning/lib:/root/aerostack2_ws/install/as2_behavior_tree/lib:/root/aerostack2_ws/install/as2_behavior/lib:/opt/ros/humble/opt/rviz_ogre_vendor/lib:/opt/ros/humble/lib/x86_64-linux-gnu:/opt/ros/humble/lib /usr/bin/cmake --install /root/aerostack2_ws/build/as2_external_object_to_tf
[21.190s] DEBUG:colcon.colcon_core.event_handler.log_command:Invoking command in '/root/aerostack2_ws/build/as2_platform_multirotor_simulator': CMAKE_PREFIX_PATH=/root/aerostack2_ws/install/as2_core:/root/aerostack2_ws/install/as2_msgs:/root/aerostack2_ws/install/as2_swarm_person_interfaces:/root/aerostack2_ws/install/rmf_demos_gz_classic:/root/aerostack2_ws/install/rmf_demos_gz:/root/aerostack2_ws/install/rmf_demos:/root/aerostack2_ws/install/rmf_demos_maps:/root/aerostack2_ws/install/aerostack2:/root/aerostack2_ws/install/as2_usb_camera_interface:/root/aerostack2_ws/install/as2_state_estimator:/root/aerostack2_ws/install/as2_rviz_plugins:/root/aerostack2_ws/install/as2_realsense_interface:/root/aerostack2_ws/install/as2_platform_multirotor_simulator:/root/aerostack2_ws/install/as2_platform_gazebo:/root/aerostack2_ws/install/as2_motion_controller:/root/aerostack2_ws/install/as2_behaviors_trajectory_generation:/root/aerostack2_ws/install/as2_behaviors_swarm_flocking:/root/aerostack2_ws/install/as2_behaviors_motion:/root/aerostack2_ws/install/as2_motion_reference_handlers:/root/aerostack2_ws/install/as2_map_server:/root/aerostack2_ws/install/as2_geozones:/root/aerostack2_ws/install/as2_gazebo_assets:/root/aerostack2_ws/install/as2_external_object_to_tf:/root/aerostack2_ws/install/as2_behaviors_platform:/root/aerostack2_ws/install/as2_behaviors_perception:/root/aerostack2_ws/install/as2_behaviors_path_planning:/root/aerostack2_ws/install/as2_behavior_tree:/root/aerostack2_ws/install/as2_behavior:/root/aerostack2_ws/install/as2_alphanumeric_viewer:/root/aerostack2_ws/install/as2_cli:/root/aerostack2_ws/install/as2_swarm_person_tracking:/root/aerostack2_ws/install/as2_swarm_ci_fusion_people:/root/aerostack2_ws/install/rmf_demos_tasks:/root/aerostack2_ws/install/rmf_demos_panel:/root/aerostack2_ws/install/rmf_demos_fleet_adapter:/root/aerostack2_ws/install/rmf_demos_dashboard_resources:/root/aerostack2_ws/install/rmf_demos_bridges:/root/aerostack2_ws/install/rmf_demos_assets:/root/aerostack2_ws/install/as2_visualization:/root/aerostack2_ws/install/as2_swarm_perception:/root/aerostack2_ws/install/as2_swarm_fusion_ci:/root/aerostack2_ws/install/as2_swarm_ekf:/root/aerostack2_ws/install/as2_keyboard_teleoperation:/root/aerostack2_ws/install/as2_python_api:/root/aerostack2_ws/install/as2_project_bringup:/root/aerostack2_ws/install/as2_perception:/root/aerostack2_ws/install/as2_groundray_perception:/opt/ros/humble LD_LIBRARY_PATH=/root/aerostack2_ws/install/as2_core/lib:/root/aerostack2_ws/install/as2_msgs/lib:/root/aerostack2_ws/install/as2_swarm_person_interfaces/lib:/root/aerostack2_ws/install/as2_state_estimator/lib:/root/aerostack2_ws/install/as2_python_api/lib:/root/aerostack2_ws/install/as2_motion_controller/lib:/root/aerostack2_ws/install/as2_behaviors_trajectory_generation/lib:/root/aerostack2_ws/install/as2_behaviors_swarm_flocking/lib:/root/aerostack2_ws/install/as2_behaviors_motion/lib:/root/aerostack2_ws/install/as2_motion_reference_handlers/lib:/root/aerostack2_ws/install/as2_map_server/lib:/root/aerostack2_ws/install/as2_gazebo_assets/lib:/root/aerostack2_ws/install/as2_behaviors_perception/lib:/root/aerostack2_ws/install/as2_behaviors_path_planning/lib:/root/aerostack2_ws/install/as2_behavior_tree/lib:/root/aerostack2_ws/install/as2_behavior/lib:/opt/ros/humble/opt/rviz_ogre_vendor/lib:/opt/ros/humble/lib/x86_64-linux-gnu:/opt/ros/humble/lib /usr/bin/cmake --build /root/aerostack2_ws/build/as2_platform_multirotor_simulator -- -j8 -l8
[21.271s] Level 1:colcon.colcon_core.environment:create_environment_scripts_only(as2_external_object_to_tf)
[21.274s] Level 1:colcon.colcon_core.environment:checking '/root/aerostack2_ws/install/as2_external_object_to_tf' for CMake module files
[21.275s] Level 1:colcon.colcon_core.environment:checking '/root/aerostack2_ws/install/as2_external_object_to_tf' for CMake config files
[21.276s] Level 1:colcon.colcon_core.shell:create_environment_hook('as2_external_object_to_tf', 'cmake_prefix_path')
[21.282s] INFO:colcon.colcon_core.shell:Creating environment hook '/root/aerostack2_ws/install/as2_external_object_to_tf/share/as2_external_object_to_tf/hook/cmake_prefix_path.ps1'
[21.310s] INFO:colcon.colcon_core.shell:Creating environment descriptor '/root/aerostack2_ws/install/as2_external_object_to_tf/share/as2_external_object_to_tf/hook/cmake_prefix_path.dsv'
[21.314s] INFO:colcon.colcon_core.shell:Creating environment hook '/root/aerostack2_ws/install/as2_external_object_to_tf/share/as2_external_object_to_tf/hook/cmake_prefix_path.sh'
[21.316s] Level 1:colcon.colcon_core.environment:checking '/root/aerostack2_ws/install/as2_external_object_to_tf/lib'
[21.317s] Level 1:colcon.colcon_core.environment:checking '/root/aerostack2_ws/install/as2_external_object_to_tf/bin'
[21.317s] Level 1:colcon.colcon_core.environment:checking '/root/aerostack2_ws/install/as2_external_object_to_tf/lib/pkgconfig/as2_external_object_to_tf.pc'
[21.317s] Level 1:colcon.colcon_core.environment:checking '/root/aerostack2_ws/install/as2_external_object_to_tf/lib/python3.10/site-packages'
[21.318s] Level 1:colcon.colcon_core.environment:checking '/root/aerostack2_ws/install/as2_external_object_to_tf/bin'
[21.335s] INFO:colcon.colcon_core.shell:Creating package script '/root/aerostack2_ws/install/as2_external_object_to_tf/share/as2_external_object_to_tf/package.ps1'
[21.337s] INFO:colcon.colcon_core.shell:Creating package descriptor '/root/aerostack2_ws/install/as2_external_object_to_tf/share/as2_external_object_to_tf/package.dsv'
[21.337s] INFO:colcon.colcon_core.shell:Creating package script '/root/aerostack2_ws/install/as2_external_object_to_tf/share/as2_external_object_to_tf/package.sh'
[21.338s] INFO:colcon.colcon_core.shell:Creating package script '/root/aerostack2_ws/install/as2_external_object_to_tf/share/as2_external_object_to_tf/package.bash'
[21.343s] DEBUG:colcon.colcon_core.event_handler.log_command:Invoked command in '/root/aerostack2_ws/build/as2_external_object_to_tf' returned '0': CMAKE_PREFIX_PATH=/root/aerostack2_ws/install/as2_core:/root/aerostack2_ws/install/as2_msgs:/root/aerostack2_ws/install/as2_swarm_person_interfaces:/root/aerostack2_ws/install/rmf_demos_gz_classic:/root/aerostack2_ws/install/rmf_demos_gz:/root/aerostack2_ws/install/rmf_demos:/root/aerostack2_ws/install/rmf_demos_maps:/root/aerostack2_ws/install/aerostack2:/root/aerostack2_ws/install/as2_usb_camera_interface:/root/aerostack2_ws/install/as2_state_estimator:/root/aerostack2_ws/install/as2_rviz_plugins:/root/aerostack2_ws/install/as2_realsense_interface:/root/aerostack2_ws/install/as2_platform_multirotor_simulator:/root/aerostack2_ws/install/as2_platform_gazebo:/root/aerostack2_ws/install/as2_motion_controller:/root/aerostack2_ws/install/as2_behaviors_trajectory_generation:/root/aerostack2_ws/install/as2_behaviors_swarm_flocking:/root/aerostack2_ws/install/as2_behaviors_motion:/root/aerostack2_ws/install/as2_motion_reference_handlers:/root/aerostack2_ws/install/as2_map_server:/root/aerostack2_ws/install/as2_geozones:/root/aerostack2_ws/install/as2_gazebo_assets:/root/aerostack2_ws/install/as2_external_object_to_tf:/root/aerostack2_ws/install/as2_behaviors_platform:/root/aerostack2_ws/install/as2_behaviors_perception:/root/aerostack2_ws/install/as2_behaviors_path_planning:/root/aerostack2_ws/install/as2_behavior_tree:/root/aerostack2_ws/install/as2_behavior:/root/aerostack2_ws/install/as2_alphanumeric_viewer:/root/aerostack2_ws/install/as2_cli:/root/aerostack2_ws/install/as2_swarm_person_tracking:/root/aerostack2_ws/install/as2_swarm_ci_fusion_people:/root/aerostack2_ws/install/rmf_demos_tasks:/root/aerostack2_ws/install/rmf_demos_panel:/root/aerostack2_ws/install/rmf_demos_fleet_adapter:/root/aerostack2_ws/install/rmf_demos_dashboard_resources:/root/aerostack2_ws/install/rmf_demos_bridges:/root/aerostack2_ws/install/rmf_demos_assets:/root/aerostack2_ws/install/as2_visualization:/root/aerostack2_ws/install/as2_swarm_perception:/root/aerostack2_ws/install/as2_swarm_fusion_ci:/root/aerostack2_ws/install/as2_swarm_ekf:/root/aerostack2_ws/install/as2_keyboard_teleoperation:/root/aerostack2_ws/install/as2_python_api:/root/aerostack2_ws/install/as2_project_bringup:/root/aerostack2_ws/install/as2_perception:/root/aerostack2_ws/install/as2_groundray_perception:/opt/ros/humble LD_LIBRARY_PATH=/root/aerostack2_ws/install/as2_core/lib:/root/aerostack2_ws/install/as2_msgs/lib:/root/aerostack2_ws/install/as2_swarm_person_interfaces/lib:/root/aerostack2_ws/install/as2_state_estimator/lib:/root/aerostack2_ws/install/as2_python_api/lib:/root/aerostack2_ws/install/as2_motion_controller/lib:/root/aerostack2_ws/install/as2_behaviors_trajectory_generation/lib:/root/aerostack2_ws/install/as2_behaviors_swarm_flocking/lib:/root/aerostack2_ws/install/as2_behaviors_motion/lib:/root/aerostack2_ws/install/as2_motion_reference_handlers/lib:/root/aerostack2_ws/install/as2_map_server/lib:/root/aerostack2_ws/install/as2_gazebo_assets/lib:/root/aerostack2_ws/install/as2_behaviors_perception/lib:/root/aerostack2_ws/install/as2_behaviors_path_planning/lib:/root/aerostack2_ws/install/as2_behavior_tree/lib:/root/aerostack2_ws/install/as2_behavior/lib:/opt/ros/humble/opt/rviz_ogre_vendor/lib:/opt/ros/humble/lib/x86_64-linux-gnu:/opt/ros/humble/lib /usr/bin/cmake --install /root/aerostack2_ws/build/as2_external_object_to_tf
[21.360s] INFO:colcon.colcon_core.shell:Creating package script '/root/aerostack2_ws/install/as2_external_object_to_tf/share/as2_external_object_to_tf/package.zsh'
[21.362s] Level 1:colcon.colcon_core.environment:create_file_with_runtime_dependencies(/root/aerostack2_ws/install/as2_external_object_to_tf/share/colcon-core/packages/as2_external_object_to_tf)
[21.364s] Level 1:colcon.colcon_core.environment:create_environment_scripts_only(as2_external_object_to_tf)
[21.367s] Level 1:colcon.colcon_core.environment:checking '/root/aerostack2_ws/install/as2_external_object_to_tf' for CMake module files
[21.370s] Level 1:colcon.colcon_core.environment:checking '/root/aerostack2_ws/install/as2_external_object_to_tf' for CMake config files
[21.375s] Level 1:colcon.colcon_core.shell:create_environment_hook('as2_external_object_to_tf', 'cmake_prefix_path')
[21.375s] INFO:colcon.colcon_core.shell:Creating environment hook '/root/aerostack2_ws/install/as2_external_object_to_tf/share/as2_external_object_to_tf/hook/cmake_prefix_path.ps1'
[21.378s] INFO:colcon.colcon_core.shell:Creating environment descriptor '/root/aerostack2_ws/install/as2_external_object_to_tf/share/as2_external_object_to_tf/hook/cmake_prefix_path.dsv'
[21.380s] INFO:colcon.colcon_core.shell:Creating environment hook '/root/aerostack2_ws/install/as2_external_object_to_tf/share/as2_external_object_to_tf/hook/cmake_prefix_path.sh'
[21.383s] Level 1:colcon.colcon_core.environment:checking '/root/aerostack2_ws/install/as2_external_object_to_tf/lib'
[21.384s] Level 1:colcon.colcon_core.environment:checking '/root/aerostack2_ws/install/as2_external_object_to_tf/bin'
[21.384s] Level 1:colcon.colcon_core.environment:checking '/root/aerostack2_ws/install/as2_external_object_to_tf/lib/pkgconfig/as2_external_object_to_tf.pc'
[21.384s] Level 1:colcon.colcon_core.environment:checking '/root/aerostack2_ws/install/as2_external_object_to_tf/lib/python3.10/site-packages'
[21.385s] Level 1:colcon.colcon_core.environment:checking '/root/aerostack2_ws/install/as2_external_object_to_tf/bin'
[21.386s] INFO:colcon.colcon_core.shell:Creating package script '/root/aerostack2_ws/install/as2_external_object_to_tf/share/as2_external_object_to_tf/package.ps1'
[21.388s] INFO:colcon.colcon_core.shell:Creating package descriptor '/root/aerostack2_ws/install/as2_external_object_to_tf/share/as2_external_object_to_tf/package.dsv'
[21.390s] INFO:colcon.colcon_core.shell:Creating package script '/root/aerostack2_ws/install/as2_external_object_to_tf/share/as2_external_object_to_tf/package.sh'
[21.392s] INFO:colcon.colcon_core.shell:Creating package script '/root/aerostack2_ws/install/as2_external_object_to_tf/share/as2_external_object_to_tf/package.bash'
[21.393s] INFO:colcon.colcon_core.shell:Creating package script '/root/aerostack2_ws/install/as2_external_object_to_tf/share/as2_external_object_to_tf/package.zsh'
[21.397s] Level 1:colcon.colcon_core.environment:create_file_with_runtime_dependencies(/root/aerostack2_ws/install/as2_external_object_to_tf/share/colcon-core/packages/as2_external_object_to_tf)
[21.410s] DEBUG:colcon.colcon_core.event_handler.log_command:Invoked command in '/root/aerostack2_ws/build/as2_geozones' returned '0': CMAKE_PREFIX_PATH=/root/aerostack2_ws/install/as2_core:/root/aerostack2_ws/install/as2_msgs:/root/aerostack2_ws/install/as2_swarm_person_interfaces:/root/aerostack2_ws/install/rmf_demos_gz_classic:/root/aerostack2_ws/install/rmf_demos_gz:/root/aerostack2_ws/install/rmf_demos:/root/aerostack2_ws/install/rmf_demos_maps:/root/aerostack2_ws/install/aerostack2:/root/aerostack2_ws/install/as2_usb_camera_interface:/root/aerostack2_ws/install/as2_state_estimator:/root/aerostack2_ws/install/as2_rviz_plugins:/root/aerostack2_ws/install/as2_realsense_interface:/root/aerostack2_ws/install/as2_platform_multirotor_simulator:/root/aerostack2_ws/install/as2_platform_gazebo:/root/aerostack2_ws/install/as2_motion_controller:/root/aerostack2_ws/install/as2_behaviors_trajectory_generation:/root/aerostack2_ws/install/as2_behaviors_swarm_flocking:/root/aerostack2_ws/install/as2_behaviors_motion:/root/aerostack2_ws/install/as2_motion_reference_handlers:/root/aerostack2_ws/install/as2_map_server:/root/aerostack2_ws/install/as2_geozones:/root/aerostack2_ws/install/as2_gazebo_assets:/root/aerostack2_ws/install/as2_external_object_to_tf:/root/aerostack2_ws/install/as2_behaviors_platform:/root/aerostack2_ws/install/as2_behaviors_perception:/root/aerostack2_ws/install/as2_behaviors_path_planning:/root/aerostack2_ws/install/as2_behavior_tree:/root/aerostack2_ws/install/as2_behavior:/root/aerostack2_ws/install/as2_alphanumeric_viewer:/root/aerostack2_ws/install/as2_cli:/root/aerostack2_ws/install/as2_swarm_person_tracking:/root/aerostack2_ws/install/as2_swarm_ci_fusion_people:/root/aerostack2_ws/install/rmf_demos_tasks:/root/aerostack2_ws/install/rmf_demos_panel:/root/aerostack2_ws/install/rmf_demos_fleet_adapter:/root/aerostack2_ws/install/rmf_demos_dashboard_resources:/root/aerostack2_ws/install/rmf_demos_bridges:/root/aerostack2_ws/install/rmf_demos_assets:/root/aerostack2_ws/install/as2_visualization:/root/aerostack2_ws/install/as2_swarm_perception:/root/aerostack2_ws/install/as2_swarm_fusion_ci:/root/aerostack2_ws/install/as2_swarm_ekf:/root/aerostack2_ws/install/as2_keyboard_teleoperation:/root/aerostack2_ws/install/as2_python_api:/root/aerostack2_ws/install/as2_project_bringup:/root/aerostack2_ws/install/as2_perception:/root/aerostack2_ws/install/as2_groundray_perception:/opt/ros/humble LD_LIBRARY_PATH=/root/aerostack2_ws/install/as2_core/lib:/root/aerostack2_ws/install/as2_msgs/lib:/root/aerostack2_ws/install/as2_swarm_person_interfaces/lib:/root/aerostack2_ws/install/as2_state_estimator/lib:/root/aerostack2_ws/install/as2_python_api/lib:/root/aerostack2_ws/install/as2_motion_controller/lib:/root/aerostack2_ws/install/as2_behaviors_trajectory_generation/lib:/root/aerostack2_ws/install/as2_behaviors_swarm_flocking/lib:/root/aerostack2_ws/install/as2_behaviors_motion/lib:/root/aerostack2_ws/install/as2_motion_reference_handlers/lib:/root/aerostack2_ws/install/as2_map_server/lib:/root/aerostack2_ws/install/as2_gazebo_assets/lib:/root/aerostack2_ws/install/as2_behaviors_perception/lib:/root/aerostack2_ws/install/as2_behaviors_path_planning/lib:/root/aerostack2_ws/install/as2_behavior_tree/lib:/root/aerostack2_ws/install/as2_behavior/lib:/opt/ros/humble/opt/rviz_ogre_vendor/lib:/opt/ros/humble/lib/x86_64-linux-gnu:/opt/ros/humble/lib /usr/bin/cmake --build /root/aerostack2_ws/build/as2_geozones -- -j8 -l8
[21.412s] INFO:colcon.colcon_ros.task.ament_cmake.build:Building ROS package in '/root/aerostack2_ws/src/aerostack2/as2_hardware_drivers/as2_realsense_interface' with build type 'ament_cmake'
[21.413s] INFO:colcon.colcon_cmake.task.cmake.build:Building CMake package in '/root/aerostack2_ws/src/aerostack2/as2_hardware_drivers/as2_realsense_interface'
[21.414s] INFO:colcon.colcon_core.shell:Skip shell extension 'powershell' for command environment: Not usable outside of PowerShell
[21.414s] DEBUG:colcon.colcon_core.shell:Skip shell extension 'dsv' for command environment
[21.414s] DEBUG:colcon.colcon_core.event_handler.log_command:Invoking command in '/root/aerostack2_ws/build/as2_geozones': CMAKE_PREFIX_PATH=/root/aerostack2_ws/install/as2_core:/root/aerostack2_ws/install/as2_msgs:/root/aerostack2_ws/install/as2_swarm_person_interfaces:/root/aerostack2_ws/install/rmf_demos_gz_classic:/root/aerostack2_ws/install/rmf_demos_gz:/root/aerostack2_ws/install/rmf_demos:/root/aerostack2_ws/install/rmf_demos_maps:/root/aerostack2_ws/install/aerostack2:/root/aerostack2_ws/install/as2_usb_camera_interface:/root/aerostack2_ws/install/as2_state_estimator:/root/aerostack2_ws/install/as2_rviz_plugins:/root/aerostack2_ws/install/as2_realsense_interface:/root/aerostack2_ws/install/as2_platform_multirotor_simulator:/root/aerostack2_ws/install/as2_platform_gazebo:/root/aerostack2_ws/install/as2_motion_controller:/root/aerostack2_ws/install/as2_behaviors_trajectory_generation:/root/aerostack2_ws/install/as2_behaviors_swarm_flocking:/root/aerostack2_ws/install/as2_behaviors_motion:/root/aerostack2_ws/install/as2_motion_reference_handlers:/root/aerostack2_ws/install/as2_map_server:/root/aerostack2_ws/install/as2_geozones:/root/aerostack2_ws/install/as2_gazebo_assets:/root/aerostack2_ws/install/as2_external_object_to_tf:/root/aerostack2_ws/install/as2_behaviors_platform:/root/aerostack2_ws/install/as2_behaviors_perception:/root/aerostack2_ws/install/as2_behaviors_path_planning:/root/aerostack2_ws/install/as2_behavior_tree:/root/aerostack2_ws/install/as2_behavior:/root/aerostack2_ws/install/as2_alphanumeric_viewer:/root/aerostack2_ws/install/as2_cli:/root/aerostack2_ws/install/as2_swarm_person_tracking:/root/aerostack2_ws/install/as2_swarm_ci_fusion_people:/root/aerostack2_ws/install/rmf_demos_tasks:/root/aerostack2_ws/install/rmf_demos_panel:/root/aerostack2_ws/install/rmf_demos_fleet_adapter:/root/aerostack2_ws/install/rmf_demos_dashboard_resources:/root/aerostack2_ws/install/rmf_demos_bridges:/root/aerostack2_ws/install/rmf_demos_assets:/root/aerostack2_ws/install/as2_visualization:/root/aerostack2_ws/install/as2_swarm_perception:/root/aerostack2_ws/install/as2_swarm_fusion_ci:/root/aerostack2_ws/install/as2_swarm_ekf:/root/aerostack2_ws/install/as2_keyboard_teleoperation:/root/aerostack2_ws/install/as2_python_api:/root/aerostack2_ws/install/as2_project_bringup:/root/aerostack2_ws/install/as2_perception:/root/aerostack2_ws/install/as2_groundray_perception:/opt/ros/humble LD_LIBRARY_PATH=/root/aerostack2_ws/install/as2_core/lib:/root/aerostack2_ws/install/as2_msgs/lib:/root/aerostack2_ws/install/as2_swarm_person_interfaces/lib:/root/aerostack2_ws/install/as2_state_estimator/lib:/root/aerostack2_ws/install/as2_python_api/lib:/root/aerostack2_ws/install/as2_motion_controller/lib:/root/aerostack2_ws/install/as2_behaviors_trajectory_generation/lib:/root/aerostack2_ws/install/as2_behaviors_swarm_flocking/lib:/root/aerostack2_ws/install/as2_behaviors_motion/lib:/root/aerostack2_ws/install/as2_motion_reference_handlers/lib:/root/aerostack2_ws/install/as2_map_server/lib:/root/aerostack2_ws/install/as2_gazebo_assets/lib:/root/aerostack2_ws/install/as2_behaviors_perception/lib:/root/aerostack2_ws/install/as2_behaviors_path_planning/lib:/root/aerostack2_ws/install/as2_behavior_tree/lib:/root/aerostack2_ws/install/as2_behavior/lib:/opt/ros/humble/opt/rviz_ogre_vendor/lib:/opt/ros/humble/lib/x86_64-linux-gnu:/opt/ros/humble/lib /usr/bin/cmake --install /root/aerostack2_ws/build/as2_geozones
[21.449s] Level 1:colcon.colcon_core.environment:create_environment_scripts_only(as2_behavior)
[21.450s] Level 1:colcon.colcon_core.environment:checking '/root/aerostack2_ws/install/as2_behavior' for CMake module files
[21.449s] DEBUG:colcon.colcon_core.event_handler.log_command:Invoked command in '/root/aerostack2_ws/build/as2_behavior' returned '0': CMAKE_PREFIX_PATH=/root/aerostack2_ws/install/as2_core:/root/aerostack2_ws/install/as2_msgs:/root/aerostack2_ws/install/as2_swarm_person_interfaces:/root/aerostack2_ws/install/rmf_demos_gz_classic:/root/aerostack2_ws/install/rmf_demos_gz:/root/aerostack2_ws/install/rmf_demos:/root/aerostack2_ws/install/rmf_demos_maps:/root/aerostack2_ws/install/aerostack2:/root/aerostack2_ws/install/as2_usb_camera_interface:/root/aerostack2_ws/install/as2_state_estimator:/root/aerostack2_ws/install/as2_rviz_plugins:/root/aerostack2_ws/install/as2_realsense_interface:/root/aerostack2_ws/install/as2_platform_multirotor_simulator:/root/aerostack2_ws/install/as2_platform_gazebo:/root/aerostack2_ws/install/as2_motion_controller:/root/aerostack2_ws/install/as2_behaviors_trajectory_generation:/root/aerostack2_ws/install/as2_behaviors_swarm_flocking:/root/aerostack2_ws/install/as2_behaviors_motion:/root/aerostack2_ws/install/as2_motion_reference_handlers:/root/aerostack2_ws/install/as2_map_server:/root/aerostack2_ws/install/as2_geozones:/root/aerostack2_ws/install/as2_gazebo_assets:/root/aerostack2_ws/install/as2_external_object_to_tf:/root/aerostack2_ws/install/as2_behaviors_platform:/root/aerostack2_ws/install/as2_behaviors_perception:/root/aerostack2_ws/install/as2_behaviors_path_planning:/root/aerostack2_ws/install/as2_behavior_tree:/root/aerostack2_ws/install/as2_behavior:/root/aerostack2_ws/install/as2_alphanumeric_viewer:/root/aerostack2_ws/install/as2_cli:/root/aerostack2_ws/install/as2_swarm_person_tracking:/root/aerostack2_ws/install/as2_swarm_ci_fusion_people:/root/aerostack2_ws/install/rmf_demos_tasks:/root/aerostack2_ws/install/rmf_demos_panel:/root/aerostack2_ws/install/rmf_demos_fleet_adapter:/root/aerostack2_ws/install/rmf_demos_dashboard_resources:/root/aerostack2_ws/install/rmf_demos_bridges:/root/aerostack2_ws/install/rmf_demos_assets:/root/aerostack2_ws/install/as2_visualization:/root/aerostack2_ws/install/as2_swarm_perception:/root/aerostack2_ws/install/as2_swarm_fusion_ci:/root/aerostack2_ws/install/as2_swarm_ekf:/root/aerostack2_ws/install/as2_keyboard_teleoperation:/root/aerostack2_ws/install/as2_python_api:/root/aerostack2_ws/install/as2_project_bringup:/root/aerostack2_ws/install/as2_perception:/root/aerostack2_ws/install/as2_groundray_perception:/opt/ros/humble LD_LIBRARY_PATH=/root/aerostack2_ws/install/as2_core/lib:/root/aerostack2_ws/install/as2_msgs/lib:/root/aerostack2_ws/install/as2_swarm_person_interfaces/lib:/root/aerostack2_ws/install/as2_state_estimator/lib:/root/aerostack2_ws/install/as2_python_api/lib:/root/aerostack2_ws/install/as2_motion_controller/lib:/root/aerostack2_ws/install/as2_behaviors_trajectory_generation/lib:/root/aerostack2_ws/install/as2_behaviors_swarm_flocking/lib:/root/aerostack2_ws/install/as2_behaviors_motion/lib:/root/aerostack2_ws/install/as2_motion_reference_handlers/lib:/root/aerostack2_ws/install/as2_map_server/lib:/root/aerostack2_ws/install/as2_gazebo_assets/lib:/root/aerostack2_ws/install/as2_behaviors_perception/lib:/root/aerostack2_ws/install/as2_behaviors_path_planning/lib:/root/aerostack2_ws/install/as2_behavior_tree/lib:/root/aerostack2_ws/install/as2_behavior/lib:/opt/ros/humble/opt/rviz_ogre_vendor/lib:/opt/ros/humble/lib/x86_64-linux-gnu:/opt/ros/humble/lib /usr/bin/cmake --install /root/aerostack2_ws/build/as2_behavior
[21.454s] Level 1:colcon.colcon_core.environment:checking '/root/aerostack2_ws/install/as2_behavior' for CMake config files
[21.454s] Level 1:colcon.colcon_core.shell:create_environment_hook('as2_behavior', 'cmake_prefix_path')
[21.457s] INFO:colcon.colcon_core.shell:Creating environment hook '/root/aerostack2_ws/install/as2_behavior/share/as2_behavior/hook/cmake_prefix_path.ps1'
[21.460s] INFO:colcon.colcon_core.shell:Creating environment descriptor '/root/aerostack2_ws/install/as2_behavior/share/as2_behavior/hook/cmake_prefix_path.dsv'
[21.462s] INFO:colcon.colcon_core.shell:Creating environment hook '/root/aerostack2_ws/install/as2_behavior/share/as2_behavior/hook/cmake_prefix_path.sh'
[21.465s] Level 1:colcon.colcon_core.environment:checking '/root/aerostack2_ws/install/as2_behavior/lib'
[21.465s] Level 1:colcon.colcon_core.shell:create_environment_hook('as2_behavior', 'ld_library_path_lib')
[21.465s] INFO:colcon.colcon_core.shell:Creating environment hook '/root/aerostack2_ws/install/as2_behavior/share/as2_behavior/hook/ld_library_path_lib.ps1'
[21.466s] INFO:colcon.colcon_core.shell:Creating environment descriptor '/root/aerostack2_ws/install/as2_behavior/share/as2_behavior/hook/ld_library_path_lib.dsv'
[21.470s] INFO:colcon.colcon_core.shell:Creating environment hook '/root/aerostack2_ws/install/as2_behavior/share/as2_behavior/hook/ld_library_path_lib.sh'
[21.472s] Level 1:colcon.colcon_core.environment:checking '/root/aerostack2_ws/install/as2_behavior/bin'
[21.473s] Level 1:colcon.colcon_core.environment:checking '/root/aerostack2_ws/install/as2_behavior/lib/pkgconfig/as2_behavior.pc'
[21.473s] Level 1:colcon.colcon_core.environment:checking '/root/aerostack2_ws/install/as2_behavior/lib/python3.10/site-packages'
[21.473s] Level 1:colcon.colcon_core.environment:checking '/root/aerostack2_ws/install/as2_behavior/bin'
[21.474s] INFO:colcon.colcon_core.shell:Creating package script '/root/aerostack2_ws/install/as2_behavior/share/as2_behavior/package.ps1'
[21.478s] INFO:colcon.colcon_core.shell:Creating package descriptor '/root/aerostack2_ws/install/as2_behavior/share/as2_behavior/package.dsv'
[21.478s] INFO:colcon.colcon_core.shell:Creating package script '/root/aerostack2_ws/install/as2_behavior/share/as2_behavior/package.sh'
[21.479s] INFO:colcon.colcon_core.shell:Creating package script '/root/aerostack2_ws/install/as2_behavior/share/as2_behavior/package.bash'
[21.480s] INFO:colcon.colcon_core.shell:Creating package script '/root/aerostack2_ws/install/as2_behavior/share/as2_behavior/package.zsh'
[21.481s] Level 1:colcon.colcon_core.environment:create_file_with_runtime_dependencies(/root/aerostack2_ws/install/as2_behavior/share/colcon-core/packages/as2_behavior)
[21.482s] Level 1:colcon.colcon_core.environment:create_environment_scripts_only(as2_behavior)
[21.482s] Level 1:colcon.colcon_core.environment:checking '/root/aerostack2_ws/install/as2_behavior' for CMake module files
[21.483s] Level 1:colcon.colcon_core.environment:checking '/root/aerostack2_ws/install/as2_behavior' for CMake config files
[21.484s] Level 1:colcon.colcon_core.shell:create_environment_hook('as2_behavior', 'cmake_prefix_path')
[21.484s] INFO:colcon.colcon_core.shell:Creating environment hook '/root/aerostack2_ws/install/as2_behavior/share/as2_behavior/hook/cmake_prefix_path.ps1'
[21.485s] INFO:colcon.colcon_core.shell:Creating environment descriptor '/root/aerostack2_ws/install/as2_behavior/share/as2_behavior/hook/cmake_prefix_path.dsv'
[21.486s] INFO:colcon.colcon_core.shell:Creating environment hook '/root/aerostack2_ws/install/as2_behavior/share/as2_behavior/hook/cmake_prefix_path.sh'
[21.494s] Level 1:colcon.colcon_core.environment:checking '/root/aerostack2_ws/install/as2_behavior/lib'
[21.496s] Level 1:colcon.colcon_core.shell:create_environment_hook('as2_behavior', 'ld_library_path_lib')
[21.496s] INFO:colcon.colcon_core.shell:Creating environment hook '/root/aerostack2_ws/install/as2_behavior/share/as2_behavior/hook/ld_library_path_lib.ps1'
[21.497s] INFO:colcon.colcon_core.shell:Creating environment descriptor '/root/aerostack2_ws/install/as2_behavior/share/as2_behavior/hook/ld_library_path_lib.dsv'
[21.498s] INFO:colcon.colcon_core.shell:Creating environment hook '/root/aerostack2_ws/install/as2_behavior/share/as2_behavior/hook/ld_library_path_lib.sh'
[21.499s] Level 1:colcon.colcon_core.environment:checking '/root/aerostack2_ws/install/as2_behavior/bin'
[21.499s] Level 1:colcon.colcon_core.environment:checking '/root/aerostack2_ws/install/as2_behavior/lib/pkgconfig/as2_behavior.pc'
[21.500s] Level 1:colcon.colcon_core.environment:checking '/root/aerostack2_ws/install/as2_behavior/lib/python3.10/site-packages'
[21.500s] Level 1:colcon.colcon_core.environment:checking '/root/aerostack2_ws/install/as2_behavior/bin'
[21.501s] INFO:colcon.colcon_core.shell:Creating package script '/root/aerostack2_ws/install/as2_behavior/share/as2_behavior/package.ps1'
[21.502s] INFO:colcon.colcon_core.shell:Creating package descriptor '/root/aerostack2_ws/install/as2_behavior/share/as2_behavior/package.dsv'
[21.504s] INFO:colcon.colcon_core.shell:Creating package script '/root/aerostack2_ws/install/as2_behavior/share/as2_behavior/package.sh'
[21.522s] INFO:colcon.colcon_core.shell:Creating package script '/root/aerostack2_ws/install/as2_behavior/share/as2_behavior/package.bash'
[21.523s] INFO:colcon.colcon_core.shell:Creating package script '/root/aerostack2_ws/install/as2_behavior/share/as2_behavior/package.zsh'
[21.524s] Level 1:colcon.colcon_core.environment:create_file_with_runtime_dependencies(/root/aerostack2_ws/install/as2_behavior/share/colcon-core/packages/as2_behavior)
[21.526s] INFO:colcon.colcon_ros.task.ament_cmake.build:Building ROS package in '/root/aerostack2_ws/src/aerostack2/as2_state_estimator' with build type 'ament_cmake'
[21.530s] INFO:colcon.colcon_cmake.task.cmake.build:Building CMake package in '/root/aerostack2_ws/src/aerostack2/as2_state_estimator'
[21.530s] INFO:colcon.colcon_core.shell:Skip shell extension 'powershell' for command environment: Not usable outside of PowerShell
[21.530s] DEBUG:colcon.colcon_core.shell:Skip shell extension 'dsv' for command environment
[21.565s] DEBUG:colcon.colcon_core.event_handler.log_command:Invoking command in '/root/aerostack2_ws/build/as2_realsense_interface': CMAKE_PREFIX_PATH=/root/aerostack2_ws/install/as2_core:/root/aerostack2_ws/install/as2_msgs:/root/aerostack2_ws/install/as2_swarm_person_interfaces:/root/aerostack2_ws/install/rmf_demos_gz_classic:/root/aerostack2_ws/install/rmf_demos_gz:/root/aerostack2_ws/install/rmf_demos:/root/aerostack2_ws/install/rmf_demos_maps:/root/aerostack2_ws/install/aerostack2:/root/aerostack2_ws/install/as2_usb_camera_interface:/root/aerostack2_ws/install/as2_state_estimator:/root/aerostack2_ws/install/as2_rviz_plugins:/root/aerostack2_ws/install/as2_realsense_interface:/root/aerostack2_ws/install/as2_platform_multirotor_simulator:/root/aerostack2_ws/install/as2_platform_gazebo:/root/aerostack2_ws/install/as2_motion_controller:/root/aerostack2_ws/install/as2_behaviors_trajectory_generation:/root/aerostack2_ws/install/as2_behaviors_swarm_flocking:/root/aerostack2_ws/install/as2_behaviors_motion:/root/aerostack2_ws/install/as2_motion_reference_handlers:/root/aerostack2_ws/install/as2_map_server:/root/aerostack2_ws/install/as2_geozones:/root/aerostack2_ws/install/as2_gazebo_assets:/root/aerostack2_ws/install/as2_external_object_to_tf:/root/aerostack2_ws/install/as2_behaviors_platform:/root/aerostack2_ws/install/as2_behaviors_perception:/root/aerostack2_ws/install/as2_behaviors_path_planning:/root/aerostack2_ws/install/as2_behavior_tree:/root/aerostack2_ws/install/as2_behavior:/root/aerostack2_ws/install/as2_alphanumeric_viewer:/root/aerostack2_ws/install/as2_cli:/root/aerostack2_ws/install/as2_swarm_person_tracking:/root/aerostack2_ws/install/as2_swarm_ci_fusion_people:/root/aerostack2_ws/install/rmf_demos_tasks:/root/aerostack2_ws/install/rmf_demos_panel:/root/aerostack2_ws/install/rmf_demos_fleet_adapter:/root/aerostack2_ws/install/rmf_demos_dashboard_resources:/root/aerostack2_ws/install/rmf_demos_bridges:/root/aerostack2_ws/install/rmf_demos_assets:/root/aerostack2_ws/install/as2_visualization:/root/aerostack2_ws/install/as2_swarm_perception:/root/aerostack2_ws/install/as2_swarm_fusion_ci:/root/aerostack2_ws/install/as2_swarm_ekf:/root/aerostack2_ws/install/as2_keyboard_teleoperation:/root/aerostack2_ws/install/as2_python_api:/root/aerostack2_ws/install/as2_project_bringup:/root/aerostack2_ws/install/as2_perception:/root/aerostack2_ws/install/as2_groundray_perception:/opt/ros/humble LD_LIBRARY_PATH=/root/aerostack2_ws/install/as2_core/lib:/root/aerostack2_ws/install/as2_msgs/lib:/root/aerostack2_ws/install/as2_swarm_person_interfaces/lib:/root/aerostack2_ws/install/as2_state_estimator/lib:/root/aerostack2_ws/install/as2_python_api/lib:/root/aerostack2_ws/install/as2_motion_controller/lib:/root/aerostack2_ws/install/as2_behaviors_trajectory_generation/lib:/root/aerostack2_ws/install/as2_behaviors_swarm_flocking/lib:/root/aerostack2_ws/install/as2_behaviors_motion/lib:/root/aerostack2_ws/install/as2_motion_reference_handlers/lib:/root/aerostack2_ws/install/as2_map_server/lib:/root/aerostack2_ws/install/as2_gazebo_assets/lib:/root/aerostack2_ws/install/as2_behaviors_perception/lib:/root/aerostack2_ws/install/as2_behaviors_path_planning/lib:/root/aerostack2_ws/install/as2_behavior_tree/lib:/root/aerostack2_ws/install/as2_behavior/lib:/opt/ros/humble/opt/rviz_ogre_vendor/lib:/opt/ros/humble/lib/x86_64-linux-gnu:/opt/ros/humble/lib /usr/bin/cmake --build /root/aerostack2_ws/build/as2_realsense_interface -- -j8 -l8
[21.567s] Level 1:colcon.colcon_core.environment:create_environment_scripts_only(as2_geozones)
[21.567s] Level 1:colcon.colcon_core.environment:checking '/root/aerostack2_ws/install/as2_geozones' for CMake module files
[21.570s] Level 1:colcon.colcon_core.environment:checking '/root/aerostack2_ws/install/as2_geozones' for CMake config files
[21.571s] Level 1:colcon.colcon_core.shell:create_environment_hook('as2_geozones', 'cmake_prefix_path')
[21.571s] INFO:colcon.colcon_core.shell:Creating environment hook '/root/aerostack2_ws/install/as2_geozones/share/as2_geozones/hook/cmake_prefix_path.ps1'
[21.575s] DEBUG:colcon.colcon_core.event_handler.log_command:Invoked command in '/root/aerostack2_ws/build/as2_geozones' returned '0': CMAKE_PREFIX_PATH=/root/aerostack2_ws/install/as2_core:/root/aerostack2_ws/install/as2_msgs:/root/aerostack2_ws/install/as2_swarm_person_interfaces:/root/aerostack2_ws/install/rmf_demos_gz_classic:/root/aerostack2_ws/install/rmf_demos_gz:/root/aerostack2_ws/install/rmf_demos:/root/aerostack2_ws/install/rmf_demos_maps:/root/aerostack2_ws/install/aerostack2:/root/aerostack2_ws/install/as2_usb_camera_interface:/root/aerostack2_ws/install/as2_state_estimator:/root/aerostack2_ws/install/as2_rviz_plugins:/root/aerostack2_ws/install/as2_realsense_interface:/root/aerostack2_ws/install/as2_platform_multirotor_simulator:/root/aerostack2_ws/install/as2_platform_gazebo:/root/aerostack2_ws/install/as2_motion_controller:/root/aerostack2_ws/install/as2_behaviors_trajectory_generation:/root/aerostack2_ws/install/as2_behaviors_swarm_flocking:/root/aerostack2_ws/install/as2_behaviors_motion:/root/aerostack2_ws/install/as2_motion_reference_handlers:/root/aerostack2_ws/install/as2_map_server:/root/aerostack2_ws/install/as2_geozones:/root/aerostack2_ws/install/as2_gazebo_assets:/root/aerostack2_ws/install/as2_external_object_to_tf:/root/aerostack2_ws/install/as2_behaviors_platform:/root/aerostack2_ws/install/as2_behaviors_perception:/root/aerostack2_ws/install/as2_behaviors_path_planning:/root/aerostack2_ws/install/as2_behavior_tree:/root/aerostack2_ws/install/as2_behavior:/root/aerostack2_ws/install/as2_alphanumeric_viewer:/root/aerostack2_ws/install/as2_cli:/root/aerostack2_ws/install/as2_swarm_person_tracking:/root/aerostack2_ws/install/as2_swarm_ci_fusion_people:/root/aerostack2_ws/install/rmf_demos_tasks:/root/aerostack2_ws/install/rmf_demos_panel:/root/aerostack2_ws/install/rmf_demos_fleet_adapter:/root/aerostack2_ws/install/rmf_demos_dashboard_resources:/root/aerostack2_ws/install/rmf_demos_bridges:/root/aerostack2_ws/install/rmf_demos_assets:/root/aerostack2_ws/install/as2_visualization:/root/aerostack2_ws/install/as2_swarm_perception:/root/aerostack2_ws/install/as2_swarm_fusion_ci:/root/aerostack2_ws/install/as2_swarm_ekf:/root/aerostack2_ws/install/as2_keyboard_teleoperation:/root/aerostack2_ws/install/as2_python_api:/root/aerostack2_ws/install/as2_project_bringup:/root/aerostack2_ws/install/as2_perception:/root/aerostack2_ws/install/as2_groundray_perception:/opt/ros/humble LD_LIBRARY_PATH=/root/aerostack2_ws/install/as2_core/lib:/root/aerostack2_ws/install/as2_msgs/lib:/root/aerostack2_ws/install/as2_swarm_person_interfaces/lib:/root/aerostack2_ws/install/as2_state_estimator/lib:/root/aerostack2_ws/install/as2_python_api/lib:/root/aerostack2_ws/install/as2_motion_controller/lib:/root/aerostack2_ws/install/as2_behaviors_trajectory_generation/lib:/root/aerostack2_ws/install/as2_behaviors_swarm_flocking/lib:/root/aerostack2_ws/install/as2_behaviors_motion/lib:/root/aerostack2_ws/install/as2_motion_reference_handlers/lib:/root/aerostack2_ws/install/as2_map_server/lib:/root/aerostack2_ws/install/as2_gazebo_assets/lib:/root/aerostack2_ws/install/as2_behaviors_perception/lib:/root/aerostack2_ws/install/as2_behaviors_path_planning/lib:/root/aerostack2_ws/install/as2_behavior_tree/lib:/root/aerostack2_ws/install/as2_behavior/lib:/opt/ros/humble/opt/rviz_ogre_vendor/lib:/opt/ros/humble/lib/x86_64-linux-gnu:/opt/ros/humble/lib /usr/bin/cmake --install /root/aerostack2_ws/build/as2_geozones
[21.586s] INFO:colcon.colcon_core.shell:Creating environment descriptor '/root/aerostack2_ws/install/as2_geozones/share/as2_geozones/hook/cmake_prefix_path.dsv'
[21.615s] INFO:colcon.colcon_core.shell:Creating environment hook '/root/aerostack2_ws/install/as2_geozones/share/as2_geozones/hook/cmake_prefix_path.sh'
[21.616s] Level 1:colcon.colcon_core.environment:checking '/root/aerostack2_ws/install/as2_geozones/lib'
[21.616s] Level 1:colcon.colcon_core.environment:checking '/root/aerostack2_ws/install/as2_geozones/bin'
[21.616s] Level 1:colcon.colcon_core.environment:checking '/root/aerostack2_ws/install/as2_geozones/lib/pkgconfig/as2_geozones.pc'
[21.616s] Level 1:colcon.colcon_core.environment:checking '/root/aerostack2_ws/install/as2_geozones/lib/python3.10/site-packages'
[21.619s] Level 1:colcon.colcon_core.environment:checking '/root/aerostack2_ws/install/as2_geozones/bin'
[21.620s] INFO:colcon.colcon_core.shell:Creating package script '/root/aerostack2_ws/install/as2_geozones/share/as2_geozones/package.ps1'
[21.630s] INFO:colcon.colcon_core.shell:Creating package descriptor '/root/aerostack2_ws/install/as2_geozones/share/as2_geozones/package.dsv'
[21.631s] INFO:colcon.colcon_core.shell:Creating package script '/root/aerostack2_ws/install/as2_geozones/share/as2_geozones/package.sh'
[21.632s] INFO:colcon.colcon_core.shell:Creating package script '/root/aerostack2_ws/install/as2_geozones/share/as2_geozones/package.bash'
[21.633s] INFO:colcon.colcon_core.shell:Creating package script '/root/aerostack2_ws/install/as2_geozones/share/as2_geozones/package.zsh'
[21.637s] Level 1:colcon.colcon_core.environment:create_file_with_runtime_dependencies(/root/aerostack2_ws/install/as2_geozones/share/colcon-core/packages/as2_geozones)
[21.638s] Level 1:colcon.colcon_core.environment:create_environment_scripts_only(as2_geozones)
[21.639s] Level 1:colcon.colcon_core.environment:checking '/root/aerostack2_ws/install/as2_geozones' for CMake module files
[21.641s] Level 1:colcon.colcon_core.environment:checking '/root/aerostack2_ws/install/as2_geozones' for CMake config files
[21.642s] Level 1:colcon.colcon_core.shell:create_environment_hook('as2_geozones', 'cmake_prefix_path')
[21.642s] INFO:colcon.colcon_core.shell:Creating environment hook '/root/aerostack2_ws/install/as2_geozones/share/as2_geozones/hook/cmake_prefix_path.ps1'
[21.648s] INFO:colcon.colcon_core.shell:Creating environment descriptor '/root/aerostack2_ws/install/as2_geozones/share/as2_geozones/hook/cmake_prefix_path.dsv'
[21.649s] INFO:colcon.colcon_core.shell:Creating environment hook '/root/aerostack2_ws/install/as2_geozones/share/as2_geozones/hook/cmake_prefix_path.sh'
[21.650s] Level 1:colcon.colcon_core.environment:checking '/root/aerostack2_ws/install/as2_geozones/lib'
[21.650s] Level 1:colcon.colcon_core.environment:checking '/root/aerostack2_ws/install/as2_geozones/bin'
[21.650s] Level 1:colcon.colcon_core.environment:checking '/root/aerostack2_ws/install/as2_geozones/lib/pkgconfig/as2_geozones.pc'
[21.651s] Level 1:colcon.colcon_core.environment:checking '/root/aerostack2_ws/install/as2_geozones/lib/python3.10/site-packages'
[21.651s] Level 1:colcon.colcon_core.environment:checking '/root/aerostack2_ws/install/as2_geozones/bin'
[21.652s] INFO:colcon.colcon_core.shell:Creating package script '/root/aerostack2_ws/install/as2_geozones/share/as2_geozones/package.ps1'
[21.686s] INFO:colcon.colcon_core.shell:Creating package descriptor '/root/aerostack2_ws/install/as2_geozones/share/as2_geozones/package.dsv'
[21.694s] INFO:colcon.colcon_core.shell:Creating package script '/root/aerostack2_ws/install/as2_geozones/share/as2_geozones/package.sh'
[21.709s] INFO:colcon.colcon_core.shell:Creating package script '/root/aerostack2_ws/install/as2_geozones/share/as2_geozones/package.bash'
[21.710s] INFO:colcon.colcon_core.shell:Creating package script '/root/aerostack2_ws/install/as2_geozones/share/as2_geozones/package.zsh'
[21.710s] Level 1:colcon.colcon_core.environment:create_file_with_runtime_dependencies(/root/aerostack2_ws/install/as2_geozones/share/colcon-core/packages/as2_geozones)
[21.714s] INFO:colcon.colcon_ros.task.ament_cmake.build:Building ROS package in '/root/aerostack2_ws/src/aerostack2/as2_hardware_drivers/as2_usb_camera_interface' with build type 'ament_cmake'
[21.715s] INFO:colcon.colcon_cmake.task.cmake.build:Building CMake package in '/root/aerostack2_ws/src/aerostack2/as2_hardware_drivers/as2_usb_camera_interface'
[21.715s] INFO:colcon.colcon_core.shell:Skip shell extension 'powershell' for command environment: Not usable outside of PowerShell
[21.715s] DEBUG:colcon.colcon_core.shell:Skip shell extension 'dsv' for command environment
[21.814s] DEBUG:colcon.colcon_core.event_handler.log_command:Invoking command in '/root/aerostack2_ws/build/as2_state_estimator': CMAKE_PREFIX_PATH=/root/aerostack2_ws/install/as2_core:/root/aerostack2_ws/install/as2_msgs:/root/aerostack2_ws/install/as2_swarm_person_interfaces:/root/aerostack2_ws/install/rmf_demos_gz_classic:/root/aerostack2_ws/install/rmf_demos_gz:/root/aerostack2_ws/install/rmf_demos:/root/aerostack2_ws/install/rmf_demos_maps:/root/aerostack2_ws/install/aerostack2:/root/aerostack2_ws/install/as2_usb_camera_interface:/root/aerostack2_ws/install/as2_state_estimator:/root/aerostack2_ws/install/as2_rviz_plugins:/root/aerostack2_ws/install/as2_realsense_interface:/root/aerostack2_ws/install/as2_platform_multirotor_simulator:/root/aerostack2_ws/install/as2_platform_gazebo:/root/aerostack2_ws/install/as2_motion_controller:/root/aerostack2_ws/install/as2_behaviors_trajectory_generation:/root/aerostack2_ws/install/as2_behaviors_swarm_flocking:/root/aerostack2_ws/install/as2_behaviors_motion:/root/aerostack2_ws/install/as2_motion_reference_handlers:/root/aerostack2_ws/install/as2_map_server:/root/aerostack2_ws/install/as2_geozones:/root/aerostack2_ws/install/as2_gazebo_assets:/root/aerostack2_ws/install/as2_external_object_to_tf:/root/aerostack2_ws/install/as2_behaviors_platform:/root/aerostack2_ws/install/as2_behaviors_perception:/root/aerostack2_ws/install/as2_behaviors_path_planning:/root/aerostack2_ws/install/as2_behavior_tree:/root/aerostack2_ws/install/as2_behavior:/root/aerostack2_ws/install/as2_alphanumeric_viewer:/root/aerostack2_ws/install/as2_cli:/root/aerostack2_ws/install/as2_swarm_person_tracking:/root/aerostack2_ws/install/as2_swarm_ci_fusion_people:/root/aerostack2_ws/install/rmf_demos_tasks:/root/aerostack2_ws/install/rmf_demos_panel:/root/aerostack2_ws/install/rmf_demos_fleet_adapter:/root/aerostack2_ws/install/rmf_demos_dashboard_resources:/root/aerostack2_ws/install/rmf_demos_bridges:/root/aerostack2_ws/install/rmf_demos_assets:/root/aerostack2_ws/install/as2_visualization:/root/aerostack2_ws/install/as2_swarm_perception:/root/aerostack2_ws/install/as2_swarm_fusion_ci:/root/aerostack2_ws/install/as2_swarm_ekf:/root/aerostack2_ws/install/as2_keyboard_teleoperation:/root/aerostack2_ws/install/as2_python_api:/root/aerostack2_ws/install/as2_project_bringup:/root/aerostack2_ws/install/as2_perception:/root/aerostack2_ws/install/as2_groundray_perception:/opt/ros/humble LD_LIBRARY_PATH=/root/aerostack2_ws/install/as2_core/lib:/root/aerostack2_ws/install/as2_msgs/lib:/root/aerostack2_ws/install/as2_swarm_person_interfaces/lib:/root/aerostack2_ws/install/as2_state_estimator/lib:/root/aerostack2_ws/install/as2_python_api/lib:/root/aerostack2_ws/install/as2_motion_controller/lib:/root/aerostack2_ws/install/as2_behaviors_trajectory_generation/lib:/root/aerostack2_ws/install/as2_behaviors_swarm_flocking/lib:/root/aerostack2_ws/install/as2_behaviors_motion/lib:/root/aerostack2_ws/install/as2_motion_reference_handlers/lib:/root/aerostack2_ws/install/as2_map_server/lib:/root/aerostack2_ws/install/as2_gazebo_assets/lib:/root/aerostack2_ws/install/as2_behaviors_perception/lib:/root/aerostack2_ws/install/as2_behaviors_path_planning/lib:/root/aerostack2_ws/install/as2_behavior_tree/lib:/root/aerostack2_ws/install/as2_behavior/lib:/opt/ros/humble/opt/rviz_ogre_vendor/lib:/opt/ros/humble/lib/x86_64-linux-gnu:/opt/ros/humble/lib /usr/bin/cmake --build /root/aerostack2_ws/build/as2_state_estimator -- -j8 -l8
[21.902s] DEBUG:colcon.colcon_core.event_handler.log_command:Invoking command in '/root/aerostack2_ws/build/as2_usb_camera_interface': CMAKE_PREFIX_PATH=/root/aerostack2_ws/install/as2_core:/root/aerostack2_ws/install/as2_msgs:/root/aerostack2_ws/install/as2_swarm_person_interfaces:/root/aerostack2_ws/install/rmf_demos_gz_classic:/root/aerostack2_ws/install/rmf_demos_gz:/root/aerostack2_ws/install/rmf_demos:/root/aerostack2_ws/install/rmf_demos_maps:/root/aerostack2_ws/install/aerostack2:/root/aerostack2_ws/install/as2_usb_camera_interface:/root/aerostack2_ws/install/as2_state_estimator:/root/aerostack2_ws/install/as2_rviz_plugins:/root/aerostack2_ws/install/as2_realsense_interface:/root/aerostack2_ws/install/as2_platform_multirotor_simulator:/root/aerostack2_ws/install/as2_platform_gazebo:/root/aerostack2_ws/install/as2_motion_controller:/root/aerostack2_ws/install/as2_behaviors_trajectory_generation:/root/aerostack2_ws/install/as2_behaviors_swarm_flocking:/root/aerostack2_ws/install/as2_behaviors_motion:/root/aerostack2_ws/install/as2_motion_reference_handlers:/root/aerostack2_ws/install/as2_map_server:/root/aerostack2_ws/install/as2_geozones:/root/aerostack2_ws/install/as2_gazebo_assets:/root/aerostack2_ws/install/as2_external_object_to_tf:/root/aerostack2_ws/install/as2_behaviors_platform:/root/aerostack2_ws/install/as2_behaviors_perception:/root/aerostack2_ws/install/as2_behaviors_path_planning:/root/aerostack2_ws/install/as2_behavior_tree:/root/aerostack2_ws/install/as2_behavior:/root/aerostack2_ws/install/as2_alphanumeric_viewer:/root/aerostack2_ws/install/as2_cli:/root/aerostack2_ws/install/as2_swarm_person_tracking:/root/aerostack2_ws/install/as2_swarm_ci_fusion_people:/root/aerostack2_ws/install/rmf_demos_tasks:/root/aerostack2_ws/install/rmf_demos_panel:/root/aerostack2_ws/install/rmf_demos_fleet_adapter:/root/aerostack2_ws/install/rmf_demos_dashboard_resources:/root/aerostack2_ws/install/rmf_demos_bridges:/root/aerostack2_ws/install/rmf_demos_assets:/root/aerostack2_ws/install/as2_visualization:/root/aerostack2_ws/install/as2_swarm_perception:/root/aerostack2_ws/install/as2_swarm_fusion_ci:/root/aerostack2_ws/install/as2_swarm_ekf:/root/aerostack2_ws/install/as2_keyboard_teleoperation:/root/aerostack2_ws/install/as2_python_api:/root/aerostack2_ws/install/as2_project_bringup:/root/aerostack2_ws/install/as2_perception:/root/aerostack2_ws/install/as2_groundray_perception:/opt/ros/humble LD_LIBRARY_PATH=/root/aerostack2_ws/install/as2_core/lib:/root/aerostack2_ws/install/as2_msgs/lib:/root/aerostack2_ws/install/as2_swarm_person_interfaces/lib:/root/aerostack2_ws/install/as2_state_estimator/lib:/root/aerostack2_ws/install/as2_python_api/lib:/root/aerostack2_ws/install/as2_motion_controller/lib:/root/aerostack2_ws/install/as2_behaviors_trajectory_generation/lib:/root/aerostack2_ws/install/as2_behaviors_swarm_flocking/lib:/root/aerostack2_ws/install/as2_behaviors_motion/lib:/root/aerostack2_ws/install/as2_motion_reference_handlers/lib:/root/aerostack2_ws/install/as2_map_server/lib:/root/aerostack2_ws/install/as2_gazebo_assets/lib:/root/aerostack2_ws/install/as2_behaviors_perception/lib:/root/aerostack2_ws/install/as2_behaviors_path_planning/lib:/root/aerostack2_ws/install/as2_behavior_tree/lib:/root/aerostack2_ws/install/as2_behavior/lib:/opt/ros/humble/opt/rviz_ogre_vendor/lib:/opt/ros/humble/lib/x86_64-linux-gnu:/opt/ros/humble/lib /usr/bin/cmake --build /root/aerostack2_ws/build/as2_usb_camera_interface -- -j8 -l8
[22.797s] DEBUG:colcon.colcon_core.event_handler.log_command:Invoked command in '/root/aerostack2_ws/build/as2_map_server' returned '0': CMAKE_PREFIX_PATH=/root/aerostack2_ws/install/as2_core:/root/aerostack2_ws/install/as2_msgs:/root/aerostack2_ws/install/as2_swarm_person_interfaces:/root/aerostack2_ws/install/rmf_demos_gz_classic:/root/aerostack2_ws/install/rmf_demos_gz:/root/aerostack2_ws/install/rmf_demos:/root/aerostack2_ws/install/rmf_demos_maps:/root/aerostack2_ws/install/aerostack2:/root/aerostack2_ws/install/as2_usb_camera_interface:/root/aerostack2_ws/install/as2_state_estimator:/root/aerostack2_ws/install/as2_rviz_plugins:/root/aerostack2_ws/install/as2_realsense_interface:/root/aerostack2_ws/install/as2_platform_multirotor_simulator:/root/aerostack2_ws/install/as2_platform_gazebo:/root/aerostack2_ws/install/as2_motion_controller:/root/aerostack2_ws/install/as2_behaviors_trajectory_generation:/root/aerostack2_ws/install/as2_behaviors_swarm_flocking:/root/aerostack2_ws/install/as2_behaviors_motion:/root/aerostack2_ws/install/as2_motion_reference_handlers:/root/aerostack2_ws/install/as2_map_server:/root/aerostack2_ws/install/as2_geozones:/root/aerostack2_ws/install/as2_gazebo_assets:/root/aerostack2_ws/install/as2_external_object_to_tf:/root/aerostack2_ws/install/as2_behaviors_platform:/root/aerostack2_ws/install/as2_behaviors_perception:/root/aerostack2_ws/install/as2_behaviors_path_planning:/root/aerostack2_ws/install/as2_behavior_tree:/root/aerostack2_ws/install/as2_behavior:/root/aerostack2_ws/install/as2_alphanumeric_viewer:/root/aerostack2_ws/install/as2_cli:/root/aerostack2_ws/install/as2_swarm_person_tracking:/root/aerostack2_ws/install/as2_swarm_ci_fusion_people:/root/aerostack2_ws/install/rmf_demos_tasks:/root/aerostack2_ws/install/rmf_demos_panel:/root/aerostack2_ws/install/rmf_demos_fleet_adapter:/root/aerostack2_ws/install/rmf_demos_dashboard_resources:/root/aerostack2_ws/install/rmf_demos_bridges:/root/aerostack2_ws/install/rmf_demos_assets:/root/aerostack2_ws/install/as2_visualization:/root/aerostack2_ws/install/as2_swarm_perception:/root/aerostack2_ws/install/as2_swarm_fusion_ci:/root/aerostack2_ws/install/as2_swarm_ekf:/root/aerostack2_ws/install/as2_keyboard_teleoperation:/root/aerostack2_ws/install/as2_python_api:/root/aerostack2_ws/install/as2_project_bringup:/root/aerostack2_ws/install/as2_perception:/root/aerostack2_ws/install/as2_groundray_perception:/opt/ros/humble LD_LIBRARY_PATH=/root/aerostack2_ws/install/as2_core/lib:/root/aerostack2_ws/install/as2_msgs/lib:/root/aerostack2_ws/install/as2_swarm_person_interfaces/lib:/root/aerostack2_ws/install/as2_state_estimator/lib:/root/aerostack2_ws/install/as2_python_api/lib:/root/aerostack2_ws/install/as2_motion_controller/lib:/root/aerostack2_ws/install/as2_behaviors_trajectory_generation/lib:/root/aerostack2_ws/install/as2_behaviors_swarm_flocking/lib:/root/aerostack2_ws/install/as2_behaviors_motion/lib:/root/aerostack2_ws/install/as2_motion_reference_handlers/lib:/root/aerostack2_ws/install/as2_map_server/lib:/root/aerostack2_ws/install/as2_gazebo_assets/lib:/root/aerostack2_ws/install/as2_behaviors_perception/lib:/root/aerostack2_ws/install/as2_behaviors_path_planning/lib:/root/aerostack2_ws/install/as2_behavior_tree/lib:/root/aerostack2_ws/install/as2_behavior/lib:/opt/ros/humble/opt/rviz_ogre_vendor/lib:/opt/ros/humble/lib/x86_64-linux-gnu:/opt/ros/humble/lib /usr/bin/cmake --build /root/aerostack2_ws/build/as2_map_server -- -j8 -l8
[22.798s] DEBUG:colcon.colcon_core.event_handler.log_command:Invoking command in '/root/aerostack2_ws/build/as2_map_server': CMAKE_PREFIX_PATH=/root/aerostack2_ws/install/as2_core:/root/aerostack2_ws/install/as2_msgs:/root/aerostack2_ws/install/as2_swarm_person_interfaces:/root/aerostack2_ws/install/rmf_demos_gz_classic:/root/aerostack2_ws/install/rmf_demos_gz:/root/aerostack2_ws/install/rmf_demos:/root/aerostack2_ws/install/rmf_demos_maps:/root/aerostack2_ws/install/aerostack2:/root/aerostack2_ws/install/as2_usb_camera_interface:/root/aerostack2_ws/install/as2_state_estimator:/root/aerostack2_ws/install/as2_rviz_plugins:/root/aerostack2_ws/install/as2_realsense_interface:/root/aerostack2_ws/install/as2_platform_multirotor_simulator:/root/aerostack2_ws/install/as2_platform_gazebo:/root/aerostack2_ws/install/as2_motion_controller:/root/aerostack2_ws/install/as2_behaviors_trajectory_generation:/root/aerostack2_ws/install/as2_behaviors_swarm_flocking:/root/aerostack2_ws/install/as2_behaviors_motion:/root/aerostack2_ws/install/as2_motion_reference_handlers:/root/aerostack2_ws/install/as2_map_server:/root/aerostack2_ws/install/as2_geozones:/root/aerostack2_ws/install/as2_gazebo_assets:/root/aerostack2_ws/install/as2_external_object_to_tf:/root/aerostack2_ws/install/as2_behaviors_platform:/root/aerostack2_ws/install/as2_behaviors_perception:/root/aerostack2_ws/install/as2_behaviors_path_planning:/root/aerostack2_ws/install/as2_behavior_tree:/root/aerostack2_ws/install/as2_behavior:/root/aerostack2_ws/install/as2_alphanumeric_viewer:/root/aerostack2_ws/install/as2_cli:/root/aerostack2_ws/install/as2_swarm_person_tracking:/root/aerostack2_ws/install/as2_swarm_ci_fusion_people:/root/aerostack2_ws/install/rmf_demos_tasks:/root/aerostack2_ws/install/rmf_demos_panel:/root/aerostack2_ws/install/rmf_demos_fleet_adapter:/root/aerostack2_ws/install/rmf_demos_dashboard_resources:/root/aerostack2_ws/install/rmf_demos_bridges:/root/aerostack2_ws/install/rmf_demos_assets:/root/aerostack2_ws/install/as2_visualization:/root/aerostack2_ws/install/as2_swarm_perception:/root/aerostack2_ws/install/as2_swarm_fusion_ci:/root/aerostack2_ws/install/as2_swarm_ekf:/root/aerostack2_ws/install/as2_keyboard_teleoperation:/root/aerostack2_ws/install/as2_python_api:/root/aerostack2_ws/install/as2_project_bringup:/root/aerostack2_ws/install/as2_perception:/root/aerostack2_ws/install/as2_groundray_perception:/opt/ros/humble LD_LIBRARY_PATH=/root/aerostack2_ws/install/as2_core/lib:/root/aerostack2_ws/install/as2_msgs/lib:/root/aerostack2_ws/install/as2_swarm_person_interfaces/lib:/root/aerostack2_ws/install/as2_state_estimator/lib:/root/aerostack2_ws/install/as2_python_api/lib:/root/aerostack2_ws/install/as2_motion_controller/lib:/root/aerostack2_ws/install/as2_behaviors_trajectory_generation/lib:/root/aerostack2_ws/install/as2_behaviors_swarm_flocking/lib:/root/aerostack2_ws/install/as2_behaviors_motion/lib:/root/aerostack2_ws/install/as2_motion_reference_handlers/lib:/root/aerostack2_ws/install/as2_map_server/lib:/root/aerostack2_ws/install/as2_gazebo_assets/lib:/root/aerostack2_ws/install/as2_behaviors_perception/lib:/root/aerostack2_ws/install/as2_behaviors_path_planning/lib:/root/aerostack2_ws/install/as2_behavior_tree/lib:/root/aerostack2_ws/install/as2_behavior/lib:/opt/ros/humble/opt/rviz_ogre_vendor/lib:/opt/ros/humble/lib/x86_64-linux-gnu:/opt/ros/humble/lib /usr/bin/cmake --install /root/aerostack2_ws/build/as2_map_server
[22.917s] DEBUG:colcon.colcon_core.event_handler.log_command:Invoked command in '/root/aerostack2_ws/build/as2_behavior_tree' returned '0': CMAKE_PREFIX_PATH=/root/aerostack2_ws/install/as2_core:/root/aerostack2_ws/install/as2_msgs:/root/aerostack2_ws/install/as2_swarm_person_interfaces:/root/aerostack2_ws/install/rmf_demos_gz_classic:/root/aerostack2_ws/install/rmf_demos_gz:/root/aerostack2_ws/install/rmf_demos:/root/aerostack2_ws/install/rmf_demos_maps:/root/aerostack2_ws/install/aerostack2:/root/aerostack2_ws/install/as2_usb_camera_interface:/root/aerostack2_ws/install/as2_state_estimator:/root/aerostack2_ws/install/as2_rviz_plugins:/root/aerostack2_ws/install/as2_realsense_interface:/root/aerostack2_ws/install/as2_platform_multirotor_simulator:/root/aerostack2_ws/install/as2_platform_gazebo:/root/aerostack2_ws/install/as2_motion_controller:/root/aerostack2_ws/install/as2_behaviors_trajectory_generation:/root/aerostack2_ws/install/as2_behaviors_swarm_flocking:/root/aerostack2_ws/install/as2_behaviors_motion:/root/aerostack2_ws/install/as2_motion_reference_handlers:/root/aerostack2_ws/install/as2_map_server:/root/aerostack2_ws/install/as2_geozones:/root/aerostack2_ws/install/as2_gazebo_assets:/root/aerostack2_ws/install/as2_external_object_to_tf:/root/aerostack2_ws/install/as2_behaviors_platform:/root/aerostack2_ws/install/as2_behaviors_perception:/root/aerostack2_ws/install/as2_behaviors_path_planning:/root/aerostack2_ws/install/as2_behavior_tree:/root/aerostack2_ws/install/as2_behavior:/root/aerostack2_ws/install/as2_alphanumeric_viewer:/root/aerostack2_ws/install/as2_cli:/root/aerostack2_ws/install/as2_swarm_person_tracking:/root/aerostack2_ws/install/as2_swarm_ci_fusion_people:/root/aerostack2_ws/install/rmf_demos_tasks:/root/aerostack2_ws/install/rmf_demos_panel:/root/aerostack2_ws/install/rmf_demos_fleet_adapter:/root/aerostack2_ws/install/rmf_demos_dashboard_resources:/root/aerostack2_ws/install/rmf_demos_bridges:/root/aerostack2_ws/install/rmf_demos_assets:/root/aerostack2_ws/install/as2_visualization:/root/aerostack2_ws/install/as2_swarm_perception:/root/aerostack2_ws/install/as2_swarm_fusion_ci:/root/aerostack2_ws/install/as2_swarm_ekf:/root/aerostack2_ws/install/as2_keyboard_teleoperation:/root/aerostack2_ws/install/as2_python_api:/root/aerostack2_ws/install/as2_project_bringup:/root/aerostack2_ws/install/as2_perception:/root/aerostack2_ws/install/as2_groundray_perception:/opt/ros/humble LD_LIBRARY_PATH=/root/aerostack2_ws/install/as2_core/lib:/root/aerostack2_ws/install/as2_msgs/lib:/root/aerostack2_ws/install/as2_swarm_person_interfaces/lib:/root/aerostack2_ws/install/as2_state_estimator/lib:/root/aerostack2_ws/install/as2_python_api/lib:/root/aerostack2_ws/install/as2_motion_controller/lib:/root/aerostack2_ws/install/as2_behaviors_trajectory_generation/lib:/root/aerostack2_ws/install/as2_behaviors_swarm_flocking/lib:/root/aerostack2_ws/install/as2_behaviors_motion/lib:/root/aerostack2_ws/install/as2_motion_reference_handlers/lib:/root/aerostack2_ws/install/as2_map_server/lib:/root/aerostack2_ws/install/as2_gazebo_assets/lib:/root/aerostack2_ws/install/as2_behaviors_perception/lib:/root/aerostack2_ws/install/as2_behaviors_path_planning/lib:/root/aerostack2_ws/install/as2_behavior_tree/lib:/root/aerostack2_ws/install/as2_behavior/lib:/opt/ros/humble/opt/rviz_ogre_vendor/lib:/opt/ros/humble/lib/x86_64-linux-gnu:/opt/ros/humble/lib /usr/bin/cmake --build /root/aerostack2_ws/build/as2_behavior_tree -- -j8 -l8
[22.918s] DEBUG:colcon.colcon_core.event_handler.log_command:Invoking command in '/root/aerostack2_ws/build/as2_behavior_tree': CMAKE_PREFIX_PATH=/root/aerostack2_ws/install/as2_core:/root/aerostack2_ws/install/as2_msgs:/root/aerostack2_ws/install/as2_swarm_person_interfaces:/root/aerostack2_ws/install/rmf_demos_gz_classic:/root/aerostack2_ws/install/rmf_demos_gz:/root/aerostack2_ws/install/rmf_demos:/root/aerostack2_ws/install/rmf_demos_maps:/root/aerostack2_ws/install/aerostack2:/root/aerostack2_ws/install/as2_usb_camera_interface:/root/aerostack2_ws/install/as2_state_estimator:/root/aerostack2_ws/install/as2_rviz_plugins:/root/aerostack2_ws/install/as2_realsense_interface:/root/aerostack2_ws/install/as2_platform_multirotor_simulator:/root/aerostack2_ws/install/as2_platform_gazebo:/root/aerostack2_ws/install/as2_motion_controller:/root/aerostack2_ws/install/as2_behaviors_trajectory_generation:/root/aerostack2_ws/install/as2_behaviors_swarm_flocking:/root/aerostack2_ws/install/as2_behaviors_motion:/root/aerostack2_ws/install/as2_motion_reference_handlers:/root/aerostack2_ws/install/as2_map_server:/root/aerostack2_ws/install/as2_geozones:/root/aerostack2_ws/install/as2_gazebo_assets:/root/aerostack2_ws/install/as2_external_object_to_tf:/root/aerostack2_ws/install/as2_behaviors_platform:/root/aerostack2_ws/install/as2_behaviors_perception:/root/aerostack2_ws/install/as2_behaviors_path_planning:/root/aerostack2_ws/install/as2_behavior_tree:/root/aerostack2_ws/install/as2_behavior:/root/aerostack2_ws/install/as2_alphanumeric_viewer:/root/aerostack2_ws/install/as2_cli:/root/aerostack2_ws/install/as2_swarm_person_tracking:/root/aerostack2_ws/install/as2_swarm_ci_fusion_people:/root/aerostack2_ws/install/rmf_demos_tasks:/root/aerostack2_ws/install/rmf_demos_panel:/root/aerostack2_ws/install/rmf_demos_fleet_adapter:/root/aerostack2_ws/install/rmf_demos_dashboard_resources:/root/aerostack2_ws/install/rmf_demos_bridges:/root/aerostack2_ws/install/rmf_demos_assets:/root/aerostack2_ws/install/as2_visualization:/root/aerostack2_ws/install/as2_swarm_perception:/root/aerostack2_ws/install/as2_swarm_fusion_ci:/root/aerostack2_ws/install/as2_swarm_ekf:/root/aerostack2_ws/install/as2_keyboard_teleoperation:/root/aerostack2_ws/install/as2_python_api:/root/aerostack2_ws/install/as2_project_bringup:/root/aerostack2_ws/install/as2_perception:/root/aerostack2_ws/install/as2_groundray_perception:/opt/ros/humble LD_LIBRARY_PATH=/root/aerostack2_ws/install/as2_core/lib:/root/aerostack2_ws/install/as2_msgs/lib:/root/aerostack2_ws/install/as2_swarm_person_interfaces/lib:/root/aerostack2_ws/install/as2_state_estimator/lib:/root/aerostack2_ws/install/as2_python_api/lib:/root/aerostack2_ws/install/as2_motion_controller/lib:/root/aerostack2_ws/install/as2_behaviors_trajectory_generation/lib:/root/aerostack2_ws/install/as2_behaviors_swarm_flocking/lib:/root/aerostack2_ws/install/as2_behaviors_motion/lib:/root/aerostack2_ws/install/as2_motion_reference_handlers/lib:/root/aerostack2_ws/install/as2_map_server/lib:/root/aerostack2_ws/install/as2_gazebo_assets/lib:/root/aerostack2_ws/install/as2_behaviors_perception/lib:/root/aerostack2_ws/install/as2_behaviors_path_planning/lib:/root/aerostack2_ws/install/as2_behavior_tree/lib:/root/aerostack2_ws/install/as2_behavior/lib:/opt/ros/humble/opt/rviz_ogre_vendor/lib:/opt/ros/humble/lib/x86_64-linux-gnu:/opt/ros/humble/lib /usr/bin/cmake --install /root/aerostack2_ws/build/as2_behavior_tree
[23.049s] Level 1:colcon.colcon_core.environment:create_environment_scripts_only(as2_map_server)
[23.050s] Level 1:colcon.colcon_core.environment:checking '/root/aerostack2_ws/install/as2_map_server' for CMake module files
[23.137s] DEBUG:colcon.colcon_core.event_handler.log_command:Invoked command in '/root/aerostack2_ws/build/as2_map_server' returned '0': CMAKE_PREFIX_PATH=/root/aerostack2_ws/install/as2_core:/root/aerostack2_ws/install/as2_msgs:/root/aerostack2_ws/install/as2_swarm_person_interfaces:/root/aerostack2_ws/install/rmf_demos_gz_classic:/root/aerostack2_ws/install/rmf_demos_gz:/root/aerostack2_ws/install/rmf_demos:/root/aerostack2_ws/install/rmf_demos_maps:/root/aerostack2_ws/install/aerostack2:/root/aerostack2_ws/install/as2_usb_camera_interface:/root/aerostack2_ws/install/as2_state_estimator:/root/aerostack2_ws/install/as2_rviz_plugins:/root/aerostack2_ws/install/as2_realsense_interface:/root/aerostack2_ws/install/as2_platform_multirotor_simulator:/root/aerostack2_ws/install/as2_platform_gazebo:/root/aerostack2_ws/install/as2_motion_controller:/root/aerostack2_ws/install/as2_behaviors_trajectory_generation:/root/aerostack2_ws/install/as2_behaviors_swarm_flocking:/root/aerostack2_ws/install/as2_behaviors_motion:/root/aerostack2_ws/install/as2_motion_reference_handlers:/root/aerostack2_ws/install/as2_map_server:/root/aerostack2_ws/install/as2_geozones:/root/aerostack2_ws/install/as2_gazebo_assets:/root/aerostack2_ws/install/as2_external_object_to_tf:/root/aerostack2_ws/install/as2_behaviors_platform:/root/aerostack2_ws/install/as2_behaviors_perception:/root/aerostack2_ws/install/as2_behaviors_path_planning:/root/aerostack2_ws/install/as2_behavior_tree:/root/aerostack2_ws/install/as2_behavior:/root/aerostack2_ws/install/as2_alphanumeric_viewer:/root/aerostack2_ws/install/as2_cli:/root/aerostack2_ws/install/as2_swarm_person_tracking:/root/aerostack2_ws/install/as2_swarm_ci_fusion_people:/root/aerostack2_ws/install/rmf_demos_tasks:/root/aerostack2_ws/install/rmf_demos_panel:/root/aerostack2_ws/install/rmf_demos_fleet_adapter:/root/aerostack2_ws/install/rmf_demos_dashboard_resources:/root/aerostack2_ws/install/rmf_demos_bridges:/root/aerostack2_ws/install/rmf_demos_assets:/root/aerostack2_ws/install/as2_visualization:/root/aerostack2_ws/install/as2_swarm_perception:/root/aerostack2_ws/install/as2_swarm_fusion_ci:/root/aerostack2_ws/install/as2_swarm_ekf:/root/aerostack2_ws/install/as2_keyboard_teleoperation:/root/aerostack2_ws/install/as2_python_api:/root/aerostack2_ws/install/as2_project_bringup:/root/aerostack2_ws/install/as2_perception:/root/aerostack2_ws/install/as2_groundray_perception:/opt/ros/humble LD_LIBRARY_PATH=/root/aerostack2_ws/install/as2_core/lib:/root/aerostack2_ws/install/as2_msgs/lib:/root/aerostack2_ws/install/as2_swarm_person_interfaces/lib:/root/aerostack2_ws/install/as2_state_estimator/lib:/root/aerostack2_ws/install/as2_python_api/lib:/root/aerostack2_ws/install/as2_motion_controller/lib:/root/aerostack2_ws/install/as2_behaviors_trajectory_generation/lib:/root/aerostack2_ws/install/as2_behaviors_swarm_flocking/lib:/root/aerostack2_ws/install/as2_behaviors_motion/lib:/root/aerostack2_ws/install/as2_motion_reference_handlers/lib:/root/aerostack2_ws/install/as2_map_server/lib:/root/aerostack2_ws/install/as2_gazebo_assets/lib:/root/aerostack2_ws/install/as2_behaviors_perception/lib:/root/aerostack2_ws/install/as2_behaviors_path_planning/lib:/root/aerostack2_ws/install/as2_behavior_tree/lib:/root/aerostack2_ws/install/as2_behavior/lib:/opt/ros/humble/opt/rviz_ogre_vendor/lib:/opt/ros/humble/lib/x86_64-linux-gnu:/opt/ros/humble/lib /usr/bin/cmake --install /root/aerostack2_ws/build/as2_map_server
[23.141s] Level 1:colcon.colcon_core.environment:checking '/root/aerostack2_ws/install/as2_map_server' for CMake config files
[23.141s] Level 1:colcon.colcon_core.shell:create_environment_hook('as2_map_server', 'cmake_prefix_path')
[23.141s] INFO:colcon.colcon_core.shell:Creating environment hook '/root/aerostack2_ws/install/as2_map_server/share/as2_map_server/hook/cmake_prefix_path.ps1'
[23.143s] INFO:colcon.colcon_core.shell:Creating environment descriptor '/root/aerostack2_ws/install/as2_map_server/share/as2_map_server/hook/cmake_prefix_path.dsv'
[23.143s] INFO:colcon.colcon_core.shell:Creating environment hook '/root/aerostack2_ws/install/as2_map_server/share/as2_map_server/hook/cmake_prefix_path.sh'
[23.146s] Level 1:colcon.colcon_core.environment:checking '/root/aerostack2_ws/install/as2_map_server/lib'
[23.146s] Level 1:colcon.colcon_core.shell:create_environment_hook('as2_map_server', 'ld_library_path_lib')
[23.147s] INFO:colcon.colcon_core.shell:Creating environment hook '/root/aerostack2_ws/install/as2_map_server/share/as2_map_server/hook/ld_library_path_lib.ps1'
[23.150s] INFO:colcon.colcon_core.shell:Creating environment descriptor '/root/aerostack2_ws/install/as2_map_server/share/as2_map_server/hook/ld_library_path_lib.dsv'
[23.153s] INFO:colcon.colcon_core.shell:Creating environment hook '/root/aerostack2_ws/install/as2_map_server/share/as2_map_server/hook/ld_library_path_lib.sh'
[23.157s] Level 1:colcon.colcon_core.environment:checking '/root/aerostack2_ws/install/as2_map_server/bin'
[23.157s] Level 1:colcon.colcon_core.environment:checking '/root/aerostack2_ws/install/as2_map_server/lib/pkgconfig/as2_map_server.pc'
[23.158s] Level 1:colcon.colcon_core.environment:checking '/root/aerostack2_ws/install/as2_map_server/lib/python3.10/site-packages'
[23.158s] Level 1:colcon.colcon_core.environment:checking '/root/aerostack2_ws/install/as2_map_server/bin'
[23.160s] INFO:colcon.colcon_core.shell:Creating package script '/root/aerostack2_ws/install/as2_map_server/share/as2_map_server/package.ps1'
[23.163s] INFO:colcon.colcon_core.shell:Creating package descriptor '/root/aerostack2_ws/install/as2_map_server/share/as2_map_server/package.dsv'
[23.172s] INFO:colcon.colcon_core.shell:Creating package script '/root/aerostack2_ws/install/as2_map_server/share/as2_map_server/package.sh'
[23.173s] INFO:colcon.colcon_core.shell:Creating package script '/root/aerostack2_ws/install/as2_map_server/share/as2_map_server/package.bash'
[23.174s] INFO:colcon.colcon_core.shell:Creating package script '/root/aerostack2_ws/install/as2_map_server/share/as2_map_server/package.zsh'
[23.175s] Level 1:colcon.colcon_core.environment:create_file_with_runtime_dependencies(/root/aerostack2_ws/install/as2_map_server/share/colcon-core/packages/as2_map_server)
[23.180s] Level 1:colcon.colcon_core.environment:create_environment_scripts_only(as2_map_server)
[23.180s] Level 1:colcon.colcon_core.environment:checking '/root/aerostack2_ws/install/as2_map_server' for CMake module files
[23.186s] Level 1:colcon.colcon_core.environment:checking '/root/aerostack2_ws/install/as2_map_server' for CMake config files
[23.191s] Level 1:colcon.colcon_core.shell:create_environment_hook('as2_map_server', 'cmake_prefix_path')
[23.204s] INFO:colcon.colcon_core.shell:Creating environment hook '/root/aerostack2_ws/install/as2_map_server/share/as2_map_server/hook/cmake_prefix_path.ps1'
[23.205s] INFO:colcon.colcon_core.shell:Creating environment descriptor '/root/aerostack2_ws/install/as2_map_server/share/as2_map_server/hook/cmake_prefix_path.dsv'
[23.209s] INFO:colcon.colcon_core.shell:Creating environment hook '/root/aerostack2_ws/install/as2_map_server/share/as2_map_server/hook/cmake_prefix_path.sh'
[23.210s] Level 1:colcon.colcon_core.environment:checking '/root/aerostack2_ws/install/as2_map_server/lib'
[23.210s] Level 1:colcon.colcon_core.shell:create_environment_hook('as2_map_server', 'ld_library_path_lib')
[23.211s] INFO:colcon.colcon_core.shell:Creating environment hook '/root/aerostack2_ws/install/as2_map_server/share/as2_map_server/hook/ld_library_path_lib.ps1'
[23.218s] INFO:colcon.colcon_core.shell:Creating environment descriptor '/root/aerostack2_ws/install/as2_map_server/share/as2_map_server/hook/ld_library_path_lib.dsv'
[23.219s] INFO:colcon.colcon_core.shell:Creating environment hook '/root/aerostack2_ws/install/as2_map_server/share/as2_map_server/hook/ld_library_path_lib.sh'
[23.219s] Level 1:colcon.colcon_core.environment:checking '/root/aerostack2_ws/install/as2_map_server/bin'
[23.220s] Level 1:colcon.colcon_core.environment:checking '/root/aerostack2_ws/install/as2_map_server/lib/pkgconfig/as2_map_server.pc'
[23.220s] Level 1:colcon.colcon_core.environment:checking '/root/aerostack2_ws/install/as2_map_server/lib/python3.10/site-packages'
[23.220s] Level 1:colcon.colcon_core.environment:checking '/root/aerostack2_ws/install/as2_map_server/bin'
[23.221s] INFO:colcon.colcon_core.shell:Creating package script '/root/aerostack2_ws/install/as2_map_server/share/as2_map_server/package.ps1'
[23.239s] INFO:colcon.colcon_core.shell:Creating package descriptor '/root/aerostack2_ws/install/as2_map_server/share/as2_map_server/package.dsv'
[23.247s] INFO:colcon.colcon_core.shell:Creating package script '/root/aerostack2_ws/install/as2_map_server/share/as2_map_server/package.sh'
[23.250s] INFO:colcon.colcon_core.shell:Creating package script '/root/aerostack2_ws/install/as2_map_server/share/as2_map_server/package.bash'
[23.254s] INFO:colcon.colcon_core.shell:Creating package script '/root/aerostack2_ws/install/as2_map_server/share/as2_map_server/package.zsh'
[23.258s] Level 1:colcon.colcon_core.environment:create_file_with_runtime_dependencies(/root/aerostack2_ws/install/as2_map_server/share/colcon-core/packages/as2_map_server)
[23.258s] Level 1:colcon.colcon_core.environment:create_environment_scripts_only(as2_behavior_tree)
[23.259s] DEBUG:colcon.colcon_core.event_handler.log_command:Invoked command in '/root/aerostack2_ws/build/as2_behavior_tree' returned '0': CMAKE_PREFIX_PATH=/root/aerostack2_ws/install/as2_core:/root/aerostack2_ws/install/as2_msgs:/root/aerostack2_ws/install/as2_swarm_person_interfaces:/root/aerostack2_ws/install/rmf_demos_gz_classic:/root/aerostack2_ws/install/rmf_demos_gz:/root/aerostack2_ws/install/rmf_demos:/root/aerostack2_ws/install/rmf_demos_maps:/root/aerostack2_ws/install/aerostack2:/root/aerostack2_ws/install/as2_usb_camera_interface:/root/aerostack2_ws/install/as2_state_estimator:/root/aerostack2_ws/install/as2_rviz_plugins:/root/aerostack2_ws/install/as2_realsense_interface:/root/aerostack2_ws/install/as2_platform_multirotor_simulator:/root/aerostack2_ws/install/as2_platform_gazebo:/root/aerostack2_ws/install/as2_motion_controller:/root/aerostack2_ws/install/as2_behaviors_trajectory_generation:/root/aerostack2_ws/install/as2_behaviors_swarm_flocking:/root/aerostack2_ws/install/as2_behaviors_motion:/root/aerostack2_ws/install/as2_motion_reference_handlers:/root/aerostack2_ws/install/as2_map_server:/root/aerostack2_ws/install/as2_geozones:/root/aerostack2_ws/install/as2_gazebo_assets:/root/aerostack2_ws/install/as2_external_object_to_tf:/root/aerostack2_ws/install/as2_behaviors_platform:/root/aerostack2_ws/install/as2_behaviors_perception:/root/aerostack2_ws/install/as2_behaviors_path_planning:/root/aerostack2_ws/install/as2_behavior_tree:/root/aerostack2_ws/install/as2_behavior:/root/aerostack2_ws/install/as2_alphanumeric_viewer:/root/aerostack2_ws/install/as2_cli:/root/aerostack2_ws/install/as2_swarm_person_tracking:/root/aerostack2_ws/install/as2_swarm_ci_fusion_people:/root/aerostack2_ws/install/rmf_demos_tasks:/root/aerostack2_ws/install/rmf_demos_panel:/root/aerostack2_ws/install/rmf_demos_fleet_adapter:/root/aerostack2_ws/install/rmf_demos_dashboard_resources:/root/aerostack2_ws/install/rmf_demos_bridges:/root/aerostack2_ws/install/rmf_demos_assets:/root/aerostack2_ws/install/as2_visualization:/root/aerostack2_ws/install/as2_swarm_perception:/root/aerostack2_ws/install/as2_swarm_fusion_ci:/root/aerostack2_ws/install/as2_swarm_ekf:/root/aerostack2_ws/install/as2_keyboard_teleoperation:/root/aerostack2_ws/install/as2_python_api:/root/aerostack2_ws/install/as2_project_bringup:/root/aerostack2_ws/install/as2_perception:/root/aerostack2_ws/install/as2_groundray_perception:/opt/ros/humble LD_LIBRARY_PATH=/root/aerostack2_ws/install/as2_core/lib:/root/aerostack2_ws/install/as2_msgs/lib:/root/aerostack2_ws/install/as2_swarm_person_interfaces/lib:/root/aerostack2_ws/install/as2_state_estimator/lib:/root/aerostack2_ws/install/as2_python_api/lib:/root/aerostack2_ws/install/as2_motion_controller/lib:/root/aerostack2_ws/install/as2_behaviors_trajectory_generation/lib:/root/aerostack2_ws/install/as2_behaviors_swarm_flocking/lib:/root/aerostack2_ws/install/as2_behaviors_motion/lib:/root/aerostack2_ws/install/as2_motion_reference_handlers/lib:/root/aerostack2_ws/install/as2_map_server/lib:/root/aerostack2_ws/install/as2_gazebo_assets/lib:/root/aerostack2_ws/install/as2_behaviors_perception/lib:/root/aerostack2_ws/install/as2_behaviors_path_planning/lib:/root/aerostack2_ws/install/as2_behavior_tree/lib:/root/aerostack2_ws/install/as2_behavior/lib:/opt/ros/humble/opt/rviz_ogre_vendor/lib:/opt/ros/humble/lib/x86_64-linux-gnu:/opt/ros/humble/lib /usr/bin/cmake --install /root/aerostack2_ws/build/as2_behavior_tree
[23.259s] Level 1:colcon.colcon_core.environment:checking '/root/aerostack2_ws/install/as2_behavior_tree' for CMake module files
[23.263s] Level 1:colcon.colcon_core.environment:checking '/root/aerostack2_ws/install/as2_behavior_tree' for CMake config files
[23.264s] Level 1:colcon.colcon_core.shell:create_environment_hook('as2_behavior_tree', 'cmake_prefix_path')
[23.266s] INFO:colcon.colcon_core.shell:Creating environment hook '/root/aerostack2_ws/install/as2_behavior_tree/share/as2_behavior_tree/hook/cmake_prefix_path.ps1'
[23.273s] INFO:colcon.colcon_core.shell:Creating environment descriptor '/root/aerostack2_ws/install/as2_behavior_tree/share/as2_behavior_tree/hook/cmake_prefix_path.dsv'
[23.278s] INFO:colcon.colcon_core.shell:Creating environment hook '/root/aerostack2_ws/install/as2_behavior_tree/share/as2_behavior_tree/hook/cmake_prefix_path.sh'
[23.279s] Level 1:colcon.colcon_core.environment:checking '/root/aerostack2_ws/install/as2_behavior_tree/lib'
[23.279s] Level 1:colcon.colcon_core.shell:create_environment_hook('as2_behavior_tree', 'ld_library_path_lib')
[23.280s] INFO:colcon.colcon_core.shell:Creating environment hook '/root/aerostack2_ws/install/as2_behavior_tree/share/as2_behavior_tree/hook/ld_library_path_lib.ps1'
[23.281s] INFO:colcon.colcon_core.shell:Creating environment descriptor '/root/aerostack2_ws/install/as2_behavior_tree/share/as2_behavior_tree/hook/ld_library_path_lib.dsv'
[23.284s] INFO:colcon.colcon_core.shell:Creating environment hook '/root/aerostack2_ws/install/as2_behavior_tree/share/as2_behavior_tree/hook/ld_library_path_lib.sh'
[23.290s] Level 1:colcon.colcon_core.environment:checking '/root/aerostack2_ws/install/as2_behavior_tree/bin'
[23.291s] Level 1:colcon.colcon_core.environment:checking '/root/aerostack2_ws/install/as2_behavior_tree/lib/pkgconfig/as2_behavior_tree.pc'
[23.291s] Level 1:colcon.colcon_core.environment:checking '/root/aerostack2_ws/install/as2_behavior_tree/lib/python3.10/site-packages'
[23.292s] Level 1:colcon.colcon_core.environment:checking '/root/aerostack2_ws/install/as2_behavior_tree/bin'
[23.292s] INFO:colcon.colcon_core.shell:Creating package script '/root/aerostack2_ws/install/as2_behavior_tree/share/as2_behavior_tree/package.ps1'
[23.297s] INFO:colcon.colcon_core.shell:Creating package descriptor '/root/aerostack2_ws/install/as2_behavior_tree/share/as2_behavior_tree/package.dsv'
[23.301s] INFO:colcon.colcon_core.shell:Creating package script '/root/aerostack2_ws/install/as2_behavior_tree/share/as2_behavior_tree/package.sh'
[23.302s] INFO:colcon.colcon_core.shell:Creating package script '/root/aerostack2_ws/install/as2_behavior_tree/share/as2_behavior_tree/package.bash'
[23.303s] INFO:colcon.colcon_core.shell:Creating package script '/root/aerostack2_ws/install/as2_behavior_tree/share/as2_behavior_tree/package.zsh'
[23.303s] Level 1:colcon.colcon_core.environment:create_file_with_runtime_dependencies(/root/aerostack2_ws/install/as2_behavior_tree/share/colcon-core/packages/as2_behavior_tree)
[23.304s] Level 1:colcon.colcon_core.environment:create_environment_scripts_only(as2_behavior_tree)
[23.315s] Level 1:colcon.colcon_core.environment:checking '/root/aerostack2_ws/install/as2_behavior_tree' for CMake module files
[23.328s] Level 1:colcon.colcon_core.environment:checking '/root/aerostack2_ws/install/as2_behavior_tree' for CMake config files
[23.329s] Level 1:colcon.colcon_core.shell:create_environment_hook('as2_behavior_tree', 'cmake_prefix_path')
[23.330s] INFO:colcon.colcon_core.shell:Creating environment hook '/root/aerostack2_ws/install/as2_behavior_tree/share/as2_behavior_tree/hook/cmake_prefix_path.ps1'
[23.332s] INFO:colcon.colcon_core.shell:Creating environment descriptor '/root/aerostack2_ws/install/as2_behavior_tree/share/as2_behavior_tree/hook/cmake_prefix_path.dsv'
[23.339s] INFO:colcon.colcon_core.shell:Creating environment hook '/root/aerostack2_ws/install/as2_behavior_tree/share/as2_behavior_tree/hook/cmake_prefix_path.sh'
[23.353s] Level 1:colcon.colcon_core.environment:checking '/root/aerostack2_ws/install/as2_behavior_tree/lib'
[23.354s] Level 1:colcon.colcon_core.shell:create_environment_hook('as2_behavior_tree', 'ld_library_path_lib')
[23.354s] INFO:colcon.colcon_core.shell:Creating environment hook '/root/aerostack2_ws/install/as2_behavior_tree/share/as2_behavior_tree/hook/ld_library_path_lib.ps1'
[23.355s] INFO:colcon.colcon_core.shell:Creating environment descriptor '/root/aerostack2_ws/install/as2_behavior_tree/share/as2_behavior_tree/hook/ld_library_path_lib.dsv'
[23.356s] INFO:colcon.colcon_core.shell:Creating environment hook '/root/aerostack2_ws/install/as2_behavior_tree/share/as2_behavior_tree/hook/ld_library_path_lib.sh'
[23.366s] Level 1:colcon.colcon_core.environment:checking '/root/aerostack2_ws/install/as2_behavior_tree/bin'
[23.367s] Level 1:colcon.colcon_core.environment:checking '/root/aerostack2_ws/install/as2_behavior_tree/lib/pkgconfig/as2_behavior_tree.pc'
[23.367s] Level 1:colcon.colcon_core.environment:checking '/root/aerostack2_ws/install/as2_behavior_tree/lib/python3.10/site-packages'
[23.369s] Level 1:colcon.colcon_core.environment:checking '/root/aerostack2_ws/install/as2_behavior_tree/bin'
[23.369s] INFO:colcon.colcon_core.shell:Creating package script '/root/aerostack2_ws/install/as2_behavior_tree/share/as2_behavior_tree/package.ps1'
[23.373s] INFO:colcon.colcon_core.shell:Creating package descriptor '/root/aerostack2_ws/install/as2_behavior_tree/share/as2_behavior_tree/package.dsv'
[23.383s] INFO:colcon.colcon_core.shell:Creating package script '/root/aerostack2_ws/install/as2_behavior_tree/share/as2_behavior_tree/package.sh'
[23.384s] INFO:colcon.colcon_core.shell:Creating package script '/root/aerostack2_ws/install/as2_behavior_tree/share/as2_behavior_tree/package.bash'
[23.389s] INFO:colcon.colcon_core.shell:Creating package script '/root/aerostack2_ws/install/as2_behavior_tree/share/as2_behavior_tree/package.zsh'
[23.392s] Level 1:colcon.colcon_core.environment:create_file_with_runtime_dependencies(/root/aerostack2_ws/install/as2_behavior_tree/share/colcon-core/packages/as2_behavior_tree)
[23.411s] DEBUG:colcon.colcon_core.event_handler.log_command:Invoked command in '/root/aerostack2_ws/build/as2_realsense_interface' returned '0': CMAKE_PREFIX_PATH=/root/aerostack2_ws/install/as2_core:/root/aerostack2_ws/install/as2_msgs:/root/aerostack2_ws/install/as2_swarm_person_interfaces:/root/aerostack2_ws/install/rmf_demos_gz_classic:/root/aerostack2_ws/install/rmf_demos_gz:/root/aerostack2_ws/install/rmf_demos:/root/aerostack2_ws/install/rmf_demos_maps:/root/aerostack2_ws/install/aerostack2:/root/aerostack2_ws/install/as2_usb_camera_interface:/root/aerostack2_ws/install/as2_state_estimator:/root/aerostack2_ws/install/as2_rviz_plugins:/root/aerostack2_ws/install/as2_realsense_interface:/root/aerostack2_ws/install/as2_platform_multirotor_simulator:/root/aerostack2_ws/install/as2_platform_gazebo:/root/aerostack2_ws/install/as2_motion_controller:/root/aerostack2_ws/install/as2_behaviors_trajectory_generation:/root/aerostack2_ws/install/as2_behaviors_swarm_flocking:/root/aerostack2_ws/install/as2_behaviors_motion:/root/aerostack2_ws/install/as2_motion_reference_handlers:/root/aerostack2_ws/install/as2_map_server:/root/aerostack2_ws/install/as2_geozones:/root/aerostack2_ws/install/as2_gazebo_assets:/root/aerostack2_ws/install/as2_external_object_to_tf:/root/aerostack2_ws/install/as2_behaviors_platform:/root/aerostack2_ws/install/as2_behaviors_perception:/root/aerostack2_ws/install/as2_behaviors_path_planning:/root/aerostack2_ws/install/as2_behavior_tree:/root/aerostack2_ws/install/as2_behavior:/root/aerostack2_ws/install/as2_alphanumeric_viewer:/root/aerostack2_ws/install/as2_cli:/root/aerostack2_ws/install/as2_swarm_person_tracking:/root/aerostack2_ws/install/as2_swarm_ci_fusion_people:/root/aerostack2_ws/install/rmf_demos_tasks:/root/aerostack2_ws/install/rmf_demos_panel:/root/aerostack2_ws/install/rmf_demos_fleet_adapter:/root/aerostack2_ws/install/rmf_demos_dashboard_resources:/root/aerostack2_ws/install/rmf_demos_bridges:/root/aerostack2_ws/install/rmf_demos_assets:/root/aerostack2_ws/install/as2_visualization:/root/aerostack2_ws/install/as2_swarm_perception:/root/aerostack2_ws/install/as2_swarm_fusion_ci:/root/aerostack2_ws/install/as2_swarm_ekf:/root/aerostack2_ws/install/as2_keyboard_teleoperation:/root/aerostack2_ws/install/as2_python_api:/root/aerostack2_ws/install/as2_project_bringup:/root/aerostack2_ws/install/as2_perception:/root/aerostack2_ws/install/as2_groundray_perception:/opt/ros/humble LD_LIBRARY_PATH=/root/aerostack2_ws/install/as2_core/lib:/root/aerostack2_ws/install/as2_msgs/lib:/root/aerostack2_ws/install/as2_swarm_person_interfaces/lib:/root/aerostack2_ws/install/as2_state_estimator/lib:/root/aerostack2_ws/install/as2_python_api/lib:/root/aerostack2_ws/install/as2_motion_controller/lib:/root/aerostack2_ws/install/as2_behaviors_trajectory_generation/lib:/root/aerostack2_ws/install/as2_behaviors_swarm_flocking/lib:/root/aerostack2_ws/install/as2_behaviors_motion/lib:/root/aerostack2_ws/install/as2_motion_reference_handlers/lib:/root/aerostack2_ws/install/as2_map_server/lib:/root/aerostack2_ws/install/as2_gazebo_assets/lib:/root/aerostack2_ws/install/as2_behaviors_perception/lib:/root/aerostack2_ws/install/as2_behaviors_path_planning/lib:/root/aerostack2_ws/install/as2_behavior_tree/lib:/root/aerostack2_ws/install/as2_behavior/lib:/opt/ros/humble/opt/rviz_ogre_vendor/lib:/opt/ros/humble/lib/x86_64-linux-gnu:/opt/ros/humble/lib /usr/bin/cmake --build /root/aerostack2_ws/build/as2_realsense_interface -- -j8 -l8
[23.413s] DEBUG:colcon.colcon_core.event_handler.log_command:Invoking command in '/root/aerostack2_ws/build/as2_realsense_interface': CMAKE_PREFIX_PATH=/root/aerostack2_ws/install/as2_core:/root/aerostack2_ws/install/as2_msgs:/root/aerostack2_ws/install/as2_swarm_person_interfaces:/root/aerostack2_ws/install/rmf_demos_gz_classic:/root/aerostack2_ws/install/rmf_demos_gz:/root/aerostack2_ws/install/rmf_demos:/root/aerostack2_ws/install/rmf_demos_maps:/root/aerostack2_ws/install/aerostack2:/root/aerostack2_ws/install/as2_usb_camera_interface:/root/aerostack2_ws/install/as2_state_estimator:/root/aerostack2_ws/install/as2_rviz_plugins:/root/aerostack2_ws/install/as2_realsense_interface:/root/aerostack2_ws/install/as2_platform_multirotor_simulator:/root/aerostack2_ws/install/as2_platform_gazebo:/root/aerostack2_ws/install/as2_motion_controller:/root/aerostack2_ws/install/as2_behaviors_trajectory_generation:/root/aerostack2_ws/install/as2_behaviors_swarm_flocking:/root/aerostack2_ws/install/as2_behaviors_motion:/root/aerostack2_ws/install/as2_motion_reference_handlers:/root/aerostack2_ws/install/as2_map_server:/root/aerostack2_ws/install/as2_geozones:/root/aerostack2_ws/install/as2_gazebo_assets:/root/aerostack2_ws/install/as2_external_object_to_tf:/root/aerostack2_ws/install/as2_behaviors_platform:/root/aerostack2_ws/install/as2_behaviors_perception:/root/aerostack2_ws/install/as2_behaviors_path_planning:/root/aerostack2_ws/install/as2_behavior_tree:/root/aerostack2_ws/install/as2_behavior:/root/aerostack2_ws/install/as2_alphanumeric_viewer:/root/aerostack2_ws/install/as2_cli:/root/aerostack2_ws/install/as2_swarm_person_tracking:/root/aerostack2_ws/install/as2_swarm_ci_fusion_people:/root/aerostack2_ws/install/rmf_demos_tasks:/root/aerostack2_ws/install/rmf_demos_panel:/root/aerostack2_ws/install/rmf_demos_fleet_adapter:/root/aerostack2_ws/install/rmf_demos_dashboard_resources:/root/aerostack2_ws/install/rmf_demos_bridges:/root/aerostack2_ws/install/rmf_demos_assets:/root/aerostack2_ws/install/as2_visualization:/root/aerostack2_ws/install/as2_swarm_perception:/root/aerostack2_ws/install/as2_swarm_fusion_ci:/root/aerostack2_ws/install/as2_swarm_ekf:/root/aerostack2_ws/install/as2_keyboard_teleoperation:/root/aerostack2_ws/install/as2_python_api:/root/aerostack2_ws/install/as2_project_bringup:/root/aerostack2_ws/install/as2_perception:/root/aerostack2_ws/install/as2_groundray_perception:/opt/ros/humble LD_LIBRARY_PATH=/root/aerostack2_ws/install/as2_core/lib:/root/aerostack2_ws/install/as2_msgs/lib:/root/aerostack2_ws/install/as2_swarm_person_interfaces/lib:/root/aerostack2_ws/install/as2_state_estimator/lib:/root/aerostack2_ws/install/as2_python_api/lib:/root/aerostack2_ws/install/as2_motion_controller/lib:/root/aerostack2_ws/install/as2_behaviors_trajectory_generation/lib:/root/aerostack2_ws/install/as2_behaviors_swarm_flocking/lib:/root/aerostack2_ws/install/as2_behaviors_motion/lib:/root/aerostack2_ws/install/as2_motion_reference_handlers/lib:/root/aerostack2_ws/install/as2_map_server/lib:/root/aerostack2_ws/install/as2_gazebo_assets/lib:/root/aerostack2_ws/install/as2_behaviors_perception/lib:/root/aerostack2_ws/install/as2_behaviors_path_planning/lib:/root/aerostack2_ws/install/as2_behavior_tree/lib:/root/aerostack2_ws/install/as2_behavior/lib:/opt/ros/humble/opt/rviz_ogre_vendor/lib:/opt/ros/humble/lib/x86_64-linux-gnu:/opt/ros/humble/lib /usr/bin/cmake --install /root/aerostack2_ws/build/as2_realsense_interface
[23.425s] INFO:colcon.colcon_ros.task.ament_cmake.build:Building ROS package in '/root/aerostack2_ws/src/aerostack2/as2_behaviors/as2_behaviors_path_planning' with build type 'ament_cmake'
[23.426s] INFO:colcon.colcon_cmake.task.cmake.build:Building CMake package in '/root/aerostack2_ws/src/aerostack2/as2_behaviors/as2_behaviors_path_planning'
[23.426s] INFO:colcon.colcon_core.shell:Skip shell extension 'powershell' for command environment: Not usable outside of PowerShell
[23.426s] DEBUG:colcon.colcon_core.shell:Skip shell extension 'dsv' for command environment
[23.488s] INFO:colcon.colcon_ros.task.ament_cmake.build:Building ROS package in '/root/aerostack2_ws/src/aerostack2/as2_behaviors/as2_behaviors_perception' with build type 'ament_cmake'
[23.494s] INFO:colcon.colcon_cmake.task.cmake.build:Building CMake package in '/root/aerostack2_ws/src/aerostack2/as2_behaviors/as2_behaviors_perception'
[23.496s] INFO:colcon.colcon_core.shell:Skip shell extension 'powershell' for command environment: Not usable outside of PowerShell
[23.496s] DEBUG:colcon.colcon_core.shell:Skip shell extension 'dsv' for command environment
[23.537s] DEBUG:colcon.colcon_core.event_handler.log_command:Invoked command in '/root/aerostack2_ws/build/as2_usb_camera_interface' returned '0': CMAKE_PREFIX_PATH=/root/aerostack2_ws/install/as2_core:/root/aerostack2_ws/install/as2_msgs:/root/aerostack2_ws/install/as2_swarm_person_interfaces:/root/aerostack2_ws/install/rmf_demos_gz_classic:/root/aerostack2_ws/install/rmf_demos_gz:/root/aerostack2_ws/install/rmf_demos:/root/aerostack2_ws/install/rmf_demos_maps:/root/aerostack2_ws/install/aerostack2:/root/aerostack2_ws/install/as2_usb_camera_interface:/root/aerostack2_ws/install/as2_state_estimator:/root/aerostack2_ws/install/as2_rviz_plugins:/root/aerostack2_ws/install/as2_realsense_interface:/root/aerostack2_ws/install/as2_platform_multirotor_simulator:/root/aerostack2_ws/install/as2_platform_gazebo:/root/aerostack2_ws/install/as2_motion_controller:/root/aerostack2_ws/install/as2_behaviors_trajectory_generation:/root/aerostack2_ws/install/as2_behaviors_swarm_flocking:/root/aerostack2_ws/install/as2_behaviors_motion:/root/aerostack2_ws/install/as2_motion_reference_handlers:/root/aerostack2_ws/install/as2_map_server:/root/aerostack2_ws/install/as2_geozones:/root/aerostack2_ws/install/as2_gazebo_assets:/root/aerostack2_ws/install/as2_external_object_to_tf:/root/aerostack2_ws/install/as2_behaviors_platform:/root/aerostack2_ws/install/as2_behaviors_perception:/root/aerostack2_ws/install/as2_behaviors_path_planning:/root/aerostack2_ws/install/as2_behavior_tree:/root/aerostack2_ws/install/as2_behavior:/root/aerostack2_ws/install/as2_alphanumeric_viewer:/root/aerostack2_ws/install/as2_cli:/root/aerostack2_ws/install/as2_swarm_person_tracking:/root/aerostack2_ws/install/as2_swarm_ci_fusion_people:/root/aerostack2_ws/install/rmf_demos_tasks:/root/aerostack2_ws/install/rmf_demos_panel:/root/aerostack2_ws/install/rmf_demos_fleet_adapter:/root/aerostack2_ws/install/rmf_demos_dashboard_resources:/root/aerostack2_ws/install/rmf_demos_bridges:/root/aerostack2_ws/install/rmf_demos_assets:/root/aerostack2_ws/install/as2_visualization:/root/aerostack2_ws/install/as2_swarm_perception:/root/aerostack2_ws/install/as2_swarm_fusion_ci:/root/aerostack2_ws/install/as2_swarm_ekf:/root/aerostack2_ws/install/as2_keyboard_teleoperation:/root/aerostack2_ws/install/as2_python_api:/root/aerostack2_ws/install/as2_project_bringup:/root/aerostack2_ws/install/as2_perception:/root/aerostack2_ws/install/as2_groundray_perception:/opt/ros/humble LD_LIBRARY_PATH=/root/aerostack2_ws/install/as2_core/lib:/root/aerostack2_ws/install/as2_msgs/lib:/root/aerostack2_ws/install/as2_swarm_person_interfaces/lib:/root/aerostack2_ws/install/as2_state_estimator/lib:/root/aerostack2_ws/install/as2_python_api/lib:/root/aerostack2_ws/install/as2_motion_controller/lib:/root/aerostack2_ws/install/as2_behaviors_trajectory_generation/lib:/root/aerostack2_ws/install/as2_behaviors_swarm_flocking/lib:/root/aerostack2_ws/install/as2_behaviors_motion/lib:/root/aerostack2_ws/install/as2_motion_reference_handlers/lib:/root/aerostack2_ws/install/as2_map_server/lib:/root/aerostack2_ws/install/as2_gazebo_assets/lib:/root/aerostack2_ws/install/as2_behaviors_perception/lib:/root/aerostack2_ws/install/as2_behaviors_path_planning/lib:/root/aerostack2_ws/install/as2_behavior_tree/lib:/root/aerostack2_ws/install/as2_behavior/lib:/opt/ros/humble/opt/rviz_ogre_vendor/lib:/opt/ros/humble/lib/x86_64-linux-gnu:/opt/ros/humble/lib /usr/bin/cmake --build /root/aerostack2_ws/build/as2_usb_camera_interface -- -j8 -l8
[23.554s] DEBUG:colcon.colcon_core.event_handler.log_command:Invoking command in '/root/aerostack2_ws/build/as2_usb_camera_interface': CMAKE_PREFIX_PATH=/root/aerostack2_ws/install/as2_core:/root/aerostack2_ws/install/as2_msgs:/root/aerostack2_ws/install/as2_swarm_person_interfaces:/root/aerostack2_ws/install/rmf_demos_gz_classic:/root/aerostack2_ws/install/rmf_demos_gz:/root/aerostack2_ws/install/rmf_demos:/root/aerostack2_ws/install/rmf_demos_maps:/root/aerostack2_ws/install/aerostack2:/root/aerostack2_ws/install/as2_usb_camera_interface:/root/aerostack2_ws/install/as2_state_estimator:/root/aerostack2_ws/install/as2_rviz_plugins:/root/aerostack2_ws/install/as2_realsense_interface:/root/aerostack2_ws/install/as2_platform_multirotor_simulator:/root/aerostack2_ws/install/as2_platform_gazebo:/root/aerostack2_ws/install/as2_motion_controller:/root/aerostack2_ws/install/as2_behaviors_trajectory_generation:/root/aerostack2_ws/install/as2_behaviors_swarm_flocking:/root/aerostack2_ws/install/as2_behaviors_motion:/root/aerostack2_ws/install/as2_motion_reference_handlers:/root/aerostack2_ws/install/as2_map_server:/root/aerostack2_ws/install/as2_geozones:/root/aerostack2_ws/install/as2_gazebo_assets:/root/aerostack2_ws/install/as2_external_object_to_tf:/root/aerostack2_ws/install/as2_behaviors_platform:/root/aerostack2_ws/install/as2_behaviors_perception:/root/aerostack2_ws/install/as2_behaviors_path_planning:/root/aerostack2_ws/install/as2_behavior_tree:/root/aerostack2_ws/install/as2_behavior:/root/aerostack2_ws/install/as2_alphanumeric_viewer:/root/aerostack2_ws/install/as2_cli:/root/aerostack2_ws/install/as2_swarm_person_tracking:/root/aerostack2_ws/install/as2_swarm_ci_fusion_people:/root/aerostack2_ws/install/rmf_demos_tasks:/root/aerostack2_ws/install/rmf_demos_panel:/root/aerostack2_ws/install/rmf_demos_fleet_adapter:/root/aerostack2_ws/install/rmf_demos_dashboard_resources:/root/aerostack2_ws/install/rmf_demos_bridges:/root/aerostack2_ws/install/rmf_demos_assets:/root/aerostack2_ws/install/as2_visualization:/root/aerostack2_ws/install/as2_swarm_perception:/root/aerostack2_ws/install/as2_swarm_fusion_ci:/root/aerostack2_ws/install/as2_swarm_ekf:/root/aerostack2_ws/install/as2_keyboard_teleoperation:/root/aerostack2_ws/install/as2_python_api:/root/aerostack2_ws/install/as2_project_bringup:/root/aerostack2_ws/install/as2_perception:/root/aerostack2_ws/install/as2_groundray_perception:/opt/ros/humble LD_LIBRARY_PATH=/root/aerostack2_ws/install/as2_core/lib:/root/aerostack2_ws/install/as2_msgs/lib:/root/aerostack2_ws/install/as2_swarm_person_interfaces/lib:/root/aerostack2_ws/install/as2_state_estimator/lib:/root/aerostack2_ws/install/as2_python_api/lib:/root/aerostack2_ws/install/as2_motion_controller/lib:/root/aerostack2_ws/install/as2_behaviors_trajectory_generation/lib:/root/aerostack2_ws/install/as2_behaviors_swarm_flocking/lib:/root/aerostack2_ws/install/as2_behaviors_motion/lib:/root/aerostack2_ws/install/as2_motion_reference_handlers/lib:/root/aerostack2_ws/install/as2_map_server/lib:/root/aerostack2_ws/install/as2_gazebo_assets/lib:/root/aerostack2_ws/install/as2_behaviors_perception/lib:/root/aerostack2_ws/install/as2_behaviors_path_planning/lib:/root/aerostack2_ws/install/as2_behavior_tree/lib:/root/aerostack2_ws/install/as2_behavior/lib:/opt/ros/humble/opt/rviz_ogre_vendor/lib:/opt/ros/humble/lib/x86_64-linux-gnu:/opt/ros/humble/lib /usr/bin/cmake --install /root/aerostack2_ws/build/as2_usb_camera_interface
[23.555s] Level 1:colcon.colcon_core.environment:create_environment_scripts_only(as2_realsense_interface)
[23.556s] DEBUG:colcon.colcon_core.event_handler.log_command:Invoked command in '/root/aerostack2_ws/build/as2_realsense_interface' returned '0': CMAKE_PREFIX_PATH=/root/aerostack2_ws/install/as2_core:/root/aerostack2_ws/install/as2_msgs:/root/aerostack2_ws/install/as2_swarm_person_interfaces:/root/aerostack2_ws/install/rmf_demos_gz_classic:/root/aerostack2_ws/install/rmf_demos_gz:/root/aerostack2_ws/install/rmf_demos:/root/aerostack2_ws/install/rmf_demos_maps:/root/aerostack2_ws/install/aerostack2:/root/aerostack2_ws/install/as2_usb_camera_interface:/root/aerostack2_ws/install/as2_state_estimator:/root/aerostack2_ws/install/as2_rviz_plugins:/root/aerostack2_ws/install/as2_realsense_interface:/root/aerostack2_ws/install/as2_platform_multirotor_simulator:/root/aerostack2_ws/install/as2_platform_gazebo:/root/aerostack2_ws/install/as2_motion_controller:/root/aerostack2_ws/install/as2_behaviors_trajectory_generation:/root/aerostack2_ws/install/as2_behaviors_swarm_flocking:/root/aerostack2_ws/install/as2_behaviors_motion:/root/aerostack2_ws/install/as2_motion_reference_handlers:/root/aerostack2_ws/install/as2_map_server:/root/aerostack2_ws/install/as2_geozones:/root/aerostack2_ws/install/as2_gazebo_assets:/root/aerostack2_ws/install/as2_external_object_to_tf:/root/aerostack2_ws/install/as2_behaviors_platform:/root/aerostack2_ws/install/as2_behaviors_perception:/root/aerostack2_ws/install/as2_behaviors_path_planning:/root/aerostack2_ws/install/as2_behavior_tree:/root/aerostack2_ws/install/as2_behavior:/root/aerostack2_ws/install/as2_alphanumeric_viewer:/root/aerostack2_ws/install/as2_cli:/root/aerostack2_ws/install/as2_swarm_person_tracking:/root/aerostack2_ws/install/as2_swarm_ci_fusion_people:/root/aerostack2_ws/install/rmf_demos_tasks:/root/aerostack2_ws/install/rmf_demos_panel:/root/aerostack2_ws/install/rmf_demos_fleet_adapter:/root/aerostack2_ws/install/rmf_demos_dashboard_resources:/root/aerostack2_ws/install/rmf_demos_bridges:/root/aerostack2_ws/install/rmf_demos_assets:/root/aerostack2_ws/install/as2_visualization:/root/aerostack2_ws/install/as2_swarm_perception:/root/aerostack2_ws/install/as2_swarm_fusion_ci:/root/aerostack2_ws/install/as2_swarm_ekf:/root/aerostack2_ws/install/as2_keyboard_teleoperation:/root/aerostack2_ws/install/as2_python_api:/root/aerostack2_ws/install/as2_project_bringup:/root/aerostack2_ws/install/as2_perception:/root/aerostack2_ws/install/as2_groundray_perception:/opt/ros/humble LD_LIBRARY_PATH=/root/aerostack2_ws/install/as2_core/lib:/root/aerostack2_ws/install/as2_msgs/lib:/root/aerostack2_ws/install/as2_swarm_person_interfaces/lib:/root/aerostack2_ws/install/as2_state_estimator/lib:/root/aerostack2_ws/install/as2_python_api/lib:/root/aerostack2_ws/install/as2_motion_controller/lib:/root/aerostack2_ws/install/as2_behaviors_trajectory_generation/lib:/root/aerostack2_ws/install/as2_behaviors_swarm_flocking/lib:/root/aerostack2_ws/install/as2_behaviors_motion/lib:/root/aerostack2_ws/install/as2_motion_reference_handlers/lib:/root/aerostack2_ws/install/as2_map_server/lib:/root/aerostack2_ws/install/as2_gazebo_assets/lib:/root/aerostack2_ws/install/as2_behaviors_perception/lib:/root/aerostack2_ws/install/as2_behaviors_path_planning/lib:/root/aerostack2_ws/install/as2_behavior_tree/lib:/root/aerostack2_ws/install/as2_behavior/lib:/opt/ros/humble/opt/rviz_ogre_vendor/lib:/opt/ros/humble/lib/x86_64-linux-gnu:/opt/ros/humble/lib /usr/bin/cmake --install /root/aerostack2_ws/build/as2_realsense_interface
[23.556s] Level 1:colcon.colcon_core.environment:checking '/root/aerostack2_ws/install/as2_realsense_interface' for CMake module files
[23.557s] Level 1:colcon.colcon_core.environment:checking '/root/aerostack2_ws/install/as2_realsense_interface' for CMake config files
[23.557s] Level 1:colcon.colcon_core.shell:create_environment_hook('as2_realsense_interface', 'cmake_prefix_path')
[23.557s] INFO:colcon.colcon_core.shell:Creating environment hook '/root/aerostack2_ws/install/as2_realsense_interface/share/as2_realsense_interface/hook/cmake_prefix_path.ps1'
[23.558s] INFO:colcon.colcon_core.shell:Creating environment descriptor '/root/aerostack2_ws/install/as2_realsense_interface/share/as2_realsense_interface/hook/cmake_prefix_path.dsv'
[23.558s] INFO:colcon.colcon_core.shell:Creating environment hook '/root/aerostack2_ws/install/as2_realsense_interface/share/as2_realsense_interface/hook/cmake_prefix_path.sh'
[23.559s] Level 1:colcon.colcon_core.environment:checking '/root/aerostack2_ws/install/as2_realsense_interface/lib'
[23.560s] Level 1:colcon.colcon_core.environment:checking '/root/aerostack2_ws/install/as2_realsense_interface/bin'
[23.560s] Level 1:colcon.colcon_core.environment:checking '/root/aerostack2_ws/install/as2_realsense_interface/lib/pkgconfig/as2_realsense_interface.pc'
[23.560s] Level 1:colcon.colcon_core.environment:checking '/root/aerostack2_ws/install/as2_realsense_interface/lib/python3.10/site-packages'
[23.561s] Level 1:colcon.colcon_core.environment:checking '/root/aerostack2_ws/install/as2_realsense_interface/bin'
[23.561s] INFO:colcon.colcon_core.shell:Creating package script '/root/aerostack2_ws/install/as2_realsense_interface/share/as2_realsense_interface/package.ps1'
[23.562s] INFO:colcon.colcon_core.shell:Creating package descriptor '/root/aerostack2_ws/install/as2_realsense_interface/share/as2_realsense_interface/package.dsv'
[23.562s] INFO:colcon.colcon_core.shell:Creating package script '/root/aerostack2_ws/install/as2_realsense_interface/share/as2_realsense_interface/package.sh'
[23.563s] INFO:colcon.colcon_core.shell:Creating package script '/root/aerostack2_ws/install/as2_realsense_interface/share/as2_realsense_interface/package.bash'
[23.564s] INFO:colcon.colcon_core.shell:Creating package script '/root/aerostack2_ws/install/as2_realsense_interface/share/as2_realsense_interface/package.zsh'
[23.564s] Level 1:colcon.colcon_core.environment:create_file_with_runtime_dependencies(/root/aerostack2_ws/install/as2_realsense_interface/share/colcon-core/packages/as2_realsense_interface)
[23.565s] Level 1:colcon.colcon_core.environment:create_environment_scripts_only(as2_realsense_interface)
[23.566s] Level 1:colcon.colcon_core.environment:checking '/root/aerostack2_ws/install/as2_realsense_interface' for CMake module files
[23.567s] Level 1:colcon.colcon_core.environment:checking '/root/aerostack2_ws/install/as2_realsense_interface' for CMake config files
[23.567s] Level 1:colcon.colcon_core.shell:create_environment_hook('as2_realsense_interface', 'cmake_prefix_path')
[23.567s] INFO:colcon.colcon_core.shell:Creating environment hook '/root/aerostack2_ws/install/as2_realsense_interface/share/as2_realsense_interface/hook/cmake_prefix_path.ps1'
[23.568s] INFO:colcon.colcon_core.shell:Creating environment descriptor '/root/aerostack2_ws/install/as2_realsense_interface/share/as2_realsense_interface/hook/cmake_prefix_path.dsv'
[23.569s] INFO:colcon.colcon_core.shell:Creating environment hook '/root/aerostack2_ws/install/as2_realsense_interface/share/as2_realsense_interface/hook/cmake_prefix_path.sh'
[23.570s] Level 1:colcon.colcon_core.environment:checking '/root/aerostack2_ws/install/as2_realsense_interface/lib'
[23.570s] Level 1:colcon.colcon_core.environment:checking '/root/aerostack2_ws/install/as2_realsense_interface/bin'
[23.570s] Level 1:colcon.colcon_core.environment:checking '/root/aerostack2_ws/install/as2_realsense_interface/lib/pkgconfig/as2_realsense_interface.pc'
[23.570s] Level 1:colcon.colcon_core.environment:checking '/root/aerostack2_ws/install/as2_realsense_interface/lib/python3.10/site-packages'
[23.571s] Level 1:colcon.colcon_core.environment:checking '/root/aerostack2_ws/install/as2_realsense_interface/bin'
[23.571s] INFO:colcon.colcon_core.shell:Creating package script '/root/aerostack2_ws/install/as2_realsense_interface/share/as2_realsense_interface/package.ps1'
[23.573s] INFO:colcon.colcon_core.shell:Creating package descriptor '/root/aerostack2_ws/install/as2_realsense_interface/share/as2_realsense_interface/package.dsv'
[23.573s] INFO:colcon.colcon_core.shell:Creating package script '/root/aerostack2_ws/install/as2_realsense_interface/share/as2_realsense_interface/package.sh'
[23.574s] INFO:colcon.colcon_core.shell:Creating package script '/root/aerostack2_ws/install/as2_realsense_interface/share/as2_realsense_interface/package.bash'
[23.575s] INFO:colcon.colcon_core.shell:Creating package script '/root/aerostack2_ws/install/as2_realsense_interface/share/as2_realsense_interface/package.zsh'
[23.576s] Level 1:colcon.colcon_core.environment:create_file_with_runtime_dependencies(/root/aerostack2_ws/install/as2_realsense_interface/share/colcon-core/packages/as2_realsense_interface)
[23.577s] INFO:colcon.colcon_ros.task.ament_cmake.build:Building ROS package in '/root/aerostack2_ws/src/aerostack2/as2_behaviors/as2_behaviors_platform' with build type 'ament_cmake'
[23.577s] INFO:colcon.colcon_cmake.task.cmake.build:Building CMake package in '/root/aerostack2_ws/src/aerostack2/as2_behaviors/as2_behaviors_platform'
[23.578s] INFO:colcon.colcon_core.shell:Skip shell extension 'powershell' for command environment: Not usable outside of PowerShell
[23.578s] DEBUG:colcon.colcon_core.shell:Skip shell extension 'dsv' for command environment
[23.635s] DEBUG:colcon.colcon_core.event_handler.log_command:Invoking command in '/root/aerostack2_ws/build/as2_behaviors_perception': CMAKE_PREFIX_PATH=/root/aerostack2_ws/install/as2_behavior:/root/aerostack2_ws/install/as2_core:/root/aerostack2_ws/install/as2_msgs:/root/aerostack2_ws/install/as2_swarm_person_interfaces:/root/aerostack2_ws/install/rmf_demos_gz_classic:/root/aerostack2_ws/install/rmf_demos_gz:/root/aerostack2_ws/install/rmf_demos:/root/aerostack2_ws/install/rmf_demos_maps:/root/aerostack2_ws/install/aerostack2:/root/aerostack2_ws/install/as2_usb_camera_interface:/root/aerostack2_ws/install/as2_state_estimator:/root/aerostack2_ws/install/as2_rviz_plugins:/root/aerostack2_ws/install/as2_realsense_interface:/root/aerostack2_ws/install/as2_platform_multirotor_simulator:/root/aerostack2_ws/install/as2_platform_gazebo:/root/aerostack2_ws/install/as2_motion_controller:/root/aerostack2_ws/install/as2_behaviors_trajectory_generation:/root/aerostack2_ws/install/as2_behaviors_swarm_flocking:/root/aerostack2_ws/install/as2_behaviors_motion:/root/aerostack2_ws/install/as2_motion_reference_handlers:/root/aerostack2_ws/install/as2_map_server:/root/aerostack2_ws/install/as2_geozones:/root/aerostack2_ws/install/as2_gazebo_assets:/root/aerostack2_ws/install/as2_external_object_to_tf:/root/aerostack2_ws/install/as2_behaviors_platform:/root/aerostack2_ws/install/as2_behaviors_perception:/root/aerostack2_ws/install/as2_behaviors_path_planning:/root/aerostack2_ws/install/as2_behavior_tree:/root/aerostack2_ws/install/as2_alphanumeric_viewer:/root/aerostack2_ws/install/as2_cli:/root/aerostack2_ws/install/as2_swarm_person_tracking:/root/aerostack2_ws/install/as2_swarm_ci_fusion_people:/root/aerostack2_ws/install/rmf_demos_tasks:/root/aerostack2_ws/install/rmf_demos_panel:/root/aerostack2_ws/install/rmf_demos_fleet_adapter:/root/aerostack2_ws/install/rmf_demos_dashboard_resources:/root/aerostack2_ws/install/rmf_demos_bridges:/root/aerostack2_ws/install/rmf_demos_assets:/root/aerostack2_ws/install/as2_visualization:/root/aerostack2_ws/install/as2_swarm_perception:/root/aerostack2_ws/install/as2_swarm_fusion_ci:/root/aerostack2_ws/install/as2_swarm_ekf:/root/aerostack2_ws/install/as2_keyboard_teleoperation:/root/aerostack2_ws/install/as2_python_api:/root/aerostack2_ws/install/as2_project_bringup:/root/aerostack2_ws/install/as2_perception:/root/aerostack2_ws/install/as2_groundray_perception:/opt/ros/humble LD_LIBRARY_PATH=/root/aerostack2_ws/install/as2_behavior/lib:/root/aerostack2_ws/install/as2_core/lib:/root/aerostack2_ws/install/as2_msgs/lib:/root/aerostack2_ws/install/as2_swarm_person_interfaces/lib:/root/aerostack2_ws/install/as2_state_estimator/lib:/root/aerostack2_ws/install/as2_python_api/lib:/root/aerostack2_ws/install/as2_motion_controller/lib:/root/aerostack2_ws/install/as2_behaviors_trajectory_generation/lib:/root/aerostack2_ws/install/as2_behaviors_swarm_flocking/lib:/root/aerostack2_ws/install/as2_behaviors_motion/lib:/root/aerostack2_ws/install/as2_motion_reference_handlers/lib:/root/aerostack2_ws/install/as2_map_server/lib:/root/aerostack2_ws/install/as2_gazebo_assets/lib:/root/aerostack2_ws/install/as2_behaviors_perception/lib:/root/aerostack2_ws/install/as2_behaviors_path_planning/lib:/root/aerostack2_ws/install/as2_behavior_tree/lib:/opt/ros/humble/opt/rviz_ogre_vendor/lib:/opt/ros/humble/lib/x86_64-linux-gnu:/opt/ros/humble/lib /usr/bin/cmake --build /root/aerostack2_ws/build/as2_behaviors_perception -- -j8 -l8
[23.644s] DEBUG:colcon.colcon_core.event_handler.log_command:Invoking command in '/root/aerostack2_ws/build/as2_behaviors_path_planning': CMAKE_PREFIX_PATH=/root/aerostack2_ws/install/as2_behavior:/root/aerostack2_ws/install/as2_core:/root/aerostack2_ws/install/as2_msgs:/root/aerostack2_ws/install/as2_swarm_person_interfaces:/root/aerostack2_ws/install/rmf_demos_gz_classic:/root/aerostack2_ws/install/rmf_demos_gz:/root/aerostack2_ws/install/rmf_demos:/root/aerostack2_ws/install/rmf_demos_maps:/root/aerostack2_ws/install/aerostack2:/root/aerostack2_ws/install/as2_usb_camera_interface:/root/aerostack2_ws/install/as2_state_estimator:/root/aerostack2_ws/install/as2_rviz_plugins:/root/aerostack2_ws/install/as2_realsense_interface:/root/aerostack2_ws/install/as2_platform_multirotor_simulator:/root/aerostack2_ws/install/as2_platform_gazebo:/root/aerostack2_ws/install/as2_motion_controller:/root/aerostack2_ws/install/as2_behaviors_trajectory_generation:/root/aerostack2_ws/install/as2_behaviors_swarm_flocking:/root/aerostack2_ws/install/as2_behaviors_motion:/root/aerostack2_ws/install/as2_motion_reference_handlers:/root/aerostack2_ws/install/as2_map_server:/root/aerostack2_ws/install/as2_geozones:/root/aerostack2_ws/install/as2_gazebo_assets:/root/aerostack2_ws/install/as2_external_object_to_tf:/root/aerostack2_ws/install/as2_behaviors_platform:/root/aerostack2_ws/install/as2_behaviors_perception:/root/aerostack2_ws/install/as2_behaviors_path_planning:/root/aerostack2_ws/install/as2_behavior_tree:/root/aerostack2_ws/install/as2_alphanumeric_viewer:/root/aerostack2_ws/install/as2_cli:/root/aerostack2_ws/install/as2_swarm_person_tracking:/root/aerostack2_ws/install/as2_swarm_ci_fusion_people:/root/aerostack2_ws/install/rmf_demos_tasks:/root/aerostack2_ws/install/rmf_demos_panel:/root/aerostack2_ws/install/rmf_demos_fleet_adapter:/root/aerostack2_ws/install/rmf_demos_dashboard_resources:/root/aerostack2_ws/install/rmf_demos_bridges:/root/aerostack2_ws/install/rmf_demos_assets:/root/aerostack2_ws/install/as2_visualization:/root/aerostack2_ws/install/as2_swarm_perception:/root/aerostack2_ws/install/as2_swarm_fusion_ci:/root/aerostack2_ws/install/as2_swarm_ekf:/root/aerostack2_ws/install/as2_keyboard_teleoperation:/root/aerostack2_ws/install/as2_python_api:/root/aerostack2_ws/install/as2_project_bringup:/root/aerostack2_ws/install/as2_perception:/root/aerostack2_ws/install/as2_groundray_perception:/opt/ros/humble LD_LIBRARY_PATH=/root/aerostack2_ws/install/as2_behavior/lib:/root/aerostack2_ws/install/as2_core/lib:/root/aerostack2_ws/install/as2_msgs/lib:/root/aerostack2_ws/install/as2_swarm_person_interfaces/lib:/root/aerostack2_ws/install/as2_state_estimator/lib:/root/aerostack2_ws/install/as2_python_api/lib:/root/aerostack2_ws/install/as2_motion_controller/lib:/root/aerostack2_ws/install/as2_behaviors_trajectory_generation/lib:/root/aerostack2_ws/install/as2_behaviors_swarm_flocking/lib:/root/aerostack2_ws/install/as2_behaviors_motion/lib:/root/aerostack2_ws/install/as2_motion_reference_handlers/lib:/root/aerostack2_ws/install/as2_map_server/lib:/root/aerostack2_ws/install/as2_gazebo_assets/lib:/root/aerostack2_ws/install/as2_behaviors_perception/lib:/root/aerostack2_ws/install/as2_behaviors_path_planning/lib:/root/aerostack2_ws/install/as2_behavior_tree/lib:/opt/ros/humble/opt/rviz_ogre_vendor/lib:/opt/ros/humble/lib/x86_64-linux-gnu:/opt/ros/humble/lib /usr/bin/cmake --build /root/aerostack2_ws/build/as2_behaviors_path_planning -- -j8 -l8
[23.647s] Level 1:colcon.colcon_core.environment:create_environment_scripts_only(as2_usb_camera_interface)
[23.647s] Level 1:colcon.colcon_core.environment:checking '/root/aerostack2_ws/install/as2_usb_camera_interface' for CMake module files
[23.648s] Level 1:colcon.colcon_core.environment:checking '/root/aerostack2_ws/install/as2_usb_camera_interface' for CMake config files
[23.648s] Level 1:colcon.colcon_core.shell:create_environment_hook('as2_usb_camera_interface', 'cmake_prefix_path')
[23.648s] INFO:colcon.colcon_core.shell:Creating environment hook '/root/aerostack2_ws/install/as2_usb_camera_interface/share/as2_usb_camera_interface/hook/cmake_prefix_path.ps1'
[23.650s] INFO:colcon.colcon_core.shell:Creating environment descriptor '/root/aerostack2_ws/install/as2_usb_camera_interface/share/as2_usb_camera_interface/hook/cmake_prefix_path.dsv'
[23.652s] INFO:colcon.colcon_core.shell:Creating environment hook '/root/aerostack2_ws/install/as2_usb_camera_interface/share/as2_usb_camera_interface/hook/cmake_prefix_path.sh'
[23.653s] DEBUG:colcon.colcon_core.event_handler.log_command:Invoked command in '/root/aerostack2_ws/build/as2_usb_camera_interface' returned '0': CMAKE_PREFIX_PATH=/root/aerostack2_ws/install/as2_core:/root/aerostack2_ws/install/as2_msgs:/root/aerostack2_ws/install/as2_swarm_person_interfaces:/root/aerostack2_ws/install/rmf_demos_gz_classic:/root/aerostack2_ws/install/rmf_demos_gz:/root/aerostack2_ws/install/rmf_demos:/root/aerostack2_ws/install/rmf_demos_maps:/root/aerostack2_ws/install/aerostack2:/root/aerostack2_ws/install/as2_usb_camera_interface:/root/aerostack2_ws/install/as2_state_estimator:/root/aerostack2_ws/install/as2_rviz_plugins:/root/aerostack2_ws/install/as2_realsense_interface:/root/aerostack2_ws/install/as2_platform_multirotor_simulator:/root/aerostack2_ws/install/as2_platform_gazebo:/root/aerostack2_ws/install/as2_motion_controller:/root/aerostack2_ws/install/as2_behaviors_trajectory_generation:/root/aerostack2_ws/install/as2_behaviors_swarm_flocking:/root/aerostack2_ws/install/as2_behaviors_motion:/root/aerostack2_ws/install/as2_motion_reference_handlers:/root/aerostack2_ws/install/as2_map_server:/root/aerostack2_ws/install/as2_geozones:/root/aerostack2_ws/install/as2_gazebo_assets:/root/aerostack2_ws/install/as2_external_object_to_tf:/root/aerostack2_ws/install/as2_behaviors_platform:/root/aerostack2_ws/install/as2_behaviors_perception:/root/aerostack2_ws/install/as2_behaviors_path_planning:/root/aerostack2_ws/install/as2_behavior_tree:/root/aerostack2_ws/install/as2_behavior:/root/aerostack2_ws/install/as2_alphanumeric_viewer:/root/aerostack2_ws/install/as2_cli:/root/aerostack2_ws/install/as2_swarm_person_tracking:/root/aerostack2_ws/install/as2_swarm_ci_fusion_people:/root/aerostack2_ws/install/rmf_demos_tasks:/root/aerostack2_ws/install/rmf_demos_panel:/root/aerostack2_ws/install/rmf_demos_fleet_adapter:/root/aerostack2_ws/install/rmf_demos_dashboard_resources:/root/aerostack2_ws/install/rmf_demos_bridges:/root/aerostack2_ws/install/rmf_demos_assets:/root/aerostack2_ws/install/as2_visualization:/root/aerostack2_ws/install/as2_swarm_perception:/root/aerostack2_ws/install/as2_swarm_fusion_ci:/root/aerostack2_ws/install/as2_swarm_ekf:/root/aerostack2_ws/install/as2_keyboard_teleoperation:/root/aerostack2_ws/install/as2_python_api:/root/aerostack2_ws/install/as2_project_bringup:/root/aerostack2_ws/install/as2_perception:/root/aerostack2_ws/install/as2_groundray_perception:/opt/ros/humble LD_LIBRARY_PATH=/root/aerostack2_ws/install/as2_core/lib:/root/aerostack2_ws/install/as2_msgs/lib:/root/aerostack2_ws/install/as2_swarm_person_interfaces/lib:/root/aerostack2_ws/install/as2_state_estimator/lib:/root/aerostack2_ws/install/as2_python_api/lib:/root/aerostack2_ws/install/as2_motion_controller/lib:/root/aerostack2_ws/install/as2_behaviors_trajectory_generation/lib:/root/aerostack2_ws/install/as2_behaviors_swarm_flocking/lib:/root/aerostack2_ws/install/as2_behaviors_motion/lib:/root/aerostack2_ws/install/as2_motion_reference_handlers/lib:/root/aerostack2_ws/install/as2_map_server/lib:/root/aerostack2_ws/install/as2_gazebo_assets/lib:/root/aerostack2_ws/install/as2_behaviors_perception/lib:/root/aerostack2_ws/install/as2_behaviors_path_planning/lib:/root/aerostack2_ws/install/as2_behavior_tree/lib:/root/aerostack2_ws/install/as2_behavior/lib:/opt/ros/humble/opt/rviz_ogre_vendor/lib:/opt/ros/humble/lib/x86_64-linux-gnu:/opt/ros/humble/lib /usr/bin/cmake --install /root/aerostack2_ws/build/as2_usb_camera_interface
[23.653s] Level 1:colcon.colcon_core.environment:checking '/root/aerostack2_ws/install/as2_usb_camera_interface/lib'
[23.654s] Level 1:colcon.colcon_core.environment:checking '/root/aerostack2_ws/install/as2_usb_camera_interface/bin'
[23.654s] Level 1:colcon.colcon_core.environment:checking '/root/aerostack2_ws/install/as2_usb_camera_interface/lib/pkgconfig/as2_usb_camera_interface.pc'
[23.654s] Level 1:colcon.colcon_core.environment:checking '/root/aerostack2_ws/install/as2_usb_camera_interface/lib/python3.10/site-packages'
[23.654s] Level 1:colcon.colcon_core.environment:checking '/root/aerostack2_ws/install/as2_usb_camera_interface/bin'
[23.655s] INFO:colcon.colcon_core.shell:Creating package script '/root/aerostack2_ws/install/as2_usb_camera_interface/share/as2_usb_camera_interface/package.ps1'
[23.657s] INFO:colcon.colcon_core.shell:Creating package descriptor '/root/aerostack2_ws/install/as2_usb_camera_interface/share/as2_usb_camera_interface/package.dsv'
[23.661s] INFO:colcon.colcon_core.shell:Creating package script '/root/aerostack2_ws/install/as2_usb_camera_interface/share/as2_usb_camera_interface/package.sh'
[23.662s] INFO:colcon.colcon_core.shell:Creating package script '/root/aerostack2_ws/install/as2_usb_camera_interface/share/as2_usb_camera_interface/package.bash'
[23.662s] INFO:colcon.colcon_core.shell:Creating package script '/root/aerostack2_ws/install/as2_usb_camera_interface/share/as2_usb_camera_interface/package.zsh'
[23.662s] Level 1:colcon.colcon_core.environment:create_file_with_runtime_dependencies(/root/aerostack2_ws/install/as2_usb_camera_interface/share/colcon-core/packages/as2_usb_camera_interface)
[23.663s] Level 1:colcon.colcon_core.environment:create_environment_scripts_only(as2_usb_camera_interface)
[23.663s] Level 1:colcon.colcon_core.environment:checking '/root/aerostack2_ws/install/as2_usb_camera_interface' for CMake module files
[23.664s] Level 1:colcon.colcon_core.environment:checking '/root/aerostack2_ws/install/as2_usb_camera_interface' for CMake config files
[23.664s] Level 1:colcon.colcon_core.shell:create_environment_hook('as2_usb_camera_interface', 'cmake_prefix_path')
[23.664s] INFO:colcon.colcon_core.shell:Creating environment hook '/root/aerostack2_ws/install/as2_usb_camera_interface/share/as2_usb_camera_interface/hook/cmake_prefix_path.ps1'
[23.668s] INFO:colcon.colcon_core.shell:Creating environment descriptor '/root/aerostack2_ws/install/as2_usb_camera_interface/share/as2_usb_camera_interface/hook/cmake_prefix_path.dsv'
[23.668s] INFO:colcon.colcon_core.shell:Creating environment hook '/root/aerostack2_ws/install/as2_usb_camera_interface/share/as2_usb_camera_interface/hook/cmake_prefix_path.sh'
[23.669s] Level 1:colcon.colcon_core.environment:checking '/root/aerostack2_ws/install/as2_usb_camera_interface/lib'
[23.669s] Level 1:colcon.colcon_core.environment:checking '/root/aerostack2_ws/install/as2_usb_camera_interface/bin'
[23.670s] Level 1:colcon.colcon_core.environment:checking '/root/aerostack2_ws/install/as2_usb_camera_interface/lib/pkgconfig/as2_usb_camera_interface.pc'
[23.670s] Level 1:colcon.colcon_core.environment:checking '/root/aerostack2_ws/install/as2_usb_camera_interface/lib/python3.10/site-packages'
[23.671s] Level 1:colcon.colcon_core.environment:checking '/root/aerostack2_ws/install/as2_usb_camera_interface/bin'
[23.671s] INFO:colcon.colcon_core.shell:Creating package script '/root/aerostack2_ws/install/as2_usb_camera_interface/share/as2_usb_camera_interface/package.ps1'
[23.672s] INFO:colcon.colcon_core.shell:Creating package descriptor '/root/aerostack2_ws/install/as2_usb_camera_interface/share/as2_usb_camera_interface/package.dsv'
[23.673s] INFO:colcon.colcon_core.shell:Creating package script '/root/aerostack2_ws/install/as2_usb_camera_interface/share/as2_usb_camera_interface/package.sh'
[23.673s] INFO:colcon.colcon_core.shell:Creating package script '/root/aerostack2_ws/install/as2_usb_camera_interface/share/as2_usb_camera_interface/package.bash'
[23.674s] INFO:colcon.colcon_core.shell:Creating package script '/root/aerostack2_ws/install/as2_usb_camera_interface/share/as2_usb_camera_interface/package.zsh'
[23.675s] Level 1:colcon.colcon_core.environment:create_file_with_runtime_dependencies(/root/aerostack2_ws/install/as2_usb_camera_interface/share/colcon-core/packages/as2_usb_camera_interface)
[23.677s] DEBUG:colcon.colcon_core.event_handler.log_command:Invoked command in '/root/aerostack2_ws/build/as2_gazebo_assets' returned '0': CMAKE_PREFIX_PATH=/root/aerostack2_ws/install/as2_core:/root/aerostack2_ws/install/as2_msgs:/root/aerostack2_ws/install/as2_swarm_person_interfaces:/root/aerostack2_ws/install/rmf_demos_gz_classic:/root/aerostack2_ws/install/rmf_demos_gz:/root/aerostack2_ws/install/rmf_demos:/root/aerostack2_ws/install/rmf_demos_maps:/root/aerostack2_ws/install/aerostack2:/root/aerostack2_ws/install/as2_usb_camera_interface:/root/aerostack2_ws/install/as2_state_estimator:/root/aerostack2_ws/install/as2_rviz_plugins:/root/aerostack2_ws/install/as2_realsense_interface:/root/aerostack2_ws/install/as2_platform_multirotor_simulator:/root/aerostack2_ws/install/as2_platform_gazebo:/root/aerostack2_ws/install/as2_motion_controller:/root/aerostack2_ws/install/as2_behaviors_trajectory_generation:/root/aerostack2_ws/install/as2_behaviors_swarm_flocking:/root/aerostack2_ws/install/as2_behaviors_motion:/root/aerostack2_ws/install/as2_motion_reference_handlers:/root/aerostack2_ws/install/as2_map_server:/root/aerostack2_ws/install/as2_geozones:/root/aerostack2_ws/install/as2_gazebo_assets:/root/aerostack2_ws/install/as2_external_object_to_tf:/root/aerostack2_ws/install/as2_behaviors_platform:/root/aerostack2_ws/install/as2_behaviors_perception:/root/aerostack2_ws/install/as2_behaviors_path_planning:/root/aerostack2_ws/install/as2_behavior_tree:/root/aerostack2_ws/install/as2_behavior:/root/aerostack2_ws/install/as2_alphanumeric_viewer:/root/aerostack2_ws/install/as2_cli:/root/aerostack2_ws/install/as2_swarm_person_tracking:/root/aerostack2_ws/install/as2_swarm_ci_fusion_people:/root/aerostack2_ws/install/rmf_demos_tasks:/root/aerostack2_ws/install/rmf_demos_panel:/root/aerostack2_ws/install/rmf_demos_fleet_adapter:/root/aerostack2_ws/install/rmf_demos_dashboard_resources:/root/aerostack2_ws/install/rmf_demos_bridges:/root/aerostack2_ws/install/rmf_demos_assets:/root/aerostack2_ws/install/as2_visualization:/root/aerostack2_ws/install/as2_swarm_perception:/root/aerostack2_ws/install/as2_swarm_fusion_ci:/root/aerostack2_ws/install/as2_swarm_ekf:/root/aerostack2_ws/install/as2_keyboard_teleoperation:/root/aerostack2_ws/install/as2_python_api:/root/aerostack2_ws/install/as2_project_bringup:/root/aerostack2_ws/install/as2_perception:/root/aerostack2_ws/install/as2_groundray_perception:/opt/ros/humble LD_LIBRARY_PATH=/root/aerostack2_ws/install/as2_core/lib:/root/aerostack2_ws/install/as2_msgs/lib:/root/aerostack2_ws/install/as2_swarm_person_interfaces/lib:/root/aerostack2_ws/install/as2_state_estimator/lib:/root/aerostack2_ws/install/as2_python_api/lib:/root/aerostack2_ws/install/as2_motion_controller/lib:/root/aerostack2_ws/install/as2_behaviors_trajectory_generation/lib:/root/aerostack2_ws/install/as2_behaviors_swarm_flocking/lib:/root/aerostack2_ws/install/as2_behaviors_motion/lib:/root/aerostack2_ws/install/as2_motion_reference_handlers/lib:/root/aerostack2_ws/install/as2_map_server/lib:/root/aerostack2_ws/install/as2_gazebo_assets/lib:/root/aerostack2_ws/install/as2_behaviors_perception/lib:/root/aerostack2_ws/install/as2_behaviors_path_planning/lib:/root/aerostack2_ws/install/as2_behavior_tree/lib:/root/aerostack2_ws/install/as2_behavior/lib:/opt/ros/humble/opt/rviz_ogre_vendor/lib:/opt/ros/humble/lib/x86_64-linux-gnu:/opt/ros/humble/lib /usr/bin/cmake --build /root/aerostack2_ws/build/as2_gazebo_assets -- -j8 -l8
[23.701s] DEBUG:colcon.colcon_core.event_handler.log_command:Invoking command in '/root/aerostack2_ws/build/as2_gazebo_assets': CMAKE_PREFIX_PATH=/root/aerostack2_ws/install/as2_core:/root/aerostack2_ws/install/as2_msgs:/root/aerostack2_ws/install/as2_swarm_person_interfaces:/root/aerostack2_ws/install/rmf_demos_gz_classic:/root/aerostack2_ws/install/rmf_demos_gz:/root/aerostack2_ws/install/rmf_demos:/root/aerostack2_ws/install/rmf_demos_maps:/root/aerostack2_ws/install/aerostack2:/root/aerostack2_ws/install/as2_usb_camera_interface:/root/aerostack2_ws/install/as2_state_estimator:/root/aerostack2_ws/install/as2_rviz_plugins:/root/aerostack2_ws/install/as2_realsense_interface:/root/aerostack2_ws/install/as2_platform_multirotor_simulator:/root/aerostack2_ws/install/as2_platform_gazebo:/root/aerostack2_ws/install/as2_motion_controller:/root/aerostack2_ws/install/as2_behaviors_trajectory_generation:/root/aerostack2_ws/install/as2_behaviors_swarm_flocking:/root/aerostack2_ws/install/as2_behaviors_motion:/root/aerostack2_ws/install/as2_motion_reference_handlers:/root/aerostack2_ws/install/as2_map_server:/root/aerostack2_ws/install/as2_geozones:/root/aerostack2_ws/install/as2_gazebo_assets:/root/aerostack2_ws/install/as2_external_object_to_tf:/root/aerostack2_ws/install/as2_behaviors_platform:/root/aerostack2_ws/install/as2_behaviors_perception:/root/aerostack2_ws/install/as2_behaviors_path_planning:/root/aerostack2_ws/install/as2_behavior_tree:/root/aerostack2_ws/install/as2_behavior:/root/aerostack2_ws/install/as2_alphanumeric_viewer:/root/aerostack2_ws/install/as2_cli:/root/aerostack2_ws/install/as2_swarm_person_tracking:/root/aerostack2_ws/install/as2_swarm_ci_fusion_people:/root/aerostack2_ws/install/rmf_demos_tasks:/root/aerostack2_ws/install/rmf_demos_panel:/root/aerostack2_ws/install/rmf_demos_fleet_adapter:/root/aerostack2_ws/install/rmf_demos_dashboard_resources:/root/aerostack2_ws/install/rmf_demos_bridges:/root/aerostack2_ws/install/rmf_demos_assets:/root/aerostack2_ws/install/as2_visualization:/root/aerostack2_ws/install/as2_swarm_perception:/root/aerostack2_ws/install/as2_swarm_fusion_ci:/root/aerostack2_ws/install/as2_swarm_ekf:/root/aerostack2_ws/install/as2_keyboard_teleoperation:/root/aerostack2_ws/install/as2_python_api:/root/aerostack2_ws/install/as2_project_bringup:/root/aerostack2_ws/install/as2_perception:/root/aerostack2_ws/install/as2_groundray_perception:/opt/ros/humble LD_LIBRARY_PATH=/root/aerostack2_ws/install/as2_core/lib:/root/aerostack2_ws/install/as2_msgs/lib:/root/aerostack2_ws/install/as2_swarm_person_interfaces/lib:/root/aerostack2_ws/install/as2_state_estimator/lib:/root/aerostack2_ws/install/as2_python_api/lib:/root/aerostack2_ws/install/as2_motion_controller/lib:/root/aerostack2_ws/install/as2_behaviors_trajectory_generation/lib:/root/aerostack2_ws/install/as2_behaviors_swarm_flocking/lib:/root/aerostack2_ws/install/as2_behaviors_motion/lib:/root/aerostack2_ws/install/as2_motion_reference_handlers/lib:/root/aerostack2_ws/install/as2_map_server/lib:/root/aerostack2_ws/install/as2_gazebo_assets/lib:/root/aerostack2_ws/install/as2_behaviors_perception/lib:/root/aerostack2_ws/install/as2_behaviors_path_planning/lib:/root/aerostack2_ws/install/as2_behavior_tree/lib:/root/aerostack2_ws/install/as2_behavior/lib:/opt/ros/humble/opt/rviz_ogre_vendor/lib:/opt/ros/humble/lib/x86_64-linux-gnu:/opt/ros/humble/lib /usr/bin/cmake --install /root/aerostack2_ws/build/as2_gazebo_assets
[23.797s] DEBUG:colcon.colcon_core.event_handler.log_command:Invoking command in '/root/aerostack2_ws/build/as2_behaviors_platform': CMAKE_PREFIX_PATH=/root/aerostack2_ws/install/as2_behavior:/root/aerostack2_ws/install/as2_core:/root/aerostack2_ws/install/as2_msgs:/root/aerostack2_ws/install/as2_swarm_person_interfaces:/root/aerostack2_ws/install/rmf_demos_gz_classic:/root/aerostack2_ws/install/rmf_demos_gz:/root/aerostack2_ws/install/rmf_demos:/root/aerostack2_ws/install/rmf_demos_maps:/root/aerostack2_ws/install/aerostack2:/root/aerostack2_ws/install/as2_usb_camera_interface:/root/aerostack2_ws/install/as2_state_estimator:/root/aerostack2_ws/install/as2_rviz_plugins:/root/aerostack2_ws/install/as2_realsense_interface:/root/aerostack2_ws/install/as2_platform_multirotor_simulator:/root/aerostack2_ws/install/as2_platform_gazebo:/root/aerostack2_ws/install/as2_motion_controller:/root/aerostack2_ws/install/as2_behaviors_trajectory_generation:/root/aerostack2_ws/install/as2_behaviors_swarm_flocking:/root/aerostack2_ws/install/as2_behaviors_motion:/root/aerostack2_ws/install/as2_motion_reference_handlers:/root/aerostack2_ws/install/as2_map_server:/root/aerostack2_ws/install/as2_geozones:/root/aerostack2_ws/install/as2_gazebo_assets:/root/aerostack2_ws/install/as2_external_object_to_tf:/root/aerostack2_ws/install/as2_behaviors_platform:/root/aerostack2_ws/install/as2_behaviors_perception:/root/aerostack2_ws/install/as2_behaviors_path_planning:/root/aerostack2_ws/install/as2_behavior_tree:/root/aerostack2_ws/install/as2_alphanumeric_viewer:/root/aerostack2_ws/install/as2_cli:/root/aerostack2_ws/install/as2_swarm_person_tracking:/root/aerostack2_ws/install/as2_swarm_ci_fusion_people:/root/aerostack2_ws/install/rmf_demos_tasks:/root/aerostack2_ws/install/rmf_demos_panel:/root/aerostack2_ws/install/rmf_demos_fleet_adapter:/root/aerostack2_ws/install/rmf_demos_dashboard_resources:/root/aerostack2_ws/install/rmf_demos_bridges:/root/aerostack2_ws/install/rmf_demos_assets:/root/aerostack2_ws/install/as2_visualization:/root/aerostack2_ws/install/as2_swarm_perception:/root/aerostack2_ws/install/as2_swarm_fusion_ci:/root/aerostack2_ws/install/as2_swarm_ekf:/root/aerostack2_ws/install/as2_keyboard_teleoperation:/root/aerostack2_ws/install/as2_python_api:/root/aerostack2_ws/install/as2_project_bringup:/root/aerostack2_ws/install/as2_perception:/root/aerostack2_ws/install/as2_groundray_perception:/opt/ros/humble LD_LIBRARY_PATH=/root/aerostack2_ws/install/as2_behavior/lib:/root/aerostack2_ws/install/as2_core/lib:/root/aerostack2_ws/install/as2_msgs/lib:/root/aerostack2_ws/install/as2_swarm_person_interfaces/lib:/root/aerostack2_ws/install/as2_state_estimator/lib:/root/aerostack2_ws/install/as2_python_api/lib:/root/aerostack2_ws/install/as2_motion_controller/lib:/root/aerostack2_ws/install/as2_behaviors_trajectory_generation/lib:/root/aerostack2_ws/install/as2_behaviors_swarm_flocking/lib:/root/aerostack2_ws/install/as2_behaviors_motion/lib:/root/aerostack2_ws/install/as2_motion_reference_handlers/lib:/root/aerostack2_ws/install/as2_map_server/lib:/root/aerostack2_ws/install/as2_gazebo_assets/lib:/root/aerostack2_ws/install/as2_behaviors_perception/lib:/root/aerostack2_ws/install/as2_behaviors_path_planning/lib:/root/aerostack2_ws/install/as2_behavior_tree/lib:/opt/ros/humble/opt/rviz_ogre_vendor/lib:/opt/ros/humble/lib/x86_64-linux-gnu:/opt/ros/humble/lib /usr/bin/cmake --build /root/aerostack2_ws/build/as2_behaviors_platform -- -j8 -l8
[23.999s] DEBUG:colcon.colcon_core.event_handler.log_command:Invoked command in '/root/aerostack2_ws/build/as2_motion_reference_handlers' returned '0': CMAKE_PREFIX_PATH=/root/aerostack2_ws/install/as2_core:/root/aerostack2_ws/install/as2_msgs:/root/aerostack2_ws/install/as2_swarm_person_interfaces:/root/aerostack2_ws/install/rmf_demos_gz_classic:/root/aerostack2_ws/install/rmf_demos_gz:/root/aerostack2_ws/install/rmf_demos:/root/aerostack2_ws/install/rmf_demos_maps:/root/aerostack2_ws/install/aerostack2:/root/aerostack2_ws/install/as2_usb_camera_interface:/root/aerostack2_ws/install/as2_state_estimator:/root/aerostack2_ws/install/as2_rviz_plugins:/root/aerostack2_ws/install/as2_realsense_interface:/root/aerostack2_ws/install/as2_platform_multirotor_simulator:/root/aerostack2_ws/install/as2_platform_gazebo:/root/aerostack2_ws/install/as2_motion_controller:/root/aerostack2_ws/install/as2_behaviors_trajectory_generation:/root/aerostack2_ws/install/as2_behaviors_swarm_flocking:/root/aerostack2_ws/install/as2_behaviors_motion:/root/aerostack2_ws/install/as2_motion_reference_handlers:/root/aerostack2_ws/install/as2_map_server:/root/aerostack2_ws/install/as2_geozones:/root/aerostack2_ws/install/as2_gazebo_assets:/root/aerostack2_ws/install/as2_external_object_to_tf:/root/aerostack2_ws/install/as2_behaviors_platform:/root/aerostack2_ws/install/as2_behaviors_perception:/root/aerostack2_ws/install/as2_behaviors_path_planning:/root/aerostack2_ws/install/as2_behavior_tree:/root/aerostack2_ws/install/as2_behavior:/root/aerostack2_ws/install/as2_alphanumeric_viewer:/root/aerostack2_ws/install/as2_cli:/root/aerostack2_ws/install/as2_swarm_person_tracking:/root/aerostack2_ws/install/as2_swarm_ci_fusion_people:/root/aerostack2_ws/install/rmf_demos_tasks:/root/aerostack2_ws/install/rmf_demos_panel:/root/aerostack2_ws/install/rmf_demos_fleet_adapter:/root/aerostack2_ws/install/rmf_demos_dashboard_resources:/root/aerostack2_ws/install/rmf_demos_bridges:/root/aerostack2_ws/install/rmf_demos_assets:/root/aerostack2_ws/install/as2_visualization:/root/aerostack2_ws/install/as2_swarm_perception:/root/aerostack2_ws/install/as2_swarm_fusion_ci:/root/aerostack2_ws/install/as2_swarm_ekf:/root/aerostack2_ws/install/as2_keyboard_teleoperation:/root/aerostack2_ws/install/as2_python_api:/root/aerostack2_ws/install/as2_project_bringup:/root/aerostack2_ws/install/as2_perception:/root/aerostack2_ws/install/as2_groundray_perception:/opt/ros/humble LD_LIBRARY_PATH=/root/aerostack2_ws/install/as2_core/lib:/root/aerostack2_ws/install/as2_msgs/lib:/root/aerostack2_ws/install/as2_swarm_person_interfaces/lib:/root/aerostack2_ws/install/as2_state_estimator/lib:/root/aerostack2_ws/install/as2_python_api/lib:/root/aerostack2_ws/install/as2_motion_controller/lib:/root/aerostack2_ws/install/as2_behaviors_trajectory_generation/lib:/root/aerostack2_ws/install/as2_behaviors_swarm_flocking/lib:/root/aerostack2_ws/install/as2_behaviors_motion/lib:/root/aerostack2_ws/install/as2_motion_reference_handlers/lib:/root/aerostack2_ws/install/as2_map_server/lib:/root/aerostack2_ws/install/as2_gazebo_assets/lib:/root/aerostack2_ws/install/as2_behaviors_perception/lib:/root/aerostack2_ws/install/as2_behaviors_path_planning/lib:/root/aerostack2_ws/install/as2_behavior_tree/lib:/root/aerostack2_ws/install/as2_behavior/lib:/opt/ros/humble/opt/rviz_ogre_vendor/lib:/opt/ros/humble/lib/x86_64-linux-gnu:/opt/ros/humble/lib /usr/bin/cmake --build /root/aerostack2_ws/build/as2_motion_reference_handlers -- -j8 -l8
[24.000s] DEBUG:colcon.colcon_core.event_handler.log_command:Invoking command in '/root/aerostack2_ws/build/as2_motion_reference_handlers': CMAKE_PREFIX_PATH=/root/aerostack2_ws/install/as2_core:/root/aerostack2_ws/install/as2_msgs:/root/aerostack2_ws/install/as2_swarm_person_interfaces:/root/aerostack2_ws/install/rmf_demos_gz_classic:/root/aerostack2_ws/install/rmf_demos_gz:/root/aerostack2_ws/install/rmf_demos:/root/aerostack2_ws/install/rmf_demos_maps:/root/aerostack2_ws/install/aerostack2:/root/aerostack2_ws/install/as2_usb_camera_interface:/root/aerostack2_ws/install/as2_state_estimator:/root/aerostack2_ws/install/as2_rviz_plugins:/root/aerostack2_ws/install/as2_realsense_interface:/root/aerostack2_ws/install/as2_platform_multirotor_simulator:/root/aerostack2_ws/install/as2_platform_gazebo:/root/aerostack2_ws/install/as2_motion_controller:/root/aerostack2_ws/install/as2_behaviors_trajectory_generation:/root/aerostack2_ws/install/as2_behaviors_swarm_flocking:/root/aerostack2_ws/install/as2_behaviors_motion:/root/aerostack2_ws/install/as2_motion_reference_handlers:/root/aerostack2_ws/install/as2_map_server:/root/aerostack2_ws/install/as2_geozones:/root/aerostack2_ws/install/as2_gazebo_assets:/root/aerostack2_ws/install/as2_external_object_to_tf:/root/aerostack2_ws/install/as2_behaviors_platform:/root/aerostack2_ws/install/as2_behaviors_perception:/root/aerostack2_ws/install/as2_behaviors_path_planning:/root/aerostack2_ws/install/as2_behavior_tree:/root/aerostack2_ws/install/as2_behavior:/root/aerostack2_ws/install/as2_alphanumeric_viewer:/root/aerostack2_ws/install/as2_cli:/root/aerostack2_ws/install/as2_swarm_person_tracking:/root/aerostack2_ws/install/as2_swarm_ci_fusion_people:/root/aerostack2_ws/install/rmf_demos_tasks:/root/aerostack2_ws/install/rmf_demos_panel:/root/aerostack2_ws/install/rmf_demos_fleet_adapter:/root/aerostack2_ws/install/rmf_demos_dashboard_resources:/root/aerostack2_ws/install/rmf_demos_bridges:/root/aerostack2_ws/install/rmf_demos_assets:/root/aerostack2_ws/install/as2_visualization:/root/aerostack2_ws/install/as2_swarm_perception:/root/aerostack2_ws/install/as2_swarm_fusion_ci:/root/aerostack2_ws/install/as2_swarm_ekf:/root/aerostack2_ws/install/as2_keyboard_teleoperation:/root/aerostack2_ws/install/as2_python_api:/root/aerostack2_ws/install/as2_project_bringup:/root/aerostack2_ws/install/as2_perception:/root/aerostack2_ws/install/as2_groundray_perception:/opt/ros/humble LD_LIBRARY_PATH=/root/aerostack2_ws/install/as2_core/lib:/root/aerostack2_ws/install/as2_msgs/lib:/root/aerostack2_ws/install/as2_swarm_person_interfaces/lib:/root/aerostack2_ws/install/as2_state_estimator/lib:/root/aerostack2_ws/install/as2_python_api/lib:/root/aerostack2_ws/install/as2_motion_controller/lib:/root/aerostack2_ws/install/as2_behaviors_trajectory_generation/lib:/root/aerostack2_ws/install/as2_behaviors_swarm_flocking/lib:/root/aerostack2_ws/install/as2_behaviors_motion/lib:/root/aerostack2_ws/install/as2_motion_reference_handlers/lib:/root/aerostack2_ws/install/as2_map_server/lib:/root/aerostack2_ws/install/as2_gazebo_assets/lib:/root/aerostack2_ws/install/as2_behaviors_perception/lib:/root/aerostack2_ws/install/as2_behaviors_path_planning/lib:/root/aerostack2_ws/install/as2_behavior_tree/lib:/root/aerostack2_ws/install/as2_behavior/lib:/opt/ros/humble/opt/rviz_ogre_vendor/lib:/opt/ros/humble/lib/x86_64-linux-gnu:/opt/ros/humble/lib /usr/bin/cmake --install /root/aerostack2_ws/build/as2_motion_reference_handlers
[24.549s] Level 1:colcon.colcon_core.environment:create_environment_scripts_only(as2_motion_reference_handlers)
[24.550s] Level 1:colcon.colcon_core.environment:checking '/root/aerostack2_ws/install/as2_motion_reference_handlers' for CMake module files
[24.551s] Level 1:colcon.colcon_core.environment:checking '/root/aerostack2_ws/install/as2_motion_reference_handlers' for CMake config files
[24.551s] Level 1:colcon.colcon_core.shell:create_environment_hook('as2_motion_reference_handlers', 'cmake_prefix_path')
[24.564s] INFO:colcon.colcon_core.shell:Creating environment hook '/root/aerostack2_ws/install/as2_motion_reference_handlers/share/as2_motion_reference_handlers/hook/cmake_prefix_path.ps1'
[24.565s] INFO:colcon.colcon_core.shell:Creating environment descriptor '/root/aerostack2_ws/install/as2_motion_reference_handlers/share/as2_motion_reference_handlers/hook/cmake_prefix_path.dsv'
[24.574s] INFO:colcon.colcon_core.shell:Creating environment hook '/root/aerostack2_ws/install/as2_motion_reference_handlers/share/as2_motion_reference_handlers/hook/cmake_prefix_path.sh'
[24.582s] Level 1:colcon.colcon_core.environment:checking '/root/aerostack2_ws/install/as2_motion_reference_handlers/lib'
[24.582s] Level 1:colcon.colcon_core.environment:checking '/root/aerostack2_ws/install/as2_motion_reference_handlers/bin'
[24.582s] Level 1:colcon.colcon_core.environment:checking '/root/aerostack2_ws/install/as2_motion_reference_handlers/lib/pkgconfig/as2_motion_reference_handlers.pc'
[24.586s] Level 1:colcon.colcon_core.environment:checking '/root/aerostack2_ws/install/as2_motion_reference_handlers/lib/python3.10/site-packages'
[24.604s] Level 1:colcon.colcon_core.environment:checking '/root/aerostack2_ws/install/as2_motion_reference_handlers/bin'
[24.607s] INFO:colcon.colcon_core.shell:Creating package script '/root/aerostack2_ws/install/as2_motion_reference_handlers/share/as2_motion_reference_handlers/package.ps1'
[24.625s] INFO:colcon.colcon_core.shell:Creating package descriptor '/root/aerostack2_ws/install/as2_motion_reference_handlers/share/as2_motion_reference_handlers/package.dsv'
[24.626s] INFO:colcon.colcon_core.shell:Creating package script '/root/aerostack2_ws/install/as2_motion_reference_handlers/share/as2_motion_reference_handlers/package.sh'
[24.634s] INFO:colcon.colcon_core.shell:Creating package script '/root/aerostack2_ws/install/as2_motion_reference_handlers/share/as2_motion_reference_handlers/package.bash'
[24.639s] DEBUG:colcon.colcon_core.event_handler.log_command:Invoked command in '/root/aerostack2_ws/build/as2_motion_reference_handlers' returned '0': CMAKE_PREFIX_PATH=/root/aerostack2_ws/install/as2_core:/root/aerostack2_ws/install/as2_msgs:/root/aerostack2_ws/install/as2_swarm_person_interfaces:/root/aerostack2_ws/install/rmf_demos_gz_classic:/root/aerostack2_ws/install/rmf_demos_gz:/root/aerostack2_ws/install/rmf_demos:/root/aerostack2_ws/install/rmf_demos_maps:/root/aerostack2_ws/install/aerostack2:/root/aerostack2_ws/install/as2_usb_camera_interface:/root/aerostack2_ws/install/as2_state_estimator:/root/aerostack2_ws/install/as2_rviz_plugins:/root/aerostack2_ws/install/as2_realsense_interface:/root/aerostack2_ws/install/as2_platform_multirotor_simulator:/root/aerostack2_ws/install/as2_platform_gazebo:/root/aerostack2_ws/install/as2_motion_controller:/root/aerostack2_ws/install/as2_behaviors_trajectory_generation:/root/aerostack2_ws/install/as2_behaviors_swarm_flocking:/root/aerostack2_ws/install/as2_behaviors_motion:/root/aerostack2_ws/install/as2_motion_reference_handlers:/root/aerostack2_ws/install/as2_map_server:/root/aerostack2_ws/install/as2_geozones:/root/aerostack2_ws/install/as2_gazebo_assets:/root/aerostack2_ws/install/as2_external_object_to_tf:/root/aerostack2_ws/install/as2_behaviors_platform:/root/aerostack2_ws/install/as2_behaviors_perception:/root/aerostack2_ws/install/as2_behaviors_path_planning:/root/aerostack2_ws/install/as2_behavior_tree:/root/aerostack2_ws/install/as2_behavior:/root/aerostack2_ws/install/as2_alphanumeric_viewer:/root/aerostack2_ws/install/as2_cli:/root/aerostack2_ws/install/as2_swarm_person_tracking:/root/aerostack2_ws/install/as2_swarm_ci_fusion_people:/root/aerostack2_ws/install/rmf_demos_tasks:/root/aerostack2_ws/install/rmf_demos_panel:/root/aerostack2_ws/install/rmf_demos_fleet_adapter:/root/aerostack2_ws/install/rmf_demos_dashboard_resources:/root/aerostack2_ws/install/rmf_demos_bridges:/root/aerostack2_ws/install/rmf_demos_assets:/root/aerostack2_ws/install/as2_visualization:/root/aerostack2_ws/install/as2_swarm_perception:/root/aerostack2_ws/install/as2_swarm_fusion_ci:/root/aerostack2_ws/install/as2_swarm_ekf:/root/aerostack2_ws/install/as2_keyboard_teleoperation:/root/aerostack2_ws/install/as2_python_api:/root/aerostack2_ws/install/as2_project_bringup:/root/aerostack2_ws/install/as2_perception:/root/aerostack2_ws/install/as2_groundray_perception:/opt/ros/humble LD_LIBRARY_PATH=/root/aerostack2_ws/install/as2_core/lib:/root/aerostack2_ws/install/as2_msgs/lib:/root/aerostack2_ws/install/as2_swarm_person_interfaces/lib:/root/aerostack2_ws/install/as2_state_estimator/lib:/root/aerostack2_ws/install/as2_python_api/lib:/root/aerostack2_ws/install/as2_motion_controller/lib:/root/aerostack2_ws/install/as2_behaviors_trajectory_generation/lib:/root/aerostack2_ws/install/as2_behaviors_swarm_flocking/lib:/root/aerostack2_ws/install/as2_behaviors_motion/lib:/root/aerostack2_ws/install/as2_motion_reference_handlers/lib:/root/aerostack2_ws/install/as2_map_server/lib:/root/aerostack2_ws/install/as2_gazebo_assets/lib:/root/aerostack2_ws/install/as2_behaviors_perception/lib:/root/aerostack2_ws/install/as2_behaviors_path_planning/lib:/root/aerostack2_ws/install/as2_behavior_tree/lib:/root/aerostack2_ws/install/as2_behavior/lib:/opt/ros/humble/opt/rviz_ogre_vendor/lib:/opt/ros/humble/lib/x86_64-linux-gnu:/opt/ros/humble/lib /usr/bin/cmake --install /root/aerostack2_ws/build/as2_motion_reference_handlers
[24.642s] INFO:colcon.colcon_core.shell:Creating package script '/root/aerostack2_ws/install/as2_motion_reference_handlers/share/as2_motion_reference_handlers/package.zsh'
[24.643s] Level 1:colcon.colcon_core.environment:create_file_with_runtime_dependencies(/root/aerostack2_ws/install/as2_motion_reference_handlers/share/colcon-core/packages/as2_motion_reference_handlers)
[24.648s] Level 1:colcon.colcon_core.environment:create_environment_scripts_only(as2_motion_reference_handlers)
[24.650s] Level 1:colcon.colcon_core.environment:checking '/root/aerostack2_ws/install/as2_motion_reference_handlers' for CMake module files
[24.657s] Level 1:colcon.colcon_core.environment:checking '/root/aerostack2_ws/install/as2_motion_reference_handlers' for CMake config files
[24.657s] Level 1:colcon.colcon_core.shell:create_environment_hook('as2_motion_reference_handlers', 'cmake_prefix_path')
[24.658s] INFO:colcon.colcon_core.shell:Creating environment hook '/root/aerostack2_ws/install/as2_motion_reference_handlers/share/as2_motion_reference_handlers/hook/cmake_prefix_path.ps1'
[24.670s] INFO:colcon.colcon_core.shell:Creating environment descriptor '/root/aerostack2_ws/install/as2_motion_reference_handlers/share/as2_motion_reference_handlers/hook/cmake_prefix_path.dsv'
[24.673s] INFO:colcon.colcon_core.shell:Creating environment hook '/root/aerostack2_ws/install/as2_motion_reference_handlers/share/as2_motion_reference_handlers/hook/cmake_prefix_path.sh'
[24.681s] Level 1:colcon.colcon_core.environment:checking '/root/aerostack2_ws/install/as2_motion_reference_handlers/lib'
[24.681s] Level 1:colcon.colcon_core.environment:checking '/root/aerostack2_ws/install/as2_motion_reference_handlers/bin'
[24.682s] Level 1:colcon.colcon_core.environment:checking '/root/aerostack2_ws/install/as2_motion_reference_handlers/lib/pkgconfig/as2_motion_reference_handlers.pc'
[24.682s] Level 1:colcon.colcon_core.environment:checking '/root/aerostack2_ws/install/as2_motion_reference_handlers/lib/python3.10/site-packages'
[24.687s] Level 1:colcon.colcon_core.environment:checking '/root/aerostack2_ws/install/as2_motion_reference_handlers/bin'
[24.692s] INFO:colcon.colcon_core.shell:Creating package script '/root/aerostack2_ws/install/as2_motion_reference_handlers/share/as2_motion_reference_handlers/package.ps1'
[24.707s] INFO:colcon.colcon_core.shell:Creating package descriptor '/root/aerostack2_ws/install/as2_motion_reference_handlers/share/as2_motion_reference_handlers/package.dsv'
[24.708s] INFO:colcon.colcon_core.shell:Creating package script '/root/aerostack2_ws/install/as2_motion_reference_handlers/share/as2_motion_reference_handlers/package.sh'
[24.714s] INFO:colcon.colcon_core.shell:Creating package script '/root/aerostack2_ws/install/as2_motion_reference_handlers/share/as2_motion_reference_handlers/package.bash'
[24.721s] INFO:colcon.colcon_core.shell:Creating package script '/root/aerostack2_ws/install/as2_motion_reference_handlers/share/as2_motion_reference_handlers/package.zsh'
[24.728s] Level 1:colcon.colcon_core.environment:create_file_with_runtime_dependencies(/root/aerostack2_ws/install/as2_motion_reference_handlers/share/colcon-core/packages/as2_motion_reference_handlers)
[24.728s] INFO:colcon.colcon_ros.task.ament_python.build:Building ROS package in '/root/aerostack2_ws/src/aerostack2/as2_python_api' with build type 'ament_python'
[24.728s] Level 1:colcon.colcon_core.shell:create_environment_hook('as2_python_api', 'ament_prefix_path')
[24.729s] INFO:colcon.colcon_core.shell:Creating environment hook '/root/aerostack2_ws/install/as2_python_api/share/as2_python_api/hook/ament_prefix_path.ps1'
[24.734s] INFO:colcon.colcon_core.shell:Creating environment descriptor '/root/aerostack2_ws/install/as2_python_api/share/as2_python_api/hook/ament_prefix_path.dsv'
[24.737s] INFO:colcon.colcon_core.shell:Creating environment hook '/root/aerostack2_ws/install/as2_python_api/share/as2_python_api/hook/ament_prefix_path.sh'
[24.739s] INFO:colcon.colcon_core.shell:Skip shell extension 'powershell' for command environment: Not usable outside of PowerShell
[24.740s] DEBUG:colcon.colcon_core.shell:Skip shell extension 'dsv' for command environment
[24.794s] INFO:colcon.colcon_ros.task.ament_cmake.build:Building ROS package in '/root/aerostack2_ws/src/aerostack2/as2_behaviors/as2_behaviors_motion' with build type 'ament_cmake'
[24.795s] INFO:colcon.colcon_cmake.task.cmake.build:Building CMake package in '/root/aerostack2_ws/src/aerostack2/as2_behaviors/as2_behaviors_motion'
[24.795s] INFO:colcon.colcon_core.shell:Skip shell extension 'powershell' for command environment: Not usable outside of PowerShell
[24.795s] DEBUG:colcon.colcon_core.shell:Skip shell extension 'dsv' for command environment
[24.886s] Level 1:colcon.colcon_core.environment:create_environment_scripts_only(as2_gazebo_assets)
[24.887s] Level 1:colcon.colcon_core.environment:checking '/root/aerostack2_ws/install/as2_gazebo_assets' for CMake module files
[24.888s] Level 1:colcon.colcon_core.environment:checking '/root/aerostack2_ws/install/as2_gazebo_assets' for CMake config files
[24.890s] Level 1:colcon.colcon_core.shell:create_environment_hook('as2_gazebo_assets', 'cmake_prefix_path')
[24.887s] DEBUG:colcon.colcon_core.event_handler.log_command:Invoked command in '/root/aerostack2_ws/build/as2_gazebo_assets' returned '0': CMAKE_PREFIX_PATH=/root/aerostack2_ws/install/as2_core:/root/aerostack2_ws/install/as2_msgs:/root/aerostack2_ws/install/as2_swarm_person_interfaces:/root/aerostack2_ws/install/rmf_demos_gz_classic:/root/aerostack2_ws/install/rmf_demos_gz:/root/aerostack2_ws/install/rmf_demos:/root/aerostack2_ws/install/rmf_demos_maps:/root/aerostack2_ws/install/aerostack2:/root/aerostack2_ws/install/as2_usb_camera_interface:/root/aerostack2_ws/install/as2_state_estimator:/root/aerostack2_ws/install/as2_rviz_plugins:/root/aerostack2_ws/install/as2_realsense_interface:/root/aerostack2_ws/install/as2_platform_multirotor_simulator:/root/aerostack2_ws/install/as2_platform_gazebo:/root/aerostack2_ws/install/as2_motion_controller:/root/aerostack2_ws/install/as2_behaviors_trajectory_generation:/root/aerostack2_ws/install/as2_behaviors_swarm_flocking:/root/aerostack2_ws/install/as2_behaviors_motion:/root/aerostack2_ws/install/as2_motion_reference_handlers:/root/aerostack2_ws/install/as2_map_server:/root/aerostack2_ws/install/as2_geozones:/root/aerostack2_ws/install/as2_gazebo_assets:/root/aerostack2_ws/install/as2_external_object_to_tf:/root/aerostack2_ws/install/as2_behaviors_platform:/root/aerostack2_ws/install/as2_behaviors_perception:/root/aerostack2_ws/install/as2_behaviors_path_planning:/root/aerostack2_ws/install/as2_behavior_tree:/root/aerostack2_ws/install/as2_behavior:/root/aerostack2_ws/install/as2_alphanumeric_viewer:/root/aerostack2_ws/install/as2_cli:/root/aerostack2_ws/install/as2_swarm_person_tracking:/root/aerostack2_ws/install/as2_swarm_ci_fusion_people:/root/aerostack2_ws/install/rmf_demos_tasks:/root/aerostack2_ws/install/rmf_demos_panel:/root/aerostack2_ws/install/rmf_demos_fleet_adapter:/root/aerostack2_ws/install/rmf_demos_dashboard_resources:/root/aerostack2_ws/install/rmf_demos_bridges:/root/aerostack2_ws/install/rmf_demos_assets:/root/aerostack2_ws/install/as2_visualization:/root/aerostack2_ws/install/as2_swarm_perception:/root/aerostack2_ws/install/as2_swarm_fusion_ci:/root/aerostack2_ws/install/as2_swarm_ekf:/root/aerostack2_ws/install/as2_keyboard_teleoperation:/root/aerostack2_ws/install/as2_python_api:/root/aerostack2_ws/install/as2_project_bringup:/root/aerostack2_ws/install/as2_perception:/root/aerostack2_ws/install/as2_groundray_perception:/opt/ros/humble LD_LIBRARY_PATH=/root/aerostack2_ws/install/as2_core/lib:/root/aerostack2_ws/install/as2_msgs/lib:/root/aerostack2_ws/install/as2_swarm_person_interfaces/lib:/root/aerostack2_ws/install/as2_state_estimator/lib:/root/aerostack2_ws/install/as2_python_api/lib:/root/aerostack2_ws/install/as2_motion_controller/lib:/root/aerostack2_ws/install/as2_behaviors_trajectory_generation/lib:/root/aerostack2_ws/install/as2_behaviors_swarm_flocking/lib:/root/aerostack2_ws/install/as2_behaviors_motion/lib:/root/aerostack2_ws/install/as2_motion_reference_handlers/lib:/root/aerostack2_ws/install/as2_map_server/lib:/root/aerostack2_ws/install/as2_gazebo_assets/lib:/root/aerostack2_ws/install/as2_behaviors_perception/lib:/root/aerostack2_ws/install/as2_behaviors_path_planning/lib:/root/aerostack2_ws/install/as2_behavior_tree/lib:/root/aerostack2_ws/install/as2_behavior/lib:/opt/ros/humble/opt/rviz_ogre_vendor/lib:/opt/ros/humble/lib/x86_64-linux-gnu:/opt/ros/humble/lib /usr/bin/cmake --install /root/aerostack2_ws/build/as2_gazebo_assets
[24.891s] INFO:colcon.colcon_core.shell:Creating environment hook '/root/aerostack2_ws/install/as2_gazebo_assets/share/as2_gazebo_assets/hook/cmake_prefix_path.ps1'
[24.895s] INFO:colcon.colcon_core.shell:Creating environment descriptor '/root/aerostack2_ws/install/as2_gazebo_assets/share/as2_gazebo_assets/hook/cmake_prefix_path.dsv'
[24.910s] INFO:colcon.colcon_core.shell:Creating environment hook '/root/aerostack2_ws/install/as2_gazebo_assets/share/as2_gazebo_assets/hook/cmake_prefix_path.sh'
[24.911s] Level 1:colcon.colcon_core.environment:checking '/root/aerostack2_ws/install/as2_gazebo_assets/lib'
[24.912s] Level 1:colcon.colcon_core.shell:create_environment_hook('as2_gazebo_assets', 'ld_library_path_lib')
[24.913s] INFO:colcon.colcon_core.shell:Creating environment hook '/root/aerostack2_ws/install/as2_gazebo_assets/share/as2_gazebo_assets/hook/ld_library_path_lib.ps1'
[24.919s] INFO:colcon.colcon_core.shell:Creating environment descriptor '/root/aerostack2_ws/install/as2_gazebo_assets/share/as2_gazebo_assets/hook/ld_library_path_lib.dsv'
[24.919s] INFO:colcon.colcon_core.shell:Creating environment hook '/root/aerostack2_ws/install/as2_gazebo_assets/share/as2_gazebo_assets/hook/ld_library_path_lib.sh'
[24.919s] Level 1:colcon.colcon_core.environment:checking '/root/aerostack2_ws/install/as2_gazebo_assets/bin'
[24.920s] Level 1:colcon.colcon_core.environment:checking '/root/aerostack2_ws/install/as2_gazebo_assets/lib/pkgconfig/as2_gazebo_assets.pc'
[24.920s] Level 1:colcon.colcon_core.environment:checking '/root/aerostack2_ws/install/as2_gazebo_assets/lib/python3.10/site-packages'
[24.920s] Level 1:colcon.colcon_core.environment:checking '/root/aerostack2_ws/install/as2_gazebo_assets/bin'
[24.921s] INFO:colcon.colcon_core.shell:Creating package script '/root/aerostack2_ws/install/as2_gazebo_assets/share/as2_gazebo_assets/package.ps1'
[24.929s] INFO:colcon.colcon_core.shell:Creating package descriptor '/root/aerostack2_ws/install/as2_gazebo_assets/share/as2_gazebo_assets/package.dsv'
[24.947s] INFO:colcon.colcon_core.shell:Creating package script '/root/aerostack2_ws/install/as2_gazebo_assets/share/as2_gazebo_assets/package.sh'
[24.948s] INFO:colcon.colcon_core.shell:Creating package script '/root/aerostack2_ws/install/as2_gazebo_assets/share/as2_gazebo_assets/package.bash'
[24.949s] INFO:colcon.colcon_core.shell:Creating package script '/root/aerostack2_ws/install/as2_gazebo_assets/share/as2_gazebo_assets/package.zsh'
[24.950s] Level 1:colcon.colcon_core.environment:create_file_with_runtime_dependencies(/root/aerostack2_ws/install/as2_gazebo_assets/share/colcon-core/packages/as2_gazebo_assets)
[24.953s] Level 1:colcon.colcon_core.environment:create_environment_scripts_only(as2_gazebo_assets)
[24.960s] Level 1:colcon.colcon_core.environment:checking '/root/aerostack2_ws/install/as2_gazebo_assets' for CMake module files
[24.961s] Level 1:colcon.colcon_core.environment:checking '/root/aerostack2_ws/install/as2_gazebo_assets' for CMake config files
[24.961s] Level 1:colcon.colcon_core.shell:create_environment_hook('as2_gazebo_assets', 'cmake_prefix_path')
[24.961s] INFO:colcon.colcon_core.shell:Creating environment hook '/root/aerostack2_ws/install/as2_gazebo_assets/share/as2_gazebo_assets/hook/cmake_prefix_path.ps1'
[24.967s] INFO:colcon.colcon_core.shell:Creating environment descriptor '/root/aerostack2_ws/install/as2_gazebo_assets/share/as2_gazebo_assets/hook/cmake_prefix_path.dsv'
[24.971s] INFO:colcon.colcon_core.shell:Creating environment hook '/root/aerostack2_ws/install/as2_gazebo_assets/share/as2_gazebo_assets/hook/cmake_prefix_path.sh'
[24.973s] Level 1:colcon.colcon_core.environment:checking '/root/aerostack2_ws/install/as2_gazebo_assets/lib'
[24.973s] Level 1:colcon.colcon_core.shell:create_environment_hook('as2_gazebo_assets', 'ld_library_path_lib')
[24.996s] INFO:colcon.colcon_core.shell:Creating environment hook '/root/aerostack2_ws/install/as2_gazebo_assets/share/as2_gazebo_assets/hook/ld_library_path_lib.ps1'
[24.997s] INFO:colcon.colcon_core.shell:Creating environment descriptor '/root/aerostack2_ws/install/as2_gazebo_assets/share/as2_gazebo_assets/hook/ld_library_path_lib.dsv'
[24.998s] INFO:colcon.colcon_core.shell:Creating environment hook '/root/aerostack2_ws/install/as2_gazebo_assets/share/as2_gazebo_assets/hook/ld_library_path_lib.sh'
[25.007s] Level 1:colcon.colcon_core.environment:checking '/root/aerostack2_ws/install/as2_gazebo_assets/bin'
[25.008s] Level 1:colcon.colcon_core.environment:checking '/root/aerostack2_ws/install/as2_gazebo_assets/lib/pkgconfig/as2_gazebo_assets.pc'
[25.011s] Level 1:colcon.colcon_core.environment:checking '/root/aerostack2_ws/install/as2_gazebo_assets/lib/python3.10/site-packages'
[25.017s] Level 1:colcon.colcon_core.environment:checking '/root/aerostack2_ws/install/as2_gazebo_assets/bin'
[25.017s] INFO:colcon.colcon_core.shell:Creating package script '/root/aerostack2_ws/install/as2_gazebo_assets/share/as2_gazebo_assets/package.ps1'
[25.027s] INFO:colcon.colcon_core.shell:Creating package descriptor '/root/aerostack2_ws/install/as2_gazebo_assets/share/as2_gazebo_assets/package.dsv'
[25.044s] INFO:colcon.colcon_core.shell:Creating package script '/root/aerostack2_ws/install/as2_gazebo_assets/share/as2_gazebo_assets/package.sh'
[25.045s] INFO:colcon.colcon_core.shell:Creating package script '/root/aerostack2_ws/install/as2_gazebo_assets/share/as2_gazebo_assets/package.bash'
[25.052s] INFO:colcon.colcon_core.shell:Creating package script '/root/aerostack2_ws/install/as2_gazebo_assets/share/as2_gazebo_assets/package.zsh'
[25.062s] Level 1:colcon.colcon_core.environment:create_file_with_runtime_dependencies(/root/aerostack2_ws/install/as2_gazebo_assets/share/colcon-core/packages/as2_gazebo_assets)
[25.065s] INFO:colcon.colcon_ros.task.ament_cmake.build:Building ROS package in '/root/aerostack2_ws/src/aerostack2/as2_behaviors/as2_behaviors_trajectory_generation' with build type 'ament_cmake'
[25.066s] INFO:colcon.colcon_cmake.task.cmake.build:Building CMake package in '/root/aerostack2_ws/src/aerostack2/as2_behaviors/as2_behaviors_trajectory_generation'
[25.067s] INFO:colcon.colcon_core.shell:Skip shell extension 'powershell' for command environment: Not usable outside of PowerShell
[25.068s] DEBUG:colcon.colcon_core.shell:Skip shell extension 'dsv' for command environment
[25.193s] DEBUG:colcon.colcon_core.event_handler.log_command:Invoked command in '/root/aerostack2_ws/build/as2_state_estimator' returned '0': CMAKE_PREFIX_PATH=/root/aerostack2_ws/install/as2_core:/root/aerostack2_ws/install/as2_msgs:/root/aerostack2_ws/install/as2_swarm_person_interfaces:/root/aerostack2_ws/install/rmf_demos_gz_classic:/root/aerostack2_ws/install/rmf_demos_gz:/root/aerostack2_ws/install/rmf_demos:/root/aerostack2_ws/install/rmf_demos_maps:/root/aerostack2_ws/install/aerostack2:/root/aerostack2_ws/install/as2_usb_camera_interface:/root/aerostack2_ws/install/as2_state_estimator:/root/aerostack2_ws/install/as2_rviz_plugins:/root/aerostack2_ws/install/as2_realsense_interface:/root/aerostack2_ws/install/as2_platform_multirotor_simulator:/root/aerostack2_ws/install/as2_platform_gazebo:/root/aerostack2_ws/install/as2_motion_controller:/root/aerostack2_ws/install/as2_behaviors_trajectory_generation:/root/aerostack2_ws/install/as2_behaviors_swarm_flocking:/root/aerostack2_ws/install/as2_behaviors_motion:/root/aerostack2_ws/install/as2_motion_reference_handlers:/root/aerostack2_ws/install/as2_map_server:/root/aerostack2_ws/install/as2_geozones:/root/aerostack2_ws/install/as2_gazebo_assets:/root/aerostack2_ws/install/as2_external_object_to_tf:/root/aerostack2_ws/install/as2_behaviors_platform:/root/aerostack2_ws/install/as2_behaviors_perception:/root/aerostack2_ws/install/as2_behaviors_path_planning:/root/aerostack2_ws/install/as2_behavior_tree:/root/aerostack2_ws/install/as2_behavior:/root/aerostack2_ws/install/as2_alphanumeric_viewer:/root/aerostack2_ws/install/as2_cli:/root/aerostack2_ws/install/as2_swarm_person_tracking:/root/aerostack2_ws/install/as2_swarm_ci_fusion_people:/root/aerostack2_ws/install/rmf_demos_tasks:/root/aerostack2_ws/install/rmf_demos_panel:/root/aerostack2_ws/install/rmf_demos_fleet_adapter:/root/aerostack2_ws/install/rmf_demos_dashboard_resources:/root/aerostack2_ws/install/rmf_demos_bridges:/root/aerostack2_ws/install/rmf_demos_assets:/root/aerostack2_ws/install/as2_visualization:/root/aerostack2_ws/install/as2_swarm_perception:/root/aerostack2_ws/install/as2_swarm_fusion_ci:/root/aerostack2_ws/install/as2_swarm_ekf:/root/aerostack2_ws/install/as2_keyboard_teleoperation:/root/aerostack2_ws/install/as2_python_api:/root/aerostack2_ws/install/as2_project_bringup:/root/aerostack2_ws/install/as2_perception:/root/aerostack2_ws/install/as2_groundray_perception:/opt/ros/humble LD_LIBRARY_PATH=/root/aerostack2_ws/install/as2_core/lib:/root/aerostack2_ws/install/as2_msgs/lib:/root/aerostack2_ws/install/as2_swarm_person_interfaces/lib:/root/aerostack2_ws/install/as2_state_estimator/lib:/root/aerostack2_ws/install/as2_python_api/lib:/root/aerostack2_ws/install/as2_motion_controller/lib:/root/aerostack2_ws/install/as2_behaviors_trajectory_generation/lib:/root/aerostack2_ws/install/as2_behaviors_swarm_flocking/lib:/root/aerostack2_ws/install/as2_behaviors_motion/lib:/root/aerostack2_ws/install/as2_motion_reference_handlers/lib:/root/aerostack2_ws/install/as2_map_server/lib:/root/aerostack2_ws/install/as2_gazebo_assets/lib:/root/aerostack2_ws/install/as2_behaviors_perception/lib:/root/aerostack2_ws/install/as2_behaviors_path_planning/lib:/root/aerostack2_ws/install/as2_behavior_tree/lib:/root/aerostack2_ws/install/as2_behavior/lib:/opt/ros/humble/opt/rviz_ogre_vendor/lib:/opt/ros/humble/lib/x86_64-linux-gnu:/opt/ros/humble/lib /usr/bin/cmake --build /root/aerostack2_ws/build/as2_state_estimator -- -j8 -l8
[25.194s] DEBUG:colcon.colcon_core.event_handler.log_command:Invoking command in '/root/aerostack2_ws/build/as2_state_estimator': CMAKE_PREFIX_PATH=/root/aerostack2_ws/install/as2_core:/root/aerostack2_ws/install/as2_msgs:/root/aerostack2_ws/install/as2_swarm_person_interfaces:/root/aerostack2_ws/install/rmf_demos_gz_classic:/root/aerostack2_ws/install/rmf_demos_gz:/root/aerostack2_ws/install/rmf_demos:/root/aerostack2_ws/install/rmf_demos_maps:/root/aerostack2_ws/install/aerostack2:/root/aerostack2_ws/install/as2_usb_camera_interface:/root/aerostack2_ws/install/as2_state_estimator:/root/aerostack2_ws/install/as2_rviz_plugins:/root/aerostack2_ws/install/as2_realsense_interface:/root/aerostack2_ws/install/as2_platform_multirotor_simulator:/root/aerostack2_ws/install/as2_platform_gazebo:/root/aerostack2_ws/install/as2_motion_controller:/root/aerostack2_ws/install/as2_behaviors_trajectory_generation:/root/aerostack2_ws/install/as2_behaviors_swarm_flocking:/root/aerostack2_ws/install/as2_behaviors_motion:/root/aerostack2_ws/install/as2_motion_reference_handlers:/root/aerostack2_ws/install/as2_map_server:/root/aerostack2_ws/install/as2_geozones:/root/aerostack2_ws/install/as2_gazebo_assets:/root/aerostack2_ws/install/as2_external_object_to_tf:/root/aerostack2_ws/install/as2_behaviors_platform:/root/aerostack2_ws/install/as2_behaviors_perception:/root/aerostack2_ws/install/as2_behaviors_path_planning:/root/aerostack2_ws/install/as2_behavior_tree:/root/aerostack2_ws/install/as2_behavior:/root/aerostack2_ws/install/as2_alphanumeric_viewer:/root/aerostack2_ws/install/as2_cli:/root/aerostack2_ws/install/as2_swarm_person_tracking:/root/aerostack2_ws/install/as2_swarm_ci_fusion_people:/root/aerostack2_ws/install/rmf_demos_tasks:/root/aerostack2_ws/install/rmf_demos_panel:/root/aerostack2_ws/install/rmf_demos_fleet_adapter:/root/aerostack2_ws/install/rmf_demos_dashboard_resources:/root/aerostack2_ws/install/rmf_demos_bridges:/root/aerostack2_ws/install/rmf_demos_assets:/root/aerostack2_ws/install/as2_visualization:/root/aerostack2_ws/install/as2_swarm_perception:/root/aerostack2_ws/install/as2_swarm_fusion_ci:/root/aerostack2_ws/install/as2_swarm_ekf:/root/aerostack2_ws/install/as2_keyboard_teleoperation:/root/aerostack2_ws/install/as2_python_api:/root/aerostack2_ws/install/as2_project_bringup:/root/aerostack2_ws/install/as2_perception:/root/aerostack2_ws/install/as2_groundray_perception:/opt/ros/humble LD_LIBRARY_PATH=/root/aerostack2_ws/install/as2_core/lib:/root/aerostack2_ws/install/as2_msgs/lib:/root/aerostack2_ws/install/as2_swarm_person_interfaces/lib:/root/aerostack2_ws/install/as2_state_estimator/lib:/root/aerostack2_ws/install/as2_python_api/lib:/root/aerostack2_ws/install/as2_motion_controller/lib:/root/aerostack2_ws/install/as2_behaviors_trajectory_generation/lib:/root/aerostack2_ws/install/as2_behaviors_swarm_flocking/lib:/root/aerostack2_ws/install/as2_behaviors_motion/lib:/root/aerostack2_ws/install/as2_motion_reference_handlers/lib:/root/aerostack2_ws/install/as2_map_server/lib:/root/aerostack2_ws/install/as2_gazebo_assets/lib:/root/aerostack2_ws/install/as2_behaviors_perception/lib:/root/aerostack2_ws/install/as2_behaviors_path_planning/lib:/root/aerostack2_ws/install/as2_behavior_tree/lib:/root/aerostack2_ws/install/as2_behavior/lib:/opt/ros/humble/opt/rviz_ogre_vendor/lib:/opt/ros/humble/lib/x86_64-linux-gnu:/opt/ros/humble/lib /usr/bin/cmake --install /root/aerostack2_ws/build/as2_state_estimator
[27.161s] INFO:colcon.colcon_core.task.python.build:Building Python package in '/root/aerostack2_ws/src/aerostack2/as2_python_api'
[27.161s] INFO:colcon.colcon_core.shell:Skip shell extension 'powershell' for command environment: Not usable outside of PowerShell
[27.161s] DEBUG:colcon.colcon_core.shell:Skip shell extension 'dsv' for command environment
[27.238s] DEBUG:colcon.colcon_core.event_handler.log_command:Invoking command in '/root/aerostack2_ws/build/as2_behaviors_motion': CMAKE_PREFIX_PATH=/root/aerostack2_ws/install/as2_motion_reference_handlers:/root/aerostack2_ws/install/as2_behavior:/root/aerostack2_ws/install/as2_core:/root/aerostack2_ws/install/as2_msgs:/root/aerostack2_ws/install/as2_swarm_person_interfaces:/root/aerostack2_ws/install/rmf_demos_gz_classic:/root/aerostack2_ws/install/rmf_demos_gz:/root/aerostack2_ws/install/rmf_demos:/root/aerostack2_ws/install/rmf_demos_maps:/root/aerostack2_ws/install/aerostack2:/root/aerostack2_ws/install/as2_usb_camera_interface:/root/aerostack2_ws/install/as2_state_estimator:/root/aerostack2_ws/install/as2_rviz_plugins:/root/aerostack2_ws/install/as2_realsense_interface:/root/aerostack2_ws/install/as2_platform_multirotor_simulator:/root/aerostack2_ws/install/as2_platform_gazebo:/root/aerostack2_ws/install/as2_motion_controller:/root/aerostack2_ws/install/as2_behaviors_trajectory_generation:/root/aerostack2_ws/install/as2_behaviors_swarm_flocking:/root/aerostack2_ws/install/as2_behaviors_motion:/root/aerostack2_ws/install/as2_map_server:/root/aerostack2_ws/install/as2_geozones:/root/aerostack2_ws/install/as2_gazebo_assets:/root/aerostack2_ws/install/as2_external_object_to_tf:/root/aerostack2_ws/install/as2_behaviors_platform:/root/aerostack2_ws/install/as2_behaviors_perception:/root/aerostack2_ws/install/as2_behaviors_path_planning:/root/aerostack2_ws/install/as2_behavior_tree:/root/aerostack2_ws/install/as2_alphanumeric_viewer:/root/aerostack2_ws/install/as2_cli:/root/aerostack2_ws/install/as2_swarm_person_tracking:/root/aerostack2_ws/install/as2_swarm_ci_fusion_people:/root/aerostack2_ws/install/rmf_demos_tasks:/root/aerostack2_ws/install/rmf_demos_panel:/root/aerostack2_ws/install/rmf_demos_fleet_adapter:/root/aerostack2_ws/install/rmf_demos_dashboard_resources:/root/aerostack2_ws/install/rmf_demos_bridges:/root/aerostack2_ws/install/rmf_demos_assets:/root/aerostack2_ws/install/as2_visualization:/root/aerostack2_ws/install/as2_swarm_perception:/root/aerostack2_ws/install/as2_swarm_fusion_ci:/root/aerostack2_ws/install/as2_swarm_ekf:/root/aerostack2_ws/install/as2_keyboard_teleoperation:/root/aerostack2_ws/install/as2_python_api:/root/aerostack2_ws/install/as2_project_bringup:/root/aerostack2_ws/install/as2_perception:/root/aerostack2_ws/install/as2_groundray_perception:/opt/ros/humble LD_LIBRARY_PATH=/root/aerostack2_ws/install/as2_behavior/lib:/root/aerostack2_ws/install/as2_core/lib:/root/aerostack2_ws/install/as2_msgs/lib:/root/aerostack2_ws/install/as2_swarm_person_interfaces/lib:/root/aerostack2_ws/install/as2_state_estimator/lib:/root/aerostack2_ws/install/as2_python_api/lib:/root/aerostack2_ws/install/as2_motion_controller/lib:/root/aerostack2_ws/install/as2_behaviors_trajectory_generation/lib:/root/aerostack2_ws/install/as2_behaviors_swarm_flocking/lib:/root/aerostack2_ws/install/as2_behaviors_motion/lib:/root/aerostack2_ws/install/as2_motion_reference_handlers/lib:/root/aerostack2_ws/install/as2_map_server/lib:/root/aerostack2_ws/install/as2_gazebo_assets/lib:/root/aerostack2_ws/install/as2_behaviors_perception/lib:/root/aerostack2_ws/install/as2_behaviors_path_planning/lib:/root/aerostack2_ws/install/as2_behavior_tree/lib:/opt/ros/humble/opt/rviz_ogre_vendor/lib:/opt/ros/humble/lib/x86_64-linux-gnu:/opt/ros/humble/lib /usr/bin/cmake --build /root/aerostack2_ws/build/as2_behaviors_motion -- -j8 -l8
[27.283s] DEBUG:colcon.colcon_core.event_handler.log_command:Invoked command in '/root/aerostack2_ws/build/as2_behaviors_platform' returned '0': CMAKE_PREFIX_PATH=/root/aerostack2_ws/install/as2_behavior:/root/aerostack2_ws/install/as2_core:/root/aerostack2_ws/install/as2_msgs:/root/aerostack2_ws/install/as2_swarm_person_interfaces:/root/aerostack2_ws/install/rmf_demos_gz_classic:/root/aerostack2_ws/install/rmf_demos_gz:/root/aerostack2_ws/install/rmf_demos:/root/aerostack2_ws/install/rmf_demos_maps:/root/aerostack2_ws/install/aerostack2:/root/aerostack2_ws/install/as2_usb_camera_interface:/root/aerostack2_ws/install/as2_state_estimator:/root/aerostack2_ws/install/as2_rviz_plugins:/root/aerostack2_ws/install/as2_realsense_interface:/root/aerostack2_ws/install/as2_platform_multirotor_simulator:/root/aerostack2_ws/install/as2_platform_gazebo:/root/aerostack2_ws/install/as2_motion_controller:/root/aerostack2_ws/install/as2_behaviors_trajectory_generation:/root/aerostack2_ws/install/as2_behaviors_swarm_flocking:/root/aerostack2_ws/install/as2_behaviors_motion:/root/aerostack2_ws/install/as2_motion_reference_handlers:/root/aerostack2_ws/install/as2_map_server:/root/aerostack2_ws/install/as2_geozones:/root/aerostack2_ws/install/as2_gazebo_assets:/root/aerostack2_ws/install/as2_external_object_to_tf:/root/aerostack2_ws/install/as2_behaviors_platform:/root/aerostack2_ws/install/as2_behaviors_perception:/root/aerostack2_ws/install/as2_behaviors_path_planning:/root/aerostack2_ws/install/as2_behavior_tree:/root/aerostack2_ws/install/as2_alphanumeric_viewer:/root/aerostack2_ws/install/as2_cli:/root/aerostack2_ws/install/as2_swarm_person_tracking:/root/aerostack2_ws/install/as2_swarm_ci_fusion_people:/root/aerostack2_ws/install/rmf_demos_tasks:/root/aerostack2_ws/install/rmf_demos_panel:/root/aerostack2_ws/install/rmf_demos_fleet_adapter:/root/aerostack2_ws/install/rmf_demos_dashboard_resources:/root/aerostack2_ws/install/rmf_demos_bridges:/root/aerostack2_ws/install/rmf_demos_assets:/root/aerostack2_ws/install/as2_visualization:/root/aerostack2_ws/install/as2_swarm_perception:/root/aerostack2_ws/install/as2_swarm_fusion_ci:/root/aerostack2_ws/install/as2_swarm_ekf:/root/aerostack2_ws/install/as2_keyboard_teleoperation:/root/aerostack2_ws/install/as2_python_api:/root/aerostack2_ws/install/as2_project_bringup:/root/aerostack2_ws/install/as2_perception:/root/aerostack2_ws/install/as2_groundray_perception:/opt/ros/humble LD_LIBRARY_PATH=/root/aerostack2_ws/install/as2_behavior/lib:/root/aerostack2_ws/install/as2_core/lib:/root/aerostack2_ws/install/as2_msgs/lib:/root/aerostack2_ws/install/as2_swarm_person_interfaces/lib:/root/aerostack2_ws/install/as2_state_estimator/lib:/root/aerostack2_ws/install/as2_python_api/lib:/root/aerostack2_ws/install/as2_motion_controller/lib:/root/aerostack2_ws/install/as2_behaviors_trajectory_generation/lib:/root/aerostack2_ws/install/as2_behaviors_swarm_flocking/lib:/root/aerostack2_ws/install/as2_behaviors_motion/lib:/root/aerostack2_ws/install/as2_motion_reference_handlers/lib:/root/aerostack2_ws/install/as2_map_server/lib:/root/aerostack2_ws/install/as2_gazebo_assets/lib:/root/aerostack2_ws/install/as2_behaviors_perception/lib:/root/aerostack2_ws/install/as2_behaviors_path_planning/lib:/root/aerostack2_ws/install/as2_behavior_tree/lib:/opt/ros/humble/opt/rviz_ogre_vendor/lib:/opt/ros/humble/lib/x86_64-linux-gnu:/opt/ros/humble/lib /usr/bin/cmake --build /root/aerostack2_ws/build/as2_behaviors_platform -- -j8 -l8
[27.284s] DEBUG:colcon.colcon_core.event_handler.log_command:Invoking command in '/root/aerostack2_ws/build/as2_behaviors_platform': CMAKE_PREFIX_PATH=/root/aerostack2_ws/install/as2_behavior:/root/aerostack2_ws/install/as2_core:/root/aerostack2_ws/install/as2_msgs:/root/aerostack2_ws/install/as2_swarm_person_interfaces:/root/aerostack2_ws/install/rmf_demos_gz_classic:/root/aerostack2_ws/install/rmf_demos_gz:/root/aerostack2_ws/install/rmf_demos:/root/aerostack2_ws/install/rmf_demos_maps:/root/aerostack2_ws/install/aerostack2:/root/aerostack2_ws/install/as2_usb_camera_interface:/root/aerostack2_ws/install/as2_state_estimator:/root/aerostack2_ws/install/as2_rviz_plugins:/root/aerostack2_ws/install/as2_realsense_interface:/root/aerostack2_ws/install/as2_platform_multirotor_simulator:/root/aerostack2_ws/install/as2_platform_gazebo:/root/aerostack2_ws/install/as2_motion_controller:/root/aerostack2_ws/install/as2_behaviors_trajectory_generation:/root/aerostack2_ws/install/as2_behaviors_swarm_flocking:/root/aerostack2_ws/install/as2_behaviors_motion:/root/aerostack2_ws/install/as2_motion_reference_handlers:/root/aerostack2_ws/install/as2_map_server:/root/aerostack2_ws/install/as2_geozones:/root/aerostack2_ws/install/as2_gazebo_assets:/root/aerostack2_ws/install/as2_external_object_to_tf:/root/aerostack2_ws/install/as2_behaviors_platform:/root/aerostack2_ws/install/as2_behaviors_perception:/root/aerostack2_ws/install/as2_behaviors_path_planning:/root/aerostack2_ws/install/as2_behavior_tree:/root/aerostack2_ws/install/as2_alphanumeric_viewer:/root/aerostack2_ws/install/as2_cli:/root/aerostack2_ws/install/as2_swarm_person_tracking:/root/aerostack2_ws/install/as2_swarm_ci_fusion_people:/root/aerostack2_ws/install/rmf_demos_tasks:/root/aerostack2_ws/install/rmf_demos_panel:/root/aerostack2_ws/install/rmf_demos_fleet_adapter:/root/aerostack2_ws/install/rmf_demos_dashboard_resources:/root/aerostack2_ws/install/rmf_demos_bridges:/root/aerostack2_ws/install/rmf_demos_assets:/root/aerostack2_ws/install/as2_visualization:/root/aerostack2_ws/install/as2_swarm_perception:/root/aerostack2_ws/install/as2_swarm_fusion_ci:/root/aerostack2_ws/install/as2_swarm_ekf:/root/aerostack2_ws/install/as2_keyboard_teleoperation:/root/aerostack2_ws/install/as2_python_api:/root/aerostack2_ws/install/as2_project_bringup:/root/aerostack2_ws/install/as2_perception:/root/aerostack2_ws/install/as2_groundray_perception:/opt/ros/humble LD_LIBRARY_PATH=/root/aerostack2_ws/install/as2_behavior/lib:/root/aerostack2_ws/install/as2_core/lib:/root/aerostack2_ws/install/as2_msgs/lib:/root/aerostack2_ws/install/as2_swarm_person_interfaces/lib:/root/aerostack2_ws/install/as2_state_estimator/lib:/root/aerostack2_ws/install/as2_python_api/lib:/root/aerostack2_ws/install/as2_motion_controller/lib:/root/aerostack2_ws/install/as2_behaviors_trajectory_generation/lib:/root/aerostack2_ws/install/as2_behaviors_swarm_flocking/lib:/root/aerostack2_ws/install/as2_behaviors_motion/lib:/root/aerostack2_ws/install/as2_motion_reference_handlers/lib:/root/aerostack2_ws/install/as2_map_server/lib:/root/aerostack2_ws/install/as2_gazebo_assets/lib:/root/aerostack2_ws/install/as2_behaviors_perception/lib:/root/aerostack2_ws/install/as2_behaviors_path_planning/lib:/root/aerostack2_ws/install/as2_behavior_tree/lib:/opt/ros/humble/opt/rviz_ogre_vendor/lib:/opt/ros/humble/lib/x86_64-linux-gnu:/opt/ros/humble/lib /usr/bin/cmake --install /root/aerostack2_ws/build/as2_behaviors_platform
[27.300s] DEBUG:colcon.colcon_core.event_handler.log_command:Invoked command in '/root/aerostack2_ws/build/as2_behaviors_path_planning' returned '0': CMAKE_PREFIX_PATH=/root/aerostack2_ws/install/as2_behavior:/root/aerostack2_ws/install/as2_core:/root/aerostack2_ws/install/as2_msgs:/root/aerostack2_ws/install/as2_swarm_person_interfaces:/root/aerostack2_ws/install/rmf_demos_gz_classic:/root/aerostack2_ws/install/rmf_demos_gz:/root/aerostack2_ws/install/rmf_demos:/root/aerostack2_ws/install/rmf_demos_maps:/root/aerostack2_ws/install/aerostack2:/root/aerostack2_ws/install/as2_usb_camera_interface:/root/aerostack2_ws/install/as2_state_estimator:/root/aerostack2_ws/install/as2_rviz_plugins:/root/aerostack2_ws/install/as2_realsense_interface:/root/aerostack2_ws/install/as2_platform_multirotor_simulator:/root/aerostack2_ws/install/as2_platform_gazebo:/root/aerostack2_ws/install/as2_motion_controller:/root/aerostack2_ws/install/as2_behaviors_trajectory_generation:/root/aerostack2_ws/install/as2_behaviors_swarm_flocking:/root/aerostack2_ws/install/as2_behaviors_motion:/root/aerostack2_ws/install/as2_motion_reference_handlers:/root/aerostack2_ws/install/as2_map_server:/root/aerostack2_ws/install/as2_geozones:/root/aerostack2_ws/install/as2_gazebo_assets:/root/aerostack2_ws/install/as2_external_object_to_tf:/root/aerostack2_ws/install/as2_behaviors_platform:/root/aerostack2_ws/install/as2_behaviors_perception:/root/aerostack2_ws/install/as2_behaviors_path_planning:/root/aerostack2_ws/install/as2_behavior_tree:/root/aerostack2_ws/install/as2_alphanumeric_viewer:/root/aerostack2_ws/install/as2_cli:/root/aerostack2_ws/install/as2_swarm_person_tracking:/root/aerostack2_ws/install/as2_swarm_ci_fusion_people:/root/aerostack2_ws/install/rmf_demos_tasks:/root/aerostack2_ws/install/rmf_demos_panel:/root/aerostack2_ws/install/rmf_demos_fleet_adapter:/root/aerostack2_ws/install/rmf_demos_dashboard_resources:/root/aerostack2_ws/install/rmf_demos_bridges:/root/aerostack2_ws/install/rmf_demos_assets:/root/aerostack2_ws/install/as2_visualization:/root/aerostack2_ws/install/as2_swarm_perception:/root/aerostack2_ws/install/as2_swarm_fusion_ci:/root/aerostack2_ws/install/as2_swarm_ekf:/root/aerostack2_ws/install/as2_keyboard_teleoperation:/root/aerostack2_ws/install/as2_python_api:/root/aerostack2_ws/install/as2_project_bringup:/root/aerostack2_ws/install/as2_perception:/root/aerostack2_ws/install/as2_groundray_perception:/opt/ros/humble LD_LIBRARY_PATH=/root/aerostack2_ws/install/as2_behavior/lib:/root/aerostack2_ws/install/as2_core/lib:/root/aerostack2_ws/install/as2_msgs/lib:/root/aerostack2_ws/install/as2_swarm_person_interfaces/lib:/root/aerostack2_ws/install/as2_state_estimator/lib:/root/aerostack2_ws/install/as2_python_api/lib:/root/aerostack2_ws/install/as2_motion_controller/lib:/root/aerostack2_ws/install/as2_behaviors_trajectory_generation/lib:/root/aerostack2_ws/install/as2_behaviors_swarm_flocking/lib:/root/aerostack2_ws/install/as2_behaviors_motion/lib:/root/aerostack2_ws/install/as2_motion_reference_handlers/lib:/root/aerostack2_ws/install/as2_map_server/lib:/root/aerostack2_ws/install/as2_gazebo_assets/lib:/root/aerostack2_ws/install/as2_behaviors_perception/lib:/root/aerostack2_ws/install/as2_behaviors_path_planning/lib:/root/aerostack2_ws/install/as2_behavior_tree/lib:/opt/ros/humble/opt/rviz_ogre_vendor/lib:/opt/ros/humble/lib/x86_64-linux-gnu:/opt/ros/humble/lib /usr/bin/cmake --build /root/aerostack2_ws/build/as2_behaviors_path_planning -- -j8 -l8
[27.302s] DEBUG:colcon.colcon_core.event_handler.log_command:Invoking command in '/root/aerostack2_ws/build/as2_behaviors_path_planning': CMAKE_PREFIX_PATH=/root/aerostack2_ws/install/as2_behavior:/root/aerostack2_ws/install/as2_core:/root/aerostack2_ws/install/as2_msgs:/root/aerostack2_ws/install/as2_swarm_person_interfaces:/root/aerostack2_ws/install/rmf_demos_gz_classic:/root/aerostack2_ws/install/rmf_demos_gz:/root/aerostack2_ws/install/rmf_demos:/root/aerostack2_ws/install/rmf_demos_maps:/root/aerostack2_ws/install/aerostack2:/root/aerostack2_ws/install/as2_usb_camera_interface:/root/aerostack2_ws/install/as2_state_estimator:/root/aerostack2_ws/install/as2_rviz_plugins:/root/aerostack2_ws/install/as2_realsense_interface:/root/aerostack2_ws/install/as2_platform_multirotor_simulator:/root/aerostack2_ws/install/as2_platform_gazebo:/root/aerostack2_ws/install/as2_motion_controller:/root/aerostack2_ws/install/as2_behaviors_trajectory_generation:/root/aerostack2_ws/install/as2_behaviors_swarm_flocking:/root/aerostack2_ws/install/as2_behaviors_motion:/root/aerostack2_ws/install/as2_motion_reference_handlers:/root/aerostack2_ws/install/as2_map_server:/root/aerostack2_ws/install/as2_geozones:/root/aerostack2_ws/install/as2_gazebo_assets:/root/aerostack2_ws/install/as2_external_object_to_tf:/root/aerostack2_ws/install/as2_behaviors_platform:/root/aerostack2_ws/install/as2_behaviors_perception:/root/aerostack2_ws/install/as2_behaviors_path_planning:/root/aerostack2_ws/install/as2_behavior_tree:/root/aerostack2_ws/install/as2_alphanumeric_viewer:/root/aerostack2_ws/install/as2_cli:/root/aerostack2_ws/install/as2_swarm_person_tracking:/root/aerostack2_ws/install/as2_swarm_ci_fusion_people:/root/aerostack2_ws/install/rmf_demos_tasks:/root/aerostack2_ws/install/rmf_demos_panel:/root/aerostack2_ws/install/rmf_demos_fleet_adapter:/root/aerostack2_ws/install/rmf_demos_dashboard_resources:/root/aerostack2_ws/install/rmf_demos_bridges:/root/aerostack2_ws/install/rmf_demos_assets:/root/aerostack2_ws/install/as2_visualization:/root/aerostack2_ws/install/as2_swarm_perception:/root/aerostack2_ws/install/as2_swarm_fusion_ci:/root/aerostack2_ws/install/as2_swarm_ekf:/root/aerostack2_ws/install/as2_keyboard_teleoperation:/root/aerostack2_ws/install/as2_python_api:/root/aerostack2_ws/install/as2_project_bringup:/root/aerostack2_ws/install/as2_perception:/root/aerostack2_ws/install/as2_groundray_perception:/opt/ros/humble LD_LIBRARY_PATH=/root/aerostack2_ws/install/as2_behavior/lib:/root/aerostack2_ws/install/as2_core/lib:/root/aerostack2_ws/install/as2_msgs/lib:/root/aerostack2_ws/install/as2_swarm_person_interfaces/lib:/root/aerostack2_ws/install/as2_state_estimator/lib:/root/aerostack2_ws/install/as2_python_api/lib:/root/aerostack2_ws/install/as2_motion_controller/lib:/root/aerostack2_ws/install/as2_behaviors_trajectory_generation/lib:/root/aerostack2_ws/install/as2_behaviors_swarm_flocking/lib:/root/aerostack2_ws/install/as2_behaviors_motion/lib:/root/aerostack2_ws/install/as2_motion_reference_handlers/lib:/root/aerostack2_ws/install/as2_map_server/lib:/root/aerostack2_ws/install/as2_gazebo_assets/lib:/root/aerostack2_ws/install/as2_behaviors_perception/lib:/root/aerostack2_ws/install/as2_behaviors_path_planning/lib:/root/aerostack2_ws/install/as2_behavior_tree/lib:/opt/ros/humble/opt/rviz_ogre_vendor/lib:/opt/ros/humble/lib/x86_64-linux-gnu:/opt/ros/humble/lib /usr/bin/cmake --install /root/aerostack2_ws/build/as2_behaviors_path_planning
[27.328s] DEBUG:colcon.colcon_core.event_handler.log_command:Invoked command in '/root/aerostack2_ws/build/as2_behaviors_perception' returned '0': CMAKE_PREFIX_PATH=/root/aerostack2_ws/install/as2_behavior:/root/aerostack2_ws/install/as2_core:/root/aerostack2_ws/install/as2_msgs:/root/aerostack2_ws/install/as2_swarm_person_interfaces:/root/aerostack2_ws/install/rmf_demos_gz_classic:/root/aerostack2_ws/install/rmf_demos_gz:/root/aerostack2_ws/install/rmf_demos:/root/aerostack2_ws/install/rmf_demos_maps:/root/aerostack2_ws/install/aerostack2:/root/aerostack2_ws/install/as2_usb_camera_interface:/root/aerostack2_ws/install/as2_state_estimator:/root/aerostack2_ws/install/as2_rviz_plugins:/root/aerostack2_ws/install/as2_realsense_interface:/root/aerostack2_ws/install/as2_platform_multirotor_simulator:/root/aerostack2_ws/install/as2_platform_gazebo:/root/aerostack2_ws/install/as2_motion_controller:/root/aerostack2_ws/install/as2_behaviors_trajectory_generation:/root/aerostack2_ws/install/as2_behaviors_swarm_flocking:/root/aerostack2_ws/install/as2_behaviors_motion:/root/aerostack2_ws/install/as2_motion_reference_handlers:/root/aerostack2_ws/install/as2_map_server:/root/aerostack2_ws/install/as2_geozones:/root/aerostack2_ws/install/as2_gazebo_assets:/root/aerostack2_ws/install/as2_external_object_to_tf:/root/aerostack2_ws/install/as2_behaviors_platform:/root/aerostack2_ws/install/as2_behaviors_perception:/root/aerostack2_ws/install/as2_behaviors_path_planning:/root/aerostack2_ws/install/as2_behavior_tree:/root/aerostack2_ws/install/as2_alphanumeric_viewer:/root/aerostack2_ws/install/as2_cli:/root/aerostack2_ws/install/as2_swarm_person_tracking:/root/aerostack2_ws/install/as2_swarm_ci_fusion_people:/root/aerostack2_ws/install/rmf_demos_tasks:/root/aerostack2_ws/install/rmf_demos_panel:/root/aerostack2_ws/install/rmf_demos_fleet_adapter:/root/aerostack2_ws/install/rmf_demos_dashboard_resources:/root/aerostack2_ws/install/rmf_demos_bridges:/root/aerostack2_ws/install/rmf_demos_assets:/root/aerostack2_ws/install/as2_visualization:/root/aerostack2_ws/install/as2_swarm_perception:/root/aerostack2_ws/install/as2_swarm_fusion_ci:/root/aerostack2_ws/install/as2_swarm_ekf:/root/aerostack2_ws/install/as2_keyboard_teleoperation:/root/aerostack2_ws/install/as2_python_api:/root/aerostack2_ws/install/as2_project_bringup:/root/aerostack2_ws/install/as2_perception:/root/aerostack2_ws/install/as2_groundray_perception:/opt/ros/humble LD_LIBRARY_PATH=/root/aerostack2_ws/install/as2_behavior/lib:/root/aerostack2_ws/install/as2_core/lib:/root/aerostack2_ws/install/as2_msgs/lib:/root/aerostack2_ws/install/as2_swarm_person_interfaces/lib:/root/aerostack2_ws/install/as2_state_estimator/lib:/root/aerostack2_ws/install/as2_python_api/lib:/root/aerostack2_ws/install/as2_motion_controller/lib:/root/aerostack2_ws/install/as2_behaviors_trajectory_generation/lib:/root/aerostack2_ws/install/as2_behaviors_swarm_flocking/lib:/root/aerostack2_ws/install/as2_behaviors_motion/lib:/root/aerostack2_ws/install/as2_motion_reference_handlers/lib:/root/aerostack2_ws/install/as2_map_server/lib:/root/aerostack2_ws/install/as2_gazebo_assets/lib:/root/aerostack2_ws/install/as2_behaviors_perception/lib:/root/aerostack2_ws/install/as2_behaviors_path_planning/lib:/root/aerostack2_ws/install/as2_behavior_tree/lib:/opt/ros/humble/opt/rviz_ogre_vendor/lib:/opt/ros/humble/lib/x86_64-linux-gnu:/opt/ros/humble/lib /usr/bin/cmake --build /root/aerostack2_ws/build/as2_behaviors_perception -- -j8 -l8
[27.329s] DEBUG:colcon.colcon_core.event_handler.log_command:Invoking command in '/root/aerostack2_ws/build/as2_behaviors_perception': CMAKE_PREFIX_PATH=/root/aerostack2_ws/install/as2_behavior:/root/aerostack2_ws/install/as2_core:/root/aerostack2_ws/install/as2_msgs:/root/aerostack2_ws/install/as2_swarm_person_interfaces:/root/aerostack2_ws/install/rmf_demos_gz_classic:/root/aerostack2_ws/install/rmf_demos_gz:/root/aerostack2_ws/install/rmf_demos:/root/aerostack2_ws/install/rmf_demos_maps:/root/aerostack2_ws/install/aerostack2:/root/aerostack2_ws/install/as2_usb_camera_interface:/root/aerostack2_ws/install/as2_state_estimator:/root/aerostack2_ws/install/as2_rviz_plugins:/root/aerostack2_ws/install/as2_realsense_interface:/root/aerostack2_ws/install/as2_platform_multirotor_simulator:/root/aerostack2_ws/install/as2_platform_gazebo:/root/aerostack2_ws/install/as2_motion_controller:/root/aerostack2_ws/install/as2_behaviors_trajectory_generation:/root/aerostack2_ws/install/as2_behaviors_swarm_flocking:/root/aerostack2_ws/install/as2_behaviors_motion:/root/aerostack2_ws/install/as2_motion_reference_handlers:/root/aerostack2_ws/install/as2_map_server:/root/aerostack2_ws/install/as2_geozones:/root/aerostack2_ws/install/as2_gazebo_assets:/root/aerostack2_ws/install/as2_external_object_to_tf:/root/aerostack2_ws/install/as2_behaviors_platform:/root/aerostack2_ws/install/as2_behaviors_perception:/root/aerostack2_ws/install/as2_behaviors_path_planning:/root/aerostack2_ws/install/as2_behavior_tree:/root/aerostack2_ws/install/as2_alphanumeric_viewer:/root/aerostack2_ws/install/as2_cli:/root/aerostack2_ws/install/as2_swarm_person_tracking:/root/aerostack2_ws/install/as2_swarm_ci_fusion_people:/root/aerostack2_ws/install/rmf_demos_tasks:/root/aerostack2_ws/install/rmf_demos_panel:/root/aerostack2_ws/install/rmf_demos_fleet_adapter:/root/aerostack2_ws/install/rmf_demos_dashboard_resources:/root/aerostack2_ws/install/rmf_demos_bridges:/root/aerostack2_ws/install/rmf_demos_assets:/root/aerostack2_ws/install/as2_visualization:/root/aerostack2_ws/install/as2_swarm_perception:/root/aerostack2_ws/install/as2_swarm_fusion_ci:/root/aerostack2_ws/install/as2_swarm_ekf:/root/aerostack2_ws/install/as2_keyboard_teleoperation:/root/aerostack2_ws/install/as2_python_api:/root/aerostack2_ws/install/as2_project_bringup:/root/aerostack2_ws/install/as2_perception:/root/aerostack2_ws/install/as2_groundray_perception:/opt/ros/humble LD_LIBRARY_PATH=/root/aerostack2_ws/install/as2_behavior/lib:/root/aerostack2_ws/install/as2_core/lib:/root/aerostack2_ws/install/as2_msgs/lib:/root/aerostack2_ws/install/as2_swarm_person_interfaces/lib:/root/aerostack2_ws/install/as2_state_estimator/lib:/root/aerostack2_ws/install/as2_python_api/lib:/root/aerostack2_ws/install/as2_motion_controller/lib:/root/aerostack2_ws/install/as2_behaviors_trajectory_generation/lib:/root/aerostack2_ws/install/as2_behaviors_swarm_flocking/lib:/root/aerostack2_ws/install/as2_behaviors_motion/lib:/root/aerostack2_ws/install/as2_motion_reference_handlers/lib:/root/aerostack2_ws/install/as2_map_server/lib:/root/aerostack2_ws/install/as2_gazebo_assets/lib:/root/aerostack2_ws/install/as2_behaviors_perception/lib:/root/aerostack2_ws/install/as2_behaviors_path_planning/lib:/root/aerostack2_ws/install/as2_behavior_tree/lib:/opt/ros/humble/opt/rviz_ogre_vendor/lib:/opt/ros/humble/lib/x86_64-linux-gnu:/opt/ros/humble/lib /usr/bin/cmake --install /root/aerostack2_ws/build/as2_behaviors_perception
[27.345s] DEBUG:colcon.colcon_core.event_handler.log_command:Invoking command in '/root/aerostack2_ws/build/as2_behaviors_trajectory_generation': CMAKE_PREFIX_PATH=/root/aerostack2_ws/install/as2_motion_reference_handlers:/root/aerostack2_ws/install/as2_behavior:/root/aerostack2_ws/install/as2_core:/root/aerostack2_ws/install/as2_msgs:/root/aerostack2_ws/install/as2_swarm_person_interfaces:/root/aerostack2_ws/install/rmf_demos_gz_classic:/root/aerostack2_ws/install/rmf_demos_gz:/root/aerostack2_ws/install/rmf_demos:/root/aerostack2_ws/install/rmf_demos_maps:/root/aerostack2_ws/install/aerostack2:/root/aerostack2_ws/install/as2_usb_camera_interface:/root/aerostack2_ws/install/as2_state_estimator:/root/aerostack2_ws/install/as2_rviz_plugins:/root/aerostack2_ws/install/as2_realsense_interface:/root/aerostack2_ws/install/as2_platform_multirotor_simulator:/root/aerostack2_ws/install/as2_platform_gazebo:/root/aerostack2_ws/install/as2_motion_controller:/root/aerostack2_ws/install/as2_behaviors_trajectory_generation:/root/aerostack2_ws/install/as2_behaviors_swarm_flocking:/root/aerostack2_ws/install/as2_behaviors_motion:/root/aerostack2_ws/install/as2_map_server:/root/aerostack2_ws/install/as2_geozones:/root/aerostack2_ws/install/as2_gazebo_assets:/root/aerostack2_ws/install/as2_external_object_to_tf:/root/aerostack2_ws/install/as2_behaviors_platform:/root/aerostack2_ws/install/as2_behaviors_perception:/root/aerostack2_ws/install/as2_behaviors_path_planning:/root/aerostack2_ws/install/as2_behavior_tree:/root/aerostack2_ws/install/as2_alphanumeric_viewer:/root/aerostack2_ws/install/as2_cli:/root/aerostack2_ws/install/as2_swarm_person_tracking:/root/aerostack2_ws/install/as2_swarm_ci_fusion_people:/root/aerostack2_ws/install/rmf_demos_tasks:/root/aerostack2_ws/install/rmf_demos_panel:/root/aerostack2_ws/install/rmf_demos_fleet_adapter:/root/aerostack2_ws/install/rmf_demos_dashboard_resources:/root/aerostack2_ws/install/rmf_demos_bridges:/root/aerostack2_ws/install/rmf_demos_assets:/root/aerostack2_ws/install/as2_visualization:/root/aerostack2_ws/install/as2_swarm_perception:/root/aerostack2_ws/install/as2_swarm_fusion_ci:/root/aerostack2_ws/install/as2_swarm_ekf:/root/aerostack2_ws/install/as2_keyboard_teleoperation:/root/aerostack2_ws/install/as2_python_api:/root/aerostack2_ws/install/as2_project_bringup:/root/aerostack2_ws/install/as2_perception:/root/aerostack2_ws/install/as2_groundray_perception:/opt/ros/humble LD_LIBRARY_PATH=/root/aerostack2_ws/install/as2_behavior/lib:/root/aerostack2_ws/install/as2_core/lib:/root/aerostack2_ws/install/as2_msgs/lib:/root/aerostack2_ws/install/as2_swarm_person_interfaces/lib:/root/aerostack2_ws/install/as2_state_estimator/lib:/root/aerostack2_ws/install/as2_python_api/lib:/root/aerostack2_ws/install/as2_motion_controller/lib:/root/aerostack2_ws/install/as2_behaviors_trajectory_generation/lib:/root/aerostack2_ws/install/as2_behaviors_swarm_flocking/lib:/root/aerostack2_ws/install/as2_behaviors_motion/lib:/root/aerostack2_ws/install/as2_motion_reference_handlers/lib:/root/aerostack2_ws/install/as2_map_server/lib:/root/aerostack2_ws/install/as2_gazebo_assets/lib:/root/aerostack2_ws/install/as2_behaviors_perception/lib:/root/aerostack2_ws/install/as2_behaviors_path_planning/lib:/root/aerostack2_ws/install/as2_behavior_tree/lib:/opt/ros/humble/opt/rviz_ogre_vendor/lib:/opt/ros/humble/lib/x86_64-linux-gnu:/opt/ros/humble/lib /usr/bin/cmake --build /root/aerostack2_ws/build/as2_behaviors_trajectory_generation -- -j8 -l8
[27.368s] DEBUG:colcon.colcon_core.event_handler.log_command:Invoked command in '/root/aerostack2_ws/build/as2_platform_multirotor_simulator' returned '0': CMAKE_PREFIX_PATH=/root/aerostack2_ws/install/as2_core:/root/aerostack2_ws/install/as2_msgs:/root/aerostack2_ws/install/as2_swarm_person_interfaces:/root/aerostack2_ws/install/rmf_demos_gz_classic:/root/aerostack2_ws/install/rmf_demos_gz:/root/aerostack2_ws/install/rmf_demos:/root/aerostack2_ws/install/rmf_demos_maps:/root/aerostack2_ws/install/aerostack2:/root/aerostack2_ws/install/as2_usb_camera_interface:/root/aerostack2_ws/install/as2_state_estimator:/root/aerostack2_ws/install/as2_rviz_plugins:/root/aerostack2_ws/install/as2_realsense_interface:/root/aerostack2_ws/install/as2_platform_multirotor_simulator:/root/aerostack2_ws/install/as2_platform_gazebo:/root/aerostack2_ws/install/as2_motion_controller:/root/aerostack2_ws/install/as2_behaviors_trajectory_generation:/root/aerostack2_ws/install/as2_behaviors_swarm_flocking:/root/aerostack2_ws/install/as2_behaviors_motion:/root/aerostack2_ws/install/as2_motion_reference_handlers:/root/aerostack2_ws/install/as2_map_server:/root/aerostack2_ws/install/as2_geozones:/root/aerostack2_ws/install/as2_gazebo_assets:/root/aerostack2_ws/install/as2_external_object_to_tf:/root/aerostack2_ws/install/as2_behaviors_platform:/root/aerostack2_ws/install/as2_behaviors_perception:/root/aerostack2_ws/install/as2_behaviors_path_planning:/root/aerostack2_ws/install/as2_behavior_tree:/root/aerostack2_ws/install/as2_behavior:/root/aerostack2_ws/install/as2_alphanumeric_viewer:/root/aerostack2_ws/install/as2_cli:/root/aerostack2_ws/install/as2_swarm_person_tracking:/root/aerostack2_ws/install/as2_swarm_ci_fusion_people:/root/aerostack2_ws/install/rmf_demos_tasks:/root/aerostack2_ws/install/rmf_demos_panel:/root/aerostack2_ws/install/rmf_demos_fleet_adapter:/root/aerostack2_ws/install/rmf_demos_dashboard_resources:/root/aerostack2_ws/install/rmf_demos_bridges:/root/aerostack2_ws/install/rmf_demos_assets:/root/aerostack2_ws/install/as2_visualization:/root/aerostack2_ws/install/as2_swarm_perception:/root/aerostack2_ws/install/as2_swarm_fusion_ci:/root/aerostack2_ws/install/as2_swarm_ekf:/root/aerostack2_ws/install/as2_keyboard_teleoperation:/root/aerostack2_ws/install/as2_python_api:/root/aerostack2_ws/install/as2_project_bringup:/root/aerostack2_ws/install/as2_perception:/root/aerostack2_ws/install/as2_groundray_perception:/opt/ros/humble LD_LIBRARY_PATH=/root/aerostack2_ws/install/as2_core/lib:/root/aerostack2_ws/install/as2_msgs/lib:/root/aerostack2_ws/install/as2_swarm_person_interfaces/lib:/root/aerostack2_ws/install/as2_state_estimator/lib:/root/aerostack2_ws/install/as2_python_api/lib:/root/aerostack2_ws/install/as2_motion_controller/lib:/root/aerostack2_ws/install/as2_behaviors_trajectory_generation/lib:/root/aerostack2_ws/install/as2_behaviors_swarm_flocking/lib:/root/aerostack2_ws/install/as2_behaviors_motion/lib:/root/aerostack2_ws/install/as2_motion_reference_handlers/lib:/root/aerostack2_ws/install/as2_map_server/lib:/root/aerostack2_ws/install/as2_gazebo_assets/lib:/root/aerostack2_ws/install/as2_behaviors_perception/lib:/root/aerostack2_ws/install/as2_behaviors_path_planning/lib:/root/aerostack2_ws/install/as2_behavior_tree/lib:/root/aerostack2_ws/install/as2_behavior/lib:/opt/ros/humble/opt/rviz_ogre_vendor/lib:/opt/ros/humble/lib/x86_64-linux-gnu:/opt/ros/humble/lib /usr/bin/cmake --build /root/aerostack2_ws/build/as2_platform_multirotor_simulator -- -j8 -l8
[27.369s] DEBUG:colcon.colcon_core.event_handler.log_command:Invoking command in '/root/aerostack2_ws/build/as2_platform_multirotor_simulator': CMAKE_PREFIX_PATH=/root/aerostack2_ws/install/as2_core:/root/aerostack2_ws/install/as2_msgs:/root/aerostack2_ws/install/as2_swarm_person_interfaces:/root/aerostack2_ws/install/rmf_demos_gz_classic:/root/aerostack2_ws/install/rmf_demos_gz:/root/aerostack2_ws/install/rmf_demos:/root/aerostack2_ws/install/rmf_demos_maps:/root/aerostack2_ws/install/aerostack2:/root/aerostack2_ws/install/as2_usb_camera_interface:/root/aerostack2_ws/install/as2_state_estimator:/root/aerostack2_ws/install/as2_rviz_plugins:/root/aerostack2_ws/install/as2_realsense_interface:/root/aerostack2_ws/install/as2_platform_multirotor_simulator:/root/aerostack2_ws/install/as2_platform_gazebo:/root/aerostack2_ws/install/as2_motion_controller:/root/aerostack2_ws/install/as2_behaviors_trajectory_generation:/root/aerostack2_ws/install/as2_behaviors_swarm_flocking:/root/aerostack2_ws/install/as2_behaviors_motion:/root/aerostack2_ws/install/as2_motion_reference_handlers:/root/aerostack2_ws/install/as2_map_server:/root/aerostack2_ws/install/as2_geozones:/root/aerostack2_ws/install/as2_gazebo_assets:/root/aerostack2_ws/install/as2_external_object_to_tf:/root/aerostack2_ws/install/as2_behaviors_platform:/root/aerostack2_ws/install/as2_behaviors_perception:/root/aerostack2_ws/install/as2_behaviors_path_planning:/root/aerostack2_ws/install/as2_behavior_tree:/root/aerostack2_ws/install/as2_behavior:/root/aerostack2_ws/install/as2_alphanumeric_viewer:/root/aerostack2_ws/install/as2_cli:/root/aerostack2_ws/install/as2_swarm_person_tracking:/root/aerostack2_ws/install/as2_swarm_ci_fusion_people:/root/aerostack2_ws/install/rmf_demos_tasks:/root/aerostack2_ws/install/rmf_demos_panel:/root/aerostack2_ws/install/rmf_demos_fleet_adapter:/root/aerostack2_ws/install/rmf_demos_dashboard_resources:/root/aerostack2_ws/install/rmf_demos_bridges:/root/aerostack2_ws/install/rmf_demos_assets:/root/aerostack2_ws/install/as2_visualization:/root/aerostack2_ws/install/as2_swarm_perception:/root/aerostack2_ws/install/as2_swarm_fusion_ci:/root/aerostack2_ws/install/as2_swarm_ekf:/root/aerostack2_ws/install/as2_keyboard_teleoperation:/root/aerostack2_ws/install/as2_python_api:/root/aerostack2_ws/install/as2_project_bringup:/root/aerostack2_ws/install/as2_perception:/root/aerostack2_ws/install/as2_groundray_perception:/opt/ros/humble LD_LIBRARY_PATH=/root/aerostack2_ws/install/as2_core/lib:/root/aerostack2_ws/install/as2_msgs/lib:/root/aerostack2_ws/install/as2_swarm_person_interfaces/lib:/root/aerostack2_ws/install/as2_state_estimator/lib:/root/aerostack2_ws/install/as2_python_api/lib:/root/aerostack2_ws/install/as2_motion_controller/lib:/root/aerostack2_ws/install/as2_behaviors_trajectory_generation/lib:/root/aerostack2_ws/install/as2_behaviors_swarm_flocking/lib:/root/aerostack2_ws/install/as2_behaviors_motion/lib:/root/aerostack2_ws/install/as2_motion_reference_handlers/lib:/root/aerostack2_ws/install/as2_map_server/lib:/root/aerostack2_ws/install/as2_gazebo_assets/lib:/root/aerostack2_ws/install/as2_behaviors_perception/lib:/root/aerostack2_ws/install/as2_behaviors_path_planning/lib:/root/aerostack2_ws/install/as2_behavior_tree/lib:/root/aerostack2_ws/install/as2_behavior/lib:/opt/ros/humble/opt/rviz_ogre_vendor/lib:/opt/ros/humble/lib/x86_64-linux-gnu:/opt/ros/humble/lib /usr/bin/cmake --install /root/aerostack2_ws/build/as2_platform_multirotor_simulator
[27.382s] Level 1:colcon.colcon_core.environment:create_environment_scripts_only(as2_state_estimator)
[27.383s] Level 1:colcon.colcon_core.environment:checking '/root/aerostack2_ws/install/as2_state_estimator' for CMake module files
[27.389s] DEBUG:colcon.colcon_core.event_handler.log_command:Invoked command in '/root/aerostack2_ws/build/as2_state_estimator' returned '0': CMAKE_PREFIX_PATH=/root/aerostack2_ws/install/as2_core:/root/aerostack2_ws/install/as2_msgs:/root/aerostack2_ws/install/as2_swarm_person_interfaces:/root/aerostack2_ws/install/rmf_demos_gz_classic:/root/aerostack2_ws/install/rmf_demos_gz:/root/aerostack2_ws/install/rmf_demos:/root/aerostack2_ws/install/rmf_demos_maps:/root/aerostack2_ws/install/aerostack2:/root/aerostack2_ws/install/as2_usb_camera_interface:/root/aerostack2_ws/install/as2_state_estimator:/root/aerostack2_ws/install/as2_rviz_plugins:/root/aerostack2_ws/install/as2_realsense_interface:/root/aerostack2_ws/install/as2_platform_multirotor_simulator:/root/aerostack2_ws/install/as2_platform_gazebo:/root/aerostack2_ws/install/as2_motion_controller:/root/aerostack2_ws/install/as2_behaviors_trajectory_generation:/root/aerostack2_ws/install/as2_behaviors_swarm_flocking:/root/aerostack2_ws/install/as2_behaviors_motion:/root/aerostack2_ws/install/as2_motion_reference_handlers:/root/aerostack2_ws/install/as2_map_server:/root/aerostack2_ws/install/as2_geozones:/root/aerostack2_ws/install/as2_gazebo_assets:/root/aerostack2_ws/install/as2_external_object_to_tf:/root/aerostack2_ws/install/as2_behaviors_platform:/root/aerostack2_ws/install/as2_behaviors_perception:/root/aerostack2_ws/install/as2_behaviors_path_planning:/root/aerostack2_ws/install/as2_behavior_tree:/root/aerostack2_ws/install/as2_behavior:/root/aerostack2_ws/install/as2_alphanumeric_viewer:/root/aerostack2_ws/install/as2_cli:/root/aerostack2_ws/install/as2_swarm_person_tracking:/root/aerostack2_ws/install/as2_swarm_ci_fusion_people:/root/aerostack2_ws/install/rmf_demos_tasks:/root/aerostack2_ws/install/rmf_demos_panel:/root/aerostack2_ws/install/rmf_demos_fleet_adapter:/root/aerostack2_ws/install/rmf_demos_dashboard_resources:/root/aerostack2_ws/install/rmf_demos_bridges:/root/aerostack2_ws/install/rmf_demos_assets:/root/aerostack2_ws/install/as2_visualization:/root/aerostack2_ws/install/as2_swarm_perception:/root/aerostack2_ws/install/as2_swarm_fusion_ci:/root/aerostack2_ws/install/as2_swarm_ekf:/root/aerostack2_ws/install/as2_keyboard_teleoperation:/root/aerostack2_ws/install/as2_python_api:/root/aerostack2_ws/install/as2_project_bringup:/root/aerostack2_ws/install/as2_perception:/root/aerostack2_ws/install/as2_groundray_perception:/opt/ros/humble LD_LIBRARY_PATH=/root/aerostack2_ws/install/as2_core/lib:/root/aerostack2_ws/install/as2_msgs/lib:/root/aerostack2_ws/install/as2_swarm_person_interfaces/lib:/root/aerostack2_ws/install/as2_state_estimator/lib:/root/aerostack2_ws/install/as2_python_api/lib:/root/aerostack2_ws/install/as2_motion_controller/lib:/root/aerostack2_ws/install/as2_behaviors_trajectory_generation/lib:/root/aerostack2_ws/install/as2_behaviors_swarm_flocking/lib:/root/aerostack2_ws/install/as2_behaviors_motion/lib:/root/aerostack2_ws/install/as2_motion_reference_handlers/lib:/root/aerostack2_ws/install/as2_map_server/lib:/root/aerostack2_ws/install/as2_gazebo_assets/lib:/root/aerostack2_ws/install/as2_behaviors_perception/lib:/root/aerostack2_ws/install/as2_behaviors_path_planning/lib:/root/aerostack2_ws/install/as2_behavior_tree/lib:/root/aerostack2_ws/install/as2_behavior/lib:/opt/ros/humble/opt/rviz_ogre_vendor/lib:/opt/ros/humble/lib/x86_64-linux-gnu:/opt/ros/humble/lib /usr/bin/cmake --install /root/aerostack2_ws/build/as2_state_estimator
[27.390s] Level 1:colcon.colcon_core.environment:checking '/root/aerostack2_ws/install/as2_state_estimator' for CMake config files
[27.394s] Level 1:colcon.colcon_core.shell:create_environment_hook('as2_state_estimator', 'cmake_prefix_path')
[27.394s] INFO:colcon.colcon_core.shell:Creating environment hook '/root/aerostack2_ws/install/as2_state_estimator/share/as2_state_estimator/hook/cmake_prefix_path.ps1'
[27.395s] INFO:colcon.colcon_core.shell:Creating environment descriptor '/root/aerostack2_ws/install/as2_state_estimator/share/as2_state_estimator/hook/cmake_prefix_path.dsv'
[27.395s] INFO:colcon.colcon_core.shell:Creating environment hook '/root/aerostack2_ws/install/as2_state_estimator/share/as2_state_estimator/hook/cmake_prefix_path.sh'
[27.397s] Level 1:colcon.colcon_core.environment:checking '/root/aerostack2_ws/install/as2_state_estimator/lib'
[27.398s] Level 1:colcon.colcon_core.shell:create_environment_hook('as2_state_estimator', 'ld_library_path_lib')
[27.399s] INFO:colcon.colcon_core.shell:Creating environment hook '/root/aerostack2_ws/install/as2_state_estimator/share/as2_state_estimator/hook/ld_library_path_lib.ps1'
[27.400s] INFO:colcon.colcon_core.shell:Creating environment descriptor '/root/aerostack2_ws/install/as2_state_estimator/share/as2_state_estimator/hook/ld_library_path_lib.dsv'
[27.403s] INFO:colcon.colcon_core.shell:Creating environment hook '/root/aerostack2_ws/install/as2_state_estimator/share/as2_state_estimator/hook/ld_library_path_lib.sh'
[27.403s] Level 1:colcon.colcon_core.environment:checking '/root/aerostack2_ws/install/as2_state_estimator/bin'
[27.404s] Level 1:colcon.colcon_core.environment:checking '/root/aerostack2_ws/install/as2_state_estimator/lib/pkgconfig/as2_state_estimator.pc'
[27.404s] Level 1:colcon.colcon_core.environment:checking '/root/aerostack2_ws/install/as2_state_estimator/lib/python3.10/site-packages'
[27.404s] Level 1:colcon.colcon_core.environment:checking '/root/aerostack2_ws/install/as2_state_estimator/bin'
[27.405s] INFO:colcon.colcon_core.shell:Creating package script '/root/aerostack2_ws/install/as2_state_estimator/share/as2_state_estimator/package.ps1'
[27.406s] INFO:colcon.colcon_core.shell:Creating package descriptor '/root/aerostack2_ws/install/as2_state_estimator/share/as2_state_estimator/package.dsv'
[27.407s] INFO:colcon.colcon_core.shell:Creating package script '/root/aerostack2_ws/install/as2_state_estimator/share/as2_state_estimator/package.sh'
[27.407s] INFO:colcon.colcon_core.shell:Creating package script '/root/aerostack2_ws/install/as2_state_estimator/share/as2_state_estimator/package.bash'
[27.408s] INFO:colcon.colcon_core.shell:Creating package script '/root/aerostack2_ws/install/as2_state_estimator/share/as2_state_estimator/package.zsh'
[27.408s] Level 1:colcon.colcon_core.environment:create_file_with_runtime_dependencies(/root/aerostack2_ws/install/as2_state_estimator/share/colcon-core/packages/as2_state_estimator)
[27.409s] Level 1:colcon.colcon_core.environment:create_environment_scripts_only(as2_state_estimator)
[27.410s] Level 1:colcon.colcon_core.environment:checking '/root/aerostack2_ws/install/as2_state_estimator' for CMake module files
[27.412s] Level 1:colcon.colcon_core.environment:checking '/root/aerostack2_ws/install/as2_state_estimator' for CMake config files
[27.412s] Level 1:colcon.colcon_core.shell:create_environment_hook('as2_state_estimator', 'cmake_prefix_path')
[27.413s] INFO:colcon.colcon_core.shell:Creating environment hook '/root/aerostack2_ws/install/as2_state_estimator/share/as2_state_estimator/hook/cmake_prefix_path.ps1'
[27.413s] INFO:colcon.colcon_core.shell:Creating environment descriptor '/root/aerostack2_ws/install/as2_state_estimator/share/as2_state_estimator/hook/cmake_prefix_path.dsv'
[27.414s] INFO:colcon.colcon_core.shell:Creating environment hook '/root/aerostack2_ws/install/as2_state_estimator/share/as2_state_estimator/hook/cmake_prefix_path.sh'
[27.414s] Level 1:colcon.colcon_core.environment:checking '/root/aerostack2_ws/install/as2_state_estimator/lib'
[27.414s] Level 1:colcon.colcon_core.shell:create_environment_hook('as2_state_estimator', 'ld_library_path_lib')
[27.414s] INFO:colcon.colcon_core.shell:Creating environment hook '/root/aerostack2_ws/install/as2_state_estimator/share/as2_state_estimator/hook/ld_library_path_lib.ps1'
[27.415s] INFO:colcon.colcon_core.shell:Creating environment descriptor '/root/aerostack2_ws/install/as2_state_estimator/share/as2_state_estimator/hook/ld_library_path_lib.dsv'
[27.415s] INFO:colcon.colcon_core.shell:Creating environment hook '/root/aerostack2_ws/install/as2_state_estimator/share/as2_state_estimator/hook/ld_library_path_lib.sh'
[27.416s] Level 1:colcon.colcon_core.environment:checking '/root/aerostack2_ws/install/as2_state_estimator/bin'
[27.416s] Level 1:colcon.colcon_core.environment:checking '/root/aerostack2_ws/install/as2_state_estimator/lib/pkgconfig/as2_state_estimator.pc'
[27.416s] Level 1:colcon.colcon_core.environment:checking '/root/aerostack2_ws/install/as2_state_estimator/lib/python3.10/site-packages'
[27.416s] Level 1:colcon.colcon_core.environment:checking '/root/aerostack2_ws/install/as2_state_estimator/bin'
[27.417s] INFO:colcon.colcon_core.shell:Creating package script '/root/aerostack2_ws/install/as2_state_estimator/share/as2_state_estimator/package.ps1'
[27.417s] INFO:colcon.colcon_core.shell:Creating package descriptor '/root/aerostack2_ws/install/as2_state_estimator/share/as2_state_estimator/package.dsv'
[27.418s] INFO:colcon.colcon_core.shell:Creating package script '/root/aerostack2_ws/install/as2_state_estimator/share/as2_state_estimator/package.sh'
[27.418s] INFO:colcon.colcon_core.shell:Creating package script '/root/aerostack2_ws/install/as2_state_estimator/share/as2_state_estimator/package.bash'
[27.419s] INFO:colcon.colcon_core.shell:Creating package script '/root/aerostack2_ws/install/as2_state_estimator/share/as2_state_estimator/package.zsh'
[27.419s] Level 1:colcon.colcon_core.environment:create_file_with_runtime_dependencies(/root/aerostack2_ws/install/as2_state_estimator/share/colcon-core/packages/as2_state_estimator)
[27.426s] INFO:colcon.colcon_ros.task.ament_cmake.build:Building ROS package in '/root/aerostack2_ws/src/aerostack2/as2_motion_controller' with build type 'ament_cmake'
[27.429s] INFO:colcon.colcon_cmake.task.cmake.build:Building CMake package in '/root/aerostack2_ws/src/aerostack2/as2_motion_controller'
[27.429s] INFO:colcon.colcon_core.shell:Skip shell extension 'powershell' for command environment: Not usable outside of PowerShell
[27.429s] DEBUG:colcon.colcon_core.shell:Skip shell extension 'dsv' for command environment
[27.478s] Level 1:colcon.colcon_core.environment:create_environment_scripts_only(as2_behaviors_platform)
[27.478s] Level 1:colcon.colcon_core.environment:checking '/root/aerostack2_ws/install/as2_behaviors_platform' for CMake module files
[27.479s] Level 1:colcon.colcon_core.environment:checking '/root/aerostack2_ws/install/as2_behaviors_platform' for CMake config files
[27.479s] Level 1:colcon.colcon_core.shell:create_environment_hook('as2_behaviors_platform', 'cmake_prefix_path')
[27.479s] INFO:colcon.colcon_core.shell:Creating environment hook '/root/aerostack2_ws/install/as2_behaviors_platform/share/as2_behaviors_platform/hook/cmake_prefix_path.ps1'
[27.492s] INFO:colcon.colcon_core.shell:Creating environment descriptor '/root/aerostack2_ws/install/as2_behaviors_platform/share/as2_behaviors_platform/hook/cmake_prefix_path.dsv'
[27.501s] INFO:colcon.colcon_core.shell:Creating environment hook '/root/aerostack2_ws/install/as2_behaviors_platform/share/as2_behaviors_platform/hook/cmake_prefix_path.sh'
[27.502s] DEBUG:colcon.colcon_core.event_handler.log_command:Invoked command in '/root/aerostack2_ws/build/as2_behaviors_platform' returned '0': CMAKE_PREFIX_PATH=/root/aerostack2_ws/install/as2_behavior:/root/aerostack2_ws/install/as2_core:/root/aerostack2_ws/install/as2_msgs:/root/aerostack2_ws/install/as2_swarm_person_interfaces:/root/aerostack2_ws/install/rmf_demos_gz_classic:/root/aerostack2_ws/install/rmf_demos_gz:/root/aerostack2_ws/install/rmf_demos:/root/aerostack2_ws/install/rmf_demos_maps:/root/aerostack2_ws/install/aerostack2:/root/aerostack2_ws/install/as2_usb_camera_interface:/root/aerostack2_ws/install/as2_state_estimator:/root/aerostack2_ws/install/as2_rviz_plugins:/root/aerostack2_ws/install/as2_realsense_interface:/root/aerostack2_ws/install/as2_platform_multirotor_simulator:/root/aerostack2_ws/install/as2_platform_gazebo:/root/aerostack2_ws/install/as2_motion_controller:/root/aerostack2_ws/install/as2_behaviors_trajectory_generation:/root/aerostack2_ws/install/as2_behaviors_swarm_flocking:/root/aerostack2_ws/install/as2_behaviors_motion:/root/aerostack2_ws/install/as2_motion_reference_handlers:/root/aerostack2_ws/install/as2_map_server:/root/aerostack2_ws/install/as2_geozones:/root/aerostack2_ws/install/as2_gazebo_assets:/root/aerostack2_ws/install/as2_external_object_to_tf:/root/aerostack2_ws/install/as2_behaviors_platform:/root/aerostack2_ws/install/as2_behaviors_perception:/root/aerostack2_ws/install/as2_behaviors_path_planning:/root/aerostack2_ws/install/as2_behavior_tree:/root/aerostack2_ws/install/as2_alphanumeric_viewer:/root/aerostack2_ws/install/as2_cli:/root/aerostack2_ws/install/as2_swarm_person_tracking:/root/aerostack2_ws/install/as2_swarm_ci_fusion_people:/root/aerostack2_ws/install/rmf_demos_tasks:/root/aerostack2_ws/install/rmf_demos_panel:/root/aerostack2_ws/install/rmf_demos_fleet_adapter:/root/aerostack2_ws/install/rmf_demos_dashboard_resources:/root/aerostack2_ws/install/rmf_demos_bridges:/root/aerostack2_ws/install/rmf_demos_assets:/root/aerostack2_ws/install/as2_visualization:/root/aerostack2_ws/install/as2_swarm_perception:/root/aerostack2_ws/install/as2_swarm_fusion_ci:/root/aerostack2_ws/install/as2_swarm_ekf:/root/aerostack2_ws/install/as2_keyboard_teleoperation:/root/aerostack2_ws/install/as2_python_api:/root/aerostack2_ws/install/as2_project_bringup:/root/aerostack2_ws/install/as2_perception:/root/aerostack2_ws/install/as2_groundray_perception:/opt/ros/humble LD_LIBRARY_PATH=/root/aerostack2_ws/install/as2_behavior/lib:/root/aerostack2_ws/install/as2_core/lib:/root/aerostack2_ws/install/as2_msgs/lib:/root/aerostack2_ws/install/as2_swarm_person_interfaces/lib:/root/aerostack2_ws/install/as2_state_estimator/lib:/root/aerostack2_ws/install/as2_python_api/lib:/root/aerostack2_ws/install/as2_motion_controller/lib:/root/aerostack2_ws/install/as2_behaviors_trajectory_generation/lib:/root/aerostack2_ws/install/as2_behaviors_swarm_flocking/lib:/root/aerostack2_ws/install/as2_behaviors_motion/lib:/root/aerostack2_ws/install/as2_motion_reference_handlers/lib:/root/aerostack2_ws/install/as2_map_server/lib:/root/aerostack2_ws/install/as2_gazebo_assets/lib:/root/aerostack2_ws/install/as2_behaviors_perception/lib:/root/aerostack2_ws/install/as2_behaviors_path_planning/lib:/root/aerostack2_ws/install/as2_behavior_tree/lib:/opt/ros/humble/opt/rviz_ogre_vendor/lib:/opt/ros/humble/lib/x86_64-linux-gnu:/opt/ros/humble/lib /usr/bin/cmake --install /root/aerostack2_ws/build/as2_behaviors_platform
[27.506s] Level 1:colcon.colcon_core.environment:checking '/root/aerostack2_ws/install/as2_behaviors_platform/lib'
[27.506s] Level 1:colcon.colcon_core.environment:checking '/root/aerostack2_ws/install/as2_behaviors_platform/bin'
[27.511s] Level 1:colcon.colcon_core.environment:checking '/root/aerostack2_ws/install/as2_behaviors_platform/lib/pkgconfig/as2_behaviors_platform.pc'
[27.511s] Level 1:colcon.colcon_core.environment:checking '/root/aerostack2_ws/install/as2_behaviors_platform/lib/python3.10/site-packages'
[27.512s] Level 1:colcon.colcon_core.environment:checking '/root/aerostack2_ws/install/as2_behaviors_platform/bin'
[27.512s] INFO:colcon.colcon_core.shell:Creating package script '/root/aerostack2_ws/install/as2_behaviors_platform/share/as2_behaviors_platform/package.ps1'
[27.519s] INFO:colcon.colcon_core.shell:Creating package descriptor '/root/aerostack2_ws/install/as2_behaviors_platform/share/as2_behaviors_platform/package.dsv'
[27.519s] INFO:colcon.colcon_core.shell:Creating package script '/root/aerostack2_ws/install/as2_behaviors_platform/share/as2_behaviors_platform/package.sh'
[27.520s] INFO:colcon.colcon_core.shell:Creating package script '/root/aerostack2_ws/install/as2_behaviors_platform/share/as2_behaviors_platform/package.bash'
[27.520s] INFO:colcon.colcon_core.shell:Creating package script '/root/aerostack2_ws/install/as2_behaviors_platform/share/as2_behaviors_platform/package.zsh'
[27.521s] Level 1:colcon.colcon_core.environment:create_file_with_runtime_dependencies(/root/aerostack2_ws/install/as2_behaviors_platform/share/colcon-core/packages/as2_behaviors_platform)
[27.521s] Level 1:colcon.colcon_core.environment:create_environment_scripts_only(as2_behaviors_platform)
[27.522s] Level 1:colcon.colcon_core.environment:checking '/root/aerostack2_ws/install/as2_behaviors_platform' for CMake module files
[27.526s] Level 1:colcon.colcon_core.environment:checking '/root/aerostack2_ws/install/as2_behaviors_platform' for CMake config files
[27.527s] Level 1:colcon.colcon_core.shell:create_environment_hook('as2_behaviors_platform', 'cmake_prefix_path')
[27.527s] INFO:colcon.colcon_core.shell:Creating environment hook '/root/aerostack2_ws/install/as2_behaviors_platform/share/as2_behaviors_platform/hook/cmake_prefix_path.ps1'
[27.528s] INFO:colcon.colcon_core.shell:Creating environment descriptor '/root/aerostack2_ws/install/as2_behaviors_platform/share/as2_behaviors_platform/hook/cmake_prefix_path.dsv'
[27.528s] INFO:colcon.colcon_core.shell:Creating environment hook '/root/aerostack2_ws/install/as2_behaviors_platform/share/as2_behaviors_platform/hook/cmake_prefix_path.sh'
[27.529s] Level 1:colcon.colcon_core.environment:checking '/root/aerostack2_ws/install/as2_behaviors_platform/lib'
[27.529s] Level 1:colcon.colcon_core.environment:checking '/root/aerostack2_ws/install/as2_behaviors_platform/bin'
[27.529s] Level 1:colcon.colcon_core.environment:checking '/root/aerostack2_ws/install/as2_behaviors_platform/lib/pkgconfig/as2_behaviors_platform.pc'
[27.529s] Level 1:colcon.colcon_core.environment:checking '/root/aerostack2_ws/install/as2_behaviors_platform/lib/python3.10/site-packages'
[27.530s] Level 1:colcon.colcon_core.environment:checking '/root/aerostack2_ws/install/as2_behaviors_platform/bin'
[27.530s] INFO:colcon.colcon_core.shell:Creating package script '/root/aerostack2_ws/install/as2_behaviors_platform/share/as2_behaviors_platform/package.ps1'
[27.536s] INFO:colcon.colcon_core.shell:Creating package descriptor '/root/aerostack2_ws/install/as2_behaviors_platform/share/as2_behaviors_platform/package.dsv'
[27.536s] INFO:colcon.colcon_core.shell:Creating package script '/root/aerostack2_ws/install/as2_behaviors_platform/share/as2_behaviors_platform/package.sh'
[27.537s] INFO:colcon.colcon_core.shell:Creating package script '/root/aerostack2_ws/install/as2_behaviors_platform/share/as2_behaviors_platform/package.bash'
[27.537s] INFO:colcon.colcon_core.shell:Creating package script '/root/aerostack2_ws/install/as2_behaviors_platform/share/as2_behaviors_platform/package.zsh'
[27.539s] Level 1:colcon.colcon_core.environment:create_file_with_runtime_dependencies(/root/aerostack2_ws/install/as2_behaviors_platform/share/colcon-core/packages/as2_behaviors_platform)
[27.543s] INFO:colcon.colcon_ros.task.ament_cmake.build:Building ROS package in '/root/aerostack2_ws/src/aerostack2/as2_aerial_platforms/as2_platform_gazebo' with build type 'ament_cmake'
[27.544s] INFO:colcon.colcon_cmake.task.cmake.build:Building CMake package in '/root/aerostack2_ws/src/aerostack2/as2_aerial_platforms/as2_platform_gazebo'
[27.545s] INFO:colcon.colcon_core.shell:Skip shell extension 'powershell' for command environment: Not usable outside of PowerShell
[27.545s] DEBUG:colcon.colcon_core.shell:Skip shell extension 'dsv' for command environment
[27.565s] Level 1:colcon.colcon_core.environment:create_environment_scripts_only(as2_platform_multirotor_simulator)
[27.566s] Level 1:colcon.colcon_core.environment:checking '/root/aerostack2_ws/install/as2_platform_multirotor_simulator' for CMake module files
[27.566s] Level 1:colcon.colcon_core.environment:checking '/root/aerostack2_ws/install/as2_platform_multirotor_simulator' for CMake config files
[27.567s] DEBUG:colcon.colcon_core.event_handler.log_command:Invoked command in '/root/aerostack2_ws/build/as2_platform_multirotor_simulator' returned '0': CMAKE_PREFIX_PATH=/root/aerostack2_ws/install/as2_core:/root/aerostack2_ws/install/as2_msgs:/root/aerostack2_ws/install/as2_swarm_person_interfaces:/root/aerostack2_ws/install/rmf_demos_gz_classic:/root/aerostack2_ws/install/rmf_demos_gz:/root/aerostack2_ws/install/rmf_demos:/root/aerostack2_ws/install/rmf_demos_maps:/root/aerostack2_ws/install/aerostack2:/root/aerostack2_ws/install/as2_usb_camera_interface:/root/aerostack2_ws/install/as2_state_estimator:/root/aerostack2_ws/install/as2_rviz_plugins:/root/aerostack2_ws/install/as2_realsense_interface:/root/aerostack2_ws/install/as2_platform_multirotor_simulator:/root/aerostack2_ws/install/as2_platform_gazebo:/root/aerostack2_ws/install/as2_motion_controller:/root/aerostack2_ws/install/as2_behaviors_trajectory_generation:/root/aerostack2_ws/install/as2_behaviors_swarm_flocking:/root/aerostack2_ws/install/as2_behaviors_motion:/root/aerostack2_ws/install/as2_motion_reference_handlers:/root/aerostack2_ws/install/as2_map_server:/root/aerostack2_ws/install/as2_geozones:/root/aerostack2_ws/install/as2_gazebo_assets:/root/aerostack2_ws/install/as2_external_object_to_tf:/root/aerostack2_ws/install/as2_behaviors_platform:/root/aerostack2_ws/install/as2_behaviors_perception:/root/aerostack2_ws/install/as2_behaviors_path_planning:/root/aerostack2_ws/install/as2_behavior_tree:/root/aerostack2_ws/install/as2_behavior:/root/aerostack2_ws/install/as2_alphanumeric_viewer:/root/aerostack2_ws/install/as2_cli:/root/aerostack2_ws/install/as2_swarm_person_tracking:/root/aerostack2_ws/install/as2_swarm_ci_fusion_people:/root/aerostack2_ws/install/rmf_demos_tasks:/root/aerostack2_ws/install/rmf_demos_panel:/root/aerostack2_ws/install/rmf_demos_fleet_adapter:/root/aerostack2_ws/install/rmf_demos_dashboard_resources:/root/aerostack2_ws/install/rmf_demos_bridges:/root/aerostack2_ws/install/rmf_demos_assets:/root/aerostack2_ws/install/as2_visualization:/root/aerostack2_ws/install/as2_swarm_perception:/root/aerostack2_ws/install/as2_swarm_fusion_ci:/root/aerostack2_ws/install/as2_swarm_ekf:/root/aerostack2_ws/install/as2_keyboard_teleoperation:/root/aerostack2_ws/install/as2_python_api:/root/aerostack2_ws/install/as2_project_bringup:/root/aerostack2_ws/install/as2_perception:/root/aerostack2_ws/install/as2_groundray_perception:/opt/ros/humble LD_LIBRARY_PATH=/root/aerostack2_ws/install/as2_core/lib:/root/aerostack2_ws/install/as2_msgs/lib:/root/aerostack2_ws/install/as2_swarm_person_interfaces/lib:/root/aerostack2_ws/install/as2_state_estimator/lib:/root/aerostack2_ws/install/as2_python_api/lib:/root/aerostack2_ws/install/as2_motion_controller/lib:/root/aerostack2_ws/install/as2_behaviors_trajectory_generation/lib:/root/aerostack2_ws/install/as2_behaviors_swarm_flocking/lib:/root/aerostack2_ws/install/as2_behaviors_motion/lib:/root/aerostack2_ws/install/as2_motion_reference_handlers/lib:/root/aerostack2_ws/install/as2_map_server/lib:/root/aerostack2_ws/install/as2_gazebo_assets/lib:/root/aerostack2_ws/install/as2_behaviors_perception/lib:/root/aerostack2_ws/install/as2_behaviors_path_planning/lib:/root/aerostack2_ws/install/as2_behavior_tree/lib:/root/aerostack2_ws/install/as2_behavior/lib:/opt/ros/humble/opt/rviz_ogre_vendor/lib:/opt/ros/humble/lib/x86_64-linux-gnu:/opt/ros/humble/lib /usr/bin/cmake --install /root/aerostack2_ws/build/as2_platform_multirotor_simulator
[27.568s] Level 1:colcon.colcon_core.shell:create_environment_hook('as2_platform_multirotor_simulator', 'cmake_prefix_path')
[27.569s] INFO:colcon.colcon_core.shell:Creating environment hook '/root/aerostack2_ws/install/as2_platform_multirotor_simulator/share/as2_platform_multirotor_simulator/hook/cmake_prefix_path.ps1'
[27.570s] INFO:colcon.colcon_core.shell:Creating environment descriptor '/root/aerostack2_ws/install/as2_platform_multirotor_simulator/share/as2_platform_multirotor_simulator/hook/cmake_prefix_path.dsv'
[27.572s] INFO:colcon.colcon_core.shell:Creating environment hook '/root/aerostack2_ws/install/as2_platform_multirotor_simulator/share/as2_platform_multirotor_simulator/hook/cmake_prefix_path.sh'
[27.574s] Level 1:colcon.colcon_core.environment:checking '/root/aerostack2_ws/install/as2_platform_multirotor_simulator/lib'
[27.574s] Level 1:colcon.colcon_core.environment:checking '/root/aerostack2_ws/install/as2_platform_multirotor_simulator/bin'
[27.575s] Level 1:colcon.colcon_core.environment:checking '/root/aerostack2_ws/install/as2_platform_multirotor_simulator/lib/pkgconfig/as2_platform_multirotor_simulator.pc'
[27.575s] Level 1:colcon.colcon_core.environment:checking '/root/aerostack2_ws/install/as2_platform_multirotor_simulator/lib/python3.10/site-packages'
[27.576s] Level 1:colcon.colcon_core.environment:checking '/root/aerostack2_ws/install/as2_platform_multirotor_simulator/bin'
[27.578s] INFO:colcon.colcon_core.shell:Creating package script '/root/aerostack2_ws/install/as2_platform_multirotor_simulator/share/as2_platform_multirotor_simulator/package.ps1'
[27.582s] INFO:colcon.colcon_core.shell:Creating package descriptor '/root/aerostack2_ws/install/as2_platform_multirotor_simulator/share/as2_platform_multirotor_simulator/package.dsv'
[27.583s] INFO:colcon.colcon_core.shell:Creating package script '/root/aerostack2_ws/install/as2_platform_multirotor_simulator/share/as2_platform_multirotor_simulator/package.sh'
[27.593s] INFO:colcon.colcon_core.shell:Creating package script '/root/aerostack2_ws/install/as2_platform_multirotor_simulator/share/as2_platform_multirotor_simulator/package.bash'
[27.601s] INFO:colcon.colcon_core.shell:Creating package script '/root/aerostack2_ws/install/as2_platform_multirotor_simulator/share/as2_platform_multirotor_simulator/package.zsh'
[27.605s] Level 1:colcon.colcon_core.environment:create_file_with_runtime_dependencies(/root/aerostack2_ws/install/as2_platform_multirotor_simulator/share/colcon-core/packages/as2_platform_multirotor_simulator)
[27.606s] Level 1:colcon.colcon_core.environment:create_environment_scripts_only(as2_platform_multirotor_simulator)
[27.607s] Level 1:colcon.colcon_core.environment:checking '/root/aerostack2_ws/install/as2_platform_multirotor_simulator' for CMake module files
[27.607s] Level 1:colcon.colcon_core.environment:checking '/root/aerostack2_ws/install/as2_platform_multirotor_simulator' for CMake config files
[27.607s] Level 1:colcon.colcon_core.shell:create_environment_hook('as2_platform_multirotor_simulator', 'cmake_prefix_path')
[27.608s] INFO:colcon.colcon_core.shell:Creating environment hook '/root/aerostack2_ws/install/as2_platform_multirotor_simulator/share/as2_platform_multirotor_simulator/hook/cmake_prefix_path.ps1'
[27.608s] INFO:colcon.colcon_core.shell:Creating environment descriptor '/root/aerostack2_ws/install/as2_platform_multirotor_simulator/share/as2_platform_multirotor_simulator/hook/cmake_prefix_path.dsv'
[27.609s] INFO:colcon.colcon_core.shell:Creating environment hook '/root/aerostack2_ws/install/as2_platform_multirotor_simulator/share/as2_platform_multirotor_simulator/hook/cmake_prefix_path.sh'
[27.613s] Level 1:colcon.colcon_core.environment:checking '/root/aerostack2_ws/install/as2_platform_multirotor_simulator/lib'
[27.614s] Level 1:colcon.colcon_core.environment:checking '/root/aerostack2_ws/install/as2_platform_multirotor_simulator/bin'
[27.614s] Level 1:colcon.colcon_core.environment:checking '/root/aerostack2_ws/install/as2_platform_multirotor_simulator/lib/pkgconfig/as2_platform_multirotor_simulator.pc'
[27.614s] Level 1:colcon.colcon_core.environment:checking '/root/aerostack2_ws/install/as2_platform_multirotor_simulator/lib/python3.10/site-packages'
[27.614s] Level 1:colcon.colcon_core.environment:checking '/root/aerostack2_ws/install/as2_platform_multirotor_simulator/bin'
[27.615s] INFO:colcon.colcon_core.shell:Creating package script '/root/aerostack2_ws/install/as2_platform_multirotor_simulator/share/as2_platform_multirotor_simulator/package.ps1'
[27.615s] INFO:colcon.colcon_core.shell:Creating package descriptor '/root/aerostack2_ws/install/as2_platform_multirotor_simulator/share/as2_platform_multirotor_simulator/package.dsv'
[27.616s] INFO:colcon.colcon_core.shell:Creating package script '/root/aerostack2_ws/install/as2_platform_multirotor_simulator/share/as2_platform_multirotor_simulator/package.sh'
[27.620s] INFO:colcon.colcon_core.shell:Creating package script '/root/aerostack2_ws/install/as2_platform_multirotor_simulator/share/as2_platform_multirotor_simulator/package.bash'
[27.621s] INFO:colcon.colcon_core.shell:Creating package script '/root/aerostack2_ws/install/as2_platform_multirotor_simulator/share/as2_platform_multirotor_simulator/package.zsh'
[27.621s] Level 1:colcon.colcon_core.environment:create_file_with_runtime_dependencies(/root/aerostack2_ws/install/as2_platform_multirotor_simulator/share/colcon-core/packages/as2_platform_multirotor_simulator)
[27.622s] Level 1:colcon.colcon_core.environment:create_environment_scripts_only(as2_behaviors_perception)
[27.623s] Level 1:colcon.colcon_core.environment:checking '/root/aerostack2_ws/install/as2_behaviors_perception' for CMake module files
[27.624s] DEBUG:colcon.colcon_core.event_handler.log_command:Invoked command in '/root/aerostack2_ws/build/as2_behaviors_perception' returned '0': CMAKE_PREFIX_PATH=/root/aerostack2_ws/install/as2_behavior:/root/aerostack2_ws/install/as2_core:/root/aerostack2_ws/install/as2_msgs:/root/aerostack2_ws/install/as2_swarm_person_interfaces:/root/aerostack2_ws/install/rmf_demos_gz_classic:/root/aerostack2_ws/install/rmf_demos_gz:/root/aerostack2_ws/install/rmf_demos:/root/aerostack2_ws/install/rmf_demos_maps:/root/aerostack2_ws/install/aerostack2:/root/aerostack2_ws/install/as2_usb_camera_interface:/root/aerostack2_ws/install/as2_state_estimator:/root/aerostack2_ws/install/as2_rviz_plugins:/root/aerostack2_ws/install/as2_realsense_interface:/root/aerostack2_ws/install/as2_platform_multirotor_simulator:/root/aerostack2_ws/install/as2_platform_gazebo:/root/aerostack2_ws/install/as2_motion_controller:/root/aerostack2_ws/install/as2_behaviors_trajectory_generation:/root/aerostack2_ws/install/as2_behaviors_swarm_flocking:/root/aerostack2_ws/install/as2_behaviors_motion:/root/aerostack2_ws/install/as2_motion_reference_handlers:/root/aerostack2_ws/install/as2_map_server:/root/aerostack2_ws/install/as2_geozones:/root/aerostack2_ws/install/as2_gazebo_assets:/root/aerostack2_ws/install/as2_external_object_to_tf:/root/aerostack2_ws/install/as2_behaviors_platform:/root/aerostack2_ws/install/as2_behaviors_perception:/root/aerostack2_ws/install/as2_behaviors_path_planning:/root/aerostack2_ws/install/as2_behavior_tree:/root/aerostack2_ws/install/as2_alphanumeric_viewer:/root/aerostack2_ws/install/as2_cli:/root/aerostack2_ws/install/as2_swarm_person_tracking:/root/aerostack2_ws/install/as2_swarm_ci_fusion_people:/root/aerostack2_ws/install/rmf_demos_tasks:/root/aerostack2_ws/install/rmf_demos_panel:/root/aerostack2_ws/install/rmf_demos_fleet_adapter:/root/aerostack2_ws/install/rmf_demos_dashboard_resources:/root/aerostack2_ws/install/rmf_demos_bridges:/root/aerostack2_ws/install/rmf_demos_assets:/root/aerostack2_ws/install/as2_visualization:/root/aerostack2_ws/install/as2_swarm_perception:/root/aerostack2_ws/install/as2_swarm_fusion_ci:/root/aerostack2_ws/install/as2_swarm_ekf:/root/aerostack2_ws/install/as2_keyboard_teleoperation:/root/aerostack2_ws/install/as2_python_api:/root/aerostack2_ws/install/as2_project_bringup:/root/aerostack2_ws/install/as2_perception:/root/aerostack2_ws/install/as2_groundray_perception:/opt/ros/humble LD_LIBRARY_PATH=/root/aerostack2_ws/install/as2_behavior/lib:/root/aerostack2_ws/install/as2_core/lib:/root/aerostack2_ws/install/as2_msgs/lib:/root/aerostack2_ws/install/as2_swarm_person_interfaces/lib:/root/aerostack2_ws/install/as2_state_estimator/lib:/root/aerostack2_ws/install/as2_python_api/lib:/root/aerostack2_ws/install/as2_motion_controller/lib:/root/aerostack2_ws/install/as2_behaviors_trajectory_generation/lib:/root/aerostack2_ws/install/as2_behaviors_swarm_flocking/lib:/root/aerostack2_ws/install/as2_behaviors_motion/lib:/root/aerostack2_ws/install/as2_motion_reference_handlers/lib:/root/aerostack2_ws/install/as2_map_server/lib:/root/aerostack2_ws/install/as2_gazebo_assets/lib:/root/aerostack2_ws/install/as2_behaviors_perception/lib:/root/aerostack2_ws/install/as2_behaviors_path_planning/lib:/root/aerostack2_ws/install/as2_behavior_tree/lib:/opt/ros/humble/opt/rviz_ogre_vendor/lib:/opt/ros/humble/lib/x86_64-linux-gnu:/opt/ros/humble/lib /usr/bin/cmake --install /root/aerostack2_ws/build/as2_behaviors_perception
[27.627s] Level 1:colcon.colcon_core.environment:checking '/root/aerostack2_ws/install/as2_behaviors_perception' for CMake config files
[27.627s] Level 1:colcon.colcon_core.shell:create_environment_hook('as2_behaviors_perception', 'cmake_prefix_path')
[27.628s] INFO:colcon.colcon_core.shell:Creating environment hook '/root/aerostack2_ws/install/as2_behaviors_perception/share/as2_behaviors_perception/hook/cmake_prefix_path.ps1'
[27.635s] INFO:colcon.colcon_core.shell:Creating environment descriptor '/root/aerostack2_ws/install/as2_behaviors_perception/share/as2_behaviors_perception/hook/cmake_prefix_path.dsv'
[27.636s] INFO:colcon.colcon_core.shell:Creating environment hook '/root/aerostack2_ws/install/as2_behaviors_perception/share/as2_behaviors_perception/hook/cmake_prefix_path.sh'
[27.636s] Level 1:colcon.colcon_core.environment:checking '/root/aerostack2_ws/install/as2_behaviors_perception/lib'
[27.636s] Level 1:colcon.colcon_core.shell:create_environment_hook('as2_behaviors_perception', 'ld_library_path_lib')
[27.637s] INFO:colcon.colcon_core.shell:Creating environment hook '/root/aerostack2_ws/install/as2_behaviors_perception/share/as2_behaviors_perception/hook/ld_library_path_lib.ps1'
[27.645s] INFO:colcon.colcon_core.shell:Creating environment descriptor '/root/aerostack2_ws/install/as2_behaviors_perception/share/as2_behaviors_perception/hook/ld_library_path_lib.dsv'
[27.646s] INFO:colcon.colcon_core.shell:Creating environment hook '/root/aerostack2_ws/install/as2_behaviors_perception/share/as2_behaviors_perception/hook/ld_library_path_lib.sh'
[27.647s] Level 1:colcon.colcon_core.environment:checking '/root/aerostack2_ws/install/as2_behaviors_perception/bin'
[27.648s] Level 1:colcon.colcon_core.environment:checking '/root/aerostack2_ws/install/as2_behaviors_perception/lib/pkgconfig/as2_behaviors_perception.pc'
[27.654s] Level 1:colcon.colcon_core.environment:checking '/root/aerostack2_ws/install/as2_behaviors_perception/lib/python3.10/site-packages'
[27.655s] Level 1:colcon.colcon_core.environment:checking '/root/aerostack2_ws/install/as2_behaviors_perception/bin'
[27.655s] INFO:colcon.colcon_core.shell:Creating package script '/root/aerostack2_ws/install/as2_behaviors_perception/share/as2_behaviors_perception/package.ps1'
[27.656s] INFO:colcon.colcon_core.shell:Creating package descriptor '/root/aerostack2_ws/install/as2_behaviors_perception/share/as2_behaviors_perception/package.dsv'
[27.657s] INFO:colcon.colcon_core.shell:Creating package script '/root/aerostack2_ws/install/as2_behaviors_perception/share/as2_behaviors_perception/package.sh'
[27.668s] INFO:colcon.colcon_core.shell:Creating package script '/root/aerostack2_ws/install/as2_behaviors_perception/share/as2_behaviors_perception/package.bash'
[27.669s] INFO:colcon.colcon_core.shell:Creating package script '/root/aerostack2_ws/install/as2_behaviors_perception/share/as2_behaviors_perception/package.zsh'
[27.669s] Level 1:colcon.colcon_core.environment:create_file_with_runtime_dependencies(/root/aerostack2_ws/install/as2_behaviors_perception/share/colcon-core/packages/as2_behaviors_perception)
[27.670s] Level 1:colcon.colcon_core.environment:create_environment_scripts_only(as2_behaviors_perception)
[27.670s] Level 1:colcon.colcon_core.environment:checking '/root/aerostack2_ws/install/as2_behaviors_perception' for CMake module files
[27.671s] Level 1:colcon.colcon_core.environment:checking '/root/aerostack2_ws/install/as2_behaviors_perception' for CMake config files
[27.686s] Level 1:colcon.colcon_core.shell:create_environment_hook('as2_behaviors_perception', 'cmake_prefix_path')
[27.690s] INFO:colcon.colcon_core.shell:Creating environment hook '/root/aerostack2_ws/install/as2_behaviors_perception/share/as2_behaviors_perception/hook/cmake_prefix_path.ps1'
[27.690s] INFO:colcon.colcon_core.shell:Creating environment descriptor '/root/aerostack2_ws/install/as2_behaviors_perception/share/as2_behaviors_perception/hook/cmake_prefix_path.dsv'
[27.691s] INFO:colcon.colcon_core.shell:Creating environment hook '/root/aerostack2_ws/install/as2_behaviors_perception/share/as2_behaviors_perception/hook/cmake_prefix_path.sh'
[27.692s] Level 1:colcon.colcon_core.environment:checking '/root/aerostack2_ws/install/as2_behaviors_perception/lib'
[27.692s] Level 1:colcon.colcon_core.shell:create_environment_hook('as2_behaviors_perception', 'ld_library_path_lib')
[27.707s] INFO:colcon.colcon_core.shell:Creating environment hook '/root/aerostack2_ws/install/as2_behaviors_perception/share/as2_behaviors_perception/hook/ld_library_path_lib.ps1'
[27.708s] INFO:colcon.colcon_core.shell:Creating environment descriptor '/root/aerostack2_ws/install/as2_behaviors_perception/share/as2_behaviors_perception/hook/ld_library_path_lib.dsv'
[27.709s] INFO:colcon.colcon_core.shell:Creating environment hook '/root/aerostack2_ws/install/as2_behaviors_perception/share/as2_behaviors_perception/hook/ld_library_path_lib.sh'
[27.709s] Level 1:colcon.colcon_core.environment:checking '/root/aerostack2_ws/install/as2_behaviors_perception/bin'
[27.709s] Level 1:colcon.colcon_core.environment:checking '/root/aerostack2_ws/install/as2_behaviors_perception/lib/pkgconfig/as2_behaviors_perception.pc'
[27.709s] Level 1:colcon.colcon_core.environment:checking '/root/aerostack2_ws/install/as2_behaviors_perception/lib/python3.10/site-packages'
[27.710s] Level 1:colcon.colcon_core.environment:checking '/root/aerostack2_ws/install/as2_behaviors_perception/bin'
[27.732s] INFO:colcon.colcon_core.shell:Creating package script '/root/aerostack2_ws/install/as2_behaviors_perception/share/as2_behaviors_perception/package.ps1'
[27.733s] INFO:colcon.colcon_core.shell:Creating package descriptor '/root/aerostack2_ws/install/as2_behaviors_perception/share/as2_behaviors_perception/package.dsv'
[27.739s] INFO:colcon.colcon_core.shell:Creating package script '/root/aerostack2_ws/install/as2_behaviors_perception/share/as2_behaviors_perception/package.sh'
[27.749s] INFO:colcon.colcon_core.shell:Creating package script '/root/aerostack2_ws/install/as2_behaviors_perception/share/as2_behaviors_perception/package.bash'
[27.751s] INFO:colcon.colcon_core.shell:Creating package script '/root/aerostack2_ws/install/as2_behaviors_perception/share/as2_behaviors_perception/package.zsh'
[27.751s] Level 1:colcon.colcon_core.environment:create_file_with_runtime_dependencies(/root/aerostack2_ws/install/as2_behaviors_perception/share/colcon-core/packages/as2_behaviors_perception)
[27.752s] INFO:colcon.colcon_ros.task.ament_cmake.build:Building ROS package in '/root/aerostack2_ws/src/aerostack2/as2_user_interfaces/as2_visualization/as2_rviz_plugins' with build type 'ament_cmake'
[27.759s] INFO:colcon.colcon_cmake.task.cmake.build:Building CMake package in '/root/aerostack2_ws/src/aerostack2/as2_user_interfaces/as2_visualization/as2_rviz_plugins'
[27.759s] INFO:colcon.colcon_core.shell:Skip shell extension 'powershell' for command environment: Not usable outside of PowerShell
[27.759s] DEBUG:colcon.colcon_core.shell:Skip shell extension 'dsv' for command environment
[27.855s] INFO:colcon.colcon_ros.task.ament_python.build:Building ROS package in '/root/aerostack2_ws/src/aerostack2/as2_user_interfaces/as2_visualization/as2_visualization' with build type 'ament_python'
[27.858s] Level 1:colcon.colcon_core.shell:create_environment_hook('as2_visualization', 'ament_prefix_path')
[27.859s] INFO:colcon.colcon_core.shell:Creating environment hook '/root/aerostack2_ws/install/as2_visualization/share/as2_visualization/hook/ament_prefix_path.ps1'
[27.861s] INFO:colcon.colcon_core.shell:Creating environment descriptor '/root/aerostack2_ws/install/as2_visualization/share/as2_visualization/hook/ament_prefix_path.dsv'
[27.862s] INFO:colcon.colcon_core.shell:Creating environment hook '/root/aerostack2_ws/install/as2_visualization/share/as2_visualization/hook/ament_prefix_path.sh'
[27.870s] INFO:colcon.colcon_core.shell:Skip shell extension 'powershell' for command environment: Not usable outside of PowerShell
[27.870s] DEBUG:colcon.colcon_core.shell:Skip shell extension 'dsv' for command environment
[27.925s] DEBUG:colcon.colcon_core.event_handler.log_command:Invoking command in '/root/aerostack2_ws/build/as2_motion_controller': CMAKE_PREFIX_PATH=/root/aerostack2_ws/install/as2_motion_reference_handlers:/root/aerostack2_ws/install/as2_core:/root/aerostack2_ws/install/as2_msgs:/root/aerostack2_ws/install/as2_swarm_person_interfaces:/root/aerostack2_ws/install/rmf_demos_gz_classic:/root/aerostack2_ws/install/rmf_demos_gz:/root/aerostack2_ws/install/rmf_demos:/root/aerostack2_ws/install/rmf_demos_maps:/root/aerostack2_ws/install/aerostack2:/root/aerostack2_ws/install/as2_usb_camera_interface:/root/aerostack2_ws/install/as2_state_estimator:/root/aerostack2_ws/install/as2_rviz_plugins:/root/aerostack2_ws/install/as2_realsense_interface:/root/aerostack2_ws/install/as2_platform_multirotor_simulator:/root/aerostack2_ws/install/as2_platform_gazebo:/root/aerostack2_ws/install/as2_motion_controller:/root/aerostack2_ws/install/as2_behaviors_trajectory_generation:/root/aerostack2_ws/install/as2_behaviors_swarm_flocking:/root/aerostack2_ws/install/as2_behaviors_motion:/root/aerostack2_ws/install/as2_map_server:/root/aerostack2_ws/install/as2_geozones:/root/aerostack2_ws/install/as2_gazebo_assets:/root/aerostack2_ws/install/as2_external_object_to_tf:/root/aerostack2_ws/install/as2_behaviors_platform:/root/aerostack2_ws/install/as2_behaviors_perception:/root/aerostack2_ws/install/as2_behaviors_path_planning:/root/aerostack2_ws/install/as2_behavior_tree:/root/aerostack2_ws/install/as2_behavior:/root/aerostack2_ws/install/as2_alphanumeric_viewer:/root/aerostack2_ws/install/as2_cli:/root/aerostack2_ws/install/as2_swarm_person_tracking:/root/aerostack2_ws/install/as2_swarm_ci_fusion_people:/root/aerostack2_ws/install/rmf_demos_tasks:/root/aerostack2_ws/install/rmf_demos_panel:/root/aerostack2_ws/install/rmf_demos_fleet_adapter:/root/aerostack2_ws/install/rmf_demos_dashboard_resources:/root/aerostack2_ws/install/rmf_demos_bridges:/root/aerostack2_ws/install/rmf_demos_assets:/root/aerostack2_ws/install/as2_visualization:/root/aerostack2_ws/install/as2_swarm_perception:/root/aerostack2_ws/install/as2_swarm_fusion_ci:/root/aerostack2_ws/install/as2_swarm_ekf:/root/aerostack2_ws/install/as2_keyboard_teleoperation:/root/aerostack2_ws/install/as2_python_api:/root/aerostack2_ws/install/as2_project_bringup:/root/aerostack2_ws/install/as2_perception:/root/aerostack2_ws/install/as2_groundray_perception:/opt/ros/humble LD_LIBRARY_PATH=/root/aerostack2_ws/install/as2_core/lib:/root/aerostack2_ws/install/as2_msgs/lib:/root/aerostack2_ws/install/as2_swarm_person_interfaces/lib:/root/aerostack2_ws/install/as2_state_estimator/lib:/root/aerostack2_ws/install/as2_python_api/lib:/root/aerostack2_ws/install/as2_motion_controller/lib:/root/aerostack2_ws/install/as2_behaviors_trajectory_generation/lib:/root/aerostack2_ws/install/as2_behaviors_swarm_flocking/lib:/root/aerostack2_ws/install/as2_behaviors_motion/lib:/root/aerostack2_ws/install/as2_motion_reference_handlers/lib:/root/aerostack2_ws/install/as2_map_server/lib:/root/aerostack2_ws/install/as2_gazebo_assets/lib:/root/aerostack2_ws/install/as2_behaviors_perception/lib:/root/aerostack2_ws/install/as2_behaviors_path_planning/lib:/root/aerostack2_ws/install/as2_behavior_tree/lib:/root/aerostack2_ws/install/as2_behavior/lib:/opt/ros/humble/opt/rviz_ogre_vendor/lib:/opt/ros/humble/lib/x86_64-linux-gnu:/opt/ros/humble/lib /usr/bin/cmake --build /root/aerostack2_ws/build/as2_motion_controller -- -j8 -l8
[27.930s] Level 1:colcon.colcon_core.environment:create_environment_scripts_only(as2_behaviors_path_planning)
[27.931s] Level 1:colcon.colcon_core.environment:checking '/root/aerostack2_ws/install/as2_behaviors_path_planning' for CMake module files
[27.932s] Level 1:colcon.colcon_core.environment:checking '/root/aerostack2_ws/install/as2_behaviors_path_planning' for CMake config files
[27.937s] Level 1:colcon.colcon_core.shell:create_environment_hook('as2_behaviors_path_planning', 'cmake_prefix_path')
[27.938s] INFO:colcon.colcon_core.shell:Creating environment hook '/root/aerostack2_ws/install/as2_behaviors_path_planning/share/as2_behaviors_path_planning/hook/cmake_prefix_path.ps1'
[27.938s] INFO:colcon.colcon_core.shell:Creating environment descriptor '/root/aerostack2_ws/install/as2_behaviors_path_planning/share/as2_behaviors_path_planning/hook/cmake_prefix_path.dsv'
[27.942s] DEBUG:colcon.colcon_core.event_handler.log_command:Invoked command in '/root/aerostack2_ws/build/as2_behaviors_path_planning' returned '0': CMAKE_PREFIX_PATH=/root/aerostack2_ws/install/as2_behavior:/root/aerostack2_ws/install/as2_core:/root/aerostack2_ws/install/as2_msgs:/root/aerostack2_ws/install/as2_swarm_person_interfaces:/root/aerostack2_ws/install/rmf_demos_gz_classic:/root/aerostack2_ws/install/rmf_demos_gz:/root/aerostack2_ws/install/rmf_demos:/root/aerostack2_ws/install/rmf_demos_maps:/root/aerostack2_ws/install/aerostack2:/root/aerostack2_ws/install/as2_usb_camera_interface:/root/aerostack2_ws/install/as2_state_estimator:/root/aerostack2_ws/install/as2_rviz_plugins:/root/aerostack2_ws/install/as2_realsense_interface:/root/aerostack2_ws/install/as2_platform_multirotor_simulator:/root/aerostack2_ws/install/as2_platform_gazebo:/root/aerostack2_ws/install/as2_motion_controller:/root/aerostack2_ws/install/as2_behaviors_trajectory_generation:/root/aerostack2_ws/install/as2_behaviors_swarm_flocking:/root/aerostack2_ws/install/as2_behaviors_motion:/root/aerostack2_ws/install/as2_motion_reference_handlers:/root/aerostack2_ws/install/as2_map_server:/root/aerostack2_ws/install/as2_geozones:/root/aerostack2_ws/install/as2_gazebo_assets:/root/aerostack2_ws/install/as2_external_object_to_tf:/root/aerostack2_ws/install/as2_behaviors_platform:/root/aerostack2_ws/install/as2_behaviors_perception:/root/aerostack2_ws/install/as2_behaviors_path_planning:/root/aerostack2_ws/install/as2_behavior_tree:/root/aerostack2_ws/install/as2_alphanumeric_viewer:/root/aerostack2_ws/install/as2_cli:/root/aerostack2_ws/install/as2_swarm_person_tracking:/root/aerostack2_ws/install/as2_swarm_ci_fusion_people:/root/aerostack2_ws/install/rmf_demos_tasks:/root/aerostack2_ws/install/rmf_demos_panel:/root/aerostack2_ws/install/rmf_demos_fleet_adapter:/root/aerostack2_ws/install/rmf_demos_dashboard_resources:/root/aerostack2_ws/install/rmf_demos_bridges:/root/aerostack2_ws/install/rmf_demos_assets:/root/aerostack2_ws/install/as2_visualization:/root/aerostack2_ws/install/as2_swarm_perception:/root/aerostack2_ws/install/as2_swarm_fusion_ci:/root/aerostack2_ws/install/as2_swarm_ekf:/root/aerostack2_ws/install/as2_keyboard_teleoperation:/root/aerostack2_ws/install/as2_python_api:/root/aerostack2_ws/install/as2_project_bringup:/root/aerostack2_ws/install/as2_perception:/root/aerostack2_ws/install/as2_groundray_perception:/opt/ros/humble LD_LIBRARY_PATH=/root/aerostack2_ws/install/as2_behavior/lib:/root/aerostack2_ws/install/as2_core/lib:/root/aerostack2_ws/install/as2_msgs/lib:/root/aerostack2_ws/install/as2_swarm_person_interfaces/lib:/root/aerostack2_ws/install/as2_state_estimator/lib:/root/aerostack2_ws/install/as2_python_api/lib:/root/aerostack2_ws/install/as2_motion_controller/lib:/root/aerostack2_ws/install/as2_behaviors_trajectory_generation/lib:/root/aerostack2_ws/install/as2_behaviors_swarm_flocking/lib:/root/aerostack2_ws/install/as2_behaviors_motion/lib:/root/aerostack2_ws/install/as2_motion_reference_handlers/lib:/root/aerostack2_ws/install/as2_map_server/lib:/root/aerostack2_ws/install/as2_gazebo_assets/lib:/root/aerostack2_ws/install/as2_behaviors_perception/lib:/root/aerostack2_ws/install/as2_behaviors_path_planning/lib:/root/aerostack2_ws/install/as2_behavior_tree/lib:/opt/ros/humble/opt/rviz_ogre_vendor/lib:/opt/ros/humble/lib/x86_64-linux-gnu:/opt/ros/humble/lib /usr/bin/cmake --install /root/aerostack2_ws/build/as2_behaviors_path_planning
[27.944s] INFO:colcon.colcon_core.shell:Creating environment hook '/root/aerostack2_ws/install/as2_behaviors_path_planning/share/as2_behaviors_path_planning/hook/cmake_prefix_path.sh'
[27.945s] Level 1:colcon.colcon_core.environment:checking '/root/aerostack2_ws/install/as2_behaviors_path_planning/lib'
[27.945s] Level 1:colcon.colcon_core.shell:create_environment_hook('as2_behaviors_path_planning', 'ld_library_path_lib')
[27.946s] INFO:colcon.colcon_core.shell:Creating environment hook '/root/aerostack2_ws/install/as2_behaviors_path_planning/share/as2_behaviors_path_planning/hook/ld_library_path_lib.ps1'
[27.946s] INFO:colcon.colcon_core.shell:Creating environment descriptor '/root/aerostack2_ws/install/as2_behaviors_path_planning/share/as2_behaviors_path_planning/hook/ld_library_path_lib.dsv'
[27.947s] INFO:colcon.colcon_core.shell:Creating environment hook '/root/aerostack2_ws/install/as2_behaviors_path_planning/share/as2_behaviors_path_planning/hook/ld_library_path_lib.sh'
[27.956s] Level 1:colcon.colcon_core.environment:checking '/root/aerostack2_ws/install/as2_behaviors_path_planning/bin'
[27.956s] Level 1:colcon.colcon_core.environment:checking '/root/aerostack2_ws/install/as2_behaviors_path_planning/lib/pkgconfig/as2_behaviors_path_planning.pc'
[27.956s] Level 1:colcon.colcon_core.environment:checking '/root/aerostack2_ws/install/as2_behaviors_path_planning/lib/python3.10/site-packages'
[27.957s] Level 1:colcon.colcon_core.environment:checking '/root/aerostack2_ws/install/as2_behaviors_path_planning/bin'
[27.957s] INFO:colcon.colcon_core.shell:Creating package script '/root/aerostack2_ws/install/as2_behaviors_path_planning/share/as2_behaviors_path_planning/package.ps1'
[27.958s] INFO:colcon.colcon_core.shell:Creating package descriptor '/root/aerostack2_ws/install/as2_behaviors_path_planning/share/as2_behaviors_path_planning/package.dsv'
[27.959s] INFO:colcon.colcon_core.shell:Creating package script '/root/aerostack2_ws/install/as2_behaviors_path_planning/share/as2_behaviors_path_planning/package.sh'
[27.959s] INFO:colcon.colcon_core.shell:Creating package script '/root/aerostack2_ws/install/as2_behaviors_path_planning/share/as2_behaviors_path_planning/package.bash'
[27.961s] INFO:colcon.colcon_core.shell:Creating package script '/root/aerostack2_ws/install/as2_behaviors_path_planning/share/as2_behaviors_path_planning/package.zsh'
[27.966s] Level 1:colcon.colcon_core.environment:create_file_with_runtime_dependencies(/root/aerostack2_ws/install/as2_behaviors_path_planning/share/colcon-core/packages/as2_behaviors_path_planning)
[27.969s] Level 1:colcon.colcon_core.environment:create_environment_scripts_only(as2_behaviors_path_planning)
[27.972s] Level 1:colcon.colcon_core.environment:checking '/root/aerostack2_ws/install/as2_behaviors_path_planning' for CMake module files
[27.979s] Level 1:colcon.colcon_core.environment:checking '/root/aerostack2_ws/install/as2_behaviors_path_planning' for CMake config files
[27.980s] Level 1:colcon.colcon_core.shell:create_environment_hook('as2_behaviors_path_planning', 'cmake_prefix_path')
[27.980s] INFO:colcon.colcon_core.shell:Creating environment hook '/root/aerostack2_ws/install/as2_behaviors_path_planning/share/as2_behaviors_path_planning/hook/cmake_prefix_path.ps1'
[27.983s] INFO:colcon.colcon_core.shell:Creating environment descriptor '/root/aerostack2_ws/install/as2_behaviors_path_planning/share/as2_behaviors_path_planning/hook/cmake_prefix_path.dsv'
[27.991s] INFO:colcon.colcon_core.shell:Creating environment hook '/root/aerostack2_ws/install/as2_behaviors_path_planning/share/as2_behaviors_path_planning/hook/cmake_prefix_path.sh'
[27.993s] Level 1:colcon.colcon_core.environment:checking '/root/aerostack2_ws/install/as2_behaviors_path_planning/lib'
[27.994s] Level 1:colcon.colcon_core.shell:create_environment_hook('as2_behaviors_path_planning', 'ld_library_path_lib')
[27.995s] INFO:colcon.colcon_core.shell:Creating environment hook '/root/aerostack2_ws/install/as2_behaviors_path_planning/share/as2_behaviors_path_planning/hook/ld_library_path_lib.ps1'
[27.996s] INFO:colcon.colcon_core.shell:Creating environment descriptor '/root/aerostack2_ws/install/as2_behaviors_path_planning/share/as2_behaviors_path_planning/hook/ld_library_path_lib.dsv'
[27.996s] INFO:colcon.colcon_core.shell:Creating environment hook '/root/aerostack2_ws/install/as2_behaviors_path_planning/share/as2_behaviors_path_planning/hook/ld_library_path_lib.sh'
[28.006s] Level 1:colcon.colcon_core.environment:checking '/root/aerostack2_ws/install/as2_behaviors_path_planning/bin'
[28.006s] Level 1:colcon.colcon_core.environment:checking '/root/aerostack2_ws/install/as2_behaviors_path_planning/lib/pkgconfig/as2_behaviors_path_planning.pc'
[28.006s] Level 1:colcon.colcon_core.environment:checking '/root/aerostack2_ws/install/as2_behaviors_path_planning/lib/python3.10/site-packages'
[28.007s] Level 1:colcon.colcon_core.environment:checking '/root/aerostack2_ws/install/as2_behaviors_path_planning/bin'
[28.008s] INFO:colcon.colcon_core.shell:Creating package script '/root/aerostack2_ws/install/as2_behaviors_path_planning/share/as2_behaviors_path_planning/package.ps1'
[28.013s] INFO:colcon.colcon_core.shell:Creating package descriptor '/root/aerostack2_ws/install/as2_behaviors_path_planning/share/as2_behaviors_path_planning/package.dsv'
[28.014s] INFO:colcon.colcon_core.shell:Creating package script '/root/aerostack2_ws/install/as2_behaviors_path_planning/share/as2_behaviors_path_planning/package.sh'
[28.016s] INFO:colcon.colcon_core.shell:Creating package script '/root/aerostack2_ws/install/as2_behaviors_path_planning/share/as2_behaviors_path_planning/package.bash'
[28.017s] INFO:colcon.colcon_core.shell:Creating package script '/root/aerostack2_ws/install/as2_behaviors_path_planning/share/as2_behaviors_path_planning/package.zsh'
[28.017s] Level 1:colcon.colcon_core.environment:create_file_with_runtime_dependencies(/root/aerostack2_ws/install/as2_behaviors_path_planning/share/colcon-core/packages/as2_behaviors_path_planning)
[28.025s] INFO:colcon.colcon_ros.task.ament_cmake.build:Building ROS package in '/root/aerostack2_ws/src/aerostack2/as2_behaviors/as2_behaviors_swarm_flocking' with build type 'ament_cmake'
[28.030s] INFO:colcon.colcon_cmake.task.cmake.build:Building CMake package in '/root/aerostack2_ws/src/aerostack2/as2_behaviors/as2_behaviors_swarm_flocking'
[28.031s] INFO:colcon.colcon_core.shell:Skip shell extension 'powershell' for command environment: Not usable outside of PowerShell
[28.031s] DEBUG:colcon.colcon_core.shell:Skip shell extension 'dsv' for command environment
[28.112s] DEBUG:colcon.colcon_core.event_handler.log_command:Invoking command in '/root/aerostack2_ws/build/as2_platform_gazebo': CMAKE_PREFIX_PATH=/root/aerostack2_ws/install/as2_gazebo_assets:/root/aerostack2_ws/install/as2_core:/root/aerostack2_ws/install/as2_msgs:/root/aerostack2_ws/install/as2_swarm_person_interfaces:/root/aerostack2_ws/install/rmf_demos_gz_classic:/root/aerostack2_ws/install/rmf_demos_gz:/root/aerostack2_ws/install/rmf_demos:/root/aerostack2_ws/install/rmf_demos_maps:/root/aerostack2_ws/install/aerostack2:/root/aerostack2_ws/install/as2_usb_camera_interface:/root/aerostack2_ws/install/as2_state_estimator:/root/aerostack2_ws/install/as2_rviz_plugins:/root/aerostack2_ws/install/as2_realsense_interface:/root/aerostack2_ws/install/as2_platform_multirotor_simulator:/root/aerostack2_ws/install/as2_platform_gazebo:/root/aerostack2_ws/install/as2_motion_controller:/root/aerostack2_ws/install/as2_behaviors_trajectory_generation:/root/aerostack2_ws/install/as2_behaviors_swarm_flocking:/root/aerostack2_ws/install/as2_behaviors_motion:/root/aerostack2_ws/install/as2_motion_reference_handlers:/root/aerostack2_ws/install/as2_map_server:/root/aerostack2_ws/install/as2_geozones:/root/aerostack2_ws/install/as2_external_object_to_tf:/root/aerostack2_ws/install/as2_behaviors_platform:/root/aerostack2_ws/install/as2_behaviors_perception:/root/aerostack2_ws/install/as2_behaviors_path_planning:/root/aerostack2_ws/install/as2_behavior_tree:/root/aerostack2_ws/install/as2_behavior:/root/aerostack2_ws/install/as2_alphanumeric_viewer:/root/aerostack2_ws/install/as2_cli:/root/aerostack2_ws/install/as2_swarm_person_tracking:/root/aerostack2_ws/install/as2_swarm_ci_fusion_people:/root/aerostack2_ws/install/rmf_demos_tasks:/root/aerostack2_ws/install/rmf_demos_panel:/root/aerostack2_ws/install/rmf_demos_fleet_adapter:/root/aerostack2_ws/install/rmf_demos_dashboard_resources:/root/aerostack2_ws/install/rmf_demos_bridges:/root/aerostack2_ws/install/rmf_demos_assets:/root/aerostack2_ws/install/as2_visualization:/root/aerostack2_ws/install/as2_swarm_perception:/root/aerostack2_ws/install/as2_swarm_fusion_ci:/root/aerostack2_ws/install/as2_swarm_ekf:/root/aerostack2_ws/install/as2_keyboard_teleoperation:/root/aerostack2_ws/install/as2_python_api:/root/aerostack2_ws/install/as2_project_bringup:/root/aerostack2_ws/install/as2_perception:/root/aerostack2_ws/install/as2_groundray_perception:/opt/ros/humble GZ_SIM_RESOURCE_PATH=/root/aerostack2_ws/install/as2_gazebo_assets/share/as2_ign_gazebo_assets/worlds:/root/aerostack2_ws/install/as2_gazebo_assets/share/as2_ign_gazebo_assets/models:${GZ_SIM_RESOURCE_PATH} GZ_VERSION=@GZ_VERSION@ LD_LIBRARY_PATH=/root/aerostack2_ws/install/as2_gazebo_assets/lib:/root/aerostack2_ws/install/as2_core/lib:/root/aerostack2_ws/install/as2_msgs/lib:/root/aerostack2_ws/install/as2_swarm_person_interfaces/lib:/root/aerostack2_ws/install/as2_state_estimator/lib:/root/aerostack2_ws/install/as2_python_api/lib:/root/aerostack2_ws/install/as2_motion_controller/lib:/root/aerostack2_ws/install/as2_behaviors_trajectory_generation/lib:/root/aerostack2_ws/install/as2_behaviors_swarm_flocking/lib:/root/aerostack2_ws/install/as2_behaviors_motion/lib:/root/aerostack2_ws/install/as2_motion_reference_handlers/lib:/root/aerostack2_ws/install/as2_map_server/lib:/root/aerostack2_ws/install/as2_behaviors_perception/lib:/root/aerostack2_ws/install/as2_behaviors_path_planning/lib:/root/aerostack2_ws/install/as2_behavior_tree/lib:/root/aerostack2_ws/install/as2_behavior/lib:/opt/ros/humble/opt/rviz_ogre_vendor/lib:/opt/ros/humble/lib/x86_64-linux-gnu:/opt/ros/humble/lib /usr/bin/cmake --build /root/aerostack2_ws/build/as2_platform_gazebo -- -j8 -l8
[28.138s] DEBUG:colcon.colcon_core.event_handler.log_command:Invoking command in '/root/aerostack2_ws/build/as2_rviz_plugins': CMAKE_PREFIX_PATH=/root/aerostack2_ws/install/as2_motion_reference_handlers:/root/aerostack2_ws/install/as2_core:/root/aerostack2_ws/install/as2_msgs:/root/aerostack2_ws/install/as2_swarm_person_interfaces:/root/aerostack2_ws/install/rmf_demos_gz_classic:/root/aerostack2_ws/install/rmf_demos_gz:/root/aerostack2_ws/install/rmf_demos:/root/aerostack2_ws/install/rmf_demos_maps:/root/aerostack2_ws/install/aerostack2:/root/aerostack2_ws/install/as2_usb_camera_interface:/root/aerostack2_ws/install/as2_state_estimator:/root/aerostack2_ws/install/as2_rviz_plugins:/root/aerostack2_ws/install/as2_realsense_interface:/root/aerostack2_ws/install/as2_platform_multirotor_simulator:/root/aerostack2_ws/install/as2_platform_gazebo:/root/aerostack2_ws/install/as2_motion_controller:/root/aerostack2_ws/install/as2_behaviors_trajectory_generation:/root/aerostack2_ws/install/as2_behaviors_swarm_flocking:/root/aerostack2_ws/install/as2_behaviors_motion:/root/aerostack2_ws/install/as2_map_server:/root/aerostack2_ws/install/as2_geozones:/root/aerostack2_ws/install/as2_gazebo_assets:/root/aerostack2_ws/install/as2_external_object_to_tf:/root/aerostack2_ws/install/as2_behaviors_platform:/root/aerostack2_ws/install/as2_behaviors_perception:/root/aerostack2_ws/install/as2_behaviors_path_planning:/root/aerostack2_ws/install/as2_behavior_tree:/root/aerostack2_ws/install/as2_behavior:/root/aerostack2_ws/install/as2_alphanumeric_viewer:/root/aerostack2_ws/install/as2_cli:/root/aerostack2_ws/install/as2_swarm_person_tracking:/root/aerostack2_ws/install/as2_swarm_ci_fusion_people:/root/aerostack2_ws/install/rmf_demos_tasks:/root/aerostack2_ws/install/rmf_demos_panel:/root/aerostack2_ws/install/rmf_demos_fleet_adapter:/root/aerostack2_ws/install/rmf_demos_dashboard_resources:/root/aerostack2_ws/install/rmf_demos_bridges:/root/aerostack2_ws/install/rmf_demos_assets:/root/aerostack2_ws/install/as2_visualization:/root/aerostack2_ws/install/as2_swarm_perception:/root/aerostack2_ws/install/as2_swarm_fusion_ci:/root/aerostack2_ws/install/as2_swarm_ekf:/root/aerostack2_ws/install/as2_keyboard_teleoperation:/root/aerostack2_ws/install/as2_python_api:/root/aerostack2_ws/install/as2_project_bringup:/root/aerostack2_ws/install/as2_perception:/root/aerostack2_ws/install/as2_groundray_perception:/opt/ros/humble LD_LIBRARY_PATH=/root/aerostack2_ws/install/as2_core/lib:/root/aerostack2_ws/install/as2_msgs/lib:/root/aerostack2_ws/install/as2_swarm_person_interfaces/lib:/root/aerostack2_ws/install/as2_state_estimator/lib:/root/aerostack2_ws/install/as2_python_api/lib:/root/aerostack2_ws/install/as2_motion_controller/lib:/root/aerostack2_ws/install/as2_behaviors_trajectory_generation/lib:/root/aerostack2_ws/install/as2_behaviors_swarm_flocking/lib:/root/aerostack2_ws/install/as2_behaviors_motion/lib:/root/aerostack2_ws/install/as2_motion_reference_handlers/lib:/root/aerostack2_ws/install/as2_map_server/lib:/root/aerostack2_ws/install/as2_gazebo_assets/lib:/root/aerostack2_ws/install/as2_behaviors_perception/lib:/root/aerostack2_ws/install/as2_behaviors_path_planning/lib:/root/aerostack2_ws/install/as2_behavior_tree/lib:/root/aerostack2_ws/install/as2_behavior/lib:/opt/ros/humble/opt/rviz_ogre_vendor/lib:/opt/ros/humble/lib/x86_64-linux-gnu:/opt/ros/humble/lib /usr/bin/cmake --build /root/aerostack2_ws/build/as2_rviz_plugins -- -j8 -l8
[28.836s] INFO:colcon.colcon_core.task.python.build:Building Python package in '/root/aerostack2_ws/src/aerostack2/as2_user_interfaces/as2_visualization/as2_visualization'
[28.836s] INFO:colcon.colcon_core.shell:Skip shell extension 'powershell' for command environment: Not usable outside of PowerShell
[28.836s] DEBUG:colcon.colcon_core.shell:Skip shell extension 'dsv' for command environment
[28.867s] DEBUG:colcon.colcon_core.event_handler.log_command:Invoking command in '/root/aerostack2_ws/build/as2_behaviors_swarm_flocking': CMAKE_PREFIX_PATH=/root/aerostack2_ws/install/as2_motion_reference_handlers:/root/aerostack2_ws/install/as2_behavior:/root/aerostack2_ws/install/as2_core:/root/aerostack2_ws/install/as2_msgs:/root/aerostack2_ws/install/as2_swarm_person_interfaces:/root/aerostack2_ws/install/rmf_demos_gz_classic:/root/aerostack2_ws/install/rmf_demos_gz:/root/aerostack2_ws/install/rmf_demos:/root/aerostack2_ws/install/rmf_demos_maps:/root/aerostack2_ws/install/aerostack2:/root/aerostack2_ws/install/as2_usb_camera_interface:/root/aerostack2_ws/install/as2_state_estimator:/root/aerostack2_ws/install/as2_rviz_plugins:/root/aerostack2_ws/install/as2_realsense_interface:/root/aerostack2_ws/install/as2_platform_multirotor_simulator:/root/aerostack2_ws/install/as2_platform_gazebo:/root/aerostack2_ws/install/as2_motion_controller:/root/aerostack2_ws/install/as2_behaviors_trajectory_generation:/root/aerostack2_ws/install/as2_behaviors_swarm_flocking:/root/aerostack2_ws/install/as2_behaviors_motion:/root/aerostack2_ws/install/as2_map_server:/root/aerostack2_ws/install/as2_geozones:/root/aerostack2_ws/install/as2_gazebo_assets:/root/aerostack2_ws/install/as2_external_object_to_tf:/root/aerostack2_ws/install/as2_behaviors_platform:/root/aerostack2_ws/install/as2_behaviors_perception:/root/aerostack2_ws/install/as2_behaviors_path_planning:/root/aerostack2_ws/install/as2_behavior_tree:/root/aerostack2_ws/install/as2_alphanumeric_viewer:/root/aerostack2_ws/install/as2_cli:/root/aerostack2_ws/install/as2_swarm_person_tracking:/root/aerostack2_ws/install/as2_swarm_ci_fusion_people:/root/aerostack2_ws/install/rmf_demos_tasks:/root/aerostack2_ws/install/rmf_demos_panel:/root/aerostack2_ws/install/rmf_demos_fleet_adapter:/root/aerostack2_ws/install/rmf_demos_dashboard_resources:/root/aerostack2_ws/install/rmf_demos_bridges:/root/aerostack2_ws/install/rmf_demos_assets:/root/aerostack2_ws/install/as2_visualization:/root/aerostack2_ws/install/as2_swarm_perception:/root/aerostack2_ws/install/as2_swarm_fusion_ci:/root/aerostack2_ws/install/as2_swarm_ekf:/root/aerostack2_ws/install/as2_keyboard_teleoperation:/root/aerostack2_ws/install/as2_python_api:/root/aerostack2_ws/install/as2_project_bringup:/root/aerostack2_ws/install/as2_perception:/root/aerostack2_ws/install/as2_groundray_perception:/opt/ros/humble LD_LIBRARY_PATH=/root/aerostack2_ws/install/as2_behavior/lib:/root/aerostack2_ws/install/as2_core/lib:/root/aerostack2_ws/install/as2_msgs/lib:/root/aerostack2_ws/install/as2_swarm_person_interfaces/lib:/root/aerostack2_ws/install/as2_state_estimator/lib:/root/aerostack2_ws/install/as2_python_api/lib:/root/aerostack2_ws/install/as2_motion_controller/lib:/root/aerostack2_ws/install/as2_behaviors_trajectory_generation/lib:/root/aerostack2_ws/install/as2_behaviors_swarm_flocking/lib:/root/aerostack2_ws/install/as2_behaviors_motion/lib:/root/aerostack2_ws/install/as2_motion_reference_handlers/lib:/root/aerostack2_ws/install/as2_map_server/lib:/root/aerostack2_ws/install/as2_gazebo_assets/lib:/root/aerostack2_ws/install/as2_behaviors_perception/lib:/root/aerostack2_ws/install/as2_behaviors_path_planning/lib:/root/aerostack2_ws/install/as2_behavior_tree/lib:/opt/ros/humble/opt/rviz_ogre_vendor/lib:/opt/ros/humble/lib/x86_64-linux-gnu:/opt/ros/humble/lib /usr/bin/cmake --build /root/aerostack2_ws/build/as2_behaviors_swarm_flocking -- -j8 -l8
[28.880s] DEBUG:colcon.colcon_core.event_handler.log_command:Invoked command in '/root/aerostack2_ws/build/as2_rviz_plugins' returned '0': CMAKE_PREFIX_PATH=/root/aerostack2_ws/install/as2_motion_reference_handlers:/root/aerostack2_ws/install/as2_core:/root/aerostack2_ws/install/as2_msgs:/root/aerostack2_ws/install/as2_swarm_person_interfaces:/root/aerostack2_ws/install/rmf_demos_gz_classic:/root/aerostack2_ws/install/rmf_demos_gz:/root/aerostack2_ws/install/rmf_demos:/root/aerostack2_ws/install/rmf_demos_maps:/root/aerostack2_ws/install/aerostack2:/root/aerostack2_ws/install/as2_usb_camera_interface:/root/aerostack2_ws/install/as2_state_estimator:/root/aerostack2_ws/install/as2_rviz_plugins:/root/aerostack2_ws/install/as2_realsense_interface:/root/aerostack2_ws/install/as2_platform_multirotor_simulator:/root/aerostack2_ws/install/as2_platform_gazebo:/root/aerostack2_ws/install/as2_motion_controller:/root/aerostack2_ws/install/as2_behaviors_trajectory_generation:/root/aerostack2_ws/install/as2_behaviors_swarm_flocking:/root/aerostack2_ws/install/as2_behaviors_motion:/root/aerostack2_ws/install/as2_map_server:/root/aerostack2_ws/install/as2_geozones:/root/aerostack2_ws/install/as2_gazebo_assets:/root/aerostack2_ws/install/as2_external_object_to_tf:/root/aerostack2_ws/install/as2_behaviors_platform:/root/aerostack2_ws/install/as2_behaviors_perception:/root/aerostack2_ws/install/as2_behaviors_path_planning:/root/aerostack2_ws/install/as2_behavior_tree:/root/aerostack2_ws/install/as2_behavior:/root/aerostack2_ws/install/as2_alphanumeric_viewer:/root/aerostack2_ws/install/as2_cli:/root/aerostack2_ws/install/as2_swarm_person_tracking:/root/aerostack2_ws/install/as2_swarm_ci_fusion_people:/root/aerostack2_ws/install/rmf_demos_tasks:/root/aerostack2_ws/install/rmf_demos_panel:/root/aerostack2_ws/install/rmf_demos_fleet_adapter:/root/aerostack2_ws/install/rmf_demos_dashboard_resources:/root/aerostack2_ws/install/rmf_demos_bridges:/root/aerostack2_ws/install/rmf_demos_assets:/root/aerostack2_ws/install/as2_visualization:/root/aerostack2_ws/install/as2_swarm_perception:/root/aerostack2_ws/install/as2_swarm_fusion_ci:/root/aerostack2_ws/install/as2_swarm_ekf:/root/aerostack2_ws/install/as2_keyboard_teleoperation:/root/aerostack2_ws/install/as2_python_api:/root/aerostack2_ws/install/as2_project_bringup:/root/aerostack2_ws/install/as2_perception:/root/aerostack2_ws/install/as2_groundray_perception:/opt/ros/humble LD_LIBRARY_PATH=/root/aerostack2_ws/install/as2_core/lib:/root/aerostack2_ws/install/as2_msgs/lib:/root/aerostack2_ws/install/as2_swarm_person_interfaces/lib:/root/aerostack2_ws/install/as2_state_estimator/lib:/root/aerostack2_ws/install/as2_python_api/lib:/root/aerostack2_ws/install/as2_motion_controller/lib:/root/aerostack2_ws/install/as2_behaviors_trajectory_generation/lib:/root/aerostack2_ws/install/as2_behaviors_swarm_flocking/lib:/root/aerostack2_ws/install/as2_behaviors_motion/lib:/root/aerostack2_ws/install/as2_motion_reference_handlers/lib:/root/aerostack2_ws/install/as2_map_server/lib:/root/aerostack2_ws/install/as2_gazebo_assets/lib:/root/aerostack2_ws/install/as2_behaviors_perception/lib:/root/aerostack2_ws/install/as2_behaviors_path_planning/lib:/root/aerostack2_ws/install/as2_behavior_tree/lib:/root/aerostack2_ws/install/as2_behavior/lib:/opt/ros/humble/opt/rviz_ogre_vendor/lib:/opt/ros/humble/lib/x86_64-linux-gnu:/opt/ros/humble/lib /usr/bin/cmake --build /root/aerostack2_ws/build/as2_rviz_plugins -- -j8 -l8
[28.887s] DEBUG:colcon.colcon_core.event_handler.log_command:Invoking command in '/root/aerostack2_ws/build/as2_rviz_plugins': CMAKE_PREFIX_PATH=/root/aerostack2_ws/install/as2_motion_reference_handlers:/root/aerostack2_ws/install/as2_core:/root/aerostack2_ws/install/as2_msgs:/root/aerostack2_ws/install/as2_swarm_person_interfaces:/root/aerostack2_ws/install/rmf_demos_gz_classic:/root/aerostack2_ws/install/rmf_demos_gz:/root/aerostack2_ws/install/rmf_demos:/root/aerostack2_ws/install/rmf_demos_maps:/root/aerostack2_ws/install/aerostack2:/root/aerostack2_ws/install/as2_usb_camera_interface:/root/aerostack2_ws/install/as2_state_estimator:/root/aerostack2_ws/install/as2_rviz_plugins:/root/aerostack2_ws/install/as2_realsense_interface:/root/aerostack2_ws/install/as2_platform_multirotor_simulator:/root/aerostack2_ws/install/as2_platform_gazebo:/root/aerostack2_ws/install/as2_motion_controller:/root/aerostack2_ws/install/as2_behaviors_trajectory_generation:/root/aerostack2_ws/install/as2_behaviors_swarm_flocking:/root/aerostack2_ws/install/as2_behaviors_motion:/root/aerostack2_ws/install/as2_map_server:/root/aerostack2_ws/install/as2_geozones:/root/aerostack2_ws/install/as2_gazebo_assets:/root/aerostack2_ws/install/as2_external_object_to_tf:/root/aerostack2_ws/install/as2_behaviors_platform:/root/aerostack2_ws/install/as2_behaviors_perception:/root/aerostack2_ws/install/as2_behaviors_path_planning:/root/aerostack2_ws/install/as2_behavior_tree:/root/aerostack2_ws/install/as2_behavior:/root/aerostack2_ws/install/as2_alphanumeric_viewer:/root/aerostack2_ws/install/as2_cli:/root/aerostack2_ws/install/as2_swarm_person_tracking:/root/aerostack2_ws/install/as2_swarm_ci_fusion_people:/root/aerostack2_ws/install/rmf_demos_tasks:/root/aerostack2_ws/install/rmf_demos_panel:/root/aerostack2_ws/install/rmf_demos_fleet_adapter:/root/aerostack2_ws/install/rmf_demos_dashboard_resources:/root/aerostack2_ws/install/rmf_demos_bridges:/root/aerostack2_ws/install/rmf_demos_assets:/root/aerostack2_ws/install/as2_visualization:/root/aerostack2_ws/install/as2_swarm_perception:/root/aerostack2_ws/install/as2_swarm_fusion_ci:/root/aerostack2_ws/install/as2_swarm_ekf:/root/aerostack2_ws/install/as2_keyboard_teleoperation:/root/aerostack2_ws/install/as2_python_api:/root/aerostack2_ws/install/as2_project_bringup:/root/aerostack2_ws/install/as2_perception:/root/aerostack2_ws/install/as2_groundray_perception:/opt/ros/humble LD_LIBRARY_PATH=/root/aerostack2_ws/install/as2_core/lib:/root/aerostack2_ws/install/as2_msgs/lib:/root/aerostack2_ws/install/as2_swarm_person_interfaces/lib:/root/aerostack2_ws/install/as2_state_estimator/lib:/root/aerostack2_ws/install/as2_python_api/lib:/root/aerostack2_ws/install/as2_motion_controller/lib:/root/aerostack2_ws/install/as2_behaviors_trajectory_generation/lib:/root/aerostack2_ws/install/as2_behaviors_swarm_flocking/lib:/root/aerostack2_ws/install/as2_behaviors_motion/lib:/root/aerostack2_ws/install/as2_motion_reference_handlers/lib:/root/aerostack2_ws/install/as2_map_server/lib:/root/aerostack2_ws/install/as2_gazebo_assets/lib:/root/aerostack2_ws/install/as2_behaviors_perception/lib:/root/aerostack2_ws/install/as2_behaviors_path_planning/lib:/root/aerostack2_ws/install/as2_behavior_tree/lib:/root/aerostack2_ws/install/as2_behavior/lib:/opt/ros/humble/opt/rviz_ogre_vendor/lib:/opt/ros/humble/lib/x86_64-linux-gnu:/opt/ros/humble/lib /usr/bin/cmake --install /root/aerostack2_ws/build/as2_rviz_plugins
[28.987s] Level 1:colcon.colcon_core.environment:create_environment_scripts_only(as2_rviz_plugins)
[28.987s] Level 1:colcon.colcon_core.environment:checking '/root/aerostack2_ws/install/as2_rviz_plugins' for CMake module files
[28.988s] Level 1:colcon.colcon_core.environment:checking '/root/aerostack2_ws/install/as2_rviz_plugins' for CMake config files
[28.991s] Level 1:colcon.colcon_core.shell:create_environment_hook('as2_rviz_plugins', 'cmake_prefix_path')
[28.991s] INFO:colcon.colcon_core.shell:Creating environment hook '/root/aerostack2_ws/install/as2_rviz_plugins/share/as2_rviz_plugins/hook/cmake_prefix_path.ps1'
[28.992s] INFO:colcon.colcon_core.shell:Creating environment descriptor '/root/aerostack2_ws/install/as2_rviz_plugins/share/as2_rviz_plugins/hook/cmake_prefix_path.dsv'
[29.009s] DEBUG:colcon.colcon_core.event_handler.log_command:Invoked command in '/root/aerostack2_ws/build/as2_rviz_plugins' returned '0': CMAKE_PREFIX_PATH=/root/aerostack2_ws/install/as2_motion_reference_handlers:/root/aerostack2_ws/install/as2_core:/root/aerostack2_ws/install/as2_msgs:/root/aerostack2_ws/install/as2_swarm_person_interfaces:/root/aerostack2_ws/install/rmf_demos_gz_classic:/root/aerostack2_ws/install/rmf_demos_gz:/root/aerostack2_ws/install/rmf_demos:/root/aerostack2_ws/install/rmf_demos_maps:/root/aerostack2_ws/install/aerostack2:/root/aerostack2_ws/install/as2_usb_camera_interface:/root/aerostack2_ws/install/as2_state_estimator:/root/aerostack2_ws/install/as2_rviz_plugins:/root/aerostack2_ws/install/as2_realsense_interface:/root/aerostack2_ws/install/as2_platform_multirotor_simulator:/root/aerostack2_ws/install/as2_platform_gazebo:/root/aerostack2_ws/install/as2_motion_controller:/root/aerostack2_ws/install/as2_behaviors_trajectory_generation:/root/aerostack2_ws/install/as2_behaviors_swarm_flocking:/root/aerostack2_ws/install/as2_behaviors_motion:/root/aerostack2_ws/install/as2_map_server:/root/aerostack2_ws/install/as2_geozones:/root/aerostack2_ws/install/as2_gazebo_assets:/root/aerostack2_ws/install/as2_external_object_to_tf:/root/aerostack2_ws/install/as2_behaviors_platform:/root/aerostack2_ws/install/as2_behaviors_perception:/root/aerostack2_ws/install/as2_behaviors_path_planning:/root/aerostack2_ws/install/as2_behavior_tree:/root/aerostack2_ws/install/as2_behavior:/root/aerostack2_ws/install/as2_alphanumeric_viewer:/root/aerostack2_ws/install/as2_cli:/root/aerostack2_ws/install/as2_swarm_person_tracking:/root/aerostack2_ws/install/as2_swarm_ci_fusion_people:/root/aerostack2_ws/install/rmf_demos_tasks:/root/aerostack2_ws/install/rmf_demos_panel:/root/aerostack2_ws/install/rmf_demos_fleet_adapter:/root/aerostack2_ws/install/rmf_demos_dashboard_resources:/root/aerostack2_ws/install/rmf_demos_bridges:/root/aerostack2_ws/install/rmf_demos_assets:/root/aerostack2_ws/install/as2_visualization:/root/aerostack2_ws/install/as2_swarm_perception:/root/aerostack2_ws/install/as2_swarm_fusion_ci:/root/aerostack2_ws/install/as2_swarm_ekf:/root/aerostack2_ws/install/as2_keyboard_teleoperation:/root/aerostack2_ws/install/as2_python_api:/root/aerostack2_ws/install/as2_project_bringup:/root/aerostack2_ws/install/as2_perception:/root/aerostack2_ws/install/as2_groundray_perception:/opt/ros/humble LD_LIBRARY_PATH=/root/aerostack2_ws/install/as2_core/lib:/root/aerostack2_ws/install/as2_msgs/lib:/root/aerostack2_ws/install/as2_swarm_person_interfaces/lib:/root/aerostack2_ws/install/as2_state_estimator/lib:/root/aerostack2_ws/install/as2_python_api/lib:/root/aerostack2_ws/install/as2_motion_controller/lib:/root/aerostack2_ws/install/as2_behaviors_trajectory_generation/lib:/root/aerostack2_ws/install/as2_behaviors_swarm_flocking/lib:/root/aerostack2_ws/install/as2_behaviors_motion/lib:/root/aerostack2_ws/install/as2_motion_reference_handlers/lib:/root/aerostack2_ws/install/as2_map_server/lib:/root/aerostack2_ws/install/as2_gazebo_assets/lib:/root/aerostack2_ws/install/as2_behaviors_perception/lib:/root/aerostack2_ws/install/as2_behaviors_path_planning/lib:/root/aerostack2_ws/install/as2_behavior_tree/lib:/root/aerostack2_ws/install/as2_behavior/lib:/opt/ros/humble/opt/rviz_ogre_vendor/lib:/opt/ros/humble/lib/x86_64-linux-gnu:/opt/ros/humble/lib /usr/bin/cmake --install /root/aerostack2_ws/build/as2_rviz_plugins
[29.009s] INFO:colcon.colcon_core.shell:Creating environment hook '/root/aerostack2_ws/install/as2_rviz_plugins/share/as2_rviz_plugins/hook/cmake_prefix_path.sh'
[29.010s] Level 1:colcon.colcon_core.environment:checking '/root/aerostack2_ws/install/as2_rviz_plugins/lib'
[29.010s] Level 1:colcon.colcon_core.environment:checking '/root/aerostack2_ws/install/as2_rviz_plugins/bin'
[29.011s] Level 1:colcon.colcon_core.environment:checking '/root/aerostack2_ws/install/as2_rviz_plugins/lib/pkgconfig/as2_rviz_plugins.pc'
[29.011s] Level 1:colcon.colcon_core.environment:checking '/root/aerostack2_ws/install/as2_rviz_plugins/lib/python3.10/site-packages'
[29.011s] Level 1:colcon.colcon_core.environment:checking '/root/aerostack2_ws/install/as2_rviz_plugins/bin'
[29.012s] INFO:colcon.colcon_core.shell:Creating package script '/root/aerostack2_ws/install/as2_rviz_plugins/share/as2_rviz_plugins/package.ps1'
[29.012s] INFO:colcon.colcon_core.shell:Creating package descriptor '/root/aerostack2_ws/install/as2_rviz_plugins/share/as2_rviz_plugins/package.dsv'
[29.025s] INFO:colcon.colcon_core.shell:Creating package script '/root/aerostack2_ws/install/as2_rviz_plugins/share/as2_rviz_plugins/package.sh'
[29.029s] INFO:colcon.colcon_core.shell:Creating package script '/root/aerostack2_ws/install/as2_rviz_plugins/share/as2_rviz_plugins/package.bash'
[29.033s] INFO:colcon.colcon_core.shell:Creating package script '/root/aerostack2_ws/install/as2_rviz_plugins/share/as2_rviz_plugins/package.zsh'
[29.035s] Level 1:colcon.colcon_core.environment:create_file_with_runtime_dependencies(/root/aerostack2_ws/install/as2_rviz_plugins/share/colcon-core/packages/as2_rviz_plugins)
[29.038s] Level 1:colcon.colcon_core.environment:create_environment_scripts_only(as2_rviz_plugins)
[29.044s] Level 1:colcon.colcon_core.environment:checking '/root/aerostack2_ws/install/as2_rviz_plugins' for CMake module files
[29.047s] Level 1:colcon.colcon_core.environment:checking '/root/aerostack2_ws/install/as2_rviz_plugins' for CMake config files
[29.049s] Level 1:colcon.colcon_core.shell:create_environment_hook('as2_rviz_plugins', 'cmake_prefix_path')
[29.053s] INFO:colcon.colcon_core.shell:Creating environment hook '/root/aerostack2_ws/install/as2_rviz_plugins/share/as2_rviz_plugins/hook/cmake_prefix_path.ps1'
[29.066s] INFO:colcon.colcon_core.shell:Creating environment descriptor '/root/aerostack2_ws/install/as2_rviz_plugins/share/as2_rviz_plugins/hook/cmake_prefix_path.dsv'
[29.068s] INFO:colcon.colcon_core.shell:Creating environment hook '/root/aerostack2_ws/install/as2_rviz_plugins/share/as2_rviz_plugins/hook/cmake_prefix_path.sh'
[29.076s] Level 1:colcon.colcon_core.environment:checking '/root/aerostack2_ws/install/as2_rviz_plugins/lib'
[29.076s] Level 1:colcon.colcon_core.environment:checking '/root/aerostack2_ws/install/as2_rviz_plugins/bin'
[29.076s] Level 1:colcon.colcon_core.environment:checking '/root/aerostack2_ws/install/as2_rviz_plugins/lib/pkgconfig/as2_rviz_plugins.pc'
[29.076s] Level 1:colcon.colcon_core.environment:checking '/root/aerostack2_ws/install/as2_rviz_plugins/lib/python3.10/site-packages'
[29.077s] Level 1:colcon.colcon_core.environment:checking '/root/aerostack2_ws/install/as2_rviz_plugins/bin'
[29.077s] INFO:colcon.colcon_core.shell:Creating package script '/root/aerostack2_ws/install/as2_rviz_plugins/share/as2_rviz_plugins/package.ps1'
[29.092s] INFO:colcon.colcon_core.shell:Creating package descriptor '/root/aerostack2_ws/install/as2_rviz_plugins/share/as2_rviz_plugins/package.dsv'
[29.093s] INFO:colcon.colcon_core.shell:Creating package script '/root/aerostack2_ws/install/as2_rviz_plugins/share/as2_rviz_plugins/package.sh'
[29.099s] INFO:colcon.colcon_core.shell:Creating package script '/root/aerostack2_ws/install/as2_rviz_plugins/share/as2_rviz_plugins/package.bash'
[29.106s] INFO:colcon.colcon_core.shell:Creating package script '/root/aerostack2_ws/install/as2_rviz_plugins/share/as2_rviz_plugins/package.zsh'
[29.115s] Level 1:colcon.colcon_core.environment:create_file_with_runtime_dependencies(/root/aerostack2_ws/install/as2_rviz_plugins/share/colcon-core/packages/as2_rviz_plugins)
[29.545s] DEBUG:colcon.colcon_core.event_handler.log_command:Invoked command in '/root/aerostack2_ws/build/as2_behaviors_motion' returned '0': CMAKE_PREFIX_PATH=/root/aerostack2_ws/install/as2_motion_reference_handlers:/root/aerostack2_ws/install/as2_behavior:/root/aerostack2_ws/install/as2_core:/root/aerostack2_ws/install/as2_msgs:/root/aerostack2_ws/install/as2_swarm_person_interfaces:/root/aerostack2_ws/install/rmf_demos_gz_classic:/root/aerostack2_ws/install/rmf_demos_gz:/root/aerostack2_ws/install/rmf_demos:/root/aerostack2_ws/install/rmf_demos_maps:/root/aerostack2_ws/install/aerostack2:/root/aerostack2_ws/install/as2_usb_camera_interface:/root/aerostack2_ws/install/as2_state_estimator:/root/aerostack2_ws/install/as2_rviz_plugins:/root/aerostack2_ws/install/as2_realsense_interface:/root/aerostack2_ws/install/as2_platform_multirotor_simulator:/root/aerostack2_ws/install/as2_platform_gazebo:/root/aerostack2_ws/install/as2_motion_controller:/root/aerostack2_ws/install/as2_behaviors_trajectory_generation:/root/aerostack2_ws/install/as2_behaviors_swarm_flocking:/root/aerostack2_ws/install/as2_behaviors_motion:/root/aerostack2_ws/install/as2_map_server:/root/aerostack2_ws/install/as2_geozones:/root/aerostack2_ws/install/as2_gazebo_assets:/root/aerostack2_ws/install/as2_external_object_to_tf:/root/aerostack2_ws/install/as2_behaviors_platform:/root/aerostack2_ws/install/as2_behaviors_perception:/root/aerostack2_ws/install/as2_behaviors_path_planning:/root/aerostack2_ws/install/as2_behavior_tree:/root/aerostack2_ws/install/as2_alphanumeric_viewer:/root/aerostack2_ws/install/as2_cli:/root/aerostack2_ws/install/as2_swarm_person_tracking:/root/aerostack2_ws/install/as2_swarm_ci_fusion_people:/root/aerostack2_ws/install/rmf_demos_tasks:/root/aerostack2_ws/install/rmf_demos_panel:/root/aerostack2_ws/install/rmf_demos_fleet_adapter:/root/aerostack2_ws/install/rmf_demos_dashboard_resources:/root/aerostack2_ws/install/rmf_demos_bridges:/root/aerostack2_ws/install/rmf_demos_assets:/root/aerostack2_ws/install/as2_visualization:/root/aerostack2_ws/install/as2_swarm_perception:/root/aerostack2_ws/install/as2_swarm_fusion_ci:/root/aerostack2_ws/install/as2_swarm_ekf:/root/aerostack2_ws/install/as2_keyboard_teleoperation:/root/aerostack2_ws/install/as2_python_api:/root/aerostack2_ws/install/as2_project_bringup:/root/aerostack2_ws/install/as2_perception:/root/aerostack2_ws/install/as2_groundray_perception:/opt/ros/humble LD_LIBRARY_PATH=/root/aerostack2_ws/install/as2_behavior/lib:/root/aerostack2_ws/install/as2_core/lib:/root/aerostack2_ws/install/as2_msgs/lib:/root/aerostack2_ws/install/as2_swarm_person_interfaces/lib:/root/aerostack2_ws/install/as2_state_estimator/lib:/root/aerostack2_ws/install/as2_python_api/lib:/root/aerostack2_ws/install/as2_motion_controller/lib:/root/aerostack2_ws/install/as2_behaviors_trajectory_generation/lib:/root/aerostack2_ws/install/as2_behaviors_swarm_flocking/lib:/root/aerostack2_ws/install/as2_behaviors_motion/lib:/root/aerostack2_ws/install/as2_motion_reference_handlers/lib:/root/aerostack2_ws/install/as2_map_server/lib:/root/aerostack2_ws/install/as2_gazebo_assets/lib:/root/aerostack2_ws/install/as2_behaviors_perception/lib:/root/aerostack2_ws/install/as2_behaviors_path_planning/lib:/root/aerostack2_ws/install/as2_behavior_tree/lib:/opt/ros/humble/opt/rviz_ogre_vendor/lib:/opt/ros/humble/lib/x86_64-linux-gnu:/opt/ros/humble/lib /usr/bin/cmake --build /root/aerostack2_ws/build/as2_behaviors_motion -- -j8 -l8
[29.546s] DEBUG:colcon.colcon_core.event_handler.log_command:Invoking command in '/root/aerostack2_ws/build/as2_behaviors_motion': CMAKE_PREFIX_PATH=/root/aerostack2_ws/install/as2_motion_reference_handlers:/root/aerostack2_ws/install/as2_behavior:/root/aerostack2_ws/install/as2_core:/root/aerostack2_ws/install/as2_msgs:/root/aerostack2_ws/install/as2_swarm_person_interfaces:/root/aerostack2_ws/install/rmf_demos_gz_classic:/root/aerostack2_ws/install/rmf_demos_gz:/root/aerostack2_ws/install/rmf_demos:/root/aerostack2_ws/install/rmf_demos_maps:/root/aerostack2_ws/install/aerostack2:/root/aerostack2_ws/install/as2_usb_camera_interface:/root/aerostack2_ws/install/as2_state_estimator:/root/aerostack2_ws/install/as2_rviz_plugins:/root/aerostack2_ws/install/as2_realsense_interface:/root/aerostack2_ws/install/as2_platform_multirotor_simulator:/root/aerostack2_ws/install/as2_platform_gazebo:/root/aerostack2_ws/install/as2_motion_controller:/root/aerostack2_ws/install/as2_behaviors_trajectory_generation:/root/aerostack2_ws/install/as2_behaviors_swarm_flocking:/root/aerostack2_ws/install/as2_behaviors_motion:/root/aerostack2_ws/install/as2_map_server:/root/aerostack2_ws/install/as2_geozones:/root/aerostack2_ws/install/as2_gazebo_assets:/root/aerostack2_ws/install/as2_external_object_to_tf:/root/aerostack2_ws/install/as2_behaviors_platform:/root/aerostack2_ws/install/as2_behaviors_perception:/root/aerostack2_ws/install/as2_behaviors_path_planning:/root/aerostack2_ws/install/as2_behavior_tree:/root/aerostack2_ws/install/as2_alphanumeric_viewer:/root/aerostack2_ws/install/as2_cli:/root/aerostack2_ws/install/as2_swarm_person_tracking:/root/aerostack2_ws/install/as2_swarm_ci_fusion_people:/root/aerostack2_ws/install/rmf_demos_tasks:/root/aerostack2_ws/install/rmf_demos_panel:/root/aerostack2_ws/install/rmf_demos_fleet_adapter:/root/aerostack2_ws/install/rmf_demos_dashboard_resources:/root/aerostack2_ws/install/rmf_demos_bridges:/root/aerostack2_ws/install/rmf_demos_assets:/root/aerostack2_ws/install/as2_visualization:/root/aerostack2_ws/install/as2_swarm_perception:/root/aerostack2_ws/install/as2_swarm_fusion_ci:/root/aerostack2_ws/install/as2_swarm_ekf:/root/aerostack2_ws/install/as2_keyboard_teleoperation:/root/aerostack2_ws/install/as2_python_api:/root/aerostack2_ws/install/as2_project_bringup:/root/aerostack2_ws/install/as2_perception:/root/aerostack2_ws/install/as2_groundray_perception:/opt/ros/humble LD_LIBRARY_PATH=/root/aerostack2_ws/install/as2_behavior/lib:/root/aerostack2_ws/install/as2_core/lib:/root/aerostack2_ws/install/as2_msgs/lib:/root/aerostack2_ws/install/as2_swarm_person_interfaces/lib:/root/aerostack2_ws/install/as2_state_estimator/lib:/root/aerostack2_ws/install/as2_python_api/lib:/root/aerostack2_ws/install/as2_motion_controller/lib:/root/aerostack2_ws/install/as2_behaviors_trajectory_generation/lib:/root/aerostack2_ws/install/as2_behaviors_swarm_flocking/lib:/root/aerostack2_ws/install/as2_behaviors_motion/lib:/root/aerostack2_ws/install/as2_motion_reference_handlers/lib:/root/aerostack2_ws/install/as2_map_server/lib:/root/aerostack2_ws/install/as2_gazebo_assets/lib:/root/aerostack2_ws/install/as2_behaviors_perception/lib:/root/aerostack2_ws/install/as2_behaviors_path_planning/lib:/root/aerostack2_ws/install/as2_behavior_tree/lib:/opt/ros/humble/opt/rviz_ogre_vendor/lib:/opt/ros/humble/lib/x86_64-linux-gnu:/opt/ros/humble/lib /usr/bin/cmake --install /root/aerostack2_ws/build/as2_behaviors_motion
[29.595s] DEBUG:colcon.colcon_core.event_handler.log_command:Invoked command in '/root/aerostack2_ws/build/as2_platform_gazebo' returned '0': CMAKE_PREFIX_PATH=/root/aerostack2_ws/install/as2_gazebo_assets:/root/aerostack2_ws/install/as2_core:/root/aerostack2_ws/install/as2_msgs:/root/aerostack2_ws/install/as2_swarm_person_interfaces:/root/aerostack2_ws/install/rmf_demos_gz_classic:/root/aerostack2_ws/install/rmf_demos_gz:/root/aerostack2_ws/install/rmf_demos:/root/aerostack2_ws/install/rmf_demos_maps:/root/aerostack2_ws/install/aerostack2:/root/aerostack2_ws/install/as2_usb_camera_interface:/root/aerostack2_ws/install/as2_state_estimator:/root/aerostack2_ws/install/as2_rviz_plugins:/root/aerostack2_ws/install/as2_realsense_interface:/root/aerostack2_ws/install/as2_platform_multirotor_simulator:/root/aerostack2_ws/install/as2_platform_gazebo:/root/aerostack2_ws/install/as2_motion_controller:/root/aerostack2_ws/install/as2_behaviors_trajectory_generation:/root/aerostack2_ws/install/as2_behaviors_swarm_flocking:/root/aerostack2_ws/install/as2_behaviors_motion:/root/aerostack2_ws/install/as2_motion_reference_handlers:/root/aerostack2_ws/install/as2_map_server:/root/aerostack2_ws/install/as2_geozones:/root/aerostack2_ws/install/as2_external_object_to_tf:/root/aerostack2_ws/install/as2_behaviors_platform:/root/aerostack2_ws/install/as2_behaviors_perception:/root/aerostack2_ws/install/as2_behaviors_path_planning:/root/aerostack2_ws/install/as2_behavior_tree:/root/aerostack2_ws/install/as2_behavior:/root/aerostack2_ws/install/as2_alphanumeric_viewer:/root/aerostack2_ws/install/as2_cli:/root/aerostack2_ws/install/as2_swarm_person_tracking:/root/aerostack2_ws/install/as2_swarm_ci_fusion_people:/root/aerostack2_ws/install/rmf_demos_tasks:/root/aerostack2_ws/install/rmf_demos_panel:/root/aerostack2_ws/install/rmf_demos_fleet_adapter:/root/aerostack2_ws/install/rmf_demos_dashboard_resources:/root/aerostack2_ws/install/rmf_demos_bridges:/root/aerostack2_ws/install/rmf_demos_assets:/root/aerostack2_ws/install/as2_visualization:/root/aerostack2_ws/install/as2_swarm_perception:/root/aerostack2_ws/install/as2_swarm_fusion_ci:/root/aerostack2_ws/install/as2_swarm_ekf:/root/aerostack2_ws/install/as2_keyboard_teleoperation:/root/aerostack2_ws/install/as2_python_api:/root/aerostack2_ws/install/as2_project_bringup:/root/aerostack2_ws/install/as2_perception:/root/aerostack2_ws/install/as2_groundray_perception:/opt/ros/humble GZ_SIM_RESOURCE_PATH=/root/aerostack2_ws/install/as2_gazebo_assets/share/as2_ign_gazebo_assets/worlds:/root/aerostack2_ws/install/as2_gazebo_assets/share/as2_ign_gazebo_assets/models:${GZ_SIM_RESOURCE_PATH} GZ_VERSION=@GZ_VERSION@ LD_LIBRARY_PATH=/root/aerostack2_ws/install/as2_gazebo_assets/lib:/root/aerostack2_ws/install/as2_core/lib:/root/aerostack2_ws/install/as2_msgs/lib:/root/aerostack2_ws/install/as2_swarm_person_interfaces/lib:/root/aerostack2_ws/install/as2_state_estimator/lib:/root/aerostack2_ws/install/as2_python_api/lib:/root/aerostack2_ws/install/as2_motion_controller/lib:/root/aerostack2_ws/install/as2_behaviors_trajectory_generation/lib:/root/aerostack2_ws/install/as2_behaviors_swarm_flocking/lib:/root/aerostack2_ws/install/as2_behaviors_motion/lib:/root/aerostack2_ws/install/as2_motion_reference_handlers/lib:/root/aerostack2_ws/install/as2_map_server/lib:/root/aerostack2_ws/install/as2_behaviors_perception/lib:/root/aerostack2_ws/install/as2_behaviors_path_planning/lib:/root/aerostack2_ws/install/as2_behavior_tree/lib:/root/aerostack2_ws/install/as2_behavior/lib:/opt/ros/humble/opt/rviz_ogre_vendor/lib:/opt/ros/humble/lib/x86_64-linux-gnu:/opt/ros/humble/lib /usr/bin/cmake --build /root/aerostack2_ws/build/as2_platform_gazebo -- -j8 -l8
[29.596s] DEBUG:colcon.colcon_core.event_handler.log_command:Invoking command in '/root/aerostack2_ws/build/as2_platform_gazebo': CMAKE_PREFIX_PATH=/root/aerostack2_ws/install/as2_gazebo_assets:/root/aerostack2_ws/install/as2_core:/root/aerostack2_ws/install/as2_msgs:/root/aerostack2_ws/install/as2_swarm_person_interfaces:/root/aerostack2_ws/install/rmf_demos_gz_classic:/root/aerostack2_ws/install/rmf_demos_gz:/root/aerostack2_ws/install/rmf_demos:/root/aerostack2_ws/install/rmf_demos_maps:/root/aerostack2_ws/install/aerostack2:/root/aerostack2_ws/install/as2_usb_camera_interface:/root/aerostack2_ws/install/as2_state_estimator:/root/aerostack2_ws/install/as2_rviz_plugins:/root/aerostack2_ws/install/as2_realsense_interface:/root/aerostack2_ws/install/as2_platform_multirotor_simulator:/root/aerostack2_ws/install/as2_platform_gazebo:/root/aerostack2_ws/install/as2_motion_controller:/root/aerostack2_ws/install/as2_behaviors_trajectory_generation:/root/aerostack2_ws/install/as2_behaviors_swarm_flocking:/root/aerostack2_ws/install/as2_behaviors_motion:/root/aerostack2_ws/install/as2_motion_reference_handlers:/root/aerostack2_ws/install/as2_map_server:/root/aerostack2_ws/install/as2_geozones:/root/aerostack2_ws/install/as2_external_object_to_tf:/root/aerostack2_ws/install/as2_behaviors_platform:/root/aerostack2_ws/install/as2_behaviors_perception:/root/aerostack2_ws/install/as2_behaviors_path_planning:/root/aerostack2_ws/install/as2_behavior_tree:/root/aerostack2_ws/install/as2_behavior:/root/aerostack2_ws/install/as2_alphanumeric_viewer:/root/aerostack2_ws/install/as2_cli:/root/aerostack2_ws/install/as2_swarm_person_tracking:/root/aerostack2_ws/install/as2_swarm_ci_fusion_people:/root/aerostack2_ws/install/rmf_demos_tasks:/root/aerostack2_ws/install/rmf_demos_panel:/root/aerostack2_ws/install/rmf_demos_fleet_adapter:/root/aerostack2_ws/install/rmf_demos_dashboard_resources:/root/aerostack2_ws/install/rmf_demos_bridges:/root/aerostack2_ws/install/rmf_demos_assets:/root/aerostack2_ws/install/as2_visualization:/root/aerostack2_ws/install/as2_swarm_perception:/root/aerostack2_ws/install/as2_swarm_fusion_ci:/root/aerostack2_ws/install/as2_swarm_ekf:/root/aerostack2_ws/install/as2_keyboard_teleoperation:/root/aerostack2_ws/install/as2_python_api:/root/aerostack2_ws/install/as2_project_bringup:/root/aerostack2_ws/install/as2_perception:/root/aerostack2_ws/install/as2_groundray_perception:/opt/ros/humble GZ_SIM_RESOURCE_PATH=/root/aerostack2_ws/install/as2_gazebo_assets/share/as2_ign_gazebo_assets/worlds:/root/aerostack2_ws/install/as2_gazebo_assets/share/as2_ign_gazebo_assets/models:${GZ_SIM_RESOURCE_PATH} GZ_VERSION=@GZ_VERSION@ LD_LIBRARY_PATH=/root/aerostack2_ws/install/as2_gazebo_assets/lib:/root/aerostack2_ws/install/as2_core/lib:/root/aerostack2_ws/install/as2_msgs/lib:/root/aerostack2_ws/install/as2_swarm_person_interfaces/lib:/root/aerostack2_ws/install/as2_state_estimator/lib:/root/aerostack2_ws/install/as2_python_api/lib:/root/aerostack2_ws/install/as2_motion_controller/lib:/root/aerostack2_ws/install/as2_behaviors_trajectory_generation/lib:/root/aerostack2_ws/install/as2_behaviors_swarm_flocking/lib:/root/aerostack2_ws/install/as2_behaviors_motion/lib:/root/aerostack2_ws/install/as2_motion_reference_handlers/lib:/root/aerostack2_ws/install/as2_map_server/lib:/root/aerostack2_ws/install/as2_behaviors_perception/lib:/root/aerostack2_ws/install/as2_behaviors_path_planning/lib:/root/aerostack2_ws/install/as2_behavior_tree/lib:/root/aerostack2_ws/install/as2_behavior/lib:/opt/ros/humble/opt/rviz_ogre_vendor/lib:/opt/ros/humble/lib/x86_64-linux-gnu:/opt/ros/humble/lib /usr/bin/cmake --install /root/aerostack2_ws/build/as2_platform_gazebo
[29.612s] Level 1:colcon.colcon_core.environment:create_environment_scripts_only(as2_behaviors_motion)
[29.613s] Level 1:colcon.colcon_core.environment:checking '/root/aerostack2_ws/install/as2_behaviors_motion' for CMake module files
[29.614s] Level 1:colcon.colcon_core.environment:checking '/root/aerostack2_ws/install/as2_behaviors_motion' for CMake config files
[29.614s] Level 1:colcon.colcon_core.shell:create_environment_hook('as2_behaviors_motion', 'cmake_prefix_path')
[29.615s] INFO:colcon.colcon_core.shell:Creating environment hook '/root/aerostack2_ws/install/as2_behaviors_motion/share/as2_behaviors_motion/hook/cmake_prefix_path.ps1'
[29.619s] DEBUG:colcon.colcon_core.event_handler.log_command:Invoked command in '/root/aerostack2_ws/build/as2_behaviors_motion' returned '0': CMAKE_PREFIX_PATH=/root/aerostack2_ws/install/as2_motion_reference_handlers:/root/aerostack2_ws/install/as2_behavior:/root/aerostack2_ws/install/as2_core:/root/aerostack2_ws/install/as2_msgs:/root/aerostack2_ws/install/as2_swarm_person_interfaces:/root/aerostack2_ws/install/rmf_demos_gz_classic:/root/aerostack2_ws/install/rmf_demos_gz:/root/aerostack2_ws/install/rmf_demos:/root/aerostack2_ws/install/rmf_demos_maps:/root/aerostack2_ws/install/aerostack2:/root/aerostack2_ws/install/as2_usb_camera_interface:/root/aerostack2_ws/install/as2_state_estimator:/root/aerostack2_ws/install/as2_rviz_plugins:/root/aerostack2_ws/install/as2_realsense_interface:/root/aerostack2_ws/install/as2_platform_multirotor_simulator:/root/aerostack2_ws/install/as2_platform_gazebo:/root/aerostack2_ws/install/as2_motion_controller:/root/aerostack2_ws/install/as2_behaviors_trajectory_generation:/root/aerostack2_ws/install/as2_behaviors_swarm_flocking:/root/aerostack2_ws/install/as2_behaviors_motion:/root/aerostack2_ws/install/as2_map_server:/root/aerostack2_ws/install/as2_geozones:/root/aerostack2_ws/install/as2_gazebo_assets:/root/aerostack2_ws/install/as2_external_object_to_tf:/root/aerostack2_ws/install/as2_behaviors_platform:/root/aerostack2_ws/install/as2_behaviors_perception:/root/aerostack2_ws/install/as2_behaviors_path_planning:/root/aerostack2_ws/install/as2_behavior_tree:/root/aerostack2_ws/install/as2_alphanumeric_viewer:/root/aerostack2_ws/install/as2_cli:/root/aerostack2_ws/install/as2_swarm_person_tracking:/root/aerostack2_ws/install/as2_swarm_ci_fusion_people:/root/aerostack2_ws/install/rmf_demos_tasks:/root/aerostack2_ws/install/rmf_demos_panel:/root/aerostack2_ws/install/rmf_demos_fleet_adapter:/root/aerostack2_ws/install/rmf_demos_dashboard_resources:/root/aerostack2_ws/install/rmf_demos_bridges:/root/aerostack2_ws/install/rmf_demos_assets:/root/aerostack2_ws/install/as2_visualization:/root/aerostack2_ws/install/as2_swarm_perception:/root/aerostack2_ws/install/as2_swarm_fusion_ci:/root/aerostack2_ws/install/as2_swarm_ekf:/root/aerostack2_ws/install/as2_keyboard_teleoperation:/root/aerostack2_ws/install/as2_python_api:/root/aerostack2_ws/install/as2_project_bringup:/root/aerostack2_ws/install/as2_perception:/root/aerostack2_ws/install/as2_groundray_perception:/opt/ros/humble LD_LIBRARY_PATH=/root/aerostack2_ws/install/as2_behavior/lib:/root/aerostack2_ws/install/as2_core/lib:/root/aerostack2_ws/install/as2_msgs/lib:/root/aerostack2_ws/install/as2_swarm_person_interfaces/lib:/root/aerostack2_ws/install/as2_state_estimator/lib:/root/aerostack2_ws/install/as2_python_api/lib:/root/aerostack2_ws/install/as2_motion_controller/lib:/root/aerostack2_ws/install/as2_behaviors_trajectory_generation/lib:/root/aerostack2_ws/install/as2_behaviors_swarm_flocking/lib:/root/aerostack2_ws/install/as2_behaviors_motion/lib:/root/aerostack2_ws/install/as2_motion_reference_handlers/lib:/root/aerostack2_ws/install/as2_map_server/lib:/root/aerostack2_ws/install/as2_gazebo_assets/lib:/root/aerostack2_ws/install/as2_behaviors_perception/lib:/root/aerostack2_ws/install/as2_behaviors_path_planning/lib:/root/aerostack2_ws/install/as2_behavior_tree/lib:/opt/ros/humble/opt/rviz_ogre_vendor/lib:/opt/ros/humble/lib/x86_64-linux-gnu:/opt/ros/humble/lib /usr/bin/cmake --install /root/aerostack2_ws/build/as2_behaviors_motion
[29.620s] INFO:colcon.colcon_core.shell:Creating environment descriptor '/root/aerostack2_ws/install/as2_behaviors_motion/share/as2_behaviors_motion/hook/cmake_prefix_path.dsv'
[29.621s] INFO:colcon.colcon_core.shell:Creating environment hook '/root/aerostack2_ws/install/as2_behaviors_motion/share/as2_behaviors_motion/hook/cmake_prefix_path.sh'
[29.623s] Level 1:colcon.colcon_core.environment:checking '/root/aerostack2_ws/install/as2_behaviors_motion/lib'
[29.623s] Level 1:colcon.colcon_core.shell:create_environment_hook('as2_behaviors_motion', 'ld_library_path_lib')
[29.624s] INFO:colcon.colcon_core.shell:Creating environment hook '/root/aerostack2_ws/install/as2_behaviors_motion/share/as2_behaviors_motion/hook/ld_library_path_lib.ps1'
[29.625s] INFO:colcon.colcon_core.shell:Creating environment descriptor '/root/aerostack2_ws/install/as2_behaviors_motion/share/as2_behaviors_motion/hook/ld_library_path_lib.dsv'
[29.633s] INFO:colcon.colcon_core.shell:Creating environment hook '/root/aerostack2_ws/install/as2_behaviors_motion/share/as2_behaviors_motion/hook/ld_library_path_lib.sh'
[29.633s] Level 1:colcon.colcon_core.environment:checking '/root/aerostack2_ws/install/as2_behaviors_motion/bin'
[29.633s] Level 1:colcon.colcon_core.environment:checking '/root/aerostack2_ws/install/as2_behaviors_motion/lib/pkgconfig/as2_behaviors_motion.pc'
[29.634s] Level 1:colcon.colcon_core.environment:checking '/root/aerostack2_ws/install/as2_behaviors_motion/lib/python3.10/site-packages'
[29.636s] Level 1:colcon.colcon_core.environment:checking '/root/aerostack2_ws/install/as2_behaviors_motion/bin'
[29.637s] INFO:colcon.colcon_core.shell:Creating package script '/root/aerostack2_ws/install/as2_behaviors_motion/share/as2_behaviors_motion/package.ps1'
[29.643s] INFO:colcon.colcon_core.shell:Creating package descriptor '/root/aerostack2_ws/install/as2_behaviors_motion/share/as2_behaviors_motion/package.dsv'
[29.646s] INFO:colcon.colcon_core.shell:Creating package script '/root/aerostack2_ws/install/as2_behaviors_motion/share/as2_behaviors_motion/package.sh'
[29.647s] INFO:colcon.colcon_core.shell:Creating package script '/root/aerostack2_ws/install/as2_behaviors_motion/share/as2_behaviors_motion/package.bash'
[29.647s] INFO:colcon.colcon_core.shell:Creating package script '/root/aerostack2_ws/install/as2_behaviors_motion/share/as2_behaviors_motion/package.zsh'
[29.648s] Level 1:colcon.colcon_core.environment:create_file_with_runtime_dependencies(/root/aerostack2_ws/install/as2_behaviors_motion/share/colcon-core/packages/as2_behaviors_motion)
[29.651s] Level 1:colcon.colcon_core.environment:create_environment_scripts_only(as2_behaviors_motion)
[29.653s] Level 1:colcon.colcon_core.environment:checking '/root/aerostack2_ws/install/as2_behaviors_motion' for CMake module files
[29.661s] Level 1:colcon.colcon_core.environment:checking '/root/aerostack2_ws/install/as2_behaviors_motion' for CMake config files
[29.662s] Level 1:colcon.colcon_core.shell:create_environment_hook('as2_behaviors_motion', 'cmake_prefix_path')
[29.663s] INFO:colcon.colcon_core.shell:Creating environment hook '/root/aerostack2_ws/install/as2_behaviors_motion/share/as2_behaviors_motion/hook/cmake_prefix_path.ps1'
[29.666s] INFO:colcon.colcon_core.shell:Creating environment descriptor '/root/aerostack2_ws/install/as2_behaviors_motion/share/as2_behaviors_motion/hook/cmake_prefix_path.dsv'
[29.667s] INFO:colcon.colcon_core.shell:Creating environment hook '/root/aerostack2_ws/install/as2_behaviors_motion/share/as2_behaviors_motion/hook/cmake_prefix_path.sh'
[29.670s] Level 1:colcon.colcon_core.environment:checking '/root/aerostack2_ws/install/as2_behaviors_motion/lib'
[29.671s] Level 1:colcon.colcon_core.shell:create_environment_hook('as2_behaviors_motion', 'ld_library_path_lib')
[29.674s] INFO:colcon.colcon_core.shell:Creating environment hook '/root/aerostack2_ws/install/as2_behaviors_motion/share/as2_behaviors_motion/hook/ld_library_path_lib.ps1'
[29.677s] INFO:colcon.colcon_core.shell:Creating environment descriptor '/root/aerostack2_ws/install/as2_behaviors_motion/share/as2_behaviors_motion/hook/ld_library_path_lib.dsv'
[29.681s] INFO:colcon.colcon_core.shell:Creating environment hook '/root/aerostack2_ws/install/as2_behaviors_motion/share/as2_behaviors_motion/hook/ld_library_path_lib.sh'
[29.682s] Level 1:colcon.colcon_core.environment:checking '/root/aerostack2_ws/install/as2_behaviors_motion/bin'
[29.683s] Level 1:colcon.colcon_core.environment:checking '/root/aerostack2_ws/install/as2_behaviors_motion/lib/pkgconfig/as2_behaviors_motion.pc'
[29.684s] Level 1:colcon.colcon_core.environment:checking '/root/aerostack2_ws/install/as2_behaviors_motion/lib/python3.10/site-packages'
[29.688s] Level 1:colcon.colcon_core.environment:checking '/root/aerostack2_ws/install/as2_behaviors_motion/bin'
[29.688s] INFO:colcon.colcon_core.shell:Creating package script '/root/aerostack2_ws/install/as2_behaviors_motion/share/as2_behaviors_motion/package.ps1'
[29.694s] INFO:colcon.colcon_core.shell:Creating package descriptor '/root/aerostack2_ws/install/as2_behaviors_motion/share/as2_behaviors_motion/package.dsv'
[29.728s] INFO:colcon.colcon_core.shell:Creating package script '/root/aerostack2_ws/install/as2_behaviors_motion/share/as2_behaviors_motion/package.sh'
[29.730s] INFO:colcon.colcon_core.shell:Creating package script '/root/aerostack2_ws/install/as2_behaviors_motion/share/as2_behaviors_motion/package.bash'
[29.731s] INFO:colcon.colcon_core.shell:Creating package script '/root/aerostack2_ws/install/as2_behaviors_motion/share/as2_behaviors_motion/package.zsh'
[29.732s] Level 1:colcon.colcon_core.environment:create_file_with_runtime_dependencies(/root/aerostack2_ws/install/as2_behaviors_motion/share/colcon-core/packages/as2_behaviors_motion)
[29.791s] DEBUG:colcon.colcon_core.event_handler.log_command:Invoking command in '/root/aerostack2_ws/src/aerostack2/as2_python_api': CMAKE_PREFIX_PATH=/root/aerostack2_ws/install/as2_motion_reference_handlers:/root/aerostack2_ws/install/as2_core:/root/aerostack2_ws/install/as2_msgs:/root/aerostack2_ws/install/as2_swarm_person_interfaces:/root/aerostack2_ws/install/rmf_demos_gz_classic:/root/aerostack2_ws/install/rmf_demos_gz:/root/aerostack2_ws/install/rmf_demos:/root/aerostack2_ws/install/rmf_demos_maps:/root/aerostack2_ws/install/aerostack2:/root/aerostack2_ws/install/as2_usb_camera_interface:/root/aerostack2_ws/install/as2_state_estimator:/root/aerostack2_ws/install/as2_rviz_plugins:/root/aerostack2_ws/install/as2_realsense_interface:/root/aerostack2_ws/install/as2_platform_multirotor_simulator:/root/aerostack2_ws/install/as2_platform_gazebo:/root/aerostack2_ws/install/as2_motion_controller:/root/aerostack2_ws/install/as2_behaviors_trajectory_generation:/root/aerostack2_ws/install/as2_behaviors_swarm_flocking:/root/aerostack2_ws/install/as2_behaviors_motion:/root/aerostack2_ws/install/as2_map_server:/root/aerostack2_ws/install/as2_geozones:/root/aerostack2_ws/install/as2_gazebo_assets:/root/aerostack2_ws/install/as2_external_object_to_tf:/root/aerostack2_ws/install/as2_behaviors_platform:/root/aerostack2_ws/install/as2_behaviors_perception:/root/aerostack2_ws/install/as2_behaviors_path_planning:/root/aerostack2_ws/install/as2_behavior_tree:/root/aerostack2_ws/install/as2_behavior:/root/aerostack2_ws/install/as2_alphanumeric_viewer:/root/aerostack2_ws/install/as2_cli LD_LIBRARY_PATH=/root/aerostack2_ws/install/as2_core/lib:/root/aerostack2_ws/install/as2_msgs/lib:/root/aerostack2_ws/install/as2_swarm_person_interfaces/lib:/root/aerostack2_ws/install/as2_state_estimator/lib:/root/aerostack2_ws/install/as2_python_api/lib:/root/aerostack2_ws/install/as2_motion_controller/lib:/root/aerostack2_ws/install/as2_behaviors_trajectory_generation/lib:/root/aerostack2_ws/install/as2_behaviors_swarm_flocking/lib:/root/aerostack2_ws/install/as2_behaviors_motion/lib:/root/aerostack2_ws/install/as2_motion_reference_handlers/lib:/root/aerostack2_ws/install/as2_map_server/lib:/root/aerostack2_ws/install/as2_gazebo_assets/lib:/root/aerostack2_ws/install/as2_behaviors_perception/lib:/root/aerostack2_ws/install/as2_behaviors_path_planning/lib:/root/aerostack2_ws/install/as2_behavior_tree/lib:/root/aerostack2_ws/install/as2_behavior/lib:/opt/ros/humble/opt/rviz_ogre_vendor/lib:/opt/ros/humble/lib/x86_64-linux-gnu:/opt/ros/humble/lib PYTHONPATH=/root/aerostack2_ws/build/as2_python_api/prefix_override:/usr/lib/python3/dist-packages/colcon_core/task/python/colcon_distutils_commands:/root/aerostack2_ws/install/as2_python_api/lib/python3.10/site-packages:${PYTHONPATH} /usr/bin/python3 -W ignore:setup.py install is deprecated -W ignore:easy_install command is deprecated setup.py egg_info --egg-base ../../../build/as2_python_api build --build-base /root/aerostack2_ws/build/as2_python_api/build install --record /root/aerostack2_ws/build/as2_python_api/install.log --single-version-externally-managed install_data
[29.792s] Level 1:colcon.colcon_core.environment:create_environment_scripts_only(as2_platform_gazebo)
[29.793s] Level 1:colcon.colcon_core.environment:checking '/root/aerostack2_ws/install/as2_platform_gazebo' for CMake module files
[29.796s] Level 1:colcon.colcon_core.environment:checking '/root/aerostack2_ws/install/as2_platform_gazebo' for CMake config files
[29.794s] DEBUG:colcon.colcon_core.event_handler.log_command:Invoked command in '/root/aerostack2_ws/build/as2_platform_gazebo' returned '0': CMAKE_PREFIX_PATH=/root/aerostack2_ws/install/as2_gazebo_assets:/root/aerostack2_ws/install/as2_core:/root/aerostack2_ws/install/as2_msgs:/root/aerostack2_ws/install/as2_swarm_person_interfaces:/root/aerostack2_ws/install/rmf_demos_gz_classic:/root/aerostack2_ws/install/rmf_demos_gz:/root/aerostack2_ws/install/rmf_demos:/root/aerostack2_ws/install/rmf_demos_maps:/root/aerostack2_ws/install/aerostack2:/root/aerostack2_ws/install/as2_usb_camera_interface:/root/aerostack2_ws/install/as2_state_estimator:/root/aerostack2_ws/install/as2_rviz_plugins:/root/aerostack2_ws/install/as2_realsense_interface:/root/aerostack2_ws/install/as2_platform_multirotor_simulator:/root/aerostack2_ws/install/as2_platform_gazebo:/root/aerostack2_ws/install/as2_motion_controller:/root/aerostack2_ws/install/as2_behaviors_trajectory_generation:/root/aerostack2_ws/install/as2_behaviors_swarm_flocking:/root/aerostack2_ws/install/as2_behaviors_motion:/root/aerostack2_ws/install/as2_motion_reference_handlers:/root/aerostack2_ws/install/as2_map_server:/root/aerostack2_ws/install/as2_geozones:/root/aerostack2_ws/install/as2_external_object_to_tf:/root/aerostack2_ws/install/as2_behaviors_platform:/root/aerostack2_ws/install/as2_behaviors_perception:/root/aerostack2_ws/install/as2_behaviors_path_planning:/root/aerostack2_ws/install/as2_behavior_tree:/root/aerostack2_ws/install/as2_behavior:/root/aerostack2_ws/install/as2_alphanumeric_viewer:/root/aerostack2_ws/install/as2_cli:/root/aerostack2_ws/install/as2_swarm_person_tracking:/root/aerostack2_ws/install/as2_swarm_ci_fusion_people:/root/aerostack2_ws/install/rmf_demos_tasks:/root/aerostack2_ws/install/rmf_demos_panel:/root/aerostack2_ws/install/rmf_demos_fleet_adapter:/root/aerostack2_ws/install/rmf_demos_dashboard_resources:/root/aerostack2_ws/install/rmf_demos_bridges:/root/aerostack2_ws/install/rmf_demos_assets:/root/aerostack2_ws/install/as2_visualization:/root/aerostack2_ws/install/as2_swarm_perception:/root/aerostack2_ws/install/as2_swarm_fusion_ci:/root/aerostack2_ws/install/as2_swarm_ekf:/root/aerostack2_ws/install/as2_keyboard_teleoperation:/root/aerostack2_ws/install/as2_python_api:/root/aerostack2_ws/install/as2_project_bringup:/root/aerostack2_ws/install/as2_perception:/root/aerostack2_ws/install/as2_groundray_perception:/opt/ros/humble GZ_SIM_RESOURCE_PATH=/root/aerostack2_ws/install/as2_gazebo_assets/share/as2_ign_gazebo_assets/worlds:/root/aerostack2_ws/install/as2_gazebo_assets/share/as2_ign_gazebo_assets/models:${GZ_SIM_RESOURCE_PATH} GZ_VERSION=@GZ_VERSION@ LD_LIBRARY_PATH=/root/aerostack2_ws/install/as2_gazebo_assets/lib:/root/aerostack2_ws/install/as2_core/lib:/root/aerostack2_ws/install/as2_msgs/lib:/root/aerostack2_ws/install/as2_swarm_person_interfaces/lib:/root/aerostack2_ws/install/as2_state_estimator/lib:/root/aerostack2_ws/install/as2_python_api/lib:/root/aerostack2_ws/install/as2_motion_controller/lib:/root/aerostack2_ws/install/as2_behaviors_trajectory_generation/lib:/root/aerostack2_ws/install/as2_behaviors_swarm_flocking/lib:/root/aerostack2_ws/install/as2_behaviors_motion/lib:/root/aerostack2_ws/install/as2_motion_reference_handlers/lib:/root/aerostack2_ws/install/as2_map_server/lib:/root/aerostack2_ws/install/as2_behaviors_perception/lib:/root/aerostack2_ws/install/as2_behaviors_path_planning/lib:/root/aerostack2_ws/install/as2_behavior_tree/lib:/root/aerostack2_ws/install/as2_behavior/lib:/opt/ros/humble/opt/rviz_ogre_vendor/lib:/opt/ros/humble/lib/x86_64-linux-gnu:/opt/ros/humble/lib /usr/bin/cmake --install /root/aerostack2_ws/build/as2_platform_gazebo
[29.805s] Level 1:colcon.colcon_core.shell:create_environment_hook('as2_platform_gazebo', 'cmake_prefix_path')
[29.805s] INFO:colcon.colcon_core.shell:Creating environment hook '/root/aerostack2_ws/install/as2_platform_gazebo/share/as2_platform_gazebo/hook/cmake_prefix_path.ps1'
[29.806s] INFO:colcon.colcon_core.shell:Creating environment descriptor '/root/aerostack2_ws/install/as2_platform_gazebo/share/as2_platform_gazebo/hook/cmake_prefix_path.dsv'
[29.807s] INFO:colcon.colcon_core.shell:Creating environment hook '/root/aerostack2_ws/install/as2_platform_gazebo/share/as2_platform_gazebo/hook/cmake_prefix_path.sh'
[29.808s] Level 1:colcon.colcon_core.environment:checking '/root/aerostack2_ws/install/as2_platform_gazebo/lib'
[29.810s] Level 1:colcon.colcon_core.environment:checking '/root/aerostack2_ws/install/as2_platform_gazebo/bin'
[29.810s] Level 1:colcon.colcon_core.environment:checking '/root/aerostack2_ws/install/as2_platform_gazebo/lib/pkgconfig/as2_platform_gazebo.pc'
[29.811s] Level 1:colcon.colcon_core.environment:checking '/root/aerostack2_ws/install/as2_platform_gazebo/lib/python3.10/site-packages'
[29.811s] Level 1:colcon.colcon_core.environment:checking '/root/aerostack2_ws/install/as2_platform_gazebo/bin'
[29.818s] INFO:colcon.colcon_core.shell:Creating package script '/root/aerostack2_ws/install/as2_platform_gazebo/share/as2_platform_gazebo/package.ps1'
[29.820s] INFO:colcon.colcon_core.shell:Creating package descriptor '/root/aerostack2_ws/install/as2_platform_gazebo/share/as2_platform_gazebo/package.dsv'
[29.821s] INFO:colcon.colcon_core.shell:Creating package script '/root/aerostack2_ws/install/as2_platform_gazebo/share/as2_platform_gazebo/package.sh'
[29.822s] INFO:colcon.colcon_core.shell:Creating package script '/root/aerostack2_ws/install/as2_platform_gazebo/share/as2_platform_gazebo/package.bash'
[29.825s] INFO:colcon.colcon_core.shell:Creating package script '/root/aerostack2_ws/install/as2_platform_gazebo/share/as2_platform_gazebo/package.zsh'
[29.829s] Level 1:colcon.colcon_core.environment:create_file_with_runtime_dependencies(/root/aerostack2_ws/install/as2_platform_gazebo/share/colcon-core/packages/as2_platform_gazebo)
[29.832s] Level 1:colcon.colcon_core.environment:create_environment_scripts_only(as2_platform_gazebo)
[29.843s] Level 1:colcon.colcon_core.environment:checking '/root/aerostack2_ws/install/as2_platform_gazebo' for CMake module files
[29.845s] Level 1:colcon.colcon_core.environment:checking '/root/aerostack2_ws/install/as2_platform_gazebo' for CMake config files
[29.846s] Level 1:colcon.colcon_core.shell:create_environment_hook('as2_platform_gazebo', 'cmake_prefix_path')
[29.847s] INFO:colcon.colcon_core.shell:Creating environment hook '/root/aerostack2_ws/install/as2_platform_gazebo/share/as2_platform_gazebo/hook/cmake_prefix_path.ps1'
[29.851s] INFO:colcon.colcon_core.shell:Creating environment descriptor '/root/aerostack2_ws/install/as2_platform_gazebo/share/as2_platform_gazebo/hook/cmake_prefix_path.dsv'
[29.852s] INFO:colcon.colcon_core.shell:Creating environment hook '/root/aerostack2_ws/install/as2_platform_gazebo/share/as2_platform_gazebo/hook/cmake_prefix_path.sh'
[29.855s] Level 1:colcon.colcon_core.environment:checking '/root/aerostack2_ws/install/as2_platform_gazebo/lib'
[29.855s] Level 1:colcon.colcon_core.environment:checking '/root/aerostack2_ws/install/as2_platform_gazebo/bin'
[29.864s] Level 1:colcon.colcon_core.environment:checking '/root/aerostack2_ws/install/as2_platform_gazebo/lib/pkgconfig/as2_platform_gazebo.pc'
[29.865s] Level 1:colcon.colcon_core.environment:checking '/root/aerostack2_ws/install/as2_platform_gazebo/lib/python3.10/site-packages'
[29.865s] Level 1:colcon.colcon_core.environment:checking '/root/aerostack2_ws/install/as2_platform_gazebo/bin'
[29.867s] INFO:colcon.colcon_core.shell:Creating package script '/root/aerostack2_ws/install/as2_platform_gazebo/share/as2_platform_gazebo/package.ps1'
[29.870s] INFO:colcon.colcon_core.shell:Creating package descriptor '/root/aerostack2_ws/install/as2_platform_gazebo/share/as2_platform_gazebo/package.dsv'
[29.873s] INFO:colcon.colcon_core.shell:Creating package script '/root/aerostack2_ws/install/as2_platform_gazebo/share/as2_platform_gazebo/package.sh'
[29.881s] INFO:colcon.colcon_core.shell:Creating package script '/root/aerostack2_ws/install/as2_platform_gazebo/share/as2_platform_gazebo/package.bash'
[29.882s] INFO:colcon.colcon_core.shell:Creating package script '/root/aerostack2_ws/install/as2_platform_gazebo/share/as2_platform_gazebo/package.zsh'
[29.883s] Level 1:colcon.colcon_core.environment:create_file_with_runtime_dependencies(/root/aerostack2_ws/install/as2_platform_gazebo/share/colcon-core/packages/as2_platform_gazebo)
[30.713s] DEBUG:colcon.colcon_core.event_handler.log_command:Invoking command in '/root/aerostack2_ws/src/aerostack2/as2_user_interfaces/as2_visualization/as2_visualization': CMAKE_PREFIX_PATH=/root/aerostack2_ws/install/as2_gazebo_assets:/root/aerostack2_ws/install/as2_core:/root/aerostack2_ws/install/as2_msgs:/root/aerostack2_ws/install/as2_swarm_person_interfaces:/root/aerostack2_ws/install/rmf_demos_gz_classic:/root/aerostack2_ws/install/rmf_demos_gz:/root/aerostack2_ws/install/rmf_demos:/root/aerostack2_ws/install/rmf_demos_maps:/root/aerostack2_ws/install/aerostack2:/root/aerostack2_ws/install/as2_usb_camera_interface:/root/aerostack2_ws/install/as2_state_estimator:/root/aerostack2_ws/install/as2_rviz_plugins:/root/aerostack2_ws/install/as2_realsense_interface:/root/aerostack2_ws/install/as2_platform_multirotor_simulator:/root/aerostack2_ws/install/as2_platform_gazebo:/root/aerostack2_ws/install/as2_motion_controller:/root/aerostack2_ws/install/as2_behaviors_trajectory_generation:/root/aerostack2_ws/install/as2_behaviors_swarm_flocking:/root/aerostack2_ws/install/as2_behaviors_motion:/root/aerostack2_ws/install/as2_motion_reference_handlers:/root/aerostack2_ws/install/as2_map_server:/root/aerostack2_ws/install/as2_geozones:/root/aerostack2_ws/install/as2_external_object_to_tf:/root/aerostack2_ws/install/as2_behaviors_platform:/root/aerostack2_ws/install/as2_behaviors_perception:/root/aerostack2_ws/install/as2_behaviors_path_planning:/root/aerostack2_ws/install/as2_behavior_tree:/root/aerostack2_ws/install/as2_behavior:/root/aerostack2_ws/install/as2_alphanumeric_viewer:/root/aerostack2_ws/install/as2_cli GZ_SIM_RESOURCE_PATH=/root/aerostack2_ws/install/as2_gazebo_assets/share/as2_ign_gazebo_assets/worlds:/root/aerostack2_ws/install/as2_gazebo_assets/share/as2_ign_gazebo_assets/models:${GZ_SIM_RESOURCE_PATH} GZ_VERSION=@GZ_VERSION@ LD_LIBRARY_PATH=/root/aerostack2_ws/install/as2_gazebo_assets/lib:/root/aerostack2_ws/install/as2_core/lib:/root/aerostack2_ws/install/as2_msgs/lib:/root/aerostack2_ws/install/as2_swarm_person_interfaces/lib:/root/aerostack2_ws/install/as2_state_estimator/lib:/root/aerostack2_ws/install/as2_python_api/lib:/root/aerostack2_ws/install/as2_motion_controller/lib:/root/aerostack2_ws/install/as2_behaviors_trajectory_generation/lib:/root/aerostack2_ws/install/as2_behaviors_swarm_flocking/lib:/root/aerostack2_ws/install/as2_behaviors_motion/lib:/root/aerostack2_ws/install/as2_motion_reference_handlers/lib:/root/aerostack2_ws/install/as2_map_server/lib:/root/aerostack2_ws/install/as2_behaviors_perception/lib:/root/aerostack2_ws/install/as2_behaviors_path_planning/lib:/root/aerostack2_ws/install/as2_behavior_tree/lib:/root/aerostack2_ws/install/as2_behavior/lib:/opt/ros/humble/opt/rviz_ogre_vendor/lib:/opt/ros/humble/lib/x86_64-linux-gnu:/opt/ros/humble/lib PYTHONPATH=/root/aerostack2_ws/build/as2_visualization/prefix_override:/usr/lib/python3/dist-packages/colcon_core/task/python/colcon_distutils_commands:/root/aerostack2_ws/install/as2_visualization/lib/python3.10/site-packages:${PYTHONPATH} /usr/bin/python3 -W ignore:setup.py install is deprecated -W ignore:easy_install command is deprecated setup.py egg_info --egg-base ../../../../../build/as2_visualization build --build-base /root/aerostack2_ws/build/as2_visualization/build install --record /root/aerostack2_ws/build/as2_visualization/install.log --single-version-externally-managed install_data
[31.840s] Level 1:colcon.colcon_core.environment:checking '/root/aerostack2_ws/install/as2_visualization' for CMake module files
[31.841s] Level 1:colcon.colcon_core.environment:checking '/root/aerostack2_ws/install/as2_visualization' for CMake config files
[31.842s] DEBUG:colcon.colcon_core.event_handler.log_command:Invoked command in '/root/aerostack2_ws/src/aerostack2/as2_user_interfaces/as2_visualization/as2_visualization' returned '0': CMAKE_PREFIX_PATH=/root/aerostack2_ws/install/as2_gazebo_assets:/root/aerostack2_ws/install/as2_core:/root/aerostack2_ws/install/as2_msgs:/root/aerostack2_ws/install/as2_swarm_person_interfaces:/root/aerostack2_ws/install/rmf_demos_gz_classic:/root/aerostack2_ws/install/rmf_demos_gz:/root/aerostack2_ws/install/rmf_demos:/root/aerostack2_ws/install/rmf_demos_maps:/root/aerostack2_ws/install/aerostack2:/root/aerostack2_ws/install/as2_usb_camera_interface:/root/aerostack2_ws/install/as2_state_estimator:/root/aerostack2_ws/install/as2_rviz_plugins:/root/aerostack2_ws/install/as2_realsense_interface:/root/aerostack2_ws/install/as2_platform_multirotor_simulator:/root/aerostack2_ws/install/as2_platform_gazebo:/root/aerostack2_ws/install/as2_motion_controller:/root/aerostack2_ws/install/as2_behaviors_trajectory_generation:/root/aerostack2_ws/install/as2_behaviors_swarm_flocking:/root/aerostack2_ws/install/as2_behaviors_motion:/root/aerostack2_ws/install/as2_motion_reference_handlers:/root/aerostack2_ws/install/as2_map_server:/root/aerostack2_ws/install/as2_geozones:/root/aerostack2_ws/install/as2_external_object_to_tf:/root/aerostack2_ws/install/as2_behaviors_platform:/root/aerostack2_ws/install/as2_behaviors_perception:/root/aerostack2_ws/install/as2_behaviors_path_planning:/root/aerostack2_ws/install/as2_behavior_tree:/root/aerostack2_ws/install/as2_behavior:/root/aerostack2_ws/install/as2_alphanumeric_viewer:/root/aerostack2_ws/install/as2_cli GZ_SIM_RESOURCE_PATH=/root/aerostack2_ws/install/as2_gazebo_assets/share/as2_ign_gazebo_assets/worlds:/root/aerostack2_ws/install/as2_gazebo_assets/share/as2_ign_gazebo_assets/models:${GZ_SIM_RESOURCE_PATH} GZ_VERSION=@GZ_VERSION@ LD_LIBRARY_PATH=/root/aerostack2_ws/install/as2_gazebo_assets/lib:/root/aerostack2_ws/install/as2_core/lib:/root/aerostack2_ws/install/as2_msgs/lib:/root/aerostack2_ws/install/as2_swarm_person_interfaces/lib:/root/aerostack2_ws/install/as2_state_estimator/lib:/root/aerostack2_ws/install/as2_python_api/lib:/root/aerostack2_ws/install/as2_motion_controller/lib:/root/aerostack2_ws/install/as2_behaviors_trajectory_generation/lib:/root/aerostack2_ws/install/as2_behaviors_swarm_flocking/lib:/root/aerostack2_ws/install/as2_behaviors_motion/lib:/root/aerostack2_ws/install/as2_motion_reference_handlers/lib:/root/aerostack2_ws/install/as2_map_server/lib:/root/aerostack2_ws/install/as2_behaviors_perception/lib:/root/aerostack2_ws/install/as2_behaviors_path_planning/lib:/root/aerostack2_ws/install/as2_behavior_tree/lib:/root/aerostack2_ws/install/as2_behavior/lib:/opt/ros/humble/opt/rviz_ogre_vendor/lib:/opt/ros/humble/lib/x86_64-linux-gnu:/opt/ros/humble/lib PYTHONPATH=/root/aerostack2_ws/build/as2_visualization/prefix_override:/usr/lib/python3/dist-packages/colcon_core/task/python/colcon_distutils_commands:/root/aerostack2_ws/install/as2_visualization/lib/python3.10/site-packages:${PYTHONPATH} /usr/bin/python3 -W ignore:setup.py install is deprecated -W ignore:easy_install command is deprecated setup.py egg_info --egg-base ../../../../../build/as2_visualization build --build-base /root/aerostack2_ws/build/as2_visualization/build install --record /root/aerostack2_ws/build/as2_visualization/install.log --single-version-externally-managed install_data
[31.844s] Level 1:colcon.colcon_core.environment:checking '/root/aerostack2_ws/install/as2_visualization/lib'
[31.845s] Level 1:colcon.colcon_core.environment:checking '/root/aerostack2_ws/install/as2_visualization/bin'
[31.845s] Level 1:colcon.colcon_core.environment:checking '/root/aerostack2_ws/install/as2_visualization/lib/pkgconfig/as2_visualization.pc'
[31.845s] Level 1:colcon.colcon_core.environment:checking '/root/aerostack2_ws/install/as2_visualization/lib/python3.10/site-packages'
[31.845s] Level 1:colcon.colcon_core.shell:create_environment_hook('as2_visualization', 'pythonpath')
[31.845s] INFO:colcon.colcon_core.shell:Creating environment hook '/root/aerostack2_ws/install/as2_visualization/share/as2_visualization/hook/pythonpath.ps1'
[31.861s] INFO:colcon.colcon_core.shell:Creating environment descriptor '/root/aerostack2_ws/install/as2_visualization/share/as2_visualization/hook/pythonpath.dsv'
[31.866s] INFO:colcon.colcon_core.shell:Creating environment hook '/root/aerostack2_ws/install/as2_visualization/share/as2_visualization/hook/pythonpath.sh'
[31.867s] Level 1:colcon.colcon_core.environment:checking '/root/aerostack2_ws/install/as2_visualization/bin'
[31.867s] Level 1:colcon.colcon_core.environment:create_environment_scripts_only(as2_visualization)
[31.867s] INFO:colcon.colcon_core.shell:Creating package script '/root/aerostack2_ws/install/as2_visualization/share/as2_visualization/package.ps1'
[31.868s] INFO:colcon.colcon_core.shell:Creating package descriptor '/root/aerostack2_ws/install/as2_visualization/share/as2_visualization/package.dsv'
[31.868s] INFO:colcon.colcon_core.shell:Creating package script '/root/aerostack2_ws/install/as2_visualization/share/as2_visualization/package.sh'
[31.874s] INFO:colcon.colcon_core.shell:Creating package script '/root/aerostack2_ws/install/as2_visualization/share/as2_visualization/package.bash'
[31.876s] INFO:colcon.colcon_core.shell:Creating package script '/root/aerostack2_ws/install/as2_visualization/share/as2_visualization/package.zsh'
[31.881s] Level 1:colcon.colcon_core.environment:create_file_with_runtime_dependencies(/root/aerostack2_ws/install/as2_visualization/share/colcon-core/packages/as2_visualization)
[31.903s] DEBUG:colcon.colcon_core.event_handler.log_command:Invoked command in '/root/aerostack2_ws/src/aerostack2/as2_python_api' returned '0': CMAKE_PREFIX_PATH=/root/aerostack2_ws/install/as2_motion_reference_handlers:/root/aerostack2_ws/install/as2_core:/root/aerostack2_ws/install/as2_msgs:/root/aerostack2_ws/install/as2_swarm_person_interfaces:/root/aerostack2_ws/install/rmf_demos_gz_classic:/root/aerostack2_ws/install/rmf_demos_gz:/root/aerostack2_ws/install/rmf_demos:/root/aerostack2_ws/install/rmf_demos_maps:/root/aerostack2_ws/install/aerostack2:/root/aerostack2_ws/install/as2_usb_camera_interface:/root/aerostack2_ws/install/as2_state_estimator:/root/aerostack2_ws/install/as2_rviz_plugins:/root/aerostack2_ws/install/as2_realsense_interface:/root/aerostack2_ws/install/as2_platform_multirotor_simulator:/root/aerostack2_ws/install/as2_platform_gazebo:/root/aerostack2_ws/install/as2_motion_controller:/root/aerostack2_ws/install/as2_behaviors_trajectory_generation:/root/aerostack2_ws/install/as2_behaviors_swarm_flocking:/root/aerostack2_ws/install/as2_behaviors_motion:/root/aerostack2_ws/install/as2_map_server:/root/aerostack2_ws/install/as2_geozones:/root/aerostack2_ws/install/as2_gazebo_assets:/root/aerostack2_ws/install/as2_external_object_to_tf:/root/aerostack2_ws/install/as2_behaviors_platform:/root/aerostack2_ws/install/as2_behaviors_perception:/root/aerostack2_ws/install/as2_behaviors_path_planning:/root/aerostack2_ws/install/as2_behavior_tree:/root/aerostack2_ws/install/as2_behavior:/root/aerostack2_ws/install/as2_alphanumeric_viewer:/root/aerostack2_ws/install/as2_cli LD_LIBRARY_PATH=/root/aerostack2_ws/install/as2_core/lib:/root/aerostack2_ws/install/as2_msgs/lib:/root/aerostack2_ws/install/as2_swarm_person_interfaces/lib:/root/aerostack2_ws/install/as2_state_estimator/lib:/root/aerostack2_ws/install/as2_python_api/lib:/root/aerostack2_ws/install/as2_motion_controller/lib:/root/aerostack2_ws/install/as2_behaviors_trajectory_generation/lib:/root/aerostack2_ws/install/as2_behaviors_swarm_flocking/lib:/root/aerostack2_ws/install/as2_behaviors_motion/lib:/root/aerostack2_ws/install/as2_motion_reference_handlers/lib:/root/aerostack2_ws/install/as2_map_server/lib:/root/aerostack2_ws/install/as2_gazebo_assets/lib:/root/aerostack2_ws/install/as2_behaviors_perception/lib:/root/aerostack2_ws/install/as2_behaviors_path_planning/lib:/root/aerostack2_ws/install/as2_behavior_tree/lib:/root/aerostack2_ws/install/as2_behavior/lib:/opt/ros/humble/opt/rviz_ogre_vendor/lib:/opt/ros/humble/lib/x86_64-linux-gnu:/opt/ros/humble/lib PYTHONPATH=/root/aerostack2_ws/build/as2_python_api/prefix_override:/usr/lib/python3/dist-packages/colcon_core/task/python/colcon_distutils_commands:/root/aerostack2_ws/install/as2_python_api/lib/python3.10/site-packages:${PYTHONPATH} /usr/bin/python3 -W ignore:setup.py install is deprecated -W ignore:easy_install command is deprecated setup.py egg_info --egg-base ../../../build/as2_python_api build --build-base /root/aerostack2_ws/build/as2_python_api/build install --record /root/aerostack2_ws/build/as2_python_api/install.log --single-version-externally-managed install_data
[31.893s] Level 1:colcon.colcon_core.environment:checking '/root/aerostack2_ws/install/as2_python_api' for CMake module files
[31.905s] Level 1:colcon.colcon_core.environment:checking '/root/aerostack2_ws/install/as2_python_api' for CMake config files
[31.906s] Level 1:colcon.colcon_core.environment:checking '/root/aerostack2_ws/install/as2_python_api/lib'
[31.906s] Level 1:colcon.colcon_core.environment:checking '/root/aerostack2_ws/install/as2_python_api/bin'
[31.906s] Level 1:colcon.colcon_core.environment:checking '/root/aerostack2_ws/install/as2_python_api/lib/pkgconfig/as2_python_api.pc'
[31.906s] Level 1:colcon.colcon_core.environment:checking '/root/aerostack2_ws/install/as2_python_api/lib/python3.10/site-packages'
[31.906s] Level 1:colcon.colcon_core.shell:create_environment_hook('as2_python_api', 'pythonpath')
[31.907s] INFO:colcon.colcon_core.shell:Creating environment hook '/root/aerostack2_ws/install/as2_python_api/share/as2_python_api/hook/pythonpath.ps1'
[31.914s] INFO:colcon.colcon_core.shell:Creating environment descriptor '/root/aerostack2_ws/install/as2_python_api/share/as2_python_api/hook/pythonpath.dsv'
[31.920s] INFO:colcon.colcon_core.shell:Creating environment hook '/root/aerostack2_ws/install/as2_python_api/share/as2_python_api/hook/pythonpath.sh'
[31.921s] Level 1:colcon.colcon_core.environment:checking '/root/aerostack2_ws/install/as2_python_api/bin'
[31.922s] Level 1:colcon.colcon_core.environment:create_environment_scripts_only(as2_python_api)
[31.922s] INFO:colcon.colcon_core.shell:Creating package script '/root/aerostack2_ws/install/as2_python_api/share/as2_python_api/package.ps1'
[31.923s] INFO:colcon.colcon_core.shell:Creating package descriptor '/root/aerostack2_ws/install/as2_python_api/share/as2_python_api/package.dsv'
[31.931s] INFO:colcon.colcon_core.shell:Creating package script '/root/aerostack2_ws/install/as2_python_api/share/as2_python_api/package.sh'
[31.932s] INFO:colcon.colcon_core.shell:Creating package script '/root/aerostack2_ws/install/as2_python_api/share/as2_python_api/package.bash'
[31.932s] INFO:colcon.colcon_core.shell:Creating package script '/root/aerostack2_ws/install/as2_python_api/share/as2_python_api/package.zsh'
[31.934s] Level 1:colcon.colcon_core.environment:create_file_with_runtime_dependencies(/root/aerostack2_ws/install/as2_python_api/share/colcon-core/packages/as2_python_api)
[31.938s] DEBUG:colcon.colcon_core.event_handler.log_command:Invoked command in '/root/aerostack2_ws/build/as2_motion_controller' returned '0': CMAKE_PREFIX_PATH=/root/aerostack2_ws/install/as2_motion_reference_handlers:/root/aerostack2_ws/install/as2_core:/root/aerostack2_ws/install/as2_msgs:/root/aerostack2_ws/install/as2_swarm_person_interfaces:/root/aerostack2_ws/install/rmf_demos_gz_classic:/root/aerostack2_ws/install/rmf_demos_gz:/root/aerostack2_ws/install/rmf_demos:/root/aerostack2_ws/install/rmf_demos_maps:/root/aerostack2_ws/install/aerostack2:/root/aerostack2_ws/install/as2_usb_camera_interface:/root/aerostack2_ws/install/as2_state_estimator:/root/aerostack2_ws/install/as2_rviz_plugins:/root/aerostack2_ws/install/as2_realsense_interface:/root/aerostack2_ws/install/as2_platform_multirotor_simulator:/root/aerostack2_ws/install/as2_platform_gazebo:/root/aerostack2_ws/install/as2_motion_controller:/root/aerostack2_ws/install/as2_behaviors_trajectory_generation:/root/aerostack2_ws/install/as2_behaviors_swarm_flocking:/root/aerostack2_ws/install/as2_behaviors_motion:/root/aerostack2_ws/install/as2_map_server:/root/aerostack2_ws/install/as2_geozones:/root/aerostack2_ws/install/as2_gazebo_assets:/root/aerostack2_ws/install/as2_external_object_to_tf:/root/aerostack2_ws/install/as2_behaviors_platform:/root/aerostack2_ws/install/as2_behaviors_perception:/root/aerostack2_ws/install/as2_behaviors_path_planning:/root/aerostack2_ws/install/as2_behavior_tree:/root/aerostack2_ws/install/as2_behavior:/root/aerostack2_ws/install/as2_alphanumeric_viewer:/root/aerostack2_ws/install/as2_cli:/root/aerostack2_ws/install/as2_swarm_person_tracking:/root/aerostack2_ws/install/as2_swarm_ci_fusion_people:/root/aerostack2_ws/install/rmf_demos_tasks:/root/aerostack2_ws/install/rmf_demos_panel:/root/aerostack2_ws/install/rmf_demos_fleet_adapter:/root/aerostack2_ws/install/rmf_demos_dashboard_resources:/root/aerostack2_ws/install/rmf_demos_bridges:/root/aerostack2_ws/install/rmf_demos_assets:/root/aerostack2_ws/install/as2_visualization:/root/aerostack2_ws/install/as2_swarm_perception:/root/aerostack2_ws/install/as2_swarm_fusion_ci:/root/aerostack2_ws/install/as2_swarm_ekf:/root/aerostack2_ws/install/as2_keyboard_teleoperation:/root/aerostack2_ws/install/as2_python_api:/root/aerostack2_ws/install/as2_project_bringup:/root/aerostack2_ws/install/as2_perception:/root/aerostack2_ws/install/as2_groundray_perception:/opt/ros/humble LD_LIBRARY_PATH=/root/aerostack2_ws/install/as2_core/lib:/root/aerostack2_ws/install/as2_msgs/lib:/root/aerostack2_ws/install/as2_swarm_person_interfaces/lib:/root/aerostack2_ws/install/as2_state_estimator/lib:/root/aerostack2_ws/install/as2_python_api/lib:/root/aerostack2_ws/install/as2_motion_controller/lib:/root/aerostack2_ws/install/as2_behaviors_trajectory_generation/lib:/root/aerostack2_ws/install/as2_behaviors_swarm_flocking/lib:/root/aerostack2_ws/install/as2_behaviors_motion/lib:/root/aerostack2_ws/install/as2_motion_reference_handlers/lib:/root/aerostack2_ws/install/as2_map_server/lib:/root/aerostack2_ws/install/as2_gazebo_assets/lib:/root/aerostack2_ws/install/as2_behaviors_perception/lib:/root/aerostack2_ws/install/as2_behaviors_path_planning/lib:/root/aerostack2_ws/install/as2_behavior_tree/lib:/root/aerostack2_ws/install/as2_behavior/lib:/opt/ros/humble/opt/rviz_ogre_vendor/lib:/opt/ros/humble/lib/x86_64-linux-gnu:/opt/ros/humble/lib /usr/bin/cmake --build /root/aerostack2_ws/build/as2_motion_controller -- -j8 -l8
[31.960s] DEBUG:colcon.colcon_core.event_handler.log_command:Invoking command in '/root/aerostack2_ws/build/as2_motion_controller': CMAKE_PREFIX_PATH=/root/aerostack2_ws/install/as2_motion_reference_handlers:/root/aerostack2_ws/install/as2_core:/root/aerostack2_ws/install/as2_msgs:/root/aerostack2_ws/install/as2_swarm_person_interfaces:/root/aerostack2_ws/install/rmf_demos_gz_classic:/root/aerostack2_ws/install/rmf_demos_gz:/root/aerostack2_ws/install/rmf_demos:/root/aerostack2_ws/install/rmf_demos_maps:/root/aerostack2_ws/install/aerostack2:/root/aerostack2_ws/install/as2_usb_camera_interface:/root/aerostack2_ws/install/as2_state_estimator:/root/aerostack2_ws/install/as2_rviz_plugins:/root/aerostack2_ws/install/as2_realsense_interface:/root/aerostack2_ws/install/as2_platform_multirotor_simulator:/root/aerostack2_ws/install/as2_platform_gazebo:/root/aerostack2_ws/install/as2_motion_controller:/root/aerostack2_ws/install/as2_behaviors_trajectory_generation:/root/aerostack2_ws/install/as2_behaviors_swarm_flocking:/root/aerostack2_ws/install/as2_behaviors_motion:/root/aerostack2_ws/install/as2_map_server:/root/aerostack2_ws/install/as2_geozones:/root/aerostack2_ws/install/as2_gazebo_assets:/root/aerostack2_ws/install/as2_external_object_to_tf:/root/aerostack2_ws/install/as2_behaviors_platform:/root/aerostack2_ws/install/as2_behaviors_perception:/root/aerostack2_ws/install/as2_behaviors_path_planning:/root/aerostack2_ws/install/as2_behavior_tree:/root/aerostack2_ws/install/as2_behavior:/root/aerostack2_ws/install/as2_alphanumeric_viewer:/root/aerostack2_ws/install/as2_cli:/root/aerostack2_ws/install/as2_swarm_person_tracking:/root/aerostack2_ws/install/as2_swarm_ci_fusion_people:/root/aerostack2_ws/install/rmf_demos_tasks:/root/aerostack2_ws/install/rmf_demos_panel:/root/aerostack2_ws/install/rmf_demos_fleet_adapter:/root/aerostack2_ws/install/rmf_demos_dashboard_resources:/root/aerostack2_ws/install/rmf_demos_bridges:/root/aerostack2_ws/install/rmf_demos_assets:/root/aerostack2_ws/install/as2_visualization:/root/aerostack2_ws/install/as2_swarm_perception:/root/aerostack2_ws/install/as2_swarm_fusion_ci:/root/aerostack2_ws/install/as2_swarm_ekf:/root/aerostack2_ws/install/as2_keyboard_teleoperation:/root/aerostack2_ws/install/as2_python_api:/root/aerostack2_ws/install/as2_project_bringup:/root/aerostack2_ws/install/as2_perception:/root/aerostack2_ws/install/as2_groundray_perception:/opt/ros/humble LD_LIBRARY_PATH=/root/aerostack2_ws/install/as2_core/lib:/root/aerostack2_ws/install/as2_msgs/lib:/root/aerostack2_ws/install/as2_swarm_person_interfaces/lib:/root/aerostack2_ws/install/as2_state_estimator/lib:/root/aerostack2_ws/install/as2_python_api/lib:/root/aerostack2_ws/install/as2_motion_controller/lib:/root/aerostack2_ws/install/as2_behaviors_trajectory_generation/lib:/root/aerostack2_ws/install/as2_behaviors_swarm_flocking/lib:/root/aerostack2_ws/install/as2_behaviors_motion/lib:/root/aerostack2_ws/install/as2_motion_reference_handlers/lib:/root/aerostack2_ws/install/as2_map_server/lib:/root/aerostack2_ws/install/as2_gazebo_assets/lib:/root/aerostack2_ws/install/as2_behaviors_perception/lib:/root/aerostack2_ws/install/as2_behaviors_path_planning/lib:/root/aerostack2_ws/install/as2_behavior_tree/lib:/root/aerostack2_ws/install/as2_behavior/lib:/opt/ros/humble/opt/rviz_ogre_vendor/lib:/opt/ros/humble/lib/x86_64-linux-gnu:/opt/ros/humble/lib /usr/bin/cmake --install /root/aerostack2_ws/build/as2_motion_controller
[31.972s] INFO:colcon.colcon_ros.task.ament_python.build:Building ROS package in '/root/aerostack2_ws/src/aerostack2/as2_user_interfaces/as2_keyboard_teleoperation' with build type 'ament_python'
[31.972s] Level 1:colcon.colcon_core.shell:create_environment_hook('as2_keyboard_teleoperation', 'ament_prefix_path')
[31.972s] INFO:colcon.colcon_core.shell:Creating environment hook '/root/aerostack2_ws/install/as2_keyboard_teleoperation/share/as2_keyboard_teleoperation/hook/ament_prefix_path.ps1'
[31.973s] INFO:colcon.colcon_core.shell:Creating environment descriptor '/root/aerostack2_ws/install/as2_keyboard_teleoperation/share/as2_keyboard_teleoperation/hook/ament_prefix_path.dsv'
[31.980s] INFO:colcon.colcon_core.shell:Creating environment hook '/root/aerostack2_ws/install/as2_keyboard_teleoperation/share/as2_keyboard_teleoperation/hook/ament_prefix_path.sh'
[31.992s] INFO:colcon.colcon_core.shell:Skip shell extension 'powershell' for command environment: Not usable outside of PowerShell
[31.993s] DEBUG:colcon.colcon_core.shell:Skip shell extension 'dsv' for command environment
[32.147s] DEBUG:colcon.colcon_core.event_handler.log_command:Invoked command in '/root/aerostack2_ws/build/as2_behaviors_trajectory_generation' returned '0': CMAKE_PREFIX_PATH=/root/aerostack2_ws/install/as2_motion_reference_handlers:/root/aerostack2_ws/install/as2_behavior:/root/aerostack2_ws/install/as2_core:/root/aerostack2_ws/install/as2_msgs:/root/aerostack2_ws/install/as2_swarm_person_interfaces:/root/aerostack2_ws/install/rmf_demos_gz_classic:/root/aerostack2_ws/install/rmf_demos_gz:/root/aerostack2_ws/install/rmf_demos:/root/aerostack2_ws/install/rmf_demos_maps:/root/aerostack2_ws/install/aerostack2:/root/aerostack2_ws/install/as2_usb_camera_interface:/root/aerostack2_ws/install/as2_state_estimator:/root/aerostack2_ws/install/as2_rviz_plugins:/root/aerostack2_ws/install/as2_realsense_interface:/root/aerostack2_ws/install/as2_platform_multirotor_simulator:/root/aerostack2_ws/install/as2_platform_gazebo:/root/aerostack2_ws/install/as2_motion_controller:/root/aerostack2_ws/install/as2_behaviors_trajectory_generation:/root/aerostack2_ws/install/as2_behaviors_swarm_flocking:/root/aerostack2_ws/install/as2_behaviors_motion:/root/aerostack2_ws/install/as2_map_server:/root/aerostack2_ws/install/as2_geozones:/root/aerostack2_ws/install/as2_gazebo_assets:/root/aerostack2_ws/install/as2_external_object_to_tf:/root/aerostack2_ws/install/as2_behaviors_platform:/root/aerostack2_ws/install/as2_behaviors_perception:/root/aerostack2_ws/install/as2_behaviors_path_planning:/root/aerostack2_ws/install/as2_behavior_tree:/root/aerostack2_ws/install/as2_alphanumeric_viewer:/root/aerostack2_ws/install/as2_cli:/root/aerostack2_ws/install/as2_swarm_person_tracking:/root/aerostack2_ws/install/as2_swarm_ci_fusion_people:/root/aerostack2_ws/install/rmf_demos_tasks:/root/aerostack2_ws/install/rmf_demos_panel:/root/aerostack2_ws/install/rmf_demos_fleet_adapter:/root/aerostack2_ws/install/rmf_demos_dashboard_resources:/root/aerostack2_ws/install/rmf_demos_bridges:/root/aerostack2_ws/install/rmf_demos_assets:/root/aerostack2_ws/install/as2_visualization:/root/aerostack2_ws/install/as2_swarm_perception:/root/aerostack2_ws/install/as2_swarm_fusion_ci:/root/aerostack2_ws/install/as2_swarm_ekf:/root/aerostack2_ws/install/as2_keyboard_teleoperation:/root/aerostack2_ws/install/as2_python_api:/root/aerostack2_ws/install/as2_project_bringup:/root/aerostack2_ws/install/as2_perception:/root/aerostack2_ws/install/as2_groundray_perception:/opt/ros/humble LD_LIBRARY_PATH=/root/aerostack2_ws/install/as2_behavior/lib:/root/aerostack2_ws/install/as2_core/lib:/root/aerostack2_ws/install/as2_msgs/lib:/root/aerostack2_ws/install/as2_swarm_person_interfaces/lib:/root/aerostack2_ws/install/as2_state_estimator/lib:/root/aerostack2_ws/install/as2_python_api/lib:/root/aerostack2_ws/install/as2_motion_controller/lib:/root/aerostack2_ws/install/as2_behaviors_trajectory_generation/lib:/root/aerostack2_ws/install/as2_behaviors_swarm_flocking/lib:/root/aerostack2_ws/install/as2_behaviors_motion/lib:/root/aerostack2_ws/install/as2_motion_reference_handlers/lib:/root/aerostack2_ws/install/as2_map_server/lib:/root/aerostack2_ws/install/as2_gazebo_assets/lib:/root/aerostack2_ws/install/as2_behaviors_perception/lib:/root/aerostack2_ws/install/as2_behaviors_path_planning/lib:/root/aerostack2_ws/install/as2_behavior_tree/lib:/opt/ros/humble/opt/rviz_ogre_vendor/lib:/opt/ros/humble/lib/x86_64-linux-gnu:/opt/ros/humble/lib /usr/bin/cmake --build /root/aerostack2_ws/build/as2_behaviors_trajectory_generation -- -j8 -l8
[32.148s] DEBUG:colcon.colcon_core.event_handler.log_command:Invoking command in '/root/aerostack2_ws/build/as2_behaviors_trajectory_generation': CMAKE_PREFIX_PATH=/root/aerostack2_ws/install/as2_motion_reference_handlers:/root/aerostack2_ws/install/as2_behavior:/root/aerostack2_ws/install/as2_core:/root/aerostack2_ws/install/as2_msgs:/root/aerostack2_ws/install/as2_swarm_person_interfaces:/root/aerostack2_ws/install/rmf_demos_gz_classic:/root/aerostack2_ws/install/rmf_demos_gz:/root/aerostack2_ws/install/rmf_demos:/root/aerostack2_ws/install/rmf_demos_maps:/root/aerostack2_ws/install/aerostack2:/root/aerostack2_ws/install/as2_usb_camera_interface:/root/aerostack2_ws/install/as2_state_estimator:/root/aerostack2_ws/install/as2_rviz_plugins:/root/aerostack2_ws/install/as2_realsense_interface:/root/aerostack2_ws/install/as2_platform_multirotor_simulator:/root/aerostack2_ws/install/as2_platform_gazebo:/root/aerostack2_ws/install/as2_motion_controller:/root/aerostack2_ws/install/as2_behaviors_trajectory_generation:/root/aerostack2_ws/install/as2_behaviors_swarm_flocking:/root/aerostack2_ws/install/as2_behaviors_motion:/root/aerostack2_ws/install/as2_map_server:/root/aerostack2_ws/install/as2_geozones:/root/aerostack2_ws/install/as2_gazebo_assets:/root/aerostack2_ws/install/as2_external_object_to_tf:/root/aerostack2_ws/install/as2_behaviors_platform:/root/aerostack2_ws/install/as2_behaviors_perception:/root/aerostack2_ws/install/as2_behaviors_path_planning:/root/aerostack2_ws/install/as2_behavior_tree:/root/aerostack2_ws/install/as2_alphanumeric_viewer:/root/aerostack2_ws/install/as2_cli:/root/aerostack2_ws/install/as2_swarm_person_tracking:/root/aerostack2_ws/install/as2_swarm_ci_fusion_people:/root/aerostack2_ws/install/rmf_demos_tasks:/root/aerostack2_ws/install/rmf_demos_panel:/root/aerostack2_ws/install/rmf_demos_fleet_adapter:/root/aerostack2_ws/install/rmf_demos_dashboard_resources:/root/aerostack2_ws/install/rmf_demos_bridges:/root/aerostack2_ws/install/rmf_demos_assets:/root/aerostack2_ws/install/as2_visualization:/root/aerostack2_ws/install/as2_swarm_perception:/root/aerostack2_ws/install/as2_swarm_fusion_ci:/root/aerostack2_ws/install/as2_swarm_ekf:/root/aerostack2_ws/install/as2_keyboard_teleoperation:/root/aerostack2_ws/install/as2_python_api:/root/aerostack2_ws/install/as2_project_bringup:/root/aerostack2_ws/install/as2_perception:/root/aerostack2_ws/install/as2_groundray_perception:/opt/ros/humble LD_LIBRARY_PATH=/root/aerostack2_ws/install/as2_behavior/lib:/root/aerostack2_ws/install/as2_core/lib:/root/aerostack2_ws/install/as2_msgs/lib:/root/aerostack2_ws/install/as2_swarm_person_interfaces/lib:/root/aerostack2_ws/install/as2_state_estimator/lib:/root/aerostack2_ws/install/as2_python_api/lib:/root/aerostack2_ws/install/as2_motion_controller/lib:/root/aerostack2_ws/install/as2_behaviors_trajectory_generation/lib:/root/aerostack2_ws/install/as2_behaviors_swarm_flocking/lib:/root/aerostack2_ws/install/as2_behaviors_motion/lib:/root/aerostack2_ws/install/as2_motion_reference_handlers/lib:/root/aerostack2_ws/install/as2_map_server/lib:/root/aerostack2_ws/install/as2_gazebo_assets/lib:/root/aerostack2_ws/install/as2_behaviors_perception/lib:/root/aerostack2_ws/install/as2_behaviors_path_planning/lib:/root/aerostack2_ws/install/as2_behavior_tree/lib:/opt/ros/humble/opt/rviz_ogre_vendor/lib:/opt/ros/humble/lib/x86_64-linux-gnu:/opt/ros/humble/lib /usr/bin/cmake --install /root/aerostack2_ws/build/as2_behaviors_trajectory_generation
[32.161s] Level 1:colcon.colcon_core.environment:create_environment_scripts_only(as2_motion_controller)
[32.162s] Level 1:colcon.colcon_core.environment:checking '/root/aerostack2_ws/install/as2_motion_controller' for CMake module files
[32.163s] Level 1:colcon.colcon_core.environment:checking '/root/aerostack2_ws/install/as2_motion_controller' for CMake config files
[32.163s] Level 1:colcon.colcon_core.shell:create_environment_hook('as2_motion_controller', 'cmake_prefix_path')
[32.163s] INFO:colcon.colcon_core.shell:Creating environment hook '/root/aerostack2_ws/install/as2_motion_controller/share/as2_motion_controller/hook/cmake_prefix_path.ps1'
[32.164s] INFO:colcon.colcon_core.shell:Creating environment descriptor '/root/aerostack2_ws/install/as2_motion_controller/share/as2_motion_controller/hook/cmake_prefix_path.dsv'
[32.164s] INFO:colcon.colcon_core.shell:Creating environment hook '/root/aerostack2_ws/install/as2_motion_controller/share/as2_motion_controller/hook/cmake_prefix_path.sh'
[32.186s] DEBUG:colcon.colcon_core.event_handler.log_command:Invoked command in '/root/aerostack2_ws/build/as2_motion_controller' returned '0': CMAKE_PREFIX_PATH=/root/aerostack2_ws/install/as2_motion_reference_handlers:/root/aerostack2_ws/install/as2_core:/root/aerostack2_ws/install/as2_msgs:/root/aerostack2_ws/install/as2_swarm_person_interfaces:/root/aerostack2_ws/install/rmf_demos_gz_classic:/root/aerostack2_ws/install/rmf_demos_gz:/root/aerostack2_ws/install/rmf_demos:/root/aerostack2_ws/install/rmf_demos_maps:/root/aerostack2_ws/install/aerostack2:/root/aerostack2_ws/install/as2_usb_camera_interface:/root/aerostack2_ws/install/as2_state_estimator:/root/aerostack2_ws/install/as2_rviz_plugins:/root/aerostack2_ws/install/as2_realsense_interface:/root/aerostack2_ws/install/as2_platform_multirotor_simulator:/root/aerostack2_ws/install/as2_platform_gazebo:/root/aerostack2_ws/install/as2_motion_controller:/root/aerostack2_ws/install/as2_behaviors_trajectory_generation:/root/aerostack2_ws/install/as2_behaviors_swarm_flocking:/root/aerostack2_ws/install/as2_behaviors_motion:/root/aerostack2_ws/install/as2_map_server:/root/aerostack2_ws/install/as2_geozones:/root/aerostack2_ws/install/as2_gazebo_assets:/root/aerostack2_ws/install/as2_external_object_to_tf:/root/aerostack2_ws/install/as2_behaviors_platform:/root/aerostack2_ws/install/as2_behaviors_perception:/root/aerostack2_ws/install/as2_behaviors_path_planning:/root/aerostack2_ws/install/as2_behavior_tree:/root/aerostack2_ws/install/as2_behavior:/root/aerostack2_ws/install/as2_alphanumeric_viewer:/root/aerostack2_ws/install/as2_cli:/root/aerostack2_ws/install/as2_swarm_person_tracking:/root/aerostack2_ws/install/as2_swarm_ci_fusion_people:/root/aerostack2_ws/install/rmf_demos_tasks:/root/aerostack2_ws/install/rmf_demos_panel:/root/aerostack2_ws/install/rmf_demos_fleet_adapter:/root/aerostack2_ws/install/rmf_demos_dashboard_resources:/root/aerostack2_ws/install/rmf_demos_bridges:/root/aerostack2_ws/install/rmf_demos_assets:/root/aerostack2_ws/install/as2_visualization:/root/aerostack2_ws/install/as2_swarm_perception:/root/aerostack2_ws/install/as2_swarm_fusion_ci:/root/aerostack2_ws/install/as2_swarm_ekf:/root/aerostack2_ws/install/as2_keyboard_teleoperation:/root/aerostack2_ws/install/as2_python_api:/root/aerostack2_ws/install/as2_project_bringup:/root/aerostack2_ws/install/as2_perception:/root/aerostack2_ws/install/as2_groundray_perception:/opt/ros/humble LD_LIBRARY_PATH=/root/aerostack2_ws/install/as2_core/lib:/root/aerostack2_ws/install/as2_msgs/lib:/root/aerostack2_ws/install/as2_swarm_person_interfaces/lib:/root/aerostack2_ws/install/as2_state_estimator/lib:/root/aerostack2_ws/install/as2_python_api/lib:/root/aerostack2_ws/install/as2_motion_controller/lib:/root/aerostack2_ws/install/as2_behaviors_trajectory_generation/lib:/root/aerostack2_ws/install/as2_behaviors_swarm_flocking/lib:/root/aerostack2_ws/install/as2_behaviors_motion/lib:/root/aerostack2_ws/install/as2_motion_reference_handlers/lib:/root/aerostack2_ws/install/as2_map_server/lib:/root/aerostack2_ws/install/as2_gazebo_assets/lib:/root/aerostack2_ws/install/as2_behaviors_perception/lib:/root/aerostack2_ws/install/as2_behaviors_path_planning/lib:/root/aerostack2_ws/install/as2_behavior_tree/lib:/root/aerostack2_ws/install/as2_behavior/lib:/opt/ros/humble/opt/rviz_ogre_vendor/lib:/opt/ros/humble/lib/x86_64-linux-gnu:/opt/ros/humble/lib /usr/bin/cmake --install /root/aerostack2_ws/build/as2_motion_controller
[32.188s] Level 1:colcon.colcon_core.environment:checking '/root/aerostack2_ws/install/as2_motion_controller/lib'
[32.189s] Level 1:colcon.colcon_core.shell:create_environment_hook('as2_motion_controller', 'ld_library_path_lib')
[32.189s] INFO:colcon.colcon_core.shell:Creating environment hook '/root/aerostack2_ws/install/as2_motion_controller/share/as2_motion_controller/hook/ld_library_path_lib.ps1'
[32.189s] INFO:colcon.colcon_core.shell:Creating environment descriptor '/root/aerostack2_ws/install/as2_motion_controller/share/as2_motion_controller/hook/ld_library_path_lib.dsv'
[32.210s] INFO:colcon.colcon_core.shell:Creating environment hook '/root/aerostack2_ws/install/as2_motion_controller/share/as2_motion_controller/hook/ld_library_path_lib.sh'
[32.211s] Level 1:colcon.colcon_core.environment:checking '/root/aerostack2_ws/install/as2_motion_controller/bin'
[32.211s] Level 1:colcon.colcon_core.environment:checking '/root/aerostack2_ws/install/as2_motion_controller/lib/pkgconfig/as2_motion_controller.pc'
[32.214s] Level 1:colcon.colcon_core.environment:checking '/root/aerostack2_ws/install/as2_motion_controller/lib/python3.10/site-packages'
[32.214s] Level 1:colcon.colcon_core.environment:checking '/root/aerostack2_ws/install/as2_motion_controller/bin'
[32.228s] INFO:colcon.colcon_core.shell:Creating package script '/root/aerostack2_ws/install/as2_motion_controller/share/as2_motion_controller/package.ps1'
[32.238s] INFO:colcon.colcon_core.shell:Creating package descriptor '/root/aerostack2_ws/install/as2_motion_controller/share/as2_motion_controller/package.dsv'
[32.241s] INFO:colcon.colcon_core.shell:Creating package script '/root/aerostack2_ws/install/as2_motion_controller/share/as2_motion_controller/package.sh'
[32.245s] INFO:colcon.colcon_core.shell:Creating package script '/root/aerostack2_ws/install/as2_motion_controller/share/as2_motion_controller/package.bash'
[32.249s] INFO:colcon.colcon_core.shell:Creating package script '/root/aerostack2_ws/install/as2_motion_controller/share/as2_motion_controller/package.zsh'
[32.253s] Level 1:colcon.colcon_core.environment:create_file_with_runtime_dependencies(/root/aerostack2_ws/install/as2_motion_controller/share/colcon-core/packages/as2_motion_controller)
[32.254s] Level 1:colcon.colcon_core.environment:create_environment_scripts_only(as2_motion_controller)
[32.267s] Level 1:colcon.colcon_core.environment:checking '/root/aerostack2_ws/install/as2_motion_controller' for CMake module files
[32.268s] Level 1:colcon.colcon_core.environment:checking '/root/aerostack2_ws/install/as2_motion_controller' for CMake config files
[32.268s] Level 1:colcon.colcon_core.shell:create_environment_hook('as2_motion_controller', 'cmake_prefix_path')
[32.268s] INFO:colcon.colcon_core.shell:Creating environment hook '/root/aerostack2_ws/install/as2_motion_controller/share/as2_motion_controller/hook/cmake_prefix_path.ps1'
[32.269s] INFO:colcon.colcon_core.shell:Creating environment descriptor '/root/aerostack2_ws/install/as2_motion_controller/share/as2_motion_controller/hook/cmake_prefix_path.dsv'
[32.269s] INFO:colcon.colcon_core.shell:Creating environment hook '/root/aerostack2_ws/install/as2_motion_controller/share/as2_motion_controller/hook/cmake_prefix_path.sh'
[32.300s] Level 1:colcon.colcon_core.environment:checking '/root/aerostack2_ws/install/as2_motion_controller/lib'
[32.301s] Level 1:colcon.colcon_core.shell:create_environment_hook('as2_motion_controller', 'ld_library_path_lib')
[32.301s] INFO:colcon.colcon_core.shell:Creating environment hook '/root/aerostack2_ws/install/as2_motion_controller/share/as2_motion_controller/hook/ld_library_path_lib.ps1'
[32.302s] INFO:colcon.colcon_core.shell:Creating environment descriptor '/root/aerostack2_ws/install/as2_motion_controller/share/as2_motion_controller/hook/ld_library_path_lib.dsv'
[32.302s] INFO:colcon.colcon_core.shell:Creating environment hook '/root/aerostack2_ws/install/as2_motion_controller/share/as2_motion_controller/hook/ld_library_path_lib.sh'
[32.306s] Level 1:colcon.colcon_core.environment:checking '/root/aerostack2_ws/install/as2_motion_controller/bin'
[32.306s] Level 1:colcon.colcon_core.environment:checking '/root/aerostack2_ws/install/as2_motion_controller/lib/pkgconfig/as2_motion_controller.pc'
[32.306s] Level 1:colcon.colcon_core.environment:checking '/root/aerostack2_ws/install/as2_motion_controller/lib/python3.10/site-packages'
[32.307s] Level 1:colcon.colcon_core.environment:checking '/root/aerostack2_ws/install/as2_motion_controller/bin'
[32.318s] INFO:colcon.colcon_core.shell:Creating package script '/root/aerostack2_ws/install/as2_motion_controller/share/as2_motion_controller/package.ps1'
[32.319s] INFO:colcon.colcon_core.shell:Creating package descriptor '/root/aerostack2_ws/install/as2_motion_controller/share/as2_motion_controller/package.dsv'
[32.324s] INFO:colcon.colcon_core.shell:Creating package script '/root/aerostack2_ws/install/as2_motion_controller/share/as2_motion_controller/package.sh'
[32.330s] INFO:colcon.colcon_core.shell:Creating package script '/root/aerostack2_ws/install/as2_motion_controller/share/as2_motion_controller/package.bash'
[32.344s] INFO:colcon.colcon_core.shell:Creating package script '/root/aerostack2_ws/install/as2_motion_controller/share/as2_motion_controller/package.zsh'
[32.351s] Level 1:colcon.colcon_core.environment:create_file_with_runtime_dependencies(/root/aerostack2_ws/install/as2_motion_controller/share/colcon-core/packages/as2_motion_controller)
[35.324s] INFO:colcon.colcon_core.task.python.build:Building Python package in '/root/aerostack2_ws/src/aerostack2/as2_user_interfaces/as2_keyboard_teleoperation'
[35.325s] INFO:colcon.colcon_core.shell:Skip shell extension 'powershell' for command environment: Not usable outside of PowerShell
[35.325s] DEBUG:colcon.colcon_core.shell:Skip shell extension 'dsv' for command environment
[35.379s] Level 1:colcon.colcon_core.environment:create_environment_scripts_only(as2_behaviors_trajectory_generation)
[35.380s] DEBUG:colcon.colcon_core.event_handler.log_command:Invoked command in '/root/aerostack2_ws/build/as2_behaviors_trajectory_generation' returned '0': CMAKE_PREFIX_PATH=/root/aerostack2_ws/install/as2_motion_reference_handlers:/root/aerostack2_ws/install/as2_behavior:/root/aerostack2_ws/install/as2_core:/root/aerostack2_ws/install/as2_msgs:/root/aerostack2_ws/install/as2_swarm_person_interfaces:/root/aerostack2_ws/install/rmf_demos_gz_classic:/root/aerostack2_ws/install/rmf_demos_gz:/root/aerostack2_ws/install/rmf_demos:/root/aerostack2_ws/install/rmf_demos_maps:/root/aerostack2_ws/install/aerostack2:/root/aerostack2_ws/install/as2_usb_camera_interface:/root/aerostack2_ws/install/as2_state_estimator:/root/aerostack2_ws/install/as2_rviz_plugins:/root/aerostack2_ws/install/as2_realsense_interface:/root/aerostack2_ws/install/as2_platform_multirotor_simulator:/root/aerostack2_ws/install/as2_platform_gazebo:/root/aerostack2_ws/install/as2_motion_controller:/root/aerostack2_ws/install/as2_behaviors_trajectory_generation:/root/aerostack2_ws/install/as2_behaviors_swarm_flocking:/root/aerostack2_ws/install/as2_behaviors_motion:/root/aerostack2_ws/install/as2_map_server:/root/aerostack2_ws/install/as2_geozones:/root/aerostack2_ws/install/as2_gazebo_assets:/root/aerostack2_ws/install/as2_external_object_to_tf:/root/aerostack2_ws/install/as2_behaviors_platform:/root/aerostack2_ws/install/as2_behaviors_perception:/root/aerostack2_ws/install/as2_behaviors_path_planning:/root/aerostack2_ws/install/as2_behavior_tree:/root/aerostack2_ws/install/as2_alphanumeric_viewer:/root/aerostack2_ws/install/as2_cli:/root/aerostack2_ws/install/as2_swarm_person_tracking:/root/aerostack2_ws/install/as2_swarm_ci_fusion_people:/root/aerostack2_ws/install/rmf_demos_tasks:/root/aerostack2_ws/install/rmf_demos_panel:/root/aerostack2_ws/install/rmf_demos_fleet_adapter:/root/aerostack2_ws/install/rmf_demos_dashboard_resources:/root/aerostack2_ws/install/rmf_demos_bridges:/root/aerostack2_ws/install/rmf_demos_assets:/root/aerostack2_ws/install/as2_visualization:/root/aerostack2_ws/install/as2_swarm_perception:/root/aerostack2_ws/install/as2_swarm_fusion_ci:/root/aerostack2_ws/install/as2_swarm_ekf:/root/aerostack2_ws/install/as2_keyboard_teleoperation:/root/aerostack2_ws/install/as2_python_api:/root/aerostack2_ws/install/as2_project_bringup:/root/aerostack2_ws/install/as2_perception:/root/aerostack2_ws/install/as2_groundray_perception:/opt/ros/humble LD_LIBRARY_PATH=/root/aerostack2_ws/install/as2_behavior/lib:/root/aerostack2_ws/install/as2_core/lib:/root/aerostack2_ws/install/as2_msgs/lib:/root/aerostack2_ws/install/as2_swarm_person_interfaces/lib:/root/aerostack2_ws/install/as2_state_estimator/lib:/root/aerostack2_ws/install/as2_python_api/lib:/root/aerostack2_ws/install/as2_motion_controller/lib:/root/aerostack2_ws/install/as2_behaviors_trajectory_generation/lib:/root/aerostack2_ws/install/as2_behaviors_swarm_flocking/lib:/root/aerostack2_ws/install/as2_behaviors_motion/lib:/root/aerostack2_ws/install/as2_motion_reference_handlers/lib:/root/aerostack2_ws/install/as2_map_server/lib:/root/aerostack2_ws/install/as2_gazebo_assets/lib:/root/aerostack2_ws/install/as2_behaviors_perception/lib:/root/aerostack2_ws/install/as2_behaviors_path_planning/lib:/root/aerostack2_ws/install/as2_behavior_tree/lib:/opt/ros/humble/opt/rviz_ogre_vendor/lib:/opt/ros/humble/lib/x86_64-linux-gnu:/opt/ros/humble/lib /usr/bin/cmake --install /root/aerostack2_ws/build/as2_behaviors_trajectory_generation
[35.381s] Level 1:colcon.colcon_core.environment:checking '/root/aerostack2_ws/install/as2_behaviors_trajectory_generation' for CMake module files
[35.382s] Level 1:colcon.colcon_core.environment:checking '/root/aerostack2_ws/install/as2_behaviors_trajectory_generation' for CMake config files
[35.383s] Level 1:colcon.colcon_core.shell:create_environment_hook('as2_behaviors_trajectory_generation', 'cmake_prefix_path')
[35.383s] INFO:colcon.colcon_core.shell:Creating environment hook '/root/aerostack2_ws/install/as2_behaviors_trajectory_generation/share/as2_behaviors_trajectory_generation/hook/cmake_prefix_path.ps1'
[35.384s] INFO:colcon.colcon_core.shell:Creating environment descriptor '/root/aerostack2_ws/install/as2_behaviors_trajectory_generation/share/as2_behaviors_trajectory_generation/hook/cmake_prefix_path.dsv'
[35.390s] INFO:colcon.colcon_core.shell:Creating environment hook '/root/aerostack2_ws/install/as2_behaviors_trajectory_generation/share/as2_behaviors_trajectory_generation/hook/cmake_prefix_path.sh'
[35.392s] Level 1:colcon.colcon_core.environment:checking '/root/aerostack2_ws/install/as2_behaviors_trajectory_generation/lib'
[35.392s] Level 1:colcon.colcon_core.shell:create_environment_hook('as2_behaviors_trajectory_generation', 'ld_library_path_lib')
[35.392s] INFO:colcon.colcon_core.shell:Creating environment hook '/root/aerostack2_ws/install/as2_behaviors_trajectory_generation/share/as2_behaviors_trajectory_generation/hook/ld_library_path_lib.ps1'
[35.394s] INFO:colcon.colcon_core.shell:Creating environment descriptor '/root/aerostack2_ws/install/as2_behaviors_trajectory_generation/share/as2_behaviors_trajectory_generation/hook/ld_library_path_lib.dsv'
[35.395s] INFO:colcon.colcon_core.shell:Creating environment hook '/root/aerostack2_ws/install/as2_behaviors_trajectory_generation/share/as2_behaviors_trajectory_generation/hook/ld_library_path_lib.sh'
[35.396s] Level 1:colcon.colcon_core.environment:checking '/root/aerostack2_ws/install/as2_behaviors_trajectory_generation/bin'
[35.396s] Level 1:colcon.colcon_core.environment:checking '/root/aerostack2_ws/install/as2_behaviors_trajectory_generation/lib/pkgconfig/as2_behaviors_trajectory_generation.pc'
[35.397s] Level 1:colcon.colcon_core.environment:checking '/root/aerostack2_ws/install/as2_behaviors_trajectory_generation/lib/python3.10/site-packages'
[35.397s] Level 1:colcon.colcon_core.environment:checking '/root/aerostack2_ws/install/as2_behaviors_trajectory_generation/bin'
[35.398s] INFO:colcon.colcon_core.shell:Creating package script '/root/aerostack2_ws/install/as2_behaviors_trajectory_generation/share/as2_behaviors_trajectory_generation/package.ps1'
[35.399s] INFO:colcon.colcon_core.shell:Creating package descriptor '/root/aerostack2_ws/install/as2_behaviors_trajectory_generation/share/as2_behaviors_trajectory_generation/package.dsv'
[35.401s] INFO:colcon.colcon_core.shell:Creating package script '/root/aerostack2_ws/install/as2_behaviors_trajectory_generation/share/as2_behaviors_trajectory_generation/package.sh'
[35.402s] INFO:colcon.colcon_core.shell:Creating package script '/root/aerostack2_ws/install/as2_behaviors_trajectory_generation/share/as2_behaviors_trajectory_generation/package.bash'
[35.403s] INFO:colcon.colcon_core.shell:Creating package script '/root/aerostack2_ws/install/as2_behaviors_trajectory_generation/share/as2_behaviors_trajectory_generation/package.zsh'
[35.409s] Level 1:colcon.colcon_core.environment:create_file_with_runtime_dependencies(/root/aerostack2_ws/install/as2_behaviors_trajectory_generation/share/colcon-core/packages/as2_behaviors_trajectory_generation)
[35.411s] Level 1:colcon.colcon_core.environment:create_environment_scripts_only(as2_behaviors_trajectory_generation)
[35.411s] Level 1:colcon.colcon_core.environment:checking '/root/aerostack2_ws/install/as2_behaviors_trajectory_generation' for CMake module files
[35.412s] Level 1:colcon.colcon_core.environment:checking '/root/aerostack2_ws/install/as2_behaviors_trajectory_generation' for CMake config files
[35.413s] Level 1:colcon.colcon_core.shell:create_environment_hook('as2_behaviors_trajectory_generation', 'cmake_prefix_path')
[35.413s] INFO:colcon.colcon_core.shell:Creating environment hook '/root/aerostack2_ws/install/as2_behaviors_trajectory_generation/share/as2_behaviors_trajectory_generation/hook/cmake_prefix_path.ps1'
[35.413s] INFO:colcon.colcon_core.shell:Creating environment descriptor '/root/aerostack2_ws/install/as2_behaviors_trajectory_generation/share/as2_behaviors_trajectory_generation/hook/cmake_prefix_path.dsv'
[35.414s] INFO:colcon.colcon_core.shell:Creating environment hook '/root/aerostack2_ws/install/as2_behaviors_trajectory_generation/share/as2_behaviors_trajectory_generation/hook/cmake_prefix_path.sh'
[35.414s] Level 1:colcon.colcon_core.environment:checking '/root/aerostack2_ws/install/as2_behaviors_trajectory_generation/lib'
[35.415s] Level 1:colcon.colcon_core.shell:create_environment_hook('as2_behaviors_trajectory_generation', 'ld_library_path_lib')
[35.415s] INFO:colcon.colcon_core.shell:Creating environment hook '/root/aerostack2_ws/install/as2_behaviors_trajectory_generation/share/as2_behaviors_trajectory_generation/hook/ld_library_path_lib.ps1'
[35.417s] INFO:colcon.colcon_core.shell:Creating environment descriptor '/root/aerostack2_ws/install/as2_behaviors_trajectory_generation/share/as2_behaviors_trajectory_generation/hook/ld_library_path_lib.dsv'
[35.418s] INFO:colcon.colcon_core.shell:Creating environment hook '/root/aerostack2_ws/install/as2_behaviors_trajectory_generation/share/as2_behaviors_trajectory_generation/hook/ld_library_path_lib.sh'
[35.420s] Level 1:colcon.colcon_core.environment:checking '/root/aerostack2_ws/install/as2_behaviors_trajectory_generation/bin'
[35.420s] Level 1:colcon.colcon_core.environment:checking '/root/aerostack2_ws/install/as2_behaviors_trajectory_generation/lib/pkgconfig/as2_behaviors_trajectory_generation.pc'
[35.420s] Level 1:colcon.colcon_core.environment:checking '/root/aerostack2_ws/install/as2_behaviors_trajectory_generation/lib/python3.10/site-packages'
[35.421s] Level 1:colcon.colcon_core.environment:checking '/root/aerostack2_ws/install/as2_behaviors_trajectory_generation/bin'
[35.422s] INFO:colcon.colcon_core.shell:Creating package script '/root/aerostack2_ws/install/as2_behaviors_trajectory_generation/share/as2_behaviors_trajectory_generation/package.ps1'
[35.424s] INFO:colcon.colcon_core.shell:Creating package descriptor '/root/aerostack2_ws/install/as2_behaviors_trajectory_generation/share/as2_behaviors_trajectory_generation/package.dsv'
[35.426s] INFO:colcon.colcon_core.shell:Creating package script '/root/aerostack2_ws/install/as2_behaviors_trajectory_generation/share/as2_behaviors_trajectory_generation/package.sh'
[35.428s] INFO:colcon.colcon_core.shell:Creating package script '/root/aerostack2_ws/install/as2_behaviors_trajectory_generation/share/as2_behaviors_trajectory_generation/package.bash'
[35.430s] INFO:colcon.colcon_core.shell:Creating package script '/root/aerostack2_ws/install/as2_behaviors_trajectory_generation/share/as2_behaviors_trajectory_generation/package.zsh'
[35.431s] Level 1:colcon.colcon_core.environment:create_file_with_runtime_dependencies(/root/aerostack2_ws/install/as2_behaviors_trajectory_generation/share/colcon-core/packages/as2_behaviors_trajectory_generation)
[35.437s] DEBUG:colcon.colcon_core.event_handler.log_command:Invoked command in '/root/aerostack2_ws/build/as2_behaviors_swarm_flocking' returned '0': CMAKE_PREFIX_PATH=/root/aerostack2_ws/install/as2_motion_reference_handlers:/root/aerostack2_ws/install/as2_behavior:/root/aerostack2_ws/install/as2_core:/root/aerostack2_ws/install/as2_msgs:/root/aerostack2_ws/install/as2_swarm_person_interfaces:/root/aerostack2_ws/install/rmf_demos_gz_classic:/root/aerostack2_ws/install/rmf_demos_gz:/root/aerostack2_ws/install/rmf_demos:/root/aerostack2_ws/install/rmf_demos_maps:/root/aerostack2_ws/install/aerostack2:/root/aerostack2_ws/install/as2_usb_camera_interface:/root/aerostack2_ws/install/as2_state_estimator:/root/aerostack2_ws/install/as2_rviz_plugins:/root/aerostack2_ws/install/as2_realsense_interface:/root/aerostack2_ws/install/as2_platform_multirotor_simulator:/root/aerostack2_ws/install/as2_platform_gazebo:/root/aerostack2_ws/install/as2_motion_controller:/root/aerostack2_ws/install/as2_behaviors_trajectory_generation:/root/aerostack2_ws/install/as2_behaviors_swarm_flocking:/root/aerostack2_ws/install/as2_behaviors_motion:/root/aerostack2_ws/install/as2_map_server:/root/aerostack2_ws/install/as2_geozones:/root/aerostack2_ws/install/as2_gazebo_assets:/root/aerostack2_ws/install/as2_external_object_to_tf:/root/aerostack2_ws/install/as2_behaviors_platform:/root/aerostack2_ws/install/as2_behaviors_perception:/root/aerostack2_ws/install/as2_behaviors_path_planning:/root/aerostack2_ws/install/as2_behavior_tree:/root/aerostack2_ws/install/as2_alphanumeric_viewer:/root/aerostack2_ws/install/as2_cli:/root/aerostack2_ws/install/as2_swarm_person_tracking:/root/aerostack2_ws/install/as2_swarm_ci_fusion_people:/root/aerostack2_ws/install/rmf_demos_tasks:/root/aerostack2_ws/install/rmf_demos_panel:/root/aerostack2_ws/install/rmf_demos_fleet_adapter:/root/aerostack2_ws/install/rmf_demos_dashboard_resources:/root/aerostack2_ws/install/rmf_demos_bridges:/root/aerostack2_ws/install/rmf_demos_assets:/root/aerostack2_ws/install/as2_visualization:/root/aerostack2_ws/install/as2_swarm_perception:/root/aerostack2_ws/install/as2_swarm_fusion_ci:/root/aerostack2_ws/install/as2_swarm_ekf:/root/aerostack2_ws/install/as2_keyboard_teleoperation:/root/aerostack2_ws/install/as2_python_api:/root/aerostack2_ws/install/as2_project_bringup:/root/aerostack2_ws/install/as2_perception:/root/aerostack2_ws/install/as2_groundray_perception:/opt/ros/humble LD_LIBRARY_PATH=/root/aerostack2_ws/install/as2_behavior/lib:/root/aerostack2_ws/install/as2_core/lib:/root/aerostack2_ws/install/as2_msgs/lib:/root/aerostack2_ws/install/as2_swarm_person_interfaces/lib:/root/aerostack2_ws/install/as2_state_estimator/lib:/root/aerostack2_ws/install/as2_python_api/lib:/root/aerostack2_ws/install/as2_motion_controller/lib:/root/aerostack2_ws/install/as2_behaviors_trajectory_generation/lib:/root/aerostack2_ws/install/as2_behaviors_swarm_flocking/lib:/root/aerostack2_ws/install/as2_behaviors_motion/lib:/root/aerostack2_ws/install/as2_motion_reference_handlers/lib:/root/aerostack2_ws/install/as2_map_server/lib:/root/aerostack2_ws/install/as2_gazebo_assets/lib:/root/aerostack2_ws/install/as2_behaviors_perception/lib:/root/aerostack2_ws/install/as2_behaviors_path_planning/lib:/root/aerostack2_ws/install/as2_behavior_tree/lib:/opt/ros/humble/opt/rviz_ogre_vendor/lib:/opt/ros/humble/lib/x86_64-linux-gnu:/opt/ros/humble/lib /usr/bin/cmake --build /root/aerostack2_ws/build/as2_behaviors_swarm_flocking -- -j8 -l8
[35.442s] DEBUG:colcon.colcon_core.event_handler.log_command:Invoking command in '/root/aerostack2_ws/build/as2_behaviors_swarm_flocking': CMAKE_PREFIX_PATH=/root/aerostack2_ws/install/as2_motion_reference_handlers:/root/aerostack2_ws/install/as2_behavior:/root/aerostack2_ws/install/as2_core:/root/aerostack2_ws/install/as2_msgs:/root/aerostack2_ws/install/as2_swarm_person_interfaces:/root/aerostack2_ws/install/rmf_demos_gz_classic:/root/aerostack2_ws/install/rmf_demos_gz:/root/aerostack2_ws/install/rmf_demos:/root/aerostack2_ws/install/rmf_demos_maps:/root/aerostack2_ws/install/aerostack2:/root/aerostack2_ws/install/as2_usb_camera_interface:/root/aerostack2_ws/install/as2_state_estimator:/root/aerostack2_ws/install/as2_rviz_plugins:/root/aerostack2_ws/install/as2_realsense_interface:/root/aerostack2_ws/install/as2_platform_multirotor_simulator:/root/aerostack2_ws/install/as2_platform_gazebo:/root/aerostack2_ws/install/as2_motion_controller:/root/aerostack2_ws/install/as2_behaviors_trajectory_generation:/root/aerostack2_ws/install/as2_behaviors_swarm_flocking:/root/aerostack2_ws/install/as2_behaviors_motion:/root/aerostack2_ws/install/as2_map_server:/root/aerostack2_ws/install/as2_geozones:/root/aerostack2_ws/install/as2_gazebo_assets:/root/aerostack2_ws/install/as2_external_object_to_tf:/root/aerostack2_ws/install/as2_behaviors_platform:/root/aerostack2_ws/install/as2_behaviors_perception:/root/aerostack2_ws/install/as2_behaviors_path_planning:/root/aerostack2_ws/install/as2_behavior_tree:/root/aerostack2_ws/install/as2_alphanumeric_viewer:/root/aerostack2_ws/install/as2_cli:/root/aerostack2_ws/install/as2_swarm_person_tracking:/root/aerostack2_ws/install/as2_swarm_ci_fusion_people:/root/aerostack2_ws/install/rmf_demos_tasks:/root/aerostack2_ws/install/rmf_demos_panel:/root/aerostack2_ws/install/rmf_demos_fleet_adapter:/root/aerostack2_ws/install/rmf_demos_dashboard_resources:/root/aerostack2_ws/install/rmf_demos_bridges:/root/aerostack2_ws/install/rmf_demos_assets:/root/aerostack2_ws/install/as2_visualization:/root/aerostack2_ws/install/as2_swarm_perception:/root/aerostack2_ws/install/as2_swarm_fusion_ci:/root/aerostack2_ws/install/as2_swarm_ekf:/root/aerostack2_ws/install/as2_keyboard_teleoperation:/root/aerostack2_ws/install/as2_python_api:/root/aerostack2_ws/install/as2_project_bringup:/root/aerostack2_ws/install/as2_perception:/root/aerostack2_ws/install/as2_groundray_perception:/opt/ros/humble LD_LIBRARY_PATH=/root/aerostack2_ws/install/as2_behavior/lib:/root/aerostack2_ws/install/as2_core/lib:/root/aerostack2_ws/install/as2_msgs/lib:/root/aerostack2_ws/install/as2_swarm_person_interfaces/lib:/root/aerostack2_ws/install/as2_state_estimator/lib:/root/aerostack2_ws/install/as2_python_api/lib:/root/aerostack2_ws/install/as2_motion_controller/lib:/root/aerostack2_ws/install/as2_behaviors_trajectory_generation/lib:/root/aerostack2_ws/install/as2_behaviors_swarm_flocking/lib:/root/aerostack2_ws/install/as2_behaviors_motion/lib:/root/aerostack2_ws/install/as2_motion_reference_handlers/lib:/root/aerostack2_ws/install/as2_map_server/lib:/root/aerostack2_ws/install/as2_gazebo_assets/lib:/root/aerostack2_ws/install/as2_behaviors_perception/lib:/root/aerostack2_ws/install/as2_behaviors_path_planning/lib:/root/aerostack2_ws/install/as2_behavior_tree/lib:/opt/ros/humble/opt/rviz_ogre_vendor/lib:/opt/ros/humble/lib/x86_64-linux-gnu:/opt/ros/humble/lib /usr/bin/cmake --install /root/aerostack2_ws/build/as2_behaviors_swarm_flocking
[35.558s] Level 1:colcon.colcon_core.environment:create_environment_scripts_only(as2_behaviors_swarm_flocking)
[35.558s] Level 1:colcon.colcon_core.environment:checking '/root/aerostack2_ws/install/as2_behaviors_swarm_flocking' for CMake module files
[35.560s] Level 1:colcon.colcon_core.environment:checking '/root/aerostack2_ws/install/as2_behaviors_swarm_flocking' for CMake config files
[35.564s] Level 1:colcon.colcon_core.shell:create_environment_hook('as2_behaviors_swarm_flocking', 'cmake_prefix_path')
[35.564s] INFO:colcon.colcon_core.shell:Creating environment hook '/root/aerostack2_ws/install/as2_behaviors_swarm_flocking/share/as2_behaviors_swarm_flocking/hook/cmake_prefix_path.ps1'
[35.568s] DEBUG:colcon.colcon_core.event_handler.log_command:Invoked command in '/root/aerostack2_ws/build/as2_behaviors_swarm_flocking' returned '0': CMAKE_PREFIX_PATH=/root/aerostack2_ws/install/as2_motion_reference_handlers:/root/aerostack2_ws/install/as2_behavior:/root/aerostack2_ws/install/as2_core:/root/aerostack2_ws/install/as2_msgs:/root/aerostack2_ws/install/as2_swarm_person_interfaces:/root/aerostack2_ws/install/rmf_demos_gz_classic:/root/aerostack2_ws/install/rmf_demos_gz:/root/aerostack2_ws/install/rmf_demos:/root/aerostack2_ws/install/rmf_demos_maps:/root/aerostack2_ws/install/aerostack2:/root/aerostack2_ws/install/as2_usb_camera_interface:/root/aerostack2_ws/install/as2_state_estimator:/root/aerostack2_ws/install/as2_rviz_plugins:/root/aerostack2_ws/install/as2_realsense_interface:/root/aerostack2_ws/install/as2_platform_multirotor_simulator:/root/aerostack2_ws/install/as2_platform_gazebo:/root/aerostack2_ws/install/as2_motion_controller:/root/aerostack2_ws/install/as2_behaviors_trajectory_generation:/root/aerostack2_ws/install/as2_behaviors_swarm_flocking:/root/aerostack2_ws/install/as2_behaviors_motion:/root/aerostack2_ws/install/as2_map_server:/root/aerostack2_ws/install/as2_geozones:/root/aerostack2_ws/install/as2_gazebo_assets:/root/aerostack2_ws/install/as2_external_object_to_tf:/root/aerostack2_ws/install/as2_behaviors_platform:/root/aerostack2_ws/install/as2_behaviors_perception:/root/aerostack2_ws/install/as2_behaviors_path_planning:/root/aerostack2_ws/install/as2_behavior_tree:/root/aerostack2_ws/install/as2_alphanumeric_viewer:/root/aerostack2_ws/install/as2_cli:/root/aerostack2_ws/install/as2_swarm_person_tracking:/root/aerostack2_ws/install/as2_swarm_ci_fusion_people:/root/aerostack2_ws/install/rmf_demos_tasks:/root/aerostack2_ws/install/rmf_demos_panel:/root/aerostack2_ws/install/rmf_demos_fleet_adapter:/root/aerostack2_ws/install/rmf_demos_dashboard_resources:/root/aerostack2_ws/install/rmf_demos_bridges:/root/aerostack2_ws/install/rmf_demos_assets:/root/aerostack2_ws/install/as2_visualization:/root/aerostack2_ws/install/as2_swarm_perception:/root/aerostack2_ws/install/as2_swarm_fusion_ci:/root/aerostack2_ws/install/as2_swarm_ekf:/root/aerostack2_ws/install/as2_keyboard_teleoperation:/root/aerostack2_ws/install/as2_python_api:/root/aerostack2_ws/install/as2_project_bringup:/root/aerostack2_ws/install/as2_perception:/root/aerostack2_ws/install/as2_groundray_perception:/opt/ros/humble LD_LIBRARY_PATH=/root/aerostack2_ws/install/as2_behavior/lib:/root/aerostack2_ws/install/as2_core/lib:/root/aerostack2_ws/install/as2_msgs/lib:/root/aerostack2_ws/install/as2_swarm_person_interfaces/lib:/root/aerostack2_ws/install/as2_state_estimator/lib:/root/aerostack2_ws/install/as2_python_api/lib:/root/aerostack2_ws/install/as2_motion_controller/lib:/root/aerostack2_ws/install/as2_behaviors_trajectory_generation/lib:/root/aerostack2_ws/install/as2_behaviors_swarm_flocking/lib:/root/aerostack2_ws/install/as2_behaviors_motion/lib:/root/aerostack2_ws/install/as2_motion_reference_handlers/lib:/root/aerostack2_ws/install/as2_map_server/lib:/root/aerostack2_ws/install/as2_gazebo_assets/lib:/root/aerostack2_ws/install/as2_behaviors_perception/lib:/root/aerostack2_ws/install/as2_behaviors_path_planning/lib:/root/aerostack2_ws/install/as2_behavior_tree/lib:/opt/ros/humble/opt/rviz_ogre_vendor/lib:/opt/ros/humble/lib/x86_64-linux-gnu:/opt/ros/humble/lib /usr/bin/cmake --install /root/aerostack2_ws/build/as2_behaviors_swarm_flocking
[35.573s] INFO:colcon.colcon_core.shell:Creating environment descriptor '/root/aerostack2_ws/install/as2_behaviors_swarm_flocking/share/as2_behaviors_swarm_flocking/hook/cmake_prefix_path.dsv'
[35.585s] INFO:colcon.colcon_core.shell:Creating environment hook '/root/aerostack2_ws/install/as2_behaviors_swarm_flocking/share/as2_behaviors_swarm_flocking/hook/cmake_prefix_path.sh'
[35.586s] Level 1:colcon.colcon_core.environment:checking '/root/aerostack2_ws/install/as2_behaviors_swarm_flocking/lib'
[35.586s] Level 1:colcon.colcon_core.shell:create_environment_hook('as2_behaviors_swarm_flocking', 'ld_library_path_lib')
[35.586s] INFO:colcon.colcon_core.shell:Creating environment hook '/root/aerostack2_ws/install/as2_behaviors_swarm_flocking/share/as2_behaviors_swarm_flocking/hook/ld_library_path_lib.ps1'
[35.588s] INFO:colcon.colcon_core.shell:Creating environment descriptor '/root/aerostack2_ws/install/as2_behaviors_swarm_flocking/share/as2_behaviors_swarm_flocking/hook/ld_library_path_lib.dsv'
[35.589s] INFO:colcon.colcon_core.shell:Creating environment hook '/root/aerostack2_ws/install/as2_behaviors_swarm_flocking/share/as2_behaviors_swarm_flocking/hook/ld_library_path_lib.sh'
[35.589s] Level 1:colcon.colcon_core.environment:checking '/root/aerostack2_ws/install/as2_behaviors_swarm_flocking/bin'
[35.589s] Level 1:colcon.colcon_core.environment:checking '/root/aerostack2_ws/install/as2_behaviors_swarm_flocking/lib/pkgconfig/as2_behaviors_swarm_flocking.pc'
[35.590s] Level 1:colcon.colcon_core.environment:checking '/root/aerostack2_ws/install/as2_behaviors_swarm_flocking/lib/python3.10/site-packages'
[35.598s] Level 1:colcon.colcon_core.environment:checking '/root/aerostack2_ws/install/as2_behaviors_swarm_flocking/bin'
[35.599s] INFO:colcon.colcon_core.shell:Creating package script '/root/aerostack2_ws/install/as2_behaviors_swarm_flocking/share/as2_behaviors_swarm_flocking/package.ps1'
[35.605s] INFO:colcon.colcon_core.shell:Creating package descriptor '/root/aerostack2_ws/install/as2_behaviors_swarm_flocking/share/as2_behaviors_swarm_flocking/package.dsv'
[35.606s] INFO:colcon.colcon_core.shell:Creating package script '/root/aerostack2_ws/install/as2_behaviors_swarm_flocking/share/as2_behaviors_swarm_flocking/package.sh'
[35.613s] INFO:colcon.colcon_core.shell:Creating package script '/root/aerostack2_ws/install/as2_behaviors_swarm_flocking/share/as2_behaviors_swarm_flocking/package.bash'
[35.614s] INFO:colcon.colcon_core.shell:Creating package script '/root/aerostack2_ws/install/as2_behaviors_swarm_flocking/share/as2_behaviors_swarm_flocking/package.zsh'
[35.630s] Level 1:colcon.colcon_core.environment:create_file_with_runtime_dependencies(/root/aerostack2_ws/install/as2_behaviors_swarm_flocking/share/colcon-core/packages/as2_behaviors_swarm_flocking)
[35.631s] Level 1:colcon.colcon_core.environment:create_environment_scripts_only(as2_behaviors_swarm_flocking)
[35.631s] Level 1:colcon.colcon_core.environment:checking '/root/aerostack2_ws/install/as2_behaviors_swarm_flocking' for CMake module files
[35.635s] Level 1:colcon.colcon_core.environment:checking '/root/aerostack2_ws/install/as2_behaviors_swarm_flocking' for CMake config files
[35.635s] Level 1:colcon.colcon_core.shell:create_environment_hook('as2_behaviors_swarm_flocking', 'cmake_prefix_path')
[35.636s] INFO:colcon.colcon_core.shell:Creating environment hook '/root/aerostack2_ws/install/as2_behaviors_swarm_flocking/share/as2_behaviors_swarm_flocking/hook/cmake_prefix_path.ps1'
[35.645s] INFO:colcon.colcon_core.shell:Creating environment descriptor '/root/aerostack2_ws/install/as2_behaviors_swarm_flocking/share/as2_behaviors_swarm_flocking/hook/cmake_prefix_path.dsv'
[35.646s] INFO:colcon.colcon_core.shell:Creating environment hook '/root/aerostack2_ws/install/as2_behaviors_swarm_flocking/share/as2_behaviors_swarm_flocking/hook/cmake_prefix_path.sh'
[35.660s] Level 1:colcon.colcon_core.environment:checking '/root/aerostack2_ws/install/as2_behaviors_swarm_flocking/lib'
[35.660s] Level 1:colcon.colcon_core.shell:create_environment_hook('as2_behaviors_swarm_flocking', 'ld_library_path_lib')
[35.660s] INFO:colcon.colcon_core.shell:Creating environment hook '/root/aerostack2_ws/install/as2_behaviors_swarm_flocking/share/as2_behaviors_swarm_flocking/hook/ld_library_path_lib.ps1'
[35.663s] INFO:colcon.colcon_core.shell:Creating environment descriptor '/root/aerostack2_ws/install/as2_behaviors_swarm_flocking/share/as2_behaviors_swarm_flocking/hook/ld_library_path_lib.dsv'
[35.666s] INFO:colcon.colcon_core.shell:Creating environment hook '/root/aerostack2_ws/install/as2_behaviors_swarm_flocking/share/as2_behaviors_swarm_flocking/hook/ld_library_path_lib.sh'
[35.670s] Level 1:colcon.colcon_core.environment:checking '/root/aerostack2_ws/install/as2_behaviors_swarm_flocking/bin'
[35.670s] Level 1:colcon.colcon_core.environment:checking '/root/aerostack2_ws/install/as2_behaviors_swarm_flocking/lib/pkgconfig/as2_behaviors_swarm_flocking.pc'
[35.670s] Level 1:colcon.colcon_core.environment:checking '/root/aerostack2_ws/install/as2_behaviors_swarm_flocking/lib/python3.10/site-packages'
[35.671s] Level 1:colcon.colcon_core.environment:checking '/root/aerostack2_ws/install/as2_behaviors_swarm_flocking/bin'
[35.672s] INFO:colcon.colcon_core.shell:Creating package script '/root/aerostack2_ws/install/as2_behaviors_swarm_flocking/share/as2_behaviors_swarm_flocking/package.ps1'
[35.678s] INFO:colcon.colcon_core.shell:Creating package descriptor '/root/aerostack2_ws/install/as2_behaviors_swarm_flocking/share/as2_behaviors_swarm_flocking/package.dsv'
[35.694s] INFO:colcon.colcon_core.shell:Creating package script '/root/aerostack2_ws/install/as2_behaviors_swarm_flocking/share/as2_behaviors_swarm_flocking/package.sh'
[35.696s] INFO:colcon.colcon_core.shell:Creating package script '/root/aerostack2_ws/install/as2_behaviors_swarm_flocking/share/as2_behaviors_swarm_flocking/package.bash'
[35.696s] INFO:colcon.colcon_core.shell:Creating package script '/root/aerostack2_ws/install/as2_behaviors_swarm_flocking/share/as2_behaviors_swarm_flocking/package.zsh'
[35.697s] Level 1:colcon.colcon_core.environment:create_file_with_runtime_dependencies(/root/aerostack2_ws/install/as2_behaviors_swarm_flocking/share/colcon-core/packages/as2_behaviors_swarm_flocking)
[35.998s] DEBUG:colcon.colcon_core.event_handler.log_command:Invoking command in '/root/aerostack2_ws/src/aerostack2/as2_user_interfaces/as2_keyboard_teleoperation': AMENT_PREFIX_PATH=/root/aerostack2_ws/install/as2_python_api:/root/aerostack2_ws/install/as2_swarm_person_tracking:/root/aerostack2_ws/install/as2_swarm_ci_fusion_people:/root/aerostack2_ws/install/as2_swarm_person_interfaces:/root/aerostack2_ws/install/rmf_demos_gz_classic:/root/aerostack2_ws/install/rmf_demos_gz:/root/aerostack2_ws/install/rmf_demos:/root/aerostack2_ws/install/rmf_demos_tasks:/root/aerostack2_ws/install/rmf_demos_panel:/root/aerostack2_ws/install/rmf_demos_maps:/root/aerostack2_ws/install/rmf_demos_fleet_adapter:/root/aerostack2_ws/install/rmf_demos_dashboard_resources:/root/aerostack2_ws/install/rmf_demos_bridges:/root/aerostack2_ws/install/rmf_demos_assets:/root/aerostack2_ws/install/aerostack2:/root/aerostack2_ws/install/as2_visualization:/root/aerostack2_ws/install/as2_usb_camera_interface:/root/aerostack2_ws/install/as2_swarm_perception:/root/aerostack2_ws/install/as2_swarm_fusion_ci:/root/aerostack2_ws/install/as2_swarm_ekf:/root/aerostack2_ws/install/as2_state_estimator:/root/aerostack2_ws/install/as2_rviz_plugins:/root/aerostack2_ws/install/as2_realsense_interface:/root/aerostack2_ws/install/as2_keyboard_teleoperation:/root/aerostack2_ws/install/as2_project_bringup:/root/aerostack2_ws/install/as2_platform_multirotor_simulator:/root/aerostack2_ws/install/as2_platform_gazebo:/root/aerostack2_ws/install/as2_perception:/root/aerostack2_ws/install/as2_motion_controller:/root/aerostack2_ws/install/as2_behaviors_trajectory_generation:/root/aerostack2_ws/install/as2_behaviors_swarm_flocking:/root/aerostack2_ws/install/as2_behaviors_motion:/root/aerostack2_ws/install/as2_motion_reference_handlers:/root/aerostack2_ws/install/as2_map_server:/root/aerostack2_ws/install/as2_geozones:/root/aerostack2_ws/install/as2_gazebo_assets:/root/aerostack2_ws/install/as2_external_object_to_tf:/root/aerostack2_ws/install/as2_behaviors_platform:/root/aerostack2_ws/install/as2_behaviors_perception:/root/aerostack2_ws/install/as2_behaviors_path_planning:/root/aerostack2_ws/install/as2_behavior_tree:/root/aerostack2_ws/install/as2_behavior:/root/aerostack2_ws/install/as2_alphanumeric_viewer:/root/aerostack2_ws/install/as2_core:/root/aerostack2_ws/install/as2_msgs:/root/aerostack2_ws/install/as2_groundray_perception:/root/aerostack2_ws/install/as2_cli:/opt/ros/humble CMAKE_PREFIX_PATH=/root/aerostack2_ws/install/as2_motion_reference_handlers:/root/aerostack2_ws/install/as2_core:/root/aerostack2_ws/install/as2_msgs:/root/aerostack2_ws/install/as2_swarm_person_interfaces:/root/aerostack2_ws/install/rmf_demos_gz_classic:/root/aerostack2_ws/install/rmf_demos_gz:/root/aerostack2_ws/install/rmf_demos:/root/aerostack2_ws/install/rmf_demos_maps:/root/aerostack2_ws/install/aerostack2:/root/aerostack2_ws/install/as2_usb_camera_interface:/root/aerostack2_ws/install/as2_state_estimator:/root/aerostack2_ws/install/as2_rviz_plugins:/root/aerostack2_ws/install/as2_realsense_interface:/root/aerostack2_ws/install/as2_platform_multirotor_simulator:/root/aerostack2_ws/install/as2_platform_gazebo:/root/aerostack2_ws/install/as2_motion_controller:/root/aerostack2_ws/install/as2_behaviors_trajectory_generation:/root/aerostack2_ws/install/as2_behaviors_swarm_flocking:/root/aerostack2_ws/install/as2_behaviors_motion:/root/aerostack2_ws/install/as2_map_server:/root/aerostack2_ws/install/as2_geozones:/root/aerostack2_ws/install/as2_gazebo_assets:/root/aerostack2_ws/install/as2_external_object_to_tf:/root/aerostack2_ws/install/as2_behaviors_platform:/root/aerostack2_ws/install/as2_behaviors_perception:/root/aerostack2_ws/install/as2_behaviors_path_planning:/root/aerostack2_ws/install/as2_behavior_tree:/root/aerostack2_ws/install/as2_behavior:/root/aerostack2_ws/install/as2_alphanumeric_viewer:/root/aerostack2_ws/install/as2_cli LD_LIBRARY_PATH=/root/aerostack2_ws/install/as2_core/lib:/root/aerostack2_ws/install/as2_msgs/lib:/root/aerostack2_ws/install/as2_swarm_person_interfaces/lib:/root/aerostack2_ws/install/as2_state_estimator/lib:/root/aerostack2_ws/install/as2_python_api/lib:/root/aerostack2_ws/install/as2_motion_controller/lib:/root/aerostack2_ws/install/as2_behaviors_trajectory_generation/lib:/root/aerostack2_ws/install/as2_behaviors_swarm_flocking/lib:/root/aerostack2_ws/install/as2_behaviors_motion/lib:/root/aerostack2_ws/install/as2_motion_reference_handlers/lib:/root/aerostack2_ws/install/as2_map_server/lib:/root/aerostack2_ws/install/as2_gazebo_assets/lib:/root/aerostack2_ws/install/as2_behaviors_perception/lib:/root/aerostack2_ws/install/as2_behaviors_path_planning/lib:/root/aerostack2_ws/install/as2_behavior_tree/lib:/root/aerostack2_ws/install/as2_behavior/lib:/opt/ros/humble/opt/rviz_ogre_vendor/lib:/opt/ros/humble/lib/x86_64-linux-gnu:/opt/ros/humble/lib PYTHONPATH=/root/aerostack2_ws/build/as2_keyboard_teleoperation/prefix_override:/usr/lib/python3/dist-packages/colcon_core/task/python/colcon_distutils_commands:/root/aerostack2_ws/install/as2_keyboard_teleoperation/lib/python3.10/site-packages:/root/aerostack2_ws/install/as2_python_api/lib/python3.10/site-packages:/root/aerostack2_ws/install/as2_swarm_person_tracking/lib/python3.10/site-packages:/root/aerostack2_ws/install/as2_swarm_ci_fusion_people/lib/python3.10/site-packages:/root/aerostack2_ws/install/as2_swarm_person_interfaces/local/lib/python3.10/dist-packages:/root/aerostack2_ws/install/rmf_demos_tasks/lib/python3.10/site-packages:/root/aerostack2_ws/install/rmf_demos_panel/lib/python3.10/site-packages:/root/aerostack2_ws/install/rmf_demos_fleet_adapter/lib/python3.10/site-packages:/root/aerostack2_ws/install/rmf_demos_bridges/lib/python3.10/site-packages:/root/aerostack2_ws/install/as2_visualization/lib/python3.10/site-packages:/root/aerostack2_ws/install/as2_swarm_perception/lib/python3.10/site-packages:/root/aerostack2_ws/install/as2_swarm_fusion_ci/lib/python3.10/site-packages:/root/aerostack2_ws/install/as2_swarm_ekf/lib/python3.10/site-packages:/root/aerostack2_ws/install/as2_keyboard_teleoperation/lib/python3.10/site-packages:/root/aerostack2_ws/install/as2_project_bringup/lib/python3.10/site-packages:/root/aerostack2_ws/install/as2_perception/lib/python3.10/site-packages:/root/aerostack2_ws/install/as2_motion_reference_handlers/local/lib/python3.10/dist-packages:/root/aerostack2_ws/install/as2_gazebo_assets/local/lib/python3.10/dist-packages:/root/aerostack2_ws/install/as2_core/local/lib/python3.10/dist-packages:/root/aerostack2_ws/install/as2_msgs/local/lib/python3.10/dist-packages:/root/aerostack2_ws/install/as2_groundray_perception/lib/python3.10/site-packages:/opt/ros/humble/lib/python3.10/site-packages:/opt/ros/humble/local/lib/python3.10/dist-packages /usr/bin/python3 -W ignore:setup.py install is deprecated -W ignore:easy_install command is deprecated setup.py egg_info --egg-base ../../../../build/as2_keyboard_teleoperation build --build-base /root/aerostack2_ws/build/as2_keyboard_teleoperation/build install --record /root/aerostack2_ws/build/as2_keyboard_teleoperation/install.log --single-version-externally-managed install_data
[36.486s] Level 1:colcon.colcon_core.environment:checking '/root/aerostack2_ws/install/as2_keyboard_teleoperation' for CMake module files
[36.487s] Level 1:colcon.colcon_core.environment:checking '/root/aerostack2_ws/install/as2_keyboard_teleoperation' for CMake config files
[36.488s] DEBUG:colcon.colcon_core.event_handler.log_command:Invoked command in '/root/aerostack2_ws/src/aerostack2/as2_user_interfaces/as2_keyboard_teleoperation' returned '0': AMENT_PREFIX_PATH=/root/aerostack2_ws/install/as2_python_api:/root/aerostack2_ws/install/as2_swarm_person_tracking:/root/aerostack2_ws/install/as2_swarm_ci_fusion_people:/root/aerostack2_ws/install/as2_swarm_person_interfaces:/root/aerostack2_ws/install/rmf_demos_gz_classic:/root/aerostack2_ws/install/rmf_demos_gz:/root/aerostack2_ws/install/rmf_demos:/root/aerostack2_ws/install/rmf_demos_tasks:/root/aerostack2_ws/install/rmf_demos_panel:/root/aerostack2_ws/install/rmf_demos_maps:/root/aerostack2_ws/install/rmf_demos_fleet_adapter:/root/aerostack2_ws/install/rmf_demos_dashboard_resources:/root/aerostack2_ws/install/rmf_demos_bridges:/root/aerostack2_ws/install/rmf_demos_assets:/root/aerostack2_ws/install/aerostack2:/root/aerostack2_ws/install/as2_visualization:/root/aerostack2_ws/install/as2_usb_camera_interface:/root/aerostack2_ws/install/as2_swarm_perception:/root/aerostack2_ws/install/as2_swarm_fusion_ci:/root/aerostack2_ws/install/as2_swarm_ekf:/root/aerostack2_ws/install/as2_state_estimator:/root/aerostack2_ws/install/as2_rviz_plugins:/root/aerostack2_ws/install/as2_realsense_interface:/root/aerostack2_ws/install/as2_keyboard_teleoperation:/root/aerostack2_ws/install/as2_project_bringup:/root/aerostack2_ws/install/as2_platform_multirotor_simulator:/root/aerostack2_ws/install/as2_platform_gazebo:/root/aerostack2_ws/install/as2_perception:/root/aerostack2_ws/install/as2_motion_controller:/root/aerostack2_ws/install/as2_behaviors_trajectory_generation:/root/aerostack2_ws/install/as2_behaviors_swarm_flocking:/root/aerostack2_ws/install/as2_behaviors_motion:/root/aerostack2_ws/install/as2_motion_reference_handlers:/root/aerostack2_ws/install/as2_map_server:/root/aerostack2_ws/install/as2_geozones:/root/aerostack2_ws/install/as2_gazebo_assets:/root/aerostack2_ws/install/as2_external_object_to_tf:/root/aerostack2_ws/install/as2_behaviors_platform:/root/aerostack2_ws/install/as2_behaviors_perception:/root/aerostack2_ws/install/as2_behaviors_path_planning:/root/aerostack2_ws/install/as2_behavior_tree:/root/aerostack2_ws/install/as2_behavior:/root/aerostack2_ws/install/as2_alphanumeric_viewer:/root/aerostack2_ws/install/as2_core:/root/aerostack2_ws/install/as2_msgs:/root/aerostack2_ws/install/as2_groundray_perception:/root/aerostack2_ws/install/as2_cli:/opt/ros/humble CMAKE_PREFIX_PATH=/root/aerostack2_ws/install/as2_motion_reference_handlers:/root/aerostack2_ws/install/as2_core:/root/aerostack2_ws/install/as2_msgs:/root/aerostack2_ws/install/as2_swarm_person_interfaces:/root/aerostack2_ws/install/rmf_demos_gz_classic:/root/aerostack2_ws/install/rmf_demos_gz:/root/aerostack2_ws/install/rmf_demos:/root/aerostack2_ws/install/rmf_demos_maps:/root/aerostack2_ws/install/aerostack2:/root/aerostack2_ws/install/as2_usb_camera_interface:/root/aerostack2_ws/install/as2_state_estimator:/root/aerostack2_ws/install/as2_rviz_plugins:/root/aerostack2_ws/install/as2_realsense_interface:/root/aerostack2_ws/install/as2_platform_multirotor_simulator:/root/aerostack2_ws/install/as2_platform_gazebo:/root/aerostack2_ws/install/as2_motion_controller:/root/aerostack2_ws/install/as2_behaviors_trajectory_generation:/root/aerostack2_ws/install/as2_behaviors_swarm_flocking:/root/aerostack2_ws/install/as2_behaviors_motion:/root/aerostack2_ws/install/as2_map_server:/root/aerostack2_ws/install/as2_geozones:/root/aerostack2_ws/install/as2_gazebo_assets:/root/aerostack2_ws/install/as2_external_object_to_tf:/root/aerostack2_ws/install/as2_behaviors_platform:/root/aerostack2_ws/install/as2_behaviors_perception:/root/aerostack2_ws/install/as2_behaviors_path_planning:/root/aerostack2_ws/install/as2_behavior_tree:/root/aerostack2_ws/install/as2_behavior:/root/aerostack2_ws/install/as2_alphanumeric_viewer:/root/aerostack2_ws/install/as2_cli LD_LIBRARY_PATH=/root/aerostack2_ws/install/as2_core/lib:/root/aerostack2_ws/install/as2_msgs/lib:/root/aerostack2_ws/install/as2_swarm_person_interfaces/lib:/root/aerostack2_ws/install/as2_state_estimator/lib:/root/aerostack2_ws/install/as2_python_api/lib:/root/aerostack2_ws/install/as2_motion_controller/lib:/root/aerostack2_ws/install/as2_behaviors_trajectory_generation/lib:/root/aerostack2_ws/install/as2_behaviors_swarm_flocking/lib:/root/aerostack2_ws/install/as2_behaviors_motion/lib:/root/aerostack2_ws/install/as2_motion_reference_handlers/lib:/root/aerostack2_ws/install/as2_map_server/lib:/root/aerostack2_ws/install/as2_gazebo_assets/lib:/root/aerostack2_ws/install/as2_behaviors_perception/lib:/root/aerostack2_ws/install/as2_behaviors_path_planning/lib:/root/aerostack2_ws/install/as2_behavior_tree/lib:/root/aerostack2_ws/install/as2_behavior/lib:/opt/ros/humble/opt/rviz_ogre_vendor/lib:/opt/ros/humble/lib/x86_64-linux-gnu:/opt/ros/humble/lib PYTHONPATH=/root/aerostack2_ws/build/as2_keyboard_teleoperation/prefix_override:/usr/lib/python3/dist-packages/colcon_core/task/python/colcon_distutils_commands:/root/aerostack2_ws/install/as2_keyboard_teleoperation/lib/python3.10/site-packages:/root/aerostack2_ws/install/as2_python_api/lib/python3.10/site-packages:/root/aerostack2_ws/install/as2_swarm_person_tracking/lib/python3.10/site-packages:/root/aerostack2_ws/install/as2_swarm_ci_fusion_people/lib/python3.10/site-packages:/root/aerostack2_ws/install/as2_swarm_person_interfaces/local/lib/python3.10/dist-packages:/root/aerostack2_ws/install/rmf_demos_tasks/lib/python3.10/site-packages:/root/aerostack2_ws/install/rmf_demos_panel/lib/python3.10/site-packages:/root/aerostack2_ws/install/rmf_demos_fleet_adapter/lib/python3.10/site-packages:/root/aerostack2_ws/install/rmf_demos_bridges/lib/python3.10/site-packages:/root/aerostack2_ws/install/as2_visualization/lib/python3.10/site-packages:/root/aerostack2_ws/install/as2_swarm_perception/lib/python3.10/site-packages:/root/aerostack2_ws/install/as2_swarm_fusion_ci/lib/python3.10/site-packages:/root/aerostack2_ws/install/as2_swarm_ekf/lib/python3.10/site-packages:/root/aerostack2_ws/install/as2_keyboard_teleoperation/lib/python3.10/site-packages:/root/aerostack2_ws/install/as2_project_bringup/lib/python3.10/site-packages:/root/aerostack2_ws/install/as2_perception/lib/python3.10/site-packages:/root/aerostack2_ws/install/as2_motion_reference_handlers/local/lib/python3.10/dist-packages:/root/aerostack2_ws/install/as2_gazebo_assets/local/lib/python3.10/dist-packages:/root/aerostack2_ws/install/as2_core/local/lib/python3.10/dist-packages:/root/aerostack2_ws/install/as2_msgs/local/lib/python3.10/dist-packages:/root/aerostack2_ws/install/as2_groundray_perception/lib/python3.10/site-packages:/opt/ros/humble/lib/python3.10/site-packages:/opt/ros/humble/local/lib/python3.10/dist-packages /usr/bin/python3 -W ignore:setup.py install is deprecated -W ignore:easy_install command is deprecated setup.py egg_info --egg-base ../../../../build/as2_keyboard_teleoperation build --build-base /root/aerostack2_ws/build/as2_keyboard_teleoperation/build install --record /root/aerostack2_ws/build/as2_keyboard_teleoperation/install.log --single-version-externally-managed install_data
[36.489s] Level 1:colcon.colcon_core.environment:checking '/root/aerostack2_ws/install/as2_keyboard_teleoperation/lib'
[36.489s] Level 1:colcon.colcon_core.environment:checking '/root/aerostack2_ws/install/as2_keyboard_teleoperation/bin'
[36.489s] Level 1:colcon.colcon_core.environment:checking '/root/aerostack2_ws/install/as2_keyboard_teleoperation/lib/pkgconfig/as2_keyboard_teleoperation.pc'
[36.489s] Level 1:colcon.colcon_core.environment:checking '/root/aerostack2_ws/install/as2_keyboard_teleoperation/lib/python3.10/site-packages'
[36.489s] Level 1:colcon.colcon_core.shell:create_environment_hook('as2_keyboard_teleoperation', 'pythonpath')
[36.490s] INFO:colcon.colcon_core.shell:Creating environment hook '/root/aerostack2_ws/install/as2_keyboard_teleoperation/share/as2_keyboard_teleoperation/hook/pythonpath.ps1'
[36.491s] INFO:colcon.colcon_core.shell:Creating environment descriptor '/root/aerostack2_ws/install/as2_keyboard_teleoperation/share/as2_keyboard_teleoperation/hook/pythonpath.dsv'
[36.492s] INFO:colcon.colcon_core.shell:Creating environment hook '/root/aerostack2_ws/install/as2_keyboard_teleoperation/share/as2_keyboard_teleoperation/hook/pythonpath.sh'
[36.493s] Level 1:colcon.colcon_core.environment:checking '/root/aerostack2_ws/install/as2_keyboard_teleoperation/bin'
[36.493s] Level 1:colcon.colcon_core.environment:create_environment_scripts_only(as2_keyboard_teleoperation)
[36.494s] INFO:colcon.colcon_core.shell:Creating package script '/root/aerostack2_ws/install/as2_keyboard_teleoperation/share/as2_keyboard_teleoperation/package.ps1'
[36.496s] INFO:colcon.colcon_core.shell:Creating package descriptor '/root/aerostack2_ws/install/as2_keyboard_teleoperation/share/as2_keyboard_teleoperation/package.dsv'
[36.496s] INFO:colcon.colcon_core.shell:Creating package script '/root/aerostack2_ws/install/as2_keyboard_teleoperation/share/as2_keyboard_teleoperation/package.sh'
[36.498s] INFO:colcon.colcon_core.shell:Creating package script '/root/aerostack2_ws/install/as2_keyboard_teleoperation/share/as2_keyboard_teleoperation/package.bash'
[36.498s] INFO:colcon.colcon_core.shell:Creating package script '/root/aerostack2_ws/install/as2_keyboard_teleoperation/share/as2_keyboard_teleoperation/package.zsh'
[36.500s] Level 1:colcon.colcon_core.environment:create_file_with_runtime_dependencies(/root/aerostack2_ws/install/as2_keyboard_teleoperation/share/colcon-core/packages/as2_keyboard_teleoperation)
[36.502s] INFO:colcon.colcon_ros.task.ament_cmake.build:Building ROS package in '/root/aerostack2_ws/src/aerostack2/aerostack2' with build type 'ament_cmake'
[36.502s] INFO:colcon.colcon_cmake.task.cmake.build:Building CMake package in '/root/aerostack2_ws/src/aerostack2/aerostack2'
[36.503s] INFO:colcon.colcon_core.shell:Skip shell extension 'powershell' for command environment: Not usable outside of PowerShell
[36.503s] DEBUG:colcon.colcon_core.shell:Skip shell extension 'dsv' for command environment
[36.738s] DEBUG:colcon.colcon_core.event_handler.log_command:Invoking command in '/root/aerostack2_ws/build/aerostack2': AMENT_PREFIX_PATH=/root/aerostack2_ws/install/as2_keyboard_teleoperation:/root/aerostack2_ws/install/as2_visualization:/root/aerostack2_ws/install/as2_python_api:/root/aerostack2_ws/install/as2_swarm_person_tracking:/root/aerostack2_ws/install/as2_swarm_ci_fusion_people:/root/aerostack2_ws/install/as2_swarm_person_interfaces:/root/aerostack2_ws/install/rmf_demos_gz_classic:/root/aerostack2_ws/install/rmf_demos_gz:/root/aerostack2_ws/install/rmf_demos:/root/aerostack2_ws/install/rmf_demos_tasks:/root/aerostack2_ws/install/rmf_demos_panel:/root/aerostack2_ws/install/rmf_demos_maps:/root/aerostack2_ws/install/rmf_demos_fleet_adapter:/root/aerostack2_ws/install/rmf_demos_dashboard_resources:/root/aerostack2_ws/install/rmf_demos_bridges:/root/aerostack2_ws/install/rmf_demos_assets:/root/aerostack2_ws/install/aerostack2:/root/aerostack2_ws/install/as2_usb_camera_interface:/root/aerostack2_ws/install/as2_swarm_perception:/root/aerostack2_ws/install/as2_swarm_fusion_ci:/root/aerostack2_ws/install/as2_swarm_ekf:/root/aerostack2_ws/install/as2_state_estimator:/root/aerostack2_ws/install/as2_rviz_plugins:/root/aerostack2_ws/install/as2_realsense_interface:/root/aerostack2_ws/install/as2_project_bringup:/root/aerostack2_ws/install/as2_platform_multirotor_simulator:/root/aerostack2_ws/install/as2_platform_gazebo:/root/aerostack2_ws/install/as2_perception:/root/aerostack2_ws/install/as2_motion_controller:/root/aerostack2_ws/install/as2_behaviors_trajectory_generation:/root/aerostack2_ws/install/as2_behaviors_swarm_flocking:/root/aerostack2_ws/install/as2_behaviors_motion:/root/aerostack2_ws/install/as2_motion_reference_handlers:/root/aerostack2_ws/install/as2_map_server:/root/aerostack2_ws/install/as2_geozones:/root/aerostack2_ws/install/as2_gazebo_assets:/root/aerostack2_ws/install/as2_external_object_to_tf:/root/aerostack2_ws/install/as2_behaviors_platform:/root/aerostack2_ws/install/as2_behaviors_perception:/root/aerostack2_ws/install/as2_behaviors_path_planning:/root/aerostack2_ws/install/as2_behavior_tree:/root/aerostack2_ws/install/as2_behavior:/root/aerostack2_ws/install/as2_alphanumeric_viewer:/root/aerostack2_ws/install/as2_core:/root/aerostack2_ws/install/as2_msgs:/root/aerostack2_ws/install/as2_groundray_perception:/root/aerostack2_ws/install/as2_cli:/opt/ros/humble CMAKE_PREFIX_PATH=/root/aerostack2_ws/install/as2_rviz_plugins:/root/aerostack2_ws/install/as2_platform_gazebo:/root/aerostack2_ws/install/as2_motion_controller:/root/aerostack2_ws/install/as2_behaviors_trajectory_generation:/root/aerostack2_ws/install/as2_behaviors_platform:/root/aerostack2_ws/install/as2_behaviors_perception:/root/aerostack2_ws/install/as2_behaviors_path_planning:/root/aerostack2_ws/install/as2_behaviors_motion:/root/aerostack2_ws/install/as2_usb_camera_interface:/root/aerostack2_ws/install/as2_state_estimator:/root/aerostack2_ws/install/as2_realsense_interface:/root/aerostack2_ws/install/as2_platform_multirotor_simulator:/root/aerostack2_ws/install/as2_motion_reference_handlers:/root/aerostack2_ws/install/as2_map_server:/root/aerostack2_ws/install/as2_geozones:/root/aerostack2_ws/install/as2_gazebo_assets:/root/aerostack2_ws/install/as2_external_object_to_tf:/root/aerostack2_ws/install/as2_behavior_tree:/root/aerostack2_ws/install/as2_behavior:/root/aerostack2_ws/install/as2_alphanumeric_viewer:/root/aerostack2_ws/install/as2_core:/root/aerostack2_ws/install/as2_msgs:/root/aerostack2_ws/install/as2_cli:/root/aerostack2_ws/install/as2_swarm_person_interfaces:/root/aerostack2_ws/install/rmf_demos_gz_classic:/root/aerostack2_ws/install/rmf_demos_gz:/root/aerostack2_ws/install/rmf_demos:/root/aerostack2_ws/install/rmf_demos_maps:/root/aerostack2_ws/install/aerostack2:/root/aerostack2_ws/install/as2_behaviors_swarm_flocking:/root/aerostack2_ws/install/as2_swarm_person_tracking:/root/aerostack2_ws/install/as2_swarm_ci_fusion_people:/root/aerostack2_ws/install/rmf_demos_tasks:/root/aerostack2_ws/install/rmf_demos_panel:/root/aerostack2_ws/install/rmf_demos_fleet_adapter:/root/aerostack2_ws/install/rmf_demos_dashboard_resources:/root/aerostack2_ws/install/rmf_demos_bridges:/root/aerostack2_ws/install/rmf_demos_assets:/root/aerostack2_ws/install/as2_visualization:/root/aerostack2_ws/install/as2_swarm_perception:/root/aerostack2_ws/install/as2_swarm_fusion_ci:/root/aerostack2_ws/install/as2_swarm_ekf:/root/aerostack2_ws/install/as2_keyboard_teleoperation:/root/aerostack2_ws/install/as2_python_api:/root/aerostack2_ws/install/as2_project_bringup:/root/aerostack2_ws/install/as2_perception:/root/aerostack2_ws/install/as2_groundray_perception:/opt/ros/humble GZ_SIM_RESOURCE_PATH=/root/aerostack2_ws/install/as2_gazebo_assets/share/as2_ign_gazebo_assets/worlds:/root/aerostack2_ws/install/as2_gazebo_assets/share/as2_ign_gazebo_assets/models:${GZ_SIM_RESOURCE_PATH} GZ_VERSION=@GZ_VERSION@ LD_LIBRARY_PATH=/root/aerostack2_ws/install/as2_motion_controller/lib:/root/aerostack2_ws/install/as2_behaviors_trajectory_generation/lib:/root/aerostack2_ws/install/as2_behaviors_perception/lib:/root/aerostack2_ws/install/as2_behaviors_path_planning/lib:/root/aerostack2_ws/install/as2_behaviors_motion/lib:/root/aerostack2_ws/install/as2_state_estimator/lib:/root/aerostack2_ws/install/as2_map_server/lib:/root/aerostack2_ws/install/as2_gazebo_assets/lib:/root/aerostack2_ws/install/as2_behavior_tree/lib:/root/aerostack2_ws/install/as2_behavior/lib:/root/aerostack2_ws/install/as2_core/lib:/root/aerostack2_ws/install/as2_msgs/lib:/root/aerostack2_ws/install/as2_swarm_person_interfaces/lib:/root/aerostack2_ws/install/as2_python_api/lib:/root/aerostack2_ws/install/as2_behaviors_swarm_flocking/lib:/root/aerostack2_ws/install/as2_motion_reference_handlers/lib:/opt/ros/humble/opt/rviz_ogre_vendor/lib:/opt/ros/humble/lib/x86_64-linux-gnu:/opt/ros/humble/lib PYTHONPATH=/root/aerostack2_ws/install/as2_keyboard_teleoperation/lib/python3.10/site-packages:/root/aerostack2_ws/install/as2_visualization/lib/python3.10/site-packages:/root/aerostack2_ws/install/as2_python_api/lib/python3.10/site-packages:/root/aerostack2_ws/install/as2_swarm_person_tracking/lib/python3.10/site-packages:/root/aerostack2_ws/install/as2_swarm_ci_fusion_people/lib/python3.10/site-packages:/root/aerostack2_ws/install/as2_swarm_person_interfaces/local/lib/python3.10/dist-packages:/root/aerostack2_ws/install/rmf_demos_tasks/lib/python3.10/site-packages:/root/aerostack2_ws/install/rmf_demos_panel/lib/python3.10/site-packages:/root/aerostack2_ws/install/rmf_demos_fleet_adapter/lib/python3.10/site-packages:/root/aerostack2_ws/install/rmf_demos_bridges/lib/python3.10/site-packages:/root/aerostack2_ws/install/as2_swarm_perception/lib/python3.10/site-packages:/root/aerostack2_ws/install/as2_swarm_fusion_ci/lib/python3.10/site-packages:/root/aerostack2_ws/install/as2_swarm_ekf/lib/python3.10/site-packages:/root/aerostack2_ws/install/as2_project_bringup/lib/python3.10/site-packages:/root/aerostack2_ws/install/as2_perception/lib/python3.10/site-packages:/root/aerostack2_ws/install/as2_motion_reference_handlers/local/lib/python3.10/dist-packages:/root/aerostack2_ws/install/as2_gazebo_assets/local/lib/python3.10/dist-packages:/root/aerostack2_ws/install/as2_core/local/lib/python3.10/dist-packages:/root/aerostack2_ws/install/as2_msgs/local/lib/python3.10/dist-packages:/root/aerostack2_ws/install/as2_groundray_perception/lib/python3.10/site-packages:/opt/ros/humble/lib/python3.10/site-packages:/opt/ros/humble/local/lib/python3.10/dist-packages /usr/bin/cmake --build /root/aerostack2_ws/build/aerostack2 -- -j8 -l8
[36.844s] DEBUG:colcon.colcon_core.event_handler.log_command:Invoked command in '/root/aerostack2_ws/build/aerostack2' returned '0': AMENT_PREFIX_PATH=/root/aerostack2_ws/install/as2_keyboard_teleoperation:/root/aerostack2_ws/install/as2_visualization:/root/aerostack2_ws/install/as2_python_api:/root/aerostack2_ws/install/as2_swarm_person_tracking:/root/aerostack2_ws/install/as2_swarm_ci_fusion_people:/root/aerostack2_ws/install/as2_swarm_person_interfaces:/root/aerostack2_ws/install/rmf_demos_gz_classic:/root/aerostack2_ws/install/rmf_demos_gz:/root/aerostack2_ws/install/rmf_demos:/root/aerostack2_ws/install/rmf_demos_tasks:/root/aerostack2_ws/install/rmf_demos_panel:/root/aerostack2_ws/install/rmf_demos_maps:/root/aerostack2_ws/install/rmf_demos_fleet_adapter:/root/aerostack2_ws/install/rmf_demos_dashboard_resources:/root/aerostack2_ws/install/rmf_demos_bridges:/root/aerostack2_ws/install/rmf_demos_assets:/root/aerostack2_ws/install/aerostack2:/root/aerostack2_ws/install/as2_usb_camera_interface:/root/aerostack2_ws/install/as2_swarm_perception:/root/aerostack2_ws/install/as2_swarm_fusion_ci:/root/aerostack2_ws/install/as2_swarm_ekf:/root/aerostack2_ws/install/as2_state_estimator:/root/aerostack2_ws/install/as2_rviz_plugins:/root/aerostack2_ws/install/as2_realsense_interface:/root/aerostack2_ws/install/as2_project_bringup:/root/aerostack2_ws/install/as2_platform_multirotor_simulator:/root/aerostack2_ws/install/as2_platform_gazebo:/root/aerostack2_ws/install/as2_perception:/root/aerostack2_ws/install/as2_motion_controller:/root/aerostack2_ws/install/as2_behaviors_trajectory_generation:/root/aerostack2_ws/install/as2_behaviors_swarm_flocking:/root/aerostack2_ws/install/as2_behaviors_motion:/root/aerostack2_ws/install/as2_motion_reference_handlers:/root/aerostack2_ws/install/as2_map_server:/root/aerostack2_ws/install/as2_geozones:/root/aerostack2_ws/install/as2_gazebo_assets:/root/aerostack2_ws/install/as2_external_object_to_tf:/root/aerostack2_ws/install/as2_behaviors_platform:/root/aerostack2_ws/install/as2_behaviors_perception:/root/aerostack2_ws/install/as2_behaviors_path_planning:/root/aerostack2_ws/install/as2_behavior_tree:/root/aerostack2_ws/install/as2_behavior:/root/aerostack2_ws/install/as2_alphanumeric_viewer:/root/aerostack2_ws/install/as2_core:/root/aerostack2_ws/install/as2_msgs:/root/aerostack2_ws/install/as2_groundray_perception:/root/aerostack2_ws/install/as2_cli:/opt/ros/humble CMAKE_PREFIX_PATH=/root/aerostack2_ws/install/as2_rviz_plugins:/root/aerostack2_ws/install/as2_platform_gazebo:/root/aerostack2_ws/install/as2_motion_controller:/root/aerostack2_ws/install/as2_behaviors_trajectory_generation:/root/aerostack2_ws/install/as2_behaviors_platform:/root/aerostack2_ws/install/as2_behaviors_perception:/root/aerostack2_ws/install/as2_behaviors_path_planning:/root/aerostack2_ws/install/as2_behaviors_motion:/root/aerostack2_ws/install/as2_usb_camera_interface:/root/aerostack2_ws/install/as2_state_estimator:/root/aerostack2_ws/install/as2_realsense_interface:/root/aerostack2_ws/install/as2_platform_multirotor_simulator:/root/aerostack2_ws/install/as2_motion_reference_handlers:/root/aerostack2_ws/install/as2_map_server:/root/aerostack2_ws/install/as2_geozones:/root/aerostack2_ws/install/as2_gazebo_assets:/root/aerostack2_ws/install/as2_external_object_to_tf:/root/aerostack2_ws/install/as2_behavior_tree:/root/aerostack2_ws/install/as2_behavior:/root/aerostack2_ws/install/as2_alphanumeric_viewer:/root/aerostack2_ws/install/as2_core:/root/aerostack2_ws/install/as2_msgs:/root/aerostack2_ws/install/as2_cli:/root/aerostack2_ws/install/as2_swarm_person_interfaces:/root/aerostack2_ws/install/rmf_demos_gz_classic:/root/aerostack2_ws/install/rmf_demos_gz:/root/aerostack2_ws/install/rmf_demos:/root/aerostack2_ws/install/rmf_demos_maps:/root/aerostack2_ws/install/aerostack2:/root/aerostack2_ws/install/as2_behaviors_swarm_flocking:/root/aerostack2_ws/install/as2_swarm_person_tracking:/root/aerostack2_ws/install/as2_swarm_ci_fusion_people:/root/aerostack2_ws/install/rmf_demos_tasks:/root/aerostack2_ws/install/rmf_demos_panel:/root/aerostack2_ws/install/rmf_demos_fleet_adapter:/root/aerostack2_ws/install/rmf_demos_dashboard_resources:/root/aerostack2_ws/install/rmf_demos_bridges:/root/aerostack2_ws/install/rmf_demos_assets:/root/aerostack2_ws/install/as2_visualization:/root/aerostack2_ws/install/as2_swarm_perception:/root/aerostack2_ws/install/as2_swarm_fusion_ci:/root/aerostack2_ws/install/as2_swarm_ekf:/root/aerostack2_ws/install/as2_keyboard_teleoperation:/root/aerostack2_ws/install/as2_python_api:/root/aerostack2_ws/install/as2_project_bringup:/root/aerostack2_ws/install/as2_perception:/root/aerostack2_ws/install/as2_groundray_perception:/opt/ros/humble GZ_SIM_RESOURCE_PATH=/root/aerostack2_ws/install/as2_gazebo_assets/share/as2_ign_gazebo_assets/worlds:/root/aerostack2_ws/install/as2_gazebo_assets/share/as2_ign_gazebo_assets/models:${GZ_SIM_RESOURCE_PATH} GZ_VERSION=@GZ_VERSION@ LD_LIBRARY_PATH=/root/aerostack2_ws/install/as2_motion_controller/lib:/root/aerostack2_ws/install/as2_behaviors_trajectory_generation/lib:/root/aerostack2_ws/install/as2_behaviors_perception/lib:/root/aerostack2_ws/install/as2_behaviors_path_planning/lib:/root/aerostack2_ws/install/as2_behaviors_motion/lib:/root/aerostack2_ws/install/as2_state_estimator/lib:/root/aerostack2_ws/install/as2_map_server/lib:/root/aerostack2_ws/install/as2_gazebo_assets/lib:/root/aerostack2_ws/install/as2_behavior_tree/lib:/root/aerostack2_ws/install/as2_behavior/lib:/root/aerostack2_ws/install/as2_core/lib:/root/aerostack2_ws/install/as2_msgs/lib:/root/aerostack2_ws/install/as2_swarm_person_interfaces/lib:/root/aerostack2_ws/install/as2_python_api/lib:/root/aerostack2_ws/install/as2_behaviors_swarm_flocking/lib:/root/aerostack2_ws/install/as2_motion_reference_handlers/lib:/opt/ros/humble/opt/rviz_ogre_vendor/lib:/opt/ros/humble/lib/x86_64-linux-gnu:/opt/ros/humble/lib PYTHONPATH=/root/aerostack2_ws/install/as2_keyboard_teleoperation/lib/python3.10/site-packages:/root/aerostack2_ws/install/as2_visualization/lib/python3.10/site-packages:/root/aerostack2_ws/install/as2_python_api/lib/python3.10/site-packages:/root/aerostack2_ws/install/as2_swarm_person_tracking/lib/python3.10/site-packages:/root/aerostack2_ws/install/as2_swarm_ci_fusion_people/lib/python3.10/site-packages:/root/aerostack2_ws/install/as2_swarm_person_interfaces/local/lib/python3.10/dist-packages:/root/aerostack2_ws/install/rmf_demos_tasks/lib/python3.10/site-packages:/root/aerostack2_ws/install/rmf_demos_panel/lib/python3.10/site-packages:/root/aerostack2_ws/install/rmf_demos_fleet_adapter/lib/python3.10/site-packages:/root/aerostack2_ws/install/rmf_demos_bridges/lib/python3.10/site-packages:/root/aerostack2_ws/install/as2_swarm_perception/lib/python3.10/site-packages:/root/aerostack2_ws/install/as2_swarm_fusion_ci/lib/python3.10/site-packages:/root/aerostack2_ws/install/as2_swarm_ekf/lib/python3.10/site-packages:/root/aerostack2_ws/install/as2_project_bringup/lib/python3.10/site-packages:/root/aerostack2_ws/install/as2_perception/lib/python3.10/site-packages:/root/aerostack2_ws/install/as2_motion_reference_handlers/local/lib/python3.10/dist-packages:/root/aerostack2_ws/install/as2_gazebo_assets/local/lib/python3.10/dist-packages:/root/aerostack2_ws/install/as2_core/local/lib/python3.10/dist-packages:/root/aerostack2_ws/install/as2_msgs/local/lib/python3.10/dist-packages:/root/aerostack2_ws/install/as2_groundray_perception/lib/python3.10/site-packages:/opt/ros/humble/lib/python3.10/site-packages:/opt/ros/humble/local/lib/python3.10/dist-packages /usr/bin/cmake --build /root/aerostack2_ws/build/aerostack2 -- -j8 -l8
[36.845s] DEBUG:colcon.colcon_core.event_handler.log_command:Invoking command in '/root/aerostack2_ws/build/aerostack2': AMENT_PREFIX_PATH=/root/aerostack2_ws/install/as2_keyboard_teleoperation:/root/aerostack2_ws/install/as2_visualization:/root/aerostack2_ws/install/as2_python_api:/root/aerostack2_ws/install/as2_swarm_person_tracking:/root/aerostack2_ws/install/as2_swarm_ci_fusion_people:/root/aerostack2_ws/install/as2_swarm_person_interfaces:/root/aerostack2_ws/install/rmf_demos_gz_classic:/root/aerostack2_ws/install/rmf_demos_gz:/root/aerostack2_ws/install/rmf_demos:/root/aerostack2_ws/install/rmf_demos_tasks:/root/aerostack2_ws/install/rmf_demos_panel:/root/aerostack2_ws/install/rmf_demos_maps:/root/aerostack2_ws/install/rmf_demos_fleet_adapter:/root/aerostack2_ws/install/rmf_demos_dashboard_resources:/root/aerostack2_ws/install/rmf_demos_bridges:/root/aerostack2_ws/install/rmf_demos_assets:/root/aerostack2_ws/install/aerostack2:/root/aerostack2_ws/install/as2_usb_camera_interface:/root/aerostack2_ws/install/as2_swarm_perception:/root/aerostack2_ws/install/as2_swarm_fusion_ci:/root/aerostack2_ws/install/as2_swarm_ekf:/root/aerostack2_ws/install/as2_state_estimator:/root/aerostack2_ws/install/as2_rviz_plugins:/root/aerostack2_ws/install/as2_realsense_interface:/root/aerostack2_ws/install/as2_project_bringup:/root/aerostack2_ws/install/as2_platform_multirotor_simulator:/root/aerostack2_ws/install/as2_platform_gazebo:/root/aerostack2_ws/install/as2_perception:/root/aerostack2_ws/install/as2_motion_controller:/root/aerostack2_ws/install/as2_behaviors_trajectory_generation:/root/aerostack2_ws/install/as2_behaviors_swarm_flocking:/root/aerostack2_ws/install/as2_behaviors_motion:/root/aerostack2_ws/install/as2_motion_reference_handlers:/root/aerostack2_ws/install/as2_map_server:/root/aerostack2_ws/install/as2_geozones:/root/aerostack2_ws/install/as2_gazebo_assets:/root/aerostack2_ws/install/as2_external_object_to_tf:/root/aerostack2_ws/install/as2_behaviors_platform:/root/aerostack2_ws/install/as2_behaviors_perception:/root/aerostack2_ws/install/as2_behaviors_path_planning:/root/aerostack2_ws/install/as2_behavior_tree:/root/aerostack2_ws/install/as2_behavior:/root/aerostack2_ws/install/as2_alphanumeric_viewer:/root/aerostack2_ws/install/as2_core:/root/aerostack2_ws/install/as2_msgs:/root/aerostack2_ws/install/as2_groundray_perception:/root/aerostack2_ws/install/as2_cli:/opt/ros/humble CMAKE_PREFIX_PATH=/root/aerostack2_ws/install/as2_rviz_plugins:/root/aerostack2_ws/install/as2_platform_gazebo:/root/aerostack2_ws/install/as2_motion_controller:/root/aerostack2_ws/install/as2_behaviors_trajectory_generation:/root/aerostack2_ws/install/as2_behaviors_platform:/root/aerostack2_ws/install/as2_behaviors_perception:/root/aerostack2_ws/install/as2_behaviors_path_planning:/root/aerostack2_ws/install/as2_behaviors_motion:/root/aerostack2_ws/install/as2_usb_camera_interface:/root/aerostack2_ws/install/as2_state_estimator:/root/aerostack2_ws/install/as2_realsense_interface:/root/aerostack2_ws/install/as2_platform_multirotor_simulator:/root/aerostack2_ws/install/as2_motion_reference_handlers:/root/aerostack2_ws/install/as2_map_server:/root/aerostack2_ws/install/as2_geozones:/root/aerostack2_ws/install/as2_gazebo_assets:/root/aerostack2_ws/install/as2_external_object_to_tf:/root/aerostack2_ws/install/as2_behavior_tree:/root/aerostack2_ws/install/as2_behavior:/root/aerostack2_ws/install/as2_alphanumeric_viewer:/root/aerostack2_ws/install/as2_core:/root/aerostack2_ws/install/as2_msgs:/root/aerostack2_ws/install/as2_cli:/root/aerostack2_ws/install/as2_swarm_person_interfaces:/root/aerostack2_ws/install/rmf_demos_gz_classic:/root/aerostack2_ws/install/rmf_demos_gz:/root/aerostack2_ws/install/rmf_demos:/root/aerostack2_ws/install/rmf_demos_maps:/root/aerostack2_ws/install/aerostack2:/root/aerostack2_ws/install/as2_behaviors_swarm_flocking:/root/aerostack2_ws/install/as2_swarm_person_tracking:/root/aerostack2_ws/install/as2_swarm_ci_fusion_people:/root/aerostack2_ws/install/rmf_demos_tasks:/root/aerostack2_ws/install/rmf_demos_panel:/root/aerostack2_ws/install/rmf_demos_fleet_adapter:/root/aerostack2_ws/install/rmf_demos_dashboard_resources:/root/aerostack2_ws/install/rmf_demos_bridges:/root/aerostack2_ws/install/rmf_demos_assets:/root/aerostack2_ws/install/as2_visualization:/root/aerostack2_ws/install/as2_swarm_perception:/root/aerostack2_ws/install/as2_swarm_fusion_ci:/root/aerostack2_ws/install/as2_swarm_ekf:/root/aerostack2_ws/install/as2_keyboard_teleoperation:/root/aerostack2_ws/install/as2_python_api:/root/aerostack2_ws/install/as2_project_bringup:/root/aerostack2_ws/install/as2_perception:/root/aerostack2_ws/install/as2_groundray_perception:/opt/ros/humble GZ_SIM_RESOURCE_PATH=/root/aerostack2_ws/install/as2_gazebo_assets/share/as2_ign_gazebo_assets/worlds:/root/aerostack2_ws/install/as2_gazebo_assets/share/as2_ign_gazebo_assets/models:${GZ_SIM_RESOURCE_PATH} GZ_VERSION=@GZ_VERSION@ LD_LIBRARY_PATH=/root/aerostack2_ws/install/as2_motion_controller/lib:/root/aerostack2_ws/install/as2_behaviors_trajectory_generation/lib:/root/aerostack2_ws/install/as2_behaviors_perception/lib:/root/aerostack2_ws/install/as2_behaviors_path_planning/lib:/root/aerostack2_ws/install/as2_behaviors_motion/lib:/root/aerostack2_ws/install/as2_state_estimator/lib:/root/aerostack2_ws/install/as2_map_server/lib:/root/aerostack2_ws/install/as2_gazebo_assets/lib:/root/aerostack2_ws/install/as2_behavior_tree/lib:/root/aerostack2_ws/install/as2_behavior/lib:/root/aerostack2_ws/install/as2_core/lib:/root/aerostack2_ws/install/as2_msgs/lib:/root/aerostack2_ws/install/as2_swarm_person_interfaces/lib:/root/aerostack2_ws/install/as2_python_api/lib:/root/aerostack2_ws/install/as2_behaviors_swarm_flocking/lib:/root/aerostack2_ws/install/as2_motion_reference_handlers/lib:/opt/ros/humble/opt/rviz_ogre_vendor/lib:/opt/ros/humble/lib/x86_64-linux-gnu:/opt/ros/humble/lib PYTHONPATH=/root/aerostack2_ws/install/as2_keyboard_teleoperation/lib/python3.10/site-packages:/root/aerostack2_ws/install/as2_visualization/lib/python3.10/site-packages:/root/aerostack2_ws/install/as2_python_api/lib/python3.10/site-packages:/root/aerostack2_ws/install/as2_swarm_person_tracking/lib/python3.10/site-packages:/root/aerostack2_ws/install/as2_swarm_ci_fusion_people/lib/python3.10/site-packages:/root/aerostack2_ws/install/as2_swarm_person_interfaces/local/lib/python3.10/dist-packages:/root/aerostack2_ws/install/rmf_demos_tasks/lib/python3.10/site-packages:/root/aerostack2_ws/install/rmf_demos_panel/lib/python3.10/site-packages:/root/aerostack2_ws/install/rmf_demos_fleet_adapter/lib/python3.10/site-packages:/root/aerostack2_ws/install/rmf_demos_bridges/lib/python3.10/site-packages:/root/aerostack2_ws/install/as2_swarm_perception/lib/python3.10/site-packages:/root/aerostack2_ws/install/as2_swarm_fusion_ci/lib/python3.10/site-packages:/root/aerostack2_ws/install/as2_swarm_ekf/lib/python3.10/site-packages:/root/aerostack2_ws/install/as2_project_bringup/lib/python3.10/site-packages:/root/aerostack2_ws/install/as2_perception/lib/python3.10/site-packages:/root/aerostack2_ws/install/as2_motion_reference_handlers/local/lib/python3.10/dist-packages:/root/aerostack2_ws/install/as2_gazebo_assets/local/lib/python3.10/dist-packages:/root/aerostack2_ws/install/as2_core/local/lib/python3.10/dist-packages:/root/aerostack2_ws/install/as2_msgs/local/lib/python3.10/dist-packages:/root/aerostack2_ws/install/as2_groundray_perception/lib/python3.10/site-packages:/opt/ros/humble/lib/python3.10/site-packages:/opt/ros/humble/local/lib/python3.10/dist-packages /usr/bin/cmake --install /root/aerostack2_ws/build/aerostack2
[36.923s] Level 1:colcon.colcon_core.environment:create_environment_scripts_only(aerostack2)
[36.923s] Level 1:colcon.colcon_core.environment:checking '/root/aerostack2_ws/install/aerostack2' for CMake module files
[36.924s] Level 1:colcon.colcon_core.environment:checking '/root/aerostack2_ws/install/aerostack2' for CMake config files
[36.936s] Level 1:colcon.colcon_core.shell:create_environment_hook('aerostack2', 'cmake_prefix_path')
[36.937s] INFO:colcon.colcon_core.shell:Creating environment hook '/root/aerostack2_ws/install/aerostack2/share/aerostack2/hook/cmake_prefix_path.ps1'
[36.944s] INFO:colcon.colcon_core.shell:Creating environment descriptor '/root/aerostack2_ws/install/aerostack2/share/aerostack2/hook/cmake_prefix_path.dsv'
[36.939s] DEBUG:colcon.colcon_core.event_handler.log_command:Invoked command in '/root/aerostack2_ws/build/aerostack2' returned '0': AMENT_PREFIX_PATH=/root/aerostack2_ws/install/as2_keyboard_teleoperation:/root/aerostack2_ws/install/as2_visualization:/root/aerostack2_ws/install/as2_python_api:/root/aerostack2_ws/install/as2_swarm_person_tracking:/root/aerostack2_ws/install/as2_swarm_ci_fusion_people:/root/aerostack2_ws/install/as2_swarm_person_interfaces:/root/aerostack2_ws/install/rmf_demos_gz_classic:/root/aerostack2_ws/install/rmf_demos_gz:/root/aerostack2_ws/install/rmf_demos:/root/aerostack2_ws/install/rmf_demos_tasks:/root/aerostack2_ws/install/rmf_demos_panel:/root/aerostack2_ws/install/rmf_demos_maps:/root/aerostack2_ws/install/rmf_demos_fleet_adapter:/root/aerostack2_ws/install/rmf_demos_dashboard_resources:/root/aerostack2_ws/install/rmf_demos_bridges:/root/aerostack2_ws/install/rmf_demos_assets:/root/aerostack2_ws/install/aerostack2:/root/aerostack2_ws/install/as2_usb_camera_interface:/root/aerostack2_ws/install/as2_swarm_perception:/root/aerostack2_ws/install/as2_swarm_fusion_ci:/root/aerostack2_ws/install/as2_swarm_ekf:/root/aerostack2_ws/install/as2_state_estimator:/root/aerostack2_ws/install/as2_rviz_plugins:/root/aerostack2_ws/install/as2_realsense_interface:/root/aerostack2_ws/install/as2_project_bringup:/root/aerostack2_ws/install/as2_platform_multirotor_simulator:/root/aerostack2_ws/install/as2_platform_gazebo:/root/aerostack2_ws/install/as2_perception:/root/aerostack2_ws/install/as2_motion_controller:/root/aerostack2_ws/install/as2_behaviors_trajectory_generation:/root/aerostack2_ws/install/as2_behaviors_swarm_flocking:/root/aerostack2_ws/install/as2_behaviors_motion:/root/aerostack2_ws/install/as2_motion_reference_handlers:/root/aerostack2_ws/install/as2_map_server:/root/aerostack2_ws/install/as2_geozones:/root/aerostack2_ws/install/as2_gazebo_assets:/root/aerostack2_ws/install/as2_external_object_to_tf:/root/aerostack2_ws/install/as2_behaviors_platform:/root/aerostack2_ws/install/as2_behaviors_perception:/root/aerostack2_ws/install/as2_behaviors_path_planning:/root/aerostack2_ws/install/as2_behavior_tree:/root/aerostack2_ws/install/as2_behavior:/root/aerostack2_ws/install/as2_alphanumeric_viewer:/root/aerostack2_ws/install/as2_core:/root/aerostack2_ws/install/as2_msgs:/root/aerostack2_ws/install/as2_groundray_perception:/root/aerostack2_ws/install/as2_cli:/opt/ros/humble CMAKE_PREFIX_PATH=/root/aerostack2_ws/install/as2_rviz_plugins:/root/aerostack2_ws/install/as2_platform_gazebo:/root/aerostack2_ws/install/as2_motion_controller:/root/aerostack2_ws/install/as2_behaviors_trajectory_generation:/root/aerostack2_ws/install/as2_behaviors_platform:/root/aerostack2_ws/install/as2_behaviors_perception:/root/aerostack2_ws/install/as2_behaviors_path_planning:/root/aerostack2_ws/install/as2_behaviors_motion:/root/aerostack2_ws/install/as2_usb_camera_interface:/root/aerostack2_ws/install/as2_state_estimator:/root/aerostack2_ws/install/as2_realsense_interface:/root/aerostack2_ws/install/as2_platform_multirotor_simulator:/root/aerostack2_ws/install/as2_motion_reference_handlers:/root/aerostack2_ws/install/as2_map_server:/root/aerostack2_ws/install/as2_geozones:/root/aerostack2_ws/install/as2_gazebo_assets:/root/aerostack2_ws/install/as2_external_object_to_tf:/root/aerostack2_ws/install/as2_behavior_tree:/root/aerostack2_ws/install/as2_behavior:/root/aerostack2_ws/install/as2_alphanumeric_viewer:/root/aerostack2_ws/install/as2_core:/root/aerostack2_ws/install/as2_msgs:/root/aerostack2_ws/install/as2_cli:/root/aerostack2_ws/install/as2_swarm_person_interfaces:/root/aerostack2_ws/install/rmf_demos_gz_classic:/root/aerostack2_ws/install/rmf_demos_gz:/root/aerostack2_ws/install/rmf_demos:/root/aerostack2_ws/install/rmf_demos_maps:/root/aerostack2_ws/install/aerostack2:/root/aerostack2_ws/install/as2_behaviors_swarm_flocking:/root/aerostack2_ws/install/as2_swarm_person_tracking:/root/aerostack2_ws/install/as2_swarm_ci_fusion_people:/root/aerostack2_ws/install/rmf_demos_tasks:/root/aerostack2_ws/install/rmf_demos_panel:/root/aerostack2_ws/install/rmf_demos_fleet_adapter:/root/aerostack2_ws/install/rmf_demos_dashboard_resources:/root/aerostack2_ws/install/rmf_demos_bridges:/root/aerostack2_ws/install/rmf_demos_assets:/root/aerostack2_ws/install/as2_visualization:/root/aerostack2_ws/install/as2_swarm_perception:/root/aerostack2_ws/install/as2_swarm_fusion_ci:/root/aerostack2_ws/install/as2_swarm_ekf:/root/aerostack2_ws/install/as2_keyboard_teleoperation:/root/aerostack2_ws/install/as2_python_api:/root/aerostack2_ws/install/as2_project_bringup:/root/aerostack2_ws/install/as2_perception:/root/aerostack2_ws/install/as2_groundray_perception:/opt/ros/humble GZ_SIM_RESOURCE_PATH=/root/aerostack2_ws/install/as2_gazebo_assets/share/as2_ign_gazebo_assets/worlds:/root/aerostack2_ws/install/as2_gazebo_assets/share/as2_ign_gazebo_assets/models:${GZ_SIM_RESOURCE_PATH} GZ_VERSION=@GZ_VERSION@ LD_LIBRARY_PATH=/root/aerostack2_ws/install/as2_motion_controller/lib:/root/aerostack2_ws/install/as2_behaviors_trajectory_generation/lib:/root/aerostack2_ws/install/as2_behaviors_perception/lib:/root/aerostack2_ws/install/as2_behaviors_path_planning/lib:/root/aerostack2_ws/install/as2_behaviors_motion/lib:/root/aerostack2_ws/install/as2_state_estimator/lib:/root/aerostack2_ws/install/as2_map_server/lib:/root/aerostack2_ws/install/as2_gazebo_assets/lib:/root/aerostack2_ws/install/as2_behavior_tree/lib:/root/aerostack2_ws/install/as2_behavior/lib:/root/aerostack2_ws/install/as2_core/lib:/root/aerostack2_ws/install/as2_msgs/lib:/root/aerostack2_ws/install/as2_swarm_person_interfaces/lib:/root/aerostack2_ws/install/as2_python_api/lib:/root/aerostack2_ws/install/as2_behaviors_swarm_flocking/lib:/root/aerostack2_ws/install/as2_motion_reference_handlers/lib:/opt/ros/humble/opt/rviz_ogre_vendor/lib:/opt/ros/humble/lib/x86_64-linux-gnu:/opt/ros/humble/lib PYTHONPATH=/root/aerostack2_ws/install/as2_keyboard_teleoperation/lib/python3.10/site-packages:/root/aerostack2_ws/install/as2_visualization/lib/python3.10/site-packages:/root/aerostack2_ws/install/as2_python_api/lib/python3.10/site-packages:/root/aerostack2_ws/install/as2_swarm_person_tracking/lib/python3.10/site-packages:/root/aerostack2_ws/install/as2_swarm_ci_fusion_people/lib/python3.10/site-packages:/root/aerostack2_ws/install/as2_swarm_person_interfaces/local/lib/python3.10/dist-packages:/root/aerostack2_ws/install/rmf_demos_tasks/lib/python3.10/site-packages:/root/aerostack2_ws/install/rmf_demos_panel/lib/python3.10/site-packages:/root/aerostack2_ws/install/rmf_demos_fleet_adapter/lib/python3.10/site-packages:/root/aerostack2_ws/install/rmf_demos_bridges/lib/python3.10/site-packages:/root/aerostack2_ws/install/as2_swarm_perception/lib/python3.10/site-packages:/root/aerostack2_ws/install/as2_swarm_fusion_ci/lib/python3.10/site-packages:/root/aerostack2_ws/install/as2_swarm_ekf/lib/python3.10/site-packages:/root/aerostack2_ws/install/as2_project_bringup/lib/python3.10/site-packages:/root/aerostack2_ws/install/as2_perception/lib/python3.10/site-packages:/root/aerostack2_ws/install/as2_motion_reference_handlers/local/lib/python3.10/dist-packages:/root/aerostack2_ws/install/as2_gazebo_assets/local/lib/python3.10/dist-packages:/root/aerostack2_ws/install/as2_core/local/lib/python3.10/dist-packages:/root/aerostack2_ws/install/as2_msgs/local/lib/python3.10/dist-packages:/root/aerostack2_ws/install/as2_groundray_perception/lib/python3.10/site-packages:/opt/ros/humble/lib/python3.10/site-packages:/opt/ros/humble/local/lib/python3.10/dist-packages /usr/bin/cmake --install /root/aerostack2_ws/build/aerostack2
[36.946s] INFO:colcon.colcon_core.shell:Creating environment hook '/root/aerostack2_ws/install/aerostack2/share/aerostack2/hook/cmake_prefix_path.sh'
[36.952s] Level 1:colcon.colcon_core.environment:checking '/root/aerostack2_ws/install/aerostack2/bin'
[36.954s] Level 1:colcon.colcon_core.environment:checking '/root/aerostack2_ws/install/aerostack2/lib/pkgconfig/aerostack2.pc'
[36.955s] Level 1:colcon.colcon_core.environment:checking '/root/aerostack2_ws/install/aerostack2/lib/python3.10/site-packages'
[36.958s] Level 1:colcon.colcon_core.environment:checking '/root/aerostack2_ws/install/aerostack2/bin'
[36.960s] INFO:colcon.colcon_core.shell:Creating package script '/root/aerostack2_ws/install/aerostack2/share/aerostack2/package.ps1'
[36.969s] INFO:colcon.colcon_core.shell:Creating package descriptor '/root/aerostack2_ws/install/aerostack2/share/aerostack2/package.dsv'
[36.973s] INFO:colcon.colcon_core.shell:Creating package script '/root/aerostack2_ws/install/aerostack2/share/aerostack2/package.sh'
[36.980s] INFO:colcon.colcon_core.shell:Creating package script '/root/aerostack2_ws/install/aerostack2/share/aerostack2/package.bash'
[36.982s] INFO:colcon.colcon_core.shell:Creating package script '/root/aerostack2_ws/install/aerostack2/share/aerostack2/package.zsh'
[36.984s] Level 1:colcon.colcon_core.environment:create_file_with_runtime_dependencies(/root/aerostack2_ws/install/aerostack2/share/colcon-core/packages/aerostack2)
[36.998s] Level 1:colcon.colcon_core.environment:create_environment_scripts_only(aerostack2)
[36.998s] Level 1:colcon.colcon_core.environment:checking '/root/aerostack2_ws/install/aerostack2' for CMake module files
[36.999s] Level 1:colcon.colcon_core.environment:checking '/root/aerostack2_ws/install/aerostack2' for CMake config files
[37.002s] Level 1:colcon.colcon_core.shell:create_environment_hook('aerostack2', 'cmake_prefix_path')
[37.003s] INFO:colcon.colcon_core.shell:Creating environment hook '/root/aerostack2_ws/install/aerostack2/share/aerostack2/hook/cmake_prefix_path.ps1'
[37.005s] INFO:colcon.colcon_core.shell:Creating environment descriptor '/root/aerostack2_ws/install/aerostack2/share/aerostack2/hook/cmake_prefix_path.dsv'
[37.008s] INFO:colcon.colcon_core.shell:Creating environment hook '/root/aerostack2_ws/install/aerostack2/share/aerostack2/hook/cmake_prefix_path.sh'
[37.019s] Level 1:colcon.colcon_core.environment:checking '/root/aerostack2_ws/install/aerostack2/bin'
[37.020s] Level 1:colcon.colcon_core.environment:checking '/root/aerostack2_ws/install/aerostack2/lib/pkgconfig/aerostack2.pc'
[37.020s] Level 1:colcon.colcon_core.environment:checking '/root/aerostack2_ws/install/aerostack2/lib/python3.10/site-packages'
[37.024s] Level 1:colcon.colcon_core.environment:checking '/root/aerostack2_ws/install/aerostack2/bin'
[37.025s] INFO:colcon.colcon_core.shell:Creating package script '/root/aerostack2_ws/install/aerostack2/share/aerostack2/package.ps1'
[37.030s] INFO:colcon.colcon_core.shell:Creating package descriptor '/root/aerostack2_ws/install/aerostack2/share/aerostack2/package.dsv'
[37.031s] INFO:colcon.colcon_core.shell:Creating package script '/root/aerostack2_ws/install/aerostack2/share/aerostack2/package.sh'
[37.032s] INFO:colcon.colcon_core.shell:Creating package script '/root/aerostack2_ws/install/aerostack2/share/aerostack2/package.bash'
[37.038s] INFO:colcon.colcon_core.shell:Creating package script '/root/aerostack2_ws/install/aerostack2/share/aerostack2/package.zsh'
[37.044s] Level 1:colcon.colcon_core.environment:create_file_with_runtime_dependencies(/root/aerostack2_ws/install/aerostack2/share/colcon-core/packages/aerostack2)
[37.047s] DEBUG:colcon.colcon_parallel_executor.executor.parallel:closing loop
[37.050s] DEBUG:colcon.colcon_parallel_executor.executor.parallel:loop closed
[37.050s] DEBUG:colcon.colcon_parallel_executor.executor.parallel:run_until_complete finished with '0'
[37.050s] DEBUG:colcon.colcon_core.event_reactor:joining thread
[37.072s] INFO:colcon.colcon_core.plugin_system:Skipping extension 'colcon_notification.desktop_notification.notify_send': Could not find 'notify-send'
[37.072s] INFO:colcon.colcon_core.plugin_system:Skipping extension 'colcon_notification.desktop_notification.terminal_notifier': Not used on non-Darwin systems
[37.072s] INFO:colcon.colcon_core.plugin_system:Skipping extension 'colcon_notification.desktop_notification.win32': Not used on non-Windows systems
[37.072s] INFO:colcon.colcon_notification.desktop_notification:Sending desktop notification using 'notify2'
[37.090s] DEBUG:colcon.colcon_notification.desktop_notification.notify2:Failed to initialize notify2: org.freedesktop.DBus.Error.Spawn.ExecFailed: /usr/bin/dbus-launch terminated abnormally without any error message
[37.093s] DEBUG:colcon.colcon_core.event_reactor:joined thread
[37.094s] INFO:colcon.colcon_core.shell:Creating prefix script '/root/aerostack2_ws/install/local_setup.ps1'
[37.098s] INFO:colcon.colcon_core.shell:Creating prefix util module '/root/aerostack2_ws/install/_local_setup_util_ps1.py'
[37.104s] INFO:colcon.colcon_core.shell:Creating prefix chain script '/root/aerostack2_ws/install/setup.ps1'
[37.111s] INFO:colcon.colcon_core.shell:Creating prefix script '/root/aerostack2_ws/install/local_setup.sh'
[37.111s] INFO:colcon.colcon_core.shell:Creating prefix util module '/root/aerostack2_ws/install/_local_setup_util_sh.py'
[37.112s] INFO:colcon.colcon_core.shell:Creating prefix chain script '/root/aerostack2_ws/install/setup.sh'
[37.116s] INFO:colcon.colcon_core.shell:Creating prefix script '/root/aerostack2_ws/install/local_setup.bash'
[37.117s] INFO:colcon.colcon_core.shell:Creating prefix chain script '/root/aerostack2_ws/install/setup.bash'
[37.122s] INFO:colcon.colcon_core.shell:Creating prefix script '/root/aerostack2_ws/install/local_setup.zsh'
[37.123s] INFO:colcon.colcon_core.shell:Creating prefix chain script '/root/aerostack2_ws/install/setup.zsh'
