[0.164s] DEBUG:colcon:Command line arguments: ['/usr/bin/colcon', 'build']
[0.164s] DEBUG:colcon:Parsed command line arguments: Namespace(log_base=None, log_level=None, verb_name='build', build_base='build', install_base='install', merge_install=False, symlink_install=False, test_result_base=None, continue_on_error=False, executor='parallel', parallel_workers=8, event_handlers=None, ignore_user_meta=False, metas=['./colcon.meta'], base_paths=['.'], packages_ignore=None, packages_ignore_regex=None, paths=None, packages_up_to=None, packages_up_to_regex=None, packages_above=None, packages_above_and_dependencies=None, packages_above_depth=None, packages_select_by_dep=None, packages_skip_by_dep=None, packages_skip_up_to=None, packages_select_build_failed=False, packages_skip_build_finished=False, packages_select_test_failures=False, packages_skip_test_passed=False, packages_select=None, packages_skip=None, packages_select_regex=None, packages_skip_regex=None, packages_start=None, packages_end=None, cmake_args=None, cmake_target=None, cmake_target_skip_unavailable=False, cmake_clean_cache=False, cmake_clean_first=False, cmake_force_configure=False, ament_cmake_args=None, catkin_cmake_args=None, catkin_skip_building_tests=False, mixin_files=None, mixin=None, verb_parser=<colcon_mixin.mixin.mixin_argument.MixinArgumentDecorator object at 0x7a2f549bd2a0>, verb_extension=<colcon_core.verb.build.BuildVerb object at 0x7a2f549470a0>, main=<bound method BuildVerb.main of <colcon_core.verb.build.BuildVerb object at 0x7a2f549470a0>>, mixin_verb=('build',))
[0.409s] Level 1:colcon.colcon_core.package_discovery:discover_packages(colcon_meta) check parameters
[0.410s] INFO:colcon.colcon_metadata.package_discovery.colcon_meta:Using configuration from '/root/.colcon/metadata/default/Gazebo.meta'
[0.410s] INFO:colcon.colcon_metadata.package_discovery.colcon_meta:Using configuration from '/root/.colcon/metadata/default/fastdds.meta'
[0.411s] INFO:colcon.colcon_metadata.package_discovery.colcon_meta:Using configuration from '/root/.colcon/metadata/default/fastrtps.meta'
[0.411s] Level 1:colcon.colcon_core.package_discovery:discover_packages(recursive) check parameters
[0.411s] Level 1:colcon.colcon_core.package_discovery:discover_packages(ignore) check parameters
[0.411s] Level 1:colcon.colcon_core.package_discovery:discover_packages(path) check parameters
[0.411s] Level 1:colcon.colcon_core.package_discovery:discover_packages(colcon_meta) discover
[0.411s] Level 1:colcon.colcon_core.package_discovery:discover_packages(recursive) discover
[0.411s] INFO:colcon.colcon_core.package_discovery:Crawling recursively for packages in '/root/aerostack2_ws'
[0.411s] Level 1:colcon.colcon_core.package_identification:_identify(.) by extensions ['ignore', 'ignore_ament_install']
[0.411s] Level 1:colcon.colcon_core.package_identification:_identify(.) by extension 'ignore'
[0.411s] Level 1:colcon.colcon_core.package_identification:_identify(.) by extension 'ignore_ament_install'
[0.411s] Level 1:colcon.colcon_core.package_identification:_identify(.) by extensions ['colcon_pkg']
[0.411s] Level 1:colcon.colcon_core.package_identification:_identify(.) by extension 'colcon_pkg'
[0.411s] Level 1:colcon.colcon_core.package_identification:_identify(.) by extensions ['colcon_meta']
[0.411s] Level 1:colcon.colcon_core.package_identification:_identify(.) by extension 'colcon_meta'
[0.411s] Level 1:colcon.colcon_core.package_identification:_identify(.) by extensions ['ros']
[0.411s] Level 1:colcon.colcon_core.package_identification:_identify(.) by extension 'ros'
[0.423s] Level 1:colcon.colcon_core.package_identification:_identify(.) by extensions ['cmake', 'python']
[0.424s] Level 1:colcon.colcon_core.package_identification:_identify(.) by extension 'cmake'
[0.424s] Level 1:colcon.colcon_core.package_identification:_identify(.) by extension 'python'
[0.424s] Level 1:colcon.colcon_core.package_identification:_identify(.) by extensions ['python_setup_py']
[0.424s] Level 1:colcon.colcon_core.package_identification:_identify(.) by extension 'python_setup_py'
[0.424s] Level 1:colcon.colcon_core.package_identification:_identify(build) by extensions ['ignore', 'ignore_ament_install']
[0.424s] Level 1:colcon.colcon_core.package_identification:_identify(build) by extension 'ignore'
[0.424s] Level 1:colcon.colcon_core.package_identification:_identify(build) ignored
[0.424s] Level 1:colcon.colcon_core.package_identification:_identify(install) by extensions ['ignore', 'ignore_ament_install']
[0.424s] Level 1:colcon.colcon_core.package_identification:_identify(install) by extension 'ignore'
[0.424s] Level 1:colcon.colcon_core.package_identification:_identify(install) ignored
[0.424s] Level 1:colcon.colcon_core.package_identification:_identify(log) by extensions ['ignore', 'ignore_ament_install']
[0.424s] Level 1:colcon.colcon_core.package_identification:_identify(log) by extension 'ignore'
[0.425s] Level 1:colcon.colcon_core.package_identification:_identify(log) ignored
[0.425s] Level 1:colcon.colcon_core.package_identification:_identify(src) by extensions ['ignore', 'ignore_ament_install']
[0.425s] Level 1:colcon.colcon_core.package_identification:_identify(src) by extension 'ignore'
[0.425s] Level 1:colcon.colcon_core.package_identification:_identify(src) by extension 'ignore_ament_install'
[0.425s] Level 1:colcon.colcon_core.package_identification:_identify(src) by extensions ['colcon_pkg']
[0.425s] Level 1:colcon.colcon_core.package_identification:_identify(src) by extension 'colcon_pkg'
[0.425s] Level 1:colcon.colcon_core.package_identification:_identify(src) by extensions ['colcon_meta']
[0.425s] Level 1:colcon.colcon_core.package_identification:_identify(src) by extension 'colcon_meta'
[0.425s] Level 1:colcon.colcon_core.package_identification:_identify(src) by extensions ['ros']
[0.425s] Level 1:colcon.colcon_core.package_identification:_identify(src) by extension 'ros'
[0.425s] Level 1:colcon.colcon_core.package_identification:_identify(src) by extensions ['cmake', 'python']
[0.425s] Level 1:colcon.colcon_core.package_identification:_identify(src) by extension 'cmake'
[0.425s] Level 1:colcon.colcon_core.package_identification:_identify(src) by extension 'python'
[0.425s] Level 1:colcon.colcon_core.package_identification:_identify(src) by extensions ['python_setup_py']
[0.425s] Level 1:colcon.colcon_core.package_identification:_identify(src) by extension 'python_setup_py'
[0.425s] Level 1:colcon.colcon_core.package_identification:_identify(src/aerostack2) by extensions ['ignore', 'ignore_ament_install']
[0.425s] Level 1:colcon.colcon_core.package_identification:_identify(src/aerostack2) by extension 'ignore'
[0.425s] Level 1:colcon.colcon_core.package_identification:_identify(src/aerostack2) by extension 'ignore_ament_install'
[0.425s] Level 1:colcon.colcon_core.package_identification:_identify(src/aerostack2) by extensions ['colcon_pkg']
[0.425s] Level 1:colcon.colcon_core.package_identification:_identify(src/aerostack2) by extension 'colcon_pkg'
[0.425s] Level 1:colcon.colcon_core.package_identification:_identify(src/aerostack2) by extensions ['colcon_meta']
[0.426s] Level 1:colcon.colcon_core.package_identification:_identify(src/aerostack2) by extension 'colcon_meta'
[0.426s] Level 1:colcon.colcon_core.package_identification:_identify(src/aerostack2) by extensions ['ros']
[0.426s] Level 1:colcon.colcon_core.package_identification:_identify(src/aerostack2) by extension 'ros'
[0.426s] Level 1:colcon.colcon_core.package_identification:_identify(src/aerostack2) by extensions ['cmake', 'python']
[0.426s] Level 1:colcon.colcon_core.package_identification:_identify(src/aerostack2) by extension 'cmake'
[0.426s] Level 1:colcon.colcon_core.package_identification:_identify(src/aerostack2) by extension 'python'
[0.426s] Level 1:colcon.colcon_core.package_identification:_identify(src/aerostack2) by extensions ['python_setup_py']
[0.426s] Level 1:colcon.colcon_core.package_identification:_identify(src/aerostack2) by extension 'python_setup_py'
[0.426s] Level 1:colcon.colcon_core.package_identification:_identify(src/aerostack2/aerostack2) by extensions ['ignore', 'ignore_ament_install']
[0.426s] Level 1:colcon.colcon_core.package_identification:_identify(src/aerostack2/aerostack2) by extension 'ignore'
[0.426s] Level 1:colcon.colcon_core.package_identification:_identify(src/aerostack2/aerostack2) by extension 'ignore_ament_install'
[0.426s] Level 1:colcon.colcon_core.package_identification:_identify(src/aerostack2/aerostack2) by extensions ['colcon_pkg']
[0.426s] Level 1:colcon.colcon_core.package_identification:_identify(src/aerostack2/aerostack2) by extension 'colcon_pkg'
[0.426s] Level 1:colcon.colcon_core.package_identification:_identify(src/aerostack2/aerostack2) by extensions ['colcon_meta']
[0.426s] Level 1:colcon.colcon_core.package_identification:_identify(src/aerostack2/aerostack2) by extension 'colcon_meta'
[0.426s] Level 1:colcon.colcon_core.package_identification:_identify(src/aerostack2/aerostack2) by extensions ['ros']
[0.426s] Level 1:colcon.colcon_core.package_identification:_identify(src/aerostack2/aerostack2) by extension 'ros'
[0.429s] DEBUG:colcon.colcon_core.package_identification:Package 'src/aerostack2/aerostack2' with type 'ros.ament_cmake' and name 'aerostack2'
[0.430s] Level 1:colcon.colcon_core.package_identification:_identify(src/aerostack2/as2_aerial_platforms) by extensions ['ignore', 'ignore_ament_install']
[0.430s] Level 1:colcon.colcon_core.package_identification:_identify(src/aerostack2/as2_aerial_platforms) by extension 'ignore'
[0.430s] Level 1:colcon.colcon_core.package_identification:_identify(src/aerostack2/as2_aerial_platforms) by extension 'ignore_ament_install'
[0.430s] Level 1:colcon.colcon_core.package_identification:_identify(src/aerostack2/as2_aerial_platforms) by extensions ['colcon_pkg']
[0.430s] Level 1:colcon.colcon_core.package_identification:_identify(src/aerostack2/as2_aerial_platforms) by extension 'colcon_pkg'
[0.430s] Level 1:colcon.colcon_core.package_identification:_identify(src/aerostack2/as2_aerial_platforms) by extensions ['colcon_meta']
[0.430s] Level 1:colcon.colcon_core.package_identification:_identify(src/aerostack2/as2_aerial_platforms) by extension 'colcon_meta'
[0.430s] Level 1:colcon.colcon_core.package_identification:_identify(src/aerostack2/as2_aerial_platforms) by extensions ['ros']
[0.430s] Level 1:colcon.colcon_core.package_identification:_identify(src/aerostack2/as2_aerial_platforms) by extension 'ros'
[0.430s] Level 1:colcon.colcon_core.package_identification:_identify(src/aerostack2/as2_aerial_platforms) by extensions ['cmake', 'python']
[0.430s] Level 1:colcon.colcon_core.package_identification:_identify(src/aerostack2/as2_aerial_platforms) by extension 'cmake'
[0.430s] Level 1:colcon.colcon_core.package_identification:_identify(src/aerostack2/as2_aerial_platforms) by extension 'python'
[0.430s] Level 1:colcon.colcon_core.package_identification:_identify(src/aerostack2/as2_aerial_platforms) by extensions ['python_setup_py']
[0.430s] Level 1:colcon.colcon_core.package_identification:_identify(src/aerostack2/as2_aerial_platforms) by extension 'python_setup_py'
[0.430s] Level 1:colcon.colcon_core.package_identification:_identify(src/aerostack2/as2_aerial_platforms/as2_platform_gazebo) by extensions ['ignore', 'ignore_ament_install']
[0.430s] Level 1:colcon.colcon_core.package_identification:_identify(src/aerostack2/as2_aerial_platforms/as2_platform_gazebo) by extension 'ignore'
[0.430s] Level 1:colcon.colcon_core.package_identification:_identify(src/aerostack2/as2_aerial_platforms/as2_platform_gazebo) by extension 'ignore_ament_install'
[0.430s] Level 1:colcon.colcon_core.package_identification:_identify(src/aerostack2/as2_aerial_platforms/as2_platform_gazebo) by extensions ['colcon_pkg']
[0.430s] Level 1:colcon.colcon_core.package_identification:_identify(src/aerostack2/as2_aerial_platforms/as2_platform_gazebo) by extension 'colcon_pkg'
[0.430s] Level 1:colcon.colcon_core.package_identification:_identify(src/aerostack2/as2_aerial_platforms/as2_platform_gazebo) by extensions ['colcon_meta']
[0.430s] Level 1:colcon.colcon_core.package_identification:_identify(src/aerostack2/as2_aerial_platforms/as2_platform_gazebo) by extension 'colcon_meta'
[0.431s] Level 1:colcon.colcon_core.package_identification:_identify(src/aerostack2/as2_aerial_platforms/as2_platform_gazebo) by extensions ['ros']
[0.431s] Level 1:colcon.colcon_core.package_identification:_identify(src/aerostack2/as2_aerial_platforms/as2_platform_gazebo) by extension 'ros'
[0.431s] DEBUG:colcon.colcon_core.package_identification:Package 'src/aerostack2/as2_aerial_platforms/as2_platform_gazebo' with type 'ros.ament_cmake' and name 'as2_platform_gazebo'
[0.432s] Level 1:colcon.colcon_core.package_identification:_identify(src/aerostack2/as2_aerial_platforms/as2_platform_multirotor_simulator) by extensions ['ignore', 'ignore_ament_install']
[0.432s] Level 1:colcon.colcon_core.package_identification:_identify(src/aerostack2/as2_aerial_platforms/as2_platform_multirotor_simulator) by extension 'ignore'
[0.432s] Level 1:colcon.colcon_core.package_identification:_identify(src/aerostack2/as2_aerial_platforms/as2_platform_multirotor_simulator) by extension 'ignore_ament_install'
[0.432s] Level 1:colcon.colcon_core.package_identification:_identify(src/aerostack2/as2_aerial_platforms/as2_platform_multirotor_simulator) by extensions ['colcon_pkg']
[0.432s] Level 1:colcon.colcon_core.package_identification:_identify(src/aerostack2/as2_aerial_platforms/as2_platform_multirotor_simulator) by extension 'colcon_pkg'
[0.432s] Level 1:colcon.colcon_core.package_identification:_identify(src/aerostack2/as2_aerial_platforms/as2_platform_multirotor_simulator) by extensions ['colcon_meta']
[0.432s] Level 1:colcon.colcon_core.package_identification:_identify(src/aerostack2/as2_aerial_platforms/as2_platform_multirotor_simulator) by extension 'colcon_meta'
[0.432s] Level 1:colcon.colcon_core.package_identification:_identify(src/aerostack2/as2_aerial_platforms/as2_platform_multirotor_simulator) by extensions ['ros']
[0.432s] Level 1:colcon.colcon_core.package_identification:_identify(src/aerostack2/as2_aerial_platforms/as2_platform_multirotor_simulator) by extension 'ros'
[0.433s] DEBUG:colcon.colcon_core.package_identification:Package 'src/aerostack2/as2_aerial_platforms/as2_platform_multirotor_simulator' with type 'ros.ament_cmake' and name 'as2_platform_multirotor_simulator'
[0.433s] Level 1:colcon.colcon_core.package_identification:_identify(src/aerostack2/as2_behavior_tree) by extensions ['ignore', 'ignore_ament_install']
[0.433s] Level 1:colcon.colcon_core.package_identification:_identify(src/aerostack2/as2_behavior_tree) by extension 'ignore'
[0.433s] Level 1:colcon.colcon_core.package_identification:_identify(src/aerostack2/as2_behavior_tree) by extension 'ignore_ament_install'
[0.433s] Level 1:colcon.colcon_core.package_identification:_identify(src/aerostack2/as2_behavior_tree) by extensions ['colcon_pkg']
[0.433s] Level 1:colcon.colcon_core.package_identification:_identify(src/aerostack2/as2_behavior_tree) by extension 'colcon_pkg'
[0.433s] Level 1:colcon.colcon_core.package_identification:_identify(src/aerostack2/as2_behavior_tree) by extensions ['colcon_meta']
[0.433s] Level 1:colcon.colcon_core.package_identification:_identify(src/aerostack2/as2_behavior_tree) by extension 'colcon_meta'
[0.433s] Level 1:colcon.colcon_core.package_identification:_identify(src/aerostack2/as2_behavior_tree) by extensions ['ros']
[0.433s] Level 1:colcon.colcon_core.package_identification:_identify(src/aerostack2/as2_behavior_tree) by extension 'ros'
[0.435s] DEBUG:colcon.colcon_core.package_identification:Package 'src/aerostack2/as2_behavior_tree' with type 'ros.ament_cmake' and name 'as2_behavior_tree'
[0.435s] Level 1:colcon.colcon_core.package_identification:_identify(src/aerostack2/as2_behaviors) by extensions ['ignore', 'ignore_ament_install']
[0.435s] Level 1:colcon.colcon_core.package_identification:_identify(src/aerostack2/as2_behaviors) by extension 'ignore'
[0.435s] Level 1:colcon.colcon_core.package_identification:_identify(src/aerostack2/as2_behaviors) by extension 'ignore_ament_install'
[0.435s] Level 1:colcon.colcon_core.package_identification:_identify(src/aerostack2/as2_behaviors) by extensions ['colcon_pkg']
[0.435s] Level 1:colcon.colcon_core.package_identification:_identify(src/aerostack2/as2_behaviors) by extension 'colcon_pkg'
[0.435s] Level 1:colcon.colcon_core.package_identification:_identify(src/aerostack2/as2_behaviors) by extensions ['colcon_meta']
[0.435s] Level 1:colcon.colcon_core.package_identification:_identify(src/aerostack2/as2_behaviors) by extension 'colcon_meta'
[0.435s] Level 1:colcon.colcon_core.package_identification:_identify(src/aerostack2/as2_behaviors) by extensions ['ros']
[0.435s] Level 1:colcon.colcon_core.package_identification:_identify(src/aerostack2/as2_behaviors) by extension 'ros'
[0.435s] Level 1:colcon.colcon_core.package_identification:_identify(src/aerostack2/as2_behaviors) by extensions ['cmake', 'python']
[0.435s] Level 1:colcon.colcon_core.package_identification:_identify(src/aerostack2/as2_behaviors) by extension 'cmake'
[0.435s] Level 1:colcon.colcon_core.package_identification:_identify(src/aerostack2/as2_behaviors) by extension 'python'
[0.435s] Level 1:colcon.colcon_core.package_identification:_identify(src/aerostack2/as2_behaviors) by extensions ['python_setup_py']
[0.435s] Level 1:colcon.colcon_core.package_identification:_identify(src/aerostack2/as2_behaviors) by extension 'python_setup_py'
[0.435s] Level 1:colcon.colcon_core.package_identification:_identify(src/aerostack2/as2_behaviors/as2_behavior) by extensions ['ignore', 'ignore_ament_install']
[0.435s] Level 1:colcon.colcon_core.package_identification:_identify(src/aerostack2/as2_behaviors/as2_behavior) by extension 'ignore'
[0.435s] Level 1:colcon.colcon_core.package_identification:_identify(src/aerostack2/as2_behaviors/as2_behavior) by extension 'ignore_ament_install'
[0.436s] Level 1:colcon.colcon_core.package_identification:_identify(src/aerostack2/as2_behaviors/as2_behavior) by extensions ['colcon_pkg']
[0.436s] Level 1:colcon.colcon_core.package_identification:_identify(src/aerostack2/as2_behaviors/as2_behavior) by extension 'colcon_pkg'
[0.436s] Level 1:colcon.colcon_core.package_identification:_identify(src/aerostack2/as2_behaviors/as2_behavior) by extensions ['colcon_meta']
[0.436s] Level 1:colcon.colcon_core.package_identification:_identify(src/aerostack2/as2_behaviors/as2_behavior) by extension 'colcon_meta'
[0.436s] Level 1:colcon.colcon_core.package_identification:_identify(src/aerostack2/as2_behaviors/as2_behavior) by extensions ['ros']
[0.436s] Level 1:colcon.colcon_core.package_identification:_identify(src/aerostack2/as2_behaviors/as2_behavior) by extension 'ros'
[0.437s] DEBUG:colcon.colcon_core.package_identification:Package 'src/aerostack2/as2_behaviors/as2_behavior' with type 'ros.ament_cmake' and name 'as2_behavior'
[0.437s] Level 1:colcon.colcon_core.package_identification:_identify(src/aerostack2/as2_behaviors/as2_behaviors_motion) by extensions ['ignore', 'ignore_ament_install']
[0.437s] Level 1:colcon.colcon_core.package_identification:_identify(src/aerostack2/as2_behaviors/as2_behaviors_motion) by extension 'ignore'
[0.437s] Level 1:colcon.colcon_core.package_identification:_identify(src/aerostack2/as2_behaviors/as2_behaviors_motion) by extension 'ignore_ament_install'
[0.437s] Level 1:colcon.colcon_core.package_identification:_identify(src/aerostack2/as2_behaviors/as2_behaviors_motion) by extensions ['colcon_pkg']
[0.437s] Level 1:colcon.colcon_core.package_identification:_identify(src/aerostack2/as2_behaviors/as2_behaviors_motion) by extension 'colcon_pkg'
[0.437s] Level 1:colcon.colcon_core.package_identification:_identify(src/aerostack2/as2_behaviors/as2_behaviors_motion) by extensions ['colcon_meta']
[0.437s] Level 1:colcon.colcon_core.package_identification:_identify(src/aerostack2/as2_behaviors/as2_behaviors_motion) by extension 'colcon_meta'
[0.437s] Level 1:colcon.colcon_core.package_identification:_identify(src/aerostack2/as2_behaviors/as2_behaviors_motion) by extensions ['ros']
[0.437s] Level 1:colcon.colcon_core.package_identification:_identify(src/aerostack2/as2_behaviors/as2_behaviors_motion) by extension 'ros'
[0.438s] DEBUG:colcon.colcon_core.package_identification:Package 'src/aerostack2/as2_behaviors/as2_behaviors_motion' with type 'ros.ament_cmake' and name 'as2_behaviors_motion'
[0.438s] Level 1:colcon.colcon_core.package_identification:_identify(src/aerostack2/as2_behaviors/as2_behaviors_path_planning) by extensions ['ignore', 'ignore_ament_install']
[0.438s] Level 1:colcon.colcon_core.package_identification:_identify(src/aerostack2/as2_behaviors/as2_behaviors_path_planning) by extension 'ignore'
[0.438s] Level 1:colcon.colcon_core.package_identification:_identify(src/aerostack2/as2_behaviors/as2_behaviors_path_planning) by extension 'ignore_ament_install'
[0.439s] Level 1:colcon.colcon_core.package_identification:_identify(src/aerostack2/as2_behaviors/as2_behaviors_path_planning) by extensions ['colcon_pkg']
[0.439s] Level 1:colcon.colcon_core.package_identification:_identify(src/aerostack2/as2_behaviors/as2_behaviors_path_planning) by extension 'colcon_pkg'
[0.439s] Level 1:colcon.colcon_core.package_identification:_identify(src/aerostack2/as2_behaviors/as2_behaviors_path_planning) by extensions ['colcon_meta']
[0.439s] Level 1:colcon.colcon_core.package_identification:_identify(src/aerostack2/as2_behaviors/as2_behaviors_path_planning) by extension 'colcon_meta'
[0.439s] Level 1:colcon.colcon_core.package_identification:_identify(src/aerostack2/as2_behaviors/as2_behaviors_path_planning) by extensions ['ros']
[0.439s] Level 1:colcon.colcon_core.package_identification:_identify(src/aerostack2/as2_behaviors/as2_behaviors_path_planning) by extension 'ros'
[0.440s] DEBUG:colcon.colcon_core.package_identification:Package 'src/aerostack2/as2_behaviors/as2_behaviors_path_planning' with type 'ros.ament_cmake' and name 'as2_behaviors_path_planning'
[0.440s] Level 1:colcon.colcon_core.package_identification:_identify(src/aerostack2/as2_behaviors/as2_behaviors_perception) by extensions ['ignore', 'ignore_ament_install']
[0.440s] Level 1:colcon.colcon_core.package_identification:_identify(src/aerostack2/as2_behaviors/as2_behaviors_perception) by extension 'ignore'
[0.440s] Level 1:colcon.colcon_core.package_identification:_identify(src/aerostack2/as2_behaviors/as2_behaviors_perception) by extension 'ignore_ament_install'
[0.440s] Level 1:colcon.colcon_core.package_identification:_identify(src/aerostack2/as2_behaviors/as2_behaviors_perception) by extensions ['colcon_pkg']
[0.440s] Level 1:colcon.colcon_core.package_identification:_identify(src/aerostack2/as2_behaviors/as2_behaviors_perception) by extension 'colcon_pkg'
[0.440s] Level 1:colcon.colcon_core.package_identification:_identify(src/aerostack2/as2_behaviors/as2_behaviors_perception) by extensions ['colcon_meta']
[0.440s] Level 1:colcon.colcon_core.package_identification:_identify(src/aerostack2/as2_behaviors/as2_behaviors_perception) by extension 'colcon_meta'
[0.440s] Level 1:colcon.colcon_core.package_identification:_identify(src/aerostack2/as2_behaviors/as2_behaviors_perception) by extensions ['ros']
[0.440s] Level 1:colcon.colcon_core.package_identification:_identify(src/aerostack2/as2_behaviors/as2_behaviors_perception) by extension 'ros'
[0.441s] DEBUG:colcon.colcon_core.package_identification:Package 'src/aerostack2/as2_behaviors/as2_behaviors_perception' with type 'ros.ament_cmake' and name 'as2_behaviors_perception'
[0.441s] Level 1:colcon.colcon_core.package_identification:_identify(src/aerostack2/as2_behaviors/as2_behaviors_platform) by extensions ['ignore', 'ignore_ament_install']
[0.441s] Level 1:colcon.colcon_core.package_identification:_identify(src/aerostack2/as2_behaviors/as2_behaviors_platform) by extension 'ignore'
[0.442s] Level 1:colcon.colcon_core.package_identification:_identify(src/aerostack2/as2_behaviors/as2_behaviors_platform) by extension 'ignore_ament_install'
[0.442s] Level 1:colcon.colcon_core.package_identification:_identify(src/aerostack2/as2_behaviors/as2_behaviors_platform) by extensions ['colcon_pkg']
[0.442s] Level 1:colcon.colcon_core.package_identification:_identify(src/aerostack2/as2_behaviors/as2_behaviors_platform) by extension 'colcon_pkg'
[0.442s] Level 1:colcon.colcon_core.package_identification:_identify(src/aerostack2/as2_behaviors/as2_behaviors_platform) by extensions ['colcon_meta']
[0.442s] Level 1:colcon.colcon_core.package_identification:_identify(src/aerostack2/as2_behaviors/as2_behaviors_platform) by extension 'colcon_meta'
[0.442s] Level 1:colcon.colcon_core.package_identification:_identify(src/aerostack2/as2_behaviors/as2_behaviors_platform) by extensions ['ros']
[0.442s] Level 1:colcon.colcon_core.package_identification:_identify(src/aerostack2/as2_behaviors/as2_behaviors_platform) by extension 'ros'
[0.443s] DEBUG:colcon.colcon_core.package_identification:Package 'src/aerostack2/as2_behaviors/as2_behaviors_platform' with type 'ros.ament_cmake' and name 'as2_behaviors_platform'
[0.443s] Level 1:colcon.colcon_core.package_identification:_identify(src/aerostack2/as2_behaviors/as2_behaviors_swarm_flocking) by extensions ['ignore', 'ignore_ament_install']
[0.443s] Level 1:colcon.colcon_core.package_identification:_identify(src/aerostack2/as2_behaviors/as2_behaviors_swarm_flocking) by extension 'ignore'
[0.443s] Level 1:colcon.colcon_core.package_identification:_identify(src/aerostack2/as2_behaviors/as2_behaviors_swarm_flocking) by extension 'ignore_ament_install'
[0.443s] Level 1:colcon.colcon_core.package_identification:_identify(src/aerostack2/as2_behaviors/as2_behaviors_swarm_flocking) by extensions ['colcon_pkg']
[0.443s] Level 1:colcon.colcon_core.package_identification:_identify(src/aerostack2/as2_behaviors/as2_behaviors_swarm_flocking) by extension 'colcon_pkg'
[0.443s] Level 1:colcon.colcon_core.package_identification:_identify(src/aerostack2/as2_behaviors/as2_behaviors_swarm_flocking) by extensions ['colcon_meta']
[0.443s] Level 1:colcon.colcon_core.package_identification:_identify(src/aerostack2/as2_behaviors/as2_behaviors_swarm_flocking) by extension 'colcon_meta'
[0.443s] Level 1:colcon.colcon_core.package_identification:_identify(src/aerostack2/as2_behaviors/as2_behaviors_swarm_flocking) by extensions ['ros']
[0.443s] Level 1:colcon.colcon_core.package_identification:_identify(src/aerostack2/as2_behaviors/as2_behaviors_swarm_flocking) by extension 'ros'
[0.446s] DEBUG:colcon.colcon_core.package_identification:Package 'src/aerostack2/as2_behaviors/as2_behaviors_swarm_flocking' with type 'ros.ament_cmake' and name 'as2_behaviors_swarm_flocking'
[0.446s] Level 1:colcon.colcon_core.package_identification:_identify(src/aerostack2/as2_behaviors/as2_behaviors_trajectory_generation) by extensions ['ignore', 'ignore_ament_install']
[0.446s] Level 1:colcon.colcon_core.package_identification:_identify(src/aerostack2/as2_behaviors/as2_behaviors_trajectory_generation) by extension 'ignore'
[0.446s] Level 1:colcon.colcon_core.package_identification:_identify(src/aerostack2/as2_behaviors/as2_behaviors_trajectory_generation) by extension 'ignore_ament_install'
[0.446s] Level 1:colcon.colcon_core.package_identification:_identify(src/aerostack2/as2_behaviors/as2_behaviors_trajectory_generation) by extensions ['colcon_pkg']
[0.446s] Level 1:colcon.colcon_core.package_identification:_identify(src/aerostack2/as2_behaviors/as2_behaviors_trajectory_generation) by extension 'colcon_pkg'
[0.446s] Level 1:colcon.colcon_core.package_identification:_identify(src/aerostack2/as2_behaviors/as2_behaviors_trajectory_generation) by extensions ['colcon_meta']
[0.446s] Level 1:colcon.colcon_core.package_identification:_identify(src/aerostack2/as2_behaviors/as2_behaviors_trajectory_generation) by extension 'colcon_meta'
[0.446s] Level 1:colcon.colcon_core.package_identification:_identify(src/aerostack2/as2_behaviors/as2_behaviors_trajectory_generation) by extensions ['ros']
[0.446s] Level 1:colcon.colcon_core.package_identification:_identify(src/aerostack2/as2_behaviors/as2_behaviors_trajectory_generation) by extension 'ros'
[0.448s] DEBUG:colcon.colcon_core.package_identification:Package 'src/aerostack2/as2_behaviors/as2_behaviors_trajectory_generation' with type 'ros.ament_cmake' and name 'as2_behaviors_trajectory_generation'
[0.448s] Level 1:colcon.colcon_core.package_identification:_identify(src/aerostack2/as2_cli) by extensions ['ignore', 'ignore_ament_install']
[0.448s] Level 1:colcon.colcon_core.package_identification:_identify(src/aerostack2/as2_cli) by extension 'ignore'
[0.448s] Level 1:colcon.colcon_core.package_identification:_identify(src/aerostack2/as2_cli) by extension 'ignore_ament_install'
[0.448s] Level 1:colcon.colcon_core.package_identification:_identify(src/aerostack2/as2_cli) by extensions ['colcon_pkg']
[0.448s] Level 1:colcon.colcon_core.package_identification:_identify(src/aerostack2/as2_cli) by extension 'colcon_pkg'
[0.448s] Level 1:colcon.colcon_core.package_identification:_identify(src/aerostack2/as2_cli) by extensions ['colcon_meta']
[0.448s] Level 1:colcon.colcon_core.package_identification:_identify(src/aerostack2/as2_cli) by extension 'colcon_meta'
[0.448s] Level 1:colcon.colcon_core.package_identification:_identify(src/aerostack2/as2_cli) by extensions ['ros']
[0.448s] Level 1:colcon.colcon_core.package_identification:_identify(src/aerostack2/as2_cli) by extension 'ros'
[0.449s] DEBUG:colcon.colcon_core.package_identification:Package 'src/aerostack2/as2_cli' with type 'ros.ament_cmake' and name 'as2_cli'
[0.449s] Level 1:colcon.colcon_core.package_identification:_identify(src/aerostack2/as2_core) by extensions ['ignore', 'ignore_ament_install']
[0.449s] Level 1:colcon.colcon_core.package_identification:_identify(src/aerostack2/as2_core) by extension 'ignore'
[0.449s] Level 1:colcon.colcon_core.package_identification:_identify(src/aerostack2/as2_core) by extension 'ignore_ament_install'
[0.449s] Level 1:colcon.colcon_core.package_identification:_identify(src/aerostack2/as2_core) by extensions ['colcon_pkg']
[0.449s] Level 1:colcon.colcon_core.package_identification:_identify(src/aerostack2/as2_core) by extension 'colcon_pkg'
[0.449s] Level 1:colcon.colcon_core.package_identification:_identify(src/aerostack2/as2_core) by extensions ['colcon_meta']
[0.449s] Level 1:colcon.colcon_core.package_identification:_identify(src/aerostack2/as2_core) by extension 'colcon_meta'
[0.449s] Level 1:colcon.colcon_core.package_identification:_identify(src/aerostack2/as2_core) by extensions ['ros']
[0.449s] Level 1:colcon.colcon_core.package_identification:_identify(src/aerostack2/as2_core) by extension 'ros'
[0.460s] DEBUG:colcon.colcon_core.package_identification:Package 'src/aerostack2/as2_core' with type 'ros.ament_cmake' and name 'as2_core'
[0.461s] Level 1:colcon.colcon_core.package_identification:_identify(src/aerostack2/as2_groundray_perception) by extensions ['ignore', 'ignore_ament_install']
[0.461s] Level 1:colcon.colcon_core.package_identification:_identify(src/aerostack2/as2_groundray_perception) by extension 'ignore'
[0.461s] Level 1:colcon.colcon_core.package_identification:_identify(src/aerostack2/as2_groundray_perception) by extension 'ignore_ament_install'
[0.461s] Level 1:colcon.colcon_core.package_identification:_identify(src/aerostack2/as2_groundray_perception) by extensions ['colcon_pkg']
[0.461s] Level 1:colcon.colcon_core.package_identification:_identify(src/aerostack2/as2_groundray_perception) by extension 'colcon_pkg'
[0.461s] Level 1:colcon.colcon_core.package_identification:_identify(src/aerostack2/as2_groundray_perception) by extensions ['colcon_meta']
[0.461s] Level 1:colcon.colcon_core.package_identification:_identify(src/aerostack2/as2_groundray_perception) by extension 'colcon_meta'
[0.461s] Level 1:colcon.colcon_core.package_identification:_identify(src/aerostack2/as2_groundray_perception) by extensions ['ros']
[0.461s] Level 1:colcon.colcon_core.package_identification:_identify(src/aerostack2/as2_groundray_perception) by extension 'ros'
[0.462s] DEBUG:colcon.colcon_core.package_identification:Package 'src/aerostack2/as2_groundray_perception' with type 'ros.ament_python' and name 'as2_groundray_perception'
[0.462s] Level 1:colcon.colcon_core.package_identification:_identify(src/aerostack2/as2_hardware_drivers) by extensions ['ignore', 'ignore_ament_install']
[0.462s] Level 1:colcon.colcon_core.package_identification:_identify(src/aerostack2/as2_hardware_drivers) by extension 'ignore'
[0.462s] Level 1:colcon.colcon_core.package_identification:_identify(src/aerostack2/as2_hardware_drivers) by extension 'ignore_ament_install'
[0.462s] Level 1:colcon.colcon_core.package_identification:_identify(src/aerostack2/as2_hardware_drivers) by extensions ['colcon_pkg']
[0.462s] Level 1:colcon.colcon_core.package_identification:_identify(src/aerostack2/as2_hardware_drivers) by extension 'colcon_pkg'
[0.463s] Level 1:colcon.colcon_core.package_identification:_identify(src/aerostack2/as2_hardware_drivers) by extensions ['colcon_meta']
[0.463s] Level 1:colcon.colcon_core.package_identification:_identify(src/aerostack2/as2_hardware_drivers) by extension 'colcon_meta'
[0.463s] Level 1:colcon.colcon_core.package_identification:_identify(src/aerostack2/as2_hardware_drivers) by extensions ['ros']
[0.463s] Level 1:colcon.colcon_core.package_identification:_identify(src/aerostack2/as2_hardware_drivers) by extension 'ros'
[0.463s] Level 1:colcon.colcon_core.package_identification:_identify(src/aerostack2/as2_hardware_drivers) by extensions ['cmake', 'python']
[0.463s] Level 1:colcon.colcon_core.package_identification:_identify(src/aerostack2/as2_hardware_drivers) by extension 'cmake'
[0.463s] Level 1:colcon.colcon_core.package_identification:_identify(src/aerostack2/as2_hardware_drivers) by extension 'python'
[0.463s] Level 1:colcon.colcon_core.package_identification:_identify(src/aerostack2/as2_hardware_drivers) by extensions ['python_setup_py']
[0.463s] Level 1:colcon.colcon_core.package_identification:_identify(src/aerostack2/as2_hardware_drivers) by extension 'python_setup_py'
[0.463s] Level 1:colcon.colcon_core.package_identification:_identify(src/aerostack2/as2_hardware_drivers/as2_realsense_interface) by extensions ['ignore', 'ignore_ament_install']
[0.463s] Level 1:colcon.colcon_core.package_identification:_identify(src/aerostack2/as2_hardware_drivers/as2_realsense_interface) by extension 'ignore'
[0.463s] Level 1:colcon.colcon_core.package_identification:_identify(src/aerostack2/as2_hardware_drivers/as2_realsense_interface) by extension 'ignore_ament_install'
[0.463s] Level 1:colcon.colcon_core.package_identification:_identify(src/aerostack2/as2_hardware_drivers/as2_realsense_interface) by extensions ['colcon_pkg']
[0.463s] Level 1:colcon.colcon_core.package_identification:_identify(src/aerostack2/as2_hardware_drivers/as2_realsense_interface) by extension 'colcon_pkg'
[0.463s] Level 1:colcon.colcon_core.package_identification:_identify(src/aerostack2/as2_hardware_drivers/as2_realsense_interface) by extensions ['colcon_meta']
[0.463s] Level 1:colcon.colcon_core.package_identification:_identify(src/aerostack2/as2_hardware_drivers/as2_realsense_interface) by extension 'colcon_meta'
[0.463s] Level 1:colcon.colcon_core.package_identification:_identify(src/aerostack2/as2_hardware_drivers/as2_realsense_interface) by extensions ['ros']
[0.463s] Level 1:colcon.colcon_core.package_identification:_identify(src/aerostack2/as2_hardware_drivers/as2_realsense_interface) by extension 'ros'
[0.465s] DEBUG:colcon.colcon_core.package_identification:Package 'src/aerostack2/as2_hardware_drivers/as2_realsense_interface' with type 'ros.ament_cmake' and name 'as2_realsense_interface'
[0.465s] Level 1:colcon.colcon_core.package_identification:_identify(src/aerostack2/as2_hardware_drivers/as2_usb_camera_interface) by extensions ['ignore', 'ignore_ament_install']
[0.465s] Level 1:colcon.colcon_core.package_identification:_identify(src/aerostack2/as2_hardware_drivers/as2_usb_camera_interface) by extension 'ignore'
[0.465s] Level 1:colcon.colcon_core.package_identification:_identify(src/aerostack2/as2_hardware_drivers/as2_usb_camera_interface) by extension 'ignore_ament_install'
[0.465s] Level 1:colcon.colcon_core.package_identification:_identify(src/aerostack2/as2_hardware_drivers/as2_usb_camera_interface) by extensions ['colcon_pkg']
[0.465s] Level 1:colcon.colcon_core.package_identification:_identify(src/aerostack2/as2_hardware_drivers/as2_usb_camera_interface) by extension 'colcon_pkg'
[0.465s] Level 1:colcon.colcon_core.package_identification:_identify(src/aerostack2/as2_hardware_drivers/as2_usb_camera_interface) by extensions ['colcon_meta']
[0.465s] Level 1:colcon.colcon_core.package_identification:_identify(src/aerostack2/as2_hardware_drivers/as2_usb_camera_interface) by extension 'colcon_meta'
[0.465s] Level 1:colcon.colcon_core.package_identification:_identify(src/aerostack2/as2_hardware_drivers/as2_usb_camera_interface) by extensions ['ros']
[0.465s] Level 1:colcon.colcon_core.package_identification:_identify(src/aerostack2/as2_hardware_drivers/as2_usb_camera_interface) by extension 'ros'
[0.466s] DEBUG:colcon.colcon_core.package_identification:Package 'src/aerostack2/as2_hardware_drivers/as2_usb_camera_interface' with type 'ros.ament_cmake' and name 'as2_usb_camera_interface'
[0.467s] Level 1:colcon.colcon_core.package_identification:_identify(src/aerostack2/as2_map_server) by extensions ['ignore', 'ignore_ament_install']
[0.467s] Level 1:colcon.colcon_core.package_identification:_identify(src/aerostack2/as2_map_server) by extension 'ignore'
[0.467s] Level 1:colcon.colcon_core.package_identification:_identify(src/aerostack2/as2_map_server) by extension 'ignore_ament_install'
[0.467s] Level 1:colcon.colcon_core.package_identification:_identify(src/aerostack2/as2_map_server) by extensions ['colcon_pkg']
[0.467s] Level 1:colcon.colcon_core.package_identification:_identify(src/aerostack2/as2_map_server) by extension 'colcon_pkg'
[0.467s] Level 1:colcon.colcon_core.package_identification:_identify(src/aerostack2/as2_map_server) by extensions ['colcon_meta']
[0.467s] Level 1:colcon.colcon_core.package_identification:_identify(src/aerostack2/as2_map_server) by extension 'colcon_meta'
[0.467s] Level 1:colcon.colcon_core.package_identification:_identify(src/aerostack2/as2_map_server) by extensions ['ros']
[0.467s] Level 1:colcon.colcon_core.package_identification:_identify(src/aerostack2/as2_map_server) by extension 'ros'
[0.468s] DEBUG:colcon.colcon_core.package_identification:Package 'src/aerostack2/as2_map_server' with type 'ros.ament_cmake' and name 'as2_map_server'
[0.469s] Level 1:colcon.colcon_core.package_identification:_identify(src/aerostack2/as2_motion_controller) by extensions ['ignore', 'ignore_ament_install']
[0.469s] Level 1:colcon.colcon_core.package_identification:_identify(src/aerostack2/as2_motion_controller) by extension 'ignore'
[0.469s] Level 1:colcon.colcon_core.package_identification:_identify(src/aerostack2/as2_motion_controller) by extension 'ignore_ament_install'
[0.469s] Level 1:colcon.colcon_core.package_identification:_identify(src/aerostack2/as2_motion_controller) by extensions ['colcon_pkg']
[0.469s] Level 1:colcon.colcon_core.package_identification:_identify(src/aerostack2/as2_motion_controller) by extension 'colcon_pkg'
[0.469s] Level 1:colcon.colcon_core.package_identification:_identify(src/aerostack2/as2_motion_controller) by extensions ['colcon_meta']
[0.469s] Level 1:colcon.colcon_core.package_identification:_identify(src/aerostack2/as2_motion_controller) by extension 'colcon_meta'
[0.469s] Level 1:colcon.colcon_core.package_identification:_identify(src/aerostack2/as2_motion_controller) by extensions ['ros']
[0.469s] Level 1:colcon.colcon_core.package_identification:_identify(src/aerostack2/as2_motion_controller) by extension 'ros'
[0.470s] DEBUG:colcon.colcon_core.package_identification:Package 'src/aerostack2/as2_motion_controller' with type 'ros.ament_cmake' and name 'as2_motion_controller'
[0.470s] Level 1:colcon.colcon_core.package_identification:_identify(src/aerostack2/as2_motion_reference_handlers) by extensions ['ignore', 'ignore_ament_install']
[0.470s] Level 1:colcon.colcon_core.package_identification:_identify(src/aerostack2/as2_motion_reference_handlers) by extension 'ignore'
[0.470s] Level 1:colcon.colcon_core.package_identification:_identify(src/aerostack2/as2_motion_reference_handlers) by extension 'ignore_ament_install'
[0.470s] Level 1:colcon.colcon_core.package_identification:_identify(src/aerostack2/as2_motion_reference_handlers) by extensions ['colcon_pkg']
[0.470s] Level 1:colcon.colcon_core.package_identification:_identify(src/aerostack2/as2_motion_reference_handlers) by extension 'colcon_pkg'
[0.471s] Level 1:colcon.colcon_core.package_identification:_identify(src/aerostack2/as2_motion_reference_handlers) by extensions ['colcon_meta']
[0.471s] Level 1:colcon.colcon_core.package_identification:_identify(src/aerostack2/as2_motion_reference_handlers) by extension 'colcon_meta'
[0.471s] Level 1:colcon.colcon_core.package_identification:_identify(src/aerostack2/as2_motion_reference_handlers) by extensions ['ros']
[0.471s] Level 1:colcon.colcon_core.package_identification:_identify(src/aerostack2/as2_motion_reference_handlers) by extension 'ros'
[0.472s] DEBUG:colcon.colcon_core.package_identification:Package 'src/aerostack2/as2_motion_reference_handlers' with type 'ros.ament_cmake' and name 'as2_motion_reference_handlers'
[0.472s] Level 1:colcon.colcon_core.package_identification:_identify(src/aerostack2/as2_msgs) by extensions ['ignore', 'ignore_ament_install']
[0.472s] Level 1:colcon.colcon_core.package_identification:_identify(src/aerostack2/as2_msgs) by extension 'ignore'
[0.472s] Level 1:colcon.colcon_core.package_identification:_identify(src/aerostack2/as2_msgs) by extension 'ignore_ament_install'
[0.472s] Level 1:colcon.colcon_core.package_identification:_identify(src/aerostack2/as2_msgs) by extensions ['colcon_pkg']
[0.472s] Level 1:colcon.colcon_core.package_identification:_identify(src/aerostack2/as2_msgs) by extension 'colcon_pkg'
[0.472s] Level 1:colcon.colcon_core.package_identification:_identify(src/aerostack2/as2_msgs) by extensions ['colcon_meta']
[0.472s] Level 1:colcon.colcon_core.package_identification:_identify(src/aerostack2/as2_msgs) by extension 'colcon_meta'
[0.472s] Level 1:colcon.colcon_core.package_identification:_identify(src/aerostack2/as2_msgs) by extensions ['ros']
[0.472s] Level 1:colcon.colcon_core.package_identification:_identify(src/aerostack2/as2_msgs) by extension 'ros'
[0.473s] DEBUG:colcon.colcon_core.package_identification:Package 'src/aerostack2/as2_msgs' with type 'ros.ament_cmake' and name 'as2_msgs'
[0.474s] Level 1:colcon.colcon_core.package_identification:_identify(src/aerostack2/as2_perception) by extensions ['ignore', 'ignore_ament_install']
[0.474s] Level 1:colcon.colcon_core.package_identification:_identify(src/aerostack2/as2_perception) by extension 'ignore'
[0.474s] Level 1:colcon.colcon_core.package_identification:_identify(src/aerostack2/as2_perception) by extension 'ignore_ament_install'
[0.474s] Level 1:colcon.colcon_core.package_identification:_identify(src/aerostack2/as2_perception) by extensions ['colcon_pkg']
[0.474s] Level 1:colcon.colcon_core.package_identification:_identify(src/aerostack2/as2_perception) by extension 'colcon_pkg'
[0.474s] Level 1:colcon.colcon_core.package_identification:_identify(src/aerostack2/as2_perception) by extensions ['colcon_meta']
[0.474s] Level 1:colcon.colcon_core.package_identification:_identify(src/aerostack2/as2_perception) by extension 'colcon_meta'
[0.474s] Level 1:colcon.colcon_core.package_identification:_identify(src/aerostack2/as2_perception) by extensions ['ros']
[0.474s] Level 1:colcon.colcon_core.package_identification:_identify(src/aerostack2/as2_perception) by extension 'ros'
[0.475s] DEBUG:colcon.colcon_core.package_identification:Package 'src/aerostack2/as2_perception' with type 'ros.ament_python' and name 'as2_perception'
[0.475s] Level 1:colcon.colcon_core.package_identification:_identify(src/aerostack2/as2_platform_gazebo) by extensions ['ignore', 'ignore_ament_install']
[0.475s] Level 1:colcon.colcon_core.package_identification:_identify(src/aerostack2/as2_platform_gazebo) by extension 'ignore'
[0.475s] Level 1:colcon.colcon_core.package_identification:_identify(src/aerostack2/as2_platform_gazebo) by extension 'ignore_ament_install'
[0.475s] Level 1:colcon.colcon_core.package_identification:_identify(src/aerostack2/as2_platform_gazebo) by extensions ['colcon_pkg']
[0.475s] Level 1:colcon.colcon_core.package_identification:_identify(src/aerostack2/as2_platform_gazebo) by extension 'colcon_pkg'
[0.475s] Level 1:colcon.colcon_core.package_identification:_identify(src/aerostack2/as2_platform_gazebo) by extensions ['colcon_meta']
[0.475s] Level 1:colcon.colcon_core.package_identification:_identify(src/aerostack2/as2_platform_gazebo) by extension 'colcon_meta'
[0.475s] Level 1:colcon.colcon_core.package_identification:_identify(src/aerostack2/as2_platform_gazebo) by extensions ['ros']
[0.475s] Level 1:colcon.colcon_core.package_identification:_identify(src/aerostack2/as2_platform_gazebo) by extension 'ros'
[0.475s] Level 1:colcon.colcon_core.package_identification:_identify(src/aerostack2/as2_platform_gazebo) by extensions ['cmake', 'python']
[0.475s] Level 1:colcon.colcon_core.package_identification:_identify(src/aerostack2/as2_platform_gazebo) by extension 'cmake'
[0.475s] Level 1:colcon.colcon_core.package_identification:_identify(src/aerostack2/as2_platform_gazebo) by extension 'python'
[0.475s] Level 1:colcon.colcon_core.package_identification:_identify(src/aerostack2/as2_platform_gazebo) by extensions ['python_setup_py']
[0.475s] Level 1:colcon.colcon_core.package_identification:_identify(src/aerostack2/as2_platform_gazebo) by extension 'python_setup_py'
[0.475s] Level 1:colcon.colcon_core.package_identification:_identify(src/aerostack2/as2_platform_gazebo/config) by extensions ['ignore', 'ignore_ament_install']
[0.475s] Level 1:colcon.colcon_core.package_identification:_identify(src/aerostack2/as2_platform_gazebo/config) by extension 'ignore'
[0.476s] Level 1:colcon.colcon_core.package_identification:_identify(src/aerostack2/as2_platform_gazebo/config) by extension 'ignore_ament_install'
[0.476s] Level 1:colcon.colcon_core.package_identification:_identify(src/aerostack2/as2_platform_gazebo/config) by extensions ['colcon_pkg']
[0.476s] Level 1:colcon.colcon_core.package_identification:_identify(src/aerostack2/as2_platform_gazebo/config) by extension 'colcon_pkg'
[0.476s] Level 1:colcon.colcon_core.package_identification:_identify(src/aerostack2/as2_platform_gazebo/config) by extensions ['colcon_meta']
[0.476s] Level 1:colcon.colcon_core.package_identification:_identify(src/aerostack2/as2_platform_gazebo/config) by extension 'colcon_meta'
[0.476s] Level 1:colcon.colcon_core.package_identification:_identify(src/aerostack2/as2_platform_gazebo/config) by extensions ['ros']
[0.476s] Level 1:colcon.colcon_core.package_identification:_identify(src/aerostack2/as2_platform_gazebo/config) by extension 'ros'
[0.476s] Level 1:colcon.colcon_core.package_identification:_identify(src/aerostack2/as2_platform_gazebo/config) by extensions ['cmake', 'python']
[0.476s] Level 1:colcon.colcon_core.package_identification:_identify(src/aerostack2/as2_platform_gazebo/config) by extension 'cmake'
[0.476s] Level 1:colcon.colcon_core.package_identification:_identify(src/aerostack2/as2_platform_gazebo/config) by extension 'python'
[0.476s] Level 1:colcon.colcon_core.package_identification:_identify(src/aerostack2/as2_platform_gazebo/config) by extensions ['python_setup_py']
[0.476s] Level 1:colcon.colcon_core.package_identification:_identify(src/aerostack2/as2_platform_gazebo/config) by extension 'python_setup_py'
[0.476s] Level 1:colcon.colcon_core.package_identification:_identify(src/aerostack2/as2_project_bringup) by extensions ['ignore', 'ignore_ament_install']
[0.476s] Level 1:colcon.colcon_core.package_identification:_identify(src/aerostack2/as2_project_bringup) by extension 'ignore'
[0.476s] Level 1:colcon.colcon_core.package_identification:_identify(src/aerostack2/as2_project_bringup) by extension 'ignore_ament_install'
[0.476s] Level 1:colcon.colcon_core.package_identification:_identify(src/aerostack2/as2_project_bringup) by extensions ['colcon_pkg']
[0.476s] Level 1:colcon.colcon_core.package_identification:_identify(src/aerostack2/as2_project_bringup) by extension 'colcon_pkg'
[0.476s] Level 1:colcon.colcon_core.package_identification:_identify(src/aerostack2/as2_project_bringup) by extensions ['colcon_meta']
[0.476s] Level 1:colcon.colcon_core.package_identification:_identify(src/aerostack2/as2_project_bringup) by extension 'colcon_meta'
[0.476s] Level 1:colcon.colcon_core.package_identification:_identify(src/aerostack2/as2_project_bringup) by extensions ['ros']
[0.476s] Level 1:colcon.colcon_core.package_identification:_identify(src/aerostack2/as2_project_bringup) by extension 'ros'
[0.477s] DEBUG:colcon.colcon_core.package_identification:Package 'src/aerostack2/as2_project_bringup' with type 'ros.ament_python' and name 'as2_project_bringup'
[0.477s] Level 1:colcon.colcon_core.package_identification:_identify(src/aerostack2/as2_python_api) by extensions ['ignore', 'ignore_ament_install']
[0.477s] Level 1:colcon.colcon_core.package_identification:_identify(src/aerostack2/as2_python_api) by extension 'ignore'
[0.477s] Level 1:colcon.colcon_core.package_identification:_identify(src/aerostack2/as2_python_api) by extension 'ignore_ament_install'
[0.478s] Level 1:colcon.colcon_core.package_identification:_identify(src/aerostack2/as2_python_api) by extensions ['colcon_pkg']
[0.478s] Level 1:colcon.colcon_core.package_identification:_identify(src/aerostack2/as2_python_api) by extension 'colcon_pkg'
[0.478s] Level 1:colcon.colcon_core.package_identification:_identify(src/aerostack2/as2_python_api) by extensions ['colcon_meta']
[0.478s] Level 1:colcon.colcon_core.package_identification:_identify(src/aerostack2/as2_python_api) by extension 'colcon_meta'
[0.478s] Level 1:colcon.colcon_core.package_identification:_identify(src/aerostack2/as2_python_api) by extensions ['ros']
[0.478s] Level 1:colcon.colcon_core.package_identification:_identify(src/aerostack2/as2_python_api) by extension 'ros'
[0.479s] DEBUG:colcon.colcon_core.package_identification:Package 'src/aerostack2/as2_python_api' with type 'ros.ament_python' and name 'as2_python_api'
[0.479s] Level 1:colcon.colcon_core.package_identification:_identify(src/aerostack2/as2_simulation_assets) by extensions ['ignore', 'ignore_ament_install']
[0.479s] Level 1:colcon.colcon_core.package_identification:_identify(src/aerostack2/as2_simulation_assets) by extension 'ignore'
[0.480s] Level 1:colcon.colcon_core.package_identification:_identify(src/aerostack2/as2_simulation_assets) by extension 'ignore_ament_install'
[0.480s] Level 1:colcon.colcon_core.package_identification:_identify(src/aerostack2/as2_simulation_assets) by extensions ['colcon_pkg']
[0.480s] Level 1:colcon.colcon_core.package_identification:_identify(src/aerostack2/as2_simulation_assets) by extension 'colcon_pkg'
[0.480s] Level 1:colcon.colcon_core.package_identification:_identify(src/aerostack2/as2_simulation_assets) by extensions ['colcon_meta']
[0.480s] Level 1:colcon.colcon_core.package_identification:_identify(src/aerostack2/as2_simulation_assets) by extension 'colcon_meta'
[0.480s] Level 1:colcon.colcon_core.package_identification:_identify(src/aerostack2/as2_simulation_assets) by extensions ['ros']
[0.480s] Level 1:colcon.colcon_core.package_identification:_identify(src/aerostack2/as2_simulation_assets) by extension 'ros'
[0.480s] Level 1:colcon.colcon_core.package_identification:_identify(src/aerostack2/as2_simulation_assets) by extensions ['cmake', 'python']
[0.480s] Level 1:colcon.colcon_core.package_identification:_identify(src/aerostack2/as2_simulation_assets) by extension 'cmake'
[0.480s] Level 1:colcon.colcon_core.package_identification:_identify(src/aerostack2/as2_simulation_assets) by extension 'python'
[0.480s] Level 1:colcon.colcon_core.package_identification:_identify(src/aerostack2/as2_simulation_assets) by extensions ['python_setup_py']
[0.480s] Level 1:colcon.colcon_core.package_identification:_identify(src/aerostack2/as2_simulation_assets) by extension 'python_setup_py'
[0.480s] Level 1:colcon.colcon_core.package_identification:_identify(src/aerostack2/as2_simulation_assets/as2_gazebo_assets) by extensions ['ignore', 'ignore_ament_install']
[0.480s] Level 1:colcon.colcon_core.package_identification:_identify(src/aerostack2/as2_simulation_assets/as2_gazebo_assets) by extension 'ignore'
[0.480s] Level 1:colcon.colcon_core.package_identification:_identify(src/aerostack2/as2_simulation_assets/as2_gazebo_assets) by extension 'ignore_ament_install'
[0.480s] Level 1:colcon.colcon_core.package_identification:_identify(src/aerostack2/as2_simulation_assets/as2_gazebo_assets) by extensions ['colcon_pkg']
[0.480s] Level 1:colcon.colcon_core.package_identification:_identify(src/aerostack2/as2_simulation_assets/as2_gazebo_assets) by extension 'colcon_pkg'
[0.480s] Level 1:colcon.colcon_core.package_identification:_identify(src/aerostack2/as2_simulation_assets/as2_gazebo_assets) by extensions ['colcon_meta']
[0.480s] Level 1:colcon.colcon_core.package_identification:_identify(src/aerostack2/as2_simulation_assets/as2_gazebo_assets) by extension 'colcon_meta'
[0.480s] Level 1:colcon.colcon_core.package_identification:_identify(src/aerostack2/as2_simulation_assets/as2_gazebo_assets) by extensions ['ros']
[0.480s] Level 1:colcon.colcon_core.package_identification:_identify(src/aerostack2/as2_simulation_assets/as2_gazebo_assets) by extension 'ros'
[0.482s] DEBUG:colcon.colcon_core.package_identification:Package 'src/aerostack2/as2_simulation_assets/as2_gazebo_assets' with type 'ros.ament_cmake' and name 'as2_gazebo_assets'
[0.482s] Level 1:colcon.colcon_core.package_identification:_identify(src/aerostack2/as2_state_estimator) by extensions ['ignore', 'ignore_ament_install']
[0.482s] Level 1:colcon.colcon_core.package_identification:_identify(src/aerostack2/as2_state_estimator) by extension 'ignore'
[0.482s] Level 1:colcon.colcon_core.package_identification:_identify(src/aerostack2/as2_state_estimator) by extension 'ignore_ament_install'
[0.482s] Level 1:colcon.colcon_core.package_identification:_identify(src/aerostack2/as2_state_estimator) by extensions ['colcon_pkg']
[0.482s] Level 1:colcon.colcon_core.package_identification:_identify(src/aerostack2/as2_state_estimator) by extension 'colcon_pkg'
[0.482s] Level 1:colcon.colcon_core.package_identification:_identify(src/aerostack2/as2_state_estimator) by extensions ['colcon_meta']
[0.482s] Level 1:colcon.colcon_core.package_identification:_identify(src/aerostack2/as2_state_estimator) by extension 'colcon_meta'
[0.482s] Level 1:colcon.colcon_core.package_identification:_identify(src/aerostack2/as2_state_estimator) by extensions ['ros']
[0.482s] Level 1:colcon.colcon_core.package_identification:_identify(src/aerostack2/as2_state_estimator) by extension 'ros'
[0.483s] DEBUG:colcon.colcon_core.package_identification:Package 'src/aerostack2/as2_state_estimator' with type 'ros.ament_cmake' and name 'as2_state_estimator'
[0.483s] Level 1:colcon.colcon_core.package_identification:_identify(src/aerostack2/as2_swarm_ekf) by extensions ['ignore', 'ignore_ament_install']
[0.483s] Level 1:colcon.colcon_core.package_identification:_identify(src/aerostack2/as2_swarm_ekf) by extension 'ignore'
[0.483s] Level 1:colcon.colcon_core.package_identification:_identify(src/aerostack2/as2_swarm_ekf) by extension 'ignore_ament_install'
[0.483s] Level 1:colcon.colcon_core.package_identification:_identify(src/aerostack2/as2_swarm_ekf) by extensions ['colcon_pkg']
[0.483s] Level 1:colcon.colcon_core.package_identification:_identify(src/aerostack2/as2_swarm_ekf) by extension 'colcon_pkg'
[0.484s] Level 1:colcon.colcon_core.package_identification:_identify(src/aerostack2/as2_swarm_ekf) by extensions ['colcon_meta']
[0.484s] Level 1:colcon.colcon_core.package_identification:_identify(src/aerostack2/as2_swarm_ekf) by extension 'colcon_meta'
[0.484s] Level 1:colcon.colcon_core.package_identification:_identify(src/aerostack2/as2_swarm_ekf) by extensions ['ros']
[0.484s] Level 1:colcon.colcon_core.package_identification:_identify(src/aerostack2/as2_swarm_ekf) by extension 'ros'
[0.484s] DEBUG:colcon.colcon_core.package_identification:Package 'src/aerostack2/as2_swarm_ekf' with type 'ros.ament_python' and name 'as2_swarm_ekf'
[0.485s] Level 1:colcon.colcon_core.package_identification:_identify(src/aerostack2/as2_swarm_fusion_ci) by extensions ['ignore', 'ignore_ament_install']
[0.485s] Level 1:colcon.colcon_core.package_identification:_identify(src/aerostack2/as2_swarm_fusion_ci) by extension 'ignore'
[0.485s] Level 1:colcon.colcon_core.package_identification:_identify(src/aerostack2/as2_swarm_fusion_ci) by extension 'ignore_ament_install'
[0.485s] Level 1:colcon.colcon_core.package_identification:_identify(src/aerostack2/as2_swarm_fusion_ci) by extensions ['colcon_pkg']
[0.485s] Level 1:colcon.colcon_core.package_identification:_identify(src/aerostack2/as2_swarm_fusion_ci) by extension 'colcon_pkg'
[0.485s] Level 1:colcon.colcon_core.package_identification:_identify(src/aerostack2/as2_swarm_fusion_ci) by extensions ['colcon_meta']
[0.485s] Level 1:colcon.colcon_core.package_identification:_identify(src/aerostack2/as2_swarm_fusion_ci) by extension 'colcon_meta'
[0.485s] Level 1:colcon.colcon_core.package_identification:_identify(src/aerostack2/as2_swarm_fusion_ci) by extensions ['ros']
[0.485s] Level 1:colcon.colcon_core.package_identification:_identify(src/aerostack2/as2_swarm_fusion_ci) by extension 'ros'
[0.486s] DEBUG:colcon.colcon_core.package_identification:Package 'src/aerostack2/as2_swarm_fusion_ci' with type 'ros.ament_python' and name 'as2_swarm_fusion_ci'
[0.486s] Level 1:colcon.colcon_core.package_identification:_identify(src/aerostack2/as2_swarm_perception) by extensions ['ignore', 'ignore_ament_install']
[0.486s] Level 1:colcon.colcon_core.package_identification:_identify(src/aerostack2/as2_swarm_perception) by extension 'ignore'
[0.486s] Level 1:colcon.colcon_core.package_identification:_identify(src/aerostack2/as2_swarm_perception) by extension 'ignore_ament_install'
[0.486s] Level 1:colcon.colcon_core.package_identification:_identify(src/aerostack2/as2_swarm_perception) by extensions ['colcon_pkg']
[0.486s] Level 1:colcon.colcon_core.package_identification:_identify(src/aerostack2/as2_swarm_perception) by extension 'colcon_pkg'
[0.486s] Level 1:colcon.colcon_core.package_identification:_identify(src/aerostack2/as2_swarm_perception) by extensions ['colcon_meta']
[0.486s] Level 1:colcon.colcon_core.package_identification:_identify(src/aerostack2/as2_swarm_perception) by extension 'colcon_meta'
[0.486s] Level 1:colcon.colcon_core.package_identification:_identify(src/aerostack2/as2_swarm_perception) by extensions ['ros']
[0.486s] Level 1:colcon.colcon_core.package_identification:_identify(src/aerostack2/as2_swarm_perception) by extension 'ros'
[0.487s] DEBUG:colcon.colcon_core.package_identification:Package 'src/aerostack2/as2_swarm_perception' with type 'ros.ament_python' and name 'as2_swarm_perception'
[0.487s] Level 1:colcon.colcon_core.package_identification:_identify(src/aerostack2/as2_user_interfaces) by extensions ['ignore', 'ignore_ament_install']
[0.487s] Level 1:colcon.colcon_core.package_identification:_identify(src/aerostack2/as2_user_interfaces) by extension 'ignore'
[0.487s] Level 1:colcon.colcon_core.package_identification:_identify(src/aerostack2/as2_user_interfaces) by extension 'ignore_ament_install'
[0.487s] Level 1:colcon.colcon_core.package_identification:_identify(src/aerostack2/as2_user_interfaces) by extensions ['colcon_pkg']
[0.487s] Level 1:colcon.colcon_core.package_identification:_identify(src/aerostack2/as2_user_interfaces) by extension 'colcon_pkg'
[0.487s] Level 1:colcon.colcon_core.package_identification:_identify(src/aerostack2/as2_user_interfaces) by extensions ['colcon_meta']
[0.487s] Level 1:colcon.colcon_core.package_identification:_identify(src/aerostack2/as2_user_interfaces) by extension 'colcon_meta'
[0.487s] Level 1:colcon.colcon_core.package_identification:_identify(src/aerostack2/as2_user_interfaces) by extensions ['ros']
[0.487s] Level 1:colcon.colcon_core.package_identification:_identify(src/aerostack2/as2_user_interfaces) by extension 'ros'
[0.487s] Level 1:colcon.colcon_core.package_identification:_identify(src/aerostack2/as2_user_interfaces) by extensions ['cmake', 'python']
[0.487s] Level 1:colcon.colcon_core.package_identification:_identify(src/aerostack2/as2_user_interfaces) by extension 'cmake'
[0.487s] Level 1:colcon.colcon_core.package_identification:_identify(src/aerostack2/as2_user_interfaces) by extension 'python'
[0.488s] Level 1:colcon.colcon_core.package_identification:_identify(src/aerostack2/as2_user_interfaces) by extensions ['python_setup_py']
[0.488s] Level 1:colcon.colcon_core.package_identification:_identify(src/aerostack2/as2_user_interfaces) by extension 'python_setup_py'
[0.488s] Level 1:colcon.colcon_core.package_identification:_identify(src/aerostack2/as2_user_interfaces/as2_alphanumeric_viewer) by extensions ['ignore', 'ignore_ament_install']
[0.488s] Level 1:colcon.colcon_core.package_identification:_identify(src/aerostack2/as2_user_interfaces/as2_alphanumeric_viewer) by extension 'ignore'
[0.488s] Level 1:colcon.colcon_core.package_identification:_identify(src/aerostack2/as2_user_interfaces/as2_alphanumeric_viewer) by extension 'ignore_ament_install'
[0.488s] Level 1:colcon.colcon_core.package_identification:_identify(src/aerostack2/as2_user_interfaces/as2_alphanumeric_viewer) by extensions ['colcon_pkg']
[0.488s] Level 1:colcon.colcon_core.package_identification:_identify(src/aerostack2/as2_user_interfaces/as2_alphanumeric_viewer) by extension 'colcon_pkg'
[0.488s] Level 1:colcon.colcon_core.package_identification:_identify(src/aerostack2/as2_user_interfaces/as2_alphanumeric_viewer) by extensions ['colcon_meta']
[0.488s] Level 1:colcon.colcon_core.package_identification:_identify(src/aerostack2/as2_user_interfaces/as2_alphanumeric_viewer) by extension 'colcon_meta'
[0.488s] Level 1:colcon.colcon_core.package_identification:_identify(src/aerostack2/as2_user_interfaces/as2_alphanumeric_viewer) by extensions ['ros']
[0.488s] Level 1:colcon.colcon_core.package_identification:_identify(src/aerostack2/as2_user_interfaces/as2_alphanumeric_viewer) by extension 'ros'
[0.489s] DEBUG:colcon.colcon_core.package_identification:Package 'src/aerostack2/as2_user_interfaces/as2_alphanumeric_viewer' with type 'ros.ament_cmake' and name 'as2_alphanumeric_viewer'
[0.489s] Level 1:colcon.colcon_core.package_identification:_identify(src/aerostack2/as2_user_interfaces/as2_keyboard_teleoperation) by extensions ['ignore', 'ignore_ament_install']
[0.489s] Level 1:colcon.colcon_core.package_identification:_identify(src/aerostack2/as2_user_interfaces/as2_keyboard_teleoperation) by extension 'ignore'
[0.490s] Level 1:colcon.colcon_core.package_identification:_identify(src/aerostack2/as2_user_interfaces/as2_keyboard_teleoperation) by extension 'ignore_ament_install'
[0.490s] Level 1:colcon.colcon_core.package_identification:_identify(src/aerostack2/as2_user_interfaces/as2_keyboard_teleoperation) by extensions ['colcon_pkg']
[0.490s] Level 1:colcon.colcon_core.package_identification:_identify(src/aerostack2/as2_user_interfaces/as2_keyboard_teleoperation) by extension 'colcon_pkg'
[0.490s] Level 1:colcon.colcon_core.package_identification:_identify(src/aerostack2/as2_user_interfaces/as2_keyboard_teleoperation) by extensions ['colcon_meta']
[0.490s] Level 1:colcon.colcon_core.package_identification:_identify(src/aerostack2/as2_user_interfaces/as2_keyboard_teleoperation) by extension 'colcon_meta'
[0.490s] Level 1:colcon.colcon_core.package_identification:_identify(src/aerostack2/as2_user_interfaces/as2_keyboard_teleoperation) by extensions ['ros']
[0.490s] Level 1:colcon.colcon_core.package_identification:_identify(src/aerostack2/as2_user_interfaces/as2_keyboard_teleoperation) by extension 'ros'
[0.490s] DEBUG:colcon.colcon_core.package_identification:Package 'src/aerostack2/as2_user_interfaces/as2_keyboard_teleoperation' with type 'ros.ament_python' and name 'as2_keyboard_teleoperation'
[0.490s] Level 1:colcon.colcon_core.package_identification:_identify(src/aerostack2/as2_user_interfaces/as2_visualization) by extensions ['ignore', 'ignore_ament_install']
[0.491s] Level 1:colcon.colcon_core.package_identification:_identify(src/aerostack2/as2_user_interfaces/as2_visualization) by extension 'ignore'
[0.491s] Level 1:colcon.colcon_core.package_identification:_identify(src/aerostack2/as2_user_interfaces/as2_visualization) by extension 'ignore_ament_install'
[0.491s] Level 1:colcon.colcon_core.package_identification:_identify(src/aerostack2/as2_user_interfaces/as2_visualization) by extensions ['colcon_pkg']
[0.491s] Level 1:colcon.colcon_core.package_identification:_identify(src/aerostack2/as2_user_interfaces/as2_visualization) by extension 'colcon_pkg'
[0.491s] Level 1:colcon.colcon_core.package_identification:_identify(src/aerostack2/as2_user_interfaces/as2_visualization) by extensions ['colcon_meta']
[0.491s] Level 1:colcon.colcon_core.package_identification:_identify(src/aerostack2/as2_user_interfaces/as2_visualization) by extension 'colcon_meta'
[0.491s] Level 1:colcon.colcon_core.package_identification:_identify(src/aerostack2/as2_user_interfaces/as2_visualization) by extensions ['ros']
[0.491s] Level 1:colcon.colcon_core.package_identification:_identify(src/aerostack2/as2_user_interfaces/as2_visualization) by extension 'ros'
[0.491s] Level 1:colcon.colcon_core.package_identification:_identify(src/aerostack2/as2_user_interfaces/as2_visualization) by extensions ['cmake', 'python']
[0.491s] Level 1:colcon.colcon_core.package_identification:_identify(src/aerostack2/as2_user_interfaces/as2_visualization) by extension 'cmake'
[0.491s] Level 1:colcon.colcon_core.package_identification:_identify(src/aerostack2/as2_user_interfaces/as2_visualization) by extension 'python'
[0.491s] Level 1:colcon.colcon_core.package_identification:_identify(src/aerostack2/as2_user_interfaces/as2_visualization) by extensions ['python_setup_py']
[0.491s] Level 1:colcon.colcon_core.package_identification:_identify(src/aerostack2/as2_user_interfaces/as2_visualization) by extension 'python_setup_py'
[0.491s] Level 1:colcon.colcon_core.package_identification:_identify(src/aerostack2/as2_user_interfaces/as2_visualization/as2_rviz_plugins) by extensions ['ignore', 'ignore_ament_install']
[0.491s] Level 1:colcon.colcon_core.package_identification:_identify(src/aerostack2/as2_user_interfaces/as2_visualization/as2_rviz_plugins) by extension 'ignore'
[0.491s] Level 1:colcon.colcon_core.package_identification:_identify(src/aerostack2/as2_user_interfaces/as2_visualization/as2_rviz_plugins) by extension 'ignore_ament_install'
[0.491s] Level 1:colcon.colcon_core.package_identification:_identify(src/aerostack2/as2_user_interfaces/as2_visualization/as2_rviz_plugins) by extensions ['colcon_pkg']
[0.491s] Level 1:colcon.colcon_core.package_identification:_identify(src/aerostack2/as2_user_interfaces/as2_visualization/as2_rviz_plugins) by extension 'colcon_pkg'
[0.491s] Level 1:colcon.colcon_core.package_identification:_identify(src/aerostack2/as2_user_interfaces/as2_visualization/as2_rviz_plugins) by extensions ['colcon_meta']
[0.491s] Level 1:colcon.colcon_core.package_identification:_identify(src/aerostack2/as2_user_interfaces/as2_visualization/as2_rviz_plugins) by extension 'colcon_meta'
[0.491s] Level 1:colcon.colcon_core.package_identification:_identify(src/aerostack2/as2_user_interfaces/as2_visualization/as2_rviz_plugins) by extensions ['ros']
[0.491s] Level 1:colcon.colcon_core.package_identification:_identify(src/aerostack2/as2_user_interfaces/as2_visualization/as2_rviz_plugins) by extension 'ros'
[0.493s] DEBUG:colcon.colcon_core.package_identification:Package 'src/aerostack2/as2_user_interfaces/as2_visualization/as2_rviz_plugins' with type 'ros.ament_cmake' and name 'as2_rviz_plugins'
[0.493s] Level 1:colcon.colcon_core.package_identification:_identify(src/aerostack2/as2_user_interfaces/as2_visualization/as2_visualization) by extensions ['ignore', 'ignore_ament_install']
[0.493s] Level 1:colcon.colcon_core.package_identification:_identify(src/aerostack2/as2_user_interfaces/as2_visualization/as2_visualization) by extension 'ignore'
[0.493s] Level 1:colcon.colcon_core.package_identification:_identify(src/aerostack2/as2_user_interfaces/as2_visualization/as2_visualization) by extension 'ignore_ament_install'
[0.493s] Level 1:colcon.colcon_core.package_identification:_identify(src/aerostack2/as2_user_interfaces/as2_visualization/as2_visualization) by extensions ['colcon_pkg']
[0.493s] Level 1:colcon.colcon_core.package_identification:_identify(src/aerostack2/as2_user_interfaces/as2_visualization/as2_visualization) by extension 'colcon_pkg'
[0.493s] Level 1:colcon.colcon_core.package_identification:_identify(src/aerostack2/as2_user_interfaces/as2_visualization/as2_visualization) by extensions ['colcon_meta']
[0.493s] Level 1:colcon.colcon_core.package_identification:_identify(src/aerostack2/as2_user_interfaces/as2_visualization/as2_visualization) by extension 'colcon_meta'
[0.493s] Level 1:colcon.colcon_core.package_identification:_identify(src/aerostack2/as2_user_interfaces/as2_visualization/as2_visualization) by extensions ['ros']
[0.493s] Level 1:colcon.colcon_core.package_identification:_identify(src/aerostack2/as2_user_interfaces/as2_visualization/as2_visualization) by extension 'ros'
[0.494s] DEBUG:colcon.colcon_core.package_identification:Package 'src/aerostack2/as2_user_interfaces/as2_visualization/as2_visualization' with type 'ros.ament_python' and name 'as2_visualization'
[0.494s] Level 1:colcon.colcon_core.package_identification:_identify(src/aerostack2/as2_utilities) by extensions ['ignore', 'ignore_ament_install']
[0.494s] Level 1:colcon.colcon_core.package_identification:_identify(src/aerostack2/as2_utilities) by extension 'ignore'
[0.494s] Level 1:colcon.colcon_core.package_identification:_identify(src/aerostack2/as2_utilities) by extension 'ignore_ament_install'
[0.494s] Level 1:colcon.colcon_core.package_identification:_identify(src/aerostack2/as2_utilities) by extensions ['colcon_pkg']
[0.494s] Level 1:colcon.colcon_core.package_identification:_identify(src/aerostack2/as2_utilities) by extension 'colcon_pkg'
[0.494s] Level 1:colcon.colcon_core.package_identification:_identify(src/aerostack2/as2_utilities) by extensions ['colcon_meta']
[0.494s] Level 1:colcon.colcon_core.package_identification:_identify(src/aerostack2/as2_utilities) by extension 'colcon_meta'
[0.494s] Level 1:colcon.colcon_core.package_identification:_identify(src/aerostack2/as2_utilities) by extensions ['ros']
[0.494s] Level 1:colcon.colcon_core.package_identification:_identify(src/aerostack2/as2_utilities) by extension 'ros'
[0.494s] Level 1:colcon.colcon_core.package_identification:_identify(src/aerostack2/as2_utilities) by extensions ['cmake', 'python']
[0.494s] Level 1:colcon.colcon_core.package_identification:_identify(src/aerostack2/as2_utilities) by extension 'cmake'
[0.494s] Level 1:colcon.colcon_core.package_identification:_identify(src/aerostack2/as2_utilities) by extension 'python'
[0.494s] Level 1:colcon.colcon_core.package_identification:_identify(src/aerostack2/as2_utilities) by extensions ['python_setup_py']
[0.494s] Level 1:colcon.colcon_core.package_identification:_identify(src/aerostack2/as2_utilities) by extension 'python_setup_py'
[0.495s] Level 1:colcon.colcon_core.package_identification:_identify(src/aerostack2/as2_utilities/as2_external_object_to_tf) by extensions ['ignore', 'ignore_ament_install']
[0.495s] Level 1:colcon.colcon_core.package_identification:_identify(src/aerostack2/as2_utilities/as2_external_object_to_tf) by extension 'ignore'
[0.495s] Level 1:colcon.colcon_core.package_identification:_identify(src/aerostack2/as2_utilities/as2_external_object_to_tf) by extension 'ignore_ament_install'
[0.495s] Level 1:colcon.colcon_core.package_identification:_identify(src/aerostack2/as2_utilities/as2_external_object_to_tf) by extensions ['colcon_pkg']
[0.495s] Level 1:colcon.colcon_core.package_identification:_identify(src/aerostack2/as2_utilities/as2_external_object_to_tf) by extension 'colcon_pkg'
[0.495s] Level 1:colcon.colcon_core.package_identification:_identify(src/aerostack2/as2_utilities/as2_external_object_to_tf) by extensions ['colcon_meta']
[0.495s] Level 1:colcon.colcon_core.package_identification:_identify(src/aerostack2/as2_utilities/as2_external_object_to_tf) by extension 'colcon_meta'
[0.495s] Level 1:colcon.colcon_core.package_identification:_identify(src/aerostack2/as2_utilities/as2_external_object_to_tf) by extensions ['ros']
[0.495s] Level 1:colcon.colcon_core.package_identification:_identify(src/aerostack2/as2_utilities/as2_external_object_to_tf) by extension 'ros'
[0.496s] DEBUG:colcon.colcon_core.package_identification:Package 'src/aerostack2/as2_utilities/as2_external_object_to_tf' with type 'ros.ament_cmake' and name 'as2_external_object_to_tf'
[0.496s] Level 1:colcon.colcon_core.package_identification:_identify(src/aerostack2/as2_utilities/as2_geozones) by extensions ['ignore', 'ignore_ament_install']
[0.496s] Level 1:colcon.colcon_core.package_identification:_identify(src/aerostack2/as2_utilities/as2_geozones) by extension 'ignore'
[0.496s] Level 1:colcon.colcon_core.package_identification:_identify(src/aerostack2/as2_utilities/as2_geozones) by extension 'ignore_ament_install'
[0.496s] Level 1:colcon.colcon_core.package_identification:_identify(src/aerostack2/as2_utilities/as2_geozones) by extensions ['colcon_pkg']
[0.497s] Level 1:colcon.colcon_core.package_identification:_identify(src/aerostack2/as2_utilities/as2_geozones) by extension 'colcon_pkg'
[0.497s] Level 1:colcon.colcon_core.package_identification:_identify(src/aerostack2/as2_utilities/as2_geozones) by extensions ['colcon_meta']
[0.497s] Level 1:colcon.colcon_core.package_identification:_identify(src/aerostack2/as2_utilities/as2_geozones) by extension 'colcon_meta'
[0.497s] Level 1:colcon.colcon_core.package_identification:_identify(src/aerostack2/as2_utilities/as2_geozones) by extensions ['ros']
[0.497s] Level 1:colcon.colcon_core.package_identification:_identify(src/aerostack2/as2_utilities/as2_geozones) by extension 'ros'
[0.498s] DEBUG:colcon.colcon_core.package_identification:Package 'src/aerostack2/as2_utilities/as2_geozones' with type 'ros.ament_cmake' and name 'as2_geozones'
[0.498s] Level 1:colcon.colcon_core.package_identification:_identify(src/aerostack2/build) by extensions ['ignore', 'ignore_ament_install']
[0.498s] Level 1:colcon.colcon_core.package_identification:_identify(src/aerostack2/build) by extension 'ignore'
[0.498s] Level 1:colcon.colcon_core.package_identification:_identify(src/aerostack2/build) ignored
[0.498s] Level 1:colcon.colcon_core.package_identification:_identify(src/aerostack2/docker) by extensions ['ignore', 'ignore_ament_install']
[0.498s] Level 1:colcon.colcon_core.package_identification:_identify(src/aerostack2/docker) by extension 'ignore'
[0.498s] Level 1:colcon.colcon_core.package_identification:_identify(src/aerostack2/docker) by extension 'ignore_ament_install'
[0.498s] Level 1:colcon.colcon_core.package_identification:_identify(src/aerostack2/docker) by extensions ['colcon_pkg']
[0.498s] Level 1:colcon.colcon_core.package_identification:_identify(src/aerostack2/docker) by extension 'colcon_pkg'
[0.498s] Level 1:colcon.colcon_core.package_identification:_identify(src/aerostack2/docker) by extensions ['colcon_meta']
[0.498s] Level 1:colcon.colcon_core.package_identification:_identify(src/aerostack2/docker) by extension 'colcon_meta'
[0.498s] Level 1:colcon.colcon_core.package_identification:_identify(src/aerostack2/docker) by extensions ['ros']
[0.498s] Level 1:colcon.colcon_core.package_identification:_identify(src/aerostack2/docker) by extension 'ros'
[0.499s] Level 1:colcon.colcon_core.package_identification:_identify(src/aerostack2/docker) by extensions ['cmake', 'python']
[0.499s] Level 1:colcon.colcon_core.package_identification:_identify(src/aerostack2/docker) by extension 'cmake'
[0.499s] Level 1:colcon.colcon_core.package_identification:_identify(src/aerostack2/docker) by extension 'python'
[0.499s] Level 1:colcon.colcon_core.package_identification:_identify(src/aerostack2/docker) by extensions ['python_setup_py']
[0.499s] Level 1:colcon.colcon_core.package_identification:_identify(src/aerostack2/docker) by extension 'python_setup_py'
[0.499s] Level 1:colcon.colcon_core.package_identification:_identify(src/aerostack2/docker/galactic) by extensions ['ignore', 'ignore_ament_install']
[0.499s] Level 1:colcon.colcon_core.package_identification:_identify(src/aerostack2/docker/galactic) by extension 'ignore'
[0.499s] Level 1:colcon.colcon_core.package_identification:_identify(src/aerostack2/docker/galactic) by extension 'ignore_ament_install'
[0.499s] Level 1:colcon.colcon_core.package_identification:_identify(src/aerostack2/docker/galactic) by extensions ['colcon_pkg']
[0.499s] Level 1:colcon.colcon_core.package_identification:_identify(src/aerostack2/docker/galactic) by extension 'colcon_pkg'
[0.499s] Level 1:colcon.colcon_core.package_identification:_identify(src/aerostack2/docker/galactic) by extensions ['colcon_meta']
[0.499s] Level 1:colcon.colcon_core.package_identification:_identify(src/aerostack2/docker/galactic) by extension 'colcon_meta'
[0.499s] Level 1:colcon.colcon_core.package_identification:_identify(src/aerostack2/docker/galactic) by extensions ['ros']
[0.499s] Level 1:colcon.colcon_core.package_identification:_identify(src/aerostack2/docker/galactic) by extension 'ros'
[0.499s] Level 1:colcon.colcon_core.package_identification:_identify(src/aerostack2/docker/galactic) by extensions ['cmake', 'python']
[0.499s] Level 1:colcon.colcon_core.package_identification:_identify(src/aerostack2/docker/galactic) by extension 'cmake'
[0.499s] Level 1:colcon.colcon_core.package_identification:_identify(src/aerostack2/docker/galactic) by extension 'python'
[0.499s] Level 1:colcon.colcon_core.package_identification:_identify(src/aerostack2/docker/galactic) by extensions ['python_setup_py']
[0.499s] Level 1:colcon.colcon_core.package_identification:_identify(src/aerostack2/docker/galactic) by extension 'python_setup_py'
[0.499s] Level 1:colcon.colcon_core.package_identification:_identify(src/aerostack2/docker/humble) by extensions ['ignore', 'ignore_ament_install']
[0.499s] Level 1:colcon.colcon_core.package_identification:_identify(src/aerostack2/docker/humble) by extension 'ignore'
[0.499s] Level 1:colcon.colcon_core.package_identification:_identify(src/aerostack2/docker/humble) by extension 'ignore_ament_install'
[0.500s] Level 1:colcon.colcon_core.package_identification:_identify(src/aerostack2/docker/humble) by extensions ['colcon_pkg']
[0.500s] Level 1:colcon.colcon_core.package_identification:_identify(src/aerostack2/docker/humble) by extension 'colcon_pkg'
[0.500s] Level 1:colcon.colcon_core.package_identification:_identify(src/aerostack2/docker/humble) by extensions ['colcon_meta']
[0.500s] Level 1:colcon.colcon_core.package_identification:_identify(src/aerostack2/docker/humble) by extension 'colcon_meta'
[0.500s] Level 1:colcon.colcon_core.package_identification:_identify(src/aerostack2/docker/humble) by extensions ['ros']
[0.500s] Level 1:colcon.colcon_core.package_identification:_identify(src/aerostack2/docker/humble) by extension 'ros'
[0.500s] Level 1:colcon.colcon_core.package_identification:_identify(src/aerostack2/docker/humble) by extensions ['cmake', 'python']
[0.500s] Level 1:colcon.colcon_core.package_identification:_identify(src/aerostack2/docker/humble) by extension 'cmake'
[0.500s] Level 1:colcon.colcon_core.package_identification:_identify(src/aerostack2/docker/humble) by extension 'python'
[0.500s] Level 1:colcon.colcon_core.package_identification:_identify(src/aerostack2/docker/humble) by extensions ['python_setup_py']
[0.500s] Level 1:colcon.colcon_core.package_identification:_identify(src/aerostack2/docker/humble) by extension 'python_setup_py'
[0.500s] Level 1:colcon.colcon_core.package_identification:_identify(src/aerostack2/docker/humble_gzharmonic) by extensions ['ignore', 'ignore_ament_install']
[0.500s] Level 1:colcon.colcon_core.package_identification:_identify(src/aerostack2/docker/humble_gzharmonic) by extension 'ignore'
[0.500s] Level 1:colcon.colcon_core.package_identification:_identify(src/aerostack2/docker/humble_gzharmonic) by extension 'ignore_ament_install'
[0.500s] Level 1:colcon.colcon_core.package_identification:_identify(src/aerostack2/docker/humble_gzharmonic) by extensions ['colcon_pkg']
[0.500s] Level 1:colcon.colcon_core.package_identification:_identify(src/aerostack2/docker/humble_gzharmonic) by extension 'colcon_pkg'
[0.500s] Level 1:colcon.colcon_core.package_identification:_identify(src/aerostack2/docker/humble_gzharmonic) by extensions ['colcon_meta']
[0.500s] Level 1:colcon.colcon_core.package_identification:_identify(src/aerostack2/docker/humble_gzharmonic) by extension 'colcon_meta'
[0.500s] Level 1:colcon.colcon_core.package_identification:_identify(src/aerostack2/docker/humble_gzharmonic) by extensions ['ros']
[0.500s] Level 1:colcon.colcon_core.package_identification:_identify(src/aerostack2/docker/humble_gzharmonic) by extension 'ros'
[0.500s] Level 1:colcon.colcon_core.package_identification:_identify(src/aerostack2/docker/humble_gzharmonic) by extensions ['cmake', 'python']
[0.500s] Level 1:colcon.colcon_core.package_identification:_identify(src/aerostack2/docker/humble_gzharmonic) by extension 'cmake'
[0.500s] Level 1:colcon.colcon_core.package_identification:_identify(src/aerostack2/docker/humble_gzharmonic) by extension 'python'
[0.501s] Level 1:colcon.colcon_core.package_identification:_identify(src/aerostack2/docker/humble_gzharmonic) by extensions ['python_setup_py']
[0.501s] Level 1:colcon.colcon_core.package_identification:_identify(src/aerostack2/docker/humble_gzharmonic) by extension 'python_setup_py'
[0.501s] Level 1:colcon.colcon_core.package_identification:_identify(src/aerostack2/docker/humble_vnc) by extensions ['ignore', 'ignore_ament_install']
[0.501s] Level 1:colcon.colcon_core.package_identification:_identify(src/aerostack2/docker/humble_vnc) by extension 'ignore'
[0.501s] Level 1:colcon.colcon_core.package_identification:_identify(src/aerostack2/docker/humble_vnc) by extension 'ignore_ament_install'
[0.501s] Level 1:colcon.colcon_core.package_identification:_identify(src/aerostack2/docker/humble_vnc) by extensions ['colcon_pkg']
[0.501s] Level 1:colcon.colcon_core.package_identification:_identify(src/aerostack2/docker/humble_vnc) by extension 'colcon_pkg'
[0.501s] Level 1:colcon.colcon_core.package_identification:_identify(src/aerostack2/docker/humble_vnc) by extensions ['colcon_meta']
[0.501s] Level 1:colcon.colcon_core.package_identification:_identify(src/aerostack2/docker/humble_vnc) by extension 'colcon_meta'
[0.501s] Level 1:colcon.colcon_core.package_identification:_identify(src/aerostack2/docker/humble_vnc) by extensions ['ros']
[0.501s] Level 1:colcon.colcon_core.package_identification:_identify(src/aerostack2/docker/humble_vnc) by extension 'ros'
[0.501s] Level 1:colcon.colcon_core.package_identification:_identify(src/aerostack2/docker/humble_vnc) by extensions ['cmake', 'python']
[0.501s] Level 1:colcon.colcon_core.package_identification:_identify(src/aerostack2/docker/humble_vnc) by extension 'cmake'
[0.501s] Level 1:colcon.colcon_core.package_identification:_identify(src/aerostack2/docker/humble_vnc) by extension 'python'
[0.501s] Level 1:colcon.colcon_core.package_identification:_identify(src/aerostack2/docker/humble_vnc) by extensions ['python_setup_py']
[0.501s] Level 1:colcon.colcon_core.package_identification:_identify(src/aerostack2/docker/humble_vnc) by extension 'python_setup_py'
[0.501s] Level 1:colcon.colcon_core.package_identification:_identify(src/aerostack2/install) by extensions ['ignore', 'ignore_ament_install']
[0.501s] Level 1:colcon.colcon_core.package_identification:_identify(src/aerostack2/install) by extension 'ignore'
[0.502s] Level 1:colcon.colcon_core.package_identification:_identify(src/aerostack2/install) ignored
[0.502s] Level 1:colcon.colcon_core.package_identification:_identify(src/aerostack2/log) by extensions ['ignore', 'ignore_ament_install']
[0.502s] Level 1:colcon.colcon_core.package_identification:_identify(src/aerostack2/log) by extension 'ignore'
[0.502s] Level 1:colcon.colcon_core.package_identification:_identify(src/aerostack2/log) ignored
[0.502s] Level 1:colcon.colcon_core.package_identification:_identify(src/aerostack2/rosbags) by extensions ['ignore', 'ignore_ament_install']
[0.502s] Level 1:colcon.colcon_core.package_identification:_identify(src/aerostack2/rosbags) by extension 'ignore'
[0.502s] Level 1:colcon.colcon_core.package_identification:_identify(src/aerostack2/rosbags) by extension 'ignore_ament_install'
[0.502s] Level 1:colcon.colcon_core.package_identification:_identify(src/aerostack2/rosbags) by extensions ['colcon_pkg']
[0.502s] Level 1:colcon.colcon_core.package_identification:_identify(src/aerostack2/rosbags) by extension 'colcon_pkg'
[0.502s] Level 1:colcon.colcon_core.package_identification:_identify(src/aerostack2/rosbags) by extensions ['colcon_meta']
[0.502s] Level 1:colcon.colcon_core.package_identification:_identify(src/aerostack2/rosbags) by extension 'colcon_meta'
[0.502s] Level 1:colcon.colcon_core.package_identification:_identify(src/aerostack2/rosbags) by extensions ['ros']
[0.502s] Level 1:colcon.colcon_core.package_identification:_identify(src/aerostack2/rosbags) by extension 'ros'
[0.502s] Level 1:colcon.colcon_core.package_identification:_identify(src/aerostack2/rosbags) by extensions ['cmake', 'python']
[0.502s] Level 1:colcon.colcon_core.package_identification:_identify(src/aerostack2/rosbags) by extension 'cmake'
[0.502s] Level 1:colcon.colcon_core.package_identification:_identify(src/aerostack2/rosbags) by extension 'python'
[0.502s] Level 1:colcon.colcon_core.package_identification:_identify(src/aerostack2/rosbags) by extensions ['python_setup_py']
[0.502s] Level 1:colcon.colcon_core.package_identification:_identify(src/aerostack2/rosbags) by extension 'python_setup_py'
[0.503s] Level 1:colcon.colcon_core.package_identification:_identify(src/aerostack2/rosbags/ci_eval) by extensions ['ignore', 'ignore_ament_install']
[0.503s] Level 1:colcon.colcon_core.package_identification:_identify(src/aerostack2/rosbags/ci_eval) by extension 'ignore'
[0.503s] Level 1:colcon.colcon_core.package_identification:_identify(src/aerostack2/rosbags/ci_eval) by extension 'ignore_ament_install'
[0.503s] Level 1:colcon.colcon_core.package_identification:_identify(src/aerostack2/rosbags/ci_eval) by extensions ['colcon_pkg']
[0.503s] Level 1:colcon.colcon_core.package_identification:_identify(src/aerostack2/rosbags/ci_eval) by extension 'colcon_pkg'
[0.503s] Level 1:colcon.colcon_core.package_identification:_identify(src/aerostack2/rosbags/ci_eval) by extensions ['colcon_meta']
[0.503s] Level 1:colcon.colcon_core.package_identification:_identify(src/aerostack2/rosbags/ci_eval) by extension 'colcon_meta'
[0.503s] Level 1:colcon.colcon_core.package_identification:_identify(src/aerostack2/rosbags/ci_eval) by extensions ['ros']
[0.503s] Level 1:colcon.colcon_core.package_identification:_identify(src/aerostack2/rosbags/ci_eval) by extension 'ros'
[0.503s] Level 1:colcon.colcon_core.package_identification:_identify(src/aerostack2/rosbags/ci_eval) by extensions ['cmake', 'python']
[0.503s] Level 1:colcon.colcon_core.package_identification:_identify(src/aerostack2/rosbags/ci_eval) by extension 'cmake'
[0.503s] Level 1:colcon.colcon_core.package_identification:_identify(src/aerostack2/rosbags/ci_eval) by extension 'python'
[0.503s] Level 1:colcon.colcon_core.package_identification:_identify(src/aerostack2/rosbags/ci_eval) by extensions ['python_setup_py']
[0.503s] Level 1:colcon.colcon_core.package_identification:_identify(src/aerostack2/rosbags/ci_eval) by extension 'python_setup_py'
[0.503s] Level 1:colcon.colcon_core.package_discovery:discover_packages(recursive) using defaults
[0.503s] Level 1:colcon.colcon_core.package_discovery:discover_packages(ignore) discover
[0.504s] Level 1:colcon.colcon_core.package_discovery:discover_packages(ignore) using defaults
[0.504s] Level 1:colcon.colcon_core.package_discovery:discover_packages(path) discover
[0.504s] Level 1:colcon.colcon_core.package_discovery:discover_packages(path) using defaults
[0.531s] INFO:colcon.colcon_metadata.metadata.colcon_pkg:Updating descriptor of package 'src/aerostack2/as2_python_api' from colcon.pkg: {'hooks': ['share/as2_python_api/hooks/resource_paths.sh']}
[0.547s] Level 5:colcon.colcon_core.verb:set package 'as2_cli' build argument 'cmake_args' from command line to 'None'
[0.547s] Level 5:colcon.colcon_core.verb:set package 'as2_cli' build argument 'cmake_target' from command line to 'None'
[0.547s] Level 5:colcon.colcon_core.verb:set package 'as2_cli' build argument 'cmake_target_skip_unavailable' from command line to 'False'
[0.547s] Level 5:colcon.colcon_core.verb:set package 'as2_cli' build argument 'cmake_clean_cache' from command line to 'False'
[0.547s] Level 5:colcon.colcon_core.verb:set package 'as2_cli' build argument 'cmake_clean_first' from command line to 'False'
[0.547s] Level 5:colcon.colcon_core.verb:set package 'as2_cli' build argument 'cmake_force_configure' from command line to 'False'
[0.547s] Level 5:colcon.colcon_core.verb:set package 'as2_cli' build argument 'ament_cmake_args' from command line to 'None'
[0.547s] Level 5:colcon.colcon_core.verb:set package 'as2_cli' build argument 'catkin_cmake_args' from command line to 'None'
[0.547s] Level 5:colcon.colcon_core.verb:set package 'as2_cli' build argument 'catkin_skip_building_tests' from command line to 'False'
[0.547s] DEBUG:colcon.colcon_core.verb:Building package 'as2_cli' with the following arguments: {'ament_cmake_args': None, 'build_base': '/root/aerostack2_ws/build/as2_cli', 'catkin_cmake_args': None, 'catkin_skip_building_tests': False, 'cmake_args': None, 'cmake_clean_cache': False, 'cmake_clean_first': False, 'cmake_force_configure': False, 'cmake_target': None, 'cmake_target_skip_unavailable': False, 'install_base': '/root/aerostack2_ws/install/as2_cli', 'merge_install': False, 'path': '/root/aerostack2_ws/src/aerostack2/as2_cli', 'symlink_install': False, 'test_result_base': None}
[0.547s] Level 5:colcon.colcon_core.verb:set package 'as2_groundray_perception' build argument 'cmake_args' from command line to 'None'
[0.547s] Level 5:colcon.colcon_core.verb:set package 'as2_groundray_perception' build argument 'cmake_target' from command line to 'None'
[0.547s] Level 5:colcon.colcon_core.verb:set package 'as2_groundray_perception' build argument 'cmake_target_skip_unavailable' from command line to 'False'
[0.547s] Level 5:colcon.colcon_core.verb:set package 'as2_groundray_perception' build argument 'cmake_clean_cache' from command line to 'False'
[0.547s] Level 5:colcon.colcon_core.verb:set package 'as2_groundray_perception' build argument 'cmake_clean_first' from command line to 'False'
[0.547s] Level 5:colcon.colcon_core.verb:set package 'as2_groundray_perception' build argument 'cmake_force_configure' from command line to 'False'
[0.547s] Level 5:colcon.colcon_core.verb:set package 'as2_groundray_perception' build argument 'ament_cmake_args' from command line to 'None'
[0.547s] Level 5:colcon.colcon_core.verb:set package 'as2_groundray_perception' build argument 'catkin_cmake_args' from command line to 'None'
[0.547s] Level 5:colcon.colcon_core.verb:set package 'as2_groundray_perception' build argument 'catkin_skip_building_tests' from command line to 'False'
[0.547s] DEBUG:colcon.colcon_core.verb:Building package 'as2_groundray_perception' with the following arguments: {'ament_cmake_args': None, 'build_base': '/root/aerostack2_ws/build/as2_groundray_perception', 'catkin_cmake_args': None, 'catkin_skip_building_tests': False, 'cmake_args': None, 'cmake_clean_cache': False, 'cmake_clean_first': False, 'cmake_force_configure': False, 'cmake_target': None, 'cmake_target_skip_unavailable': False, 'install_base': '/root/aerostack2_ws/install/as2_groundray_perception', 'merge_install': False, 'path': '/root/aerostack2_ws/src/aerostack2/as2_groundray_perception', 'symlink_install': False, 'test_result_base': None}
[0.548s] Level 5:colcon.colcon_core.verb:set package 'as2_msgs' build argument 'cmake_args' from command line to 'None'
[0.548s] Level 5:colcon.colcon_core.verb:set package 'as2_msgs' build argument 'cmake_target' from command line to 'None'
[0.548s] Level 5:colcon.colcon_core.verb:set package 'as2_msgs' build argument 'cmake_target_skip_unavailable' from command line to 'False'
[0.548s] Level 5:colcon.colcon_core.verb:set package 'as2_msgs' build argument 'cmake_clean_cache' from command line to 'False'
[0.548s] Level 5:colcon.colcon_core.verb:set package 'as2_msgs' build argument 'cmake_clean_first' from command line to 'False'
[0.548s] Level 5:colcon.colcon_core.verb:set package 'as2_msgs' build argument 'cmake_force_configure' from command line to 'False'
[0.548s] Level 5:colcon.colcon_core.verb:set package 'as2_msgs' build argument 'ament_cmake_args' from command line to 'None'
[0.548s] Level 5:colcon.colcon_core.verb:set package 'as2_msgs' build argument 'catkin_cmake_args' from command line to 'None'
[0.548s] Level 5:colcon.colcon_core.verb:set package 'as2_msgs' build argument 'catkin_skip_building_tests' from command line to 'False'
[0.548s] DEBUG:colcon.colcon_core.verb:Building package 'as2_msgs' with the following arguments: {'ament_cmake_args': None, 'build_base': '/root/aerostack2_ws/build/as2_msgs', 'catkin_cmake_args': None, 'catkin_skip_building_tests': False, 'cmake_args': None, 'cmake_clean_cache': False, 'cmake_clean_first': False, 'cmake_force_configure': False, 'cmake_target': None, 'cmake_target_skip_unavailable': False, 'install_base': '/root/aerostack2_ws/install/as2_msgs', 'merge_install': False, 'path': '/root/aerostack2_ws/src/aerostack2/as2_msgs', 'symlink_install': False, 'test_result_base': None}
[0.548s] Level 5:colcon.colcon_core.verb:set package 'as2_perception' build argument 'cmake_args' from command line to 'None'
[0.548s] Level 5:colcon.colcon_core.verb:set package 'as2_perception' build argument 'cmake_target' from command line to 'None'
[0.548s] Level 5:colcon.colcon_core.verb:set package 'as2_perception' build argument 'cmake_target_skip_unavailable' from command line to 'False'
[0.548s] Level 5:colcon.colcon_core.verb:set package 'as2_perception' build argument 'cmake_clean_cache' from command line to 'False'
[0.548s] Level 5:colcon.colcon_core.verb:set package 'as2_perception' build argument 'cmake_clean_first' from command line to 'False'
[0.548s] Level 5:colcon.colcon_core.verb:set package 'as2_perception' build argument 'cmake_force_configure' from command line to 'False'
[0.548s] Level 5:colcon.colcon_core.verb:set package 'as2_perception' build argument 'ament_cmake_args' from command line to 'None'
[0.548s] Level 5:colcon.colcon_core.verb:set package 'as2_perception' build argument 'catkin_cmake_args' from command line to 'None'
[0.548s] Level 5:colcon.colcon_core.verb:set package 'as2_perception' build argument 'catkin_skip_building_tests' from command line to 'False'
[0.549s] DEBUG:colcon.colcon_core.verb:Building package 'as2_perception' with the following arguments: {'ament_cmake_args': None, 'build_base': '/root/aerostack2_ws/build/as2_perception', 'catkin_cmake_args': None, 'catkin_skip_building_tests': False, 'cmake_args': None, 'cmake_clean_cache': False, 'cmake_clean_first': False, 'cmake_force_configure': False, 'cmake_target': None, 'cmake_target_skip_unavailable': False, 'install_base': '/root/aerostack2_ws/install/as2_perception', 'merge_install': False, 'path': '/root/aerostack2_ws/src/aerostack2/as2_perception', 'symlink_install': False, 'test_result_base': None}
[0.549s] Level 5:colcon.colcon_core.verb:set package 'as2_project_bringup' build argument 'cmake_args' from command line to 'None'
[0.549s] Level 5:colcon.colcon_core.verb:set package 'as2_project_bringup' build argument 'cmake_target' from command line to 'None'
[0.549s] Level 5:colcon.colcon_core.verb:set package 'as2_project_bringup' build argument 'cmake_target_skip_unavailable' from command line to 'False'
[0.549s] Level 5:colcon.colcon_core.verb:set package 'as2_project_bringup' build argument 'cmake_clean_cache' from command line to 'False'
[0.549s] Level 5:colcon.colcon_core.verb:set package 'as2_project_bringup' build argument 'cmake_clean_first' from command line to 'False'
[0.549s] Level 5:colcon.colcon_core.verb:set package 'as2_project_bringup' build argument 'cmake_force_configure' from command line to 'False'
[0.549s] Level 5:colcon.colcon_core.verb:set package 'as2_project_bringup' build argument 'ament_cmake_args' from command line to 'None'
[0.549s] Level 5:colcon.colcon_core.verb:set package 'as2_project_bringup' build argument 'catkin_cmake_args' from command line to 'None'
[0.549s] Level 5:colcon.colcon_core.verb:set package 'as2_project_bringup' build argument 'catkin_skip_building_tests' from command line to 'False'
[0.549s] DEBUG:colcon.colcon_core.verb:Building package 'as2_project_bringup' with the following arguments: {'ament_cmake_args': None, 'build_base': '/root/aerostack2_ws/build/as2_project_bringup', 'catkin_cmake_args': None, 'catkin_skip_building_tests': False, 'cmake_args': None, 'cmake_clean_cache': False, 'cmake_clean_first': False, 'cmake_force_configure': False, 'cmake_target': None, 'cmake_target_skip_unavailable': False, 'install_base': '/root/aerostack2_ws/install/as2_project_bringup', 'merge_install': False, 'path': '/root/aerostack2_ws/src/aerostack2/as2_project_bringup', 'symlink_install': False, 'test_result_base': None}
[0.549s] Level 5:colcon.colcon_core.verb:set package 'as2_swarm_ekf' build argument 'cmake_args' from command line to 'None'
[0.549s] Level 5:colcon.colcon_core.verb:set package 'as2_swarm_ekf' build argument 'cmake_target' from command line to 'None'
[0.549s] Level 5:colcon.colcon_core.verb:set package 'as2_swarm_ekf' build argument 'cmake_target_skip_unavailable' from command line to 'False'
[0.549s] Level 5:colcon.colcon_core.verb:set package 'as2_swarm_ekf' build argument 'cmake_clean_cache' from command line to 'False'
[0.549s] Level 5:colcon.colcon_core.verb:set package 'as2_swarm_ekf' build argument 'cmake_clean_first' from command line to 'False'
[0.549s] Level 5:colcon.colcon_core.verb:set package 'as2_swarm_ekf' build argument 'cmake_force_configure' from command line to 'False'
[0.549s] Level 5:colcon.colcon_core.verb:set package 'as2_swarm_ekf' build argument 'ament_cmake_args' from command line to 'None'
[0.549s] Level 5:colcon.colcon_core.verb:set package 'as2_swarm_ekf' build argument 'catkin_cmake_args' from command line to 'None'
[0.550s] Level 5:colcon.colcon_core.verb:set package 'as2_swarm_ekf' build argument 'catkin_skip_building_tests' from command line to 'False'
[0.550s] DEBUG:colcon.colcon_core.verb:Building package 'as2_swarm_ekf' with the following arguments: {'ament_cmake_args': None, 'build_base': '/root/aerostack2_ws/build/as2_swarm_ekf', 'catkin_cmake_args': None, 'catkin_skip_building_tests': False, 'cmake_args': None, 'cmake_clean_cache': False, 'cmake_clean_first': False, 'cmake_force_configure': False, 'cmake_target': None, 'cmake_target_skip_unavailable': False, 'install_base': '/root/aerostack2_ws/install/as2_swarm_ekf', 'merge_install': False, 'path': '/root/aerostack2_ws/src/aerostack2/as2_swarm_ekf', 'symlink_install': False, 'test_result_base': None}
[0.550s] Level 5:colcon.colcon_core.verb:set package 'as2_swarm_fusion_ci' build argument 'cmake_args' from command line to 'None'
[0.550s] Level 5:colcon.colcon_core.verb:set package 'as2_swarm_fusion_ci' build argument 'cmake_target' from command line to 'None'
[0.550s] Level 5:colcon.colcon_core.verb:set package 'as2_swarm_fusion_ci' build argument 'cmake_target_skip_unavailable' from command line to 'False'
[0.550s] Level 5:colcon.colcon_core.verb:set package 'as2_swarm_fusion_ci' build argument 'cmake_clean_cache' from command line to 'False'
[0.550s] Level 5:colcon.colcon_core.verb:set package 'as2_swarm_fusion_ci' build argument 'cmake_clean_first' from command line to 'False'
[0.550s] Level 5:colcon.colcon_core.verb:set package 'as2_swarm_fusion_ci' build argument 'cmake_force_configure' from command line to 'False'
[0.550s] Level 5:colcon.colcon_core.verb:set package 'as2_swarm_fusion_ci' build argument 'ament_cmake_args' from command line to 'None'
[0.550s] Level 5:colcon.colcon_core.verb:set package 'as2_swarm_fusion_ci' build argument 'catkin_cmake_args' from command line to 'None'
[0.550s] Level 5:colcon.colcon_core.verb:set package 'as2_swarm_fusion_ci' build argument 'catkin_skip_building_tests' from command line to 'False'
[0.550s] DEBUG:colcon.colcon_core.verb:Building package 'as2_swarm_fusion_ci' with the following arguments: {'ament_cmake_args': None, 'build_base': '/root/aerostack2_ws/build/as2_swarm_fusion_ci', 'catkin_cmake_args': None, 'catkin_skip_building_tests': False, 'cmake_args': None, 'cmake_clean_cache': False, 'cmake_clean_first': False, 'cmake_force_configure': False, 'cmake_target': None, 'cmake_target_skip_unavailable': False, 'install_base': '/root/aerostack2_ws/install/as2_swarm_fusion_ci', 'merge_install': False, 'path': '/root/aerostack2_ws/src/aerostack2/as2_swarm_fusion_ci', 'symlink_install': False, 'test_result_base': None}
[0.550s] Level 5:colcon.colcon_core.verb:set package 'as2_swarm_perception' build argument 'cmake_args' from command line to 'None'
[0.550s] Level 5:colcon.colcon_core.verb:set package 'as2_swarm_perception' build argument 'cmake_target' from command line to 'None'
[0.550s] Level 5:colcon.colcon_core.verb:set package 'as2_swarm_perception' build argument 'cmake_target_skip_unavailable' from command line to 'False'
[0.550s] Level 5:colcon.colcon_core.verb:set package 'as2_swarm_perception' build argument 'cmake_clean_cache' from command line to 'False'
[0.550s] Level 5:colcon.colcon_core.verb:set package 'as2_swarm_perception' build argument 'cmake_clean_first' from command line to 'False'
[0.550s] Level 5:colcon.colcon_core.verb:set package 'as2_swarm_perception' build argument 'cmake_force_configure' from command line to 'False'
[0.550s] Level 5:colcon.colcon_core.verb:set package 'as2_swarm_perception' build argument 'ament_cmake_args' from command line to 'None'
[0.551s] Level 5:colcon.colcon_core.verb:set package 'as2_swarm_perception' build argument 'catkin_cmake_args' from command line to 'None'
[0.551s] Level 5:colcon.colcon_core.verb:set package 'as2_swarm_perception' build argument 'catkin_skip_building_tests' from command line to 'False'
[0.551s] DEBUG:colcon.colcon_core.verb:Building package 'as2_swarm_perception' with the following arguments: {'ament_cmake_args': None, 'build_base': '/root/aerostack2_ws/build/as2_swarm_perception', 'catkin_cmake_args': None, 'catkin_skip_building_tests': False, 'cmake_args': None, 'cmake_clean_cache': False, 'cmake_clean_first': False, 'cmake_force_configure': False, 'cmake_target': None, 'cmake_target_skip_unavailable': False, 'install_base': '/root/aerostack2_ws/install/as2_swarm_perception', 'merge_install': False, 'path': '/root/aerostack2_ws/src/aerostack2/as2_swarm_perception', 'symlink_install': False, 'test_result_base': None}
[0.551s] Level 5:colcon.colcon_core.verb:set package 'as2_core' build argument 'cmake_args' from command line to 'None'
[0.551s] Level 5:colcon.colcon_core.verb:set package 'as2_core' build argument 'cmake_target' from command line to 'None'
[0.551s] Level 5:colcon.colcon_core.verb:set package 'as2_core' build argument 'cmake_target_skip_unavailable' from command line to 'False'
[0.551s] Level 5:colcon.colcon_core.verb:set package 'as2_core' build argument 'cmake_clean_cache' from command line to 'False'
[0.551s] Level 5:colcon.colcon_core.verb:set package 'as2_core' build argument 'cmake_clean_first' from command line to 'False'
[0.551s] Level 5:colcon.colcon_core.verb:set package 'as2_core' build argument 'cmake_force_configure' from command line to 'False'
[0.551s] Level 5:colcon.colcon_core.verb:set package 'as2_core' build argument 'ament_cmake_args' from command line to 'None'
[0.551s] Level 5:colcon.colcon_core.verb:set package 'as2_core' build argument 'catkin_cmake_args' from command line to 'None'
[0.551s] Level 5:colcon.colcon_core.verb:set package 'as2_core' build argument 'catkin_skip_building_tests' from command line to 'False'
[0.551s] DEBUG:colcon.colcon_core.verb:Building package 'as2_core' with the following arguments: {'ament_cmake_args': None, 'build_base': '/root/aerostack2_ws/build/as2_core', 'catkin_cmake_args': None, 'catkin_skip_building_tests': False, 'cmake_args': None, 'cmake_clean_cache': False, 'cmake_clean_first': False, 'cmake_force_configure': False, 'cmake_target': None, 'cmake_target_skip_unavailable': False, 'install_base': '/root/aerostack2_ws/install/as2_core', 'merge_install': False, 'path': '/root/aerostack2_ws/src/aerostack2/as2_core', 'symlink_install': False, 'test_result_base': None}
[0.551s] Level 5:colcon.colcon_core.verb:set package 'as2_alphanumeric_viewer' build argument 'cmake_args' from command line to 'None'
[0.551s] Level 5:colcon.colcon_core.verb:set package 'as2_alphanumeric_viewer' build argument 'cmake_target' from command line to 'None'
[0.551s] Level 5:colcon.colcon_core.verb:set package 'as2_alphanumeric_viewer' build argument 'cmake_target_skip_unavailable' from command line to 'False'
[0.551s] Level 5:colcon.colcon_core.verb:set package 'as2_alphanumeric_viewer' build argument 'cmake_clean_cache' from command line to 'False'
[0.551s] Level 5:colcon.colcon_core.verb:set package 'as2_alphanumeric_viewer' build argument 'cmake_clean_first' from command line to 'False'
[0.551s] Level 5:colcon.colcon_core.verb:set package 'as2_alphanumeric_viewer' build argument 'cmake_force_configure' from command line to 'False'
[0.551s] Level 5:colcon.colcon_core.verb:set package 'as2_alphanumeric_viewer' build argument 'ament_cmake_args' from command line to 'None'
[0.552s] Level 5:colcon.colcon_core.verb:set package 'as2_alphanumeric_viewer' build argument 'catkin_cmake_args' from command line to 'None'
[0.552s] Level 5:colcon.colcon_core.verb:set package 'as2_alphanumeric_viewer' build argument 'catkin_skip_building_tests' from command line to 'False'
[0.552s] DEBUG:colcon.colcon_core.verb:Building package 'as2_alphanumeric_viewer' with the following arguments: {'ament_cmake_args': None, 'build_base': '/root/aerostack2_ws/build/as2_alphanumeric_viewer', 'catkin_cmake_args': None, 'catkin_skip_building_tests': False, 'cmake_args': None, 'cmake_clean_cache': False, 'cmake_clean_first': False, 'cmake_force_configure': False, 'cmake_target': None, 'cmake_target_skip_unavailable': False, 'install_base': '/root/aerostack2_ws/install/as2_alphanumeric_viewer', 'merge_install': False, 'path': '/root/aerostack2_ws/src/aerostack2/as2_user_interfaces/as2_alphanumeric_viewer', 'symlink_install': False, 'test_result_base': None}
[0.552s] Level 5:colcon.colcon_core.verb:set package 'as2_behavior' build argument 'cmake_args' from command line to 'None'
[0.552s] Level 5:colcon.colcon_core.verb:set package 'as2_behavior' build argument 'cmake_target' from command line to 'None'
[0.552s] Level 5:colcon.colcon_core.verb:set package 'as2_behavior' build argument 'cmake_target_skip_unavailable' from command line to 'False'
[0.552s] Level 5:colcon.colcon_core.verb:set package 'as2_behavior' build argument 'cmake_clean_cache' from command line to 'False'
[0.552s] Level 5:colcon.colcon_core.verb:set package 'as2_behavior' build argument 'cmake_clean_first' from command line to 'False'
[0.552s] Level 5:colcon.colcon_core.verb:set package 'as2_behavior' build argument 'cmake_force_configure' from command line to 'False'
[0.552s] Level 5:colcon.colcon_core.verb:set package 'as2_behavior' build argument 'ament_cmake_args' from command line to 'None'
[0.552s] Level 5:colcon.colcon_core.verb:set package 'as2_behavior' build argument 'catkin_cmake_args' from command line to 'None'
[0.552s] Level 5:colcon.colcon_core.verb:set package 'as2_behavior' build argument 'catkin_skip_building_tests' from command line to 'False'
[0.552s] DEBUG:colcon.colcon_core.verb:Building package 'as2_behavior' with the following arguments: {'ament_cmake_args': None, 'build_base': '/root/aerostack2_ws/build/as2_behavior', 'catkin_cmake_args': None, 'catkin_skip_building_tests': False, 'cmake_args': None, 'cmake_clean_cache': False, 'cmake_clean_first': False, 'cmake_force_configure': False, 'cmake_target': None, 'cmake_target_skip_unavailable': False, 'install_base': '/root/aerostack2_ws/install/as2_behavior', 'merge_install': False, 'path': '/root/aerostack2_ws/src/aerostack2/as2_behaviors/as2_behavior', 'symlink_install': False, 'test_result_base': None}
[0.552s] Level 5:colcon.colcon_core.verb:set package 'as2_behavior_tree' build argument 'cmake_args' from command line to 'None'
[0.552s] Level 5:colcon.colcon_core.verb:set package 'as2_behavior_tree' build argument 'cmake_target' from command line to 'None'
[0.552s] Level 5:colcon.colcon_core.verb:set package 'as2_behavior_tree' build argument 'cmake_target_skip_unavailable' from command line to 'False'
[0.552s] Level 5:colcon.colcon_core.verb:set package 'as2_behavior_tree' build argument 'cmake_clean_cache' from command line to 'False'
[0.552s] Level 5:colcon.colcon_core.verb:set package 'as2_behavior_tree' build argument 'cmake_clean_first' from command line to 'False'
[0.552s] Level 5:colcon.colcon_core.verb:set package 'as2_behavior_tree' build argument 'cmake_force_configure' from command line to 'False'
[0.552s] Level 5:colcon.colcon_core.verb:set package 'as2_behavior_tree' build argument 'ament_cmake_args' from command line to 'None'
[0.552s] Level 5:colcon.colcon_core.verb:set package 'as2_behavior_tree' build argument 'catkin_cmake_args' from command line to 'None'
[0.553s] Level 5:colcon.colcon_core.verb:set package 'as2_behavior_tree' build argument 'catkin_skip_building_tests' from command line to 'False'
[0.553s] DEBUG:colcon.colcon_core.verb:Building package 'as2_behavior_tree' with the following arguments: {'ament_cmake_args': None, 'build_base': '/root/aerostack2_ws/build/as2_behavior_tree', 'catkin_cmake_args': None, 'catkin_skip_building_tests': False, 'cmake_args': None, 'cmake_clean_cache': False, 'cmake_clean_first': False, 'cmake_force_configure': False, 'cmake_target': None, 'cmake_target_skip_unavailable': False, 'install_base': '/root/aerostack2_ws/install/as2_behavior_tree', 'merge_install': False, 'path': '/root/aerostack2_ws/src/aerostack2/as2_behavior_tree', 'symlink_install': False, 'test_result_base': None}
[0.553s] Level 5:colcon.colcon_core.verb:set package 'as2_external_object_to_tf' build argument 'cmake_args' from command line to 'None'
[0.553s] Level 5:colcon.colcon_core.verb:set package 'as2_external_object_to_tf' build argument 'cmake_target' from command line to 'None'
[0.553s] Level 5:colcon.colcon_core.verb:set package 'as2_external_object_to_tf' build argument 'cmake_target_skip_unavailable' from command line to 'False'
[0.553s] Level 5:colcon.colcon_core.verb:set package 'as2_external_object_to_tf' build argument 'cmake_clean_cache' from command line to 'False'
[0.553s] Level 5:colcon.colcon_core.verb:set package 'as2_external_object_to_tf' build argument 'cmake_clean_first' from command line to 'False'
[0.553s] Level 5:colcon.colcon_core.verb:set package 'as2_external_object_to_tf' build argument 'cmake_force_configure' from command line to 'False'
[0.553s] Level 5:colcon.colcon_core.verb:set package 'as2_external_object_to_tf' build argument 'ament_cmake_args' from command line to 'None'
[0.553s] Level 5:colcon.colcon_core.verb:set package 'as2_external_object_to_tf' build argument 'catkin_cmake_args' from command line to 'None'
[0.553s] Level 5:colcon.colcon_core.verb:set package 'as2_external_object_to_tf' build argument 'catkin_skip_building_tests' from command line to 'False'
[0.553s] DEBUG:colcon.colcon_core.verb:Building package 'as2_external_object_to_tf' with the following arguments: {'ament_cmake_args': None, 'build_base': '/root/aerostack2_ws/build/as2_external_object_to_tf', 'catkin_cmake_args': None, 'catkin_skip_building_tests': False, 'cmake_args': None, 'cmake_clean_cache': False, 'cmake_clean_first': False, 'cmake_force_configure': False, 'cmake_target': None, 'cmake_target_skip_unavailable': False, 'install_base': '/root/aerostack2_ws/install/as2_external_object_to_tf', 'merge_install': False, 'path': '/root/aerostack2_ws/src/aerostack2/as2_utilities/as2_external_object_to_tf', 'symlink_install': False, 'test_result_base': None}
[0.553s] Level 5:colcon.colcon_core.verb:set package 'as2_gazebo_assets' build argument 'cmake_args' from command line to 'None'
[0.553s] Level 5:colcon.colcon_core.verb:set package 'as2_gazebo_assets' build argument 'cmake_target' from command line to 'None'
[0.553s] Level 5:colcon.colcon_core.verb:set package 'as2_gazebo_assets' build argument 'cmake_target_skip_unavailable' from command line to 'False'
[0.553s] Level 5:colcon.colcon_core.verb:set package 'as2_gazebo_assets' build argument 'cmake_clean_cache' from command line to 'False'
[0.553s] Level 5:colcon.colcon_core.verb:set package 'as2_gazebo_assets' build argument 'cmake_clean_first' from command line to 'False'
[0.553s] Level 5:colcon.colcon_core.verb:set package 'as2_gazebo_assets' build argument 'cmake_force_configure' from command line to 'False'
[0.553s] Level 5:colcon.colcon_core.verb:set package 'as2_gazebo_assets' build argument 'ament_cmake_args' from command line to 'None'
[0.553s] Level 5:colcon.colcon_core.verb:set package 'as2_gazebo_assets' build argument 'catkin_cmake_args' from command line to 'None'
[0.554s] Level 5:colcon.colcon_core.verb:set package 'as2_gazebo_assets' build argument 'catkin_skip_building_tests' from command line to 'False'
[0.554s] DEBUG:colcon.colcon_core.verb:Building package 'as2_gazebo_assets' with the following arguments: {'ament_cmake_args': None, 'build_base': '/root/aerostack2_ws/build/as2_gazebo_assets', 'catkin_cmake_args': None, 'catkin_skip_building_tests': False, 'cmake_args': None, 'cmake_clean_cache': False, 'cmake_clean_first': False, 'cmake_force_configure': False, 'cmake_target': None, 'cmake_target_skip_unavailable': False, 'install_base': '/root/aerostack2_ws/install/as2_gazebo_assets', 'merge_install': False, 'path': '/root/aerostack2_ws/src/aerostack2/as2_simulation_assets/as2_gazebo_assets', 'symlink_install': False, 'test_result_base': None}
[0.554s] Level 5:colcon.colcon_core.verb:set package 'as2_geozones' build argument 'cmake_args' from command line to 'None'
[0.554s] Level 5:colcon.colcon_core.verb:set package 'as2_geozones' build argument 'cmake_target' from command line to 'None'
[0.554s] Level 5:colcon.colcon_core.verb:set package 'as2_geozones' build argument 'cmake_target_skip_unavailable' from command line to 'False'
[0.554s] Level 5:colcon.colcon_core.verb:set package 'as2_geozones' build argument 'cmake_clean_cache' from command line to 'False'
[0.554s] Level 5:colcon.colcon_core.verb:set package 'as2_geozones' build argument 'cmake_clean_first' from command line to 'False'
[0.554s] Level 5:colcon.colcon_core.verb:set package 'as2_geozones' build argument 'cmake_force_configure' from command line to 'False'
[0.554s] Level 5:colcon.colcon_core.verb:set package 'as2_geozones' build argument 'ament_cmake_args' from command line to 'None'
[0.554s] Level 5:colcon.colcon_core.verb:set package 'as2_geozones' build argument 'catkin_cmake_args' from command line to 'None'
[0.554s] Level 5:colcon.colcon_core.verb:set package 'as2_geozones' build argument 'catkin_skip_building_tests' from command line to 'False'
[0.554s] DEBUG:colcon.colcon_core.verb:Building package 'as2_geozones' with the following arguments: {'ament_cmake_args': None, 'build_base': '/root/aerostack2_ws/build/as2_geozones', 'catkin_cmake_args': None, 'catkin_skip_building_tests': False, 'cmake_args': None, 'cmake_clean_cache': False, 'cmake_clean_first': False, 'cmake_force_configure': False, 'cmake_target': None, 'cmake_target_skip_unavailable': False, 'install_base': '/root/aerostack2_ws/install/as2_geozones', 'merge_install': False, 'path': '/root/aerostack2_ws/src/aerostack2/as2_utilities/as2_geozones', 'symlink_install': False, 'test_result_base': None}
[0.554s] Level 5:colcon.colcon_core.verb:set package 'as2_map_server' build argument 'cmake_args' from command line to 'None'
[0.554s] Level 5:colcon.colcon_core.verb:set package 'as2_map_server' build argument 'cmake_target' from command line to 'None'
[0.554s] Level 5:colcon.colcon_core.verb:set package 'as2_map_server' build argument 'cmake_target_skip_unavailable' from command line to 'False'
[0.554s] Level 5:colcon.colcon_core.verb:set package 'as2_map_server' build argument 'cmake_clean_cache' from command line to 'False'
[0.554s] Level 5:colcon.colcon_core.verb:set package 'as2_map_server' build argument 'cmake_clean_first' from command line to 'False'
[0.554s] Level 5:colcon.colcon_core.verb:set package 'as2_map_server' build argument 'cmake_force_configure' from command line to 'False'
[0.554s] Level 5:colcon.colcon_core.verb:set package 'as2_map_server' build argument 'ament_cmake_args' from command line to 'None'
[0.554s] Level 5:colcon.colcon_core.verb:set package 'as2_map_server' build argument 'catkin_cmake_args' from command line to 'None'
[0.555s] Level 5:colcon.colcon_core.verb:set package 'as2_map_server' build argument 'catkin_skip_building_tests' from command line to 'False'
[0.555s] DEBUG:colcon.colcon_core.verb:Building package 'as2_map_server' with the following arguments: {'ament_cmake_args': None, 'build_base': '/root/aerostack2_ws/build/as2_map_server', 'catkin_cmake_args': None, 'catkin_skip_building_tests': False, 'cmake_args': None, 'cmake_clean_cache': False, 'cmake_clean_first': False, 'cmake_force_configure': False, 'cmake_target': None, 'cmake_target_skip_unavailable': False, 'install_base': '/root/aerostack2_ws/install/as2_map_server', 'merge_install': False, 'path': '/root/aerostack2_ws/src/aerostack2/as2_map_server', 'symlink_install': False, 'test_result_base': None}
[0.555s] Level 5:colcon.colcon_core.verb:set package 'as2_motion_reference_handlers' build argument 'cmake_args' from command line to 'None'
[0.555s] Level 5:colcon.colcon_core.verb:set package 'as2_motion_reference_handlers' build argument 'cmake_target' from command line to 'None'
[0.555s] Level 5:colcon.colcon_core.verb:set package 'as2_motion_reference_handlers' build argument 'cmake_target_skip_unavailable' from command line to 'False'
[0.555s] Level 5:colcon.colcon_core.verb:set package 'as2_motion_reference_handlers' build argument 'cmake_clean_cache' from command line to 'False'
[0.555s] Level 5:colcon.colcon_core.verb:set package 'as2_motion_reference_handlers' build argument 'cmake_clean_first' from command line to 'False'
[0.555s] Level 5:colcon.colcon_core.verb:set package 'as2_motion_reference_handlers' build argument 'cmake_force_configure' from command line to 'False'
[0.555s] Level 5:colcon.colcon_core.verb:set package 'as2_motion_reference_handlers' build argument 'ament_cmake_args' from command line to 'None'
[0.555s] Level 5:colcon.colcon_core.verb:set package 'as2_motion_reference_handlers' build argument 'catkin_cmake_args' from command line to 'None'
[0.555s] Level 5:colcon.colcon_core.verb:set package 'as2_motion_reference_handlers' build argument 'catkin_skip_building_tests' from command line to 'False'
[0.555s] DEBUG:colcon.colcon_core.verb:Building package 'as2_motion_reference_handlers' with the following arguments: {'ament_cmake_args': None, 'build_base': '/root/aerostack2_ws/build/as2_motion_reference_handlers', 'catkin_cmake_args': None, 'catkin_skip_building_tests': False, 'cmake_args': None, 'cmake_clean_cache': False, 'cmake_clean_first': False, 'cmake_force_configure': False, 'cmake_target': None, 'cmake_target_skip_unavailable': False, 'install_base': '/root/aerostack2_ws/install/as2_motion_reference_handlers', 'merge_install': False, 'path': '/root/aerostack2_ws/src/aerostack2/as2_motion_reference_handlers', 'symlink_install': False, 'test_result_base': None}
[0.555s] Level 5:colcon.colcon_core.verb:set package 'as2_platform_multirotor_simulator' build argument 'cmake_args' from command line to 'None'
[0.555s] Level 5:colcon.colcon_core.verb:set package 'as2_platform_multirotor_simulator' build argument 'cmake_target' from command line to 'None'
[0.555s] Level 5:colcon.colcon_core.verb:set package 'as2_platform_multirotor_simulator' build argument 'cmake_target_skip_unavailable' from command line to 'False'
[0.555s] Level 5:colcon.colcon_core.verb:set package 'as2_platform_multirotor_simulator' build argument 'cmake_clean_cache' from command line to 'False'
[0.555s] Level 5:colcon.colcon_core.verb:set package 'as2_platform_multirotor_simulator' build argument 'cmake_clean_first' from command line to 'False'
[0.555s] Level 5:colcon.colcon_core.verb:set package 'as2_platform_multirotor_simulator' build argument 'cmake_force_configure' from command line to 'False'
[0.555s] Level 5:colcon.colcon_core.verb:set package 'as2_platform_multirotor_simulator' build argument 'ament_cmake_args' from command line to 'None'
[0.556s] Level 5:colcon.colcon_core.verb:set package 'as2_platform_multirotor_simulator' build argument 'catkin_cmake_args' from command line to 'None'
[0.556s] Level 5:colcon.colcon_core.verb:set package 'as2_platform_multirotor_simulator' build argument 'catkin_skip_building_tests' from command line to 'False'
[0.556s] DEBUG:colcon.colcon_core.verb:Building package 'as2_platform_multirotor_simulator' with the following arguments: {'ament_cmake_args': None, 'build_base': '/root/aerostack2_ws/build/as2_platform_multirotor_simulator', 'catkin_cmake_args': None, 'catkin_skip_building_tests': False, 'cmake_args': None, 'cmake_clean_cache': False, 'cmake_clean_first': False, 'cmake_force_configure': False, 'cmake_target': None, 'cmake_target_skip_unavailable': False, 'install_base': '/root/aerostack2_ws/install/as2_platform_multirotor_simulator', 'merge_install': False, 'path': '/root/aerostack2_ws/src/aerostack2/as2_aerial_platforms/as2_platform_multirotor_simulator', 'symlink_install': False, 'test_result_base': None}
[0.556s] Level 5:colcon.colcon_core.verb:set package 'as2_realsense_interface' build argument 'cmake_args' from command line to 'None'
[0.556s] Level 5:colcon.colcon_core.verb:set package 'as2_realsense_interface' build argument 'cmake_target' from command line to 'None'
[0.556s] Level 5:colcon.colcon_core.verb:set package 'as2_realsense_interface' build argument 'cmake_target_skip_unavailable' from command line to 'False'
[0.556s] Level 5:colcon.colcon_core.verb:set package 'as2_realsense_interface' build argument 'cmake_clean_cache' from command line to 'False'
[0.556s] Level 5:colcon.colcon_core.verb:set package 'as2_realsense_interface' build argument 'cmake_clean_first' from command line to 'False'
[0.556s] Level 5:colcon.colcon_core.verb:set package 'as2_realsense_interface' build argument 'cmake_force_configure' from command line to 'False'
[0.556s] Level 5:colcon.colcon_core.verb:set package 'as2_realsense_interface' build argument 'ament_cmake_args' from command line to 'None'
[0.556s] Level 5:colcon.colcon_core.verb:set package 'as2_realsense_interface' build argument 'catkin_cmake_args' from command line to 'None'
[0.556s] Level 5:colcon.colcon_core.verb:set package 'as2_realsense_interface' build argument 'catkin_skip_building_tests' from command line to 'False'
[0.556s] DEBUG:colcon.colcon_core.verb:Building package 'as2_realsense_interface' with the following arguments: {'ament_cmake_args': None, 'build_base': '/root/aerostack2_ws/build/as2_realsense_interface', 'catkin_cmake_args': None, 'catkin_skip_building_tests': False, 'cmake_args': None, 'cmake_clean_cache': False, 'cmake_clean_first': False, 'cmake_force_configure': False, 'cmake_target': None, 'cmake_target_skip_unavailable': False, 'install_base': '/root/aerostack2_ws/install/as2_realsense_interface', 'merge_install': False, 'path': '/root/aerostack2_ws/src/aerostack2/as2_hardware_drivers/as2_realsense_interface', 'symlink_install': False, 'test_result_base': None}
[0.557s] Level 5:colcon.colcon_core.verb:set package 'as2_state_estimator' build argument 'cmake_args' from command line to 'None'
[0.557s] Level 5:colcon.colcon_core.verb:set package 'as2_state_estimator' build argument 'cmake_target' from command line to 'None'
[0.557s] Level 5:colcon.colcon_core.verb:set package 'as2_state_estimator' build argument 'cmake_target_skip_unavailable' from command line to 'False'
[0.557s] Level 5:colcon.colcon_core.verb:set package 'as2_state_estimator' build argument 'cmake_clean_cache' from command line to 'False'
[0.557s] Level 5:colcon.colcon_core.verb:set package 'as2_state_estimator' build argument 'cmake_clean_first' from command line to 'False'
[0.557s] Level 5:colcon.colcon_core.verb:set package 'as2_state_estimator' build argument 'cmake_force_configure' from command line to 'False'
[0.557s] Level 5:colcon.colcon_core.verb:set package 'as2_state_estimator' build argument 'ament_cmake_args' from command line to 'None'
[0.557s] Level 5:colcon.colcon_core.verb:set package 'as2_state_estimator' build argument 'catkin_cmake_args' from command line to 'None'
[0.557s] Level 5:colcon.colcon_core.verb:set package 'as2_state_estimator' build argument 'catkin_skip_building_tests' from command line to 'False'
[0.557s] DEBUG:colcon.colcon_core.verb:Building package 'as2_state_estimator' with the following arguments: {'ament_cmake_args': None, 'build_base': '/root/aerostack2_ws/build/as2_state_estimator', 'catkin_cmake_args': None, 'catkin_skip_building_tests': False, 'cmake_args': None, 'cmake_clean_cache': False, 'cmake_clean_first': False, 'cmake_force_configure': False, 'cmake_target': None, 'cmake_target_skip_unavailable': False, 'install_base': '/root/aerostack2_ws/install/as2_state_estimator', 'merge_install': False, 'path': '/root/aerostack2_ws/src/aerostack2/as2_state_estimator', 'symlink_install': False, 'test_result_base': None}
[0.557s] Level 5:colcon.colcon_core.verb:set package 'as2_usb_camera_interface' build argument 'cmake_args' from command line to 'None'
[0.557s] Level 5:colcon.colcon_core.verb:set package 'as2_usb_camera_interface' build argument 'cmake_target' from command line to 'None'
[0.557s] Level 5:colcon.colcon_core.verb:set package 'as2_usb_camera_interface' build argument 'cmake_target_skip_unavailable' from command line to 'False'
[0.557s] Level 5:colcon.colcon_core.verb:set package 'as2_usb_camera_interface' build argument 'cmake_clean_cache' from command line to 'False'
[0.557s] Level 5:colcon.colcon_core.verb:set package 'as2_usb_camera_interface' build argument 'cmake_clean_first' from command line to 'False'
[0.557s] Level 5:colcon.colcon_core.verb:set package 'as2_usb_camera_interface' build argument 'cmake_force_configure' from command line to 'False'
[0.557s] Level 5:colcon.colcon_core.verb:set package 'as2_usb_camera_interface' build argument 'ament_cmake_args' from command line to 'None'
[0.557s] Level 5:colcon.colcon_core.verb:set package 'as2_usb_camera_interface' build argument 'catkin_cmake_args' from command line to 'None'
[0.557s] Level 5:colcon.colcon_core.verb:set package 'as2_usb_camera_interface' build argument 'catkin_skip_building_tests' from command line to 'False'
[0.557s] DEBUG:colcon.colcon_core.verb:Building package 'as2_usb_camera_interface' with the following arguments: {'ament_cmake_args': None, 'build_base': '/root/aerostack2_ws/build/as2_usb_camera_interface', 'catkin_cmake_args': None, 'catkin_skip_building_tests': False, 'cmake_args': None, 'cmake_clean_cache': False, 'cmake_clean_first': False, 'cmake_force_configure': False, 'cmake_target': None, 'cmake_target_skip_unavailable': False, 'install_base': '/root/aerostack2_ws/install/as2_usb_camera_interface', 'merge_install': False, 'path': '/root/aerostack2_ws/src/aerostack2/as2_hardware_drivers/as2_usb_camera_interface', 'symlink_install': False, 'test_result_base': None}
[0.558s] Level 5:colcon.colcon_core.verb:set package 'as2_behaviors_motion' build argument 'cmake_args' from command line to 'None'
[0.558s] Level 5:colcon.colcon_core.verb:set package 'as2_behaviors_motion' build argument 'cmake_target' from command line to 'None'
[0.558s] Level 5:colcon.colcon_core.verb:set package 'as2_behaviors_motion' build argument 'cmake_target_skip_unavailable' from command line to 'False'
[0.558s] Level 5:colcon.colcon_core.verb:set package 'as2_behaviors_motion' build argument 'cmake_clean_cache' from command line to 'False'
[0.558s] Level 5:colcon.colcon_core.verb:set package 'as2_behaviors_motion' build argument 'cmake_clean_first' from command line to 'False'
[0.558s] Level 5:colcon.colcon_core.verb:set package 'as2_behaviors_motion' build argument 'cmake_force_configure' from command line to 'False'
[0.558s] Level 5:colcon.colcon_core.verb:set package 'as2_behaviors_motion' build argument 'ament_cmake_args' from command line to 'None'
[0.558s] Level 5:colcon.colcon_core.verb:set package 'as2_behaviors_motion' build argument 'catkin_cmake_args' from command line to 'None'
[0.558s] Level 5:colcon.colcon_core.verb:set package 'as2_behaviors_motion' build argument 'catkin_skip_building_tests' from command line to 'False'
[0.558s] DEBUG:colcon.colcon_core.verb:Building package 'as2_behaviors_motion' with the following arguments: {'ament_cmake_args': None, 'build_base': '/root/aerostack2_ws/build/as2_behaviors_motion', 'catkin_cmake_args': None, 'catkin_skip_building_tests': False, 'cmake_args': None, 'cmake_clean_cache': False, 'cmake_clean_first': False, 'cmake_force_configure': False, 'cmake_target': None, 'cmake_target_skip_unavailable': False, 'install_base': '/root/aerostack2_ws/install/as2_behaviors_motion', 'merge_install': False, 'path': '/root/aerostack2_ws/src/aerostack2/as2_behaviors/as2_behaviors_motion', 'symlink_install': False, 'test_result_base': None}
[0.558s] Level 5:colcon.colcon_core.verb:set package 'as2_behaviors_path_planning' build argument 'cmake_args' from command line to 'None'
[0.558s] Level 5:colcon.colcon_core.verb:set package 'as2_behaviors_path_planning' build argument 'cmake_target' from command line to 'None'
[0.558s] Level 5:colcon.colcon_core.verb:set package 'as2_behaviors_path_planning' build argument 'cmake_target_skip_unavailable' from command line to 'False'
[0.558s] Level 5:colcon.colcon_core.verb:set package 'as2_behaviors_path_planning' build argument 'cmake_clean_cache' from command line to 'False'
[0.558s] Level 5:colcon.colcon_core.verb:set package 'as2_behaviors_path_planning' build argument 'cmake_clean_first' from command line to 'False'
[0.558s] Level 5:colcon.colcon_core.verb:set package 'as2_behaviors_path_planning' build argument 'cmake_force_configure' from command line to 'False'
[0.558s] Level 5:colcon.colcon_core.verb:set package 'as2_behaviors_path_planning' build argument 'ament_cmake_args' from command line to 'None'
[0.558s] Level 5:colcon.colcon_core.verb:set package 'as2_behaviors_path_planning' build argument 'catkin_cmake_args' from command line to 'None'
[0.558s] Level 5:colcon.colcon_core.verb:set package 'as2_behaviors_path_planning' build argument 'catkin_skip_building_tests' from command line to 'False'
[0.558s] DEBUG:colcon.colcon_core.verb:Building package 'as2_behaviors_path_planning' with the following arguments: {'ament_cmake_args': None, 'build_base': '/root/aerostack2_ws/build/as2_behaviors_path_planning', 'catkin_cmake_args': None, 'catkin_skip_building_tests': False, 'cmake_args': None, 'cmake_clean_cache': False, 'cmake_clean_first': False, 'cmake_force_configure': False, 'cmake_target': None, 'cmake_target_skip_unavailable': False, 'install_base': '/root/aerostack2_ws/install/as2_behaviors_path_planning', 'merge_install': False, 'path': '/root/aerostack2_ws/src/aerostack2/as2_behaviors/as2_behaviors_path_planning', 'symlink_install': False, 'test_result_base': None}
[0.559s] Level 5:colcon.colcon_core.verb:set package 'as2_behaviors_perception' build argument 'cmake_args' from command line to 'None'
[0.559s] Level 5:colcon.colcon_core.verb:set package 'as2_behaviors_perception' build argument 'cmake_target' from command line to 'None'
[0.559s] Level 5:colcon.colcon_core.verb:set package 'as2_behaviors_perception' build argument 'cmake_target_skip_unavailable' from command line to 'False'
[0.559s] Level 5:colcon.colcon_core.verb:set package 'as2_behaviors_perception' build argument 'cmake_clean_cache' from command line to 'False'
[0.559s] Level 5:colcon.colcon_core.verb:set package 'as2_behaviors_perception' build argument 'cmake_clean_first' from command line to 'False'
[0.559s] Level 5:colcon.colcon_core.verb:set package 'as2_behaviors_perception' build argument 'cmake_force_configure' from command line to 'False'
[0.559s] Level 5:colcon.colcon_core.verb:set package 'as2_behaviors_perception' build argument 'ament_cmake_args' from command line to 'None'
[0.559s] Level 5:colcon.colcon_core.verb:set package 'as2_behaviors_perception' build argument 'catkin_cmake_args' from command line to 'None'
[0.559s] Level 5:colcon.colcon_core.verb:set package 'as2_behaviors_perception' build argument 'catkin_skip_building_tests' from command line to 'False'
[0.559s] DEBUG:colcon.colcon_core.verb:Building package 'as2_behaviors_perception' with the following arguments: {'ament_cmake_args': None, 'build_base': '/root/aerostack2_ws/build/as2_behaviors_perception', 'catkin_cmake_args': None, 'catkin_skip_building_tests': False, 'cmake_args': None, 'cmake_clean_cache': False, 'cmake_clean_first': False, 'cmake_force_configure': False, 'cmake_target': None, 'cmake_target_skip_unavailable': False, 'install_base': '/root/aerostack2_ws/install/as2_behaviors_perception', 'merge_install': False, 'path': '/root/aerostack2_ws/src/aerostack2/as2_behaviors/as2_behaviors_perception', 'symlink_install': False, 'test_result_base': None}
[0.559s] Level 5:colcon.colcon_core.verb:set package 'as2_behaviors_platform' build argument 'cmake_args' from command line to 'None'
[0.559s] Level 5:colcon.colcon_core.verb:set package 'as2_behaviors_platform' build argument 'cmake_target' from command line to 'None'
[0.559s] Level 5:colcon.colcon_core.verb:set package 'as2_behaviors_platform' build argument 'cmake_target_skip_unavailable' from command line to 'False'
[0.559s] Level 5:colcon.colcon_core.verb:set package 'as2_behaviors_platform' build argument 'cmake_clean_cache' from command line to 'False'
[0.559s] Level 5:colcon.colcon_core.verb:set package 'as2_behaviors_platform' build argument 'cmake_clean_first' from command line to 'False'
[0.559s] Level 5:colcon.colcon_core.verb:set package 'as2_behaviors_platform' build argument 'cmake_force_configure' from command line to 'False'
[0.559s] Level 5:colcon.colcon_core.verb:set package 'as2_behaviors_platform' build argument 'ament_cmake_args' from command line to 'None'
[0.559s] Level 5:colcon.colcon_core.verb:set package 'as2_behaviors_platform' build argument 'catkin_cmake_args' from command line to 'None'
[0.559s] Level 5:colcon.colcon_core.verb:set package 'as2_behaviors_platform' build argument 'catkin_skip_building_tests' from command line to 'False'
[0.559s] DEBUG:colcon.colcon_core.verb:Building package 'as2_behaviors_platform' with the following arguments: {'ament_cmake_args': None, 'build_base': '/root/aerostack2_ws/build/as2_behaviors_platform', 'catkin_cmake_args': None, 'catkin_skip_building_tests': False, 'cmake_args': None, 'cmake_clean_cache': False, 'cmake_clean_first': False, 'cmake_force_configure': False, 'cmake_target': None, 'cmake_target_skip_unavailable': False, 'install_base': '/root/aerostack2_ws/install/as2_behaviors_platform', 'merge_install': False, 'path': '/root/aerostack2_ws/src/aerostack2/as2_behaviors/as2_behaviors_platform', 'symlink_install': False, 'test_result_base': None}
[0.560s] Level 5:colcon.colcon_core.verb:set package 'as2_behaviors_swarm_flocking' build argument 'cmake_args' from command line to 'None'
[0.560s] Level 5:colcon.colcon_core.verb:set package 'as2_behaviors_swarm_flocking' build argument 'cmake_target' from command line to 'None'
[0.560s] Level 5:colcon.colcon_core.verb:set package 'as2_behaviors_swarm_flocking' build argument 'cmake_target_skip_unavailable' from command line to 'False'
[0.560s] Level 5:colcon.colcon_core.verb:set package 'as2_behaviors_swarm_flocking' build argument 'cmake_clean_cache' from command line to 'False'
[0.560s] Level 5:colcon.colcon_core.verb:set package 'as2_behaviors_swarm_flocking' build argument 'cmake_clean_first' from command line to 'False'
[0.560s] Level 5:colcon.colcon_core.verb:set package 'as2_behaviors_swarm_flocking' build argument 'cmake_force_configure' from command line to 'False'
[0.560s] Level 5:colcon.colcon_core.verb:set package 'as2_behaviors_swarm_flocking' build argument 'ament_cmake_args' from command line to 'None'
[0.560s] Level 5:colcon.colcon_core.verb:set package 'as2_behaviors_swarm_flocking' build argument 'catkin_cmake_args' from command line to 'None'
[0.560s] Level 5:colcon.colcon_core.verb:set package 'as2_behaviors_swarm_flocking' build argument 'catkin_skip_building_tests' from command line to 'False'
[0.560s] DEBUG:colcon.colcon_core.verb:Building package 'as2_behaviors_swarm_flocking' with the following arguments: {'ament_cmake_args': None, 'build_base': '/root/aerostack2_ws/build/as2_behaviors_swarm_flocking', 'catkin_cmake_args': None, 'catkin_skip_building_tests': False, 'cmake_args': None, 'cmake_clean_cache': False, 'cmake_clean_first': False, 'cmake_force_configure': False, 'cmake_target': None, 'cmake_target_skip_unavailable': False, 'install_base': '/root/aerostack2_ws/install/as2_behaviors_swarm_flocking', 'merge_install': False, 'path': '/root/aerostack2_ws/src/aerostack2/as2_behaviors/as2_behaviors_swarm_flocking', 'symlink_install': False, 'test_result_base': None}
[0.560s] Level 5:colcon.colcon_core.verb:set package 'as2_behaviors_trajectory_generation' build argument 'cmake_args' from command line to 'None'
[0.560s] Level 5:colcon.colcon_core.verb:set package 'as2_behaviors_trajectory_generation' build argument 'cmake_target' from command line to 'None'
[0.560s] Level 5:colcon.colcon_core.verb:set package 'as2_behaviors_trajectory_generation' build argument 'cmake_target_skip_unavailable' from command line to 'False'
[0.560s] Level 5:colcon.colcon_core.verb:set package 'as2_behaviors_trajectory_generation' build argument 'cmake_clean_cache' from command line to 'False'
[0.560s] Level 5:colcon.colcon_core.verb:set package 'as2_behaviors_trajectory_generation' build argument 'cmake_clean_first' from command line to 'False'
[0.560s] Level 5:colcon.colcon_core.verb:set package 'as2_behaviors_trajectory_generation' build argument 'cmake_force_configure' from command line to 'False'
[0.560s] Level 5:colcon.colcon_core.verb:set package 'as2_behaviors_trajectory_generation' build argument 'ament_cmake_args' from command line to 'None'
[0.560s] Level 5:colcon.colcon_core.verb:set package 'as2_behaviors_trajectory_generation' build argument 'catkin_cmake_args' from command line to 'None'
[0.560s] Level 5:colcon.colcon_core.verb:set package 'as2_behaviors_trajectory_generation' build argument 'catkin_skip_building_tests' from command line to 'False'
[0.560s] DEBUG:colcon.colcon_core.verb:Building package 'as2_behaviors_trajectory_generation' with the following arguments: {'ament_cmake_args': None, 'build_base': '/root/aerostack2_ws/build/as2_behaviors_trajectory_generation', 'catkin_cmake_args': None, 'catkin_skip_building_tests': False, 'cmake_args': None, 'cmake_clean_cache': False, 'cmake_clean_first': False, 'cmake_force_configure': False, 'cmake_target': None, 'cmake_target_skip_unavailable': False, 'install_base': '/root/aerostack2_ws/install/as2_behaviors_trajectory_generation', 'merge_install': False, 'path': '/root/aerostack2_ws/src/aerostack2/as2_behaviors/as2_behaviors_trajectory_generation', 'symlink_install': False, 'test_result_base': None}
[0.561s] Level 5:colcon.colcon_core.verb:set package 'as2_motion_controller' build argument 'cmake_args' from command line to 'None'
[0.561s] Level 5:colcon.colcon_core.verb:set package 'as2_motion_controller' build argument 'cmake_target' from command line to 'None'
[0.561s] Level 5:colcon.colcon_core.verb:set package 'as2_motion_controller' build argument 'cmake_target_skip_unavailable' from command line to 'False'
[0.561s] Level 5:colcon.colcon_core.verb:set package 'as2_motion_controller' build argument 'cmake_clean_cache' from command line to 'False'
[0.561s] Level 5:colcon.colcon_core.verb:set package 'as2_motion_controller' build argument 'cmake_clean_first' from command line to 'False'
[0.561s] Level 5:colcon.colcon_core.verb:set package 'as2_motion_controller' build argument 'cmake_force_configure' from command line to 'False'
[0.561s] Level 5:colcon.colcon_core.verb:set package 'as2_motion_controller' build argument 'ament_cmake_args' from command line to 'None'
[0.561s] Level 5:colcon.colcon_core.verb:set package 'as2_motion_controller' build argument 'catkin_cmake_args' from command line to 'None'
[0.561s] Level 5:colcon.colcon_core.verb:set package 'as2_motion_controller' build argument 'catkin_skip_building_tests' from command line to 'False'
[0.561s] DEBUG:colcon.colcon_core.verb:Building package 'as2_motion_controller' with the following arguments: {'ament_cmake_args': None, 'build_base': '/root/aerostack2_ws/build/as2_motion_controller', 'catkin_cmake_args': None, 'catkin_skip_building_tests': False, 'cmake_args': None, 'cmake_clean_cache': False, 'cmake_clean_first': False, 'cmake_force_configure': False, 'cmake_target': None, 'cmake_target_skip_unavailable': False, 'install_base': '/root/aerostack2_ws/install/as2_motion_controller', 'merge_install': False, 'path': '/root/aerostack2_ws/src/aerostack2/as2_motion_controller', 'symlink_install': False, 'test_result_base': None}
[0.561s] Level 5:colcon.colcon_core.verb:set package 'as2_platform_gazebo' build argument 'cmake_args' from command line to 'None'
[0.561s] Level 5:colcon.colcon_core.verb:set package 'as2_platform_gazebo' build argument 'cmake_target' from command line to 'None'
[0.561s] Level 5:colcon.colcon_core.verb:set package 'as2_platform_gazebo' build argument 'cmake_target_skip_unavailable' from command line to 'False'
[0.561s] Level 5:colcon.colcon_core.verb:set package 'as2_platform_gazebo' build argument 'cmake_clean_cache' from command line to 'False'
[0.561s] Level 5:colcon.colcon_core.verb:set package 'as2_platform_gazebo' build argument 'cmake_clean_first' from command line to 'False'
[0.561s] Level 5:colcon.colcon_core.verb:set package 'as2_platform_gazebo' build argument 'cmake_force_configure' from command line to 'False'
[0.561s] Level 5:colcon.colcon_core.verb:set package 'as2_platform_gazebo' build argument 'ament_cmake_args' from command line to 'None'
[0.561s] Level 5:colcon.colcon_core.verb:set package 'as2_platform_gazebo' build argument 'catkin_cmake_args' from command line to 'None'
[0.561s] Level 5:colcon.colcon_core.verb:set package 'as2_platform_gazebo' build argument 'catkin_skip_building_tests' from command line to 'False'
[0.561s] DEBUG:colcon.colcon_core.verb:Building package 'as2_platform_gazebo' with the following arguments: {'ament_cmake_args': None, 'build_base': '/root/aerostack2_ws/build/as2_platform_gazebo', 'catkin_cmake_args': None, 'catkin_skip_building_tests': False, 'cmake_args': None, 'cmake_clean_cache': False, 'cmake_clean_first': False, 'cmake_force_configure': False, 'cmake_target': None, 'cmake_target_skip_unavailable': False, 'install_base': '/root/aerostack2_ws/install/as2_platform_gazebo', 'merge_install': False, 'path': '/root/aerostack2_ws/src/aerostack2/as2_aerial_platforms/as2_platform_gazebo', 'symlink_install': False, 'test_result_base': None}
[0.562s] Level 5:colcon.colcon_core.verb:set package 'as2_python_api' build argument 'cmake_args' from command line to 'None'
[0.562s] Level 5:colcon.colcon_core.verb:set package 'as2_python_api' build argument 'cmake_target' from command line to 'None'
[0.562s] Level 5:colcon.colcon_core.verb:set package 'as2_python_api' build argument 'cmake_target_skip_unavailable' from command line to 'False'
[0.562s] Level 5:colcon.colcon_core.verb:set package 'as2_python_api' build argument 'cmake_clean_cache' from command line to 'False'
[0.562s] Level 5:colcon.colcon_core.verb:set package 'as2_python_api' build argument 'cmake_clean_first' from command line to 'False'
[0.562s] Level 5:colcon.colcon_core.verb:set package 'as2_python_api' build argument 'cmake_force_configure' from command line to 'False'
[0.562s] Level 5:colcon.colcon_core.verb:set package 'as2_python_api' build argument 'ament_cmake_args' from command line to 'None'
[0.562s] Level 5:colcon.colcon_core.verb:set package 'as2_python_api' build argument 'catkin_cmake_args' from command line to 'None'
[0.562s] Level 5:colcon.colcon_core.verb:set package 'as2_python_api' build argument 'catkin_skip_building_tests' from command line to 'False'
[0.562s] DEBUG:colcon.colcon_core.verb:Building package 'as2_python_api' with the following arguments: {'ament_cmake_args': None, 'build_base': '/root/aerostack2_ws/build/as2_python_api', 'catkin_cmake_args': None, 'catkin_skip_building_tests': False, 'cmake_args': None, 'cmake_clean_cache': False, 'cmake_clean_first': False, 'cmake_force_configure': False, 'cmake_target': None, 'cmake_target_skip_unavailable': False, 'install_base': '/root/aerostack2_ws/install/as2_python_api', 'merge_install': False, 'path': '/root/aerostack2_ws/src/aerostack2/as2_python_api', 'symlink_install': False, 'test_result_base': None}
[0.562s] Level 5:colcon.colcon_core.verb:set package 'as2_rviz_plugins' build argument 'cmake_args' from command line to 'None'
[0.562s] Level 5:colcon.colcon_core.verb:set package 'as2_rviz_plugins' build argument 'cmake_target' from command line to 'None'
[0.562s] Level 5:colcon.colcon_core.verb:set package 'as2_rviz_plugins' build argument 'cmake_target_skip_unavailable' from command line to 'False'
[0.562s] Level 5:colcon.colcon_core.verb:set package 'as2_rviz_plugins' build argument 'cmake_clean_cache' from command line to 'False'
[0.562s] Level 5:colcon.colcon_core.verb:set package 'as2_rviz_plugins' build argument 'cmake_clean_first' from command line to 'False'
[0.562s] Level 5:colcon.colcon_core.verb:set package 'as2_rviz_plugins' build argument 'cmake_force_configure' from command line to 'False'
[0.562s] Level 5:colcon.colcon_core.verb:set package 'as2_rviz_plugins' build argument 'ament_cmake_args' from command line to 'None'
[0.562s] Level 5:colcon.colcon_core.verb:set package 'as2_rviz_plugins' build argument 'catkin_cmake_args' from command line to 'None'
[0.562s] Level 5:colcon.colcon_core.verb:set package 'as2_rviz_plugins' build argument 'catkin_skip_building_tests' from command line to 'False'
[0.562s] DEBUG:colcon.colcon_core.verb:Building package 'as2_rviz_plugins' with the following arguments: {'ament_cmake_args': None, 'build_base': '/root/aerostack2_ws/build/as2_rviz_plugins', 'catkin_cmake_args': None, 'catkin_skip_building_tests': False, 'cmake_args': None, 'cmake_clean_cache': False, 'cmake_clean_first': False, 'cmake_force_configure': False, 'cmake_target': None, 'cmake_target_skip_unavailable': False, 'install_base': '/root/aerostack2_ws/install/as2_rviz_plugins', 'merge_install': False, 'path': '/root/aerostack2_ws/src/aerostack2/as2_user_interfaces/as2_visualization/as2_rviz_plugins', 'symlink_install': False, 'test_result_base': None}
[0.562s] Level 5:colcon.colcon_core.verb:set package 'as2_visualization' build argument 'cmake_args' from command line to 'None'
[0.563s] Level 5:colcon.colcon_core.verb:set package 'as2_visualization' build argument 'cmake_target' from command line to 'None'
[0.563s] Level 5:colcon.colcon_core.verb:set package 'as2_visualization' build argument 'cmake_target_skip_unavailable' from command line to 'False'
[0.563s] Level 5:colcon.colcon_core.verb:set package 'as2_visualization' build argument 'cmake_clean_cache' from command line to 'False'
[0.563s] Level 5:colcon.colcon_core.verb:set package 'as2_visualization' build argument 'cmake_clean_first' from command line to 'False'
[0.563s] Level 5:colcon.colcon_core.verb:set package 'as2_visualization' build argument 'cmake_force_configure' from command line to 'False'
[0.563s] Level 5:colcon.colcon_core.verb:set package 'as2_visualization' build argument 'ament_cmake_args' from command line to 'None'
[0.563s] Level 5:colcon.colcon_core.verb:set package 'as2_visualization' build argument 'catkin_cmake_args' from command line to 'None'
[0.563s] Level 5:colcon.colcon_core.verb:set package 'as2_visualization' build argument 'catkin_skip_building_tests' from command line to 'False'
[0.563s] DEBUG:colcon.colcon_core.verb:Building package 'as2_visualization' with the following arguments: {'ament_cmake_args': None, 'build_base': '/root/aerostack2_ws/build/as2_visualization', 'catkin_cmake_args': None, 'catkin_skip_building_tests': False, 'cmake_args': None, 'cmake_clean_cache': False, 'cmake_clean_first': False, 'cmake_force_configure': False, 'cmake_target': None, 'cmake_target_skip_unavailable': False, 'install_base': '/root/aerostack2_ws/install/as2_visualization', 'merge_install': False, 'path': '/root/aerostack2_ws/src/aerostack2/as2_user_interfaces/as2_visualization/as2_visualization', 'symlink_install': False, 'test_result_base': None}
[0.563s] Level 5:colcon.colcon_core.verb:set package 'as2_keyboard_teleoperation' build argument 'cmake_args' from command line to 'None'
[0.563s] Level 5:colcon.colcon_core.verb:set package 'as2_keyboard_teleoperation' build argument 'cmake_target' from command line to 'None'
[0.563s] Level 5:colcon.colcon_core.verb:set package 'as2_keyboard_teleoperation' build argument 'cmake_target_skip_unavailable' from command line to 'False'
[0.563s] Level 5:colcon.colcon_core.verb:set package 'as2_keyboard_teleoperation' build argument 'cmake_clean_cache' from command line to 'False'
[0.563s] Level 5:colcon.colcon_core.verb:set package 'as2_keyboard_teleoperation' build argument 'cmake_clean_first' from command line to 'False'
[0.563s] Level 5:colcon.colcon_core.verb:set package 'as2_keyboard_teleoperation' build argument 'cmake_force_configure' from command line to 'False'
[0.563s] Level 5:colcon.colcon_core.verb:set package 'as2_keyboard_teleoperation' build argument 'ament_cmake_args' from command line to 'None'
[0.563s] Level 5:colcon.colcon_core.verb:set package 'as2_keyboard_teleoperation' build argument 'catkin_cmake_args' from command line to 'None'
[0.563s] Level 5:colcon.colcon_core.verb:set package 'as2_keyboard_teleoperation' build argument 'catkin_skip_building_tests' from command line to 'False'
[0.563s] DEBUG:colcon.colcon_core.verb:Building package 'as2_keyboard_teleoperation' with the following arguments: {'ament_cmake_args': None, 'build_base': '/root/aerostack2_ws/build/as2_keyboard_teleoperation', 'catkin_cmake_args': None, 'catkin_skip_building_tests': False, 'cmake_args': None, 'cmake_clean_cache': False, 'cmake_clean_first': False, 'cmake_force_configure': False, 'cmake_target': None, 'cmake_target_skip_unavailable': False, 'install_base': '/root/aerostack2_ws/install/as2_keyboard_teleoperation', 'merge_install': False, 'path': '/root/aerostack2_ws/src/aerostack2/as2_user_interfaces/as2_keyboard_teleoperation', 'symlink_install': False, 'test_result_base': None}
[0.564s] Level 5:colcon.colcon_core.verb:set package 'aerostack2' build argument 'cmake_args' from command line to 'None'
[0.564s] Level 5:colcon.colcon_core.verb:set package 'aerostack2' build argument 'cmake_target' from command line to 'None'
[0.564s] Level 5:colcon.colcon_core.verb:set package 'aerostack2' build argument 'cmake_target_skip_unavailable' from command line to 'False'
[0.564s] Level 5:colcon.colcon_core.verb:set package 'aerostack2' build argument 'cmake_clean_cache' from command line to 'False'
[0.564s] Level 5:colcon.colcon_core.verb:set package 'aerostack2' build argument 'cmake_clean_first' from command line to 'False'
[0.564s] Level 5:colcon.colcon_core.verb:set package 'aerostack2' build argument 'cmake_force_configure' from command line to 'False'
[0.564s] Level 5:colcon.colcon_core.verb:set package 'aerostack2' build argument 'ament_cmake_args' from command line to 'None'
[0.564s] Level 5:colcon.colcon_core.verb:set package 'aerostack2' build argument 'catkin_cmake_args' from command line to 'None'
[0.564s] Level 5:colcon.colcon_core.verb:set package 'aerostack2' build argument 'catkin_skip_building_tests' from command line to 'False'
[0.564s] DEBUG:colcon.colcon_core.verb:Building package 'aerostack2' with the following arguments: {'ament_cmake_args': None, 'build_base': '/root/aerostack2_ws/build/aerostack2', 'catkin_cmake_args': None, 'catkin_skip_building_tests': False, 'cmake_args': None, 'cmake_clean_cache': False, 'cmake_clean_first': False, 'cmake_force_configure': False, 'cmake_target': None, 'cmake_target_skip_unavailable': False, 'install_base': '/root/aerostack2_ws/install/aerostack2', 'merge_install': False, 'path': '/root/aerostack2_ws/src/aerostack2/aerostack2', 'symlink_install': False, 'test_result_base': None}
[0.564s] INFO:colcon.colcon_core.executor:Executing jobs using 'parallel' executor
[0.565s] DEBUG:colcon.colcon_parallel_executor.executor.parallel:run_until_complete
[0.566s] INFO:colcon.colcon_ros.task.ament_cmake.build:Building ROS package in '/root/aerostack2_ws/src/aerostack2/as2_msgs' with build type 'ament_cmake'
[0.566s] INFO:colcon.colcon_cmake.task.cmake.build:Building CMake package in '/root/aerostack2_ws/src/aerostack2/as2_msgs'
[0.570s] INFO:colcon.colcon_core.plugin_system:Skipping extension 'colcon_core.shell.bat': Not used on non-Windows systems
[0.570s] INFO:colcon.colcon_core.shell:Skip shell extension 'powershell' for command environment: Not usable outside of PowerShell
[0.570s] DEBUG:colcon.colcon_core.shell:Skip shell extension 'dsv' for command environment
[0.580s] INFO:colcon.colcon_ros.task.ament_cmake.build:Building ROS package in '/root/aerostack2_ws/src/aerostack2/as2_cli' with build type 'ament_cmake'
[0.581s] INFO:colcon.colcon_cmake.task.cmake.build:Building CMake package in '/root/aerostack2_ws/src/aerostack2/as2_cli'
[0.581s] INFO:colcon.colcon_core.shell:Skip shell extension 'powershell' for command environment: Not usable outside of PowerShell
[0.581s] DEBUG:colcon.colcon_core.shell:Skip shell extension 'dsv' for command environment
[0.587s] INFO:colcon.colcon_ros.task.ament_python.build:Building ROS package in '/root/aerostack2_ws/src/aerostack2/as2_groundray_perception' with build type 'ament_python'
[0.587s] Level 1:colcon.colcon_core.shell:create_environment_hook('as2_groundray_perception', 'ament_prefix_path')
[0.587s] INFO:colcon.colcon_core.shell:Creating environment hook '/root/aerostack2_ws/install/as2_groundray_perception/share/as2_groundray_perception/hook/ament_prefix_path.ps1'
[0.589s] INFO:colcon.colcon_core.shell:Creating environment descriptor '/root/aerostack2_ws/install/as2_groundray_perception/share/as2_groundray_perception/hook/ament_prefix_path.dsv'
[0.591s] INFO:colcon.colcon_core.shell:Creating environment hook '/root/aerostack2_ws/install/as2_groundray_perception/share/as2_groundray_perception/hook/ament_prefix_path.sh'
[0.592s] INFO:colcon.colcon_core.shell:Skip shell extension 'powershell' for command environment: Not usable outside of PowerShell
[0.592s] DEBUG:colcon.colcon_core.shell:Skip shell extension 'dsv' for command environment
[0.598s] INFO:colcon.colcon_ros.task.ament_python.build:Building ROS package in '/root/aerostack2_ws/src/aerostack2/as2_perception' with build type 'ament_python'
[0.598s] Level 1:colcon.colcon_core.shell:create_environment_hook('as2_perception', 'ament_prefix_path')
[0.599s] INFO:colcon.colcon_core.shell:Creating environment hook '/root/aerostack2_ws/install/as2_perception/share/as2_perception/hook/ament_prefix_path.ps1'
[0.600s] INFO:colcon.colcon_core.shell:Creating environment descriptor '/root/aerostack2_ws/install/as2_perception/share/as2_perception/hook/ament_prefix_path.dsv'
[0.600s] INFO:colcon.colcon_core.shell:Creating environment hook '/root/aerostack2_ws/install/as2_perception/share/as2_perception/hook/ament_prefix_path.sh'
[0.601s] INFO:colcon.colcon_core.shell:Skip shell extension 'powershell' for command environment: Not usable outside of PowerShell
[0.601s] DEBUG:colcon.colcon_core.shell:Skip shell extension 'dsv' for command environment
[0.606s] INFO:colcon.colcon_ros.task.ament_python.build:Building ROS package in '/root/aerostack2_ws/src/aerostack2/as2_project_bringup' with build type 'ament_python'
[0.606s] Level 1:colcon.colcon_core.shell:create_environment_hook('as2_project_bringup', 'ament_prefix_path')
[0.607s] INFO:colcon.colcon_core.shell:Creating environment hook '/root/aerostack2_ws/install/as2_project_bringup/share/as2_project_bringup/hook/ament_prefix_path.ps1'
[0.607s] INFO:colcon.colcon_core.shell:Creating environment descriptor '/root/aerostack2_ws/install/as2_project_bringup/share/as2_project_bringup/hook/ament_prefix_path.dsv'
[0.607s] INFO:colcon.colcon_core.shell:Creating environment hook '/root/aerostack2_ws/install/as2_project_bringup/share/as2_project_bringup/hook/ament_prefix_path.sh'
[0.608s] INFO:colcon.colcon_core.shell:Skip shell extension 'powershell' for command environment: Not usable outside of PowerShell
[0.608s] DEBUG:colcon.colcon_core.shell:Skip shell extension 'dsv' for command environment
[0.616s] INFO:colcon.colcon_ros.task.ament_python.build:Building ROS package in '/root/aerostack2_ws/src/aerostack2/as2_swarm_ekf' with build type 'ament_python'
[0.616s] Level 1:colcon.colcon_core.shell:create_environment_hook('as2_swarm_ekf', 'ament_prefix_path')
[0.617s] INFO:colcon.colcon_core.shell:Creating environment hook '/root/aerostack2_ws/install/as2_swarm_ekf/share/as2_swarm_ekf/hook/ament_prefix_path.ps1'
[0.617s] INFO:colcon.colcon_core.shell:Creating environment descriptor '/root/aerostack2_ws/install/as2_swarm_ekf/share/as2_swarm_ekf/hook/ament_prefix_path.dsv'
[0.617s] INFO:colcon.colcon_core.shell:Creating environment hook '/root/aerostack2_ws/install/as2_swarm_ekf/share/as2_swarm_ekf/hook/ament_prefix_path.sh'
[0.618s] INFO:colcon.colcon_core.shell:Skip shell extension 'powershell' for command environment: Not usable outside of PowerShell
[0.618s] DEBUG:colcon.colcon_core.shell:Skip shell extension 'dsv' for command environment
[0.624s] INFO:colcon.colcon_ros.task.ament_python.build:Building ROS package in '/root/aerostack2_ws/src/aerostack2/as2_swarm_fusion_ci' with build type 'ament_python'
[0.624s] Level 1:colcon.colcon_core.shell:create_environment_hook('as2_swarm_fusion_ci', 'ament_prefix_path')
[0.624s] INFO:colcon.colcon_core.shell:Creating environment hook '/root/aerostack2_ws/install/as2_swarm_fusion_ci/share/as2_swarm_fusion_ci/hook/ament_prefix_path.ps1'
[0.626s] INFO:colcon.colcon_core.shell:Creating environment descriptor '/root/aerostack2_ws/install/as2_swarm_fusion_ci/share/as2_swarm_fusion_ci/hook/ament_prefix_path.dsv'
[0.626s] INFO:colcon.colcon_core.shell:Creating environment hook '/root/aerostack2_ws/install/as2_swarm_fusion_ci/share/as2_swarm_fusion_ci/hook/ament_prefix_path.sh'
[0.627s] INFO:colcon.colcon_core.shell:Skip shell extension 'powershell' for command environment: Not usable outside of PowerShell
[0.628s] DEBUG:colcon.colcon_core.shell:Skip shell extension 'dsv' for command environment
[0.634s] INFO:colcon.colcon_ros.task.ament_python.build:Building ROS package in '/root/aerostack2_ws/src/aerostack2/as2_swarm_perception' with build type 'ament_python'
[0.634s] Level 1:colcon.colcon_core.shell:create_environment_hook('as2_swarm_perception', 'ament_prefix_path')
[0.634s] INFO:colcon.colcon_core.shell:Creating environment hook '/root/aerostack2_ws/install/as2_swarm_perception/share/as2_swarm_perception/hook/ament_prefix_path.ps1'
[0.635s] INFO:colcon.colcon_core.shell:Creating environment descriptor '/root/aerostack2_ws/install/as2_swarm_perception/share/as2_swarm_perception/hook/ament_prefix_path.dsv'
[0.635s] INFO:colcon.colcon_core.shell:Creating environment hook '/root/aerostack2_ws/install/as2_swarm_perception/share/as2_swarm_perception/hook/ament_prefix_path.sh'
[0.635s] INFO:colcon.colcon_core.shell:Skip shell extension 'powershell' for command environment: Not usable outside of PowerShell
[0.635s] DEBUG:colcon.colcon_core.shell:Skip shell extension 'dsv' for command environment
[0.648s] DEBUG:colcon.colcon_core.event_handler.log_command:Invoking command in '/root/aerostack2_ws/build/as2_msgs': CMAKE_PREFIX_PATH=${CMAKE_PREFIX_PATH}:/root/aerostack2_ws/install/rmf_demos_tasks:/root/aerostack2_ws/install/rmf_demos_panel:/root/aerostack2_ws/install/rmf_demos_fleet_adapter:/root/aerostack2_ws/install/rmf_demos_dashboard_resources:/root/aerostack2_ws/install/rmf_demos_bridges:/root/aerostack2_ws/install/rmf_demos_assets:/root/aerostack2_ws/install/as2_visualization:/root/aerostack2_ws/install/as2_swarm_perception:/root/aerostack2_ws/install/as2_swarm_fusion_ci:/root/aerostack2_ws/install/as2_swarm_ekf:/root/aerostack2_ws/install/as2_keyboard_teleoperation:/root/aerostack2_ws/install/as2_python_api:/root/aerostack2_ws/install/as2_project_bringup:/root/aerostack2_ws/install/as2_perception:/root/aerostack2_ws/install/as2_groundray_perception:/opt/ros/humble /usr/bin/cmake --build /root/aerostack2_ws/build/as2_msgs -- -j8 -l8
[0.652s] DEBUG:colcon.colcon_core.event_handler.log_command:Invoking command in '/root/aerostack2_ws/build/as2_cli': CMAKE_PREFIX_PATH=${CMAKE_PREFIX_PATH}:/root/aerostack2_ws/install/rmf_demos_tasks:/root/aerostack2_ws/install/rmf_demos_panel:/root/aerostack2_ws/install/rmf_demos_fleet_adapter:/root/aerostack2_ws/install/rmf_demos_dashboard_resources:/root/aerostack2_ws/install/rmf_demos_bridges:/root/aerostack2_ws/install/rmf_demos_assets:/root/aerostack2_ws/install/as2_visualization:/root/aerostack2_ws/install/as2_swarm_perception:/root/aerostack2_ws/install/as2_swarm_fusion_ci:/root/aerostack2_ws/install/as2_swarm_ekf:/root/aerostack2_ws/install/as2_keyboard_teleoperation:/root/aerostack2_ws/install/as2_python_api:/root/aerostack2_ws/install/as2_project_bringup:/root/aerostack2_ws/install/as2_perception:/root/aerostack2_ws/install/as2_groundray_perception:/opt/ros/humble /usr/bin/cmake --build /root/aerostack2_ws/build/as2_cli -- -j8 -l8
[0.959s] INFO:colcon.colcon_core.task.python.build:Building Python package in '/root/aerostack2_ws/src/aerostack2/as2_groundray_perception'
[0.960s] INFO:colcon.colcon_core.shell:Skip shell extension 'powershell' for command environment: Not usable outside of PowerShell
[0.960s] DEBUG:colcon.colcon_core.shell:Skip shell extension 'dsv' for command environment
[1.283s] INFO:colcon.colcon_core.task.python.build:Building Python package in '/root/aerostack2_ws/src/aerostack2/as2_perception'
[1.284s] INFO:colcon.colcon_core.shell:Skip shell extension 'powershell' for command environment: Not usable outside of PowerShell
[1.284s] DEBUG:colcon.colcon_core.shell:Skip shell extension 'dsv' for command environment
[1.579s] INFO:colcon.colcon_core.task.python.build:Building Python package in '/root/aerostack2_ws/src/aerostack2/as2_project_bringup'
[1.580s] INFO:colcon.colcon_core.shell:Skip shell extension 'powershell' for command environment: Not usable outside of PowerShell
[1.580s] DEBUG:colcon.colcon_core.shell:Skip shell extension 'dsv' for command environment
[1.886s] INFO:colcon.colcon_core.task.python.build:Building Python package in '/root/aerostack2_ws/src/aerostack2/as2_swarm_ekf'
[1.886s] INFO:colcon.colcon_core.shell:Skip shell extension 'powershell' for command environment: Not usable outside of PowerShell
[1.886s] DEBUG:colcon.colcon_core.shell:Skip shell extension 'dsv' for command environment
[2.169s] INFO:colcon.colcon_core.task.python.build:Building Python package in '/root/aerostack2_ws/src/aerostack2/as2_swarm_fusion_ci'
[2.170s] INFO:colcon.colcon_core.shell:Skip shell extension 'powershell' for command environment: Not usable outside of PowerShell
[2.170s] DEBUG:colcon.colcon_core.shell:Skip shell extension 'dsv' for command environment
[2.182s] DEBUG:colcon.colcon_core.event_handler.log_command:Invoked command in '/root/aerostack2_ws/build/as2_cli' returned '0': CMAKE_PREFIX_PATH=${CMAKE_PREFIX_PATH}:/root/aerostack2_ws/install/rmf_demos_tasks:/root/aerostack2_ws/install/rmf_demos_panel:/root/aerostack2_ws/install/rmf_demos_fleet_adapter:/root/aerostack2_ws/install/rmf_demos_dashboard_resources:/root/aerostack2_ws/install/rmf_demos_bridges:/root/aerostack2_ws/install/rmf_demos_assets:/root/aerostack2_ws/install/as2_visualization:/root/aerostack2_ws/install/as2_swarm_perception:/root/aerostack2_ws/install/as2_swarm_fusion_ci:/root/aerostack2_ws/install/as2_swarm_ekf:/root/aerostack2_ws/install/as2_keyboard_teleoperation:/root/aerostack2_ws/install/as2_python_api:/root/aerostack2_ws/install/as2_project_bringup:/root/aerostack2_ws/install/as2_perception:/root/aerostack2_ws/install/as2_groundray_perception:/opt/ros/humble /usr/bin/cmake --build /root/aerostack2_ws/build/as2_cli -- -j8 -l8
[2.193s] DEBUG:colcon.colcon_core.event_handler.log_command:Invoking command in '/root/aerostack2_ws/build/as2_cli': CMAKE_PREFIX_PATH=${CMAKE_PREFIX_PATH}:/root/aerostack2_ws/install/rmf_demos_tasks:/root/aerostack2_ws/install/rmf_demos_panel:/root/aerostack2_ws/install/rmf_demos_fleet_adapter:/root/aerostack2_ws/install/rmf_demos_dashboard_resources:/root/aerostack2_ws/install/rmf_demos_bridges:/root/aerostack2_ws/install/rmf_demos_assets:/root/aerostack2_ws/install/as2_visualization:/root/aerostack2_ws/install/as2_swarm_perception:/root/aerostack2_ws/install/as2_swarm_fusion_ci:/root/aerostack2_ws/install/as2_swarm_ekf:/root/aerostack2_ws/install/as2_keyboard_teleoperation:/root/aerostack2_ws/install/as2_python_api:/root/aerostack2_ws/install/as2_project_bringup:/root/aerostack2_ws/install/as2_perception:/root/aerostack2_ws/install/as2_groundray_perception:/opt/ros/humble /usr/bin/cmake --install /root/aerostack2_ws/build/as2_cli
[2.194s] DEBUG:colcon.colcon_core.event_handler.log_command:Invoked command in '/root/aerostack2_ws/build/as2_msgs' returned '0': CMAKE_PREFIX_PATH=${CMAKE_PREFIX_PATH}:/root/aerostack2_ws/install/rmf_demos_tasks:/root/aerostack2_ws/install/rmf_demos_panel:/root/aerostack2_ws/install/rmf_demos_fleet_adapter:/root/aerostack2_ws/install/rmf_demos_dashboard_resources:/root/aerostack2_ws/install/rmf_demos_bridges:/root/aerostack2_ws/install/rmf_demos_assets:/root/aerostack2_ws/install/as2_visualization:/root/aerostack2_ws/install/as2_swarm_perception:/root/aerostack2_ws/install/as2_swarm_fusion_ci:/root/aerostack2_ws/install/as2_swarm_ekf:/root/aerostack2_ws/install/as2_keyboard_teleoperation:/root/aerostack2_ws/install/as2_python_api:/root/aerostack2_ws/install/as2_project_bringup:/root/aerostack2_ws/install/as2_perception:/root/aerostack2_ws/install/as2_groundray_perception:/opt/ros/humble /usr/bin/cmake --build /root/aerostack2_ws/build/as2_msgs -- -j8 -l8
[2.195s] DEBUG:colcon.colcon_core.event_handler.log_command:Invoking command in '/root/aerostack2_ws/build/as2_msgs': CMAKE_PREFIX_PATH=${CMAKE_PREFIX_PATH}:/root/aerostack2_ws/install/rmf_demos_tasks:/root/aerostack2_ws/install/rmf_demos_panel:/root/aerostack2_ws/install/rmf_demos_fleet_adapter:/root/aerostack2_ws/install/rmf_demos_dashboard_resources:/root/aerostack2_ws/install/rmf_demos_bridges:/root/aerostack2_ws/install/rmf_demos_assets:/root/aerostack2_ws/install/as2_visualization:/root/aerostack2_ws/install/as2_swarm_perception:/root/aerostack2_ws/install/as2_swarm_fusion_ci:/root/aerostack2_ws/install/as2_swarm_ekf:/root/aerostack2_ws/install/as2_keyboard_teleoperation:/root/aerostack2_ws/install/as2_python_api:/root/aerostack2_ws/install/as2_project_bringup:/root/aerostack2_ws/install/as2_perception:/root/aerostack2_ws/install/as2_groundray_perception:/opt/ros/humble /usr/bin/cmake --install /root/aerostack2_ws/build/as2_msgs
[2.479s] INFO:colcon.colcon_core.task.python.build:Building Python package in '/root/aerostack2_ws/src/aerostack2/as2_swarm_perception'
[2.480s] INFO:colcon.colcon_core.shell:Skip shell extension 'powershell' for command environment: Not usable outside of PowerShell
[2.480s] DEBUG:colcon.colcon_core.shell:Skip shell extension 'dsv' for command environment
[2.543s] Level 1:colcon.colcon_core.environment:create_environment_scripts_only(as2_cli)
[2.555s] Level 1:colcon.colcon_core.environment:checking '/root/aerostack2_ws/install/as2_cli' for CMake module files
[2.556s] Level 1:colcon.colcon_core.environment:checking '/root/aerostack2_ws/install/as2_cli' for CMake config files
[2.557s] Level 1:colcon.colcon_core.shell:create_environment_hook('as2_cli', 'cmake_prefix_path')
[2.557s] INFO:colcon.colcon_core.shell:Creating environment hook '/root/aerostack2_ws/install/as2_cli/share/as2_cli/hook/cmake_prefix_path.ps1'
[2.559s] INFO:colcon.colcon_core.shell:Creating environment descriptor '/root/aerostack2_ws/install/as2_cli/share/as2_cli/hook/cmake_prefix_path.dsv'
[2.563s] INFO:colcon.colcon_core.shell:Creating environment hook '/root/aerostack2_ws/install/as2_cli/share/as2_cli/hook/cmake_prefix_path.sh'
[2.565s] Level 1:colcon.colcon_core.environment:checking '/root/aerostack2_ws/install/as2_cli/bin'
[2.565s] Level 1:colcon.colcon_core.environment:checking '/root/aerostack2_ws/install/as2_cli/lib/pkgconfig/as2_cli.pc'
[2.566s] Level 1:colcon.colcon_core.environment:checking '/root/aerostack2_ws/install/as2_cli/lib/python3.10/site-packages'
[2.567s] Level 1:colcon.colcon_core.environment:checking '/root/aerostack2_ws/install/as2_cli/bin'
[2.569s] INFO:colcon.colcon_core.shell:Creating package script '/root/aerostack2_ws/install/as2_cli/share/as2_cli/package.ps1'
[2.574s] INFO:colcon.colcon_core.shell:Creating package descriptor '/root/aerostack2_ws/install/as2_cli/share/as2_cli/package.dsv'
[2.575s] INFO:colcon.colcon_core.shell:Creating package script '/root/aerostack2_ws/install/as2_cli/share/as2_cli/package.sh'
[2.576s] INFO:colcon.colcon_core.shell:Creating package script '/root/aerostack2_ws/install/as2_cli/share/as2_cli/package.bash'
[2.581s] INFO:colcon.colcon_core.shell:Creating package script '/root/aerostack2_ws/install/as2_cli/share/as2_cli/package.zsh'
[2.582s] Level 1:colcon.colcon_core.environment:create_file_with_runtime_dependencies(/root/aerostack2_ws/install/as2_cli/share/colcon-core/packages/as2_cli)
[2.583s] Level 1:colcon.colcon_core.environment:create_environment_scripts_only(as2_cli)
[2.584s] Level 1:colcon.colcon_core.environment:checking '/root/aerostack2_ws/install/as2_cli' for CMake module files
[2.585s] Level 1:colcon.colcon_core.environment:checking '/root/aerostack2_ws/install/as2_cli' for CMake config files
[2.587s] Level 1:colcon.colcon_core.shell:create_environment_hook('as2_cli', 'cmake_prefix_path')
[2.589s] INFO:colcon.colcon_core.shell:Creating environment hook '/root/aerostack2_ws/install/as2_cli/share/as2_cli/hook/cmake_prefix_path.ps1'
[2.592s] INFO:colcon.colcon_core.shell:Creating environment descriptor '/root/aerostack2_ws/install/as2_cli/share/as2_cli/hook/cmake_prefix_path.dsv'
[2.592s] INFO:colcon.colcon_core.shell:Creating environment hook '/root/aerostack2_ws/install/as2_cli/share/as2_cli/hook/cmake_prefix_path.sh'
[2.596s] Level 1:colcon.colcon_core.environment:checking '/root/aerostack2_ws/install/as2_cli/bin'
[2.596s] Level 1:colcon.colcon_core.environment:checking '/root/aerostack2_ws/install/as2_cli/lib/pkgconfig/as2_cli.pc'
[2.597s] Level 1:colcon.colcon_core.environment:checking '/root/aerostack2_ws/install/as2_cli/lib/python3.10/site-packages'
[2.597s] Level 1:colcon.colcon_core.environment:checking '/root/aerostack2_ws/install/as2_cli/bin'
[2.598s] INFO:colcon.colcon_core.shell:Creating package script '/root/aerostack2_ws/install/as2_cli/share/as2_cli/package.ps1'
[2.598s] INFO:colcon.colcon_core.shell:Creating package descriptor '/root/aerostack2_ws/install/as2_cli/share/as2_cli/package.dsv'
[2.599s] INFO:colcon.colcon_core.shell:Creating package script '/root/aerostack2_ws/install/as2_cli/share/as2_cli/package.sh'
[2.604s] INFO:colcon.colcon_core.shell:Creating package script '/root/aerostack2_ws/install/as2_cli/share/as2_cli/package.bash'
[2.608s] INFO:colcon.colcon_core.shell:Creating package script '/root/aerostack2_ws/install/as2_cli/share/as2_cli/package.zsh'
[2.609s] Level 1:colcon.colcon_core.environment:create_file_with_runtime_dependencies(/root/aerostack2_ws/install/as2_cli/share/colcon-core/packages/as2_cli)
[2.720s] DEBUG:colcon.colcon_core.event_handler.log_command:Invoked command in '/root/aerostack2_ws/build/as2_cli' returned '0': CMAKE_PREFIX_PATH=${CMAKE_PREFIX_PATH}:/root/aerostack2_ws/install/rmf_demos_tasks:/root/aerostack2_ws/install/rmf_demos_panel:/root/aerostack2_ws/install/rmf_demos_fleet_adapter:/root/aerostack2_ws/install/rmf_demos_dashboard_resources:/root/aerostack2_ws/install/rmf_demos_bridges:/root/aerostack2_ws/install/rmf_demos_assets:/root/aerostack2_ws/install/as2_visualization:/root/aerostack2_ws/install/as2_swarm_perception:/root/aerostack2_ws/install/as2_swarm_fusion_ci:/root/aerostack2_ws/install/as2_swarm_ekf:/root/aerostack2_ws/install/as2_keyboard_teleoperation:/root/aerostack2_ws/install/as2_python_api:/root/aerostack2_ws/install/as2_project_bringup:/root/aerostack2_ws/install/as2_perception:/root/aerostack2_ws/install/as2_groundray_perception:/opt/ros/humble /usr/bin/cmake --install /root/aerostack2_ws/build/as2_cli
[2.732s] Level 1:colcon.colcon_core.environment:create_environment_scripts_only(as2_msgs)
[2.733s] Level 1:colcon.colcon_core.environment:checking '/root/aerostack2_ws/install/as2_msgs' for CMake module files
[2.734s] Level 1:colcon.colcon_core.environment:checking '/root/aerostack2_ws/install/as2_msgs' for CMake config files
[2.735s] Level 1:colcon.colcon_core.shell:create_environment_hook('as2_msgs', 'cmake_prefix_path')
[2.735s] INFO:colcon.colcon_core.shell:Creating environment hook '/root/aerostack2_ws/install/as2_msgs/share/as2_msgs/hook/cmake_prefix_path.ps1'
[2.742s] INFO:colcon.colcon_core.shell:Creating environment descriptor '/root/aerostack2_ws/install/as2_msgs/share/as2_msgs/hook/cmake_prefix_path.dsv'
[2.743s] INFO:colcon.colcon_core.shell:Creating environment hook '/root/aerostack2_ws/install/as2_msgs/share/as2_msgs/hook/cmake_prefix_path.sh'
[2.745s] Level 1:colcon.colcon_core.environment:checking '/root/aerostack2_ws/install/as2_msgs/lib'
[2.745s] Level 1:colcon.colcon_core.shell:create_environment_hook('as2_msgs', 'ld_library_path_lib')
[2.756s] INFO:colcon.colcon_core.shell:Creating environment hook '/root/aerostack2_ws/install/as2_msgs/share/as2_msgs/hook/ld_library_path_lib.ps1'
[2.758s] INFO:colcon.colcon_core.shell:Creating environment descriptor '/root/aerostack2_ws/install/as2_msgs/share/as2_msgs/hook/ld_library_path_lib.dsv'
[2.758s] INFO:colcon.colcon_core.shell:Creating environment hook '/root/aerostack2_ws/install/as2_msgs/share/as2_msgs/hook/ld_library_path_lib.sh'
[2.759s] Level 1:colcon.colcon_core.environment:checking '/root/aerostack2_ws/install/as2_msgs/bin'
[2.759s] Level 1:colcon.colcon_core.environment:checking '/root/aerostack2_ws/install/as2_msgs/lib/pkgconfig/as2_msgs.pc'
[2.759s] Level 1:colcon.colcon_core.environment:checking '/root/aerostack2_ws/install/as2_msgs/lib/python3.10/site-packages'
[2.760s] Level 1:colcon.colcon_core.environment:checking '/root/aerostack2_ws/install/as2_msgs/bin'
[2.760s] INFO:colcon.colcon_core.shell:Creating package script '/root/aerostack2_ws/install/as2_msgs/share/as2_msgs/package.ps1'
[2.761s] INFO:colcon.colcon_core.shell:Creating package descriptor '/root/aerostack2_ws/install/as2_msgs/share/as2_msgs/package.dsv'
[2.762s] INFO:colcon.colcon_core.shell:Creating package script '/root/aerostack2_ws/install/as2_msgs/share/as2_msgs/package.sh'
[2.762s] INFO:colcon.colcon_core.shell:Creating package script '/root/aerostack2_ws/install/as2_msgs/share/as2_msgs/package.bash'
[2.763s] INFO:colcon.colcon_core.shell:Creating package script '/root/aerostack2_ws/install/as2_msgs/share/as2_msgs/package.zsh'
[2.767s] Level 1:colcon.colcon_core.environment:create_file_with_runtime_dependencies(/root/aerostack2_ws/install/as2_msgs/share/colcon-core/packages/as2_msgs)
[2.768s] Level 1:colcon.colcon_core.environment:create_environment_scripts_only(as2_msgs)
[2.769s] Level 1:colcon.colcon_core.environment:checking '/root/aerostack2_ws/install/as2_msgs' for CMake module files
[2.770s] Level 1:colcon.colcon_core.environment:checking '/root/aerostack2_ws/install/as2_msgs' for CMake config files
[2.770s] Level 1:colcon.colcon_core.shell:create_environment_hook('as2_msgs', 'cmake_prefix_path')
[2.771s] INFO:colcon.colcon_core.shell:Creating environment hook '/root/aerostack2_ws/install/as2_msgs/share/as2_msgs/hook/cmake_prefix_path.ps1'
[2.774s] DEBUG:colcon.colcon_core.event_handler.log_command:Invoked command in '/root/aerostack2_ws/build/as2_msgs' returned '0': CMAKE_PREFIX_PATH=${CMAKE_PREFIX_PATH}:/root/aerostack2_ws/install/rmf_demos_tasks:/root/aerostack2_ws/install/rmf_demos_panel:/root/aerostack2_ws/install/rmf_demos_fleet_adapter:/root/aerostack2_ws/install/rmf_demos_dashboard_resources:/root/aerostack2_ws/install/rmf_demos_bridges:/root/aerostack2_ws/install/rmf_demos_assets:/root/aerostack2_ws/install/as2_visualization:/root/aerostack2_ws/install/as2_swarm_perception:/root/aerostack2_ws/install/as2_swarm_fusion_ci:/root/aerostack2_ws/install/as2_swarm_ekf:/root/aerostack2_ws/install/as2_keyboard_teleoperation:/root/aerostack2_ws/install/as2_python_api:/root/aerostack2_ws/install/as2_project_bringup:/root/aerostack2_ws/install/as2_perception:/root/aerostack2_ws/install/as2_groundray_perception:/opt/ros/humble /usr/bin/cmake --install /root/aerostack2_ws/build/as2_msgs
[2.775s] INFO:colcon.colcon_core.shell:Creating environment descriptor '/root/aerostack2_ws/install/as2_msgs/share/as2_msgs/hook/cmake_prefix_path.dsv'
[2.776s] INFO:colcon.colcon_core.shell:Creating environment hook '/root/aerostack2_ws/install/as2_msgs/share/as2_msgs/hook/cmake_prefix_path.sh'
[2.777s] Level 1:colcon.colcon_core.environment:checking '/root/aerostack2_ws/install/as2_msgs/lib'
[2.777s] Level 1:colcon.colcon_core.shell:create_environment_hook('as2_msgs', 'ld_library_path_lib')
[2.778s] INFO:colcon.colcon_core.shell:Creating environment hook '/root/aerostack2_ws/install/as2_msgs/share/as2_msgs/hook/ld_library_path_lib.ps1'
[2.778s] INFO:colcon.colcon_core.shell:Creating environment descriptor '/root/aerostack2_ws/install/as2_msgs/share/as2_msgs/hook/ld_library_path_lib.dsv'
[2.779s] INFO:colcon.colcon_core.shell:Creating environment hook '/root/aerostack2_ws/install/as2_msgs/share/as2_msgs/hook/ld_library_path_lib.sh'
[2.779s] Level 1:colcon.colcon_core.environment:checking '/root/aerostack2_ws/install/as2_msgs/bin'
[2.780s] Level 1:colcon.colcon_core.environment:checking '/root/aerostack2_ws/install/as2_msgs/lib/pkgconfig/as2_msgs.pc'
[2.781s] Level 1:colcon.colcon_core.environment:checking '/root/aerostack2_ws/install/as2_msgs/lib/python3.10/site-packages'
[2.781s] Level 1:colcon.colcon_core.environment:checking '/root/aerostack2_ws/install/as2_msgs/bin'
[2.782s] INFO:colcon.colcon_core.shell:Creating package script '/root/aerostack2_ws/install/as2_msgs/share/as2_msgs/package.ps1'
[2.782s] INFO:colcon.colcon_core.shell:Creating package descriptor '/root/aerostack2_ws/install/as2_msgs/share/as2_msgs/package.dsv'
[2.783s] INFO:colcon.colcon_core.shell:Creating package script '/root/aerostack2_ws/install/as2_msgs/share/as2_msgs/package.sh'
[2.784s] INFO:colcon.colcon_core.shell:Creating package script '/root/aerostack2_ws/install/as2_msgs/share/as2_msgs/package.bash'
[2.784s] INFO:colcon.colcon_core.shell:Creating package script '/root/aerostack2_ws/install/as2_msgs/share/as2_msgs/package.zsh'
[2.785s] Level 1:colcon.colcon_core.environment:create_file_with_runtime_dependencies(/root/aerostack2_ws/install/as2_msgs/share/colcon-core/packages/as2_msgs)
[2.786s] INFO:colcon.colcon_ros.task.ament_cmake.build:Building ROS package in '/root/aerostack2_ws/src/aerostack2/as2_core' with build type 'ament_cmake'
[2.786s] INFO:colcon.colcon_cmake.task.cmake.build:Building CMake package in '/root/aerostack2_ws/src/aerostack2/as2_core'
[2.786s] INFO:colcon.colcon_core.shell:Skip shell extension 'powershell' for command environment: Not usable outside of PowerShell
[2.787s] DEBUG:colcon.colcon_core.shell:Skip shell extension 'dsv' for command environment
[2.829s] DEBUG:colcon.colcon_core.event_handler.log_command:Invoking command in '/root/aerostack2_ws/build/as2_core': CMAKE_PREFIX_PATH=/root/aerostack2_ws/install/as2_msgs:/root/aerostack2_ws/install/rmf_demos_gz_classic:/root/aerostack2_ws/install/rmf_demos_gz:/root/aerostack2_ws/install/rmf_demos:/root/aerostack2_ws/install/rmf_demos_maps:/root/aerostack2_ws/install/aerostack2:/root/aerostack2_ws/install/as2_usb_camera_interface:/root/aerostack2_ws/install/as2_state_estimator:/root/aerostack2_ws/install/as2_rviz_plugins:/root/aerostack2_ws/install/as2_realsense_interface:/root/aerostack2_ws/install/as2_platform_multirotor_simulator:/root/aerostack2_ws/install/as2_platform_gazebo:/root/aerostack2_ws/install/as2_motion_controller:/root/aerostack2_ws/install/as2_behaviors_trajectory_generation:/root/aerostack2_ws/install/as2_behaviors_swarm_flocking:/root/aerostack2_ws/install/as2_behaviors_motion:/root/aerostack2_ws/install/as2_motion_reference_handlers:/root/aerostack2_ws/install/as2_map_server:/root/aerostack2_ws/install/as2_geozones:/root/aerostack2_ws/install/as2_gazebo_assets:/root/aerostack2_ws/install/as2_external_object_to_tf:/root/aerostack2_ws/install/as2_behaviors_platform:/root/aerostack2_ws/install/as2_behaviors_perception:/root/aerostack2_ws/install/as2_behaviors_path_planning:/root/aerostack2_ws/install/as2_behavior_tree:/root/aerostack2_ws/install/as2_behavior:/root/aerostack2_ws/install/as2_alphanumeric_viewer:/root/aerostack2_ws/install/as2_core:/root/aerostack2_ws/install/as2_cli:/root/aerostack2_ws/install/rmf_demos_tasks:/root/aerostack2_ws/install/rmf_demos_panel:/root/aerostack2_ws/install/rmf_demos_fleet_adapter:/root/aerostack2_ws/install/rmf_demos_dashboard_resources:/root/aerostack2_ws/install/rmf_demos_bridges:/root/aerostack2_ws/install/rmf_demos_assets:/root/aerostack2_ws/install/as2_visualization:/root/aerostack2_ws/install/as2_swarm_perception:/root/aerostack2_ws/install/as2_swarm_fusion_ci:/root/aerostack2_ws/install/as2_swarm_ekf:/root/aerostack2_ws/install/as2_keyboard_teleoperation:/root/aerostack2_ws/install/as2_python_api:/root/aerostack2_ws/install/as2_project_bringup:/root/aerostack2_ws/install/as2_perception:/root/aerostack2_ws/install/as2_groundray_perception:/opt/ros/humble LD_LIBRARY_PATH=/root/aerostack2_ws/install/as2_msgs/lib:/root/aerostack2_ws/install/as2_state_estimator/lib:/root/aerostack2_ws/install/as2_python_api/lib:/root/aerostack2_ws/install/as2_motion_controller/lib:/root/aerostack2_ws/install/as2_behaviors_trajectory_generation/lib:/root/aerostack2_ws/install/as2_behaviors_swarm_flocking/lib:/root/aerostack2_ws/install/as2_behaviors_motion/lib:/root/aerostack2_ws/install/as2_motion_reference_handlers/lib:/root/aerostack2_ws/install/as2_map_server/lib:/root/aerostack2_ws/install/as2_gazebo_assets/lib:/root/aerostack2_ws/install/as2_behaviors_perception/lib:/root/aerostack2_ws/install/as2_behaviors_path_planning/lib:/root/aerostack2_ws/install/as2_behavior_tree/lib:/root/aerostack2_ws/install/as2_behavior/lib:/root/aerostack2_ws/install/as2_core/lib:/opt/ros/humble/opt/rviz_ogre_vendor/lib:/opt/ros/humble/lib/x86_64-linux-gnu:/opt/ros/humble/lib /usr/bin/cmake --build /root/aerostack2_ws/build/as2_core -- -j8 -l8
[3.276s] DEBUG:colcon.colcon_core.event_handler.log_command:Invoking command in '/root/aerostack2_ws/src/aerostack2/as2_swarm_ekf': PYTHONPATH=/root/aerostack2_ws/build/as2_swarm_ekf/prefix_override:/usr/lib/python3/dist-packages/colcon_core/task/python/colcon_distutils_commands:/root/aerostack2_ws/install/as2_swarm_ekf/lib/python3.10/site-packages:${PYTHONPATH} /usr/bin/python3 -W ignore:setup.py install is deprecated -W ignore:easy_install command is deprecated setup.py egg_info --egg-base ../../../build/as2_swarm_ekf build --build-base /root/aerostack2_ws/build/as2_swarm_ekf/build install --record /root/aerostack2_ws/build/as2_swarm_ekf/install.log --single-version-externally-managed install_data
[3.293s] DEBUG:colcon.colcon_core.event_handler.log_command:Invoking command in '/root/aerostack2_ws/src/aerostack2/as2_swarm_fusion_ci': PYTHONPATH=/root/aerostack2_ws/build/as2_swarm_fusion_ci/prefix_override:/usr/lib/python3/dist-packages/colcon_core/task/python/colcon_distutils_commands:/root/aerostack2_ws/install/as2_swarm_fusion_ci/lib/python3.10/site-packages:${PYTHONPATH} /usr/bin/python3 -W ignore:setup.py install is deprecated -W ignore:easy_install command is deprecated setup.py egg_info --egg-base ../../../build/as2_swarm_fusion_ci build --build-base /root/aerostack2_ws/build/as2_swarm_fusion_ci/build install --record /root/aerostack2_ws/build/as2_swarm_fusion_ci/install.log --single-version-externally-managed install_data
[3.299s] DEBUG:colcon.colcon_core.event_handler.log_command:Invoking command in '/root/aerostack2_ws/src/aerostack2/as2_swarm_perception': PYTHONPATH=/root/aerostack2_ws/build/as2_swarm_perception/prefix_override:/usr/lib/python3/dist-packages/colcon_core/task/python/colcon_distutils_commands:/root/aerostack2_ws/install/as2_swarm_perception/lib/python3.10/site-packages:${PYTHONPATH} /usr/bin/python3 -W ignore:setup.py install is deprecated -W ignore:easy_install command is deprecated setup.py egg_info --egg-base ../../../build/as2_swarm_perception build --build-base /root/aerostack2_ws/build/as2_swarm_perception/build install --record /root/aerostack2_ws/build/as2_swarm_perception/install.log --single-version-externally-managed install_data
[3.310s] DEBUG:colcon.colcon_core.event_handler.log_command:Invoking command in '/root/aerostack2_ws/src/aerostack2/as2_project_bringup': PYTHONPATH=/root/aerostack2_ws/build/as2_project_bringup/prefix_override:/usr/lib/python3/dist-packages/colcon_core/task/python/colcon_distutils_commands:/root/aerostack2_ws/install/as2_project_bringup/lib/python3.10/site-packages:${PYTHONPATH} /usr/bin/python3 -W ignore:setup.py install is deprecated -W ignore:easy_install command is deprecated setup.py egg_info --egg-base ../../../build/as2_project_bringup build --build-base /root/aerostack2_ws/build/as2_project_bringup/build install --record /root/aerostack2_ws/build/as2_project_bringup/install.log --single-version-externally-managed install_data
[3.336s] DEBUG:colcon.colcon_core.event_handler.log_command:Invoking command in '/root/aerostack2_ws/src/aerostack2/as2_groundray_perception': PYTHONPATH=/root/aerostack2_ws/build/as2_groundray_perception/prefix_override:/usr/lib/python3/dist-packages/colcon_core/task/python/colcon_distutils_commands:/root/aerostack2_ws/install/as2_groundray_perception/lib/python3.10/site-packages:${PYTHONPATH} /usr/bin/python3 -W ignore:setup.py install is deprecated -W ignore:easy_install command is deprecated setup.py egg_info --egg-base ../../../build/as2_groundray_perception build --build-base /root/aerostack2_ws/build/as2_groundray_perception/build install --record /root/aerostack2_ws/build/as2_groundray_perception/install.log --single-version-externally-managed install_data
[3.340s] DEBUG:colcon.colcon_core.event_handler.log_command:Invoking command in '/root/aerostack2_ws/src/aerostack2/as2_perception': PYTHONPATH=/root/aerostack2_ws/build/as2_perception/prefix_override:/usr/lib/python3/dist-packages/colcon_core/task/python/colcon_distutils_commands:/root/aerostack2_ws/install/as2_perception/lib/python3.10/site-packages:${PYTHONPATH} /usr/bin/python3 -W ignore:setup.py install is deprecated -W ignore:easy_install command is deprecated setup.py egg_info --egg-base ../../../build/as2_perception build --build-base /root/aerostack2_ws/build/as2_perception/build install --record /root/aerostack2_ws/build/as2_perception/install.log --single-version-externally-managed install_data
[3.871s] Level 1:colcon.colcon_core.environment:checking '/root/aerostack2_ws/install/as2_swarm_fusion_ci' for CMake module files
[3.872s] DEBUG:colcon.colcon_core.event_handler.log_command:Invoked command in '/root/aerostack2_ws/src/aerostack2/as2_swarm_fusion_ci' returned '0': PYTHONPATH=/root/aerostack2_ws/build/as2_swarm_fusion_ci/prefix_override:/usr/lib/python3/dist-packages/colcon_core/task/python/colcon_distutils_commands:/root/aerostack2_ws/install/as2_swarm_fusion_ci/lib/python3.10/site-packages:${PYTHONPATH} /usr/bin/python3 -W ignore:setup.py install is deprecated -W ignore:easy_install command is deprecated setup.py egg_info --egg-base ../../../build/as2_swarm_fusion_ci build --build-base /root/aerostack2_ws/build/as2_swarm_fusion_ci/build install --record /root/aerostack2_ws/build/as2_swarm_fusion_ci/install.log --single-version-externally-managed install_data
[3.872s] Level 1:colcon.colcon_core.environment:checking '/root/aerostack2_ws/install/as2_swarm_fusion_ci' for CMake config files
[3.873s] Level 1:colcon.colcon_core.environment:checking '/root/aerostack2_ws/install/as2_swarm_fusion_ci/lib'
[3.873s] Level 1:colcon.colcon_core.environment:checking '/root/aerostack2_ws/install/as2_swarm_fusion_ci/bin'
[3.874s] Level 1:colcon.colcon_core.environment:checking '/root/aerostack2_ws/install/as2_swarm_fusion_ci/lib/pkgconfig/as2_swarm_fusion_ci.pc'
[3.874s] Level 1:colcon.colcon_core.environment:checking '/root/aerostack2_ws/install/as2_swarm_fusion_ci/lib/python3.10/site-packages'
[3.874s] Level 1:colcon.colcon_core.shell:create_environment_hook('as2_swarm_fusion_ci', 'pythonpath')
[3.874s] INFO:colcon.colcon_core.shell:Creating environment hook '/root/aerostack2_ws/install/as2_swarm_fusion_ci/share/as2_swarm_fusion_ci/hook/pythonpath.ps1'
[3.875s] INFO:colcon.colcon_core.shell:Creating environment descriptor '/root/aerostack2_ws/install/as2_swarm_fusion_ci/share/as2_swarm_fusion_ci/hook/pythonpath.dsv'
[3.879s] INFO:colcon.colcon_core.shell:Creating environment hook '/root/aerostack2_ws/install/as2_swarm_fusion_ci/share/as2_swarm_fusion_ci/hook/pythonpath.sh'
[3.880s] Level 1:colcon.colcon_core.environment:checking '/root/aerostack2_ws/install/as2_swarm_fusion_ci/bin'
[3.880s] Level 1:colcon.colcon_core.environment:create_environment_scripts_only(as2_swarm_fusion_ci)
[3.880s] INFO:colcon.colcon_core.shell:Creating package script '/root/aerostack2_ws/install/as2_swarm_fusion_ci/share/as2_swarm_fusion_ci/package.ps1'
[3.881s] INFO:colcon.colcon_core.shell:Creating package descriptor '/root/aerostack2_ws/install/as2_swarm_fusion_ci/share/as2_swarm_fusion_ci/package.dsv'
[3.882s] INFO:colcon.colcon_core.shell:Creating package script '/root/aerostack2_ws/install/as2_swarm_fusion_ci/share/as2_swarm_fusion_ci/package.sh'
[3.882s] INFO:colcon.colcon_core.shell:Creating package script '/root/aerostack2_ws/install/as2_swarm_fusion_ci/share/as2_swarm_fusion_ci/package.bash'
[3.883s] INFO:colcon.colcon_core.shell:Creating package script '/root/aerostack2_ws/install/as2_swarm_fusion_ci/share/as2_swarm_fusion_ci/package.zsh'
[3.884s] Level 1:colcon.colcon_core.environment:create_file_with_runtime_dependencies(/root/aerostack2_ws/install/as2_swarm_fusion_ci/share/colcon-core/packages/as2_swarm_fusion_ci)
[3.965s] Level 1:colcon.colcon_core.environment:checking '/root/aerostack2_ws/install/as2_groundray_perception' for CMake module files
[3.966s] DEBUG:colcon.colcon_core.event_handler.log_command:Invoked command in '/root/aerostack2_ws/src/aerostack2/as2_groundray_perception' returned '0': PYTHONPATH=/root/aerostack2_ws/build/as2_groundray_perception/prefix_override:/usr/lib/python3/dist-packages/colcon_core/task/python/colcon_distutils_commands:/root/aerostack2_ws/install/as2_groundray_perception/lib/python3.10/site-packages:${PYTHONPATH} /usr/bin/python3 -W ignore:setup.py install is deprecated -W ignore:easy_install command is deprecated setup.py egg_info --egg-base ../../../build/as2_groundray_perception build --build-base /root/aerostack2_ws/build/as2_groundray_perception/build install --record /root/aerostack2_ws/build/as2_groundray_perception/install.log --single-version-externally-managed install_data
[3.967s] Level 1:colcon.colcon_core.environment:checking '/root/aerostack2_ws/install/as2_groundray_perception' for CMake config files
[3.968s] Level 1:colcon.colcon_core.environment:checking '/root/aerostack2_ws/install/as2_groundray_perception/lib'
[3.968s] Level 1:colcon.colcon_core.environment:checking '/root/aerostack2_ws/install/as2_groundray_perception/bin'
[3.968s] Level 1:colcon.colcon_core.environment:checking '/root/aerostack2_ws/install/as2_groundray_perception/lib/pkgconfig/as2_groundray_perception.pc'
[3.968s] Level 1:colcon.colcon_core.environment:checking '/root/aerostack2_ws/install/as2_groundray_perception/lib/python3.10/site-packages'
[3.969s] Level 1:colcon.colcon_core.shell:create_environment_hook('as2_groundray_perception', 'pythonpath')
[3.969s] INFO:colcon.colcon_core.shell:Creating environment hook '/root/aerostack2_ws/install/as2_groundray_perception/share/as2_groundray_perception/hook/pythonpath.ps1'
[3.969s] INFO:colcon.colcon_core.shell:Creating environment descriptor '/root/aerostack2_ws/install/as2_groundray_perception/share/as2_groundray_perception/hook/pythonpath.dsv'
[3.970s] INFO:colcon.colcon_core.shell:Creating environment hook '/root/aerostack2_ws/install/as2_groundray_perception/share/as2_groundray_perception/hook/pythonpath.sh'
[3.970s] Level 1:colcon.colcon_core.environment:checking '/root/aerostack2_ws/install/as2_groundray_perception/bin'
[3.970s] Level 1:colcon.colcon_core.environment:create_environment_scripts_only(as2_groundray_perception)
[3.971s] INFO:colcon.colcon_core.shell:Creating package script '/root/aerostack2_ws/install/as2_groundray_perception/share/as2_groundray_perception/package.ps1'
[3.972s] INFO:colcon.colcon_core.shell:Creating package descriptor '/root/aerostack2_ws/install/as2_groundray_perception/share/as2_groundray_perception/package.dsv'
[3.972s] INFO:colcon.colcon_core.shell:Creating package script '/root/aerostack2_ws/install/as2_groundray_perception/share/as2_groundray_perception/package.sh'
[3.972s] INFO:colcon.colcon_core.shell:Creating package script '/root/aerostack2_ws/install/as2_groundray_perception/share/as2_groundray_perception/package.bash'
[3.973s] INFO:colcon.colcon_core.shell:Creating package script '/root/aerostack2_ws/install/as2_groundray_perception/share/as2_groundray_perception/package.zsh'
[3.973s] Level 1:colcon.colcon_core.environment:create_file_with_runtime_dependencies(/root/aerostack2_ws/install/as2_groundray_perception/share/colcon-core/packages/as2_groundray_perception)
[3.974s] Level 1:colcon.colcon_core.environment:checking '/root/aerostack2_ws/install/as2_swarm_perception' for CMake module files
[3.975s] DEBUG:colcon.colcon_core.event_handler.log_command:Invoked command in '/root/aerostack2_ws/src/aerostack2/as2_swarm_perception' returned '0': PYTHONPATH=/root/aerostack2_ws/build/as2_swarm_perception/prefix_override:/usr/lib/python3/dist-packages/colcon_core/task/python/colcon_distutils_commands:/root/aerostack2_ws/install/as2_swarm_perception/lib/python3.10/site-packages:${PYTHONPATH} /usr/bin/python3 -W ignore:setup.py install is deprecated -W ignore:easy_install command is deprecated setup.py egg_info --egg-base ../../../build/as2_swarm_perception build --build-base /root/aerostack2_ws/build/as2_swarm_perception/build install --record /root/aerostack2_ws/build/as2_swarm_perception/install.log --single-version-externally-managed install_data
[3.975s] Level 1:colcon.colcon_core.environment:checking '/root/aerostack2_ws/install/as2_swarm_perception' for CMake config files
[3.976s] Level 1:colcon.colcon_core.environment:checking '/root/aerostack2_ws/install/as2_swarm_perception/lib'
[3.976s] Level 1:colcon.colcon_core.environment:checking '/root/aerostack2_ws/install/as2_swarm_perception/bin'
[3.976s] Level 1:colcon.colcon_core.environment:checking '/root/aerostack2_ws/install/as2_swarm_perception/lib/pkgconfig/as2_swarm_perception.pc'
[3.977s] Level 1:colcon.colcon_core.environment:checking '/root/aerostack2_ws/install/as2_swarm_perception/lib/python3.10/site-packages'
[3.977s] Level 1:colcon.colcon_core.shell:create_environment_hook('as2_swarm_perception', 'pythonpath')
[3.977s] INFO:colcon.colcon_core.shell:Creating environment hook '/root/aerostack2_ws/install/as2_swarm_perception/share/as2_swarm_perception/hook/pythonpath.ps1'
[3.977s] INFO:colcon.colcon_core.shell:Creating environment descriptor '/root/aerostack2_ws/install/as2_swarm_perception/share/as2_swarm_perception/hook/pythonpath.dsv'
[3.978s] INFO:colcon.colcon_core.shell:Creating environment hook '/root/aerostack2_ws/install/as2_swarm_perception/share/as2_swarm_perception/hook/pythonpath.sh'
[3.978s] Level 1:colcon.colcon_core.environment:checking '/root/aerostack2_ws/install/as2_swarm_perception/bin'
[3.979s] Level 1:colcon.colcon_core.environment:create_environment_scripts_only(as2_swarm_perception)
[3.979s] INFO:colcon.colcon_core.shell:Creating package script '/root/aerostack2_ws/install/as2_swarm_perception/share/as2_swarm_perception/package.ps1'
[3.979s] INFO:colcon.colcon_core.shell:Creating package descriptor '/root/aerostack2_ws/install/as2_swarm_perception/share/as2_swarm_perception/package.dsv'
[3.980s] INFO:colcon.colcon_core.shell:Creating package script '/root/aerostack2_ws/install/as2_swarm_perception/share/as2_swarm_perception/package.sh'
[3.980s] INFO:colcon.colcon_core.shell:Creating package script '/root/aerostack2_ws/install/as2_swarm_perception/share/as2_swarm_perception/package.bash'
[3.980s] INFO:colcon.colcon_core.shell:Creating package script '/root/aerostack2_ws/install/as2_swarm_perception/share/as2_swarm_perception/package.zsh'
[3.981s] Level 1:colcon.colcon_core.environment:create_file_with_runtime_dependencies(/root/aerostack2_ws/install/as2_swarm_perception/share/colcon-core/packages/as2_swarm_perception)
[3.981s] Level 1:colcon.colcon_core.environment:checking '/root/aerostack2_ws/install/as2_swarm_ekf' for CMake module files
[3.982s] DEBUG:colcon.colcon_core.event_handler.log_command:Invoked command in '/root/aerostack2_ws/src/aerostack2/as2_swarm_ekf' returned '0': PYTHONPATH=/root/aerostack2_ws/build/as2_swarm_ekf/prefix_override:/usr/lib/python3/dist-packages/colcon_core/task/python/colcon_distutils_commands:/root/aerostack2_ws/install/as2_swarm_ekf/lib/python3.10/site-packages:${PYTHONPATH} /usr/bin/python3 -W ignore:setup.py install is deprecated -W ignore:easy_install command is deprecated setup.py egg_info --egg-base ../../../build/as2_swarm_ekf build --build-base /root/aerostack2_ws/build/as2_swarm_ekf/build install --record /root/aerostack2_ws/build/as2_swarm_ekf/install.log --single-version-externally-managed install_data
[3.982s] Level 1:colcon.colcon_core.environment:checking '/root/aerostack2_ws/install/as2_swarm_ekf' for CMake config files
[3.983s] Level 1:colcon.colcon_core.environment:checking '/root/aerostack2_ws/install/as2_swarm_ekf/lib'
[3.983s] Level 1:colcon.colcon_core.environment:checking '/root/aerostack2_ws/install/as2_swarm_ekf/bin'
[3.983s] Level 1:colcon.colcon_core.environment:checking '/root/aerostack2_ws/install/as2_swarm_ekf/lib/pkgconfig/as2_swarm_ekf.pc'
[3.983s] Level 1:colcon.colcon_core.environment:checking '/root/aerostack2_ws/install/as2_swarm_ekf/lib/python3.10/site-packages'
[3.983s] Level 1:colcon.colcon_core.shell:create_environment_hook('as2_swarm_ekf', 'pythonpath')
[3.984s] INFO:colcon.colcon_core.shell:Creating environment hook '/root/aerostack2_ws/install/as2_swarm_ekf/share/as2_swarm_ekf/hook/pythonpath.ps1'
[3.984s] INFO:colcon.colcon_core.shell:Creating environment descriptor '/root/aerostack2_ws/install/as2_swarm_ekf/share/as2_swarm_ekf/hook/pythonpath.dsv'
[3.984s] INFO:colcon.colcon_core.shell:Creating environment hook '/root/aerostack2_ws/install/as2_swarm_ekf/share/as2_swarm_ekf/hook/pythonpath.sh'
[3.985s] Level 1:colcon.colcon_core.environment:checking '/root/aerostack2_ws/install/as2_swarm_ekf/bin'
[3.985s] Level 1:colcon.colcon_core.environment:create_environment_scripts_only(as2_swarm_ekf)
[3.985s] INFO:colcon.colcon_core.shell:Creating package script '/root/aerostack2_ws/install/as2_swarm_ekf/share/as2_swarm_ekf/package.ps1'
[3.986s] INFO:colcon.colcon_core.shell:Creating package descriptor '/root/aerostack2_ws/install/as2_swarm_ekf/share/as2_swarm_ekf/package.dsv'
[3.986s] INFO:colcon.colcon_core.shell:Creating package script '/root/aerostack2_ws/install/as2_swarm_ekf/share/as2_swarm_ekf/package.sh'
[3.987s] INFO:colcon.colcon_core.shell:Creating package script '/root/aerostack2_ws/install/as2_swarm_ekf/share/as2_swarm_ekf/package.bash'
[3.987s] INFO:colcon.colcon_core.shell:Creating package script '/root/aerostack2_ws/install/as2_swarm_ekf/share/as2_swarm_ekf/package.zsh'
[3.988s] Level 1:colcon.colcon_core.environment:create_file_with_runtime_dependencies(/root/aerostack2_ws/install/as2_swarm_ekf/share/colcon-core/packages/as2_swarm_ekf)
[3.989s] Level 1:colcon.colcon_core.environment:checking '/root/aerostack2_ws/install/as2_project_bringup' for CMake module files
[3.992s] DEBUG:colcon.colcon_core.event_handler.log_command:Invoked command in '/root/aerostack2_ws/src/aerostack2/as2_project_bringup' returned '0': PYTHONPATH=/root/aerostack2_ws/build/as2_project_bringup/prefix_override:/usr/lib/python3/dist-packages/colcon_core/task/python/colcon_distutils_commands:/root/aerostack2_ws/install/as2_project_bringup/lib/python3.10/site-packages:${PYTHONPATH} /usr/bin/python3 -W ignore:setup.py install is deprecated -W ignore:easy_install command is deprecated setup.py egg_info --egg-base ../../../build/as2_project_bringup build --build-base /root/aerostack2_ws/build/as2_project_bringup/build install --record /root/aerostack2_ws/build/as2_project_bringup/install.log --single-version-externally-managed install_data
[3.992s] Level 1:colcon.colcon_core.environment:checking '/root/aerostack2_ws/install/as2_project_bringup' for CMake config files
[3.993s] Level 1:colcon.colcon_core.environment:checking '/root/aerostack2_ws/install/as2_project_bringup/lib'
[3.993s] Level 1:colcon.colcon_core.environment:checking '/root/aerostack2_ws/install/as2_project_bringup/bin'
[3.994s] Level 1:colcon.colcon_core.environment:checking '/root/aerostack2_ws/install/as2_project_bringup/lib/pkgconfig/as2_project_bringup.pc'
[3.994s] Level 1:colcon.colcon_core.environment:checking '/root/aerostack2_ws/install/as2_project_bringup/lib/python3.10/site-packages'
[3.994s] Level 1:colcon.colcon_core.shell:create_environment_hook('as2_project_bringup', 'pythonpath')
[3.994s] INFO:colcon.colcon_core.shell:Creating environment hook '/root/aerostack2_ws/install/as2_project_bringup/share/as2_project_bringup/hook/pythonpath.ps1'
[3.996s] INFO:colcon.colcon_core.shell:Creating environment descriptor '/root/aerostack2_ws/install/as2_project_bringup/share/as2_project_bringup/hook/pythonpath.dsv'
[3.996s] INFO:colcon.colcon_core.shell:Creating environment hook '/root/aerostack2_ws/install/as2_project_bringup/share/as2_project_bringup/hook/pythonpath.sh'
[3.997s] Level 1:colcon.colcon_core.environment:checking '/root/aerostack2_ws/install/as2_project_bringup/bin'
[3.997s] Level 1:colcon.colcon_core.environment:create_environment_scripts_only(as2_project_bringup)
[3.998s] INFO:colcon.colcon_core.shell:Creating package script '/root/aerostack2_ws/install/as2_project_bringup/share/as2_project_bringup/package.ps1'
[3.998s] INFO:colcon.colcon_core.shell:Creating package descriptor '/root/aerostack2_ws/install/as2_project_bringup/share/as2_project_bringup/package.dsv'
[3.999s] INFO:colcon.colcon_core.shell:Creating package script '/root/aerostack2_ws/install/as2_project_bringup/share/as2_project_bringup/package.sh'
[3.999s] INFO:colcon.colcon_core.shell:Creating package script '/root/aerostack2_ws/install/as2_project_bringup/share/as2_project_bringup/package.bash'
[4.000s] INFO:colcon.colcon_core.shell:Creating package script '/root/aerostack2_ws/install/as2_project_bringup/share/as2_project_bringup/package.zsh'
[4.000s] Level 1:colcon.colcon_core.environment:create_file_with_runtime_dependencies(/root/aerostack2_ws/install/as2_project_bringup/share/colcon-core/packages/as2_project_bringup)
[4.025s] Level 1:colcon.colcon_core.environment:checking '/root/aerostack2_ws/install/as2_perception' for CMake module files
[4.026s] DEBUG:colcon.colcon_core.event_handler.log_command:Invoked command in '/root/aerostack2_ws/src/aerostack2/as2_perception' returned '0': PYTHONPATH=/root/aerostack2_ws/build/as2_perception/prefix_override:/usr/lib/python3/dist-packages/colcon_core/task/python/colcon_distutils_commands:/root/aerostack2_ws/install/as2_perception/lib/python3.10/site-packages:${PYTHONPATH} /usr/bin/python3 -W ignore:setup.py install is deprecated -W ignore:easy_install command is deprecated setup.py egg_info --egg-base ../../../build/as2_perception build --build-base /root/aerostack2_ws/build/as2_perception/build install --record /root/aerostack2_ws/build/as2_perception/install.log --single-version-externally-managed install_data
[4.026s] Level 1:colcon.colcon_core.environment:checking '/root/aerostack2_ws/install/as2_perception' for CMake config files
[4.027s] Level 1:colcon.colcon_core.environment:checking '/root/aerostack2_ws/install/as2_perception/lib'
[4.027s] Level 1:colcon.colcon_core.environment:checking '/root/aerostack2_ws/install/as2_perception/bin'
[4.027s] Level 1:colcon.colcon_core.environment:checking '/root/aerostack2_ws/install/as2_perception/lib/pkgconfig/as2_perception.pc'
[4.027s] Level 1:colcon.colcon_core.environment:checking '/root/aerostack2_ws/install/as2_perception/lib/python3.10/site-packages'
[4.027s] Level 1:colcon.colcon_core.shell:create_environment_hook('as2_perception', 'pythonpath')
[4.028s] INFO:colcon.colcon_core.shell:Creating environment hook '/root/aerostack2_ws/install/as2_perception/share/as2_perception/hook/pythonpath.ps1'
[4.028s] INFO:colcon.colcon_core.shell:Creating environment descriptor '/root/aerostack2_ws/install/as2_perception/share/as2_perception/hook/pythonpath.dsv'
[4.029s] INFO:colcon.colcon_core.shell:Creating environment hook '/root/aerostack2_ws/install/as2_perception/share/as2_perception/hook/pythonpath.sh'
[4.029s] Level 1:colcon.colcon_core.environment:checking '/root/aerostack2_ws/install/as2_perception/bin'
[4.029s] Level 1:colcon.colcon_core.environment:create_environment_scripts_only(as2_perception)
[4.030s] INFO:colcon.colcon_core.shell:Creating package script '/root/aerostack2_ws/install/as2_perception/share/as2_perception/package.ps1'
[4.030s] INFO:colcon.colcon_core.shell:Creating package descriptor '/root/aerostack2_ws/install/as2_perception/share/as2_perception/package.dsv'
[4.031s] INFO:colcon.colcon_core.shell:Creating package script '/root/aerostack2_ws/install/as2_perception/share/as2_perception/package.sh'
[4.031s] INFO:colcon.colcon_core.shell:Creating package script '/root/aerostack2_ws/install/as2_perception/share/as2_perception/package.bash'
[4.031s] INFO:colcon.colcon_core.shell:Creating package script '/root/aerostack2_ws/install/as2_perception/share/as2_perception/package.zsh'
[4.032s] Level 1:colcon.colcon_core.environment:create_file_with_runtime_dependencies(/root/aerostack2_ws/install/as2_perception/share/colcon-core/packages/as2_perception)
[4.163s] DEBUG:colcon.colcon_core.event_handler.log_command:Invoked command in '/root/aerostack2_ws/build/as2_core' returned '0': CMAKE_PREFIX_PATH=/root/aerostack2_ws/install/as2_msgs:/root/aerostack2_ws/install/rmf_demos_gz_classic:/root/aerostack2_ws/install/rmf_demos_gz:/root/aerostack2_ws/install/rmf_demos:/root/aerostack2_ws/install/rmf_demos_maps:/root/aerostack2_ws/install/aerostack2:/root/aerostack2_ws/install/as2_usb_camera_interface:/root/aerostack2_ws/install/as2_state_estimator:/root/aerostack2_ws/install/as2_rviz_plugins:/root/aerostack2_ws/install/as2_realsense_interface:/root/aerostack2_ws/install/as2_platform_multirotor_simulator:/root/aerostack2_ws/install/as2_platform_gazebo:/root/aerostack2_ws/install/as2_motion_controller:/root/aerostack2_ws/install/as2_behaviors_trajectory_generation:/root/aerostack2_ws/install/as2_behaviors_swarm_flocking:/root/aerostack2_ws/install/as2_behaviors_motion:/root/aerostack2_ws/install/as2_motion_reference_handlers:/root/aerostack2_ws/install/as2_map_server:/root/aerostack2_ws/install/as2_geozones:/root/aerostack2_ws/install/as2_gazebo_assets:/root/aerostack2_ws/install/as2_external_object_to_tf:/root/aerostack2_ws/install/as2_behaviors_platform:/root/aerostack2_ws/install/as2_behaviors_perception:/root/aerostack2_ws/install/as2_behaviors_path_planning:/root/aerostack2_ws/install/as2_behavior_tree:/root/aerostack2_ws/install/as2_behavior:/root/aerostack2_ws/install/as2_alphanumeric_viewer:/root/aerostack2_ws/install/as2_core:/root/aerostack2_ws/install/as2_cli:/root/aerostack2_ws/install/rmf_demos_tasks:/root/aerostack2_ws/install/rmf_demos_panel:/root/aerostack2_ws/install/rmf_demos_fleet_adapter:/root/aerostack2_ws/install/rmf_demos_dashboard_resources:/root/aerostack2_ws/install/rmf_demos_bridges:/root/aerostack2_ws/install/rmf_demos_assets:/root/aerostack2_ws/install/as2_visualization:/root/aerostack2_ws/install/as2_swarm_perception:/root/aerostack2_ws/install/as2_swarm_fusion_ci:/root/aerostack2_ws/install/as2_swarm_ekf:/root/aerostack2_ws/install/as2_keyboard_teleoperation:/root/aerostack2_ws/install/as2_python_api:/root/aerostack2_ws/install/as2_project_bringup:/root/aerostack2_ws/install/as2_perception:/root/aerostack2_ws/install/as2_groundray_perception:/opt/ros/humble LD_LIBRARY_PATH=/root/aerostack2_ws/install/as2_msgs/lib:/root/aerostack2_ws/install/as2_state_estimator/lib:/root/aerostack2_ws/install/as2_python_api/lib:/root/aerostack2_ws/install/as2_motion_controller/lib:/root/aerostack2_ws/install/as2_behaviors_trajectory_generation/lib:/root/aerostack2_ws/install/as2_behaviors_swarm_flocking/lib:/root/aerostack2_ws/install/as2_behaviors_motion/lib:/root/aerostack2_ws/install/as2_motion_reference_handlers/lib:/root/aerostack2_ws/install/as2_map_server/lib:/root/aerostack2_ws/install/as2_gazebo_assets/lib:/root/aerostack2_ws/install/as2_behaviors_perception/lib:/root/aerostack2_ws/install/as2_behaviors_path_planning/lib:/root/aerostack2_ws/install/as2_behavior_tree/lib:/root/aerostack2_ws/install/as2_behavior/lib:/root/aerostack2_ws/install/as2_core/lib:/opt/ros/humble/opt/rviz_ogre_vendor/lib:/opt/ros/humble/lib/x86_64-linux-gnu:/opt/ros/humble/lib /usr/bin/cmake --build /root/aerostack2_ws/build/as2_core -- -j8 -l8
[4.164s] DEBUG:colcon.colcon_core.event_handler.log_command:Invoking command in '/root/aerostack2_ws/build/as2_core': CMAKE_PREFIX_PATH=/root/aerostack2_ws/install/as2_msgs:/root/aerostack2_ws/install/rmf_demos_gz_classic:/root/aerostack2_ws/install/rmf_demos_gz:/root/aerostack2_ws/install/rmf_demos:/root/aerostack2_ws/install/rmf_demos_maps:/root/aerostack2_ws/install/aerostack2:/root/aerostack2_ws/install/as2_usb_camera_interface:/root/aerostack2_ws/install/as2_state_estimator:/root/aerostack2_ws/install/as2_rviz_plugins:/root/aerostack2_ws/install/as2_realsense_interface:/root/aerostack2_ws/install/as2_platform_multirotor_simulator:/root/aerostack2_ws/install/as2_platform_gazebo:/root/aerostack2_ws/install/as2_motion_controller:/root/aerostack2_ws/install/as2_behaviors_trajectory_generation:/root/aerostack2_ws/install/as2_behaviors_swarm_flocking:/root/aerostack2_ws/install/as2_behaviors_motion:/root/aerostack2_ws/install/as2_motion_reference_handlers:/root/aerostack2_ws/install/as2_map_server:/root/aerostack2_ws/install/as2_geozones:/root/aerostack2_ws/install/as2_gazebo_assets:/root/aerostack2_ws/install/as2_external_object_to_tf:/root/aerostack2_ws/install/as2_behaviors_platform:/root/aerostack2_ws/install/as2_behaviors_perception:/root/aerostack2_ws/install/as2_behaviors_path_planning:/root/aerostack2_ws/install/as2_behavior_tree:/root/aerostack2_ws/install/as2_behavior:/root/aerostack2_ws/install/as2_alphanumeric_viewer:/root/aerostack2_ws/install/as2_core:/root/aerostack2_ws/install/as2_cli:/root/aerostack2_ws/install/rmf_demos_tasks:/root/aerostack2_ws/install/rmf_demos_panel:/root/aerostack2_ws/install/rmf_demos_fleet_adapter:/root/aerostack2_ws/install/rmf_demos_dashboard_resources:/root/aerostack2_ws/install/rmf_demos_bridges:/root/aerostack2_ws/install/rmf_demos_assets:/root/aerostack2_ws/install/as2_visualization:/root/aerostack2_ws/install/as2_swarm_perception:/root/aerostack2_ws/install/as2_swarm_fusion_ci:/root/aerostack2_ws/install/as2_swarm_ekf:/root/aerostack2_ws/install/as2_keyboard_teleoperation:/root/aerostack2_ws/install/as2_python_api:/root/aerostack2_ws/install/as2_project_bringup:/root/aerostack2_ws/install/as2_perception:/root/aerostack2_ws/install/as2_groundray_perception:/opt/ros/humble LD_LIBRARY_PATH=/root/aerostack2_ws/install/as2_msgs/lib:/root/aerostack2_ws/install/as2_state_estimator/lib:/root/aerostack2_ws/install/as2_python_api/lib:/root/aerostack2_ws/install/as2_motion_controller/lib:/root/aerostack2_ws/install/as2_behaviors_trajectory_generation/lib:/root/aerostack2_ws/install/as2_behaviors_swarm_flocking/lib:/root/aerostack2_ws/install/as2_behaviors_motion/lib:/root/aerostack2_ws/install/as2_motion_reference_handlers/lib:/root/aerostack2_ws/install/as2_map_server/lib:/root/aerostack2_ws/install/as2_gazebo_assets/lib:/root/aerostack2_ws/install/as2_behaviors_perception/lib:/root/aerostack2_ws/install/as2_behaviors_path_planning/lib:/root/aerostack2_ws/install/as2_behavior_tree/lib:/root/aerostack2_ws/install/as2_behavior/lib:/root/aerostack2_ws/install/as2_core/lib:/opt/ros/humble/opt/rviz_ogre_vendor/lib:/opt/ros/humble/lib/x86_64-linux-gnu:/opt/ros/humble/lib /usr/bin/cmake --install /root/aerostack2_ws/build/as2_core
[4.228s] Level 1:colcon.colcon_core.environment:create_environment_scripts_only(as2_core)
[4.229s] Level 1:colcon.colcon_core.environment:checking '/root/aerostack2_ws/install/as2_core' for CMake module files
[4.229s] DEBUG:colcon.colcon_core.event_handler.log_command:Invoked command in '/root/aerostack2_ws/build/as2_core' returned '0': CMAKE_PREFIX_PATH=/root/aerostack2_ws/install/as2_msgs:/root/aerostack2_ws/install/rmf_demos_gz_classic:/root/aerostack2_ws/install/rmf_demos_gz:/root/aerostack2_ws/install/rmf_demos:/root/aerostack2_ws/install/rmf_demos_maps:/root/aerostack2_ws/install/aerostack2:/root/aerostack2_ws/install/as2_usb_camera_interface:/root/aerostack2_ws/install/as2_state_estimator:/root/aerostack2_ws/install/as2_rviz_plugins:/root/aerostack2_ws/install/as2_realsense_interface:/root/aerostack2_ws/install/as2_platform_multirotor_simulator:/root/aerostack2_ws/install/as2_platform_gazebo:/root/aerostack2_ws/install/as2_motion_controller:/root/aerostack2_ws/install/as2_behaviors_trajectory_generation:/root/aerostack2_ws/install/as2_behaviors_swarm_flocking:/root/aerostack2_ws/install/as2_behaviors_motion:/root/aerostack2_ws/install/as2_motion_reference_handlers:/root/aerostack2_ws/install/as2_map_server:/root/aerostack2_ws/install/as2_geozones:/root/aerostack2_ws/install/as2_gazebo_assets:/root/aerostack2_ws/install/as2_external_object_to_tf:/root/aerostack2_ws/install/as2_behaviors_platform:/root/aerostack2_ws/install/as2_behaviors_perception:/root/aerostack2_ws/install/as2_behaviors_path_planning:/root/aerostack2_ws/install/as2_behavior_tree:/root/aerostack2_ws/install/as2_behavior:/root/aerostack2_ws/install/as2_alphanumeric_viewer:/root/aerostack2_ws/install/as2_core:/root/aerostack2_ws/install/as2_cli:/root/aerostack2_ws/install/rmf_demos_tasks:/root/aerostack2_ws/install/rmf_demos_panel:/root/aerostack2_ws/install/rmf_demos_fleet_adapter:/root/aerostack2_ws/install/rmf_demos_dashboard_resources:/root/aerostack2_ws/install/rmf_demos_bridges:/root/aerostack2_ws/install/rmf_demos_assets:/root/aerostack2_ws/install/as2_visualization:/root/aerostack2_ws/install/as2_swarm_perception:/root/aerostack2_ws/install/as2_swarm_fusion_ci:/root/aerostack2_ws/install/as2_swarm_ekf:/root/aerostack2_ws/install/as2_keyboard_teleoperation:/root/aerostack2_ws/install/as2_python_api:/root/aerostack2_ws/install/as2_project_bringup:/root/aerostack2_ws/install/as2_perception:/root/aerostack2_ws/install/as2_groundray_perception:/opt/ros/humble LD_LIBRARY_PATH=/root/aerostack2_ws/install/as2_msgs/lib:/root/aerostack2_ws/install/as2_state_estimator/lib:/root/aerostack2_ws/install/as2_python_api/lib:/root/aerostack2_ws/install/as2_motion_controller/lib:/root/aerostack2_ws/install/as2_behaviors_trajectory_generation/lib:/root/aerostack2_ws/install/as2_behaviors_swarm_flocking/lib:/root/aerostack2_ws/install/as2_behaviors_motion/lib:/root/aerostack2_ws/install/as2_motion_reference_handlers/lib:/root/aerostack2_ws/install/as2_map_server/lib:/root/aerostack2_ws/install/as2_gazebo_assets/lib:/root/aerostack2_ws/install/as2_behaviors_perception/lib:/root/aerostack2_ws/install/as2_behaviors_path_planning/lib:/root/aerostack2_ws/install/as2_behavior_tree/lib:/root/aerostack2_ws/install/as2_behavior/lib:/root/aerostack2_ws/install/as2_core/lib:/opt/ros/humble/opt/rviz_ogre_vendor/lib:/opt/ros/humble/lib/x86_64-linux-gnu:/opt/ros/humble/lib /usr/bin/cmake --install /root/aerostack2_ws/build/as2_core
[4.229s] Level 1:colcon.colcon_core.environment:checking '/root/aerostack2_ws/install/as2_core' for CMake config files
[4.229s] Level 1:colcon.colcon_core.shell:create_environment_hook('as2_core', 'cmake_prefix_path')
[4.230s] INFO:colcon.colcon_core.shell:Creating environment hook '/root/aerostack2_ws/install/as2_core/share/as2_core/hook/cmake_prefix_path.ps1'
[4.230s] INFO:colcon.colcon_core.shell:Creating environment descriptor '/root/aerostack2_ws/install/as2_core/share/as2_core/hook/cmake_prefix_path.dsv'
[4.230s] INFO:colcon.colcon_core.shell:Creating environment hook '/root/aerostack2_ws/install/as2_core/share/as2_core/hook/cmake_prefix_path.sh'
[4.231s] Level 1:colcon.colcon_core.environment:checking '/root/aerostack2_ws/install/as2_core/lib'
[4.231s] Level 1:colcon.colcon_core.shell:create_environment_hook('as2_core', 'ld_library_path_lib')
[4.231s] INFO:colcon.colcon_core.shell:Creating environment hook '/root/aerostack2_ws/install/as2_core/share/as2_core/hook/ld_library_path_lib.ps1'
[4.232s] INFO:colcon.colcon_core.shell:Creating environment descriptor '/root/aerostack2_ws/install/as2_core/share/as2_core/hook/ld_library_path_lib.dsv'
[4.232s] INFO:colcon.colcon_core.shell:Creating environment hook '/root/aerostack2_ws/install/as2_core/share/as2_core/hook/ld_library_path_lib.sh'
[4.232s] Level 1:colcon.colcon_core.environment:checking '/root/aerostack2_ws/install/as2_core/bin'
[4.232s] Level 1:colcon.colcon_core.environment:checking '/root/aerostack2_ws/install/as2_core/lib/pkgconfig/as2_core.pc'
[4.232s] Level 1:colcon.colcon_core.environment:checking '/root/aerostack2_ws/install/as2_core/lib/python3.10/site-packages'
[4.233s] Level 1:colcon.colcon_core.environment:checking '/root/aerostack2_ws/install/as2_core/bin'
[4.233s] INFO:colcon.colcon_core.shell:Creating package script '/root/aerostack2_ws/install/as2_core/share/as2_core/package.ps1'
[4.234s] INFO:colcon.colcon_core.shell:Creating package descriptor '/root/aerostack2_ws/install/as2_core/share/as2_core/package.dsv'
[4.234s] INFO:colcon.colcon_core.shell:Creating package script '/root/aerostack2_ws/install/as2_core/share/as2_core/package.sh'
[4.234s] INFO:colcon.colcon_core.shell:Creating package script '/root/aerostack2_ws/install/as2_core/share/as2_core/package.bash'
[4.235s] INFO:colcon.colcon_core.shell:Creating package script '/root/aerostack2_ws/install/as2_core/share/as2_core/package.zsh'
[4.235s] Level 1:colcon.colcon_core.environment:create_file_with_runtime_dependencies(/root/aerostack2_ws/install/as2_core/share/colcon-core/packages/as2_core)
[4.236s] Level 1:colcon.colcon_core.environment:create_environment_scripts_only(as2_core)
[4.236s] Level 1:colcon.colcon_core.environment:checking '/root/aerostack2_ws/install/as2_core' for CMake module files
[4.236s] Level 1:colcon.colcon_core.environment:checking '/root/aerostack2_ws/install/as2_core' for CMake config files
[4.236s] Level 1:colcon.colcon_core.shell:create_environment_hook('as2_core', 'cmake_prefix_path')
[4.237s] INFO:colcon.colcon_core.shell:Creating environment hook '/root/aerostack2_ws/install/as2_core/share/as2_core/hook/cmake_prefix_path.ps1'
[4.237s] INFO:colcon.colcon_core.shell:Creating environment descriptor '/root/aerostack2_ws/install/as2_core/share/as2_core/hook/cmake_prefix_path.dsv'
[4.237s] INFO:colcon.colcon_core.shell:Creating environment hook '/root/aerostack2_ws/install/as2_core/share/as2_core/hook/cmake_prefix_path.sh'
[4.238s] Level 1:colcon.colcon_core.environment:checking '/root/aerostack2_ws/install/as2_core/lib'
[4.238s] Level 1:colcon.colcon_core.shell:create_environment_hook('as2_core', 'ld_library_path_lib')
[4.238s] INFO:colcon.colcon_core.shell:Creating environment hook '/root/aerostack2_ws/install/as2_core/share/as2_core/hook/ld_library_path_lib.ps1'
[4.239s] INFO:colcon.colcon_core.shell:Creating environment descriptor '/root/aerostack2_ws/install/as2_core/share/as2_core/hook/ld_library_path_lib.dsv'
[4.239s] INFO:colcon.colcon_core.shell:Creating environment hook '/root/aerostack2_ws/install/as2_core/share/as2_core/hook/ld_library_path_lib.sh'
[4.239s] Level 1:colcon.colcon_core.environment:checking '/root/aerostack2_ws/install/as2_core/bin'
[4.240s] Level 1:colcon.colcon_core.environment:checking '/root/aerostack2_ws/install/as2_core/lib/pkgconfig/as2_core.pc'
[4.240s] Level 1:colcon.colcon_core.environment:checking '/root/aerostack2_ws/install/as2_core/lib/python3.10/site-packages'
[4.240s] Level 1:colcon.colcon_core.environment:checking '/root/aerostack2_ws/install/as2_core/bin'
[4.241s] INFO:colcon.colcon_core.shell:Creating package script '/root/aerostack2_ws/install/as2_core/share/as2_core/package.ps1'
[4.241s] INFO:colcon.colcon_core.shell:Creating package descriptor '/root/aerostack2_ws/install/as2_core/share/as2_core/package.dsv'
[4.242s] INFO:colcon.colcon_core.shell:Creating package script '/root/aerostack2_ws/install/as2_core/share/as2_core/package.sh'
[4.242s] INFO:colcon.colcon_core.shell:Creating package script '/root/aerostack2_ws/install/as2_core/share/as2_core/package.bash'
[4.242s] INFO:colcon.colcon_core.shell:Creating package script '/root/aerostack2_ws/install/as2_core/share/as2_core/package.zsh'
[4.243s] Level 1:colcon.colcon_core.environment:create_file_with_runtime_dependencies(/root/aerostack2_ws/install/as2_core/share/colcon-core/packages/as2_core)
[4.243s] INFO:colcon.colcon_ros.task.ament_cmake.build:Building ROS package in '/root/aerostack2_ws/src/aerostack2/as2_motion_reference_handlers' with build type 'ament_cmake'
[4.243s] INFO:colcon.colcon_cmake.task.cmake.build:Building CMake package in '/root/aerostack2_ws/src/aerostack2/as2_motion_reference_handlers'
[4.244s] INFO:colcon.colcon_core.shell:Skip shell extension 'powershell' for command environment: Not usable outside of PowerShell
[4.244s] DEBUG:colcon.colcon_core.shell:Skip shell extension 'dsv' for command environment
[4.250s] INFO:colcon.colcon_ros.task.ament_cmake.build:Building ROS package in '/root/aerostack2_ws/src/aerostack2/as2_behaviors/as2_behavior' with build type 'ament_cmake'
[4.250s] INFO:colcon.colcon_cmake.task.cmake.build:Building CMake package in '/root/aerostack2_ws/src/aerostack2/as2_behaviors/as2_behavior'
[4.250s] INFO:colcon.colcon_core.shell:Skip shell extension 'powershell' for command environment: Not usable outside of PowerShell
[4.250s] DEBUG:colcon.colcon_core.shell:Skip shell extension 'dsv' for command environment
[4.257s] INFO:colcon.colcon_ros.task.ament_cmake.build:Building ROS package in '/root/aerostack2_ws/src/aerostack2/as2_simulation_assets/as2_gazebo_assets' with build type 'ament_cmake'
[4.257s] INFO:colcon.colcon_cmake.task.cmake.build:Building CMake package in '/root/aerostack2_ws/src/aerostack2/as2_simulation_assets/as2_gazebo_assets'
[4.258s] INFO:colcon.colcon_core.shell:Skip shell extension 'powershell' for command environment: Not usable outside of PowerShell
[4.258s] DEBUG:colcon.colcon_core.shell:Skip shell extension 'dsv' for command environment
[4.264s] INFO:colcon.colcon_ros.task.ament_cmake.build:Building ROS package in '/root/aerostack2_ws/src/aerostack2/as2_user_interfaces/as2_alphanumeric_viewer' with build type 'ament_cmake'
[4.264s] INFO:colcon.colcon_cmake.task.cmake.build:Building CMake package in '/root/aerostack2_ws/src/aerostack2/as2_user_interfaces/as2_alphanumeric_viewer'
[4.264s] INFO:colcon.colcon_core.shell:Skip shell extension 'powershell' for command environment: Not usable outside of PowerShell
[4.264s] DEBUG:colcon.colcon_core.shell:Skip shell extension 'dsv' for command environment
[4.271s] INFO:colcon.colcon_ros.task.ament_cmake.build:Building ROS package in '/root/aerostack2_ws/src/aerostack2/as2_behavior_tree' with build type 'ament_cmake'
[4.271s] INFO:colcon.colcon_cmake.task.cmake.build:Building CMake package in '/root/aerostack2_ws/src/aerostack2/as2_behavior_tree'
[4.272s] INFO:colcon.colcon_core.shell:Skip shell extension 'powershell' for command environment: Not usable outside of PowerShell
[4.272s] DEBUG:colcon.colcon_core.shell:Skip shell extension 'dsv' for command environment
[4.280s] INFO:colcon.colcon_ros.task.ament_cmake.build:Building ROS package in '/root/aerostack2_ws/src/aerostack2/as2_utilities/as2_external_object_to_tf' with build type 'ament_cmake'
[4.280s] INFO:colcon.colcon_cmake.task.cmake.build:Building CMake package in '/root/aerostack2_ws/src/aerostack2/as2_utilities/as2_external_object_to_tf'
[4.280s] INFO:colcon.colcon_core.shell:Skip shell extension 'powershell' for command environment: Not usable outside of PowerShell
[4.280s] DEBUG:colcon.colcon_core.shell:Skip shell extension 'dsv' for command environment
[4.286s] INFO:colcon.colcon_ros.task.ament_cmake.build:Building ROS package in '/root/aerostack2_ws/src/aerostack2/as2_utilities/as2_geozones' with build type 'ament_cmake'
[4.287s] INFO:colcon.colcon_cmake.task.cmake.build:Building CMake package in '/root/aerostack2_ws/src/aerostack2/as2_utilities/as2_geozones'
[4.287s] INFO:colcon.colcon_core.shell:Skip shell extension 'powershell' for command environment: Not usable outside of PowerShell
[4.287s] DEBUG:colcon.colcon_core.shell:Skip shell extension 'dsv' for command environment
[4.295s] INFO:colcon.colcon_ros.task.ament_cmake.build:Building ROS package in '/root/aerostack2_ws/src/aerostack2/as2_map_server' with build type 'ament_cmake'
[4.295s] INFO:colcon.colcon_cmake.task.cmake.build:Building CMake package in '/root/aerostack2_ws/src/aerostack2/as2_map_server'
[4.295s] INFO:colcon.colcon_core.shell:Skip shell extension 'powershell' for command environment: Not usable outside of PowerShell
[4.295s] DEBUG:colcon.colcon_core.shell:Skip shell extension 'dsv' for command environment
[4.306s] DEBUG:colcon.colcon_core.event_handler.log_command:Invoking command in '/root/aerostack2_ws/build/as2_motion_reference_handlers': CMAKE_PREFIX_PATH=/root/aerostack2_ws/install/as2_core:/root/aerostack2_ws/install/as2_msgs:/root/aerostack2_ws/install/rmf_demos_gz_classic:/root/aerostack2_ws/install/rmf_demos_gz:/root/aerostack2_ws/install/rmf_demos:/root/aerostack2_ws/install/rmf_demos_maps:/root/aerostack2_ws/install/aerostack2:/root/aerostack2_ws/install/as2_usb_camera_interface:/root/aerostack2_ws/install/as2_state_estimator:/root/aerostack2_ws/install/as2_rviz_plugins:/root/aerostack2_ws/install/as2_realsense_interface:/root/aerostack2_ws/install/as2_platform_multirotor_simulator:/root/aerostack2_ws/install/as2_platform_gazebo:/root/aerostack2_ws/install/as2_motion_controller:/root/aerostack2_ws/install/as2_behaviors_trajectory_generation:/root/aerostack2_ws/install/as2_behaviors_swarm_flocking:/root/aerostack2_ws/install/as2_behaviors_motion:/root/aerostack2_ws/install/as2_motion_reference_handlers:/root/aerostack2_ws/install/as2_map_server:/root/aerostack2_ws/install/as2_geozones:/root/aerostack2_ws/install/as2_gazebo_assets:/root/aerostack2_ws/install/as2_external_object_to_tf:/root/aerostack2_ws/install/as2_behaviors_platform:/root/aerostack2_ws/install/as2_behaviors_perception:/root/aerostack2_ws/install/as2_behaviors_path_planning:/root/aerostack2_ws/install/as2_behavior_tree:/root/aerostack2_ws/install/as2_behavior:/root/aerostack2_ws/install/as2_alphanumeric_viewer:/root/aerostack2_ws/install/as2_cli:/root/aerostack2_ws/install/rmf_demos_tasks:/root/aerostack2_ws/install/rmf_demos_panel:/root/aerostack2_ws/install/rmf_demos_fleet_adapter:/root/aerostack2_ws/install/rmf_demos_dashboard_resources:/root/aerostack2_ws/install/rmf_demos_bridges:/root/aerostack2_ws/install/rmf_demos_assets:/root/aerostack2_ws/install/as2_visualization:/root/aerostack2_ws/install/as2_swarm_perception:/root/aerostack2_ws/install/as2_swarm_fusion_ci:/root/aerostack2_ws/install/as2_swarm_ekf:/root/aerostack2_ws/install/as2_keyboard_teleoperation:/root/aerostack2_ws/install/as2_python_api:/root/aerostack2_ws/install/as2_project_bringup:/root/aerostack2_ws/install/as2_perception:/root/aerostack2_ws/install/as2_groundray_perception:/opt/ros/humble LD_LIBRARY_PATH=/root/aerostack2_ws/install/as2_core/lib:/root/aerostack2_ws/install/as2_msgs/lib:/root/aerostack2_ws/install/as2_state_estimator/lib:/root/aerostack2_ws/install/as2_python_api/lib:/root/aerostack2_ws/install/as2_motion_controller/lib:/root/aerostack2_ws/install/as2_behaviors_trajectory_generation/lib:/root/aerostack2_ws/install/as2_behaviors_swarm_flocking/lib:/root/aerostack2_ws/install/as2_behaviors_motion/lib:/root/aerostack2_ws/install/as2_motion_reference_handlers/lib:/root/aerostack2_ws/install/as2_map_server/lib:/root/aerostack2_ws/install/as2_gazebo_assets/lib:/root/aerostack2_ws/install/as2_behaviors_perception/lib:/root/aerostack2_ws/install/as2_behaviors_path_planning/lib:/root/aerostack2_ws/install/as2_behavior_tree/lib:/root/aerostack2_ws/install/as2_behavior/lib:/opt/ros/humble/opt/rviz_ogre_vendor/lib:/opt/ros/humble/lib/x86_64-linux-gnu:/opt/ros/humble/lib /usr/bin/cmake --build /root/aerostack2_ws/build/as2_motion_reference_handlers -- -j8 -l8
[4.310s] DEBUG:colcon.colcon_core.event_handler.log_command:Invoking command in '/root/aerostack2_ws/build/as2_behavior': CMAKE_PREFIX_PATH=/root/aerostack2_ws/install/as2_core:/root/aerostack2_ws/install/as2_msgs:/root/aerostack2_ws/install/rmf_demos_gz_classic:/root/aerostack2_ws/install/rmf_demos_gz:/root/aerostack2_ws/install/rmf_demos:/root/aerostack2_ws/install/rmf_demos_maps:/root/aerostack2_ws/install/aerostack2:/root/aerostack2_ws/install/as2_usb_camera_interface:/root/aerostack2_ws/install/as2_state_estimator:/root/aerostack2_ws/install/as2_rviz_plugins:/root/aerostack2_ws/install/as2_realsense_interface:/root/aerostack2_ws/install/as2_platform_multirotor_simulator:/root/aerostack2_ws/install/as2_platform_gazebo:/root/aerostack2_ws/install/as2_motion_controller:/root/aerostack2_ws/install/as2_behaviors_trajectory_generation:/root/aerostack2_ws/install/as2_behaviors_swarm_flocking:/root/aerostack2_ws/install/as2_behaviors_motion:/root/aerostack2_ws/install/as2_motion_reference_handlers:/root/aerostack2_ws/install/as2_map_server:/root/aerostack2_ws/install/as2_geozones:/root/aerostack2_ws/install/as2_gazebo_assets:/root/aerostack2_ws/install/as2_external_object_to_tf:/root/aerostack2_ws/install/as2_behaviors_platform:/root/aerostack2_ws/install/as2_behaviors_perception:/root/aerostack2_ws/install/as2_behaviors_path_planning:/root/aerostack2_ws/install/as2_behavior_tree:/root/aerostack2_ws/install/as2_behavior:/root/aerostack2_ws/install/as2_alphanumeric_viewer:/root/aerostack2_ws/install/as2_cli:/root/aerostack2_ws/install/rmf_demos_tasks:/root/aerostack2_ws/install/rmf_demos_panel:/root/aerostack2_ws/install/rmf_demos_fleet_adapter:/root/aerostack2_ws/install/rmf_demos_dashboard_resources:/root/aerostack2_ws/install/rmf_demos_bridges:/root/aerostack2_ws/install/rmf_demos_assets:/root/aerostack2_ws/install/as2_visualization:/root/aerostack2_ws/install/as2_swarm_perception:/root/aerostack2_ws/install/as2_swarm_fusion_ci:/root/aerostack2_ws/install/as2_swarm_ekf:/root/aerostack2_ws/install/as2_keyboard_teleoperation:/root/aerostack2_ws/install/as2_python_api:/root/aerostack2_ws/install/as2_project_bringup:/root/aerostack2_ws/install/as2_perception:/root/aerostack2_ws/install/as2_groundray_perception:/opt/ros/humble LD_LIBRARY_PATH=/root/aerostack2_ws/install/as2_core/lib:/root/aerostack2_ws/install/as2_msgs/lib:/root/aerostack2_ws/install/as2_state_estimator/lib:/root/aerostack2_ws/install/as2_python_api/lib:/root/aerostack2_ws/install/as2_motion_controller/lib:/root/aerostack2_ws/install/as2_behaviors_trajectory_generation/lib:/root/aerostack2_ws/install/as2_behaviors_swarm_flocking/lib:/root/aerostack2_ws/install/as2_behaviors_motion/lib:/root/aerostack2_ws/install/as2_motion_reference_handlers/lib:/root/aerostack2_ws/install/as2_map_server/lib:/root/aerostack2_ws/install/as2_gazebo_assets/lib:/root/aerostack2_ws/install/as2_behaviors_perception/lib:/root/aerostack2_ws/install/as2_behaviors_path_planning/lib:/root/aerostack2_ws/install/as2_behavior_tree/lib:/root/aerostack2_ws/install/as2_behavior/lib:/opt/ros/humble/opt/rviz_ogre_vendor/lib:/opt/ros/humble/lib/x86_64-linux-gnu:/opt/ros/humble/lib /usr/bin/cmake --build /root/aerostack2_ws/build/as2_behavior -- -j8 -l8
[4.319s] DEBUG:colcon.colcon_core.event_handler.log_command:Invoking command in '/root/aerostack2_ws/build/as2_gazebo_assets': CMAKE_PREFIX_PATH=/root/aerostack2_ws/install/as2_core:/root/aerostack2_ws/install/as2_msgs:/root/aerostack2_ws/install/rmf_demos_gz_classic:/root/aerostack2_ws/install/rmf_demos_gz:/root/aerostack2_ws/install/rmf_demos:/root/aerostack2_ws/install/rmf_demos_maps:/root/aerostack2_ws/install/aerostack2:/root/aerostack2_ws/install/as2_usb_camera_interface:/root/aerostack2_ws/install/as2_state_estimator:/root/aerostack2_ws/install/as2_rviz_plugins:/root/aerostack2_ws/install/as2_realsense_interface:/root/aerostack2_ws/install/as2_platform_multirotor_simulator:/root/aerostack2_ws/install/as2_platform_gazebo:/root/aerostack2_ws/install/as2_motion_controller:/root/aerostack2_ws/install/as2_behaviors_trajectory_generation:/root/aerostack2_ws/install/as2_behaviors_swarm_flocking:/root/aerostack2_ws/install/as2_behaviors_motion:/root/aerostack2_ws/install/as2_motion_reference_handlers:/root/aerostack2_ws/install/as2_map_server:/root/aerostack2_ws/install/as2_geozones:/root/aerostack2_ws/install/as2_gazebo_assets:/root/aerostack2_ws/install/as2_external_object_to_tf:/root/aerostack2_ws/install/as2_behaviors_platform:/root/aerostack2_ws/install/as2_behaviors_perception:/root/aerostack2_ws/install/as2_behaviors_path_planning:/root/aerostack2_ws/install/as2_behavior_tree:/root/aerostack2_ws/install/as2_behavior:/root/aerostack2_ws/install/as2_alphanumeric_viewer:/root/aerostack2_ws/install/as2_cli:/root/aerostack2_ws/install/rmf_demos_tasks:/root/aerostack2_ws/install/rmf_demos_panel:/root/aerostack2_ws/install/rmf_demos_fleet_adapter:/root/aerostack2_ws/install/rmf_demos_dashboard_resources:/root/aerostack2_ws/install/rmf_demos_bridges:/root/aerostack2_ws/install/rmf_demos_assets:/root/aerostack2_ws/install/as2_visualization:/root/aerostack2_ws/install/as2_swarm_perception:/root/aerostack2_ws/install/as2_swarm_fusion_ci:/root/aerostack2_ws/install/as2_swarm_ekf:/root/aerostack2_ws/install/as2_keyboard_teleoperation:/root/aerostack2_ws/install/as2_python_api:/root/aerostack2_ws/install/as2_project_bringup:/root/aerostack2_ws/install/as2_perception:/root/aerostack2_ws/install/as2_groundray_perception:/opt/ros/humble LD_LIBRARY_PATH=/root/aerostack2_ws/install/as2_core/lib:/root/aerostack2_ws/install/as2_msgs/lib:/root/aerostack2_ws/install/as2_state_estimator/lib:/root/aerostack2_ws/install/as2_python_api/lib:/root/aerostack2_ws/install/as2_motion_controller/lib:/root/aerostack2_ws/install/as2_behaviors_trajectory_generation/lib:/root/aerostack2_ws/install/as2_behaviors_swarm_flocking/lib:/root/aerostack2_ws/install/as2_behaviors_motion/lib:/root/aerostack2_ws/install/as2_motion_reference_handlers/lib:/root/aerostack2_ws/install/as2_map_server/lib:/root/aerostack2_ws/install/as2_gazebo_assets/lib:/root/aerostack2_ws/install/as2_behaviors_perception/lib:/root/aerostack2_ws/install/as2_behaviors_path_planning/lib:/root/aerostack2_ws/install/as2_behavior_tree/lib:/root/aerostack2_ws/install/as2_behavior/lib:/opt/ros/humble/opt/rviz_ogre_vendor/lib:/opt/ros/humble/lib/x86_64-linux-gnu:/opt/ros/humble/lib /usr/bin/cmake --build /root/aerostack2_ws/build/as2_gazebo_assets -- -j8 -l8
[4.320s] DEBUG:colcon.colcon_core.event_handler.log_command:Invoking command in '/root/aerostack2_ws/build/as2_alphanumeric_viewer': CMAKE_PREFIX_PATH=/root/aerostack2_ws/install/as2_core:/root/aerostack2_ws/install/as2_msgs:/root/aerostack2_ws/install/rmf_demos_gz_classic:/root/aerostack2_ws/install/rmf_demos_gz:/root/aerostack2_ws/install/rmf_demos:/root/aerostack2_ws/install/rmf_demos_maps:/root/aerostack2_ws/install/aerostack2:/root/aerostack2_ws/install/as2_usb_camera_interface:/root/aerostack2_ws/install/as2_state_estimator:/root/aerostack2_ws/install/as2_rviz_plugins:/root/aerostack2_ws/install/as2_realsense_interface:/root/aerostack2_ws/install/as2_platform_multirotor_simulator:/root/aerostack2_ws/install/as2_platform_gazebo:/root/aerostack2_ws/install/as2_motion_controller:/root/aerostack2_ws/install/as2_behaviors_trajectory_generation:/root/aerostack2_ws/install/as2_behaviors_swarm_flocking:/root/aerostack2_ws/install/as2_behaviors_motion:/root/aerostack2_ws/install/as2_motion_reference_handlers:/root/aerostack2_ws/install/as2_map_server:/root/aerostack2_ws/install/as2_geozones:/root/aerostack2_ws/install/as2_gazebo_assets:/root/aerostack2_ws/install/as2_external_object_to_tf:/root/aerostack2_ws/install/as2_behaviors_platform:/root/aerostack2_ws/install/as2_behaviors_perception:/root/aerostack2_ws/install/as2_behaviors_path_planning:/root/aerostack2_ws/install/as2_behavior_tree:/root/aerostack2_ws/install/as2_behavior:/root/aerostack2_ws/install/as2_alphanumeric_viewer:/root/aerostack2_ws/install/as2_cli:/root/aerostack2_ws/install/rmf_demos_tasks:/root/aerostack2_ws/install/rmf_demos_panel:/root/aerostack2_ws/install/rmf_demos_fleet_adapter:/root/aerostack2_ws/install/rmf_demos_dashboard_resources:/root/aerostack2_ws/install/rmf_demos_bridges:/root/aerostack2_ws/install/rmf_demos_assets:/root/aerostack2_ws/install/as2_visualization:/root/aerostack2_ws/install/as2_swarm_perception:/root/aerostack2_ws/install/as2_swarm_fusion_ci:/root/aerostack2_ws/install/as2_swarm_ekf:/root/aerostack2_ws/install/as2_keyboard_teleoperation:/root/aerostack2_ws/install/as2_python_api:/root/aerostack2_ws/install/as2_project_bringup:/root/aerostack2_ws/install/as2_perception:/root/aerostack2_ws/install/as2_groundray_perception:/opt/ros/humble LD_LIBRARY_PATH=/root/aerostack2_ws/install/as2_core/lib:/root/aerostack2_ws/install/as2_msgs/lib:/root/aerostack2_ws/install/as2_state_estimator/lib:/root/aerostack2_ws/install/as2_python_api/lib:/root/aerostack2_ws/install/as2_motion_controller/lib:/root/aerostack2_ws/install/as2_behaviors_trajectory_generation/lib:/root/aerostack2_ws/install/as2_behaviors_swarm_flocking/lib:/root/aerostack2_ws/install/as2_behaviors_motion/lib:/root/aerostack2_ws/install/as2_motion_reference_handlers/lib:/root/aerostack2_ws/install/as2_map_server/lib:/root/aerostack2_ws/install/as2_gazebo_assets/lib:/root/aerostack2_ws/install/as2_behaviors_perception/lib:/root/aerostack2_ws/install/as2_behaviors_path_planning/lib:/root/aerostack2_ws/install/as2_behavior_tree/lib:/root/aerostack2_ws/install/as2_behavior/lib:/opt/ros/humble/opt/rviz_ogre_vendor/lib:/opt/ros/humble/lib/x86_64-linux-gnu:/opt/ros/humble/lib /usr/bin/cmake --build /root/aerostack2_ws/build/as2_alphanumeric_viewer -- -j8 -l8
[4.325s] DEBUG:colcon.colcon_core.event_handler.log_command:Invoking command in '/root/aerostack2_ws/build/as2_behavior_tree': CMAKE_PREFIX_PATH=/root/aerostack2_ws/install/as2_core:/root/aerostack2_ws/install/as2_msgs:/root/aerostack2_ws/install/rmf_demos_gz_classic:/root/aerostack2_ws/install/rmf_demos_gz:/root/aerostack2_ws/install/rmf_demos:/root/aerostack2_ws/install/rmf_demos_maps:/root/aerostack2_ws/install/aerostack2:/root/aerostack2_ws/install/as2_usb_camera_interface:/root/aerostack2_ws/install/as2_state_estimator:/root/aerostack2_ws/install/as2_rviz_plugins:/root/aerostack2_ws/install/as2_realsense_interface:/root/aerostack2_ws/install/as2_platform_multirotor_simulator:/root/aerostack2_ws/install/as2_platform_gazebo:/root/aerostack2_ws/install/as2_motion_controller:/root/aerostack2_ws/install/as2_behaviors_trajectory_generation:/root/aerostack2_ws/install/as2_behaviors_swarm_flocking:/root/aerostack2_ws/install/as2_behaviors_motion:/root/aerostack2_ws/install/as2_motion_reference_handlers:/root/aerostack2_ws/install/as2_map_server:/root/aerostack2_ws/install/as2_geozones:/root/aerostack2_ws/install/as2_gazebo_assets:/root/aerostack2_ws/install/as2_external_object_to_tf:/root/aerostack2_ws/install/as2_behaviors_platform:/root/aerostack2_ws/install/as2_behaviors_perception:/root/aerostack2_ws/install/as2_behaviors_path_planning:/root/aerostack2_ws/install/as2_behavior_tree:/root/aerostack2_ws/install/as2_behavior:/root/aerostack2_ws/install/as2_alphanumeric_viewer:/root/aerostack2_ws/install/as2_cli:/root/aerostack2_ws/install/rmf_demos_tasks:/root/aerostack2_ws/install/rmf_demos_panel:/root/aerostack2_ws/install/rmf_demos_fleet_adapter:/root/aerostack2_ws/install/rmf_demos_dashboard_resources:/root/aerostack2_ws/install/rmf_demos_bridges:/root/aerostack2_ws/install/rmf_demos_assets:/root/aerostack2_ws/install/as2_visualization:/root/aerostack2_ws/install/as2_swarm_perception:/root/aerostack2_ws/install/as2_swarm_fusion_ci:/root/aerostack2_ws/install/as2_swarm_ekf:/root/aerostack2_ws/install/as2_keyboard_teleoperation:/root/aerostack2_ws/install/as2_python_api:/root/aerostack2_ws/install/as2_project_bringup:/root/aerostack2_ws/install/as2_perception:/root/aerostack2_ws/install/as2_groundray_perception:/opt/ros/humble LD_LIBRARY_PATH=/root/aerostack2_ws/install/as2_core/lib:/root/aerostack2_ws/install/as2_msgs/lib:/root/aerostack2_ws/install/as2_state_estimator/lib:/root/aerostack2_ws/install/as2_python_api/lib:/root/aerostack2_ws/install/as2_motion_controller/lib:/root/aerostack2_ws/install/as2_behaviors_trajectory_generation/lib:/root/aerostack2_ws/install/as2_behaviors_swarm_flocking/lib:/root/aerostack2_ws/install/as2_behaviors_motion/lib:/root/aerostack2_ws/install/as2_motion_reference_handlers/lib:/root/aerostack2_ws/install/as2_map_server/lib:/root/aerostack2_ws/install/as2_gazebo_assets/lib:/root/aerostack2_ws/install/as2_behaviors_perception/lib:/root/aerostack2_ws/install/as2_behaviors_path_planning/lib:/root/aerostack2_ws/install/as2_behavior_tree/lib:/root/aerostack2_ws/install/as2_behavior/lib:/opt/ros/humble/opt/rviz_ogre_vendor/lib:/opt/ros/humble/lib/x86_64-linux-gnu:/opt/ros/humble/lib /usr/bin/cmake --build /root/aerostack2_ws/build/as2_behavior_tree -- -j8 -l8
[4.332s] DEBUG:colcon.colcon_core.event_handler.log_command:Invoking command in '/root/aerostack2_ws/build/as2_external_object_to_tf': CMAKE_PREFIX_PATH=/root/aerostack2_ws/install/as2_core:/root/aerostack2_ws/install/as2_msgs:/root/aerostack2_ws/install/rmf_demos_gz_classic:/root/aerostack2_ws/install/rmf_demos_gz:/root/aerostack2_ws/install/rmf_demos:/root/aerostack2_ws/install/rmf_demos_maps:/root/aerostack2_ws/install/aerostack2:/root/aerostack2_ws/install/as2_usb_camera_interface:/root/aerostack2_ws/install/as2_state_estimator:/root/aerostack2_ws/install/as2_rviz_plugins:/root/aerostack2_ws/install/as2_realsense_interface:/root/aerostack2_ws/install/as2_platform_multirotor_simulator:/root/aerostack2_ws/install/as2_platform_gazebo:/root/aerostack2_ws/install/as2_motion_controller:/root/aerostack2_ws/install/as2_behaviors_trajectory_generation:/root/aerostack2_ws/install/as2_behaviors_swarm_flocking:/root/aerostack2_ws/install/as2_behaviors_motion:/root/aerostack2_ws/install/as2_motion_reference_handlers:/root/aerostack2_ws/install/as2_map_server:/root/aerostack2_ws/install/as2_geozones:/root/aerostack2_ws/install/as2_gazebo_assets:/root/aerostack2_ws/install/as2_external_object_to_tf:/root/aerostack2_ws/install/as2_behaviors_platform:/root/aerostack2_ws/install/as2_behaviors_perception:/root/aerostack2_ws/install/as2_behaviors_path_planning:/root/aerostack2_ws/install/as2_behavior_tree:/root/aerostack2_ws/install/as2_behavior:/root/aerostack2_ws/install/as2_alphanumeric_viewer:/root/aerostack2_ws/install/as2_cli:/root/aerostack2_ws/install/rmf_demos_tasks:/root/aerostack2_ws/install/rmf_demos_panel:/root/aerostack2_ws/install/rmf_demos_fleet_adapter:/root/aerostack2_ws/install/rmf_demos_dashboard_resources:/root/aerostack2_ws/install/rmf_demos_bridges:/root/aerostack2_ws/install/rmf_demos_assets:/root/aerostack2_ws/install/as2_visualization:/root/aerostack2_ws/install/as2_swarm_perception:/root/aerostack2_ws/install/as2_swarm_fusion_ci:/root/aerostack2_ws/install/as2_swarm_ekf:/root/aerostack2_ws/install/as2_keyboard_teleoperation:/root/aerostack2_ws/install/as2_python_api:/root/aerostack2_ws/install/as2_project_bringup:/root/aerostack2_ws/install/as2_perception:/root/aerostack2_ws/install/as2_groundray_perception:/opt/ros/humble LD_LIBRARY_PATH=/root/aerostack2_ws/install/as2_core/lib:/root/aerostack2_ws/install/as2_msgs/lib:/root/aerostack2_ws/install/as2_state_estimator/lib:/root/aerostack2_ws/install/as2_python_api/lib:/root/aerostack2_ws/install/as2_motion_controller/lib:/root/aerostack2_ws/install/as2_behaviors_trajectory_generation/lib:/root/aerostack2_ws/install/as2_behaviors_swarm_flocking/lib:/root/aerostack2_ws/install/as2_behaviors_motion/lib:/root/aerostack2_ws/install/as2_motion_reference_handlers/lib:/root/aerostack2_ws/install/as2_map_server/lib:/root/aerostack2_ws/install/as2_gazebo_assets/lib:/root/aerostack2_ws/install/as2_behaviors_perception/lib:/root/aerostack2_ws/install/as2_behaviors_path_planning/lib:/root/aerostack2_ws/install/as2_behavior_tree/lib:/root/aerostack2_ws/install/as2_behavior/lib:/opt/ros/humble/opt/rviz_ogre_vendor/lib:/opt/ros/humble/lib/x86_64-linux-gnu:/opt/ros/humble/lib /usr/bin/cmake --build /root/aerostack2_ws/build/as2_external_object_to_tf -- -j8 -l8
[4.339s] DEBUG:colcon.colcon_core.event_handler.log_command:Invoking command in '/root/aerostack2_ws/build/as2_geozones': CMAKE_PREFIX_PATH=/root/aerostack2_ws/install/as2_core:/root/aerostack2_ws/install/as2_msgs:/root/aerostack2_ws/install/rmf_demos_gz_classic:/root/aerostack2_ws/install/rmf_demos_gz:/root/aerostack2_ws/install/rmf_demos:/root/aerostack2_ws/install/rmf_demos_maps:/root/aerostack2_ws/install/aerostack2:/root/aerostack2_ws/install/as2_usb_camera_interface:/root/aerostack2_ws/install/as2_state_estimator:/root/aerostack2_ws/install/as2_rviz_plugins:/root/aerostack2_ws/install/as2_realsense_interface:/root/aerostack2_ws/install/as2_platform_multirotor_simulator:/root/aerostack2_ws/install/as2_platform_gazebo:/root/aerostack2_ws/install/as2_motion_controller:/root/aerostack2_ws/install/as2_behaviors_trajectory_generation:/root/aerostack2_ws/install/as2_behaviors_swarm_flocking:/root/aerostack2_ws/install/as2_behaviors_motion:/root/aerostack2_ws/install/as2_motion_reference_handlers:/root/aerostack2_ws/install/as2_map_server:/root/aerostack2_ws/install/as2_geozones:/root/aerostack2_ws/install/as2_gazebo_assets:/root/aerostack2_ws/install/as2_external_object_to_tf:/root/aerostack2_ws/install/as2_behaviors_platform:/root/aerostack2_ws/install/as2_behaviors_perception:/root/aerostack2_ws/install/as2_behaviors_path_planning:/root/aerostack2_ws/install/as2_behavior_tree:/root/aerostack2_ws/install/as2_behavior:/root/aerostack2_ws/install/as2_alphanumeric_viewer:/root/aerostack2_ws/install/as2_cli:/root/aerostack2_ws/install/rmf_demos_tasks:/root/aerostack2_ws/install/rmf_demos_panel:/root/aerostack2_ws/install/rmf_demos_fleet_adapter:/root/aerostack2_ws/install/rmf_demos_dashboard_resources:/root/aerostack2_ws/install/rmf_demos_bridges:/root/aerostack2_ws/install/rmf_demos_assets:/root/aerostack2_ws/install/as2_visualization:/root/aerostack2_ws/install/as2_swarm_perception:/root/aerostack2_ws/install/as2_swarm_fusion_ci:/root/aerostack2_ws/install/as2_swarm_ekf:/root/aerostack2_ws/install/as2_keyboard_teleoperation:/root/aerostack2_ws/install/as2_python_api:/root/aerostack2_ws/install/as2_project_bringup:/root/aerostack2_ws/install/as2_perception:/root/aerostack2_ws/install/as2_groundray_perception:/opt/ros/humble LD_LIBRARY_PATH=/root/aerostack2_ws/install/as2_core/lib:/root/aerostack2_ws/install/as2_msgs/lib:/root/aerostack2_ws/install/as2_state_estimator/lib:/root/aerostack2_ws/install/as2_python_api/lib:/root/aerostack2_ws/install/as2_motion_controller/lib:/root/aerostack2_ws/install/as2_behaviors_trajectory_generation/lib:/root/aerostack2_ws/install/as2_behaviors_swarm_flocking/lib:/root/aerostack2_ws/install/as2_behaviors_motion/lib:/root/aerostack2_ws/install/as2_motion_reference_handlers/lib:/root/aerostack2_ws/install/as2_map_server/lib:/root/aerostack2_ws/install/as2_gazebo_assets/lib:/root/aerostack2_ws/install/as2_behaviors_perception/lib:/root/aerostack2_ws/install/as2_behaviors_path_planning/lib:/root/aerostack2_ws/install/as2_behavior_tree/lib:/root/aerostack2_ws/install/as2_behavior/lib:/opt/ros/humble/opt/rviz_ogre_vendor/lib:/opt/ros/humble/lib/x86_64-linux-gnu:/opt/ros/humble/lib /usr/bin/cmake --build /root/aerostack2_ws/build/as2_geozones -- -j8 -l8
[4.344s] DEBUG:colcon.colcon_core.event_handler.log_command:Invoking command in '/root/aerostack2_ws/build/as2_map_server': CMAKE_PREFIX_PATH=/root/aerostack2_ws/install/as2_core:/root/aerostack2_ws/install/as2_msgs:/root/aerostack2_ws/install/rmf_demos_gz_classic:/root/aerostack2_ws/install/rmf_demos_gz:/root/aerostack2_ws/install/rmf_demos:/root/aerostack2_ws/install/rmf_demos_maps:/root/aerostack2_ws/install/aerostack2:/root/aerostack2_ws/install/as2_usb_camera_interface:/root/aerostack2_ws/install/as2_state_estimator:/root/aerostack2_ws/install/as2_rviz_plugins:/root/aerostack2_ws/install/as2_realsense_interface:/root/aerostack2_ws/install/as2_platform_multirotor_simulator:/root/aerostack2_ws/install/as2_platform_gazebo:/root/aerostack2_ws/install/as2_motion_controller:/root/aerostack2_ws/install/as2_behaviors_trajectory_generation:/root/aerostack2_ws/install/as2_behaviors_swarm_flocking:/root/aerostack2_ws/install/as2_behaviors_motion:/root/aerostack2_ws/install/as2_motion_reference_handlers:/root/aerostack2_ws/install/as2_map_server:/root/aerostack2_ws/install/as2_geozones:/root/aerostack2_ws/install/as2_gazebo_assets:/root/aerostack2_ws/install/as2_external_object_to_tf:/root/aerostack2_ws/install/as2_behaviors_platform:/root/aerostack2_ws/install/as2_behaviors_perception:/root/aerostack2_ws/install/as2_behaviors_path_planning:/root/aerostack2_ws/install/as2_behavior_tree:/root/aerostack2_ws/install/as2_behavior:/root/aerostack2_ws/install/as2_alphanumeric_viewer:/root/aerostack2_ws/install/as2_cli:/root/aerostack2_ws/install/rmf_demos_tasks:/root/aerostack2_ws/install/rmf_demos_panel:/root/aerostack2_ws/install/rmf_demos_fleet_adapter:/root/aerostack2_ws/install/rmf_demos_dashboard_resources:/root/aerostack2_ws/install/rmf_demos_bridges:/root/aerostack2_ws/install/rmf_demos_assets:/root/aerostack2_ws/install/as2_visualization:/root/aerostack2_ws/install/as2_swarm_perception:/root/aerostack2_ws/install/as2_swarm_fusion_ci:/root/aerostack2_ws/install/as2_swarm_ekf:/root/aerostack2_ws/install/as2_keyboard_teleoperation:/root/aerostack2_ws/install/as2_python_api:/root/aerostack2_ws/install/as2_project_bringup:/root/aerostack2_ws/install/as2_perception:/root/aerostack2_ws/install/as2_groundray_perception:/opt/ros/humble LD_LIBRARY_PATH=/root/aerostack2_ws/install/as2_core/lib:/root/aerostack2_ws/install/as2_msgs/lib:/root/aerostack2_ws/install/as2_state_estimator/lib:/root/aerostack2_ws/install/as2_python_api/lib:/root/aerostack2_ws/install/as2_motion_controller/lib:/root/aerostack2_ws/install/as2_behaviors_trajectory_generation/lib:/root/aerostack2_ws/install/as2_behaviors_swarm_flocking/lib:/root/aerostack2_ws/install/as2_behaviors_motion/lib:/root/aerostack2_ws/install/as2_motion_reference_handlers/lib:/root/aerostack2_ws/install/as2_map_server/lib:/root/aerostack2_ws/install/as2_gazebo_assets/lib:/root/aerostack2_ws/install/as2_behaviors_perception/lib:/root/aerostack2_ws/install/as2_behaviors_path_planning/lib:/root/aerostack2_ws/install/as2_behavior_tree/lib:/root/aerostack2_ws/install/as2_behavior/lib:/opt/ros/humble/opt/rviz_ogre_vendor/lib:/opt/ros/humble/lib/x86_64-linux-gnu:/opt/ros/humble/lib /usr/bin/cmake --build /root/aerostack2_ws/build/as2_map_server -- -j8 -l8
[4.478s] DEBUG:colcon.colcon_core.event_handler.log_command:Invoked command in '/root/aerostack2_ws/build/as2_alphanumeric_viewer' returned '0': CMAKE_PREFIX_PATH=/root/aerostack2_ws/install/as2_core:/root/aerostack2_ws/install/as2_msgs:/root/aerostack2_ws/install/rmf_demos_gz_classic:/root/aerostack2_ws/install/rmf_demos_gz:/root/aerostack2_ws/install/rmf_demos:/root/aerostack2_ws/install/rmf_demos_maps:/root/aerostack2_ws/install/aerostack2:/root/aerostack2_ws/install/as2_usb_camera_interface:/root/aerostack2_ws/install/as2_state_estimator:/root/aerostack2_ws/install/as2_rviz_plugins:/root/aerostack2_ws/install/as2_realsense_interface:/root/aerostack2_ws/install/as2_platform_multirotor_simulator:/root/aerostack2_ws/install/as2_platform_gazebo:/root/aerostack2_ws/install/as2_motion_controller:/root/aerostack2_ws/install/as2_behaviors_trajectory_generation:/root/aerostack2_ws/install/as2_behaviors_swarm_flocking:/root/aerostack2_ws/install/as2_behaviors_motion:/root/aerostack2_ws/install/as2_motion_reference_handlers:/root/aerostack2_ws/install/as2_map_server:/root/aerostack2_ws/install/as2_geozones:/root/aerostack2_ws/install/as2_gazebo_assets:/root/aerostack2_ws/install/as2_external_object_to_tf:/root/aerostack2_ws/install/as2_behaviors_platform:/root/aerostack2_ws/install/as2_behaviors_perception:/root/aerostack2_ws/install/as2_behaviors_path_planning:/root/aerostack2_ws/install/as2_behavior_tree:/root/aerostack2_ws/install/as2_behavior:/root/aerostack2_ws/install/as2_alphanumeric_viewer:/root/aerostack2_ws/install/as2_cli:/root/aerostack2_ws/install/rmf_demos_tasks:/root/aerostack2_ws/install/rmf_demos_panel:/root/aerostack2_ws/install/rmf_demos_fleet_adapter:/root/aerostack2_ws/install/rmf_demos_dashboard_resources:/root/aerostack2_ws/install/rmf_demos_bridges:/root/aerostack2_ws/install/rmf_demos_assets:/root/aerostack2_ws/install/as2_visualization:/root/aerostack2_ws/install/as2_swarm_perception:/root/aerostack2_ws/install/as2_swarm_fusion_ci:/root/aerostack2_ws/install/as2_swarm_ekf:/root/aerostack2_ws/install/as2_keyboard_teleoperation:/root/aerostack2_ws/install/as2_python_api:/root/aerostack2_ws/install/as2_project_bringup:/root/aerostack2_ws/install/as2_perception:/root/aerostack2_ws/install/as2_groundray_perception:/opt/ros/humble LD_LIBRARY_PATH=/root/aerostack2_ws/install/as2_core/lib:/root/aerostack2_ws/install/as2_msgs/lib:/root/aerostack2_ws/install/as2_state_estimator/lib:/root/aerostack2_ws/install/as2_python_api/lib:/root/aerostack2_ws/install/as2_motion_controller/lib:/root/aerostack2_ws/install/as2_behaviors_trajectory_generation/lib:/root/aerostack2_ws/install/as2_behaviors_swarm_flocking/lib:/root/aerostack2_ws/install/as2_behaviors_motion/lib:/root/aerostack2_ws/install/as2_motion_reference_handlers/lib:/root/aerostack2_ws/install/as2_map_server/lib:/root/aerostack2_ws/install/as2_gazebo_assets/lib:/root/aerostack2_ws/install/as2_behaviors_perception/lib:/root/aerostack2_ws/install/as2_behaviors_path_planning/lib:/root/aerostack2_ws/install/as2_behavior_tree/lib:/root/aerostack2_ws/install/as2_behavior/lib:/opt/ros/humble/opt/rviz_ogre_vendor/lib:/opt/ros/humble/lib/x86_64-linux-gnu:/opt/ros/humble/lib /usr/bin/cmake --build /root/aerostack2_ws/build/as2_alphanumeric_viewer -- -j8 -l8
[4.479s] DEBUG:colcon.colcon_core.event_handler.log_command:Invoking command in '/root/aerostack2_ws/build/as2_alphanumeric_viewer': CMAKE_PREFIX_PATH=/root/aerostack2_ws/install/as2_core:/root/aerostack2_ws/install/as2_msgs:/root/aerostack2_ws/install/rmf_demos_gz_classic:/root/aerostack2_ws/install/rmf_demos_gz:/root/aerostack2_ws/install/rmf_demos:/root/aerostack2_ws/install/rmf_demos_maps:/root/aerostack2_ws/install/aerostack2:/root/aerostack2_ws/install/as2_usb_camera_interface:/root/aerostack2_ws/install/as2_state_estimator:/root/aerostack2_ws/install/as2_rviz_plugins:/root/aerostack2_ws/install/as2_realsense_interface:/root/aerostack2_ws/install/as2_platform_multirotor_simulator:/root/aerostack2_ws/install/as2_platform_gazebo:/root/aerostack2_ws/install/as2_motion_controller:/root/aerostack2_ws/install/as2_behaviors_trajectory_generation:/root/aerostack2_ws/install/as2_behaviors_swarm_flocking:/root/aerostack2_ws/install/as2_behaviors_motion:/root/aerostack2_ws/install/as2_motion_reference_handlers:/root/aerostack2_ws/install/as2_map_server:/root/aerostack2_ws/install/as2_geozones:/root/aerostack2_ws/install/as2_gazebo_assets:/root/aerostack2_ws/install/as2_external_object_to_tf:/root/aerostack2_ws/install/as2_behaviors_platform:/root/aerostack2_ws/install/as2_behaviors_perception:/root/aerostack2_ws/install/as2_behaviors_path_planning:/root/aerostack2_ws/install/as2_behavior_tree:/root/aerostack2_ws/install/as2_behavior:/root/aerostack2_ws/install/as2_alphanumeric_viewer:/root/aerostack2_ws/install/as2_cli:/root/aerostack2_ws/install/rmf_demos_tasks:/root/aerostack2_ws/install/rmf_demos_panel:/root/aerostack2_ws/install/rmf_demos_fleet_adapter:/root/aerostack2_ws/install/rmf_demos_dashboard_resources:/root/aerostack2_ws/install/rmf_demos_bridges:/root/aerostack2_ws/install/rmf_demos_assets:/root/aerostack2_ws/install/as2_visualization:/root/aerostack2_ws/install/as2_swarm_perception:/root/aerostack2_ws/install/as2_swarm_fusion_ci:/root/aerostack2_ws/install/as2_swarm_ekf:/root/aerostack2_ws/install/as2_keyboard_teleoperation:/root/aerostack2_ws/install/as2_python_api:/root/aerostack2_ws/install/as2_project_bringup:/root/aerostack2_ws/install/as2_perception:/root/aerostack2_ws/install/as2_groundray_perception:/opt/ros/humble LD_LIBRARY_PATH=/root/aerostack2_ws/install/as2_core/lib:/root/aerostack2_ws/install/as2_msgs/lib:/root/aerostack2_ws/install/as2_state_estimator/lib:/root/aerostack2_ws/install/as2_python_api/lib:/root/aerostack2_ws/install/as2_motion_controller/lib:/root/aerostack2_ws/install/as2_behaviors_trajectory_generation/lib:/root/aerostack2_ws/install/as2_behaviors_swarm_flocking/lib:/root/aerostack2_ws/install/as2_behaviors_motion/lib:/root/aerostack2_ws/install/as2_motion_reference_handlers/lib:/root/aerostack2_ws/install/as2_map_server/lib:/root/aerostack2_ws/install/as2_gazebo_assets/lib:/root/aerostack2_ws/install/as2_behaviors_perception/lib:/root/aerostack2_ws/install/as2_behaviors_path_planning/lib:/root/aerostack2_ws/install/as2_behavior_tree/lib:/root/aerostack2_ws/install/as2_behavior/lib:/opt/ros/humble/opt/rviz_ogre_vendor/lib:/opt/ros/humble/lib/x86_64-linux-gnu:/opt/ros/humble/lib /usr/bin/cmake --install /root/aerostack2_ws/build/as2_alphanumeric_viewer
[4.600s] DEBUG:colcon.colcon_core.event_handler.log_command:Invoked command in '/root/aerostack2_ws/build/as2_behavior' returned '0': CMAKE_PREFIX_PATH=/root/aerostack2_ws/install/as2_core:/root/aerostack2_ws/install/as2_msgs:/root/aerostack2_ws/install/rmf_demos_gz_classic:/root/aerostack2_ws/install/rmf_demos_gz:/root/aerostack2_ws/install/rmf_demos:/root/aerostack2_ws/install/rmf_demos_maps:/root/aerostack2_ws/install/aerostack2:/root/aerostack2_ws/install/as2_usb_camera_interface:/root/aerostack2_ws/install/as2_state_estimator:/root/aerostack2_ws/install/as2_rviz_plugins:/root/aerostack2_ws/install/as2_realsense_interface:/root/aerostack2_ws/install/as2_platform_multirotor_simulator:/root/aerostack2_ws/install/as2_platform_gazebo:/root/aerostack2_ws/install/as2_motion_controller:/root/aerostack2_ws/install/as2_behaviors_trajectory_generation:/root/aerostack2_ws/install/as2_behaviors_swarm_flocking:/root/aerostack2_ws/install/as2_behaviors_motion:/root/aerostack2_ws/install/as2_motion_reference_handlers:/root/aerostack2_ws/install/as2_map_server:/root/aerostack2_ws/install/as2_geozones:/root/aerostack2_ws/install/as2_gazebo_assets:/root/aerostack2_ws/install/as2_external_object_to_tf:/root/aerostack2_ws/install/as2_behaviors_platform:/root/aerostack2_ws/install/as2_behaviors_perception:/root/aerostack2_ws/install/as2_behaviors_path_planning:/root/aerostack2_ws/install/as2_behavior_tree:/root/aerostack2_ws/install/as2_behavior:/root/aerostack2_ws/install/as2_alphanumeric_viewer:/root/aerostack2_ws/install/as2_cli:/root/aerostack2_ws/install/rmf_demos_tasks:/root/aerostack2_ws/install/rmf_demos_panel:/root/aerostack2_ws/install/rmf_demos_fleet_adapter:/root/aerostack2_ws/install/rmf_demos_dashboard_resources:/root/aerostack2_ws/install/rmf_demos_bridges:/root/aerostack2_ws/install/rmf_demos_assets:/root/aerostack2_ws/install/as2_visualization:/root/aerostack2_ws/install/as2_swarm_perception:/root/aerostack2_ws/install/as2_swarm_fusion_ci:/root/aerostack2_ws/install/as2_swarm_ekf:/root/aerostack2_ws/install/as2_keyboard_teleoperation:/root/aerostack2_ws/install/as2_python_api:/root/aerostack2_ws/install/as2_project_bringup:/root/aerostack2_ws/install/as2_perception:/root/aerostack2_ws/install/as2_groundray_perception:/opt/ros/humble LD_LIBRARY_PATH=/root/aerostack2_ws/install/as2_core/lib:/root/aerostack2_ws/install/as2_msgs/lib:/root/aerostack2_ws/install/as2_state_estimator/lib:/root/aerostack2_ws/install/as2_python_api/lib:/root/aerostack2_ws/install/as2_motion_controller/lib:/root/aerostack2_ws/install/as2_behaviors_trajectory_generation/lib:/root/aerostack2_ws/install/as2_behaviors_swarm_flocking/lib:/root/aerostack2_ws/install/as2_behaviors_motion/lib:/root/aerostack2_ws/install/as2_motion_reference_handlers/lib:/root/aerostack2_ws/install/as2_map_server/lib:/root/aerostack2_ws/install/as2_gazebo_assets/lib:/root/aerostack2_ws/install/as2_behaviors_perception/lib:/root/aerostack2_ws/install/as2_behaviors_path_planning/lib:/root/aerostack2_ws/install/as2_behavior_tree/lib:/root/aerostack2_ws/install/as2_behavior/lib:/opt/ros/humble/opt/rviz_ogre_vendor/lib:/opt/ros/humble/lib/x86_64-linux-gnu:/opt/ros/humble/lib /usr/bin/cmake --build /root/aerostack2_ws/build/as2_behavior -- -j8 -l8
[4.605s] DEBUG:colcon.colcon_core.event_handler.log_command:Invoking command in '/root/aerostack2_ws/build/as2_behavior': CMAKE_PREFIX_PATH=/root/aerostack2_ws/install/as2_core:/root/aerostack2_ws/install/as2_msgs:/root/aerostack2_ws/install/rmf_demos_gz_classic:/root/aerostack2_ws/install/rmf_demos_gz:/root/aerostack2_ws/install/rmf_demos:/root/aerostack2_ws/install/rmf_demos_maps:/root/aerostack2_ws/install/aerostack2:/root/aerostack2_ws/install/as2_usb_camera_interface:/root/aerostack2_ws/install/as2_state_estimator:/root/aerostack2_ws/install/as2_rviz_plugins:/root/aerostack2_ws/install/as2_realsense_interface:/root/aerostack2_ws/install/as2_platform_multirotor_simulator:/root/aerostack2_ws/install/as2_platform_gazebo:/root/aerostack2_ws/install/as2_motion_controller:/root/aerostack2_ws/install/as2_behaviors_trajectory_generation:/root/aerostack2_ws/install/as2_behaviors_swarm_flocking:/root/aerostack2_ws/install/as2_behaviors_motion:/root/aerostack2_ws/install/as2_motion_reference_handlers:/root/aerostack2_ws/install/as2_map_server:/root/aerostack2_ws/install/as2_geozones:/root/aerostack2_ws/install/as2_gazebo_assets:/root/aerostack2_ws/install/as2_external_object_to_tf:/root/aerostack2_ws/install/as2_behaviors_platform:/root/aerostack2_ws/install/as2_behaviors_perception:/root/aerostack2_ws/install/as2_behaviors_path_planning:/root/aerostack2_ws/install/as2_behavior_tree:/root/aerostack2_ws/install/as2_behavior:/root/aerostack2_ws/install/as2_alphanumeric_viewer:/root/aerostack2_ws/install/as2_cli:/root/aerostack2_ws/install/rmf_demos_tasks:/root/aerostack2_ws/install/rmf_demos_panel:/root/aerostack2_ws/install/rmf_demos_fleet_adapter:/root/aerostack2_ws/install/rmf_demos_dashboard_resources:/root/aerostack2_ws/install/rmf_demos_bridges:/root/aerostack2_ws/install/rmf_demos_assets:/root/aerostack2_ws/install/as2_visualization:/root/aerostack2_ws/install/as2_swarm_perception:/root/aerostack2_ws/install/as2_swarm_fusion_ci:/root/aerostack2_ws/install/as2_swarm_ekf:/root/aerostack2_ws/install/as2_keyboard_teleoperation:/root/aerostack2_ws/install/as2_python_api:/root/aerostack2_ws/install/as2_project_bringup:/root/aerostack2_ws/install/as2_perception:/root/aerostack2_ws/install/as2_groundray_perception:/opt/ros/humble LD_LIBRARY_PATH=/root/aerostack2_ws/install/as2_core/lib:/root/aerostack2_ws/install/as2_msgs/lib:/root/aerostack2_ws/install/as2_state_estimator/lib:/root/aerostack2_ws/install/as2_python_api/lib:/root/aerostack2_ws/install/as2_motion_controller/lib:/root/aerostack2_ws/install/as2_behaviors_trajectory_generation/lib:/root/aerostack2_ws/install/as2_behaviors_swarm_flocking/lib:/root/aerostack2_ws/install/as2_behaviors_motion/lib:/root/aerostack2_ws/install/as2_motion_reference_handlers/lib:/root/aerostack2_ws/install/as2_map_server/lib:/root/aerostack2_ws/install/as2_gazebo_assets/lib:/root/aerostack2_ws/install/as2_behaviors_perception/lib:/root/aerostack2_ws/install/as2_behaviors_path_planning/lib:/root/aerostack2_ws/install/as2_behavior_tree/lib:/root/aerostack2_ws/install/as2_behavior/lib:/opt/ros/humble/opt/rviz_ogre_vendor/lib:/opt/ros/humble/lib/x86_64-linux-gnu:/opt/ros/humble/lib /usr/bin/cmake --install /root/aerostack2_ws/build/as2_behavior
[4.676s] Level 1:colcon.colcon_core.environment:create_environment_scripts_only(as2_alphanumeric_viewer)
[4.677s] Level 1:colcon.colcon_core.environment:checking '/root/aerostack2_ws/install/as2_alphanumeric_viewer' for CMake module files
[4.678s] Level 1:colcon.colcon_core.environment:checking '/root/aerostack2_ws/install/as2_alphanumeric_viewer' for CMake config files
[4.683s] DEBUG:colcon.colcon_core.event_handler.log_command:Invoked command in '/root/aerostack2_ws/build/as2_alphanumeric_viewer' returned '0': CMAKE_PREFIX_PATH=/root/aerostack2_ws/install/as2_core:/root/aerostack2_ws/install/as2_msgs:/root/aerostack2_ws/install/rmf_demos_gz_classic:/root/aerostack2_ws/install/rmf_demos_gz:/root/aerostack2_ws/install/rmf_demos:/root/aerostack2_ws/install/rmf_demos_maps:/root/aerostack2_ws/install/aerostack2:/root/aerostack2_ws/install/as2_usb_camera_interface:/root/aerostack2_ws/install/as2_state_estimator:/root/aerostack2_ws/install/as2_rviz_plugins:/root/aerostack2_ws/install/as2_realsense_interface:/root/aerostack2_ws/install/as2_platform_multirotor_simulator:/root/aerostack2_ws/install/as2_platform_gazebo:/root/aerostack2_ws/install/as2_motion_controller:/root/aerostack2_ws/install/as2_behaviors_trajectory_generation:/root/aerostack2_ws/install/as2_behaviors_swarm_flocking:/root/aerostack2_ws/install/as2_behaviors_motion:/root/aerostack2_ws/install/as2_motion_reference_handlers:/root/aerostack2_ws/install/as2_map_server:/root/aerostack2_ws/install/as2_geozones:/root/aerostack2_ws/install/as2_gazebo_assets:/root/aerostack2_ws/install/as2_external_object_to_tf:/root/aerostack2_ws/install/as2_behaviors_platform:/root/aerostack2_ws/install/as2_behaviors_perception:/root/aerostack2_ws/install/as2_behaviors_path_planning:/root/aerostack2_ws/install/as2_behavior_tree:/root/aerostack2_ws/install/as2_behavior:/root/aerostack2_ws/install/as2_alphanumeric_viewer:/root/aerostack2_ws/install/as2_cli:/root/aerostack2_ws/install/rmf_demos_tasks:/root/aerostack2_ws/install/rmf_demos_panel:/root/aerostack2_ws/install/rmf_demos_fleet_adapter:/root/aerostack2_ws/install/rmf_demos_dashboard_resources:/root/aerostack2_ws/install/rmf_demos_bridges:/root/aerostack2_ws/install/rmf_demos_assets:/root/aerostack2_ws/install/as2_visualization:/root/aerostack2_ws/install/as2_swarm_perception:/root/aerostack2_ws/install/as2_swarm_fusion_ci:/root/aerostack2_ws/install/as2_swarm_ekf:/root/aerostack2_ws/install/as2_keyboard_teleoperation:/root/aerostack2_ws/install/as2_python_api:/root/aerostack2_ws/install/as2_project_bringup:/root/aerostack2_ws/install/as2_perception:/root/aerostack2_ws/install/as2_groundray_perception:/opt/ros/humble LD_LIBRARY_PATH=/root/aerostack2_ws/install/as2_core/lib:/root/aerostack2_ws/install/as2_msgs/lib:/root/aerostack2_ws/install/as2_state_estimator/lib:/root/aerostack2_ws/install/as2_python_api/lib:/root/aerostack2_ws/install/as2_motion_controller/lib:/root/aerostack2_ws/install/as2_behaviors_trajectory_generation/lib:/root/aerostack2_ws/install/as2_behaviors_swarm_flocking/lib:/root/aerostack2_ws/install/as2_behaviors_motion/lib:/root/aerostack2_ws/install/as2_motion_reference_handlers/lib:/root/aerostack2_ws/install/as2_map_server/lib:/root/aerostack2_ws/install/as2_gazebo_assets/lib:/root/aerostack2_ws/install/as2_behaviors_perception/lib:/root/aerostack2_ws/install/as2_behaviors_path_planning/lib:/root/aerostack2_ws/install/as2_behavior_tree/lib:/root/aerostack2_ws/install/as2_behavior/lib:/opt/ros/humble/opt/rviz_ogre_vendor/lib:/opt/ros/humble/lib/x86_64-linux-gnu:/opt/ros/humble/lib /usr/bin/cmake --install /root/aerostack2_ws/build/as2_alphanumeric_viewer
[4.683s] Level 1:colcon.colcon_core.shell:create_environment_hook('as2_alphanumeric_viewer', 'cmake_prefix_path')
[4.683s] INFO:colcon.colcon_core.shell:Creating environment hook '/root/aerostack2_ws/install/as2_alphanumeric_viewer/share/as2_alphanumeric_viewer/hook/cmake_prefix_path.ps1'
[4.685s] INFO:colcon.colcon_core.shell:Creating environment descriptor '/root/aerostack2_ws/install/as2_alphanumeric_viewer/share/as2_alphanumeric_viewer/hook/cmake_prefix_path.dsv'
[4.685s] INFO:colcon.colcon_core.shell:Creating environment hook '/root/aerostack2_ws/install/as2_alphanumeric_viewer/share/as2_alphanumeric_viewer/hook/cmake_prefix_path.sh'
[4.687s] Level 1:colcon.colcon_core.environment:checking '/root/aerostack2_ws/install/as2_alphanumeric_viewer/lib'
[4.687s] Level 1:colcon.colcon_core.environment:checking '/root/aerostack2_ws/install/as2_alphanumeric_viewer/bin'
[4.687s] Level 1:colcon.colcon_core.environment:checking '/root/aerostack2_ws/install/as2_alphanumeric_viewer/lib/pkgconfig/as2_alphanumeric_viewer.pc'
[4.687s] Level 1:colcon.colcon_core.environment:checking '/root/aerostack2_ws/install/as2_alphanumeric_viewer/lib/python3.10/site-packages'
[4.688s] Level 1:colcon.colcon_core.environment:checking '/root/aerostack2_ws/install/as2_alphanumeric_viewer/bin'
[4.688s] INFO:colcon.colcon_core.shell:Creating package script '/root/aerostack2_ws/install/as2_alphanumeric_viewer/share/as2_alphanumeric_viewer/package.ps1'
[4.689s] INFO:colcon.colcon_core.shell:Creating package descriptor '/root/aerostack2_ws/install/as2_alphanumeric_viewer/share/as2_alphanumeric_viewer/package.dsv'
[4.689s] INFO:colcon.colcon_core.shell:Creating package script '/root/aerostack2_ws/install/as2_alphanumeric_viewer/share/as2_alphanumeric_viewer/package.sh'
[4.690s] INFO:colcon.colcon_core.shell:Creating package script '/root/aerostack2_ws/install/as2_alphanumeric_viewer/share/as2_alphanumeric_viewer/package.bash'
[4.690s] INFO:colcon.colcon_core.shell:Creating package script '/root/aerostack2_ws/install/as2_alphanumeric_viewer/share/as2_alphanumeric_viewer/package.zsh'
[4.691s] Level 1:colcon.colcon_core.environment:create_file_with_runtime_dependencies(/root/aerostack2_ws/install/as2_alphanumeric_viewer/share/colcon-core/packages/as2_alphanumeric_viewer)
[4.691s] Level 1:colcon.colcon_core.environment:create_environment_scripts_only(as2_alphanumeric_viewer)
[4.692s] Level 1:colcon.colcon_core.environment:checking '/root/aerostack2_ws/install/as2_alphanumeric_viewer' for CMake module files
[4.692s] Level 1:colcon.colcon_core.environment:checking '/root/aerostack2_ws/install/as2_alphanumeric_viewer' for CMake config files
[4.693s] Level 1:colcon.colcon_core.shell:create_environment_hook('as2_alphanumeric_viewer', 'cmake_prefix_path')
[4.693s] INFO:colcon.colcon_core.shell:Creating environment hook '/root/aerostack2_ws/install/as2_alphanumeric_viewer/share/as2_alphanumeric_viewer/hook/cmake_prefix_path.ps1'
[4.694s] INFO:colcon.colcon_core.shell:Creating environment descriptor '/root/aerostack2_ws/install/as2_alphanumeric_viewer/share/as2_alphanumeric_viewer/hook/cmake_prefix_path.dsv'
[4.695s] INFO:colcon.colcon_core.shell:Creating environment hook '/root/aerostack2_ws/install/as2_alphanumeric_viewer/share/as2_alphanumeric_viewer/hook/cmake_prefix_path.sh'
[4.696s] Level 1:colcon.colcon_core.environment:checking '/root/aerostack2_ws/install/as2_alphanumeric_viewer/lib'
[4.696s] Level 1:colcon.colcon_core.environment:checking '/root/aerostack2_ws/install/as2_alphanumeric_viewer/bin'
[4.696s] Level 1:colcon.colcon_core.environment:checking '/root/aerostack2_ws/install/as2_alphanumeric_viewer/lib/pkgconfig/as2_alphanumeric_viewer.pc'
[4.696s] Level 1:colcon.colcon_core.environment:checking '/root/aerostack2_ws/install/as2_alphanumeric_viewer/lib/python3.10/site-packages'
[4.697s] Level 1:colcon.colcon_core.environment:checking '/root/aerostack2_ws/install/as2_alphanumeric_viewer/bin'
[4.697s] INFO:colcon.colcon_core.shell:Creating package script '/root/aerostack2_ws/install/as2_alphanumeric_viewer/share/as2_alphanumeric_viewer/package.ps1'
[4.698s] INFO:colcon.colcon_core.shell:Creating package descriptor '/root/aerostack2_ws/install/as2_alphanumeric_viewer/share/as2_alphanumeric_viewer/package.dsv'
[4.699s] INFO:colcon.colcon_core.shell:Creating package script '/root/aerostack2_ws/install/as2_alphanumeric_viewer/share/as2_alphanumeric_viewer/package.sh'
[4.699s] INFO:colcon.colcon_core.shell:Creating package script '/root/aerostack2_ws/install/as2_alphanumeric_viewer/share/as2_alphanumeric_viewer/package.bash'
[4.700s] INFO:colcon.colcon_core.shell:Creating package script '/root/aerostack2_ws/install/as2_alphanumeric_viewer/share/as2_alphanumeric_viewer/package.zsh'
[4.700s] Level 1:colcon.colcon_core.environment:create_file_with_runtime_dependencies(/root/aerostack2_ws/install/as2_alphanumeric_viewer/share/colcon-core/packages/as2_alphanumeric_viewer)
[4.700s] Level 1:colcon.colcon_core.environment:create_environment_scripts_only(as2_behavior)
[4.701s] Level 1:colcon.colcon_core.environment:checking '/root/aerostack2_ws/install/as2_behavior' for CMake module files
[4.702s] Level 1:colcon.colcon_core.environment:checking '/root/aerostack2_ws/install/as2_behavior' for CMake config files
[4.702s] DEBUG:colcon.colcon_core.event_handler.log_command:Invoked command in '/root/aerostack2_ws/build/as2_behavior' returned '0': CMAKE_PREFIX_PATH=/root/aerostack2_ws/install/as2_core:/root/aerostack2_ws/install/as2_msgs:/root/aerostack2_ws/install/rmf_demos_gz_classic:/root/aerostack2_ws/install/rmf_demos_gz:/root/aerostack2_ws/install/rmf_demos:/root/aerostack2_ws/install/rmf_demos_maps:/root/aerostack2_ws/install/aerostack2:/root/aerostack2_ws/install/as2_usb_camera_interface:/root/aerostack2_ws/install/as2_state_estimator:/root/aerostack2_ws/install/as2_rviz_plugins:/root/aerostack2_ws/install/as2_realsense_interface:/root/aerostack2_ws/install/as2_platform_multirotor_simulator:/root/aerostack2_ws/install/as2_platform_gazebo:/root/aerostack2_ws/install/as2_motion_controller:/root/aerostack2_ws/install/as2_behaviors_trajectory_generation:/root/aerostack2_ws/install/as2_behaviors_swarm_flocking:/root/aerostack2_ws/install/as2_behaviors_motion:/root/aerostack2_ws/install/as2_motion_reference_handlers:/root/aerostack2_ws/install/as2_map_server:/root/aerostack2_ws/install/as2_geozones:/root/aerostack2_ws/install/as2_gazebo_assets:/root/aerostack2_ws/install/as2_external_object_to_tf:/root/aerostack2_ws/install/as2_behaviors_platform:/root/aerostack2_ws/install/as2_behaviors_perception:/root/aerostack2_ws/install/as2_behaviors_path_planning:/root/aerostack2_ws/install/as2_behavior_tree:/root/aerostack2_ws/install/as2_behavior:/root/aerostack2_ws/install/as2_alphanumeric_viewer:/root/aerostack2_ws/install/as2_cli:/root/aerostack2_ws/install/rmf_demos_tasks:/root/aerostack2_ws/install/rmf_demos_panel:/root/aerostack2_ws/install/rmf_demos_fleet_adapter:/root/aerostack2_ws/install/rmf_demos_dashboard_resources:/root/aerostack2_ws/install/rmf_demos_bridges:/root/aerostack2_ws/install/rmf_demos_assets:/root/aerostack2_ws/install/as2_visualization:/root/aerostack2_ws/install/as2_swarm_perception:/root/aerostack2_ws/install/as2_swarm_fusion_ci:/root/aerostack2_ws/install/as2_swarm_ekf:/root/aerostack2_ws/install/as2_keyboard_teleoperation:/root/aerostack2_ws/install/as2_python_api:/root/aerostack2_ws/install/as2_project_bringup:/root/aerostack2_ws/install/as2_perception:/root/aerostack2_ws/install/as2_groundray_perception:/opt/ros/humble LD_LIBRARY_PATH=/root/aerostack2_ws/install/as2_core/lib:/root/aerostack2_ws/install/as2_msgs/lib:/root/aerostack2_ws/install/as2_state_estimator/lib:/root/aerostack2_ws/install/as2_python_api/lib:/root/aerostack2_ws/install/as2_motion_controller/lib:/root/aerostack2_ws/install/as2_behaviors_trajectory_generation/lib:/root/aerostack2_ws/install/as2_behaviors_swarm_flocking/lib:/root/aerostack2_ws/install/as2_behaviors_motion/lib:/root/aerostack2_ws/install/as2_motion_reference_handlers/lib:/root/aerostack2_ws/install/as2_map_server/lib:/root/aerostack2_ws/install/as2_gazebo_assets/lib:/root/aerostack2_ws/install/as2_behaviors_perception/lib:/root/aerostack2_ws/install/as2_behaviors_path_planning/lib:/root/aerostack2_ws/install/as2_behavior_tree/lib:/root/aerostack2_ws/install/as2_behavior/lib:/opt/ros/humble/opt/rviz_ogre_vendor/lib:/opt/ros/humble/lib/x86_64-linux-gnu:/opt/ros/humble/lib /usr/bin/cmake --install /root/aerostack2_ws/build/as2_behavior
[4.703s] Level 1:colcon.colcon_core.shell:create_environment_hook('as2_behavior', 'cmake_prefix_path')
[4.703s] INFO:colcon.colcon_core.shell:Creating environment hook '/root/aerostack2_ws/install/as2_behavior/share/as2_behavior/hook/cmake_prefix_path.ps1'
[4.704s] INFO:colcon.colcon_core.shell:Creating environment descriptor '/root/aerostack2_ws/install/as2_behavior/share/as2_behavior/hook/cmake_prefix_path.dsv'
[4.704s] INFO:colcon.colcon_core.shell:Creating environment hook '/root/aerostack2_ws/install/as2_behavior/share/as2_behavior/hook/cmake_prefix_path.sh'
[4.705s] Level 1:colcon.colcon_core.environment:checking '/root/aerostack2_ws/install/as2_behavior/lib'
[4.705s] Level 1:colcon.colcon_core.shell:create_environment_hook('as2_behavior', 'ld_library_path_lib')
[4.705s] INFO:colcon.colcon_core.shell:Creating environment hook '/root/aerostack2_ws/install/as2_behavior/share/as2_behavior/hook/ld_library_path_lib.ps1'
[4.706s] INFO:colcon.colcon_core.shell:Creating environment descriptor '/root/aerostack2_ws/install/as2_behavior/share/as2_behavior/hook/ld_library_path_lib.dsv'
[4.706s] INFO:colcon.colcon_core.shell:Creating environment hook '/root/aerostack2_ws/install/as2_behavior/share/as2_behavior/hook/ld_library_path_lib.sh'
[4.707s] Level 1:colcon.colcon_core.environment:checking '/root/aerostack2_ws/install/as2_behavior/bin'
[4.707s] Level 1:colcon.colcon_core.environment:checking '/root/aerostack2_ws/install/as2_behavior/lib/pkgconfig/as2_behavior.pc'
[4.707s] Level 1:colcon.colcon_core.environment:checking '/root/aerostack2_ws/install/as2_behavior/lib/python3.10/site-packages'
[4.708s] Level 1:colcon.colcon_core.environment:checking '/root/aerostack2_ws/install/as2_behavior/bin'
[4.708s] INFO:colcon.colcon_core.shell:Creating package script '/root/aerostack2_ws/install/as2_behavior/share/as2_behavior/package.ps1'
[4.709s] INFO:colcon.colcon_core.shell:Creating package descriptor '/root/aerostack2_ws/install/as2_behavior/share/as2_behavior/package.dsv'
[4.709s] INFO:colcon.colcon_core.shell:Creating package script '/root/aerostack2_ws/install/as2_behavior/share/as2_behavior/package.sh'
[4.710s] INFO:colcon.colcon_core.shell:Creating package script '/root/aerostack2_ws/install/as2_behavior/share/as2_behavior/package.bash'
[4.711s] INFO:colcon.colcon_core.shell:Creating package script '/root/aerostack2_ws/install/as2_behavior/share/as2_behavior/package.zsh'
[4.711s] Level 1:colcon.colcon_core.environment:create_file_with_runtime_dependencies(/root/aerostack2_ws/install/as2_behavior/share/colcon-core/packages/as2_behavior)
[4.713s] Level 1:colcon.colcon_core.environment:create_environment_scripts_only(as2_behavior)
[4.714s] Level 1:colcon.colcon_core.environment:checking '/root/aerostack2_ws/install/as2_behavior' for CMake module files
[4.715s] Level 1:colcon.colcon_core.environment:checking '/root/aerostack2_ws/install/as2_behavior' for CMake config files
[4.715s] Level 1:colcon.colcon_core.shell:create_environment_hook('as2_behavior', 'cmake_prefix_path')
[4.715s] INFO:colcon.colcon_core.shell:Creating environment hook '/root/aerostack2_ws/install/as2_behavior/share/as2_behavior/hook/cmake_prefix_path.ps1'
[4.716s] INFO:colcon.colcon_core.shell:Creating environment descriptor '/root/aerostack2_ws/install/as2_behavior/share/as2_behavior/hook/cmake_prefix_path.dsv'
[4.716s] INFO:colcon.colcon_core.shell:Creating environment hook '/root/aerostack2_ws/install/as2_behavior/share/as2_behavior/hook/cmake_prefix_path.sh'
[4.717s] Level 1:colcon.colcon_core.environment:checking '/root/aerostack2_ws/install/as2_behavior/lib'
[4.717s] Level 1:colcon.colcon_core.shell:create_environment_hook('as2_behavior', 'ld_library_path_lib')
[4.718s] INFO:colcon.colcon_core.shell:Creating environment hook '/root/aerostack2_ws/install/as2_behavior/share/as2_behavior/hook/ld_library_path_lib.ps1'
[4.719s] INFO:colcon.colcon_core.shell:Creating environment descriptor '/root/aerostack2_ws/install/as2_behavior/share/as2_behavior/hook/ld_library_path_lib.dsv'
[4.719s] INFO:colcon.colcon_core.shell:Creating environment hook '/root/aerostack2_ws/install/as2_behavior/share/as2_behavior/hook/ld_library_path_lib.sh'
[4.720s] Level 1:colcon.colcon_core.environment:checking '/root/aerostack2_ws/install/as2_behavior/bin'
[4.720s] Level 1:colcon.colcon_core.environment:checking '/root/aerostack2_ws/install/as2_behavior/lib/pkgconfig/as2_behavior.pc'
[4.720s] Level 1:colcon.colcon_core.environment:checking '/root/aerostack2_ws/install/as2_behavior/lib/python3.10/site-packages'
[4.721s] Level 1:colcon.colcon_core.environment:checking '/root/aerostack2_ws/install/as2_behavior/bin'
[4.721s] INFO:colcon.colcon_core.shell:Creating package script '/root/aerostack2_ws/install/as2_behavior/share/as2_behavior/package.ps1'
[4.722s] INFO:colcon.colcon_core.shell:Creating package descriptor '/root/aerostack2_ws/install/as2_behavior/share/as2_behavior/package.dsv'
[4.723s] INFO:colcon.colcon_core.shell:Creating package script '/root/aerostack2_ws/install/as2_behavior/share/as2_behavior/package.sh'
[4.724s] INFO:colcon.colcon_core.shell:Creating package script '/root/aerostack2_ws/install/as2_behavior/share/as2_behavior/package.bash'
[4.725s] INFO:colcon.colcon_core.shell:Creating package script '/root/aerostack2_ws/install/as2_behavior/share/as2_behavior/package.zsh'
[4.726s] Level 1:colcon.colcon_core.environment:create_file_with_runtime_dependencies(/root/aerostack2_ws/install/as2_behavior/share/colcon-core/packages/as2_behavior)
[4.726s] INFO:colcon.colcon_ros.task.ament_cmake.build:Building ROS package in '/root/aerostack2_ws/src/aerostack2/as2_aerial_platforms/as2_platform_multirotor_simulator' with build type 'ament_cmake'
[4.727s] INFO:colcon.colcon_cmake.task.cmake.build:Building CMake package in '/root/aerostack2_ws/src/aerostack2/as2_aerial_platforms/as2_platform_multirotor_simulator'
[4.727s] INFO:colcon.colcon_core.shell:Skip shell extension 'powershell' for command environment: Not usable outside of PowerShell
[4.728s] DEBUG:colcon.colcon_core.shell:Skip shell extension 'dsv' for command environment
[4.737s] INFO:colcon.colcon_ros.task.ament_cmake.build:Building ROS package in '/root/aerostack2_ws/src/aerostack2/as2_hardware_drivers/as2_realsense_interface' with build type 'ament_cmake'
[4.738s] INFO:colcon.colcon_cmake.task.cmake.build:Building CMake package in '/root/aerostack2_ws/src/aerostack2/as2_hardware_drivers/as2_realsense_interface'
[4.738s] INFO:colcon.colcon_core.shell:Skip shell extension 'powershell' for command environment: Not usable outside of PowerShell
[4.738s] DEBUG:colcon.colcon_core.shell:Skip shell extension 'dsv' for command environment
[4.750s] DEBUG:colcon.colcon_core.event_handler.log_command:Invoked command in '/root/aerostack2_ws/build/as2_external_object_to_tf' returned '0': CMAKE_PREFIX_PATH=/root/aerostack2_ws/install/as2_core:/root/aerostack2_ws/install/as2_msgs:/root/aerostack2_ws/install/rmf_demos_gz_classic:/root/aerostack2_ws/install/rmf_demos_gz:/root/aerostack2_ws/install/rmf_demos:/root/aerostack2_ws/install/rmf_demos_maps:/root/aerostack2_ws/install/aerostack2:/root/aerostack2_ws/install/as2_usb_camera_interface:/root/aerostack2_ws/install/as2_state_estimator:/root/aerostack2_ws/install/as2_rviz_plugins:/root/aerostack2_ws/install/as2_realsense_interface:/root/aerostack2_ws/install/as2_platform_multirotor_simulator:/root/aerostack2_ws/install/as2_platform_gazebo:/root/aerostack2_ws/install/as2_motion_controller:/root/aerostack2_ws/install/as2_behaviors_trajectory_generation:/root/aerostack2_ws/install/as2_behaviors_swarm_flocking:/root/aerostack2_ws/install/as2_behaviors_motion:/root/aerostack2_ws/install/as2_motion_reference_handlers:/root/aerostack2_ws/install/as2_map_server:/root/aerostack2_ws/install/as2_geozones:/root/aerostack2_ws/install/as2_gazebo_assets:/root/aerostack2_ws/install/as2_external_object_to_tf:/root/aerostack2_ws/install/as2_behaviors_platform:/root/aerostack2_ws/install/as2_behaviors_perception:/root/aerostack2_ws/install/as2_behaviors_path_planning:/root/aerostack2_ws/install/as2_behavior_tree:/root/aerostack2_ws/install/as2_behavior:/root/aerostack2_ws/install/as2_alphanumeric_viewer:/root/aerostack2_ws/install/as2_cli:/root/aerostack2_ws/install/rmf_demos_tasks:/root/aerostack2_ws/install/rmf_demos_panel:/root/aerostack2_ws/install/rmf_demos_fleet_adapter:/root/aerostack2_ws/install/rmf_demos_dashboard_resources:/root/aerostack2_ws/install/rmf_demos_bridges:/root/aerostack2_ws/install/rmf_demos_assets:/root/aerostack2_ws/install/as2_visualization:/root/aerostack2_ws/install/as2_swarm_perception:/root/aerostack2_ws/install/as2_swarm_fusion_ci:/root/aerostack2_ws/install/as2_swarm_ekf:/root/aerostack2_ws/install/as2_keyboard_teleoperation:/root/aerostack2_ws/install/as2_python_api:/root/aerostack2_ws/install/as2_project_bringup:/root/aerostack2_ws/install/as2_perception:/root/aerostack2_ws/install/as2_groundray_perception:/opt/ros/humble LD_LIBRARY_PATH=/root/aerostack2_ws/install/as2_core/lib:/root/aerostack2_ws/install/as2_msgs/lib:/root/aerostack2_ws/install/as2_state_estimator/lib:/root/aerostack2_ws/install/as2_python_api/lib:/root/aerostack2_ws/install/as2_motion_controller/lib:/root/aerostack2_ws/install/as2_behaviors_trajectory_generation/lib:/root/aerostack2_ws/install/as2_behaviors_swarm_flocking/lib:/root/aerostack2_ws/install/as2_behaviors_motion/lib:/root/aerostack2_ws/install/as2_motion_reference_handlers/lib:/root/aerostack2_ws/install/as2_map_server/lib:/root/aerostack2_ws/install/as2_gazebo_assets/lib:/root/aerostack2_ws/install/as2_behaviors_perception/lib:/root/aerostack2_ws/install/as2_behaviors_path_planning/lib:/root/aerostack2_ws/install/as2_behavior_tree/lib:/root/aerostack2_ws/install/as2_behavior/lib:/opt/ros/humble/opt/rviz_ogre_vendor/lib:/opt/ros/humble/lib/x86_64-linux-gnu:/opt/ros/humble/lib /usr/bin/cmake --build /root/aerostack2_ws/build/as2_external_object_to_tf -- -j8 -l8
[4.753s] DEBUG:colcon.colcon_core.event_handler.log_command:Invoking command in '/root/aerostack2_ws/build/as2_external_object_to_tf': CMAKE_PREFIX_PATH=/root/aerostack2_ws/install/as2_core:/root/aerostack2_ws/install/as2_msgs:/root/aerostack2_ws/install/rmf_demos_gz_classic:/root/aerostack2_ws/install/rmf_demos_gz:/root/aerostack2_ws/install/rmf_demos:/root/aerostack2_ws/install/rmf_demos_maps:/root/aerostack2_ws/install/aerostack2:/root/aerostack2_ws/install/as2_usb_camera_interface:/root/aerostack2_ws/install/as2_state_estimator:/root/aerostack2_ws/install/as2_rviz_plugins:/root/aerostack2_ws/install/as2_realsense_interface:/root/aerostack2_ws/install/as2_platform_multirotor_simulator:/root/aerostack2_ws/install/as2_platform_gazebo:/root/aerostack2_ws/install/as2_motion_controller:/root/aerostack2_ws/install/as2_behaviors_trajectory_generation:/root/aerostack2_ws/install/as2_behaviors_swarm_flocking:/root/aerostack2_ws/install/as2_behaviors_motion:/root/aerostack2_ws/install/as2_motion_reference_handlers:/root/aerostack2_ws/install/as2_map_server:/root/aerostack2_ws/install/as2_geozones:/root/aerostack2_ws/install/as2_gazebo_assets:/root/aerostack2_ws/install/as2_external_object_to_tf:/root/aerostack2_ws/install/as2_behaviors_platform:/root/aerostack2_ws/install/as2_behaviors_perception:/root/aerostack2_ws/install/as2_behaviors_path_planning:/root/aerostack2_ws/install/as2_behavior_tree:/root/aerostack2_ws/install/as2_behavior:/root/aerostack2_ws/install/as2_alphanumeric_viewer:/root/aerostack2_ws/install/as2_cli:/root/aerostack2_ws/install/rmf_demos_tasks:/root/aerostack2_ws/install/rmf_demos_panel:/root/aerostack2_ws/install/rmf_demos_fleet_adapter:/root/aerostack2_ws/install/rmf_demos_dashboard_resources:/root/aerostack2_ws/install/rmf_demos_bridges:/root/aerostack2_ws/install/rmf_demos_assets:/root/aerostack2_ws/install/as2_visualization:/root/aerostack2_ws/install/as2_swarm_perception:/root/aerostack2_ws/install/as2_swarm_fusion_ci:/root/aerostack2_ws/install/as2_swarm_ekf:/root/aerostack2_ws/install/as2_keyboard_teleoperation:/root/aerostack2_ws/install/as2_python_api:/root/aerostack2_ws/install/as2_project_bringup:/root/aerostack2_ws/install/as2_perception:/root/aerostack2_ws/install/as2_groundray_perception:/opt/ros/humble LD_LIBRARY_PATH=/root/aerostack2_ws/install/as2_core/lib:/root/aerostack2_ws/install/as2_msgs/lib:/root/aerostack2_ws/install/as2_state_estimator/lib:/root/aerostack2_ws/install/as2_python_api/lib:/root/aerostack2_ws/install/as2_motion_controller/lib:/root/aerostack2_ws/install/as2_behaviors_trajectory_generation/lib:/root/aerostack2_ws/install/as2_behaviors_swarm_flocking/lib:/root/aerostack2_ws/install/as2_behaviors_motion/lib:/root/aerostack2_ws/install/as2_motion_reference_handlers/lib:/root/aerostack2_ws/install/as2_map_server/lib:/root/aerostack2_ws/install/as2_gazebo_assets/lib:/root/aerostack2_ws/install/as2_behaviors_perception/lib:/root/aerostack2_ws/install/as2_behaviors_path_planning/lib:/root/aerostack2_ws/install/as2_behavior_tree/lib:/root/aerostack2_ws/install/as2_behavior/lib:/opt/ros/humble/opt/rviz_ogre_vendor/lib:/opt/ros/humble/lib/x86_64-linux-gnu:/opt/ros/humble/lib /usr/bin/cmake --install /root/aerostack2_ws/build/as2_external_object_to_tf
[4.760s] DEBUG:colcon.colcon_core.event_handler.log_command:Invoking command in '/root/aerostack2_ws/build/as2_platform_multirotor_simulator': CMAKE_PREFIX_PATH=/root/aerostack2_ws/install/as2_core:/root/aerostack2_ws/install/as2_msgs:/root/aerostack2_ws/install/rmf_demos_gz_classic:/root/aerostack2_ws/install/rmf_demos_gz:/root/aerostack2_ws/install/rmf_demos:/root/aerostack2_ws/install/rmf_demos_maps:/root/aerostack2_ws/install/aerostack2:/root/aerostack2_ws/install/as2_usb_camera_interface:/root/aerostack2_ws/install/as2_state_estimator:/root/aerostack2_ws/install/as2_rviz_plugins:/root/aerostack2_ws/install/as2_realsense_interface:/root/aerostack2_ws/install/as2_platform_multirotor_simulator:/root/aerostack2_ws/install/as2_platform_gazebo:/root/aerostack2_ws/install/as2_motion_controller:/root/aerostack2_ws/install/as2_behaviors_trajectory_generation:/root/aerostack2_ws/install/as2_behaviors_swarm_flocking:/root/aerostack2_ws/install/as2_behaviors_motion:/root/aerostack2_ws/install/as2_motion_reference_handlers:/root/aerostack2_ws/install/as2_map_server:/root/aerostack2_ws/install/as2_geozones:/root/aerostack2_ws/install/as2_gazebo_assets:/root/aerostack2_ws/install/as2_external_object_to_tf:/root/aerostack2_ws/install/as2_behaviors_platform:/root/aerostack2_ws/install/as2_behaviors_perception:/root/aerostack2_ws/install/as2_behaviors_path_planning:/root/aerostack2_ws/install/as2_behavior_tree:/root/aerostack2_ws/install/as2_behavior:/root/aerostack2_ws/install/as2_alphanumeric_viewer:/root/aerostack2_ws/install/as2_cli:/root/aerostack2_ws/install/rmf_demos_tasks:/root/aerostack2_ws/install/rmf_demos_panel:/root/aerostack2_ws/install/rmf_demos_fleet_adapter:/root/aerostack2_ws/install/rmf_demos_dashboard_resources:/root/aerostack2_ws/install/rmf_demos_bridges:/root/aerostack2_ws/install/rmf_demos_assets:/root/aerostack2_ws/install/as2_visualization:/root/aerostack2_ws/install/as2_swarm_perception:/root/aerostack2_ws/install/as2_swarm_fusion_ci:/root/aerostack2_ws/install/as2_swarm_ekf:/root/aerostack2_ws/install/as2_keyboard_teleoperation:/root/aerostack2_ws/install/as2_python_api:/root/aerostack2_ws/install/as2_project_bringup:/root/aerostack2_ws/install/as2_perception:/root/aerostack2_ws/install/as2_groundray_perception:/opt/ros/humble LD_LIBRARY_PATH=/root/aerostack2_ws/install/as2_core/lib:/root/aerostack2_ws/install/as2_msgs/lib:/root/aerostack2_ws/install/as2_state_estimator/lib:/root/aerostack2_ws/install/as2_python_api/lib:/root/aerostack2_ws/install/as2_motion_controller/lib:/root/aerostack2_ws/install/as2_behaviors_trajectory_generation/lib:/root/aerostack2_ws/install/as2_behaviors_swarm_flocking/lib:/root/aerostack2_ws/install/as2_behaviors_motion/lib:/root/aerostack2_ws/install/as2_motion_reference_handlers/lib:/root/aerostack2_ws/install/as2_map_server/lib:/root/aerostack2_ws/install/as2_gazebo_assets/lib:/root/aerostack2_ws/install/as2_behaviors_perception/lib:/root/aerostack2_ws/install/as2_behaviors_path_planning/lib:/root/aerostack2_ws/install/as2_behavior_tree/lib:/root/aerostack2_ws/install/as2_behavior/lib:/opt/ros/humble/opt/rviz_ogre_vendor/lib:/opt/ros/humble/lib/x86_64-linux-gnu:/opt/ros/humble/lib /usr/bin/cmake --build /root/aerostack2_ws/build/as2_platform_multirotor_simulator -- -j8 -l8
[4.762s] DEBUG:colcon.colcon_core.event_handler.log_command:Invoked command in '/root/aerostack2_ws/build/as2_geozones' returned '0': CMAKE_PREFIX_PATH=/root/aerostack2_ws/install/as2_core:/root/aerostack2_ws/install/as2_msgs:/root/aerostack2_ws/install/rmf_demos_gz_classic:/root/aerostack2_ws/install/rmf_demos_gz:/root/aerostack2_ws/install/rmf_demos:/root/aerostack2_ws/install/rmf_demos_maps:/root/aerostack2_ws/install/aerostack2:/root/aerostack2_ws/install/as2_usb_camera_interface:/root/aerostack2_ws/install/as2_state_estimator:/root/aerostack2_ws/install/as2_rviz_plugins:/root/aerostack2_ws/install/as2_realsense_interface:/root/aerostack2_ws/install/as2_platform_multirotor_simulator:/root/aerostack2_ws/install/as2_platform_gazebo:/root/aerostack2_ws/install/as2_motion_controller:/root/aerostack2_ws/install/as2_behaviors_trajectory_generation:/root/aerostack2_ws/install/as2_behaviors_swarm_flocking:/root/aerostack2_ws/install/as2_behaviors_motion:/root/aerostack2_ws/install/as2_motion_reference_handlers:/root/aerostack2_ws/install/as2_map_server:/root/aerostack2_ws/install/as2_geozones:/root/aerostack2_ws/install/as2_gazebo_assets:/root/aerostack2_ws/install/as2_external_object_to_tf:/root/aerostack2_ws/install/as2_behaviors_platform:/root/aerostack2_ws/install/as2_behaviors_perception:/root/aerostack2_ws/install/as2_behaviors_path_planning:/root/aerostack2_ws/install/as2_behavior_tree:/root/aerostack2_ws/install/as2_behavior:/root/aerostack2_ws/install/as2_alphanumeric_viewer:/root/aerostack2_ws/install/as2_cli:/root/aerostack2_ws/install/rmf_demos_tasks:/root/aerostack2_ws/install/rmf_demos_panel:/root/aerostack2_ws/install/rmf_demos_fleet_adapter:/root/aerostack2_ws/install/rmf_demos_dashboard_resources:/root/aerostack2_ws/install/rmf_demos_bridges:/root/aerostack2_ws/install/rmf_demos_assets:/root/aerostack2_ws/install/as2_visualization:/root/aerostack2_ws/install/as2_swarm_perception:/root/aerostack2_ws/install/as2_swarm_fusion_ci:/root/aerostack2_ws/install/as2_swarm_ekf:/root/aerostack2_ws/install/as2_keyboard_teleoperation:/root/aerostack2_ws/install/as2_python_api:/root/aerostack2_ws/install/as2_project_bringup:/root/aerostack2_ws/install/as2_perception:/root/aerostack2_ws/install/as2_groundray_perception:/opt/ros/humble LD_LIBRARY_PATH=/root/aerostack2_ws/install/as2_core/lib:/root/aerostack2_ws/install/as2_msgs/lib:/root/aerostack2_ws/install/as2_state_estimator/lib:/root/aerostack2_ws/install/as2_python_api/lib:/root/aerostack2_ws/install/as2_motion_controller/lib:/root/aerostack2_ws/install/as2_behaviors_trajectory_generation/lib:/root/aerostack2_ws/install/as2_behaviors_swarm_flocking/lib:/root/aerostack2_ws/install/as2_behaviors_motion/lib:/root/aerostack2_ws/install/as2_motion_reference_handlers/lib:/root/aerostack2_ws/install/as2_map_server/lib:/root/aerostack2_ws/install/as2_gazebo_assets/lib:/root/aerostack2_ws/install/as2_behaviors_perception/lib:/root/aerostack2_ws/install/as2_behaviors_path_planning/lib:/root/aerostack2_ws/install/as2_behavior_tree/lib:/root/aerostack2_ws/install/as2_behavior/lib:/opt/ros/humble/opt/rviz_ogre_vendor/lib:/opt/ros/humble/lib/x86_64-linux-gnu:/opt/ros/humble/lib /usr/bin/cmake --build /root/aerostack2_ws/build/as2_geozones -- -j8 -l8
[4.772s] DEBUG:colcon.colcon_core.event_handler.log_command:Invoking command in '/root/aerostack2_ws/build/as2_geozones': CMAKE_PREFIX_PATH=/root/aerostack2_ws/install/as2_core:/root/aerostack2_ws/install/as2_msgs:/root/aerostack2_ws/install/rmf_demos_gz_classic:/root/aerostack2_ws/install/rmf_demos_gz:/root/aerostack2_ws/install/rmf_demos:/root/aerostack2_ws/install/rmf_demos_maps:/root/aerostack2_ws/install/aerostack2:/root/aerostack2_ws/install/as2_usb_camera_interface:/root/aerostack2_ws/install/as2_state_estimator:/root/aerostack2_ws/install/as2_rviz_plugins:/root/aerostack2_ws/install/as2_realsense_interface:/root/aerostack2_ws/install/as2_platform_multirotor_simulator:/root/aerostack2_ws/install/as2_platform_gazebo:/root/aerostack2_ws/install/as2_motion_controller:/root/aerostack2_ws/install/as2_behaviors_trajectory_generation:/root/aerostack2_ws/install/as2_behaviors_swarm_flocking:/root/aerostack2_ws/install/as2_behaviors_motion:/root/aerostack2_ws/install/as2_motion_reference_handlers:/root/aerostack2_ws/install/as2_map_server:/root/aerostack2_ws/install/as2_geozones:/root/aerostack2_ws/install/as2_gazebo_assets:/root/aerostack2_ws/install/as2_external_object_to_tf:/root/aerostack2_ws/install/as2_behaviors_platform:/root/aerostack2_ws/install/as2_behaviors_perception:/root/aerostack2_ws/install/as2_behaviors_path_planning:/root/aerostack2_ws/install/as2_behavior_tree:/root/aerostack2_ws/install/as2_behavior:/root/aerostack2_ws/install/as2_alphanumeric_viewer:/root/aerostack2_ws/install/as2_cli:/root/aerostack2_ws/install/rmf_demos_tasks:/root/aerostack2_ws/install/rmf_demos_panel:/root/aerostack2_ws/install/rmf_demos_fleet_adapter:/root/aerostack2_ws/install/rmf_demos_dashboard_resources:/root/aerostack2_ws/install/rmf_demos_bridges:/root/aerostack2_ws/install/rmf_demos_assets:/root/aerostack2_ws/install/as2_visualization:/root/aerostack2_ws/install/as2_swarm_perception:/root/aerostack2_ws/install/as2_swarm_fusion_ci:/root/aerostack2_ws/install/as2_swarm_ekf:/root/aerostack2_ws/install/as2_keyboard_teleoperation:/root/aerostack2_ws/install/as2_python_api:/root/aerostack2_ws/install/as2_project_bringup:/root/aerostack2_ws/install/as2_perception:/root/aerostack2_ws/install/as2_groundray_perception:/opt/ros/humble LD_LIBRARY_PATH=/root/aerostack2_ws/install/as2_core/lib:/root/aerostack2_ws/install/as2_msgs/lib:/root/aerostack2_ws/install/as2_state_estimator/lib:/root/aerostack2_ws/install/as2_python_api/lib:/root/aerostack2_ws/install/as2_motion_controller/lib:/root/aerostack2_ws/install/as2_behaviors_trajectory_generation/lib:/root/aerostack2_ws/install/as2_behaviors_swarm_flocking/lib:/root/aerostack2_ws/install/as2_behaviors_motion/lib:/root/aerostack2_ws/install/as2_motion_reference_handlers/lib:/root/aerostack2_ws/install/as2_map_server/lib:/root/aerostack2_ws/install/as2_gazebo_assets/lib:/root/aerostack2_ws/install/as2_behaviors_perception/lib:/root/aerostack2_ws/install/as2_behaviors_path_planning/lib:/root/aerostack2_ws/install/as2_behavior_tree/lib:/root/aerostack2_ws/install/as2_behavior/lib:/opt/ros/humble/opt/rviz_ogre_vendor/lib:/opt/ros/humble/lib/x86_64-linux-gnu:/opt/ros/humble/lib /usr/bin/cmake --install /root/aerostack2_ws/build/as2_geozones
[4.783s] DEBUG:colcon.colcon_core.event_handler.log_command:Invoked command in '/root/aerostack2_ws/build/as2_map_server' returned '0': CMAKE_PREFIX_PATH=/root/aerostack2_ws/install/as2_core:/root/aerostack2_ws/install/as2_msgs:/root/aerostack2_ws/install/rmf_demos_gz_classic:/root/aerostack2_ws/install/rmf_demos_gz:/root/aerostack2_ws/install/rmf_demos:/root/aerostack2_ws/install/rmf_demos_maps:/root/aerostack2_ws/install/aerostack2:/root/aerostack2_ws/install/as2_usb_camera_interface:/root/aerostack2_ws/install/as2_state_estimator:/root/aerostack2_ws/install/as2_rviz_plugins:/root/aerostack2_ws/install/as2_realsense_interface:/root/aerostack2_ws/install/as2_platform_multirotor_simulator:/root/aerostack2_ws/install/as2_platform_gazebo:/root/aerostack2_ws/install/as2_motion_controller:/root/aerostack2_ws/install/as2_behaviors_trajectory_generation:/root/aerostack2_ws/install/as2_behaviors_swarm_flocking:/root/aerostack2_ws/install/as2_behaviors_motion:/root/aerostack2_ws/install/as2_motion_reference_handlers:/root/aerostack2_ws/install/as2_map_server:/root/aerostack2_ws/install/as2_geozones:/root/aerostack2_ws/install/as2_gazebo_assets:/root/aerostack2_ws/install/as2_external_object_to_tf:/root/aerostack2_ws/install/as2_behaviors_platform:/root/aerostack2_ws/install/as2_behaviors_perception:/root/aerostack2_ws/install/as2_behaviors_path_planning:/root/aerostack2_ws/install/as2_behavior_tree:/root/aerostack2_ws/install/as2_behavior:/root/aerostack2_ws/install/as2_alphanumeric_viewer:/root/aerostack2_ws/install/as2_cli:/root/aerostack2_ws/install/rmf_demos_tasks:/root/aerostack2_ws/install/rmf_demos_panel:/root/aerostack2_ws/install/rmf_demos_fleet_adapter:/root/aerostack2_ws/install/rmf_demos_dashboard_resources:/root/aerostack2_ws/install/rmf_demos_bridges:/root/aerostack2_ws/install/rmf_demos_assets:/root/aerostack2_ws/install/as2_visualization:/root/aerostack2_ws/install/as2_swarm_perception:/root/aerostack2_ws/install/as2_swarm_fusion_ci:/root/aerostack2_ws/install/as2_swarm_ekf:/root/aerostack2_ws/install/as2_keyboard_teleoperation:/root/aerostack2_ws/install/as2_python_api:/root/aerostack2_ws/install/as2_project_bringup:/root/aerostack2_ws/install/as2_perception:/root/aerostack2_ws/install/as2_groundray_perception:/opt/ros/humble LD_LIBRARY_PATH=/root/aerostack2_ws/install/as2_core/lib:/root/aerostack2_ws/install/as2_msgs/lib:/root/aerostack2_ws/install/as2_state_estimator/lib:/root/aerostack2_ws/install/as2_python_api/lib:/root/aerostack2_ws/install/as2_motion_controller/lib:/root/aerostack2_ws/install/as2_behaviors_trajectory_generation/lib:/root/aerostack2_ws/install/as2_behaviors_swarm_flocking/lib:/root/aerostack2_ws/install/as2_behaviors_motion/lib:/root/aerostack2_ws/install/as2_motion_reference_handlers/lib:/root/aerostack2_ws/install/as2_map_server/lib:/root/aerostack2_ws/install/as2_gazebo_assets/lib:/root/aerostack2_ws/install/as2_behaviors_perception/lib:/root/aerostack2_ws/install/as2_behaviors_path_planning/lib:/root/aerostack2_ws/install/as2_behavior_tree/lib:/root/aerostack2_ws/install/as2_behavior/lib:/opt/ros/humble/opt/rviz_ogre_vendor/lib:/opt/ros/humble/lib/x86_64-linux-gnu:/opt/ros/humble/lib /usr/bin/cmake --build /root/aerostack2_ws/build/as2_map_server -- -j8 -l8
[4.784s] DEBUG:colcon.colcon_core.event_handler.log_command:Invoking command in '/root/aerostack2_ws/build/as2_map_server': CMAKE_PREFIX_PATH=/root/aerostack2_ws/install/as2_core:/root/aerostack2_ws/install/as2_msgs:/root/aerostack2_ws/install/rmf_demos_gz_classic:/root/aerostack2_ws/install/rmf_demos_gz:/root/aerostack2_ws/install/rmf_demos:/root/aerostack2_ws/install/rmf_demos_maps:/root/aerostack2_ws/install/aerostack2:/root/aerostack2_ws/install/as2_usb_camera_interface:/root/aerostack2_ws/install/as2_state_estimator:/root/aerostack2_ws/install/as2_rviz_plugins:/root/aerostack2_ws/install/as2_realsense_interface:/root/aerostack2_ws/install/as2_platform_multirotor_simulator:/root/aerostack2_ws/install/as2_platform_gazebo:/root/aerostack2_ws/install/as2_motion_controller:/root/aerostack2_ws/install/as2_behaviors_trajectory_generation:/root/aerostack2_ws/install/as2_behaviors_swarm_flocking:/root/aerostack2_ws/install/as2_behaviors_motion:/root/aerostack2_ws/install/as2_motion_reference_handlers:/root/aerostack2_ws/install/as2_map_server:/root/aerostack2_ws/install/as2_geozones:/root/aerostack2_ws/install/as2_gazebo_assets:/root/aerostack2_ws/install/as2_external_object_to_tf:/root/aerostack2_ws/install/as2_behaviors_platform:/root/aerostack2_ws/install/as2_behaviors_perception:/root/aerostack2_ws/install/as2_behaviors_path_planning:/root/aerostack2_ws/install/as2_behavior_tree:/root/aerostack2_ws/install/as2_behavior:/root/aerostack2_ws/install/as2_alphanumeric_viewer:/root/aerostack2_ws/install/as2_cli:/root/aerostack2_ws/install/rmf_demos_tasks:/root/aerostack2_ws/install/rmf_demos_panel:/root/aerostack2_ws/install/rmf_demos_fleet_adapter:/root/aerostack2_ws/install/rmf_demos_dashboard_resources:/root/aerostack2_ws/install/rmf_demos_bridges:/root/aerostack2_ws/install/rmf_demos_assets:/root/aerostack2_ws/install/as2_visualization:/root/aerostack2_ws/install/as2_swarm_perception:/root/aerostack2_ws/install/as2_swarm_fusion_ci:/root/aerostack2_ws/install/as2_swarm_ekf:/root/aerostack2_ws/install/as2_keyboard_teleoperation:/root/aerostack2_ws/install/as2_python_api:/root/aerostack2_ws/install/as2_project_bringup:/root/aerostack2_ws/install/as2_perception:/root/aerostack2_ws/install/as2_groundray_perception:/opt/ros/humble LD_LIBRARY_PATH=/root/aerostack2_ws/install/as2_core/lib:/root/aerostack2_ws/install/as2_msgs/lib:/root/aerostack2_ws/install/as2_state_estimator/lib:/root/aerostack2_ws/install/as2_python_api/lib:/root/aerostack2_ws/install/as2_motion_controller/lib:/root/aerostack2_ws/install/as2_behaviors_trajectory_generation/lib:/root/aerostack2_ws/install/as2_behaviors_swarm_flocking/lib:/root/aerostack2_ws/install/as2_behaviors_motion/lib:/root/aerostack2_ws/install/as2_motion_reference_handlers/lib:/root/aerostack2_ws/install/as2_map_server/lib:/root/aerostack2_ws/install/as2_gazebo_assets/lib:/root/aerostack2_ws/install/as2_behaviors_perception/lib:/root/aerostack2_ws/install/as2_behaviors_path_planning/lib:/root/aerostack2_ws/install/as2_behavior_tree/lib:/root/aerostack2_ws/install/as2_behavior/lib:/opt/ros/humble/opt/rviz_ogre_vendor/lib:/opt/ros/humble/lib/x86_64-linux-gnu:/opt/ros/humble/lib /usr/bin/cmake --install /root/aerostack2_ws/build/as2_map_server
[4.783s] Level 1:colcon.colcon_core.environment:create_environment_scripts_only(as2_external_object_to_tf)
[4.784s] Level 1:colcon.colcon_core.environment:checking '/root/aerostack2_ws/install/as2_external_object_to_tf' for CMake module files
[4.785s] Level 1:colcon.colcon_core.environment:checking '/root/aerostack2_ws/install/as2_external_object_to_tf' for CMake config files
[4.785s] Level 1:colcon.colcon_core.shell:create_environment_hook('as2_external_object_to_tf', 'cmake_prefix_path')
[4.786s] INFO:colcon.colcon_core.shell:Creating environment hook '/root/aerostack2_ws/install/as2_external_object_to_tf/share/as2_external_object_to_tf/hook/cmake_prefix_path.ps1'
[4.786s] INFO:colcon.colcon_core.shell:Creating environment descriptor '/root/aerostack2_ws/install/as2_external_object_to_tf/share/as2_external_object_to_tf/hook/cmake_prefix_path.dsv'
[4.787s] INFO:colcon.colcon_core.shell:Creating environment hook '/root/aerostack2_ws/install/as2_external_object_to_tf/share/as2_external_object_to_tf/hook/cmake_prefix_path.sh'
[4.788s] Level 1:colcon.colcon_core.environment:checking '/root/aerostack2_ws/install/as2_external_object_to_tf/lib'
[4.788s] Level 1:colcon.colcon_core.environment:checking '/root/aerostack2_ws/install/as2_external_object_to_tf/bin'
[4.788s] Level 1:colcon.colcon_core.environment:checking '/root/aerostack2_ws/install/as2_external_object_to_tf/lib/pkgconfig/as2_external_object_to_tf.pc'
[4.788s] Level 1:colcon.colcon_core.environment:checking '/root/aerostack2_ws/install/as2_external_object_to_tf/lib/python3.10/site-packages'
[4.789s] Level 1:colcon.colcon_core.environment:checking '/root/aerostack2_ws/install/as2_external_object_to_tf/bin'
[4.789s] INFO:colcon.colcon_core.shell:Creating package script '/root/aerostack2_ws/install/as2_external_object_to_tf/share/as2_external_object_to_tf/package.ps1'
[4.793s] DEBUG:colcon.colcon_core.event_handler.log_command:Invoking command in '/root/aerostack2_ws/build/as2_realsense_interface': CMAKE_PREFIX_PATH=/root/aerostack2_ws/install/as2_core:/root/aerostack2_ws/install/as2_msgs:/root/aerostack2_ws/install/rmf_demos_gz_classic:/root/aerostack2_ws/install/rmf_demos_gz:/root/aerostack2_ws/install/rmf_demos:/root/aerostack2_ws/install/rmf_demos_maps:/root/aerostack2_ws/install/aerostack2:/root/aerostack2_ws/install/as2_usb_camera_interface:/root/aerostack2_ws/install/as2_state_estimator:/root/aerostack2_ws/install/as2_rviz_plugins:/root/aerostack2_ws/install/as2_realsense_interface:/root/aerostack2_ws/install/as2_platform_multirotor_simulator:/root/aerostack2_ws/install/as2_platform_gazebo:/root/aerostack2_ws/install/as2_motion_controller:/root/aerostack2_ws/install/as2_behaviors_trajectory_generation:/root/aerostack2_ws/install/as2_behaviors_swarm_flocking:/root/aerostack2_ws/install/as2_behaviors_motion:/root/aerostack2_ws/install/as2_motion_reference_handlers:/root/aerostack2_ws/install/as2_map_server:/root/aerostack2_ws/install/as2_geozones:/root/aerostack2_ws/install/as2_gazebo_assets:/root/aerostack2_ws/install/as2_external_object_to_tf:/root/aerostack2_ws/install/as2_behaviors_platform:/root/aerostack2_ws/install/as2_behaviors_perception:/root/aerostack2_ws/install/as2_behaviors_path_planning:/root/aerostack2_ws/install/as2_behavior_tree:/root/aerostack2_ws/install/as2_behavior:/root/aerostack2_ws/install/as2_alphanumeric_viewer:/root/aerostack2_ws/install/as2_cli:/root/aerostack2_ws/install/rmf_demos_tasks:/root/aerostack2_ws/install/rmf_demos_panel:/root/aerostack2_ws/install/rmf_demos_fleet_adapter:/root/aerostack2_ws/install/rmf_demos_dashboard_resources:/root/aerostack2_ws/install/rmf_demos_bridges:/root/aerostack2_ws/install/rmf_demos_assets:/root/aerostack2_ws/install/as2_visualization:/root/aerostack2_ws/install/as2_swarm_perception:/root/aerostack2_ws/install/as2_swarm_fusion_ci:/root/aerostack2_ws/install/as2_swarm_ekf:/root/aerostack2_ws/install/as2_keyboard_teleoperation:/root/aerostack2_ws/install/as2_python_api:/root/aerostack2_ws/install/as2_project_bringup:/root/aerostack2_ws/install/as2_perception:/root/aerostack2_ws/install/as2_groundray_perception:/opt/ros/humble LD_LIBRARY_PATH=/root/aerostack2_ws/install/as2_core/lib:/root/aerostack2_ws/install/as2_msgs/lib:/root/aerostack2_ws/install/as2_state_estimator/lib:/root/aerostack2_ws/install/as2_python_api/lib:/root/aerostack2_ws/install/as2_motion_controller/lib:/root/aerostack2_ws/install/as2_behaviors_trajectory_generation/lib:/root/aerostack2_ws/install/as2_behaviors_swarm_flocking/lib:/root/aerostack2_ws/install/as2_behaviors_motion/lib:/root/aerostack2_ws/install/as2_motion_reference_handlers/lib:/root/aerostack2_ws/install/as2_map_server/lib:/root/aerostack2_ws/install/as2_gazebo_assets/lib:/root/aerostack2_ws/install/as2_behaviors_perception/lib:/root/aerostack2_ws/install/as2_behaviors_path_planning/lib:/root/aerostack2_ws/install/as2_behavior_tree/lib:/root/aerostack2_ws/install/as2_behavior/lib:/opt/ros/humble/opt/rviz_ogre_vendor/lib:/opt/ros/humble/lib/x86_64-linux-gnu:/opt/ros/humble/lib /usr/bin/cmake --build /root/aerostack2_ws/build/as2_realsense_interface -- -j8 -l8
[4.795s] INFO:colcon.colcon_core.shell:Creating package descriptor '/root/aerostack2_ws/install/as2_external_object_to_tf/share/as2_external_object_to_tf/package.dsv'
[4.799s] DEBUG:colcon.colcon_core.event_handler.log_command:Invoked command in '/root/aerostack2_ws/build/as2_external_object_to_tf' returned '0': CMAKE_PREFIX_PATH=/root/aerostack2_ws/install/as2_core:/root/aerostack2_ws/install/as2_msgs:/root/aerostack2_ws/install/rmf_demos_gz_classic:/root/aerostack2_ws/install/rmf_demos_gz:/root/aerostack2_ws/install/rmf_demos:/root/aerostack2_ws/install/rmf_demos_maps:/root/aerostack2_ws/install/aerostack2:/root/aerostack2_ws/install/as2_usb_camera_interface:/root/aerostack2_ws/install/as2_state_estimator:/root/aerostack2_ws/install/as2_rviz_plugins:/root/aerostack2_ws/install/as2_realsense_interface:/root/aerostack2_ws/install/as2_platform_multirotor_simulator:/root/aerostack2_ws/install/as2_platform_gazebo:/root/aerostack2_ws/install/as2_motion_controller:/root/aerostack2_ws/install/as2_behaviors_trajectory_generation:/root/aerostack2_ws/install/as2_behaviors_swarm_flocking:/root/aerostack2_ws/install/as2_behaviors_motion:/root/aerostack2_ws/install/as2_motion_reference_handlers:/root/aerostack2_ws/install/as2_map_server:/root/aerostack2_ws/install/as2_geozones:/root/aerostack2_ws/install/as2_gazebo_assets:/root/aerostack2_ws/install/as2_external_object_to_tf:/root/aerostack2_ws/install/as2_behaviors_platform:/root/aerostack2_ws/install/as2_behaviors_perception:/root/aerostack2_ws/install/as2_behaviors_path_planning:/root/aerostack2_ws/install/as2_behavior_tree:/root/aerostack2_ws/install/as2_behavior:/root/aerostack2_ws/install/as2_alphanumeric_viewer:/root/aerostack2_ws/install/as2_cli:/root/aerostack2_ws/install/rmf_demos_tasks:/root/aerostack2_ws/install/rmf_demos_panel:/root/aerostack2_ws/install/rmf_demos_fleet_adapter:/root/aerostack2_ws/install/rmf_demos_dashboard_resources:/root/aerostack2_ws/install/rmf_demos_bridges:/root/aerostack2_ws/install/rmf_demos_assets:/root/aerostack2_ws/install/as2_visualization:/root/aerostack2_ws/install/as2_swarm_perception:/root/aerostack2_ws/install/as2_swarm_fusion_ci:/root/aerostack2_ws/install/as2_swarm_ekf:/root/aerostack2_ws/install/as2_keyboard_teleoperation:/root/aerostack2_ws/install/as2_python_api:/root/aerostack2_ws/install/as2_project_bringup:/root/aerostack2_ws/install/as2_perception:/root/aerostack2_ws/install/as2_groundray_perception:/opt/ros/humble LD_LIBRARY_PATH=/root/aerostack2_ws/install/as2_core/lib:/root/aerostack2_ws/install/as2_msgs/lib:/root/aerostack2_ws/install/as2_state_estimator/lib:/root/aerostack2_ws/install/as2_python_api/lib:/root/aerostack2_ws/install/as2_motion_controller/lib:/root/aerostack2_ws/install/as2_behaviors_trajectory_generation/lib:/root/aerostack2_ws/install/as2_behaviors_swarm_flocking/lib:/root/aerostack2_ws/install/as2_behaviors_motion/lib:/root/aerostack2_ws/install/as2_motion_reference_handlers/lib:/root/aerostack2_ws/install/as2_map_server/lib:/root/aerostack2_ws/install/as2_gazebo_assets/lib:/root/aerostack2_ws/install/as2_behaviors_perception/lib:/root/aerostack2_ws/install/as2_behaviors_path_planning/lib:/root/aerostack2_ws/install/as2_behavior_tree/lib:/root/aerostack2_ws/install/as2_behavior/lib:/opt/ros/humble/opt/rviz_ogre_vendor/lib:/opt/ros/humble/lib/x86_64-linux-gnu:/opt/ros/humble/lib /usr/bin/cmake --install /root/aerostack2_ws/build/as2_external_object_to_tf
[4.800s] INFO:colcon.colcon_core.shell:Creating package script '/root/aerostack2_ws/install/as2_external_object_to_tf/share/as2_external_object_to_tf/package.sh'
[4.801s] INFO:colcon.colcon_core.shell:Creating package script '/root/aerostack2_ws/install/as2_external_object_to_tf/share/as2_external_object_to_tf/package.bash'
[4.801s] INFO:colcon.colcon_core.shell:Creating package script '/root/aerostack2_ws/install/as2_external_object_to_tf/share/as2_external_object_to_tf/package.zsh'
[4.802s] Level 1:colcon.colcon_core.environment:create_file_with_runtime_dependencies(/root/aerostack2_ws/install/as2_external_object_to_tf/share/colcon-core/packages/as2_external_object_to_tf)
[4.803s] Level 1:colcon.colcon_core.environment:create_environment_scripts_only(as2_external_object_to_tf)
[4.803s] Level 1:colcon.colcon_core.environment:checking '/root/aerostack2_ws/install/as2_external_object_to_tf' for CMake module files
[4.807s] Level 1:colcon.colcon_core.environment:checking '/root/aerostack2_ws/install/as2_external_object_to_tf' for CMake config files
[4.808s] Level 1:colcon.colcon_core.shell:create_environment_hook('as2_external_object_to_tf', 'cmake_prefix_path')
[4.808s] INFO:colcon.colcon_core.shell:Creating environment hook '/root/aerostack2_ws/install/as2_external_object_to_tf/share/as2_external_object_to_tf/hook/cmake_prefix_path.ps1'
[4.809s] INFO:colcon.colcon_core.shell:Creating environment descriptor '/root/aerostack2_ws/install/as2_external_object_to_tf/share/as2_external_object_to_tf/hook/cmake_prefix_path.dsv'
[4.810s] INFO:colcon.colcon_core.shell:Creating environment hook '/root/aerostack2_ws/install/as2_external_object_to_tf/share/as2_external_object_to_tf/hook/cmake_prefix_path.sh'
[4.811s] Level 1:colcon.colcon_core.environment:checking '/root/aerostack2_ws/install/as2_external_object_to_tf/lib'
[4.811s] Level 1:colcon.colcon_core.environment:checking '/root/aerostack2_ws/install/as2_external_object_to_tf/bin'
[4.811s] Level 1:colcon.colcon_core.environment:checking '/root/aerostack2_ws/install/as2_external_object_to_tf/lib/pkgconfig/as2_external_object_to_tf.pc'
[4.812s] Level 1:colcon.colcon_core.environment:checking '/root/aerostack2_ws/install/as2_external_object_to_tf/lib/python3.10/site-packages'
[4.812s] Level 1:colcon.colcon_core.environment:checking '/root/aerostack2_ws/install/as2_external_object_to_tf/bin'
[4.813s] INFO:colcon.colcon_core.shell:Creating package script '/root/aerostack2_ws/install/as2_external_object_to_tf/share/as2_external_object_to_tf/package.ps1'
[4.814s] INFO:colcon.colcon_core.shell:Creating package descriptor '/root/aerostack2_ws/install/as2_external_object_to_tf/share/as2_external_object_to_tf/package.dsv'
[4.815s] INFO:colcon.colcon_core.shell:Creating package script '/root/aerostack2_ws/install/as2_external_object_to_tf/share/as2_external_object_to_tf/package.sh'
[4.816s] INFO:colcon.colcon_core.shell:Creating package script '/root/aerostack2_ws/install/as2_external_object_to_tf/share/as2_external_object_to_tf/package.bash'
[4.820s] INFO:colcon.colcon_core.shell:Creating package script '/root/aerostack2_ws/install/as2_external_object_to_tf/share/as2_external_object_to_tf/package.zsh'
[4.822s] Level 1:colcon.colcon_core.environment:create_file_with_runtime_dependencies(/root/aerostack2_ws/install/as2_external_object_to_tf/share/colcon-core/packages/as2_external_object_to_tf)
[4.824s] INFO:colcon.colcon_ros.task.ament_cmake.build:Building ROS package in '/root/aerostack2_ws/src/aerostack2/as2_state_estimator' with build type 'ament_cmake'
[4.824s] INFO:colcon.colcon_cmake.task.cmake.build:Building CMake package in '/root/aerostack2_ws/src/aerostack2/as2_state_estimator'
[4.824s] INFO:colcon.colcon_core.shell:Skip shell extension 'powershell' for command environment: Not usable outside of PowerShell
[4.826s] DEBUG:colcon.colcon_core.shell:Skip shell extension 'dsv' for command environment
[4.857s] Level 1:colcon.colcon_core.environment:create_environment_scripts_only(as2_geozones)
[4.858s] Level 1:colcon.colcon_core.environment:checking '/root/aerostack2_ws/install/as2_geozones' for CMake module files
[4.859s] Level 1:colcon.colcon_core.environment:checking '/root/aerostack2_ws/install/as2_geozones' for CMake config files
[4.859s] Level 1:colcon.colcon_core.shell:create_environment_hook('as2_geozones', 'cmake_prefix_path')
[4.859s] INFO:colcon.colcon_core.shell:Creating environment hook '/root/aerostack2_ws/install/as2_geozones/share/as2_geozones/hook/cmake_prefix_path.ps1'
[4.860s] INFO:colcon.colcon_core.shell:Creating environment descriptor '/root/aerostack2_ws/install/as2_geozones/share/as2_geozones/hook/cmake_prefix_path.dsv'
[4.861s] DEBUG:colcon.colcon_core.event_handler.log_command:Invoked command in '/root/aerostack2_ws/build/as2_geozones' returned '0': CMAKE_PREFIX_PATH=/root/aerostack2_ws/install/as2_core:/root/aerostack2_ws/install/as2_msgs:/root/aerostack2_ws/install/rmf_demos_gz_classic:/root/aerostack2_ws/install/rmf_demos_gz:/root/aerostack2_ws/install/rmf_demos:/root/aerostack2_ws/install/rmf_demos_maps:/root/aerostack2_ws/install/aerostack2:/root/aerostack2_ws/install/as2_usb_camera_interface:/root/aerostack2_ws/install/as2_state_estimator:/root/aerostack2_ws/install/as2_rviz_plugins:/root/aerostack2_ws/install/as2_realsense_interface:/root/aerostack2_ws/install/as2_platform_multirotor_simulator:/root/aerostack2_ws/install/as2_platform_gazebo:/root/aerostack2_ws/install/as2_motion_controller:/root/aerostack2_ws/install/as2_behaviors_trajectory_generation:/root/aerostack2_ws/install/as2_behaviors_swarm_flocking:/root/aerostack2_ws/install/as2_behaviors_motion:/root/aerostack2_ws/install/as2_motion_reference_handlers:/root/aerostack2_ws/install/as2_map_server:/root/aerostack2_ws/install/as2_geozones:/root/aerostack2_ws/install/as2_gazebo_assets:/root/aerostack2_ws/install/as2_external_object_to_tf:/root/aerostack2_ws/install/as2_behaviors_platform:/root/aerostack2_ws/install/as2_behaviors_perception:/root/aerostack2_ws/install/as2_behaviors_path_planning:/root/aerostack2_ws/install/as2_behavior_tree:/root/aerostack2_ws/install/as2_behavior:/root/aerostack2_ws/install/as2_alphanumeric_viewer:/root/aerostack2_ws/install/as2_cli:/root/aerostack2_ws/install/rmf_demos_tasks:/root/aerostack2_ws/install/rmf_demos_panel:/root/aerostack2_ws/install/rmf_demos_fleet_adapter:/root/aerostack2_ws/install/rmf_demos_dashboard_resources:/root/aerostack2_ws/install/rmf_demos_bridges:/root/aerostack2_ws/install/rmf_demos_assets:/root/aerostack2_ws/install/as2_visualization:/root/aerostack2_ws/install/as2_swarm_perception:/root/aerostack2_ws/install/as2_swarm_fusion_ci:/root/aerostack2_ws/install/as2_swarm_ekf:/root/aerostack2_ws/install/as2_keyboard_teleoperation:/root/aerostack2_ws/install/as2_python_api:/root/aerostack2_ws/install/as2_project_bringup:/root/aerostack2_ws/install/as2_perception:/root/aerostack2_ws/install/as2_groundray_perception:/opt/ros/humble LD_LIBRARY_PATH=/root/aerostack2_ws/install/as2_core/lib:/root/aerostack2_ws/install/as2_msgs/lib:/root/aerostack2_ws/install/as2_state_estimator/lib:/root/aerostack2_ws/install/as2_python_api/lib:/root/aerostack2_ws/install/as2_motion_controller/lib:/root/aerostack2_ws/install/as2_behaviors_trajectory_generation/lib:/root/aerostack2_ws/install/as2_behaviors_swarm_flocking/lib:/root/aerostack2_ws/install/as2_behaviors_motion/lib:/root/aerostack2_ws/install/as2_motion_reference_handlers/lib:/root/aerostack2_ws/install/as2_map_server/lib:/root/aerostack2_ws/install/as2_gazebo_assets/lib:/root/aerostack2_ws/install/as2_behaviors_perception/lib:/root/aerostack2_ws/install/as2_behaviors_path_planning/lib:/root/aerostack2_ws/install/as2_behavior_tree/lib:/root/aerostack2_ws/install/as2_behavior/lib:/opt/ros/humble/opt/rviz_ogre_vendor/lib:/opt/ros/humble/lib/x86_64-linux-gnu:/opt/ros/humble/lib /usr/bin/cmake --install /root/aerostack2_ws/build/as2_geozones
[4.863s] INFO:colcon.colcon_core.shell:Creating environment hook '/root/aerostack2_ws/install/as2_geozones/share/as2_geozones/hook/cmake_prefix_path.sh'
[4.864s] Level 1:colcon.colcon_core.environment:checking '/root/aerostack2_ws/install/as2_geozones/lib'
[4.864s] Level 1:colcon.colcon_core.environment:checking '/root/aerostack2_ws/install/as2_geozones/bin'
[4.864s] Level 1:colcon.colcon_core.environment:checking '/root/aerostack2_ws/install/as2_geozones/lib/pkgconfig/as2_geozones.pc'
[4.864s] Level 1:colcon.colcon_core.environment:checking '/root/aerostack2_ws/install/as2_geozones/lib/python3.10/site-packages'
[4.866s] Level 1:colcon.colcon_core.environment:checking '/root/aerostack2_ws/install/as2_geozones/bin'
[4.867s] INFO:colcon.colcon_core.shell:Creating package script '/root/aerostack2_ws/install/as2_geozones/share/as2_geozones/package.ps1'
[4.867s] INFO:colcon.colcon_core.shell:Creating package descriptor '/root/aerostack2_ws/install/as2_geozones/share/as2_geozones/package.dsv'
[4.868s] INFO:colcon.colcon_core.shell:Creating package script '/root/aerostack2_ws/install/as2_geozones/share/as2_geozones/package.sh'
[4.868s] INFO:colcon.colcon_core.shell:Creating package script '/root/aerostack2_ws/install/as2_geozones/share/as2_geozones/package.bash'
[4.869s] INFO:colcon.colcon_core.shell:Creating package script '/root/aerostack2_ws/install/as2_geozones/share/as2_geozones/package.zsh'
[4.870s] Level 1:colcon.colcon_core.environment:create_file_with_runtime_dependencies(/root/aerostack2_ws/install/as2_geozones/share/colcon-core/packages/as2_geozones)
[4.871s] Level 1:colcon.colcon_core.environment:create_environment_scripts_only(as2_geozones)
[4.872s] Level 1:colcon.colcon_core.environment:checking '/root/aerostack2_ws/install/as2_geozones' for CMake module files
[4.873s] Level 1:colcon.colcon_core.environment:checking '/root/aerostack2_ws/install/as2_geozones' for CMake config files
[4.873s] Level 1:colcon.colcon_core.shell:create_environment_hook('as2_geozones', 'cmake_prefix_path')
[4.874s] INFO:colcon.colcon_core.shell:Creating environment hook '/root/aerostack2_ws/install/as2_geozones/share/as2_geozones/hook/cmake_prefix_path.ps1'
[4.875s] INFO:colcon.colcon_core.shell:Creating environment descriptor '/root/aerostack2_ws/install/as2_geozones/share/as2_geozones/hook/cmake_prefix_path.dsv'
[4.875s] INFO:colcon.colcon_core.shell:Creating environment hook '/root/aerostack2_ws/install/as2_geozones/share/as2_geozones/hook/cmake_prefix_path.sh'
[4.876s] Level 1:colcon.colcon_core.environment:checking '/root/aerostack2_ws/install/as2_geozones/lib'
[4.876s] Level 1:colcon.colcon_core.environment:checking '/root/aerostack2_ws/install/as2_geozones/bin'
[4.876s] Level 1:colcon.colcon_core.environment:checking '/root/aerostack2_ws/install/as2_geozones/lib/pkgconfig/as2_geozones.pc'
[4.877s] Level 1:colcon.colcon_core.environment:checking '/root/aerostack2_ws/install/as2_geozones/lib/python3.10/site-packages'
[4.877s] Level 1:colcon.colcon_core.environment:checking '/root/aerostack2_ws/install/as2_geozones/bin'
[4.878s] INFO:colcon.colcon_core.shell:Creating package script '/root/aerostack2_ws/install/as2_geozones/share/as2_geozones/package.ps1'
[4.878s] INFO:colcon.colcon_core.shell:Creating package descriptor '/root/aerostack2_ws/install/as2_geozones/share/as2_geozones/package.dsv'
[4.879s] INFO:colcon.colcon_core.shell:Creating package script '/root/aerostack2_ws/install/as2_geozones/share/as2_geozones/package.sh'
[4.880s] INFO:colcon.colcon_core.shell:Creating package script '/root/aerostack2_ws/install/as2_geozones/share/as2_geozones/package.bash'
[4.880s] INFO:colcon.colcon_core.shell:Creating package script '/root/aerostack2_ws/install/as2_geozones/share/as2_geozones/package.zsh'
[4.881s] Level 1:colcon.colcon_core.environment:create_file_with_runtime_dependencies(/root/aerostack2_ws/install/as2_geozones/share/colcon-core/packages/as2_geozones)
[4.881s] Level 1:colcon.colcon_core.environment:create_environment_scripts_only(as2_map_server)
[4.881s] Level 1:colcon.colcon_core.environment:checking '/root/aerostack2_ws/install/as2_map_server' for CMake module files
[4.886s] DEBUG:colcon.colcon_core.event_handler.log_command:Invoked command in '/root/aerostack2_ws/build/as2_map_server' returned '0': CMAKE_PREFIX_PATH=/root/aerostack2_ws/install/as2_core:/root/aerostack2_ws/install/as2_msgs:/root/aerostack2_ws/install/rmf_demos_gz_classic:/root/aerostack2_ws/install/rmf_demos_gz:/root/aerostack2_ws/install/rmf_demos:/root/aerostack2_ws/install/rmf_demos_maps:/root/aerostack2_ws/install/aerostack2:/root/aerostack2_ws/install/as2_usb_camera_interface:/root/aerostack2_ws/install/as2_state_estimator:/root/aerostack2_ws/install/as2_rviz_plugins:/root/aerostack2_ws/install/as2_realsense_interface:/root/aerostack2_ws/install/as2_platform_multirotor_simulator:/root/aerostack2_ws/install/as2_platform_gazebo:/root/aerostack2_ws/install/as2_motion_controller:/root/aerostack2_ws/install/as2_behaviors_trajectory_generation:/root/aerostack2_ws/install/as2_behaviors_swarm_flocking:/root/aerostack2_ws/install/as2_behaviors_motion:/root/aerostack2_ws/install/as2_motion_reference_handlers:/root/aerostack2_ws/install/as2_map_server:/root/aerostack2_ws/install/as2_geozones:/root/aerostack2_ws/install/as2_gazebo_assets:/root/aerostack2_ws/install/as2_external_object_to_tf:/root/aerostack2_ws/install/as2_behaviors_platform:/root/aerostack2_ws/install/as2_behaviors_perception:/root/aerostack2_ws/install/as2_behaviors_path_planning:/root/aerostack2_ws/install/as2_behavior_tree:/root/aerostack2_ws/install/as2_behavior:/root/aerostack2_ws/install/as2_alphanumeric_viewer:/root/aerostack2_ws/install/as2_cli:/root/aerostack2_ws/install/rmf_demos_tasks:/root/aerostack2_ws/install/rmf_demos_panel:/root/aerostack2_ws/install/rmf_demos_fleet_adapter:/root/aerostack2_ws/install/rmf_demos_dashboard_resources:/root/aerostack2_ws/install/rmf_demos_bridges:/root/aerostack2_ws/install/rmf_demos_assets:/root/aerostack2_ws/install/as2_visualization:/root/aerostack2_ws/install/as2_swarm_perception:/root/aerostack2_ws/install/as2_swarm_fusion_ci:/root/aerostack2_ws/install/as2_swarm_ekf:/root/aerostack2_ws/install/as2_keyboard_teleoperation:/root/aerostack2_ws/install/as2_python_api:/root/aerostack2_ws/install/as2_project_bringup:/root/aerostack2_ws/install/as2_perception:/root/aerostack2_ws/install/as2_groundray_perception:/opt/ros/humble LD_LIBRARY_PATH=/root/aerostack2_ws/install/as2_core/lib:/root/aerostack2_ws/install/as2_msgs/lib:/root/aerostack2_ws/install/as2_state_estimator/lib:/root/aerostack2_ws/install/as2_python_api/lib:/root/aerostack2_ws/install/as2_motion_controller/lib:/root/aerostack2_ws/install/as2_behaviors_trajectory_generation/lib:/root/aerostack2_ws/install/as2_behaviors_swarm_flocking/lib:/root/aerostack2_ws/install/as2_behaviors_motion/lib:/root/aerostack2_ws/install/as2_motion_reference_handlers/lib:/root/aerostack2_ws/install/as2_map_server/lib:/root/aerostack2_ws/install/as2_gazebo_assets/lib:/root/aerostack2_ws/install/as2_behaviors_perception/lib:/root/aerostack2_ws/install/as2_behaviors_path_planning/lib:/root/aerostack2_ws/install/as2_behavior_tree/lib:/root/aerostack2_ws/install/as2_behavior/lib:/opt/ros/humble/opt/rviz_ogre_vendor/lib:/opt/ros/humble/lib/x86_64-linux-gnu:/opt/ros/humble/lib /usr/bin/cmake --install /root/aerostack2_ws/build/as2_map_server
[4.886s] Level 1:colcon.colcon_core.environment:checking '/root/aerostack2_ws/install/as2_map_server' for CMake config files
[4.888s] Level 1:colcon.colcon_core.shell:create_environment_hook('as2_map_server', 'cmake_prefix_path')
[4.888s] INFO:colcon.colcon_core.shell:Creating environment hook '/root/aerostack2_ws/install/as2_map_server/share/as2_map_server/hook/cmake_prefix_path.ps1'
[4.889s] INFO:colcon.colcon_core.shell:Creating environment descriptor '/root/aerostack2_ws/install/as2_map_server/share/as2_map_server/hook/cmake_prefix_path.dsv'
[4.890s] INFO:colcon.colcon_core.shell:Creating environment hook '/root/aerostack2_ws/install/as2_map_server/share/as2_map_server/hook/cmake_prefix_path.sh'
[4.891s] Level 1:colcon.colcon_core.environment:checking '/root/aerostack2_ws/install/as2_map_server/lib'
[4.891s] Level 1:colcon.colcon_core.shell:create_environment_hook('as2_map_server', 'ld_library_path_lib')
[4.891s] INFO:colcon.colcon_core.shell:Creating environment hook '/root/aerostack2_ws/install/as2_map_server/share/as2_map_server/hook/ld_library_path_lib.ps1'
[4.892s] INFO:colcon.colcon_core.shell:Creating environment descriptor '/root/aerostack2_ws/install/as2_map_server/share/as2_map_server/hook/ld_library_path_lib.dsv'
[4.892s] INFO:colcon.colcon_core.shell:Creating environment hook '/root/aerostack2_ws/install/as2_map_server/share/as2_map_server/hook/ld_library_path_lib.sh'
[4.897s] Level 1:colcon.colcon_core.environment:checking '/root/aerostack2_ws/install/as2_map_server/bin'
[4.901s] Level 1:colcon.colcon_core.environment:checking '/root/aerostack2_ws/install/as2_map_server/lib/pkgconfig/as2_map_server.pc'
[4.902s] Level 1:colcon.colcon_core.environment:checking '/root/aerostack2_ws/install/as2_map_server/lib/python3.10/site-packages'
[4.903s] Level 1:colcon.colcon_core.environment:checking '/root/aerostack2_ws/install/as2_map_server/bin'
[4.904s] INFO:colcon.colcon_core.shell:Creating package script '/root/aerostack2_ws/install/as2_map_server/share/as2_map_server/package.ps1'
[4.906s] INFO:colcon.colcon_core.shell:Creating package descriptor '/root/aerostack2_ws/install/as2_map_server/share/as2_map_server/package.dsv'
[4.909s] INFO:colcon.colcon_core.shell:Creating package script '/root/aerostack2_ws/install/as2_map_server/share/as2_map_server/package.sh'
[4.910s] INFO:colcon.colcon_core.shell:Creating package script '/root/aerostack2_ws/install/as2_map_server/share/as2_map_server/package.bash'
[4.911s] INFO:colcon.colcon_core.shell:Creating package script '/root/aerostack2_ws/install/as2_map_server/share/as2_map_server/package.zsh'
[4.911s] Level 1:colcon.colcon_core.environment:create_file_with_runtime_dependencies(/root/aerostack2_ws/install/as2_map_server/share/colcon-core/packages/as2_map_server)
[4.912s] Level 1:colcon.colcon_core.environment:create_environment_scripts_only(as2_map_server)
[4.915s] Level 1:colcon.colcon_core.environment:checking '/root/aerostack2_ws/install/as2_map_server' for CMake module files
[4.916s] Level 1:colcon.colcon_core.environment:checking '/root/aerostack2_ws/install/as2_map_server' for CMake config files
[4.917s] Level 1:colcon.colcon_core.shell:create_environment_hook('as2_map_server', 'cmake_prefix_path')
[4.917s] INFO:colcon.colcon_core.shell:Creating environment hook '/root/aerostack2_ws/install/as2_map_server/share/as2_map_server/hook/cmake_prefix_path.ps1'
[4.920s] INFO:colcon.colcon_core.shell:Creating environment descriptor '/root/aerostack2_ws/install/as2_map_server/share/as2_map_server/hook/cmake_prefix_path.dsv'
[4.921s] INFO:colcon.colcon_core.shell:Creating environment hook '/root/aerostack2_ws/install/as2_map_server/share/as2_map_server/hook/cmake_prefix_path.sh'
[4.922s] Level 1:colcon.colcon_core.environment:checking '/root/aerostack2_ws/install/as2_map_server/lib'
[4.922s] Level 1:colcon.colcon_core.shell:create_environment_hook('as2_map_server', 'ld_library_path_lib')
[4.922s] INFO:colcon.colcon_core.shell:Creating environment hook '/root/aerostack2_ws/install/as2_map_server/share/as2_map_server/hook/ld_library_path_lib.ps1'
[4.923s] INFO:colcon.colcon_core.shell:Creating environment descriptor '/root/aerostack2_ws/install/as2_map_server/share/as2_map_server/hook/ld_library_path_lib.dsv'
[4.923s] INFO:colcon.colcon_core.shell:Creating environment hook '/root/aerostack2_ws/install/as2_map_server/share/as2_map_server/hook/ld_library_path_lib.sh'
[4.928s] Level 1:colcon.colcon_core.environment:checking '/root/aerostack2_ws/install/as2_map_server/bin'
[4.928s] Level 1:colcon.colcon_core.environment:checking '/root/aerostack2_ws/install/as2_map_server/lib/pkgconfig/as2_map_server.pc'
[4.929s] Level 1:colcon.colcon_core.environment:checking '/root/aerostack2_ws/install/as2_map_server/lib/python3.10/site-packages'
[4.929s] Level 1:colcon.colcon_core.environment:checking '/root/aerostack2_ws/install/as2_map_server/bin'
[4.930s] INFO:colcon.colcon_core.shell:Creating package script '/root/aerostack2_ws/install/as2_map_server/share/as2_map_server/package.ps1'
[4.931s] INFO:colcon.colcon_core.shell:Creating package descriptor '/root/aerostack2_ws/install/as2_map_server/share/as2_map_server/package.dsv'
[4.933s] INFO:colcon.colcon_core.shell:Creating package script '/root/aerostack2_ws/install/as2_map_server/share/as2_map_server/package.sh'
[4.934s] INFO:colcon.colcon_core.shell:Creating package script '/root/aerostack2_ws/install/as2_map_server/share/as2_map_server/package.bash'
[4.935s] INFO:colcon.colcon_core.shell:Creating package script '/root/aerostack2_ws/install/as2_map_server/share/as2_map_server/package.zsh'
[4.937s] Level 1:colcon.colcon_core.environment:create_file_with_runtime_dependencies(/root/aerostack2_ws/install/as2_map_server/share/colcon-core/packages/as2_map_server)
[4.938s] INFO:colcon.colcon_ros.task.ament_cmake.build:Building ROS package in '/root/aerostack2_ws/src/aerostack2/as2_hardware_drivers/as2_usb_camera_interface' with build type 'ament_cmake'
[4.938s] INFO:colcon.colcon_cmake.task.cmake.build:Building CMake package in '/root/aerostack2_ws/src/aerostack2/as2_hardware_drivers/as2_usb_camera_interface'
[4.938s] INFO:colcon.colcon_core.shell:Skip shell extension 'powershell' for command environment: Not usable outside of PowerShell
[4.938s] DEBUG:colcon.colcon_core.shell:Skip shell extension 'dsv' for command environment
[4.957s] INFO:colcon.colcon_ros.task.ament_cmake.build:Building ROS package in '/root/aerostack2_ws/src/aerostack2/as2_behaviors/as2_behaviors_path_planning' with build type 'ament_cmake'
[4.958s] INFO:colcon.colcon_cmake.task.cmake.build:Building CMake package in '/root/aerostack2_ws/src/aerostack2/as2_behaviors/as2_behaviors_path_planning'
[4.958s] INFO:colcon.colcon_core.shell:Skip shell extension 'powershell' for command environment: Not usable outside of PowerShell
[4.958s] DEBUG:colcon.colcon_core.shell:Skip shell extension 'dsv' for command environment
[4.990s] DEBUG:colcon.colcon_core.event_handler.log_command:Invoking command in '/root/aerostack2_ws/build/as2_state_estimator': CMAKE_PREFIX_PATH=/root/aerostack2_ws/install/as2_core:/root/aerostack2_ws/install/as2_msgs:/root/aerostack2_ws/install/rmf_demos_gz_classic:/root/aerostack2_ws/install/rmf_demos_gz:/root/aerostack2_ws/install/rmf_demos:/root/aerostack2_ws/install/rmf_demos_maps:/root/aerostack2_ws/install/aerostack2:/root/aerostack2_ws/install/as2_usb_camera_interface:/root/aerostack2_ws/install/as2_state_estimator:/root/aerostack2_ws/install/as2_rviz_plugins:/root/aerostack2_ws/install/as2_realsense_interface:/root/aerostack2_ws/install/as2_platform_multirotor_simulator:/root/aerostack2_ws/install/as2_platform_gazebo:/root/aerostack2_ws/install/as2_motion_controller:/root/aerostack2_ws/install/as2_behaviors_trajectory_generation:/root/aerostack2_ws/install/as2_behaviors_swarm_flocking:/root/aerostack2_ws/install/as2_behaviors_motion:/root/aerostack2_ws/install/as2_motion_reference_handlers:/root/aerostack2_ws/install/as2_map_server:/root/aerostack2_ws/install/as2_geozones:/root/aerostack2_ws/install/as2_gazebo_assets:/root/aerostack2_ws/install/as2_external_object_to_tf:/root/aerostack2_ws/install/as2_behaviors_platform:/root/aerostack2_ws/install/as2_behaviors_perception:/root/aerostack2_ws/install/as2_behaviors_path_planning:/root/aerostack2_ws/install/as2_behavior_tree:/root/aerostack2_ws/install/as2_behavior:/root/aerostack2_ws/install/as2_alphanumeric_viewer:/root/aerostack2_ws/install/as2_cli:/root/aerostack2_ws/install/rmf_demos_tasks:/root/aerostack2_ws/install/rmf_demos_panel:/root/aerostack2_ws/install/rmf_demos_fleet_adapter:/root/aerostack2_ws/install/rmf_demos_dashboard_resources:/root/aerostack2_ws/install/rmf_demos_bridges:/root/aerostack2_ws/install/rmf_demos_assets:/root/aerostack2_ws/install/as2_visualization:/root/aerostack2_ws/install/as2_swarm_perception:/root/aerostack2_ws/install/as2_swarm_fusion_ci:/root/aerostack2_ws/install/as2_swarm_ekf:/root/aerostack2_ws/install/as2_keyboard_teleoperation:/root/aerostack2_ws/install/as2_python_api:/root/aerostack2_ws/install/as2_project_bringup:/root/aerostack2_ws/install/as2_perception:/root/aerostack2_ws/install/as2_groundray_perception:/opt/ros/humble LD_LIBRARY_PATH=/root/aerostack2_ws/install/as2_core/lib:/root/aerostack2_ws/install/as2_msgs/lib:/root/aerostack2_ws/install/as2_state_estimator/lib:/root/aerostack2_ws/install/as2_python_api/lib:/root/aerostack2_ws/install/as2_motion_controller/lib:/root/aerostack2_ws/install/as2_behaviors_trajectory_generation/lib:/root/aerostack2_ws/install/as2_behaviors_swarm_flocking/lib:/root/aerostack2_ws/install/as2_behaviors_motion/lib:/root/aerostack2_ws/install/as2_motion_reference_handlers/lib:/root/aerostack2_ws/install/as2_map_server/lib:/root/aerostack2_ws/install/as2_gazebo_assets/lib:/root/aerostack2_ws/install/as2_behaviors_perception/lib:/root/aerostack2_ws/install/as2_behaviors_path_planning/lib:/root/aerostack2_ws/install/as2_behavior_tree/lib:/root/aerostack2_ws/install/as2_behavior/lib:/opt/ros/humble/opt/rviz_ogre_vendor/lib:/opt/ros/humble/lib/x86_64-linux-gnu:/opt/ros/humble/lib /usr/bin/cmake --build /root/aerostack2_ws/build/as2_state_estimator -- -j8 -l8
[4.998s] DEBUG:colcon.colcon_core.event_handler.log_command:Invoking command in '/root/aerostack2_ws/build/as2_usb_camera_interface': CMAKE_PREFIX_PATH=/root/aerostack2_ws/install/as2_core:/root/aerostack2_ws/install/as2_msgs:/root/aerostack2_ws/install/rmf_demos_gz_classic:/root/aerostack2_ws/install/rmf_demos_gz:/root/aerostack2_ws/install/rmf_demos:/root/aerostack2_ws/install/rmf_demos_maps:/root/aerostack2_ws/install/aerostack2:/root/aerostack2_ws/install/as2_usb_camera_interface:/root/aerostack2_ws/install/as2_state_estimator:/root/aerostack2_ws/install/as2_rviz_plugins:/root/aerostack2_ws/install/as2_realsense_interface:/root/aerostack2_ws/install/as2_platform_multirotor_simulator:/root/aerostack2_ws/install/as2_platform_gazebo:/root/aerostack2_ws/install/as2_motion_controller:/root/aerostack2_ws/install/as2_behaviors_trajectory_generation:/root/aerostack2_ws/install/as2_behaviors_swarm_flocking:/root/aerostack2_ws/install/as2_behaviors_motion:/root/aerostack2_ws/install/as2_motion_reference_handlers:/root/aerostack2_ws/install/as2_map_server:/root/aerostack2_ws/install/as2_geozones:/root/aerostack2_ws/install/as2_gazebo_assets:/root/aerostack2_ws/install/as2_external_object_to_tf:/root/aerostack2_ws/install/as2_behaviors_platform:/root/aerostack2_ws/install/as2_behaviors_perception:/root/aerostack2_ws/install/as2_behaviors_path_planning:/root/aerostack2_ws/install/as2_behavior_tree:/root/aerostack2_ws/install/as2_behavior:/root/aerostack2_ws/install/as2_alphanumeric_viewer:/root/aerostack2_ws/install/as2_cli:/root/aerostack2_ws/install/rmf_demos_tasks:/root/aerostack2_ws/install/rmf_demos_panel:/root/aerostack2_ws/install/rmf_demos_fleet_adapter:/root/aerostack2_ws/install/rmf_demos_dashboard_resources:/root/aerostack2_ws/install/rmf_demos_bridges:/root/aerostack2_ws/install/rmf_demos_assets:/root/aerostack2_ws/install/as2_visualization:/root/aerostack2_ws/install/as2_swarm_perception:/root/aerostack2_ws/install/as2_swarm_fusion_ci:/root/aerostack2_ws/install/as2_swarm_ekf:/root/aerostack2_ws/install/as2_keyboard_teleoperation:/root/aerostack2_ws/install/as2_python_api:/root/aerostack2_ws/install/as2_project_bringup:/root/aerostack2_ws/install/as2_perception:/root/aerostack2_ws/install/as2_groundray_perception:/opt/ros/humble LD_LIBRARY_PATH=/root/aerostack2_ws/install/as2_core/lib:/root/aerostack2_ws/install/as2_msgs/lib:/root/aerostack2_ws/install/as2_state_estimator/lib:/root/aerostack2_ws/install/as2_python_api/lib:/root/aerostack2_ws/install/as2_motion_controller/lib:/root/aerostack2_ws/install/as2_behaviors_trajectory_generation/lib:/root/aerostack2_ws/install/as2_behaviors_swarm_flocking/lib:/root/aerostack2_ws/install/as2_behaviors_motion/lib:/root/aerostack2_ws/install/as2_motion_reference_handlers/lib:/root/aerostack2_ws/install/as2_map_server/lib:/root/aerostack2_ws/install/as2_gazebo_assets/lib:/root/aerostack2_ws/install/as2_behaviors_perception/lib:/root/aerostack2_ws/install/as2_behaviors_path_planning/lib:/root/aerostack2_ws/install/as2_behavior_tree/lib:/root/aerostack2_ws/install/as2_behavior/lib:/opt/ros/humble/opt/rviz_ogre_vendor/lib:/opt/ros/humble/lib/x86_64-linux-gnu:/opt/ros/humble/lib /usr/bin/cmake --build /root/aerostack2_ws/build/as2_usb_camera_interface -- -j8 -l8
[5.007s] DEBUG:colcon.colcon_core.event_handler.log_command:Invoked command in '/root/aerostack2_ws/build/as2_behavior_tree' returned '0': CMAKE_PREFIX_PATH=/root/aerostack2_ws/install/as2_core:/root/aerostack2_ws/install/as2_msgs:/root/aerostack2_ws/install/rmf_demos_gz_classic:/root/aerostack2_ws/install/rmf_demos_gz:/root/aerostack2_ws/install/rmf_demos:/root/aerostack2_ws/install/rmf_demos_maps:/root/aerostack2_ws/install/aerostack2:/root/aerostack2_ws/install/as2_usb_camera_interface:/root/aerostack2_ws/install/as2_state_estimator:/root/aerostack2_ws/install/as2_rviz_plugins:/root/aerostack2_ws/install/as2_realsense_interface:/root/aerostack2_ws/install/as2_platform_multirotor_simulator:/root/aerostack2_ws/install/as2_platform_gazebo:/root/aerostack2_ws/install/as2_motion_controller:/root/aerostack2_ws/install/as2_behaviors_trajectory_generation:/root/aerostack2_ws/install/as2_behaviors_swarm_flocking:/root/aerostack2_ws/install/as2_behaviors_motion:/root/aerostack2_ws/install/as2_motion_reference_handlers:/root/aerostack2_ws/install/as2_map_server:/root/aerostack2_ws/install/as2_geozones:/root/aerostack2_ws/install/as2_gazebo_assets:/root/aerostack2_ws/install/as2_external_object_to_tf:/root/aerostack2_ws/install/as2_behaviors_platform:/root/aerostack2_ws/install/as2_behaviors_perception:/root/aerostack2_ws/install/as2_behaviors_path_planning:/root/aerostack2_ws/install/as2_behavior_tree:/root/aerostack2_ws/install/as2_behavior:/root/aerostack2_ws/install/as2_alphanumeric_viewer:/root/aerostack2_ws/install/as2_cli:/root/aerostack2_ws/install/rmf_demos_tasks:/root/aerostack2_ws/install/rmf_demos_panel:/root/aerostack2_ws/install/rmf_demos_fleet_adapter:/root/aerostack2_ws/install/rmf_demos_dashboard_resources:/root/aerostack2_ws/install/rmf_demos_bridges:/root/aerostack2_ws/install/rmf_demos_assets:/root/aerostack2_ws/install/as2_visualization:/root/aerostack2_ws/install/as2_swarm_perception:/root/aerostack2_ws/install/as2_swarm_fusion_ci:/root/aerostack2_ws/install/as2_swarm_ekf:/root/aerostack2_ws/install/as2_keyboard_teleoperation:/root/aerostack2_ws/install/as2_python_api:/root/aerostack2_ws/install/as2_project_bringup:/root/aerostack2_ws/install/as2_perception:/root/aerostack2_ws/install/as2_groundray_perception:/opt/ros/humble LD_LIBRARY_PATH=/root/aerostack2_ws/install/as2_core/lib:/root/aerostack2_ws/install/as2_msgs/lib:/root/aerostack2_ws/install/as2_state_estimator/lib:/root/aerostack2_ws/install/as2_python_api/lib:/root/aerostack2_ws/install/as2_motion_controller/lib:/root/aerostack2_ws/install/as2_behaviors_trajectory_generation/lib:/root/aerostack2_ws/install/as2_behaviors_swarm_flocking/lib:/root/aerostack2_ws/install/as2_behaviors_motion/lib:/root/aerostack2_ws/install/as2_motion_reference_handlers/lib:/root/aerostack2_ws/install/as2_map_server/lib:/root/aerostack2_ws/install/as2_gazebo_assets/lib:/root/aerostack2_ws/install/as2_behaviors_perception/lib:/root/aerostack2_ws/install/as2_behaviors_path_planning/lib:/root/aerostack2_ws/install/as2_behavior_tree/lib:/root/aerostack2_ws/install/as2_behavior/lib:/opt/ros/humble/opt/rviz_ogre_vendor/lib:/opt/ros/humble/lib/x86_64-linux-gnu:/opt/ros/humble/lib /usr/bin/cmake --build /root/aerostack2_ws/build/as2_behavior_tree -- -j8 -l8
[5.011s] DEBUG:colcon.colcon_core.event_handler.log_command:Invoking command in '/root/aerostack2_ws/build/as2_behavior_tree': CMAKE_PREFIX_PATH=/root/aerostack2_ws/install/as2_core:/root/aerostack2_ws/install/as2_msgs:/root/aerostack2_ws/install/rmf_demos_gz_classic:/root/aerostack2_ws/install/rmf_demos_gz:/root/aerostack2_ws/install/rmf_demos:/root/aerostack2_ws/install/rmf_demos_maps:/root/aerostack2_ws/install/aerostack2:/root/aerostack2_ws/install/as2_usb_camera_interface:/root/aerostack2_ws/install/as2_state_estimator:/root/aerostack2_ws/install/as2_rviz_plugins:/root/aerostack2_ws/install/as2_realsense_interface:/root/aerostack2_ws/install/as2_platform_multirotor_simulator:/root/aerostack2_ws/install/as2_platform_gazebo:/root/aerostack2_ws/install/as2_motion_controller:/root/aerostack2_ws/install/as2_behaviors_trajectory_generation:/root/aerostack2_ws/install/as2_behaviors_swarm_flocking:/root/aerostack2_ws/install/as2_behaviors_motion:/root/aerostack2_ws/install/as2_motion_reference_handlers:/root/aerostack2_ws/install/as2_map_server:/root/aerostack2_ws/install/as2_geozones:/root/aerostack2_ws/install/as2_gazebo_assets:/root/aerostack2_ws/install/as2_external_object_to_tf:/root/aerostack2_ws/install/as2_behaviors_platform:/root/aerostack2_ws/install/as2_behaviors_perception:/root/aerostack2_ws/install/as2_behaviors_path_planning:/root/aerostack2_ws/install/as2_behavior_tree:/root/aerostack2_ws/install/as2_behavior:/root/aerostack2_ws/install/as2_alphanumeric_viewer:/root/aerostack2_ws/install/as2_cli:/root/aerostack2_ws/install/rmf_demos_tasks:/root/aerostack2_ws/install/rmf_demos_panel:/root/aerostack2_ws/install/rmf_demos_fleet_adapter:/root/aerostack2_ws/install/rmf_demos_dashboard_resources:/root/aerostack2_ws/install/rmf_demos_bridges:/root/aerostack2_ws/install/rmf_demos_assets:/root/aerostack2_ws/install/as2_visualization:/root/aerostack2_ws/install/as2_swarm_perception:/root/aerostack2_ws/install/as2_swarm_fusion_ci:/root/aerostack2_ws/install/as2_swarm_ekf:/root/aerostack2_ws/install/as2_keyboard_teleoperation:/root/aerostack2_ws/install/as2_python_api:/root/aerostack2_ws/install/as2_project_bringup:/root/aerostack2_ws/install/as2_perception:/root/aerostack2_ws/install/as2_groundray_perception:/opt/ros/humble LD_LIBRARY_PATH=/root/aerostack2_ws/install/as2_core/lib:/root/aerostack2_ws/install/as2_msgs/lib:/root/aerostack2_ws/install/as2_state_estimator/lib:/root/aerostack2_ws/install/as2_python_api/lib:/root/aerostack2_ws/install/as2_motion_controller/lib:/root/aerostack2_ws/install/as2_behaviors_trajectory_generation/lib:/root/aerostack2_ws/install/as2_behaviors_swarm_flocking/lib:/root/aerostack2_ws/install/as2_behaviors_motion/lib:/root/aerostack2_ws/install/as2_motion_reference_handlers/lib:/root/aerostack2_ws/install/as2_map_server/lib:/root/aerostack2_ws/install/as2_gazebo_assets/lib:/root/aerostack2_ws/install/as2_behaviors_perception/lib:/root/aerostack2_ws/install/as2_behaviors_path_planning/lib:/root/aerostack2_ws/install/as2_behavior_tree/lib:/root/aerostack2_ws/install/as2_behavior/lib:/opt/ros/humble/opt/rviz_ogre_vendor/lib:/opt/ros/humble/lib/x86_64-linux-gnu:/opt/ros/humble/lib /usr/bin/cmake --install /root/aerostack2_ws/build/as2_behavior_tree
[5.012s] DEBUG:colcon.colcon_core.event_handler.log_command:Invoking command in '/root/aerostack2_ws/build/as2_behaviors_path_planning': CMAKE_PREFIX_PATH=/root/aerostack2_ws/install/as2_behavior:/root/aerostack2_ws/install/as2_core:/root/aerostack2_ws/install/as2_msgs:/root/aerostack2_ws/install/rmf_demos_gz_classic:/root/aerostack2_ws/install/rmf_demos_gz:/root/aerostack2_ws/install/rmf_demos:/root/aerostack2_ws/install/rmf_demos_maps:/root/aerostack2_ws/install/aerostack2:/root/aerostack2_ws/install/as2_usb_camera_interface:/root/aerostack2_ws/install/as2_state_estimator:/root/aerostack2_ws/install/as2_rviz_plugins:/root/aerostack2_ws/install/as2_realsense_interface:/root/aerostack2_ws/install/as2_platform_multirotor_simulator:/root/aerostack2_ws/install/as2_platform_gazebo:/root/aerostack2_ws/install/as2_motion_controller:/root/aerostack2_ws/install/as2_behaviors_trajectory_generation:/root/aerostack2_ws/install/as2_behaviors_swarm_flocking:/root/aerostack2_ws/install/as2_behaviors_motion:/root/aerostack2_ws/install/as2_motion_reference_handlers:/root/aerostack2_ws/install/as2_map_server:/root/aerostack2_ws/install/as2_geozones:/root/aerostack2_ws/install/as2_gazebo_assets:/root/aerostack2_ws/install/as2_external_object_to_tf:/root/aerostack2_ws/install/as2_behaviors_platform:/root/aerostack2_ws/install/as2_behaviors_perception:/root/aerostack2_ws/install/as2_behaviors_path_planning:/root/aerostack2_ws/install/as2_behavior_tree:/root/aerostack2_ws/install/as2_alphanumeric_viewer:/root/aerostack2_ws/install/as2_cli:/root/aerostack2_ws/install/rmf_demos_tasks:/root/aerostack2_ws/install/rmf_demos_panel:/root/aerostack2_ws/install/rmf_demos_fleet_adapter:/root/aerostack2_ws/install/rmf_demos_dashboard_resources:/root/aerostack2_ws/install/rmf_demos_bridges:/root/aerostack2_ws/install/rmf_demos_assets:/root/aerostack2_ws/install/as2_visualization:/root/aerostack2_ws/install/as2_swarm_perception:/root/aerostack2_ws/install/as2_swarm_fusion_ci:/root/aerostack2_ws/install/as2_swarm_ekf:/root/aerostack2_ws/install/as2_keyboard_teleoperation:/root/aerostack2_ws/install/as2_python_api:/root/aerostack2_ws/install/as2_project_bringup:/root/aerostack2_ws/install/as2_perception:/root/aerostack2_ws/install/as2_groundray_perception:/opt/ros/humble LD_LIBRARY_PATH=/root/aerostack2_ws/install/as2_behavior/lib:/root/aerostack2_ws/install/as2_core/lib:/root/aerostack2_ws/install/as2_msgs/lib:/root/aerostack2_ws/install/as2_state_estimator/lib:/root/aerostack2_ws/install/as2_python_api/lib:/root/aerostack2_ws/install/as2_motion_controller/lib:/root/aerostack2_ws/install/as2_behaviors_trajectory_generation/lib:/root/aerostack2_ws/install/as2_behaviors_swarm_flocking/lib:/root/aerostack2_ws/install/as2_behaviors_motion/lib:/root/aerostack2_ws/install/as2_motion_reference_handlers/lib:/root/aerostack2_ws/install/as2_map_server/lib:/root/aerostack2_ws/install/as2_gazebo_assets/lib:/root/aerostack2_ws/install/as2_behaviors_perception/lib:/root/aerostack2_ws/install/as2_behaviors_path_planning/lib:/root/aerostack2_ws/install/as2_behavior_tree/lib:/opt/ros/humble/opt/rviz_ogre_vendor/lib:/opt/ros/humble/lib/x86_64-linux-gnu:/opt/ros/humble/lib /usr/bin/cmake --build /root/aerostack2_ws/build/as2_behaviors_path_planning -- -j8 -l8
[5.106s] Level 1:colcon.colcon_core.environment:create_environment_scripts_only(as2_behavior_tree)
[5.106s] Level 1:colcon.colcon_core.environment:checking '/root/aerostack2_ws/install/as2_behavior_tree' for CMake module files
[5.107s] Level 1:colcon.colcon_core.environment:checking '/root/aerostack2_ws/install/as2_behavior_tree' for CMake config files
[5.107s] Level 1:colcon.colcon_core.shell:create_environment_hook('as2_behavior_tree', 'cmake_prefix_path')
[5.108s] INFO:colcon.colcon_core.shell:Creating environment hook '/root/aerostack2_ws/install/as2_behavior_tree/share/as2_behavior_tree/hook/cmake_prefix_path.ps1'
[5.108s] INFO:colcon.colcon_core.shell:Creating environment descriptor '/root/aerostack2_ws/install/as2_behavior_tree/share/as2_behavior_tree/hook/cmake_prefix_path.dsv'
[5.111s] DEBUG:colcon.colcon_core.event_handler.log_command:Invoked command in '/root/aerostack2_ws/build/as2_motion_reference_handlers' returned '0': CMAKE_PREFIX_PATH=/root/aerostack2_ws/install/as2_core:/root/aerostack2_ws/install/as2_msgs:/root/aerostack2_ws/install/rmf_demos_gz_classic:/root/aerostack2_ws/install/rmf_demos_gz:/root/aerostack2_ws/install/rmf_demos:/root/aerostack2_ws/install/rmf_demos_maps:/root/aerostack2_ws/install/aerostack2:/root/aerostack2_ws/install/as2_usb_camera_interface:/root/aerostack2_ws/install/as2_state_estimator:/root/aerostack2_ws/install/as2_rviz_plugins:/root/aerostack2_ws/install/as2_realsense_interface:/root/aerostack2_ws/install/as2_platform_multirotor_simulator:/root/aerostack2_ws/install/as2_platform_gazebo:/root/aerostack2_ws/install/as2_motion_controller:/root/aerostack2_ws/install/as2_behaviors_trajectory_generation:/root/aerostack2_ws/install/as2_behaviors_swarm_flocking:/root/aerostack2_ws/install/as2_behaviors_motion:/root/aerostack2_ws/install/as2_motion_reference_handlers:/root/aerostack2_ws/install/as2_map_server:/root/aerostack2_ws/install/as2_geozones:/root/aerostack2_ws/install/as2_gazebo_assets:/root/aerostack2_ws/install/as2_external_object_to_tf:/root/aerostack2_ws/install/as2_behaviors_platform:/root/aerostack2_ws/install/as2_behaviors_perception:/root/aerostack2_ws/install/as2_behaviors_path_planning:/root/aerostack2_ws/install/as2_behavior_tree:/root/aerostack2_ws/install/as2_behavior:/root/aerostack2_ws/install/as2_alphanumeric_viewer:/root/aerostack2_ws/install/as2_cli:/root/aerostack2_ws/install/rmf_demos_tasks:/root/aerostack2_ws/install/rmf_demos_panel:/root/aerostack2_ws/install/rmf_demos_fleet_adapter:/root/aerostack2_ws/install/rmf_demos_dashboard_resources:/root/aerostack2_ws/install/rmf_demos_bridges:/root/aerostack2_ws/install/rmf_demos_assets:/root/aerostack2_ws/install/as2_visualization:/root/aerostack2_ws/install/as2_swarm_perception:/root/aerostack2_ws/install/as2_swarm_fusion_ci:/root/aerostack2_ws/install/as2_swarm_ekf:/root/aerostack2_ws/install/as2_keyboard_teleoperation:/root/aerostack2_ws/install/as2_python_api:/root/aerostack2_ws/install/as2_project_bringup:/root/aerostack2_ws/install/as2_perception:/root/aerostack2_ws/install/as2_groundray_perception:/opt/ros/humble LD_LIBRARY_PATH=/root/aerostack2_ws/install/as2_core/lib:/root/aerostack2_ws/install/as2_msgs/lib:/root/aerostack2_ws/install/as2_state_estimator/lib:/root/aerostack2_ws/install/as2_python_api/lib:/root/aerostack2_ws/install/as2_motion_controller/lib:/root/aerostack2_ws/install/as2_behaviors_trajectory_generation/lib:/root/aerostack2_ws/install/as2_behaviors_swarm_flocking/lib:/root/aerostack2_ws/install/as2_behaviors_motion/lib:/root/aerostack2_ws/install/as2_motion_reference_handlers/lib:/root/aerostack2_ws/install/as2_map_server/lib:/root/aerostack2_ws/install/as2_gazebo_assets/lib:/root/aerostack2_ws/install/as2_behaviors_perception/lib:/root/aerostack2_ws/install/as2_behaviors_path_planning/lib:/root/aerostack2_ws/install/as2_behavior_tree/lib:/root/aerostack2_ws/install/as2_behavior/lib:/opt/ros/humble/opt/rviz_ogre_vendor/lib:/opt/ros/humble/lib/x86_64-linux-gnu:/opt/ros/humble/lib /usr/bin/cmake --build /root/aerostack2_ws/build/as2_motion_reference_handlers -- -j8 -l8
[5.112s] DEBUG:colcon.colcon_core.event_handler.log_command:Invoking command in '/root/aerostack2_ws/build/as2_motion_reference_handlers': CMAKE_PREFIX_PATH=/root/aerostack2_ws/install/as2_core:/root/aerostack2_ws/install/as2_msgs:/root/aerostack2_ws/install/rmf_demos_gz_classic:/root/aerostack2_ws/install/rmf_demos_gz:/root/aerostack2_ws/install/rmf_demos:/root/aerostack2_ws/install/rmf_demos_maps:/root/aerostack2_ws/install/aerostack2:/root/aerostack2_ws/install/as2_usb_camera_interface:/root/aerostack2_ws/install/as2_state_estimator:/root/aerostack2_ws/install/as2_rviz_plugins:/root/aerostack2_ws/install/as2_realsense_interface:/root/aerostack2_ws/install/as2_platform_multirotor_simulator:/root/aerostack2_ws/install/as2_platform_gazebo:/root/aerostack2_ws/install/as2_motion_controller:/root/aerostack2_ws/install/as2_behaviors_trajectory_generation:/root/aerostack2_ws/install/as2_behaviors_swarm_flocking:/root/aerostack2_ws/install/as2_behaviors_motion:/root/aerostack2_ws/install/as2_motion_reference_handlers:/root/aerostack2_ws/install/as2_map_server:/root/aerostack2_ws/install/as2_geozones:/root/aerostack2_ws/install/as2_gazebo_assets:/root/aerostack2_ws/install/as2_external_object_to_tf:/root/aerostack2_ws/install/as2_behaviors_platform:/root/aerostack2_ws/install/as2_behaviors_perception:/root/aerostack2_ws/install/as2_behaviors_path_planning:/root/aerostack2_ws/install/as2_behavior_tree:/root/aerostack2_ws/install/as2_behavior:/root/aerostack2_ws/install/as2_alphanumeric_viewer:/root/aerostack2_ws/install/as2_cli:/root/aerostack2_ws/install/rmf_demos_tasks:/root/aerostack2_ws/install/rmf_demos_panel:/root/aerostack2_ws/install/rmf_demos_fleet_adapter:/root/aerostack2_ws/install/rmf_demos_dashboard_resources:/root/aerostack2_ws/install/rmf_demos_bridges:/root/aerostack2_ws/install/rmf_demos_assets:/root/aerostack2_ws/install/as2_visualization:/root/aerostack2_ws/install/as2_swarm_perception:/root/aerostack2_ws/install/as2_swarm_fusion_ci:/root/aerostack2_ws/install/as2_swarm_ekf:/root/aerostack2_ws/install/as2_keyboard_teleoperation:/root/aerostack2_ws/install/as2_python_api:/root/aerostack2_ws/install/as2_project_bringup:/root/aerostack2_ws/install/as2_perception:/root/aerostack2_ws/install/as2_groundray_perception:/opt/ros/humble LD_LIBRARY_PATH=/root/aerostack2_ws/install/as2_core/lib:/root/aerostack2_ws/install/as2_msgs/lib:/root/aerostack2_ws/install/as2_state_estimator/lib:/root/aerostack2_ws/install/as2_python_api/lib:/root/aerostack2_ws/install/as2_motion_controller/lib:/root/aerostack2_ws/install/as2_behaviors_trajectory_generation/lib:/root/aerostack2_ws/install/as2_behaviors_swarm_flocking/lib:/root/aerostack2_ws/install/as2_behaviors_motion/lib:/root/aerostack2_ws/install/as2_motion_reference_handlers/lib:/root/aerostack2_ws/install/as2_map_server/lib:/root/aerostack2_ws/install/as2_gazebo_assets/lib:/root/aerostack2_ws/install/as2_behaviors_perception/lib:/root/aerostack2_ws/install/as2_behaviors_path_planning/lib:/root/aerostack2_ws/install/as2_behavior_tree/lib:/root/aerostack2_ws/install/as2_behavior/lib:/opt/ros/humble/opt/rviz_ogre_vendor/lib:/opt/ros/humble/lib/x86_64-linux-gnu:/opt/ros/humble/lib /usr/bin/cmake --install /root/aerostack2_ws/build/as2_motion_reference_handlers
[5.113s] DEBUG:colcon.colcon_core.event_handler.log_command:Invoked command in '/root/aerostack2_ws/build/as2_behavior_tree' returned '0': CMAKE_PREFIX_PATH=/root/aerostack2_ws/install/as2_core:/root/aerostack2_ws/install/as2_msgs:/root/aerostack2_ws/install/rmf_demos_gz_classic:/root/aerostack2_ws/install/rmf_demos_gz:/root/aerostack2_ws/install/rmf_demos:/root/aerostack2_ws/install/rmf_demos_maps:/root/aerostack2_ws/install/aerostack2:/root/aerostack2_ws/install/as2_usb_camera_interface:/root/aerostack2_ws/install/as2_state_estimator:/root/aerostack2_ws/install/as2_rviz_plugins:/root/aerostack2_ws/install/as2_realsense_interface:/root/aerostack2_ws/install/as2_platform_multirotor_simulator:/root/aerostack2_ws/install/as2_platform_gazebo:/root/aerostack2_ws/install/as2_motion_controller:/root/aerostack2_ws/install/as2_behaviors_trajectory_generation:/root/aerostack2_ws/install/as2_behaviors_swarm_flocking:/root/aerostack2_ws/install/as2_behaviors_motion:/root/aerostack2_ws/install/as2_motion_reference_handlers:/root/aerostack2_ws/install/as2_map_server:/root/aerostack2_ws/install/as2_geozones:/root/aerostack2_ws/install/as2_gazebo_assets:/root/aerostack2_ws/install/as2_external_object_to_tf:/root/aerostack2_ws/install/as2_behaviors_platform:/root/aerostack2_ws/install/as2_behaviors_perception:/root/aerostack2_ws/install/as2_behaviors_path_planning:/root/aerostack2_ws/install/as2_behavior_tree:/root/aerostack2_ws/install/as2_behavior:/root/aerostack2_ws/install/as2_alphanumeric_viewer:/root/aerostack2_ws/install/as2_cli:/root/aerostack2_ws/install/rmf_demos_tasks:/root/aerostack2_ws/install/rmf_demos_panel:/root/aerostack2_ws/install/rmf_demos_fleet_adapter:/root/aerostack2_ws/install/rmf_demos_dashboard_resources:/root/aerostack2_ws/install/rmf_demos_bridges:/root/aerostack2_ws/install/rmf_demos_assets:/root/aerostack2_ws/install/as2_visualization:/root/aerostack2_ws/install/as2_swarm_perception:/root/aerostack2_ws/install/as2_swarm_fusion_ci:/root/aerostack2_ws/install/as2_swarm_ekf:/root/aerostack2_ws/install/as2_keyboard_teleoperation:/root/aerostack2_ws/install/as2_python_api:/root/aerostack2_ws/install/as2_project_bringup:/root/aerostack2_ws/install/as2_perception:/root/aerostack2_ws/install/as2_groundray_perception:/opt/ros/humble LD_LIBRARY_PATH=/root/aerostack2_ws/install/as2_core/lib:/root/aerostack2_ws/install/as2_msgs/lib:/root/aerostack2_ws/install/as2_state_estimator/lib:/root/aerostack2_ws/install/as2_python_api/lib:/root/aerostack2_ws/install/as2_motion_controller/lib:/root/aerostack2_ws/install/as2_behaviors_trajectory_generation/lib:/root/aerostack2_ws/install/as2_behaviors_swarm_flocking/lib:/root/aerostack2_ws/install/as2_behaviors_motion/lib:/root/aerostack2_ws/install/as2_motion_reference_handlers/lib:/root/aerostack2_ws/install/as2_map_server/lib:/root/aerostack2_ws/install/as2_gazebo_assets/lib:/root/aerostack2_ws/install/as2_behaviors_perception/lib:/root/aerostack2_ws/install/as2_behaviors_path_planning/lib:/root/aerostack2_ws/install/as2_behavior_tree/lib:/root/aerostack2_ws/install/as2_behavior/lib:/opt/ros/humble/opt/rviz_ogre_vendor/lib:/opt/ros/humble/lib/x86_64-linux-gnu:/opt/ros/humble/lib /usr/bin/cmake --install /root/aerostack2_ws/build/as2_behavior_tree
[5.112s] INFO:colcon.colcon_core.shell:Creating environment hook '/root/aerostack2_ws/install/as2_behavior_tree/share/as2_behavior_tree/hook/cmake_prefix_path.sh'
[5.114s] Level 1:colcon.colcon_core.environment:checking '/root/aerostack2_ws/install/as2_behavior_tree/lib'
[5.114s] Level 1:colcon.colcon_core.shell:create_environment_hook('as2_behavior_tree', 'ld_library_path_lib')
[5.114s] INFO:colcon.colcon_core.shell:Creating environment hook '/root/aerostack2_ws/install/as2_behavior_tree/share/as2_behavior_tree/hook/ld_library_path_lib.ps1'
[5.115s] INFO:colcon.colcon_core.shell:Creating environment descriptor '/root/aerostack2_ws/install/as2_behavior_tree/share/as2_behavior_tree/hook/ld_library_path_lib.dsv'
[5.115s] INFO:colcon.colcon_core.shell:Creating environment hook '/root/aerostack2_ws/install/as2_behavior_tree/share/as2_behavior_tree/hook/ld_library_path_lib.sh'
[5.116s] Level 1:colcon.colcon_core.environment:checking '/root/aerostack2_ws/install/as2_behavior_tree/bin'
[5.116s] Level 1:colcon.colcon_core.environment:checking '/root/aerostack2_ws/install/as2_behavior_tree/lib/pkgconfig/as2_behavior_tree.pc'
[5.116s] Level 1:colcon.colcon_core.environment:checking '/root/aerostack2_ws/install/as2_behavior_tree/lib/python3.10/site-packages'
[5.117s] Level 1:colcon.colcon_core.environment:checking '/root/aerostack2_ws/install/as2_behavior_tree/bin'
[5.117s] INFO:colcon.colcon_core.shell:Creating package script '/root/aerostack2_ws/install/as2_behavior_tree/share/as2_behavior_tree/package.ps1'
[5.118s] INFO:colcon.colcon_core.shell:Creating package descriptor '/root/aerostack2_ws/install/as2_behavior_tree/share/as2_behavior_tree/package.dsv'
[5.119s] INFO:colcon.colcon_core.shell:Creating package script '/root/aerostack2_ws/install/as2_behavior_tree/share/as2_behavior_tree/package.sh'
[5.120s] INFO:colcon.colcon_core.shell:Creating package script '/root/aerostack2_ws/install/as2_behavior_tree/share/as2_behavior_tree/package.bash'
[5.121s] INFO:colcon.colcon_core.shell:Creating package script '/root/aerostack2_ws/install/as2_behavior_tree/share/as2_behavior_tree/package.zsh'
[5.122s] Level 1:colcon.colcon_core.environment:create_file_with_runtime_dependencies(/root/aerostack2_ws/install/as2_behavior_tree/share/colcon-core/packages/as2_behavior_tree)
[5.123s] Level 1:colcon.colcon_core.environment:create_environment_scripts_only(as2_behavior_tree)
[5.123s] Level 1:colcon.colcon_core.environment:checking '/root/aerostack2_ws/install/as2_behavior_tree' for CMake module files
[5.124s] Level 1:colcon.colcon_core.environment:checking '/root/aerostack2_ws/install/as2_behavior_tree' for CMake config files
[5.124s] Level 1:colcon.colcon_core.shell:create_environment_hook('as2_behavior_tree', 'cmake_prefix_path')
[5.125s] INFO:colcon.colcon_core.shell:Creating environment hook '/root/aerostack2_ws/install/as2_behavior_tree/share/as2_behavior_tree/hook/cmake_prefix_path.ps1'
[5.125s] INFO:colcon.colcon_core.shell:Creating environment descriptor '/root/aerostack2_ws/install/as2_behavior_tree/share/as2_behavior_tree/hook/cmake_prefix_path.dsv'
[5.126s] INFO:colcon.colcon_core.shell:Creating environment hook '/root/aerostack2_ws/install/as2_behavior_tree/share/as2_behavior_tree/hook/cmake_prefix_path.sh'
[5.127s] Level 1:colcon.colcon_core.environment:checking '/root/aerostack2_ws/install/as2_behavior_tree/lib'
[5.127s] Level 1:colcon.colcon_core.shell:create_environment_hook('as2_behavior_tree', 'ld_library_path_lib')
[5.128s] INFO:colcon.colcon_core.shell:Creating environment hook '/root/aerostack2_ws/install/as2_behavior_tree/share/as2_behavior_tree/hook/ld_library_path_lib.ps1'
[5.128s] INFO:colcon.colcon_core.shell:Creating environment descriptor '/root/aerostack2_ws/install/as2_behavior_tree/share/as2_behavior_tree/hook/ld_library_path_lib.dsv'
[5.129s] INFO:colcon.colcon_core.shell:Creating environment hook '/root/aerostack2_ws/install/as2_behavior_tree/share/as2_behavior_tree/hook/ld_library_path_lib.sh'
[5.129s] Level 1:colcon.colcon_core.environment:checking '/root/aerostack2_ws/install/as2_behavior_tree/bin'
[5.129s] Level 1:colcon.colcon_core.environment:checking '/root/aerostack2_ws/install/as2_behavior_tree/lib/pkgconfig/as2_behavior_tree.pc'
[5.130s] Level 1:colcon.colcon_core.environment:checking '/root/aerostack2_ws/install/as2_behavior_tree/lib/python3.10/site-packages'
[5.130s] Level 1:colcon.colcon_core.environment:checking '/root/aerostack2_ws/install/as2_behavior_tree/bin'
[5.131s] INFO:colcon.colcon_core.shell:Creating package script '/root/aerostack2_ws/install/as2_behavior_tree/share/as2_behavior_tree/package.ps1'
[5.132s] INFO:colcon.colcon_core.shell:Creating package descriptor '/root/aerostack2_ws/install/as2_behavior_tree/share/as2_behavior_tree/package.dsv'
[5.132s] INFO:colcon.colcon_core.shell:Creating package script '/root/aerostack2_ws/install/as2_behavior_tree/share/as2_behavior_tree/package.sh'
[5.133s] INFO:colcon.colcon_core.shell:Creating package script '/root/aerostack2_ws/install/as2_behavior_tree/share/as2_behavior_tree/package.bash'
[5.134s] INFO:colcon.colcon_core.shell:Creating package script '/root/aerostack2_ws/install/as2_behavior_tree/share/as2_behavior_tree/package.zsh'
[5.134s] Level 1:colcon.colcon_core.environment:create_file_with_runtime_dependencies(/root/aerostack2_ws/install/as2_behavior_tree/share/colcon-core/packages/as2_behavior_tree)
[5.139s] INFO:colcon.colcon_ros.task.ament_cmake.build:Building ROS package in '/root/aerostack2_ws/src/aerostack2/as2_behaviors/as2_behaviors_perception' with build type 'ament_cmake'
[5.139s] INFO:colcon.colcon_cmake.task.cmake.build:Building CMake package in '/root/aerostack2_ws/src/aerostack2/as2_behaviors/as2_behaviors_perception'
[5.139s] INFO:colcon.colcon_core.shell:Skip shell extension 'powershell' for command environment: Not usable outside of PowerShell
[5.139s] DEBUG:colcon.colcon_core.shell:Skip shell extension 'dsv' for command environment
[5.193s] DEBUG:colcon.colcon_core.event_handler.log_command:Invoking command in '/root/aerostack2_ws/build/as2_behaviors_perception': CMAKE_PREFIX_PATH=/root/aerostack2_ws/install/as2_behavior:/root/aerostack2_ws/install/as2_core:/root/aerostack2_ws/install/as2_msgs:/root/aerostack2_ws/install/rmf_demos_gz_classic:/root/aerostack2_ws/install/rmf_demos_gz:/root/aerostack2_ws/install/rmf_demos:/root/aerostack2_ws/install/rmf_demos_maps:/root/aerostack2_ws/install/aerostack2:/root/aerostack2_ws/install/as2_usb_camera_interface:/root/aerostack2_ws/install/as2_state_estimator:/root/aerostack2_ws/install/as2_rviz_plugins:/root/aerostack2_ws/install/as2_realsense_interface:/root/aerostack2_ws/install/as2_platform_multirotor_simulator:/root/aerostack2_ws/install/as2_platform_gazebo:/root/aerostack2_ws/install/as2_motion_controller:/root/aerostack2_ws/install/as2_behaviors_trajectory_generation:/root/aerostack2_ws/install/as2_behaviors_swarm_flocking:/root/aerostack2_ws/install/as2_behaviors_motion:/root/aerostack2_ws/install/as2_motion_reference_handlers:/root/aerostack2_ws/install/as2_map_server:/root/aerostack2_ws/install/as2_geozones:/root/aerostack2_ws/install/as2_gazebo_assets:/root/aerostack2_ws/install/as2_external_object_to_tf:/root/aerostack2_ws/install/as2_behaviors_platform:/root/aerostack2_ws/install/as2_behaviors_perception:/root/aerostack2_ws/install/as2_behaviors_path_planning:/root/aerostack2_ws/install/as2_behavior_tree:/root/aerostack2_ws/install/as2_alphanumeric_viewer:/root/aerostack2_ws/install/as2_cli:/root/aerostack2_ws/install/rmf_demos_tasks:/root/aerostack2_ws/install/rmf_demos_panel:/root/aerostack2_ws/install/rmf_demos_fleet_adapter:/root/aerostack2_ws/install/rmf_demos_dashboard_resources:/root/aerostack2_ws/install/rmf_demos_bridges:/root/aerostack2_ws/install/rmf_demos_assets:/root/aerostack2_ws/install/as2_visualization:/root/aerostack2_ws/install/as2_swarm_perception:/root/aerostack2_ws/install/as2_swarm_fusion_ci:/root/aerostack2_ws/install/as2_swarm_ekf:/root/aerostack2_ws/install/as2_keyboard_teleoperation:/root/aerostack2_ws/install/as2_python_api:/root/aerostack2_ws/install/as2_project_bringup:/root/aerostack2_ws/install/as2_perception:/root/aerostack2_ws/install/as2_groundray_perception:/opt/ros/humble LD_LIBRARY_PATH=/root/aerostack2_ws/install/as2_behavior/lib:/root/aerostack2_ws/install/as2_core/lib:/root/aerostack2_ws/install/as2_msgs/lib:/root/aerostack2_ws/install/as2_state_estimator/lib:/root/aerostack2_ws/install/as2_python_api/lib:/root/aerostack2_ws/install/as2_motion_controller/lib:/root/aerostack2_ws/install/as2_behaviors_trajectory_generation/lib:/root/aerostack2_ws/install/as2_behaviors_swarm_flocking/lib:/root/aerostack2_ws/install/as2_behaviors_motion/lib:/root/aerostack2_ws/install/as2_motion_reference_handlers/lib:/root/aerostack2_ws/install/as2_map_server/lib:/root/aerostack2_ws/install/as2_gazebo_assets/lib:/root/aerostack2_ws/install/as2_behaviors_perception/lib:/root/aerostack2_ws/install/as2_behaviors_path_planning/lib:/root/aerostack2_ws/install/as2_behavior_tree/lib:/opt/ros/humble/opt/rviz_ogre_vendor/lib:/opt/ros/humble/lib/x86_64-linux-gnu:/opt/ros/humble/lib /usr/bin/cmake --build /root/aerostack2_ws/build/as2_behaviors_perception -- -j8 -l8
[5.291s] Level 1:colcon.colcon_core.environment:create_environment_scripts_only(as2_motion_reference_handlers)
[5.293s] Level 1:colcon.colcon_core.environment:checking '/root/aerostack2_ws/install/as2_motion_reference_handlers' for CMake module files
[5.294s] Level 1:colcon.colcon_core.environment:checking '/root/aerostack2_ws/install/as2_motion_reference_handlers' for CMake config files
[5.296s] DEBUG:colcon.colcon_core.event_handler.log_command:Invoked command in '/root/aerostack2_ws/build/as2_realsense_interface' returned '0': CMAKE_PREFIX_PATH=/root/aerostack2_ws/install/as2_core:/root/aerostack2_ws/install/as2_msgs:/root/aerostack2_ws/install/rmf_demos_gz_classic:/root/aerostack2_ws/install/rmf_demos_gz:/root/aerostack2_ws/install/rmf_demos:/root/aerostack2_ws/install/rmf_demos_maps:/root/aerostack2_ws/install/aerostack2:/root/aerostack2_ws/install/as2_usb_camera_interface:/root/aerostack2_ws/install/as2_state_estimator:/root/aerostack2_ws/install/as2_rviz_plugins:/root/aerostack2_ws/install/as2_realsense_interface:/root/aerostack2_ws/install/as2_platform_multirotor_simulator:/root/aerostack2_ws/install/as2_platform_gazebo:/root/aerostack2_ws/install/as2_motion_controller:/root/aerostack2_ws/install/as2_behaviors_trajectory_generation:/root/aerostack2_ws/install/as2_behaviors_swarm_flocking:/root/aerostack2_ws/install/as2_behaviors_motion:/root/aerostack2_ws/install/as2_motion_reference_handlers:/root/aerostack2_ws/install/as2_map_server:/root/aerostack2_ws/install/as2_geozones:/root/aerostack2_ws/install/as2_gazebo_assets:/root/aerostack2_ws/install/as2_external_object_to_tf:/root/aerostack2_ws/install/as2_behaviors_platform:/root/aerostack2_ws/install/as2_behaviors_perception:/root/aerostack2_ws/install/as2_behaviors_path_planning:/root/aerostack2_ws/install/as2_behavior_tree:/root/aerostack2_ws/install/as2_behavior:/root/aerostack2_ws/install/as2_alphanumeric_viewer:/root/aerostack2_ws/install/as2_cli:/root/aerostack2_ws/install/rmf_demos_tasks:/root/aerostack2_ws/install/rmf_demos_panel:/root/aerostack2_ws/install/rmf_demos_fleet_adapter:/root/aerostack2_ws/install/rmf_demos_dashboard_resources:/root/aerostack2_ws/install/rmf_demos_bridges:/root/aerostack2_ws/install/rmf_demos_assets:/root/aerostack2_ws/install/as2_visualization:/root/aerostack2_ws/install/as2_swarm_perception:/root/aerostack2_ws/install/as2_swarm_fusion_ci:/root/aerostack2_ws/install/as2_swarm_ekf:/root/aerostack2_ws/install/as2_keyboard_teleoperation:/root/aerostack2_ws/install/as2_python_api:/root/aerostack2_ws/install/as2_project_bringup:/root/aerostack2_ws/install/as2_perception:/root/aerostack2_ws/install/as2_groundray_perception:/opt/ros/humble LD_LIBRARY_PATH=/root/aerostack2_ws/install/as2_core/lib:/root/aerostack2_ws/install/as2_msgs/lib:/root/aerostack2_ws/install/as2_state_estimator/lib:/root/aerostack2_ws/install/as2_python_api/lib:/root/aerostack2_ws/install/as2_motion_controller/lib:/root/aerostack2_ws/install/as2_behaviors_trajectory_generation/lib:/root/aerostack2_ws/install/as2_behaviors_swarm_flocking/lib:/root/aerostack2_ws/install/as2_behaviors_motion/lib:/root/aerostack2_ws/install/as2_motion_reference_handlers/lib:/root/aerostack2_ws/install/as2_map_server/lib:/root/aerostack2_ws/install/as2_gazebo_assets/lib:/root/aerostack2_ws/install/as2_behaviors_perception/lib:/root/aerostack2_ws/install/as2_behaviors_path_planning/lib:/root/aerostack2_ws/install/as2_behavior_tree/lib:/root/aerostack2_ws/install/as2_behavior/lib:/opt/ros/humble/opt/rviz_ogre_vendor/lib:/opt/ros/humble/lib/x86_64-linux-gnu:/opt/ros/humble/lib /usr/bin/cmake --build /root/aerostack2_ws/build/as2_realsense_interface -- -j8 -l8
[5.296s] Level 1:colcon.colcon_core.shell:create_environment_hook('as2_motion_reference_handlers', 'cmake_prefix_path')
[5.297s] INFO:colcon.colcon_core.shell:Creating environment hook '/root/aerostack2_ws/install/as2_motion_reference_handlers/share/as2_motion_reference_handlers/hook/cmake_prefix_path.ps1'
[5.297s] DEBUG:colcon.colcon_core.event_handler.log_command:Invoking command in '/root/aerostack2_ws/build/as2_realsense_interface': CMAKE_PREFIX_PATH=/root/aerostack2_ws/install/as2_core:/root/aerostack2_ws/install/as2_msgs:/root/aerostack2_ws/install/rmf_demos_gz_classic:/root/aerostack2_ws/install/rmf_demos_gz:/root/aerostack2_ws/install/rmf_demos:/root/aerostack2_ws/install/rmf_demos_maps:/root/aerostack2_ws/install/aerostack2:/root/aerostack2_ws/install/as2_usb_camera_interface:/root/aerostack2_ws/install/as2_state_estimator:/root/aerostack2_ws/install/as2_rviz_plugins:/root/aerostack2_ws/install/as2_realsense_interface:/root/aerostack2_ws/install/as2_platform_multirotor_simulator:/root/aerostack2_ws/install/as2_platform_gazebo:/root/aerostack2_ws/install/as2_motion_controller:/root/aerostack2_ws/install/as2_behaviors_trajectory_generation:/root/aerostack2_ws/install/as2_behaviors_swarm_flocking:/root/aerostack2_ws/install/as2_behaviors_motion:/root/aerostack2_ws/install/as2_motion_reference_handlers:/root/aerostack2_ws/install/as2_map_server:/root/aerostack2_ws/install/as2_geozones:/root/aerostack2_ws/install/as2_gazebo_assets:/root/aerostack2_ws/install/as2_external_object_to_tf:/root/aerostack2_ws/install/as2_behaviors_platform:/root/aerostack2_ws/install/as2_behaviors_perception:/root/aerostack2_ws/install/as2_behaviors_path_planning:/root/aerostack2_ws/install/as2_behavior_tree:/root/aerostack2_ws/install/as2_behavior:/root/aerostack2_ws/install/as2_alphanumeric_viewer:/root/aerostack2_ws/install/as2_cli:/root/aerostack2_ws/install/rmf_demos_tasks:/root/aerostack2_ws/install/rmf_demos_panel:/root/aerostack2_ws/install/rmf_demos_fleet_adapter:/root/aerostack2_ws/install/rmf_demos_dashboard_resources:/root/aerostack2_ws/install/rmf_demos_bridges:/root/aerostack2_ws/install/rmf_demos_assets:/root/aerostack2_ws/install/as2_visualization:/root/aerostack2_ws/install/as2_swarm_perception:/root/aerostack2_ws/install/as2_swarm_fusion_ci:/root/aerostack2_ws/install/as2_swarm_ekf:/root/aerostack2_ws/install/as2_keyboard_teleoperation:/root/aerostack2_ws/install/as2_python_api:/root/aerostack2_ws/install/as2_project_bringup:/root/aerostack2_ws/install/as2_perception:/root/aerostack2_ws/install/as2_groundray_perception:/opt/ros/humble LD_LIBRARY_PATH=/root/aerostack2_ws/install/as2_core/lib:/root/aerostack2_ws/install/as2_msgs/lib:/root/aerostack2_ws/install/as2_state_estimator/lib:/root/aerostack2_ws/install/as2_python_api/lib:/root/aerostack2_ws/install/as2_motion_controller/lib:/root/aerostack2_ws/install/as2_behaviors_trajectory_generation/lib:/root/aerostack2_ws/install/as2_behaviors_swarm_flocking/lib:/root/aerostack2_ws/install/as2_behaviors_motion/lib:/root/aerostack2_ws/install/as2_motion_reference_handlers/lib:/root/aerostack2_ws/install/as2_map_server/lib:/root/aerostack2_ws/install/as2_gazebo_assets/lib:/root/aerostack2_ws/install/as2_behaviors_perception/lib:/root/aerostack2_ws/install/as2_behaviors_path_planning/lib:/root/aerostack2_ws/install/as2_behavior_tree/lib:/root/aerostack2_ws/install/as2_behavior/lib:/opt/ros/humble/opt/rviz_ogre_vendor/lib:/opt/ros/humble/lib/x86_64-linux-gnu:/opt/ros/humble/lib /usr/bin/cmake --install /root/aerostack2_ws/build/as2_realsense_interface
[5.298s] DEBUG:colcon.colcon_core.event_handler.log_command:Invoked command in '/root/aerostack2_ws/build/as2_motion_reference_handlers' returned '0': CMAKE_PREFIX_PATH=/root/aerostack2_ws/install/as2_core:/root/aerostack2_ws/install/as2_msgs:/root/aerostack2_ws/install/rmf_demos_gz_classic:/root/aerostack2_ws/install/rmf_demos_gz:/root/aerostack2_ws/install/rmf_demos:/root/aerostack2_ws/install/rmf_demos_maps:/root/aerostack2_ws/install/aerostack2:/root/aerostack2_ws/install/as2_usb_camera_interface:/root/aerostack2_ws/install/as2_state_estimator:/root/aerostack2_ws/install/as2_rviz_plugins:/root/aerostack2_ws/install/as2_realsense_interface:/root/aerostack2_ws/install/as2_platform_multirotor_simulator:/root/aerostack2_ws/install/as2_platform_gazebo:/root/aerostack2_ws/install/as2_motion_controller:/root/aerostack2_ws/install/as2_behaviors_trajectory_generation:/root/aerostack2_ws/install/as2_behaviors_swarm_flocking:/root/aerostack2_ws/install/as2_behaviors_motion:/root/aerostack2_ws/install/as2_motion_reference_handlers:/root/aerostack2_ws/install/as2_map_server:/root/aerostack2_ws/install/as2_geozones:/root/aerostack2_ws/install/as2_gazebo_assets:/root/aerostack2_ws/install/as2_external_object_to_tf:/root/aerostack2_ws/install/as2_behaviors_platform:/root/aerostack2_ws/install/as2_behaviors_perception:/root/aerostack2_ws/install/as2_behaviors_path_planning:/root/aerostack2_ws/install/as2_behavior_tree:/root/aerostack2_ws/install/as2_behavior:/root/aerostack2_ws/install/as2_alphanumeric_viewer:/root/aerostack2_ws/install/as2_cli:/root/aerostack2_ws/install/rmf_demos_tasks:/root/aerostack2_ws/install/rmf_demos_panel:/root/aerostack2_ws/install/rmf_demos_fleet_adapter:/root/aerostack2_ws/install/rmf_demos_dashboard_resources:/root/aerostack2_ws/install/rmf_demos_bridges:/root/aerostack2_ws/install/rmf_demos_assets:/root/aerostack2_ws/install/as2_visualization:/root/aerostack2_ws/install/as2_swarm_perception:/root/aerostack2_ws/install/as2_swarm_fusion_ci:/root/aerostack2_ws/install/as2_swarm_ekf:/root/aerostack2_ws/install/as2_keyboard_teleoperation:/root/aerostack2_ws/install/as2_python_api:/root/aerostack2_ws/install/as2_project_bringup:/root/aerostack2_ws/install/as2_perception:/root/aerostack2_ws/install/as2_groundray_perception:/opt/ros/humble LD_LIBRARY_PATH=/root/aerostack2_ws/install/as2_core/lib:/root/aerostack2_ws/install/as2_msgs/lib:/root/aerostack2_ws/install/as2_state_estimator/lib:/root/aerostack2_ws/install/as2_python_api/lib:/root/aerostack2_ws/install/as2_motion_controller/lib:/root/aerostack2_ws/install/as2_behaviors_trajectory_generation/lib:/root/aerostack2_ws/install/as2_behaviors_swarm_flocking/lib:/root/aerostack2_ws/install/as2_behaviors_motion/lib:/root/aerostack2_ws/install/as2_motion_reference_handlers/lib:/root/aerostack2_ws/install/as2_map_server/lib:/root/aerostack2_ws/install/as2_gazebo_assets/lib:/root/aerostack2_ws/install/as2_behaviors_perception/lib:/root/aerostack2_ws/install/as2_behaviors_path_planning/lib:/root/aerostack2_ws/install/as2_behavior_tree/lib:/root/aerostack2_ws/install/as2_behavior/lib:/opt/ros/humble/opt/rviz_ogre_vendor/lib:/opt/ros/humble/lib/x86_64-linux-gnu:/opt/ros/humble/lib /usr/bin/cmake --install /root/aerostack2_ws/build/as2_motion_reference_handlers
[5.298s] INFO:colcon.colcon_core.shell:Creating environment descriptor '/root/aerostack2_ws/install/as2_motion_reference_handlers/share/as2_motion_reference_handlers/hook/cmake_prefix_path.dsv'
[5.298s] INFO:colcon.colcon_core.shell:Creating environment hook '/root/aerostack2_ws/install/as2_motion_reference_handlers/share/as2_motion_reference_handlers/hook/cmake_prefix_path.sh'
[5.299s] Level 1:colcon.colcon_core.environment:checking '/root/aerostack2_ws/install/as2_motion_reference_handlers/lib'
[5.300s] Level 1:colcon.colcon_core.environment:checking '/root/aerostack2_ws/install/as2_motion_reference_handlers/bin'
[5.300s] Level 1:colcon.colcon_core.environment:checking '/root/aerostack2_ws/install/as2_motion_reference_handlers/lib/pkgconfig/as2_motion_reference_handlers.pc'
[5.303s] Level 1:colcon.colcon_core.environment:checking '/root/aerostack2_ws/install/as2_motion_reference_handlers/lib/python3.10/site-packages'
[5.303s] Level 1:colcon.colcon_core.environment:checking '/root/aerostack2_ws/install/as2_motion_reference_handlers/bin'
[5.306s] INFO:colcon.colcon_core.shell:Creating package script '/root/aerostack2_ws/install/as2_motion_reference_handlers/share/as2_motion_reference_handlers/package.ps1'
[5.307s] INFO:colcon.colcon_core.shell:Creating package descriptor '/root/aerostack2_ws/install/as2_motion_reference_handlers/share/as2_motion_reference_handlers/package.dsv'
[5.308s] INFO:colcon.colcon_core.shell:Creating package script '/root/aerostack2_ws/install/as2_motion_reference_handlers/share/as2_motion_reference_handlers/package.sh'
[5.308s] INFO:colcon.colcon_core.shell:Creating package script '/root/aerostack2_ws/install/as2_motion_reference_handlers/share/as2_motion_reference_handlers/package.bash'
[5.309s] INFO:colcon.colcon_core.shell:Creating package script '/root/aerostack2_ws/install/as2_motion_reference_handlers/share/as2_motion_reference_handlers/package.zsh'
[5.310s] Level 1:colcon.colcon_core.environment:create_file_with_runtime_dependencies(/root/aerostack2_ws/install/as2_motion_reference_handlers/share/colcon-core/packages/as2_motion_reference_handlers)
[5.311s] Level 1:colcon.colcon_core.environment:create_environment_scripts_only(as2_motion_reference_handlers)
[5.311s] Level 1:colcon.colcon_core.environment:checking '/root/aerostack2_ws/install/as2_motion_reference_handlers' for CMake module files
[5.312s] Level 1:colcon.colcon_core.environment:checking '/root/aerostack2_ws/install/as2_motion_reference_handlers' for CMake config files
[5.312s] Level 1:colcon.colcon_core.shell:create_environment_hook('as2_motion_reference_handlers', 'cmake_prefix_path')
[5.313s] INFO:colcon.colcon_core.shell:Creating environment hook '/root/aerostack2_ws/install/as2_motion_reference_handlers/share/as2_motion_reference_handlers/hook/cmake_prefix_path.ps1'
[5.313s] INFO:colcon.colcon_core.shell:Creating environment descriptor '/root/aerostack2_ws/install/as2_motion_reference_handlers/share/as2_motion_reference_handlers/hook/cmake_prefix_path.dsv'
[5.314s] INFO:colcon.colcon_core.shell:Creating environment hook '/root/aerostack2_ws/install/as2_motion_reference_handlers/share/as2_motion_reference_handlers/hook/cmake_prefix_path.sh'
[5.315s] Level 1:colcon.colcon_core.environment:checking '/root/aerostack2_ws/install/as2_motion_reference_handlers/lib'
[5.315s] Level 1:colcon.colcon_core.environment:checking '/root/aerostack2_ws/install/as2_motion_reference_handlers/bin'
[5.315s] Level 1:colcon.colcon_core.environment:checking '/root/aerostack2_ws/install/as2_motion_reference_handlers/lib/pkgconfig/as2_motion_reference_handlers.pc'
[5.315s] Level 1:colcon.colcon_core.environment:checking '/root/aerostack2_ws/install/as2_motion_reference_handlers/lib/python3.10/site-packages'
[5.316s] Level 1:colcon.colcon_core.environment:checking '/root/aerostack2_ws/install/as2_motion_reference_handlers/bin'
[5.319s] INFO:colcon.colcon_core.shell:Creating package script '/root/aerostack2_ws/install/as2_motion_reference_handlers/share/as2_motion_reference_handlers/package.ps1'
[5.320s] INFO:colcon.colcon_core.shell:Creating package descriptor '/root/aerostack2_ws/install/as2_motion_reference_handlers/share/as2_motion_reference_handlers/package.dsv'
[5.321s] INFO:colcon.colcon_core.shell:Creating package script '/root/aerostack2_ws/install/as2_motion_reference_handlers/share/as2_motion_reference_handlers/package.sh'
[5.322s] INFO:colcon.colcon_core.shell:Creating package script '/root/aerostack2_ws/install/as2_motion_reference_handlers/share/as2_motion_reference_handlers/package.bash'
[5.322s] INFO:colcon.colcon_core.shell:Creating package script '/root/aerostack2_ws/install/as2_motion_reference_handlers/share/as2_motion_reference_handlers/package.zsh'
[5.323s] Level 1:colcon.colcon_core.environment:create_file_with_runtime_dependencies(/root/aerostack2_ws/install/as2_motion_reference_handlers/share/colcon-core/packages/as2_motion_reference_handlers)
[5.324s] INFO:colcon.colcon_ros.task.ament_python.build:Building ROS package in '/root/aerostack2_ws/src/aerostack2/as2_python_api' with build type 'ament_python'
[5.324s] Level 1:colcon.colcon_core.shell:create_environment_hook('as2_python_api', 'ament_prefix_path')
[5.325s] INFO:colcon.colcon_core.shell:Creating environment hook '/root/aerostack2_ws/install/as2_python_api/share/as2_python_api/hook/ament_prefix_path.ps1'
[5.326s] INFO:colcon.colcon_core.shell:Creating environment descriptor '/root/aerostack2_ws/install/as2_python_api/share/as2_python_api/hook/ament_prefix_path.dsv'
[5.326s] INFO:colcon.colcon_core.shell:Creating environment hook '/root/aerostack2_ws/install/as2_python_api/share/as2_python_api/hook/ament_prefix_path.sh'
[5.327s] INFO:colcon.colcon_core.shell:Skip shell extension 'powershell' for command environment: Not usable outside of PowerShell
[5.327s] DEBUG:colcon.colcon_core.shell:Skip shell extension 'dsv' for command environment
[5.706s] INFO:colcon.colcon_core.task.python.build:Building Python package in '/root/aerostack2_ws/src/aerostack2/as2_python_api'
[5.706s] INFO:colcon.colcon_core.shell:Skip shell extension 'powershell' for command environment: Not usable outside of PowerShell
[5.706s] DEBUG:colcon.colcon_core.shell:Skip shell extension 'dsv' for command environment
[5.720s] DEBUG:colcon.colcon_core.event_handler.log_command:Invoked command in '/root/aerostack2_ws/build/as2_usb_camera_interface' returned '0': CMAKE_PREFIX_PATH=/root/aerostack2_ws/install/as2_core:/root/aerostack2_ws/install/as2_msgs:/root/aerostack2_ws/install/rmf_demos_gz_classic:/root/aerostack2_ws/install/rmf_demos_gz:/root/aerostack2_ws/install/rmf_demos:/root/aerostack2_ws/install/rmf_demos_maps:/root/aerostack2_ws/install/aerostack2:/root/aerostack2_ws/install/as2_usb_camera_interface:/root/aerostack2_ws/install/as2_state_estimator:/root/aerostack2_ws/install/as2_rviz_plugins:/root/aerostack2_ws/install/as2_realsense_interface:/root/aerostack2_ws/install/as2_platform_multirotor_simulator:/root/aerostack2_ws/install/as2_platform_gazebo:/root/aerostack2_ws/install/as2_motion_controller:/root/aerostack2_ws/install/as2_behaviors_trajectory_generation:/root/aerostack2_ws/install/as2_behaviors_swarm_flocking:/root/aerostack2_ws/install/as2_behaviors_motion:/root/aerostack2_ws/install/as2_motion_reference_handlers:/root/aerostack2_ws/install/as2_map_server:/root/aerostack2_ws/install/as2_geozones:/root/aerostack2_ws/install/as2_gazebo_assets:/root/aerostack2_ws/install/as2_external_object_to_tf:/root/aerostack2_ws/install/as2_behaviors_platform:/root/aerostack2_ws/install/as2_behaviors_perception:/root/aerostack2_ws/install/as2_behaviors_path_planning:/root/aerostack2_ws/install/as2_behavior_tree:/root/aerostack2_ws/install/as2_behavior:/root/aerostack2_ws/install/as2_alphanumeric_viewer:/root/aerostack2_ws/install/as2_cli:/root/aerostack2_ws/install/rmf_demos_tasks:/root/aerostack2_ws/install/rmf_demos_panel:/root/aerostack2_ws/install/rmf_demos_fleet_adapter:/root/aerostack2_ws/install/rmf_demos_dashboard_resources:/root/aerostack2_ws/install/rmf_demos_bridges:/root/aerostack2_ws/install/rmf_demos_assets:/root/aerostack2_ws/install/as2_visualization:/root/aerostack2_ws/install/as2_swarm_perception:/root/aerostack2_ws/install/as2_swarm_fusion_ci:/root/aerostack2_ws/install/as2_swarm_ekf:/root/aerostack2_ws/install/as2_keyboard_teleoperation:/root/aerostack2_ws/install/as2_python_api:/root/aerostack2_ws/install/as2_project_bringup:/root/aerostack2_ws/install/as2_perception:/root/aerostack2_ws/install/as2_groundray_perception:/opt/ros/humble LD_LIBRARY_PATH=/root/aerostack2_ws/install/as2_core/lib:/root/aerostack2_ws/install/as2_msgs/lib:/root/aerostack2_ws/install/as2_state_estimator/lib:/root/aerostack2_ws/install/as2_python_api/lib:/root/aerostack2_ws/install/as2_motion_controller/lib:/root/aerostack2_ws/install/as2_behaviors_trajectory_generation/lib:/root/aerostack2_ws/install/as2_behaviors_swarm_flocking/lib:/root/aerostack2_ws/install/as2_behaviors_motion/lib:/root/aerostack2_ws/install/as2_motion_reference_handlers/lib:/root/aerostack2_ws/install/as2_map_server/lib:/root/aerostack2_ws/install/as2_gazebo_assets/lib:/root/aerostack2_ws/install/as2_behaviors_perception/lib:/root/aerostack2_ws/install/as2_behaviors_path_planning/lib:/root/aerostack2_ws/install/as2_behavior_tree/lib:/root/aerostack2_ws/install/as2_behavior/lib:/opt/ros/humble/opt/rviz_ogre_vendor/lib:/opt/ros/humble/lib/x86_64-linux-gnu:/opt/ros/humble/lib /usr/bin/cmake --build /root/aerostack2_ws/build/as2_usb_camera_interface -- -j8 -l8
[5.721s] DEBUG:colcon.colcon_core.event_handler.log_command:Invoking command in '/root/aerostack2_ws/build/as2_usb_camera_interface': CMAKE_PREFIX_PATH=/root/aerostack2_ws/install/as2_core:/root/aerostack2_ws/install/as2_msgs:/root/aerostack2_ws/install/rmf_demos_gz_classic:/root/aerostack2_ws/install/rmf_demos_gz:/root/aerostack2_ws/install/rmf_demos:/root/aerostack2_ws/install/rmf_demos_maps:/root/aerostack2_ws/install/aerostack2:/root/aerostack2_ws/install/as2_usb_camera_interface:/root/aerostack2_ws/install/as2_state_estimator:/root/aerostack2_ws/install/as2_rviz_plugins:/root/aerostack2_ws/install/as2_realsense_interface:/root/aerostack2_ws/install/as2_platform_multirotor_simulator:/root/aerostack2_ws/install/as2_platform_gazebo:/root/aerostack2_ws/install/as2_motion_controller:/root/aerostack2_ws/install/as2_behaviors_trajectory_generation:/root/aerostack2_ws/install/as2_behaviors_swarm_flocking:/root/aerostack2_ws/install/as2_behaviors_motion:/root/aerostack2_ws/install/as2_motion_reference_handlers:/root/aerostack2_ws/install/as2_map_server:/root/aerostack2_ws/install/as2_geozones:/root/aerostack2_ws/install/as2_gazebo_assets:/root/aerostack2_ws/install/as2_external_object_to_tf:/root/aerostack2_ws/install/as2_behaviors_platform:/root/aerostack2_ws/install/as2_behaviors_perception:/root/aerostack2_ws/install/as2_behaviors_path_planning:/root/aerostack2_ws/install/as2_behavior_tree:/root/aerostack2_ws/install/as2_behavior:/root/aerostack2_ws/install/as2_alphanumeric_viewer:/root/aerostack2_ws/install/as2_cli:/root/aerostack2_ws/install/rmf_demos_tasks:/root/aerostack2_ws/install/rmf_demos_panel:/root/aerostack2_ws/install/rmf_demos_fleet_adapter:/root/aerostack2_ws/install/rmf_demos_dashboard_resources:/root/aerostack2_ws/install/rmf_demos_bridges:/root/aerostack2_ws/install/rmf_demos_assets:/root/aerostack2_ws/install/as2_visualization:/root/aerostack2_ws/install/as2_swarm_perception:/root/aerostack2_ws/install/as2_swarm_fusion_ci:/root/aerostack2_ws/install/as2_swarm_ekf:/root/aerostack2_ws/install/as2_keyboard_teleoperation:/root/aerostack2_ws/install/as2_python_api:/root/aerostack2_ws/install/as2_project_bringup:/root/aerostack2_ws/install/as2_perception:/root/aerostack2_ws/install/as2_groundray_perception:/opt/ros/humble LD_LIBRARY_PATH=/root/aerostack2_ws/install/as2_core/lib:/root/aerostack2_ws/install/as2_msgs/lib:/root/aerostack2_ws/install/as2_state_estimator/lib:/root/aerostack2_ws/install/as2_python_api/lib:/root/aerostack2_ws/install/as2_motion_controller/lib:/root/aerostack2_ws/install/as2_behaviors_trajectory_generation/lib:/root/aerostack2_ws/install/as2_behaviors_swarm_flocking/lib:/root/aerostack2_ws/install/as2_behaviors_motion/lib:/root/aerostack2_ws/install/as2_motion_reference_handlers/lib:/root/aerostack2_ws/install/as2_map_server/lib:/root/aerostack2_ws/install/as2_gazebo_assets/lib:/root/aerostack2_ws/install/as2_behaviors_perception/lib:/root/aerostack2_ws/install/as2_behaviors_path_planning/lib:/root/aerostack2_ws/install/as2_behavior_tree/lib:/root/aerostack2_ws/install/as2_behavior/lib:/opt/ros/humble/opt/rviz_ogre_vendor/lib:/opt/ros/humble/lib/x86_64-linux-gnu:/opt/ros/humble/lib /usr/bin/cmake --install /root/aerostack2_ws/build/as2_usb_camera_interface
[5.722s] DEBUG:colcon.colcon_core.event_handler.log_command:Invoked command in '/root/aerostack2_ws/build/as2_behaviors_path_planning' returned '0': CMAKE_PREFIX_PATH=/root/aerostack2_ws/install/as2_behavior:/root/aerostack2_ws/install/as2_core:/root/aerostack2_ws/install/as2_msgs:/root/aerostack2_ws/install/rmf_demos_gz_classic:/root/aerostack2_ws/install/rmf_demos_gz:/root/aerostack2_ws/install/rmf_demos:/root/aerostack2_ws/install/rmf_demos_maps:/root/aerostack2_ws/install/aerostack2:/root/aerostack2_ws/install/as2_usb_camera_interface:/root/aerostack2_ws/install/as2_state_estimator:/root/aerostack2_ws/install/as2_rviz_plugins:/root/aerostack2_ws/install/as2_realsense_interface:/root/aerostack2_ws/install/as2_platform_multirotor_simulator:/root/aerostack2_ws/install/as2_platform_gazebo:/root/aerostack2_ws/install/as2_motion_controller:/root/aerostack2_ws/install/as2_behaviors_trajectory_generation:/root/aerostack2_ws/install/as2_behaviors_swarm_flocking:/root/aerostack2_ws/install/as2_behaviors_motion:/root/aerostack2_ws/install/as2_motion_reference_handlers:/root/aerostack2_ws/install/as2_map_server:/root/aerostack2_ws/install/as2_geozones:/root/aerostack2_ws/install/as2_gazebo_assets:/root/aerostack2_ws/install/as2_external_object_to_tf:/root/aerostack2_ws/install/as2_behaviors_platform:/root/aerostack2_ws/install/as2_behaviors_perception:/root/aerostack2_ws/install/as2_behaviors_path_planning:/root/aerostack2_ws/install/as2_behavior_tree:/root/aerostack2_ws/install/as2_alphanumeric_viewer:/root/aerostack2_ws/install/as2_cli:/root/aerostack2_ws/install/rmf_demos_tasks:/root/aerostack2_ws/install/rmf_demos_panel:/root/aerostack2_ws/install/rmf_demos_fleet_adapter:/root/aerostack2_ws/install/rmf_demos_dashboard_resources:/root/aerostack2_ws/install/rmf_demos_bridges:/root/aerostack2_ws/install/rmf_demos_assets:/root/aerostack2_ws/install/as2_visualization:/root/aerostack2_ws/install/as2_swarm_perception:/root/aerostack2_ws/install/as2_swarm_fusion_ci:/root/aerostack2_ws/install/as2_swarm_ekf:/root/aerostack2_ws/install/as2_keyboard_teleoperation:/root/aerostack2_ws/install/as2_python_api:/root/aerostack2_ws/install/as2_project_bringup:/root/aerostack2_ws/install/as2_perception:/root/aerostack2_ws/install/as2_groundray_perception:/opt/ros/humble LD_LIBRARY_PATH=/root/aerostack2_ws/install/as2_behavior/lib:/root/aerostack2_ws/install/as2_core/lib:/root/aerostack2_ws/install/as2_msgs/lib:/root/aerostack2_ws/install/as2_state_estimator/lib:/root/aerostack2_ws/install/as2_python_api/lib:/root/aerostack2_ws/install/as2_motion_controller/lib:/root/aerostack2_ws/install/as2_behaviors_trajectory_generation/lib:/root/aerostack2_ws/install/as2_behaviors_swarm_flocking/lib:/root/aerostack2_ws/install/as2_behaviors_motion/lib:/root/aerostack2_ws/install/as2_motion_reference_handlers/lib:/root/aerostack2_ws/install/as2_map_server/lib:/root/aerostack2_ws/install/as2_gazebo_assets/lib:/root/aerostack2_ws/install/as2_behaviors_perception/lib:/root/aerostack2_ws/install/as2_behaviors_path_planning/lib:/root/aerostack2_ws/install/as2_behavior_tree/lib:/opt/ros/humble/opt/rviz_ogre_vendor/lib:/opt/ros/humble/lib/x86_64-linux-gnu:/opt/ros/humble/lib /usr/bin/cmake --build /root/aerostack2_ws/build/as2_behaviors_path_planning -- -j8 -l8
[5.723s] DEBUG:colcon.colcon_core.event_handler.log_command:Invoking command in '/root/aerostack2_ws/build/as2_behaviors_path_planning': CMAKE_PREFIX_PATH=/root/aerostack2_ws/install/as2_behavior:/root/aerostack2_ws/install/as2_core:/root/aerostack2_ws/install/as2_msgs:/root/aerostack2_ws/install/rmf_demos_gz_classic:/root/aerostack2_ws/install/rmf_demos_gz:/root/aerostack2_ws/install/rmf_demos:/root/aerostack2_ws/install/rmf_demos_maps:/root/aerostack2_ws/install/aerostack2:/root/aerostack2_ws/install/as2_usb_camera_interface:/root/aerostack2_ws/install/as2_state_estimator:/root/aerostack2_ws/install/as2_rviz_plugins:/root/aerostack2_ws/install/as2_realsense_interface:/root/aerostack2_ws/install/as2_platform_multirotor_simulator:/root/aerostack2_ws/install/as2_platform_gazebo:/root/aerostack2_ws/install/as2_motion_controller:/root/aerostack2_ws/install/as2_behaviors_trajectory_generation:/root/aerostack2_ws/install/as2_behaviors_swarm_flocking:/root/aerostack2_ws/install/as2_behaviors_motion:/root/aerostack2_ws/install/as2_motion_reference_handlers:/root/aerostack2_ws/install/as2_map_server:/root/aerostack2_ws/install/as2_geozones:/root/aerostack2_ws/install/as2_gazebo_assets:/root/aerostack2_ws/install/as2_external_object_to_tf:/root/aerostack2_ws/install/as2_behaviors_platform:/root/aerostack2_ws/install/as2_behaviors_perception:/root/aerostack2_ws/install/as2_behaviors_path_planning:/root/aerostack2_ws/install/as2_behavior_tree:/root/aerostack2_ws/install/as2_alphanumeric_viewer:/root/aerostack2_ws/install/as2_cli:/root/aerostack2_ws/install/rmf_demos_tasks:/root/aerostack2_ws/install/rmf_demos_panel:/root/aerostack2_ws/install/rmf_demos_fleet_adapter:/root/aerostack2_ws/install/rmf_demos_dashboard_resources:/root/aerostack2_ws/install/rmf_demos_bridges:/root/aerostack2_ws/install/rmf_demos_assets:/root/aerostack2_ws/install/as2_visualization:/root/aerostack2_ws/install/as2_swarm_perception:/root/aerostack2_ws/install/as2_swarm_fusion_ci:/root/aerostack2_ws/install/as2_swarm_ekf:/root/aerostack2_ws/install/as2_keyboard_teleoperation:/root/aerostack2_ws/install/as2_python_api:/root/aerostack2_ws/install/as2_project_bringup:/root/aerostack2_ws/install/as2_perception:/root/aerostack2_ws/install/as2_groundray_perception:/opt/ros/humble LD_LIBRARY_PATH=/root/aerostack2_ws/install/as2_behavior/lib:/root/aerostack2_ws/install/as2_core/lib:/root/aerostack2_ws/install/as2_msgs/lib:/root/aerostack2_ws/install/as2_state_estimator/lib:/root/aerostack2_ws/install/as2_python_api/lib:/root/aerostack2_ws/install/as2_motion_controller/lib:/root/aerostack2_ws/install/as2_behaviors_trajectory_generation/lib:/root/aerostack2_ws/install/as2_behaviors_swarm_flocking/lib:/root/aerostack2_ws/install/as2_behaviors_motion/lib:/root/aerostack2_ws/install/as2_motion_reference_handlers/lib:/root/aerostack2_ws/install/as2_map_server/lib:/root/aerostack2_ws/install/as2_gazebo_assets/lib:/root/aerostack2_ws/install/as2_behaviors_perception/lib:/root/aerostack2_ws/install/as2_behaviors_path_planning/lib:/root/aerostack2_ws/install/as2_behavior_tree/lib:/opt/ros/humble/opt/rviz_ogre_vendor/lib:/opt/ros/humble/lib/x86_64-linux-gnu:/opt/ros/humble/lib /usr/bin/cmake --install /root/aerostack2_ws/build/as2_behaviors_path_planning
[5.723s] DEBUG:colcon.colcon_core.event_handler.log_command:Invoked command in '/root/aerostack2_ws/build/as2_gazebo_assets' returned '0': CMAKE_PREFIX_PATH=/root/aerostack2_ws/install/as2_core:/root/aerostack2_ws/install/as2_msgs:/root/aerostack2_ws/install/rmf_demos_gz_classic:/root/aerostack2_ws/install/rmf_demos_gz:/root/aerostack2_ws/install/rmf_demos:/root/aerostack2_ws/install/rmf_demos_maps:/root/aerostack2_ws/install/aerostack2:/root/aerostack2_ws/install/as2_usb_camera_interface:/root/aerostack2_ws/install/as2_state_estimator:/root/aerostack2_ws/install/as2_rviz_plugins:/root/aerostack2_ws/install/as2_realsense_interface:/root/aerostack2_ws/install/as2_platform_multirotor_simulator:/root/aerostack2_ws/install/as2_platform_gazebo:/root/aerostack2_ws/install/as2_motion_controller:/root/aerostack2_ws/install/as2_behaviors_trajectory_generation:/root/aerostack2_ws/install/as2_behaviors_swarm_flocking:/root/aerostack2_ws/install/as2_behaviors_motion:/root/aerostack2_ws/install/as2_motion_reference_handlers:/root/aerostack2_ws/install/as2_map_server:/root/aerostack2_ws/install/as2_geozones:/root/aerostack2_ws/install/as2_gazebo_assets:/root/aerostack2_ws/install/as2_external_object_to_tf:/root/aerostack2_ws/install/as2_behaviors_platform:/root/aerostack2_ws/install/as2_behaviors_perception:/root/aerostack2_ws/install/as2_behaviors_path_planning:/root/aerostack2_ws/install/as2_behavior_tree:/root/aerostack2_ws/install/as2_behavior:/root/aerostack2_ws/install/as2_alphanumeric_viewer:/root/aerostack2_ws/install/as2_cli:/root/aerostack2_ws/install/rmf_demos_tasks:/root/aerostack2_ws/install/rmf_demos_panel:/root/aerostack2_ws/install/rmf_demos_fleet_adapter:/root/aerostack2_ws/install/rmf_demos_dashboard_resources:/root/aerostack2_ws/install/rmf_demos_bridges:/root/aerostack2_ws/install/rmf_demos_assets:/root/aerostack2_ws/install/as2_visualization:/root/aerostack2_ws/install/as2_swarm_perception:/root/aerostack2_ws/install/as2_swarm_fusion_ci:/root/aerostack2_ws/install/as2_swarm_ekf:/root/aerostack2_ws/install/as2_keyboard_teleoperation:/root/aerostack2_ws/install/as2_python_api:/root/aerostack2_ws/install/as2_project_bringup:/root/aerostack2_ws/install/as2_perception:/root/aerostack2_ws/install/as2_groundray_perception:/opt/ros/humble LD_LIBRARY_PATH=/root/aerostack2_ws/install/as2_core/lib:/root/aerostack2_ws/install/as2_msgs/lib:/root/aerostack2_ws/install/as2_state_estimator/lib:/root/aerostack2_ws/install/as2_python_api/lib:/root/aerostack2_ws/install/as2_motion_controller/lib:/root/aerostack2_ws/install/as2_behaviors_trajectory_generation/lib:/root/aerostack2_ws/install/as2_behaviors_swarm_flocking/lib:/root/aerostack2_ws/install/as2_behaviors_motion/lib:/root/aerostack2_ws/install/as2_motion_reference_handlers/lib:/root/aerostack2_ws/install/as2_map_server/lib:/root/aerostack2_ws/install/as2_gazebo_assets/lib:/root/aerostack2_ws/install/as2_behaviors_perception/lib:/root/aerostack2_ws/install/as2_behaviors_path_planning/lib:/root/aerostack2_ws/install/as2_behavior_tree/lib:/root/aerostack2_ws/install/as2_behavior/lib:/opt/ros/humble/opt/rviz_ogre_vendor/lib:/opt/ros/humble/lib/x86_64-linux-gnu:/opt/ros/humble/lib /usr/bin/cmake --build /root/aerostack2_ws/build/as2_gazebo_assets -- -j8 -l8
[5.726s] Level 1:colcon.colcon_core.environment:create_environment_scripts_only(as2_realsense_interface)
[5.726s] Level 1:colcon.colcon_core.environment:checking '/root/aerostack2_ws/install/as2_realsense_interface' for CMake module files
[5.726s] DEBUG:colcon.colcon_core.event_handler.log_command:Invoking command in '/root/aerostack2_ws/build/as2_gazebo_assets': CMAKE_PREFIX_PATH=/root/aerostack2_ws/install/as2_core:/root/aerostack2_ws/install/as2_msgs:/root/aerostack2_ws/install/rmf_demos_gz_classic:/root/aerostack2_ws/install/rmf_demos_gz:/root/aerostack2_ws/install/rmf_demos:/root/aerostack2_ws/install/rmf_demos_maps:/root/aerostack2_ws/install/aerostack2:/root/aerostack2_ws/install/as2_usb_camera_interface:/root/aerostack2_ws/install/as2_state_estimator:/root/aerostack2_ws/install/as2_rviz_plugins:/root/aerostack2_ws/install/as2_realsense_interface:/root/aerostack2_ws/install/as2_platform_multirotor_simulator:/root/aerostack2_ws/install/as2_platform_gazebo:/root/aerostack2_ws/install/as2_motion_controller:/root/aerostack2_ws/install/as2_behaviors_trajectory_generation:/root/aerostack2_ws/install/as2_behaviors_swarm_flocking:/root/aerostack2_ws/install/as2_behaviors_motion:/root/aerostack2_ws/install/as2_motion_reference_handlers:/root/aerostack2_ws/install/as2_map_server:/root/aerostack2_ws/install/as2_geozones:/root/aerostack2_ws/install/as2_gazebo_assets:/root/aerostack2_ws/install/as2_external_object_to_tf:/root/aerostack2_ws/install/as2_behaviors_platform:/root/aerostack2_ws/install/as2_behaviors_perception:/root/aerostack2_ws/install/as2_behaviors_path_planning:/root/aerostack2_ws/install/as2_behavior_tree:/root/aerostack2_ws/install/as2_behavior:/root/aerostack2_ws/install/as2_alphanumeric_viewer:/root/aerostack2_ws/install/as2_cli:/root/aerostack2_ws/install/rmf_demos_tasks:/root/aerostack2_ws/install/rmf_demos_panel:/root/aerostack2_ws/install/rmf_demos_fleet_adapter:/root/aerostack2_ws/install/rmf_demos_dashboard_resources:/root/aerostack2_ws/install/rmf_demos_bridges:/root/aerostack2_ws/install/rmf_demos_assets:/root/aerostack2_ws/install/as2_visualization:/root/aerostack2_ws/install/as2_swarm_perception:/root/aerostack2_ws/install/as2_swarm_fusion_ci:/root/aerostack2_ws/install/as2_swarm_ekf:/root/aerostack2_ws/install/as2_keyboard_teleoperation:/root/aerostack2_ws/install/as2_python_api:/root/aerostack2_ws/install/as2_project_bringup:/root/aerostack2_ws/install/as2_perception:/root/aerostack2_ws/install/as2_groundray_perception:/opt/ros/humble LD_LIBRARY_PATH=/root/aerostack2_ws/install/as2_core/lib:/root/aerostack2_ws/install/as2_msgs/lib:/root/aerostack2_ws/install/as2_state_estimator/lib:/root/aerostack2_ws/install/as2_python_api/lib:/root/aerostack2_ws/install/as2_motion_controller/lib:/root/aerostack2_ws/install/as2_behaviors_trajectory_generation/lib:/root/aerostack2_ws/install/as2_behaviors_swarm_flocking/lib:/root/aerostack2_ws/install/as2_behaviors_motion/lib:/root/aerostack2_ws/install/as2_motion_reference_handlers/lib:/root/aerostack2_ws/install/as2_map_server/lib:/root/aerostack2_ws/install/as2_gazebo_assets/lib:/root/aerostack2_ws/install/as2_behaviors_perception/lib:/root/aerostack2_ws/install/as2_behaviors_path_planning/lib:/root/aerostack2_ws/install/as2_behavior_tree/lib:/root/aerostack2_ws/install/as2_behavior/lib:/opt/ros/humble/opt/rviz_ogre_vendor/lib:/opt/ros/humble/lib/x86_64-linux-gnu:/opt/ros/humble/lib /usr/bin/cmake --install /root/aerostack2_ws/build/as2_gazebo_assets
[5.727s] DEBUG:colcon.colcon_core.event_handler.log_command:Invoked command in '/root/aerostack2_ws/build/as2_realsense_interface' returned '0': CMAKE_PREFIX_PATH=/root/aerostack2_ws/install/as2_core:/root/aerostack2_ws/install/as2_msgs:/root/aerostack2_ws/install/rmf_demos_gz_classic:/root/aerostack2_ws/install/rmf_demos_gz:/root/aerostack2_ws/install/rmf_demos:/root/aerostack2_ws/install/rmf_demos_maps:/root/aerostack2_ws/install/aerostack2:/root/aerostack2_ws/install/as2_usb_camera_interface:/root/aerostack2_ws/install/as2_state_estimator:/root/aerostack2_ws/install/as2_rviz_plugins:/root/aerostack2_ws/install/as2_realsense_interface:/root/aerostack2_ws/install/as2_platform_multirotor_simulator:/root/aerostack2_ws/install/as2_platform_gazebo:/root/aerostack2_ws/install/as2_motion_controller:/root/aerostack2_ws/install/as2_behaviors_trajectory_generation:/root/aerostack2_ws/install/as2_behaviors_swarm_flocking:/root/aerostack2_ws/install/as2_behaviors_motion:/root/aerostack2_ws/install/as2_motion_reference_handlers:/root/aerostack2_ws/install/as2_map_server:/root/aerostack2_ws/install/as2_geozones:/root/aerostack2_ws/install/as2_gazebo_assets:/root/aerostack2_ws/install/as2_external_object_to_tf:/root/aerostack2_ws/install/as2_behaviors_platform:/root/aerostack2_ws/install/as2_behaviors_perception:/root/aerostack2_ws/install/as2_behaviors_path_planning:/root/aerostack2_ws/install/as2_behavior_tree:/root/aerostack2_ws/install/as2_behavior:/root/aerostack2_ws/install/as2_alphanumeric_viewer:/root/aerostack2_ws/install/as2_cli:/root/aerostack2_ws/install/rmf_demos_tasks:/root/aerostack2_ws/install/rmf_demos_panel:/root/aerostack2_ws/install/rmf_demos_fleet_adapter:/root/aerostack2_ws/install/rmf_demos_dashboard_resources:/root/aerostack2_ws/install/rmf_demos_bridges:/root/aerostack2_ws/install/rmf_demos_assets:/root/aerostack2_ws/install/as2_visualization:/root/aerostack2_ws/install/as2_swarm_perception:/root/aerostack2_ws/install/as2_swarm_fusion_ci:/root/aerostack2_ws/install/as2_swarm_ekf:/root/aerostack2_ws/install/as2_keyboard_teleoperation:/root/aerostack2_ws/install/as2_python_api:/root/aerostack2_ws/install/as2_project_bringup:/root/aerostack2_ws/install/as2_perception:/root/aerostack2_ws/install/as2_groundray_perception:/opt/ros/humble LD_LIBRARY_PATH=/root/aerostack2_ws/install/as2_core/lib:/root/aerostack2_ws/install/as2_msgs/lib:/root/aerostack2_ws/install/as2_state_estimator/lib:/root/aerostack2_ws/install/as2_python_api/lib:/root/aerostack2_ws/install/as2_motion_controller/lib:/root/aerostack2_ws/install/as2_behaviors_trajectory_generation/lib:/root/aerostack2_ws/install/as2_behaviors_swarm_flocking/lib:/root/aerostack2_ws/install/as2_behaviors_motion/lib:/root/aerostack2_ws/install/as2_motion_reference_handlers/lib:/root/aerostack2_ws/install/as2_map_server/lib:/root/aerostack2_ws/install/as2_gazebo_assets/lib:/root/aerostack2_ws/install/as2_behaviors_perception/lib:/root/aerostack2_ws/install/as2_behaviors_path_planning/lib:/root/aerostack2_ws/install/as2_behavior_tree/lib:/root/aerostack2_ws/install/as2_behavior/lib:/opt/ros/humble/opt/rviz_ogre_vendor/lib:/opt/ros/humble/lib/x86_64-linux-gnu:/opt/ros/humble/lib /usr/bin/cmake --install /root/aerostack2_ws/build/as2_realsense_interface
[5.727s] Level 1:colcon.colcon_core.environment:checking '/root/aerostack2_ws/install/as2_realsense_interface' for CMake config files
[5.728s] Level 1:colcon.colcon_core.shell:create_environment_hook('as2_realsense_interface', 'cmake_prefix_path')
[5.728s] INFO:colcon.colcon_core.shell:Creating environment hook '/root/aerostack2_ws/install/as2_realsense_interface/share/as2_realsense_interface/hook/cmake_prefix_path.ps1'
[5.729s] INFO:colcon.colcon_core.shell:Creating environment descriptor '/root/aerostack2_ws/install/as2_realsense_interface/share/as2_realsense_interface/hook/cmake_prefix_path.dsv'
[5.729s] INFO:colcon.colcon_core.shell:Creating environment hook '/root/aerostack2_ws/install/as2_realsense_interface/share/as2_realsense_interface/hook/cmake_prefix_path.sh'
[5.730s] Level 1:colcon.colcon_core.environment:checking '/root/aerostack2_ws/install/as2_realsense_interface/lib'
[5.730s] Level 1:colcon.colcon_core.environment:checking '/root/aerostack2_ws/install/as2_realsense_interface/bin'
[5.730s] Level 1:colcon.colcon_core.environment:checking '/root/aerostack2_ws/install/as2_realsense_interface/lib/pkgconfig/as2_realsense_interface.pc'
[5.730s] Level 1:colcon.colcon_core.environment:checking '/root/aerostack2_ws/install/as2_realsense_interface/lib/python3.10/site-packages'
[5.731s] Level 1:colcon.colcon_core.environment:checking '/root/aerostack2_ws/install/as2_realsense_interface/bin'
[5.731s] INFO:colcon.colcon_core.shell:Creating package script '/root/aerostack2_ws/install/as2_realsense_interface/share/as2_realsense_interface/package.ps1'
[5.732s] INFO:colcon.colcon_core.shell:Creating package descriptor '/root/aerostack2_ws/install/as2_realsense_interface/share/as2_realsense_interface/package.dsv'
[5.732s] INFO:colcon.colcon_core.shell:Creating package script '/root/aerostack2_ws/install/as2_realsense_interface/share/as2_realsense_interface/package.sh'
[5.733s] INFO:colcon.colcon_core.shell:Creating package script '/root/aerostack2_ws/install/as2_realsense_interface/share/as2_realsense_interface/package.bash'
[5.733s] INFO:colcon.colcon_core.shell:Creating package script '/root/aerostack2_ws/install/as2_realsense_interface/share/as2_realsense_interface/package.zsh'
[5.734s] Level 1:colcon.colcon_core.environment:create_file_with_runtime_dependencies(/root/aerostack2_ws/install/as2_realsense_interface/share/colcon-core/packages/as2_realsense_interface)
[5.734s] Level 1:colcon.colcon_core.environment:create_environment_scripts_only(as2_realsense_interface)
[5.735s] Level 1:colcon.colcon_core.environment:checking '/root/aerostack2_ws/install/as2_realsense_interface' for CMake module files
[5.736s] Level 1:colcon.colcon_core.environment:checking '/root/aerostack2_ws/install/as2_realsense_interface' for CMake config files
[5.736s] Level 1:colcon.colcon_core.shell:create_environment_hook('as2_realsense_interface', 'cmake_prefix_path')
[5.736s] INFO:colcon.colcon_core.shell:Creating environment hook '/root/aerostack2_ws/install/as2_realsense_interface/share/as2_realsense_interface/hook/cmake_prefix_path.ps1'
[5.737s] INFO:colcon.colcon_core.shell:Creating environment descriptor '/root/aerostack2_ws/install/as2_realsense_interface/share/as2_realsense_interface/hook/cmake_prefix_path.dsv'
[5.738s] INFO:colcon.colcon_core.shell:Creating environment hook '/root/aerostack2_ws/install/as2_realsense_interface/share/as2_realsense_interface/hook/cmake_prefix_path.sh'
[5.739s] Level 1:colcon.colcon_core.environment:checking '/root/aerostack2_ws/install/as2_realsense_interface/lib'
[5.739s] Level 1:colcon.colcon_core.environment:checking '/root/aerostack2_ws/install/as2_realsense_interface/bin'
[5.739s] Level 1:colcon.colcon_core.environment:checking '/root/aerostack2_ws/install/as2_realsense_interface/lib/pkgconfig/as2_realsense_interface.pc'
[5.740s] Level 1:colcon.colcon_core.environment:checking '/root/aerostack2_ws/install/as2_realsense_interface/lib/python3.10/site-packages'
[5.740s] Level 1:colcon.colcon_core.environment:checking '/root/aerostack2_ws/install/as2_realsense_interface/bin'
[5.741s] INFO:colcon.colcon_core.shell:Creating package script '/root/aerostack2_ws/install/as2_realsense_interface/share/as2_realsense_interface/package.ps1'
[5.741s] INFO:colcon.colcon_core.shell:Creating package descriptor '/root/aerostack2_ws/install/as2_realsense_interface/share/as2_realsense_interface/package.dsv'
[5.742s] INFO:colcon.colcon_core.shell:Creating package script '/root/aerostack2_ws/install/as2_realsense_interface/share/as2_realsense_interface/package.sh'
[5.743s] INFO:colcon.colcon_core.shell:Creating package script '/root/aerostack2_ws/install/as2_realsense_interface/share/as2_realsense_interface/package.bash'
[5.743s] INFO:colcon.colcon_core.shell:Creating package script '/root/aerostack2_ws/install/as2_realsense_interface/share/as2_realsense_interface/package.zsh'
[5.743s] Level 1:colcon.colcon_core.environment:create_file_with_runtime_dependencies(/root/aerostack2_ws/install/as2_realsense_interface/share/colcon-core/packages/as2_realsense_interface)
[5.745s] DEBUG:colcon.colcon_core.event_handler.log_command:Invoked command in '/root/aerostack2_ws/build/as2_behaviors_perception' returned '0': CMAKE_PREFIX_PATH=/root/aerostack2_ws/install/as2_behavior:/root/aerostack2_ws/install/as2_core:/root/aerostack2_ws/install/as2_msgs:/root/aerostack2_ws/install/rmf_demos_gz_classic:/root/aerostack2_ws/install/rmf_demos_gz:/root/aerostack2_ws/install/rmf_demos:/root/aerostack2_ws/install/rmf_demos_maps:/root/aerostack2_ws/install/aerostack2:/root/aerostack2_ws/install/as2_usb_camera_interface:/root/aerostack2_ws/install/as2_state_estimator:/root/aerostack2_ws/install/as2_rviz_plugins:/root/aerostack2_ws/install/as2_realsense_interface:/root/aerostack2_ws/install/as2_platform_multirotor_simulator:/root/aerostack2_ws/install/as2_platform_gazebo:/root/aerostack2_ws/install/as2_motion_controller:/root/aerostack2_ws/install/as2_behaviors_trajectory_generation:/root/aerostack2_ws/install/as2_behaviors_swarm_flocking:/root/aerostack2_ws/install/as2_behaviors_motion:/root/aerostack2_ws/install/as2_motion_reference_handlers:/root/aerostack2_ws/install/as2_map_server:/root/aerostack2_ws/install/as2_geozones:/root/aerostack2_ws/install/as2_gazebo_assets:/root/aerostack2_ws/install/as2_external_object_to_tf:/root/aerostack2_ws/install/as2_behaviors_platform:/root/aerostack2_ws/install/as2_behaviors_perception:/root/aerostack2_ws/install/as2_behaviors_path_planning:/root/aerostack2_ws/install/as2_behavior_tree:/root/aerostack2_ws/install/as2_alphanumeric_viewer:/root/aerostack2_ws/install/as2_cli:/root/aerostack2_ws/install/rmf_demos_tasks:/root/aerostack2_ws/install/rmf_demos_panel:/root/aerostack2_ws/install/rmf_demos_fleet_adapter:/root/aerostack2_ws/install/rmf_demos_dashboard_resources:/root/aerostack2_ws/install/rmf_demos_bridges:/root/aerostack2_ws/install/rmf_demos_assets:/root/aerostack2_ws/install/as2_visualization:/root/aerostack2_ws/install/as2_swarm_perception:/root/aerostack2_ws/install/as2_swarm_fusion_ci:/root/aerostack2_ws/install/as2_swarm_ekf:/root/aerostack2_ws/install/as2_keyboard_teleoperation:/root/aerostack2_ws/install/as2_python_api:/root/aerostack2_ws/install/as2_project_bringup:/root/aerostack2_ws/install/as2_perception:/root/aerostack2_ws/install/as2_groundray_perception:/opt/ros/humble LD_LIBRARY_PATH=/root/aerostack2_ws/install/as2_behavior/lib:/root/aerostack2_ws/install/as2_core/lib:/root/aerostack2_ws/install/as2_msgs/lib:/root/aerostack2_ws/install/as2_state_estimator/lib:/root/aerostack2_ws/install/as2_python_api/lib:/root/aerostack2_ws/install/as2_motion_controller/lib:/root/aerostack2_ws/install/as2_behaviors_trajectory_generation/lib:/root/aerostack2_ws/install/as2_behaviors_swarm_flocking/lib:/root/aerostack2_ws/install/as2_behaviors_motion/lib:/root/aerostack2_ws/install/as2_motion_reference_handlers/lib:/root/aerostack2_ws/install/as2_map_server/lib:/root/aerostack2_ws/install/as2_gazebo_assets/lib:/root/aerostack2_ws/install/as2_behaviors_perception/lib:/root/aerostack2_ws/install/as2_behaviors_path_planning/lib:/root/aerostack2_ws/install/as2_behavior_tree/lib:/opt/ros/humble/opt/rviz_ogre_vendor/lib:/opt/ros/humble/lib/x86_64-linux-gnu:/opt/ros/humble/lib /usr/bin/cmake --build /root/aerostack2_ws/build/as2_behaviors_perception -- -j8 -l8
[5.746s] DEBUG:colcon.colcon_core.event_handler.log_command:Invoking command in '/root/aerostack2_ws/build/as2_behaviors_perception': CMAKE_PREFIX_PATH=/root/aerostack2_ws/install/as2_behavior:/root/aerostack2_ws/install/as2_core:/root/aerostack2_ws/install/as2_msgs:/root/aerostack2_ws/install/rmf_demos_gz_classic:/root/aerostack2_ws/install/rmf_demos_gz:/root/aerostack2_ws/install/rmf_demos:/root/aerostack2_ws/install/rmf_demos_maps:/root/aerostack2_ws/install/aerostack2:/root/aerostack2_ws/install/as2_usb_camera_interface:/root/aerostack2_ws/install/as2_state_estimator:/root/aerostack2_ws/install/as2_rviz_plugins:/root/aerostack2_ws/install/as2_realsense_interface:/root/aerostack2_ws/install/as2_platform_multirotor_simulator:/root/aerostack2_ws/install/as2_platform_gazebo:/root/aerostack2_ws/install/as2_motion_controller:/root/aerostack2_ws/install/as2_behaviors_trajectory_generation:/root/aerostack2_ws/install/as2_behaviors_swarm_flocking:/root/aerostack2_ws/install/as2_behaviors_motion:/root/aerostack2_ws/install/as2_motion_reference_handlers:/root/aerostack2_ws/install/as2_map_server:/root/aerostack2_ws/install/as2_geozones:/root/aerostack2_ws/install/as2_gazebo_assets:/root/aerostack2_ws/install/as2_external_object_to_tf:/root/aerostack2_ws/install/as2_behaviors_platform:/root/aerostack2_ws/install/as2_behaviors_perception:/root/aerostack2_ws/install/as2_behaviors_path_planning:/root/aerostack2_ws/install/as2_behavior_tree:/root/aerostack2_ws/install/as2_alphanumeric_viewer:/root/aerostack2_ws/install/as2_cli:/root/aerostack2_ws/install/rmf_demos_tasks:/root/aerostack2_ws/install/rmf_demos_panel:/root/aerostack2_ws/install/rmf_demos_fleet_adapter:/root/aerostack2_ws/install/rmf_demos_dashboard_resources:/root/aerostack2_ws/install/rmf_demos_bridges:/root/aerostack2_ws/install/rmf_demos_assets:/root/aerostack2_ws/install/as2_visualization:/root/aerostack2_ws/install/as2_swarm_perception:/root/aerostack2_ws/install/as2_swarm_fusion_ci:/root/aerostack2_ws/install/as2_swarm_ekf:/root/aerostack2_ws/install/as2_keyboard_teleoperation:/root/aerostack2_ws/install/as2_python_api:/root/aerostack2_ws/install/as2_project_bringup:/root/aerostack2_ws/install/as2_perception:/root/aerostack2_ws/install/as2_groundray_perception:/opt/ros/humble LD_LIBRARY_PATH=/root/aerostack2_ws/install/as2_behavior/lib:/root/aerostack2_ws/install/as2_core/lib:/root/aerostack2_ws/install/as2_msgs/lib:/root/aerostack2_ws/install/as2_state_estimator/lib:/root/aerostack2_ws/install/as2_python_api/lib:/root/aerostack2_ws/install/as2_motion_controller/lib:/root/aerostack2_ws/install/as2_behaviors_trajectory_generation/lib:/root/aerostack2_ws/install/as2_behaviors_swarm_flocking/lib:/root/aerostack2_ws/install/as2_behaviors_motion/lib:/root/aerostack2_ws/install/as2_motion_reference_handlers/lib:/root/aerostack2_ws/install/as2_map_server/lib:/root/aerostack2_ws/install/as2_gazebo_assets/lib:/root/aerostack2_ws/install/as2_behaviors_perception/lib:/root/aerostack2_ws/install/as2_behaviors_path_planning/lib:/root/aerostack2_ws/install/as2_behavior_tree/lib:/opt/ros/humble/opt/rviz_ogre_vendor/lib:/opt/ros/humble/lib/x86_64-linux-gnu:/opt/ros/humble/lib /usr/bin/cmake --install /root/aerostack2_ws/build/as2_behaviors_perception
[5.757s] INFO:colcon.colcon_ros.task.ament_cmake.build:Building ROS package in '/root/aerostack2_ws/src/aerostack2/as2_behaviors/as2_behaviors_motion' with build type 'ament_cmake'
[5.757s] INFO:colcon.colcon_cmake.task.cmake.build:Building CMake package in '/root/aerostack2_ws/src/aerostack2/as2_behaviors/as2_behaviors_motion'
[5.757s] INFO:colcon.colcon_core.shell:Skip shell extension 'powershell' for command environment: Not usable outside of PowerShell
[5.757s] DEBUG:colcon.colcon_core.shell:Skip shell extension 'dsv' for command environment
[5.759s] DEBUG:colcon.colcon_core.event_handler.log_command:Invoked command in '/root/aerostack2_ws/build/as2_state_estimator' returned '0': CMAKE_PREFIX_PATH=/root/aerostack2_ws/install/as2_core:/root/aerostack2_ws/install/as2_msgs:/root/aerostack2_ws/install/rmf_demos_gz_classic:/root/aerostack2_ws/install/rmf_demos_gz:/root/aerostack2_ws/install/rmf_demos:/root/aerostack2_ws/install/rmf_demos_maps:/root/aerostack2_ws/install/aerostack2:/root/aerostack2_ws/install/as2_usb_camera_interface:/root/aerostack2_ws/install/as2_state_estimator:/root/aerostack2_ws/install/as2_rviz_plugins:/root/aerostack2_ws/install/as2_realsense_interface:/root/aerostack2_ws/install/as2_platform_multirotor_simulator:/root/aerostack2_ws/install/as2_platform_gazebo:/root/aerostack2_ws/install/as2_motion_controller:/root/aerostack2_ws/install/as2_behaviors_trajectory_generation:/root/aerostack2_ws/install/as2_behaviors_swarm_flocking:/root/aerostack2_ws/install/as2_behaviors_motion:/root/aerostack2_ws/install/as2_motion_reference_handlers:/root/aerostack2_ws/install/as2_map_server:/root/aerostack2_ws/install/as2_geozones:/root/aerostack2_ws/install/as2_gazebo_assets:/root/aerostack2_ws/install/as2_external_object_to_tf:/root/aerostack2_ws/install/as2_behaviors_platform:/root/aerostack2_ws/install/as2_behaviors_perception:/root/aerostack2_ws/install/as2_behaviors_path_planning:/root/aerostack2_ws/install/as2_behavior_tree:/root/aerostack2_ws/install/as2_behavior:/root/aerostack2_ws/install/as2_alphanumeric_viewer:/root/aerostack2_ws/install/as2_cli:/root/aerostack2_ws/install/rmf_demos_tasks:/root/aerostack2_ws/install/rmf_demos_panel:/root/aerostack2_ws/install/rmf_demos_fleet_adapter:/root/aerostack2_ws/install/rmf_demos_dashboard_resources:/root/aerostack2_ws/install/rmf_demos_bridges:/root/aerostack2_ws/install/rmf_demos_assets:/root/aerostack2_ws/install/as2_visualization:/root/aerostack2_ws/install/as2_swarm_perception:/root/aerostack2_ws/install/as2_swarm_fusion_ci:/root/aerostack2_ws/install/as2_swarm_ekf:/root/aerostack2_ws/install/as2_keyboard_teleoperation:/root/aerostack2_ws/install/as2_python_api:/root/aerostack2_ws/install/as2_project_bringup:/root/aerostack2_ws/install/as2_perception:/root/aerostack2_ws/install/as2_groundray_perception:/opt/ros/humble LD_LIBRARY_PATH=/root/aerostack2_ws/install/as2_core/lib:/root/aerostack2_ws/install/as2_msgs/lib:/root/aerostack2_ws/install/as2_state_estimator/lib:/root/aerostack2_ws/install/as2_python_api/lib:/root/aerostack2_ws/install/as2_motion_controller/lib:/root/aerostack2_ws/install/as2_behaviors_trajectory_generation/lib:/root/aerostack2_ws/install/as2_behaviors_swarm_flocking/lib:/root/aerostack2_ws/install/as2_behaviors_motion/lib:/root/aerostack2_ws/install/as2_motion_reference_handlers/lib:/root/aerostack2_ws/install/as2_map_server/lib:/root/aerostack2_ws/install/as2_gazebo_assets/lib:/root/aerostack2_ws/install/as2_behaviors_perception/lib:/root/aerostack2_ws/install/as2_behaviors_path_planning/lib:/root/aerostack2_ws/install/as2_behavior_tree/lib:/root/aerostack2_ws/install/as2_behavior/lib:/opt/ros/humble/opt/rviz_ogre_vendor/lib:/opt/ros/humble/lib/x86_64-linux-gnu:/opt/ros/humble/lib /usr/bin/cmake --build /root/aerostack2_ws/build/as2_state_estimator -- -j8 -l8
[5.766s] DEBUG:colcon.colcon_core.event_handler.log_command:Invoking command in '/root/aerostack2_ws/build/as2_state_estimator': CMAKE_PREFIX_PATH=/root/aerostack2_ws/install/as2_core:/root/aerostack2_ws/install/as2_msgs:/root/aerostack2_ws/install/rmf_demos_gz_classic:/root/aerostack2_ws/install/rmf_demos_gz:/root/aerostack2_ws/install/rmf_demos:/root/aerostack2_ws/install/rmf_demos_maps:/root/aerostack2_ws/install/aerostack2:/root/aerostack2_ws/install/as2_usb_camera_interface:/root/aerostack2_ws/install/as2_state_estimator:/root/aerostack2_ws/install/as2_rviz_plugins:/root/aerostack2_ws/install/as2_realsense_interface:/root/aerostack2_ws/install/as2_platform_multirotor_simulator:/root/aerostack2_ws/install/as2_platform_gazebo:/root/aerostack2_ws/install/as2_motion_controller:/root/aerostack2_ws/install/as2_behaviors_trajectory_generation:/root/aerostack2_ws/install/as2_behaviors_swarm_flocking:/root/aerostack2_ws/install/as2_behaviors_motion:/root/aerostack2_ws/install/as2_motion_reference_handlers:/root/aerostack2_ws/install/as2_map_server:/root/aerostack2_ws/install/as2_geozones:/root/aerostack2_ws/install/as2_gazebo_assets:/root/aerostack2_ws/install/as2_external_object_to_tf:/root/aerostack2_ws/install/as2_behaviors_platform:/root/aerostack2_ws/install/as2_behaviors_perception:/root/aerostack2_ws/install/as2_behaviors_path_planning:/root/aerostack2_ws/install/as2_behavior_tree:/root/aerostack2_ws/install/as2_behavior:/root/aerostack2_ws/install/as2_alphanumeric_viewer:/root/aerostack2_ws/install/as2_cli:/root/aerostack2_ws/install/rmf_demos_tasks:/root/aerostack2_ws/install/rmf_demos_panel:/root/aerostack2_ws/install/rmf_demos_fleet_adapter:/root/aerostack2_ws/install/rmf_demos_dashboard_resources:/root/aerostack2_ws/install/rmf_demos_bridges:/root/aerostack2_ws/install/rmf_demos_assets:/root/aerostack2_ws/install/as2_visualization:/root/aerostack2_ws/install/as2_swarm_perception:/root/aerostack2_ws/install/as2_swarm_fusion_ci:/root/aerostack2_ws/install/as2_swarm_ekf:/root/aerostack2_ws/install/as2_keyboard_teleoperation:/root/aerostack2_ws/install/as2_python_api:/root/aerostack2_ws/install/as2_project_bringup:/root/aerostack2_ws/install/as2_perception:/root/aerostack2_ws/install/as2_groundray_perception:/opt/ros/humble LD_LIBRARY_PATH=/root/aerostack2_ws/install/as2_core/lib:/root/aerostack2_ws/install/as2_msgs/lib:/root/aerostack2_ws/install/as2_state_estimator/lib:/root/aerostack2_ws/install/as2_python_api/lib:/root/aerostack2_ws/install/as2_motion_controller/lib:/root/aerostack2_ws/install/as2_behaviors_trajectory_generation/lib:/root/aerostack2_ws/install/as2_behaviors_swarm_flocking/lib:/root/aerostack2_ws/install/as2_behaviors_motion/lib:/root/aerostack2_ws/install/as2_motion_reference_handlers/lib:/root/aerostack2_ws/install/as2_map_server/lib:/root/aerostack2_ws/install/as2_gazebo_assets/lib:/root/aerostack2_ws/install/as2_behaviors_perception/lib:/root/aerostack2_ws/install/as2_behaviors_path_planning/lib:/root/aerostack2_ws/install/as2_behavior_tree/lib:/root/aerostack2_ws/install/as2_behavior/lib:/opt/ros/humble/opt/rviz_ogre_vendor/lib:/opt/ros/humble/lib/x86_64-linux-gnu:/opt/ros/humble/lib /usr/bin/cmake --install /root/aerostack2_ws/build/as2_state_estimator
[5.780s] Level 1:colcon.colcon_core.environment:create_environment_scripts_only(as2_usb_camera_interface)
[5.780s] Level 1:colcon.colcon_core.environment:checking '/root/aerostack2_ws/install/as2_usb_camera_interface' for CMake module files
[5.787s] Level 1:colcon.colcon_core.environment:checking '/root/aerostack2_ws/install/as2_usb_camera_interface' for CMake config files
[5.792s] DEBUG:colcon.colcon_core.event_handler.log_command:Invoked command in '/root/aerostack2_ws/build/as2_usb_camera_interface' returned '0': CMAKE_PREFIX_PATH=/root/aerostack2_ws/install/as2_core:/root/aerostack2_ws/install/as2_msgs:/root/aerostack2_ws/install/rmf_demos_gz_classic:/root/aerostack2_ws/install/rmf_demos_gz:/root/aerostack2_ws/install/rmf_demos:/root/aerostack2_ws/install/rmf_demos_maps:/root/aerostack2_ws/install/aerostack2:/root/aerostack2_ws/install/as2_usb_camera_interface:/root/aerostack2_ws/install/as2_state_estimator:/root/aerostack2_ws/install/as2_rviz_plugins:/root/aerostack2_ws/install/as2_realsense_interface:/root/aerostack2_ws/install/as2_platform_multirotor_simulator:/root/aerostack2_ws/install/as2_platform_gazebo:/root/aerostack2_ws/install/as2_motion_controller:/root/aerostack2_ws/install/as2_behaviors_trajectory_generation:/root/aerostack2_ws/install/as2_behaviors_swarm_flocking:/root/aerostack2_ws/install/as2_behaviors_motion:/root/aerostack2_ws/install/as2_motion_reference_handlers:/root/aerostack2_ws/install/as2_map_server:/root/aerostack2_ws/install/as2_geozones:/root/aerostack2_ws/install/as2_gazebo_assets:/root/aerostack2_ws/install/as2_external_object_to_tf:/root/aerostack2_ws/install/as2_behaviors_platform:/root/aerostack2_ws/install/as2_behaviors_perception:/root/aerostack2_ws/install/as2_behaviors_path_planning:/root/aerostack2_ws/install/as2_behavior_tree:/root/aerostack2_ws/install/as2_behavior:/root/aerostack2_ws/install/as2_alphanumeric_viewer:/root/aerostack2_ws/install/as2_cli:/root/aerostack2_ws/install/rmf_demos_tasks:/root/aerostack2_ws/install/rmf_demos_panel:/root/aerostack2_ws/install/rmf_demos_fleet_adapter:/root/aerostack2_ws/install/rmf_demos_dashboard_resources:/root/aerostack2_ws/install/rmf_demos_bridges:/root/aerostack2_ws/install/rmf_demos_assets:/root/aerostack2_ws/install/as2_visualization:/root/aerostack2_ws/install/as2_swarm_perception:/root/aerostack2_ws/install/as2_swarm_fusion_ci:/root/aerostack2_ws/install/as2_swarm_ekf:/root/aerostack2_ws/install/as2_keyboard_teleoperation:/root/aerostack2_ws/install/as2_python_api:/root/aerostack2_ws/install/as2_project_bringup:/root/aerostack2_ws/install/as2_perception:/root/aerostack2_ws/install/as2_groundray_perception:/opt/ros/humble LD_LIBRARY_PATH=/root/aerostack2_ws/install/as2_core/lib:/root/aerostack2_ws/install/as2_msgs/lib:/root/aerostack2_ws/install/as2_state_estimator/lib:/root/aerostack2_ws/install/as2_python_api/lib:/root/aerostack2_ws/install/as2_motion_controller/lib:/root/aerostack2_ws/install/as2_behaviors_trajectory_generation/lib:/root/aerostack2_ws/install/as2_behaviors_swarm_flocking/lib:/root/aerostack2_ws/install/as2_behaviors_motion/lib:/root/aerostack2_ws/install/as2_motion_reference_handlers/lib:/root/aerostack2_ws/install/as2_map_server/lib:/root/aerostack2_ws/install/as2_gazebo_assets/lib:/root/aerostack2_ws/install/as2_behaviors_perception/lib:/root/aerostack2_ws/install/as2_behaviors_path_planning/lib:/root/aerostack2_ws/install/as2_behavior_tree/lib:/root/aerostack2_ws/install/as2_behavior/lib:/opt/ros/humble/opt/rviz_ogre_vendor/lib:/opt/ros/humble/lib/x86_64-linux-gnu:/opt/ros/humble/lib /usr/bin/cmake --install /root/aerostack2_ws/build/as2_usb_camera_interface
[5.792s] Level 1:colcon.colcon_core.shell:create_environment_hook('as2_usb_camera_interface', 'cmake_prefix_path')
[5.792s] INFO:colcon.colcon_core.shell:Creating environment hook '/root/aerostack2_ws/install/as2_usb_camera_interface/share/as2_usb_camera_interface/hook/cmake_prefix_path.ps1'
[5.793s] INFO:colcon.colcon_core.shell:Creating environment descriptor '/root/aerostack2_ws/install/as2_usb_camera_interface/share/as2_usb_camera_interface/hook/cmake_prefix_path.dsv'
[5.793s] INFO:colcon.colcon_core.shell:Creating environment hook '/root/aerostack2_ws/install/as2_usb_camera_interface/share/as2_usb_camera_interface/hook/cmake_prefix_path.sh'
[5.794s] Level 1:colcon.colcon_core.environment:checking '/root/aerostack2_ws/install/as2_usb_camera_interface/lib'
[5.794s] Level 1:colcon.colcon_core.environment:checking '/root/aerostack2_ws/install/as2_usb_camera_interface/bin'
[5.794s] Level 1:colcon.colcon_core.environment:checking '/root/aerostack2_ws/install/as2_usb_camera_interface/lib/pkgconfig/as2_usb_camera_interface.pc'
[5.794s] Level 1:colcon.colcon_core.environment:checking '/root/aerostack2_ws/install/as2_usb_camera_interface/lib/python3.10/site-packages'
[5.795s] Level 1:colcon.colcon_core.environment:checking '/root/aerostack2_ws/install/as2_usb_camera_interface/bin'
[5.795s] INFO:colcon.colcon_core.shell:Creating package script '/root/aerostack2_ws/install/as2_usb_camera_interface/share/as2_usb_camera_interface/package.ps1'
[5.795s] INFO:colcon.colcon_core.shell:Creating package descriptor '/root/aerostack2_ws/install/as2_usb_camera_interface/share/as2_usb_camera_interface/package.dsv'
[5.796s] INFO:colcon.colcon_core.shell:Creating package script '/root/aerostack2_ws/install/as2_usb_camera_interface/share/as2_usb_camera_interface/package.sh'
[5.797s] INFO:colcon.colcon_core.shell:Creating package script '/root/aerostack2_ws/install/as2_usb_camera_interface/share/as2_usb_camera_interface/package.bash'
[5.797s] INFO:colcon.colcon_core.shell:Creating package script '/root/aerostack2_ws/install/as2_usb_camera_interface/share/as2_usb_camera_interface/package.zsh'
[5.797s] Level 1:colcon.colcon_core.environment:create_file_with_runtime_dependencies(/root/aerostack2_ws/install/as2_usb_camera_interface/share/colcon-core/packages/as2_usb_camera_interface)
[5.798s] Level 1:colcon.colcon_core.environment:create_environment_scripts_only(as2_usb_camera_interface)
[5.798s] Level 1:colcon.colcon_core.environment:checking '/root/aerostack2_ws/install/as2_usb_camera_interface' for CMake module files
[5.799s] Level 1:colcon.colcon_core.environment:checking '/root/aerostack2_ws/install/as2_usb_camera_interface' for CMake config files
[5.799s] Level 1:colcon.colcon_core.shell:create_environment_hook('as2_usb_camera_interface', 'cmake_prefix_path')
[5.799s] INFO:colcon.colcon_core.shell:Creating environment hook '/root/aerostack2_ws/install/as2_usb_camera_interface/share/as2_usb_camera_interface/hook/cmake_prefix_path.ps1'
[5.799s] INFO:colcon.colcon_core.shell:Creating environment descriptor '/root/aerostack2_ws/install/as2_usb_camera_interface/share/as2_usb_camera_interface/hook/cmake_prefix_path.dsv'
[5.800s] INFO:colcon.colcon_core.shell:Creating environment hook '/root/aerostack2_ws/install/as2_usb_camera_interface/share/as2_usb_camera_interface/hook/cmake_prefix_path.sh'
[5.803s] Level 1:colcon.colcon_core.environment:checking '/root/aerostack2_ws/install/as2_usb_camera_interface/lib'
[5.806s] Level 1:colcon.colcon_core.environment:checking '/root/aerostack2_ws/install/as2_usb_camera_interface/bin'
[5.806s] Level 1:colcon.colcon_core.environment:checking '/root/aerostack2_ws/install/as2_usb_camera_interface/lib/pkgconfig/as2_usb_camera_interface.pc'
[5.807s] Level 1:colcon.colcon_core.environment:checking '/root/aerostack2_ws/install/as2_usb_camera_interface/lib/python3.10/site-packages'
[5.808s] Level 1:colcon.colcon_core.environment:checking '/root/aerostack2_ws/install/as2_usb_camera_interface/bin'
[5.809s] INFO:colcon.colcon_core.shell:Creating package script '/root/aerostack2_ws/install/as2_usb_camera_interface/share/as2_usb_camera_interface/package.ps1'
[5.811s] INFO:colcon.colcon_core.shell:Creating package descriptor '/root/aerostack2_ws/install/as2_usb_camera_interface/share/as2_usb_camera_interface/package.dsv'
[5.816s] INFO:colcon.colcon_core.shell:Creating package script '/root/aerostack2_ws/install/as2_usb_camera_interface/share/as2_usb_camera_interface/package.sh'
[5.819s] INFO:colcon.colcon_core.shell:Creating package script '/root/aerostack2_ws/install/as2_usb_camera_interface/share/as2_usb_camera_interface/package.bash'
[5.823s] INFO:colcon.colcon_core.shell:Creating package script '/root/aerostack2_ws/install/as2_usb_camera_interface/share/as2_usb_camera_interface/package.zsh'
[5.826s] Level 1:colcon.colcon_core.environment:create_file_with_runtime_dependencies(/root/aerostack2_ws/install/as2_usb_camera_interface/share/colcon-core/packages/as2_usb_camera_interface)
[5.830s] Level 1:colcon.colcon_core.environment:create_environment_scripts_only(as2_behaviors_path_planning)
[5.830s] Level 1:colcon.colcon_core.environment:checking '/root/aerostack2_ws/install/as2_behaviors_path_planning' for CMake module files
[5.832s] DEBUG:colcon.colcon_core.event_handler.log_command:Invoked command in '/root/aerostack2_ws/build/as2_behaviors_path_planning' returned '0': CMAKE_PREFIX_PATH=/root/aerostack2_ws/install/as2_behavior:/root/aerostack2_ws/install/as2_core:/root/aerostack2_ws/install/as2_msgs:/root/aerostack2_ws/install/rmf_demos_gz_classic:/root/aerostack2_ws/install/rmf_demos_gz:/root/aerostack2_ws/install/rmf_demos:/root/aerostack2_ws/install/rmf_demos_maps:/root/aerostack2_ws/install/aerostack2:/root/aerostack2_ws/install/as2_usb_camera_interface:/root/aerostack2_ws/install/as2_state_estimator:/root/aerostack2_ws/install/as2_rviz_plugins:/root/aerostack2_ws/install/as2_realsense_interface:/root/aerostack2_ws/install/as2_platform_multirotor_simulator:/root/aerostack2_ws/install/as2_platform_gazebo:/root/aerostack2_ws/install/as2_motion_controller:/root/aerostack2_ws/install/as2_behaviors_trajectory_generation:/root/aerostack2_ws/install/as2_behaviors_swarm_flocking:/root/aerostack2_ws/install/as2_behaviors_motion:/root/aerostack2_ws/install/as2_motion_reference_handlers:/root/aerostack2_ws/install/as2_map_server:/root/aerostack2_ws/install/as2_geozones:/root/aerostack2_ws/install/as2_gazebo_assets:/root/aerostack2_ws/install/as2_external_object_to_tf:/root/aerostack2_ws/install/as2_behaviors_platform:/root/aerostack2_ws/install/as2_behaviors_perception:/root/aerostack2_ws/install/as2_behaviors_path_planning:/root/aerostack2_ws/install/as2_behavior_tree:/root/aerostack2_ws/install/as2_alphanumeric_viewer:/root/aerostack2_ws/install/as2_cli:/root/aerostack2_ws/install/rmf_demos_tasks:/root/aerostack2_ws/install/rmf_demos_panel:/root/aerostack2_ws/install/rmf_demos_fleet_adapter:/root/aerostack2_ws/install/rmf_demos_dashboard_resources:/root/aerostack2_ws/install/rmf_demos_bridges:/root/aerostack2_ws/install/rmf_demos_assets:/root/aerostack2_ws/install/as2_visualization:/root/aerostack2_ws/install/as2_swarm_perception:/root/aerostack2_ws/install/as2_swarm_fusion_ci:/root/aerostack2_ws/install/as2_swarm_ekf:/root/aerostack2_ws/install/as2_keyboard_teleoperation:/root/aerostack2_ws/install/as2_python_api:/root/aerostack2_ws/install/as2_project_bringup:/root/aerostack2_ws/install/as2_perception:/root/aerostack2_ws/install/as2_groundray_perception:/opt/ros/humble LD_LIBRARY_PATH=/root/aerostack2_ws/install/as2_behavior/lib:/root/aerostack2_ws/install/as2_core/lib:/root/aerostack2_ws/install/as2_msgs/lib:/root/aerostack2_ws/install/as2_state_estimator/lib:/root/aerostack2_ws/install/as2_python_api/lib:/root/aerostack2_ws/install/as2_motion_controller/lib:/root/aerostack2_ws/install/as2_behaviors_trajectory_generation/lib:/root/aerostack2_ws/install/as2_behaviors_swarm_flocking/lib:/root/aerostack2_ws/install/as2_behaviors_motion/lib:/root/aerostack2_ws/install/as2_motion_reference_handlers/lib:/root/aerostack2_ws/install/as2_map_server/lib:/root/aerostack2_ws/install/as2_gazebo_assets/lib:/root/aerostack2_ws/install/as2_behaviors_perception/lib:/root/aerostack2_ws/install/as2_behaviors_path_planning/lib:/root/aerostack2_ws/install/as2_behavior_tree/lib:/opt/ros/humble/opt/rviz_ogre_vendor/lib:/opt/ros/humble/lib/x86_64-linux-gnu:/opt/ros/humble/lib /usr/bin/cmake --install /root/aerostack2_ws/build/as2_behaviors_path_planning
[5.832s] Level 1:colcon.colcon_core.environment:checking '/root/aerostack2_ws/install/as2_behaviors_path_planning' for CMake config files
[5.833s] Level 1:colcon.colcon_core.shell:create_environment_hook('as2_behaviors_path_planning', 'cmake_prefix_path')
[5.833s] INFO:colcon.colcon_core.shell:Creating environment hook '/root/aerostack2_ws/install/as2_behaviors_path_planning/share/as2_behaviors_path_planning/hook/cmake_prefix_path.ps1'
[5.834s] INFO:colcon.colcon_core.shell:Creating environment descriptor '/root/aerostack2_ws/install/as2_behaviors_path_planning/share/as2_behaviors_path_planning/hook/cmake_prefix_path.dsv'
[5.834s] INFO:colcon.colcon_core.shell:Creating environment hook '/root/aerostack2_ws/install/as2_behaviors_path_planning/share/as2_behaviors_path_planning/hook/cmake_prefix_path.sh'
[5.835s] Level 1:colcon.colcon_core.environment:checking '/root/aerostack2_ws/install/as2_behaviors_path_planning/lib'
[5.835s] Level 1:colcon.colcon_core.shell:create_environment_hook('as2_behaviors_path_planning', 'ld_library_path_lib')
[5.836s] INFO:colcon.colcon_core.shell:Creating environment hook '/root/aerostack2_ws/install/as2_behaviors_path_planning/share/as2_behaviors_path_planning/hook/ld_library_path_lib.ps1'
[5.837s] INFO:colcon.colcon_core.shell:Creating environment descriptor '/root/aerostack2_ws/install/as2_behaviors_path_planning/share/as2_behaviors_path_planning/hook/ld_library_path_lib.dsv'
[5.837s] INFO:colcon.colcon_core.shell:Creating environment hook '/root/aerostack2_ws/install/as2_behaviors_path_planning/share/as2_behaviors_path_planning/hook/ld_library_path_lib.sh'
[5.837s] Level 1:colcon.colcon_core.environment:checking '/root/aerostack2_ws/install/as2_behaviors_path_planning/bin'
[5.838s] Level 1:colcon.colcon_core.environment:checking '/root/aerostack2_ws/install/as2_behaviors_path_planning/lib/pkgconfig/as2_behaviors_path_planning.pc'
[5.838s] Level 1:colcon.colcon_core.environment:checking '/root/aerostack2_ws/install/as2_behaviors_path_planning/lib/python3.10/site-packages'
[5.839s] Level 1:colcon.colcon_core.environment:checking '/root/aerostack2_ws/install/as2_behaviors_path_planning/bin'
[5.839s] INFO:colcon.colcon_core.shell:Creating package script '/root/aerostack2_ws/install/as2_behaviors_path_planning/share/as2_behaviors_path_planning/package.ps1'
[5.840s] INFO:colcon.colcon_core.shell:Creating package descriptor '/root/aerostack2_ws/install/as2_behaviors_path_planning/share/as2_behaviors_path_planning/package.dsv'
[5.840s] INFO:colcon.colcon_core.shell:Creating package script '/root/aerostack2_ws/install/as2_behaviors_path_planning/share/as2_behaviors_path_planning/package.sh'
[5.840s] INFO:colcon.colcon_core.shell:Creating package script '/root/aerostack2_ws/install/as2_behaviors_path_planning/share/as2_behaviors_path_planning/package.bash'
[5.841s] INFO:colcon.colcon_core.shell:Creating package script '/root/aerostack2_ws/install/as2_behaviors_path_planning/share/as2_behaviors_path_planning/package.zsh'
[5.841s] Level 1:colcon.colcon_core.environment:create_file_with_runtime_dependencies(/root/aerostack2_ws/install/as2_behaviors_path_planning/share/colcon-core/packages/as2_behaviors_path_planning)
[5.841s] Level 1:colcon.colcon_core.environment:create_environment_scripts_only(as2_behaviors_path_planning)
[5.842s] Level 1:colcon.colcon_core.environment:checking '/root/aerostack2_ws/install/as2_behaviors_path_planning' for CMake module files
[5.842s] Level 1:colcon.colcon_core.environment:checking '/root/aerostack2_ws/install/as2_behaviors_path_planning' for CMake config files
[5.842s] Level 1:colcon.colcon_core.shell:create_environment_hook('as2_behaviors_path_planning', 'cmake_prefix_path')
[5.842s] INFO:colcon.colcon_core.shell:Creating environment hook '/root/aerostack2_ws/install/as2_behaviors_path_planning/share/as2_behaviors_path_planning/hook/cmake_prefix_path.ps1'
[5.843s] INFO:colcon.colcon_core.shell:Creating environment descriptor '/root/aerostack2_ws/install/as2_behaviors_path_planning/share/as2_behaviors_path_planning/hook/cmake_prefix_path.dsv'
[5.843s] INFO:colcon.colcon_core.shell:Creating environment hook '/root/aerostack2_ws/install/as2_behaviors_path_planning/share/as2_behaviors_path_planning/hook/cmake_prefix_path.sh'
[5.844s] Level 1:colcon.colcon_core.environment:checking '/root/aerostack2_ws/install/as2_behaviors_path_planning/lib'
[5.844s] Level 1:colcon.colcon_core.shell:create_environment_hook('as2_behaviors_path_planning', 'ld_library_path_lib')
[5.844s] INFO:colcon.colcon_core.shell:Creating environment hook '/root/aerostack2_ws/install/as2_behaviors_path_planning/share/as2_behaviors_path_planning/hook/ld_library_path_lib.ps1'
[5.844s] INFO:colcon.colcon_core.shell:Creating environment descriptor '/root/aerostack2_ws/install/as2_behaviors_path_planning/share/as2_behaviors_path_planning/hook/ld_library_path_lib.dsv'
[5.845s] INFO:colcon.colcon_core.shell:Creating environment hook '/root/aerostack2_ws/install/as2_behaviors_path_planning/share/as2_behaviors_path_planning/hook/ld_library_path_lib.sh'
[5.845s] Level 1:colcon.colcon_core.environment:checking '/root/aerostack2_ws/install/as2_behaviors_path_planning/bin'
[5.845s] Level 1:colcon.colcon_core.environment:checking '/root/aerostack2_ws/install/as2_behaviors_path_planning/lib/pkgconfig/as2_behaviors_path_planning.pc'
[5.845s] Level 1:colcon.colcon_core.environment:checking '/root/aerostack2_ws/install/as2_behaviors_path_planning/lib/python3.10/site-packages'
[5.846s] Level 1:colcon.colcon_core.environment:checking '/root/aerostack2_ws/install/as2_behaviors_path_planning/bin'
[5.846s] INFO:colcon.colcon_core.shell:Creating package script '/root/aerostack2_ws/install/as2_behaviors_path_planning/share/as2_behaviors_path_planning/package.ps1'
[5.846s] INFO:colcon.colcon_core.shell:Creating package descriptor '/root/aerostack2_ws/install/as2_behaviors_path_planning/share/as2_behaviors_path_planning/package.dsv'
[5.847s] INFO:colcon.colcon_core.shell:Creating package script '/root/aerostack2_ws/install/as2_behaviors_path_planning/share/as2_behaviors_path_planning/package.sh'
[5.847s] INFO:colcon.colcon_core.shell:Creating package script '/root/aerostack2_ws/install/as2_behaviors_path_planning/share/as2_behaviors_path_planning/package.bash'
[5.848s] INFO:colcon.colcon_core.shell:Creating package script '/root/aerostack2_ws/install/as2_behaviors_path_planning/share/as2_behaviors_path_planning/package.zsh'
[5.848s] Level 1:colcon.colcon_core.environment:create_file_with_runtime_dependencies(/root/aerostack2_ws/install/as2_behaviors_path_planning/share/colcon-core/packages/as2_behaviors_path_planning)
[5.852s] INFO:colcon.colcon_ros.task.ament_cmake.build:Building ROS package in '/root/aerostack2_ws/src/aerostack2/as2_behaviors/as2_behaviors_platform' with build type 'ament_cmake'
[5.852s] INFO:colcon.colcon_cmake.task.cmake.build:Building CMake package in '/root/aerostack2_ws/src/aerostack2/as2_behaviors/as2_behaviors_platform'
[5.853s] INFO:colcon.colcon_core.shell:Skip shell extension 'powershell' for command environment: Not usable outside of PowerShell
[5.853s] DEBUG:colcon.colcon_core.shell:Skip shell extension 'dsv' for command environment
[5.860s] INFO:colcon.colcon_ros.task.ament_cmake.build:Building ROS package in '/root/aerostack2_ws/src/aerostack2/as2_behaviors/as2_behaviors_trajectory_generation' with build type 'ament_cmake'
[5.860s] INFO:colcon.colcon_cmake.task.cmake.build:Building CMake package in '/root/aerostack2_ws/src/aerostack2/as2_behaviors/as2_behaviors_trajectory_generation'
[5.860s] INFO:colcon.colcon_core.shell:Skip shell extension 'powershell' for command environment: Not usable outside of PowerShell
[5.861s] DEBUG:colcon.colcon_core.shell:Skip shell extension 'dsv' for command environment
[5.876s] Level 1:colcon.colcon_core.environment:create_environment_scripts_only(as2_behaviors_perception)
[5.877s] Level 1:colcon.colcon_core.environment:checking '/root/aerostack2_ws/install/as2_behaviors_perception' for CMake module files
[5.879s] Level 1:colcon.colcon_core.environment:checking '/root/aerostack2_ws/install/as2_behaviors_perception' for CMake config files
[5.879s] Level 1:colcon.colcon_core.shell:create_environment_hook('as2_behaviors_perception', 'cmake_prefix_path')
[5.880s] INFO:colcon.colcon_core.shell:Creating environment hook '/root/aerostack2_ws/install/as2_behaviors_perception/share/as2_behaviors_perception/hook/cmake_prefix_path.ps1'
[5.880s] DEBUG:colcon.colcon_core.event_handler.log_command:Invoked command in '/root/aerostack2_ws/build/as2_behaviors_perception' returned '0': CMAKE_PREFIX_PATH=/root/aerostack2_ws/install/as2_behavior:/root/aerostack2_ws/install/as2_core:/root/aerostack2_ws/install/as2_msgs:/root/aerostack2_ws/install/rmf_demos_gz_classic:/root/aerostack2_ws/install/rmf_demos_gz:/root/aerostack2_ws/install/rmf_demos:/root/aerostack2_ws/install/rmf_demos_maps:/root/aerostack2_ws/install/aerostack2:/root/aerostack2_ws/install/as2_usb_camera_interface:/root/aerostack2_ws/install/as2_state_estimator:/root/aerostack2_ws/install/as2_rviz_plugins:/root/aerostack2_ws/install/as2_realsense_interface:/root/aerostack2_ws/install/as2_platform_multirotor_simulator:/root/aerostack2_ws/install/as2_platform_gazebo:/root/aerostack2_ws/install/as2_motion_controller:/root/aerostack2_ws/install/as2_behaviors_trajectory_generation:/root/aerostack2_ws/install/as2_behaviors_swarm_flocking:/root/aerostack2_ws/install/as2_behaviors_motion:/root/aerostack2_ws/install/as2_motion_reference_handlers:/root/aerostack2_ws/install/as2_map_server:/root/aerostack2_ws/install/as2_geozones:/root/aerostack2_ws/install/as2_gazebo_assets:/root/aerostack2_ws/install/as2_external_object_to_tf:/root/aerostack2_ws/install/as2_behaviors_platform:/root/aerostack2_ws/install/as2_behaviors_perception:/root/aerostack2_ws/install/as2_behaviors_path_planning:/root/aerostack2_ws/install/as2_behavior_tree:/root/aerostack2_ws/install/as2_alphanumeric_viewer:/root/aerostack2_ws/install/as2_cli:/root/aerostack2_ws/install/rmf_demos_tasks:/root/aerostack2_ws/install/rmf_demos_panel:/root/aerostack2_ws/install/rmf_demos_fleet_adapter:/root/aerostack2_ws/install/rmf_demos_dashboard_resources:/root/aerostack2_ws/install/rmf_demos_bridges:/root/aerostack2_ws/install/rmf_demos_assets:/root/aerostack2_ws/install/as2_visualization:/root/aerostack2_ws/install/as2_swarm_perception:/root/aerostack2_ws/install/as2_swarm_fusion_ci:/root/aerostack2_ws/install/as2_swarm_ekf:/root/aerostack2_ws/install/as2_keyboard_teleoperation:/root/aerostack2_ws/install/as2_python_api:/root/aerostack2_ws/install/as2_project_bringup:/root/aerostack2_ws/install/as2_perception:/root/aerostack2_ws/install/as2_groundray_perception:/opt/ros/humble LD_LIBRARY_PATH=/root/aerostack2_ws/install/as2_behavior/lib:/root/aerostack2_ws/install/as2_core/lib:/root/aerostack2_ws/install/as2_msgs/lib:/root/aerostack2_ws/install/as2_state_estimator/lib:/root/aerostack2_ws/install/as2_python_api/lib:/root/aerostack2_ws/install/as2_motion_controller/lib:/root/aerostack2_ws/install/as2_behaviors_trajectory_generation/lib:/root/aerostack2_ws/install/as2_behaviors_swarm_flocking/lib:/root/aerostack2_ws/install/as2_behaviors_motion/lib:/root/aerostack2_ws/install/as2_motion_reference_handlers/lib:/root/aerostack2_ws/install/as2_map_server/lib:/root/aerostack2_ws/install/as2_gazebo_assets/lib:/root/aerostack2_ws/install/as2_behaviors_perception/lib:/root/aerostack2_ws/install/as2_behaviors_path_planning/lib:/root/aerostack2_ws/install/as2_behavior_tree/lib:/opt/ros/humble/opt/rviz_ogre_vendor/lib:/opt/ros/humble/lib/x86_64-linux-gnu:/opt/ros/humble/lib /usr/bin/cmake --install /root/aerostack2_ws/build/as2_behaviors_perception
[5.880s] INFO:colcon.colcon_core.shell:Creating environment descriptor '/root/aerostack2_ws/install/as2_behaviors_perception/share/as2_behaviors_perception/hook/cmake_prefix_path.dsv'
[5.881s] INFO:colcon.colcon_core.shell:Creating environment hook '/root/aerostack2_ws/install/as2_behaviors_perception/share/as2_behaviors_perception/hook/cmake_prefix_path.sh'
[5.881s] Level 1:colcon.colcon_core.environment:checking '/root/aerostack2_ws/install/as2_behaviors_perception/lib'
[5.881s] Level 1:colcon.colcon_core.shell:create_environment_hook('as2_behaviors_perception', 'ld_library_path_lib')
[5.882s] INFO:colcon.colcon_core.shell:Creating environment hook '/root/aerostack2_ws/install/as2_behaviors_perception/share/as2_behaviors_perception/hook/ld_library_path_lib.ps1'
[5.882s] INFO:colcon.colcon_core.shell:Creating environment descriptor '/root/aerostack2_ws/install/as2_behaviors_perception/share/as2_behaviors_perception/hook/ld_library_path_lib.dsv'
[5.883s] INFO:colcon.colcon_core.shell:Creating environment hook '/root/aerostack2_ws/install/as2_behaviors_perception/share/as2_behaviors_perception/hook/ld_library_path_lib.sh'
[5.883s] Level 1:colcon.colcon_core.environment:checking '/root/aerostack2_ws/install/as2_behaviors_perception/bin'
[5.883s] Level 1:colcon.colcon_core.environment:checking '/root/aerostack2_ws/install/as2_behaviors_perception/lib/pkgconfig/as2_behaviors_perception.pc'
[5.884s] Level 1:colcon.colcon_core.environment:checking '/root/aerostack2_ws/install/as2_behaviors_perception/lib/python3.10/site-packages'
[5.884s] Level 1:colcon.colcon_core.environment:checking '/root/aerostack2_ws/install/as2_behaviors_perception/bin'
[5.885s] INFO:colcon.colcon_core.shell:Creating package script '/root/aerostack2_ws/install/as2_behaviors_perception/share/as2_behaviors_perception/package.ps1'
[5.885s] INFO:colcon.colcon_core.shell:Creating package descriptor '/root/aerostack2_ws/install/as2_behaviors_perception/share/as2_behaviors_perception/package.dsv'
[5.886s] INFO:colcon.colcon_core.shell:Creating package script '/root/aerostack2_ws/install/as2_behaviors_perception/share/as2_behaviors_perception/package.sh'
[5.887s] INFO:colcon.colcon_core.shell:Creating package script '/root/aerostack2_ws/install/as2_behaviors_perception/share/as2_behaviors_perception/package.bash'
[5.887s] INFO:colcon.colcon_core.shell:Creating package script '/root/aerostack2_ws/install/as2_behaviors_perception/share/as2_behaviors_perception/package.zsh'
[5.888s] Level 1:colcon.colcon_core.environment:create_file_with_runtime_dependencies(/root/aerostack2_ws/install/as2_behaviors_perception/share/colcon-core/packages/as2_behaviors_perception)
[5.889s] Level 1:colcon.colcon_core.environment:create_environment_scripts_only(as2_behaviors_perception)
[5.889s] Level 1:colcon.colcon_core.environment:checking '/root/aerostack2_ws/install/as2_behaviors_perception' for CMake module files
[5.890s] Level 1:colcon.colcon_core.environment:checking '/root/aerostack2_ws/install/as2_behaviors_perception' for CMake config files
[5.890s] Level 1:colcon.colcon_core.shell:create_environment_hook('as2_behaviors_perception', 'cmake_prefix_path')
[5.891s] INFO:colcon.colcon_core.shell:Creating environment hook '/root/aerostack2_ws/install/as2_behaviors_perception/share/as2_behaviors_perception/hook/cmake_prefix_path.ps1'
[5.891s] INFO:colcon.colcon_core.shell:Creating environment descriptor '/root/aerostack2_ws/install/as2_behaviors_perception/share/as2_behaviors_perception/hook/cmake_prefix_path.dsv'
[5.892s] INFO:colcon.colcon_core.shell:Creating environment hook '/root/aerostack2_ws/install/as2_behaviors_perception/share/as2_behaviors_perception/hook/cmake_prefix_path.sh'
[5.893s] Level 1:colcon.colcon_core.environment:checking '/root/aerostack2_ws/install/as2_behaviors_perception/lib'
[5.893s] Level 1:colcon.colcon_core.shell:create_environment_hook('as2_behaviors_perception', 'ld_library_path_lib')
[5.893s] INFO:colcon.colcon_core.shell:Creating environment hook '/root/aerostack2_ws/install/as2_behaviors_perception/share/as2_behaviors_perception/hook/ld_library_path_lib.ps1'
[5.895s] INFO:colcon.colcon_core.shell:Creating environment descriptor '/root/aerostack2_ws/install/as2_behaviors_perception/share/as2_behaviors_perception/hook/ld_library_path_lib.dsv'
[5.895s] INFO:colcon.colcon_core.shell:Creating environment hook '/root/aerostack2_ws/install/as2_behaviors_perception/share/as2_behaviors_perception/hook/ld_library_path_lib.sh'
[5.896s] Level 1:colcon.colcon_core.environment:checking '/root/aerostack2_ws/install/as2_behaviors_perception/bin'
[5.896s] Level 1:colcon.colcon_core.environment:checking '/root/aerostack2_ws/install/as2_behaviors_perception/lib/pkgconfig/as2_behaviors_perception.pc'
[5.896s] Level 1:colcon.colcon_core.environment:checking '/root/aerostack2_ws/install/as2_behaviors_perception/lib/python3.10/site-packages'
[5.896s] Level 1:colcon.colcon_core.environment:checking '/root/aerostack2_ws/install/as2_behaviors_perception/bin'
[5.897s] INFO:colcon.colcon_core.shell:Creating package script '/root/aerostack2_ws/install/as2_behaviors_perception/share/as2_behaviors_perception/package.ps1'
[5.897s] INFO:colcon.colcon_core.shell:Creating package descriptor '/root/aerostack2_ws/install/as2_behaviors_perception/share/as2_behaviors_perception/package.dsv'
[5.898s] INFO:colcon.colcon_core.shell:Creating package script '/root/aerostack2_ws/install/as2_behaviors_perception/share/as2_behaviors_perception/package.sh'
[5.898s] INFO:colcon.colcon_core.shell:Creating package script '/root/aerostack2_ws/install/as2_behaviors_perception/share/as2_behaviors_perception/package.bash'
[5.899s] INFO:colcon.colcon_core.shell:Creating package script '/root/aerostack2_ws/install/as2_behaviors_perception/share/as2_behaviors_perception/package.zsh'
[5.899s] Level 1:colcon.colcon_core.environment:create_file_with_runtime_dependencies(/root/aerostack2_ws/install/as2_behaviors_perception/share/colcon-core/packages/as2_behaviors_perception)
[5.900s] INFO:colcon.colcon_ros.task.ament_cmake.build:Building ROS package in '/root/aerostack2_ws/src/aerostack2/as2_motion_controller' with build type 'ament_cmake'
[5.900s] INFO:colcon.colcon_cmake.task.cmake.build:Building CMake package in '/root/aerostack2_ws/src/aerostack2/as2_motion_controller'
[5.901s] INFO:colcon.colcon_core.shell:Skip shell extension 'powershell' for command environment: Not usable outside of PowerShell
[5.901s] DEBUG:colcon.colcon_core.shell:Skip shell extension 'dsv' for command environment
[5.909s] Level 1:colcon.colcon_core.environment:create_environment_scripts_only(as2_state_estimator)
[5.909s] Level 1:colcon.colcon_core.environment:checking '/root/aerostack2_ws/install/as2_state_estimator' for CMake module files
[5.910s] DEBUG:colcon.colcon_core.event_handler.log_command:Invoked command in '/root/aerostack2_ws/build/as2_state_estimator' returned '0': CMAKE_PREFIX_PATH=/root/aerostack2_ws/install/as2_core:/root/aerostack2_ws/install/as2_msgs:/root/aerostack2_ws/install/rmf_demos_gz_classic:/root/aerostack2_ws/install/rmf_demos_gz:/root/aerostack2_ws/install/rmf_demos:/root/aerostack2_ws/install/rmf_demos_maps:/root/aerostack2_ws/install/aerostack2:/root/aerostack2_ws/install/as2_usb_camera_interface:/root/aerostack2_ws/install/as2_state_estimator:/root/aerostack2_ws/install/as2_rviz_plugins:/root/aerostack2_ws/install/as2_realsense_interface:/root/aerostack2_ws/install/as2_platform_multirotor_simulator:/root/aerostack2_ws/install/as2_platform_gazebo:/root/aerostack2_ws/install/as2_motion_controller:/root/aerostack2_ws/install/as2_behaviors_trajectory_generation:/root/aerostack2_ws/install/as2_behaviors_swarm_flocking:/root/aerostack2_ws/install/as2_behaviors_motion:/root/aerostack2_ws/install/as2_motion_reference_handlers:/root/aerostack2_ws/install/as2_map_server:/root/aerostack2_ws/install/as2_geozones:/root/aerostack2_ws/install/as2_gazebo_assets:/root/aerostack2_ws/install/as2_external_object_to_tf:/root/aerostack2_ws/install/as2_behaviors_platform:/root/aerostack2_ws/install/as2_behaviors_perception:/root/aerostack2_ws/install/as2_behaviors_path_planning:/root/aerostack2_ws/install/as2_behavior_tree:/root/aerostack2_ws/install/as2_behavior:/root/aerostack2_ws/install/as2_alphanumeric_viewer:/root/aerostack2_ws/install/as2_cli:/root/aerostack2_ws/install/rmf_demos_tasks:/root/aerostack2_ws/install/rmf_demos_panel:/root/aerostack2_ws/install/rmf_demos_fleet_adapter:/root/aerostack2_ws/install/rmf_demos_dashboard_resources:/root/aerostack2_ws/install/rmf_demos_bridges:/root/aerostack2_ws/install/rmf_demos_assets:/root/aerostack2_ws/install/as2_visualization:/root/aerostack2_ws/install/as2_swarm_perception:/root/aerostack2_ws/install/as2_swarm_fusion_ci:/root/aerostack2_ws/install/as2_swarm_ekf:/root/aerostack2_ws/install/as2_keyboard_teleoperation:/root/aerostack2_ws/install/as2_python_api:/root/aerostack2_ws/install/as2_project_bringup:/root/aerostack2_ws/install/as2_perception:/root/aerostack2_ws/install/as2_groundray_perception:/opt/ros/humble LD_LIBRARY_PATH=/root/aerostack2_ws/install/as2_core/lib:/root/aerostack2_ws/install/as2_msgs/lib:/root/aerostack2_ws/install/as2_state_estimator/lib:/root/aerostack2_ws/install/as2_python_api/lib:/root/aerostack2_ws/install/as2_motion_controller/lib:/root/aerostack2_ws/install/as2_behaviors_trajectory_generation/lib:/root/aerostack2_ws/install/as2_behaviors_swarm_flocking/lib:/root/aerostack2_ws/install/as2_behaviors_motion/lib:/root/aerostack2_ws/install/as2_motion_reference_handlers/lib:/root/aerostack2_ws/install/as2_map_server/lib:/root/aerostack2_ws/install/as2_gazebo_assets/lib:/root/aerostack2_ws/install/as2_behaviors_perception/lib:/root/aerostack2_ws/install/as2_behaviors_path_planning/lib:/root/aerostack2_ws/install/as2_behavior_tree/lib:/root/aerostack2_ws/install/as2_behavior/lib:/opt/ros/humble/opt/rviz_ogre_vendor/lib:/opt/ros/humble/lib/x86_64-linux-gnu:/opt/ros/humble/lib /usr/bin/cmake --install /root/aerostack2_ws/build/as2_state_estimator
[5.910s] Level 1:colcon.colcon_core.environment:checking '/root/aerostack2_ws/install/as2_state_estimator' for CMake config files
[5.911s] Level 1:colcon.colcon_core.shell:create_environment_hook('as2_state_estimator', 'cmake_prefix_path')
[5.911s] INFO:colcon.colcon_core.shell:Creating environment hook '/root/aerostack2_ws/install/as2_state_estimator/share/as2_state_estimator/hook/cmake_prefix_path.ps1'
[5.912s] INFO:colcon.colcon_core.shell:Creating environment descriptor '/root/aerostack2_ws/install/as2_state_estimator/share/as2_state_estimator/hook/cmake_prefix_path.dsv'
[5.912s] INFO:colcon.colcon_core.shell:Creating environment hook '/root/aerostack2_ws/install/as2_state_estimator/share/as2_state_estimator/hook/cmake_prefix_path.sh'
[5.913s] Level 1:colcon.colcon_core.environment:checking '/root/aerostack2_ws/install/as2_state_estimator/lib'
[5.913s] Level 1:colcon.colcon_core.shell:create_environment_hook('as2_state_estimator', 'ld_library_path_lib')
[5.914s] INFO:colcon.colcon_core.shell:Creating environment hook '/root/aerostack2_ws/install/as2_state_estimator/share/as2_state_estimator/hook/ld_library_path_lib.ps1'
[5.914s] INFO:colcon.colcon_core.shell:Creating environment descriptor '/root/aerostack2_ws/install/as2_state_estimator/share/as2_state_estimator/hook/ld_library_path_lib.dsv'
[5.915s] INFO:colcon.colcon_core.shell:Creating environment hook '/root/aerostack2_ws/install/as2_state_estimator/share/as2_state_estimator/hook/ld_library_path_lib.sh'
[5.915s] Level 1:colcon.colcon_core.environment:checking '/root/aerostack2_ws/install/as2_state_estimator/bin'
[5.915s] Level 1:colcon.colcon_core.environment:checking '/root/aerostack2_ws/install/as2_state_estimator/lib/pkgconfig/as2_state_estimator.pc'
[5.916s] Level 1:colcon.colcon_core.environment:checking '/root/aerostack2_ws/install/as2_state_estimator/lib/python3.10/site-packages'
[5.916s] Level 1:colcon.colcon_core.environment:checking '/root/aerostack2_ws/install/as2_state_estimator/bin'
[5.916s] INFO:colcon.colcon_core.shell:Creating package script '/root/aerostack2_ws/install/as2_state_estimator/share/as2_state_estimator/package.ps1'
[5.917s] INFO:colcon.colcon_core.shell:Creating package descriptor '/root/aerostack2_ws/install/as2_state_estimator/share/as2_state_estimator/package.dsv'
[5.917s] INFO:colcon.colcon_core.shell:Creating package script '/root/aerostack2_ws/install/as2_state_estimator/share/as2_state_estimator/package.sh'
[5.918s] INFO:colcon.colcon_core.shell:Creating package script '/root/aerostack2_ws/install/as2_state_estimator/share/as2_state_estimator/package.bash'
[5.918s] INFO:colcon.colcon_core.shell:Creating package script '/root/aerostack2_ws/install/as2_state_estimator/share/as2_state_estimator/package.zsh'
[5.919s] Level 1:colcon.colcon_core.environment:create_file_with_runtime_dependencies(/root/aerostack2_ws/install/as2_state_estimator/share/colcon-core/packages/as2_state_estimator)
[5.920s] Level 1:colcon.colcon_core.environment:create_environment_scripts_only(as2_state_estimator)
[5.920s] Level 1:colcon.colcon_core.environment:checking '/root/aerostack2_ws/install/as2_state_estimator' for CMake module files
[5.921s] Level 1:colcon.colcon_core.environment:checking '/root/aerostack2_ws/install/as2_state_estimator' for CMake config files
[5.921s] Level 1:colcon.colcon_core.shell:create_environment_hook('as2_state_estimator', 'cmake_prefix_path')
[5.921s] INFO:colcon.colcon_core.shell:Creating environment hook '/root/aerostack2_ws/install/as2_state_estimator/share/as2_state_estimator/hook/cmake_prefix_path.ps1'
[5.922s] INFO:colcon.colcon_core.shell:Creating environment descriptor '/root/aerostack2_ws/install/as2_state_estimator/share/as2_state_estimator/hook/cmake_prefix_path.dsv'
[5.922s] INFO:colcon.colcon_core.shell:Creating environment hook '/root/aerostack2_ws/install/as2_state_estimator/share/as2_state_estimator/hook/cmake_prefix_path.sh'
[5.923s] Level 1:colcon.colcon_core.environment:checking '/root/aerostack2_ws/install/as2_state_estimator/lib'
[5.923s] Level 1:colcon.colcon_core.shell:create_environment_hook('as2_state_estimator', 'ld_library_path_lib')
[5.923s] INFO:colcon.colcon_core.shell:Creating environment hook '/root/aerostack2_ws/install/as2_state_estimator/share/as2_state_estimator/hook/ld_library_path_lib.ps1'
[5.924s] INFO:colcon.colcon_core.shell:Creating environment descriptor '/root/aerostack2_ws/install/as2_state_estimator/share/as2_state_estimator/hook/ld_library_path_lib.dsv'
[5.924s] INFO:colcon.colcon_core.shell:Creating environment hook '/root/aerostack2_ws/install/as2_state_estimator/share/as2_state_estimator/hook/ld_library_path_lib.sh'
[5.924s] Level 1:colcon.colcon_core.environment:checking '/root/aerostack2_ws/install/as2_state_estimator/bin'
[5.925s] Level 1:colcon.colcon_core.environment:checking '/root/aerostack2_ws/install/as2_state_estimator/lib/pkgconfig/as2_state_estimator.pc'
[5.925s] Level 1:colcon.colcon_core.environment:checking '/root/aerostack2_ws/install/as2_state_estimator/lib/python3.10/site-packages'
[5.925s] Level 1:colcon.colcon_core.environment:checking '/root/aerostack2_ws/install/as2_state_estimator/bin'
[5.925s] INFO:colcon.colcon_core.shell:Creating package script '/root/aerostack2_ws/install/as2_state_estimator/share/as2_state_estimator/package.ps1'
[5.926s] INFO:colcon.colcon_core.shell:Creating package descriptor '/root/aerostack2_ws/install/as2_state_estimator/share/as2_state_estimator/package.dsv'
[5.926s] INFO:colcon.colcon_core.shell:Creating package script '/root/aerostack2_ws/install/as2_state_estimator/share/as2_state_estimator/package.sh'
[5.927s] INFO:colcon.colcon_core.shell:Creating package script '/root/aerostack2_ws/install/as2_state_estimator/share/as2_state_estimator/package.bash'
[5.927s] INFO:colcon.colcon_core.shell:Creating package script '/root/aerostack2_ws/install/as2_state_estimator/share/as2_state_estimator/package.zsh'
[5.927s] Level 1:colcon.colcon_core.environment:create_file_with_runtime_dependencies(/root/aerostack2_ws/install/as2_state_estimator/share/colcon-core/packages/as2_state_estimator)
[5.928s] Level 1:colcon.colcon_core.environment:create_environment_scripts_only(as2_gazebo_assets)
[5.928s] Level 1:colcon.colcon_core.environment:checking '/root/aerostack2_ws/install/as2_gazebo_assets' for CMake module files
[5.929s] DEBUG:colcon.colcon_core.event_handler.log_command:Invoked command in '/root/aerostack2_ws/build/as2_gazebo_assets' returned '0': CMAKE_PREFIX_PATH=/root/aerostack2_ws/install/as2_core:/root/aerostack2_ws/install/as2_msgs:/root/aerostack2_ws/install/rmf_demos_gz_classic:/root/aerostack2_ws/install/rmf_demos_gz:/root/aerostack2_ws/install/rmf_demos:/root/aerostack2_ws/install/rmf_demos_maps:/root/aerostack2_ws/install/aerostack2:/root/aerostack2_ws/install/as2_usb_camera_interface:/root/aerostack2_ws/install/as2_state_estimator:/root/aerostack2_ws/install/as2_rviz_plugins:/root/aerostack2_ws/install/as2_realsense_interface:/root/aerostack2_ws/install/as2_platform_multirotor_simulator:/root/aerostack2_ws/install/as2_platform_gazebo:/root/aerostack2_ws/install/as2_motion_controller:/root/aerostack2_ws/install/as2_behaviors_trajectory_generation:/root/aerostack2_ws/install/as2_behaviors_swarm_flocking:/root/aerostack2_ws/install/as2_behaviors_motion:/root/aerostack2_ws/install/as2_motion_reference_handlers:/root/aerostack2_ws/install/as2_map_server:/root/aerostack2_ws/install/as2_geozones:/root/aerostack2_ws/install/as2_gazebo_assets:/root/aerostack2_ws/install/as2_external_object_to_tf:/root/aerostack2_ws/install/as2_behaviors_platform:/root/aerostack2_ws/install/as2_behaviors_perception:/root/aerostack2_ws/install/as2_behaviors_path_planning:/root/aerostack2_ws/install/as2_behavior_tree:/root/aerostack2_ws/install/as2_behavior:/root/aerostack2_ws/install/as2_alphanumeric_viewer:/root/aerostack2_ws/install/as2_cli:/root/aerostack2_ws/install/rmf_demos_tasks:/root/aerostack2_ws/install/rmf_demos_panel:/root/aerostack2_ws/install/rmf_demos_fleet_adapter:/root/aerostack2_ws/install/rmf_demos_dashboard_resources:/root/aerostack2_ws/install/rmf_demos_bridges:/root/aerostack2_ws/install/rmf_demos_assets:/root/aerostack2_ws/install/as2_visualization:/root/aerostack2_ws/install/as2_swarm_perception:/root/aerostack2_ws/install/as2_swarm_fusion_ci:/root/aerostack2_ws/install/as2_swarm_ekf:/root/aerostack2_ws/install/as2_keyboard_teleoperation:/root/aerostack2_ws/install/as2_python_api:/root/aerostack2_ws/install/as2_project_bringup:/root/aerostack2_ws/install/as2_perception:/root/aerostack2_ws/install/as2_groundray_perception:/opt/ros/humble LD_LIBRARY_PATH=/root/aerostack2_ws/install/as2_core/lib:/root/aerostack2_ws/install/as2_msgs/lib:/root/aerostack2_ws/install/as2_state_estimator/lib:/root/aerostack2_ws/install/as2_python_api/lib:/root/aerostack2_ws/install/as2_motion_controller/lib:/root/aerostack2_ws/install/as2_behaviors_trajectory_generation/lib:/root/aerostack2_ws/install/as2_behaviors_swarm_flocking/lib:/root/aerostack2_ws/install/as2_behaviors_motion/lib:/root/aerostack2_ws/install/as2_motion_reference_handlers/lib:/root/aerostack2_ws/install/as2_map_server/lib:/root/aerostack2_ws/install/as2_gazebo_assets/lib:/root/aerostack2_ws/install/as2_behaviors_perception/lib:/root/aerostack2_ws/install/as2_behaviors_path_planning/lib:/root/aerostack2_ws/install/as2_behavior_tree/lib:/root/aerostack2_ws/install/as2_behavior/lib:/opt/ros/humble/opt/rviz_ogre_vendor/lib:/opt/ros/humble/lib/x86_64-linux-gnu:/opt/ros/humble/lib /usr/bin/cmake --install /root/aerostack2_ws/build/as2_gazebo_assets
[5.929s] Level 1:colcon.colcon_core.environment:checking '/root/aerostack2_ws/install/as2_gazebo_assets' for CMake config files
[5.930s] Level 1:colcon.colcon_core.shell:create_environment_hook('as2_gazebo_assets', 'cmake_prefix_path')
[5.930s] INFO:colcon.colcon_core.shell:Creating environment hook '/root/aerostack2_ws/install/as2_gazebo_assets/share/as2_gazebo_assets/hook/cmake_prefix_path.ps1'
[5.930s] INFO:colcon.colcon_core.shell:Creating environment descriptor '/root/aerostack2_ws/install/as2_gazebo_assets/share/as2_gazebo_assets/hook/cmake_prefix_path.dsv'
[5.931s] INFO:colcon.colcon_core.shell:Creating environment hook '/root/aerostack2_ws/install/as2_gazebo_assets/share/as2_gazebo_assets/hook/cmake_prefix_path.sh'
[5.931s] Level 1:colcon.colcon_core.environment:checking '/root/aerostack2_ws/install/as2_gazebo_assets/lib'
[5.931s] Level 1:colcon.colcon_core.shell:create_environment_hook('as2_gazebo_assets', 'ld_library_path_lib')
[5.931s] INFO:colcon.colcon_core.shell:Creating environment hook '/root/aerostack2_ws/install/as2_gazebo_assets/share/as2_gazebo_assets/hook/ld_library_path_lib.ps1'
[5.932s] INFO:colcon.colcon_core.shell:Creating environment descriptor '/root/aerostack2_ws/install/as2_gazebo_assets/share/as2_gazebo_assets/hook/ld_library_path_lib.dsv'
[5.932s] INFO:colcon.colcon_core.shell:Creating environment hook '/root/aerostack2_ws/install/as2_gazebo_assets/share/as2_gazebo_assets/hook/ld_library_path_lib.sh'
[5.932s] Level 1:colcon.colcon_core.environment:checking '/root/aerostack2_ws/install/as2_gazebo_assets/bin'
[5.932s] Level 1:colcon.colcon_core.environment:checking '/root/aerostack2_ws/install/as2_gazebo_assets/lib/pkgconfig/as2_gazebo_assets.pc'
[5.933s] Level 1:colcon.colcon_core.environment:checking '/root/aerostack2_ws/install/as2_gazebo_assets/lib/python3.10/site-packages'
[5.933s] Level 1:colcon.colcon_core.environment:checking '/root/aerostack2_ws/install/as2_gazebo_assets/bin'
[5.933s] INFO:colcon.colcon_core.shell:Creating package script '/root/aerostack2_ws/install/as2_gazebo_assets/share/as2_gazebo_assets/package.ps1'
[5.934s] INFO:colcon.colcon_core.shell:Creating package descriptor '/root/aerostack2_ws/install/as2_gazebo_assets/share/as2_gazebo_assets/package.dsv'
[5.934s] INFO:colcon.colcon_core.shell:Creating package script '/root/aerostack2_ws/install/as2_gazebo_assets/share/as2_gazebo_assets/package.sh'
[5.935s] INFO:colcon.colcon_core.shell:Creating package script '/root/aerostack2_ws/install/as2_gazebo_assets/share/as2_gazebo_assets/package.bash'
[5.936s] INFO:colcon.colcon_core.shell:Creating package script '/root/aerostack2_ws/install/as2_gazebo_assets/share/as2_gazebo_assets/package.zsh'
[5.936s] Level 1:colcon.colcon_core.environment:create_file_with_runtime_dependencies(/root/aerostack2_ws/install/as2_gazebo_assets/share/colcon-core/packages/as2_gazebo_assets)
[5.937s] Level 1:colcon.colcon_core.environment:create_environment_scripts_only(as2_gazebo_assets)
[5.937s] Level 1:colcon.colcon_core.environment:checking '/root/aerostack2_ws/install/as2_gazebo_assets' for CMake module files
[5.938s] Level 1:colcon.colcon_core.environment:checking '/root/aerostack2_ws/install/as2_gazebo_assets' for CMake config files
[5.938s] Level 1:colcon.colcon_core.shell:create_environment_hook('as2_gazebo_assets', 'cmake_prefix_path')
[5.938s] INFO:colcon.colcon_core.shell:Creating environment hook '/root/aerostack2_ws/install/as2_gazebo_assets/share/as2_gazebo_assets/hook/cmake_prefix_path.ps1'
[5.939s] INFO:colcon.colcon_core.shell:Creating environment descriptor '/root/aerostack2_ws/install/as2_gazebo_assets/share/as2_gazebo_assets/hook/cmake_prefix_path.dsv'
[5.939s] INFO:colcon.colcon_core.shell:Creating environment hook '/root/aerostack2_ws/install/as2_gazebo_assets/share/as2_gazebo_assets/hook/cmake_prefix_path.sh'
[5.940s] Level 1:colcon.colcon_core.environment:checking '/root/aerostack2_ws/install/as2_gazebo_assets/lib'
[5.940s] Level 1:colcon.colcon_core.shell:create_environment_hook('as2_gazebo_assets', 'ld_library_path_lib')
[5.941s] INFO:colcon.colcon_core.shell:Creating environment hook '/root/aerostack2_ws/install/as2_gazebo_assets/share/as2_gazebo_assets/hook/ld_library_path_lib.ps1'
[5.941s] INFO:colcon.colcon_core.shell:Creating environment descriptor '/root/aerostack2_ws/install/as2_gazebo_assets/share/as2_gazebo_assets/hook/ld_library_path_lib.dsv'
[5.941s] INFO:colcon.colcon_core.shell:Creating environment hook '/root/aerostack2_ws/install/as2_gazebo_assets/share/as2_gazebo_assets/hook/ld_library_path_lib.sh'
[5.942s] Level 1:colcon.colcon_core.environment:checking '/root/aerostack2_ws/install/as2_gazebo_assets/bin'
[5.942s] Level 1:colcon.colcon_core.environment:checking '/root/aerostack2_ws/install/as2_gazebo_assets/lib/pkgconfig/as2_gazebo_assets.pc'
[5.942s] Level 1:colcon.colcon_core.environment:checking '/root/aerostack2_ws/install/as2_gazebo_assets/lib/python3.10/site-packages'
[5.942s] Level 1:colcon.colcon_core.environment:checking '/root/aerostack2_ws/install/as2_gazebo_assets/bin'
[5.943s] INFO:colcon.colcon_core.shell:Creating package script '/root/aerostack2_ws/install/as2_gazebo_assets/share/as2_gazebo_assets/package.ps1'
[5.943s] INFO:colcon.colcon_core.shell:Creating package descriptor '/root/aerostack2_ws/install/as2_gazebo_assets/share/as2_gazebo_assets/package.dsv'
[5.944s] INFO:colcon.colcon_core.shell:Creating package script '/root/aerostack2_ws/install/as2_gazebo_assets/share/as2_gazebo_assets/package.sh'
[5.944s] INFO:colcon.colcon_core.shell:Creating package script '/root/aerostack2_ws/install/as2_gazebo_assets/share/as2_gazebo_assets/package.bash'
[5.945s] INFO:colcon.colcon_core.shell:Creating package script '/root/aerostack2_ws/install/as2_gazebo_assets/share/as2_gazebo_assets/package.zsh'
[5.946s] Level 1:colcon.colcon_core.environment:create_file_with_runtime_dependencies(/root/aerostack2_ws/install/as2_gazebo_assets/share/colcon-core/packages/as2_gazebo_assets)
[5.950s] INFO:colcon.colcon_ros.task.ament_cmake.build:Building ROS package in '/root/aerostack2_ws/src/aerostack2/as2_aerial_platforms/as2_platform_gazebo' with build type 'ament_cmake'
[5.950s] INFO:colcon.colcon_cmake.task.cmake.build:Building CMake package in '/root/aerostack2_ws/src/aerostack2/as2_aerial_platforms/as2_platform_gazebo'
[5.950s] INFO:colcon.colcon_core.shell:Skip shell extension 'powershell' for command environment: Not usable outside of PowerShell
[5.950s] DEBUG:colcon.colcon_core.shell:Skip shell extension 'dsv' for command environment
[5.951s] DEBUG:colcon.colcon_core.event_handler.log_command:Invoking command in '/root/aerostack2_ws/build/as2_behaviors_motion': CMAKE_PREFIX_PATH=/root/aerostack2_ws/install/as2_motion_reference_handlers:/root/aerostack2_ws/install/as2_behavior:/root/aerostack2_ws/install/as2_core:/root/aerostack2_ws/install/as2_msgs:/root/aerostack2_ws/install/rmf_demos_gz_classic:/root/aerostack2_ws/install/rmf_demos_gz:/root/aerostack2_ws/install/rmf_demos:/root/aerostack2_ws/install/rmf_demos_maps:/root/aerostack2_ws/install/aerostack2:/root/aerostack2_ws/install/as2_usb_camera_interface:/root/aerostack2_ws/install/as2_state_estimator:/root/aerostack2_ws/install/as2_rviz_plugins:/root/aerostack2_ws/install/as2_realsense_interface:/root/aerostack2_ws/install/as2_platform_multirotor_simulator:/root/aerostack2_ws/install/as2_platform_gazebo:/root/aerostack2_ws/install/as2_motion_controller:/root/aerostack2_ws/install/as2_behaviors_trajectory_generation:/root/aerostack2_ws/install/as2_behaviors_swarm_flocking:/root/aerostack2_ws/install/as2_behaviors_motion:/root/aerostack2_ws/install/as2_map_server:/root/aerostack2_ws/install/as2_geozones:/root/aerostack2_ws/install/as2_gazebo_assets:/root/aerostack2_ws/install/as2_external_object_to_tf:/root/aerostack2_ws/install/as2_behaviors_platform:/root/aerostack2_ws/install/as2_behaviors_perception:/root/aerostack2_ws/install/as2_behaviors_path_planning:/root/aerostack2_ws/install/as2_behavior_tree:/root/aerostack2_ws/install/as2_alphanumeric_viewer:/root/aerostack2_ws/install/as2_cli:/root/aerostack2_ws/install/rmf_demos_tasks:/root/aerostack2_ws/install/rmf_demos_panel:/root/aerostack2_ws/install/rmf_demos_fleet_adapter:/root/aerostack2_ws/install/rmf_demos_dashboard_resources:/root/aerostack2_ws/install/rmf_demos_bridges:/root/aerostack2_ws/install/rmf_demos_assets:/root/aerostack2_ws/install/as2_visualization:/root/aerostack2_ws/install/as2_swarm_perception:/root/aerostack2_ws/install/as2_swarm_fusion_ci:/root/aerostack2_ws/install/as2_swarm_ekf:/root/aerostack2_ws/install/as2_keyboard_teleoperation:/root/aerostack2_ws/install/as2_python_api:/root/aerostack2_ws/install/as2_project_bringup:/root/aerostack2_ws/install/as2_perception:/root/aerostack2_ws/install/as2_groundray_perception:/opt/ros/humble LD_LIBRARY_PATH=/root/aerostack2_ws/install/as2_behavior/lib:/root/aerostack2_ws/install/as2_core/lib:/root/aerostack2_ws/install/as2_msgs/lib:/root/aerostack2_ws/install/as2_state_estimator/lib:/root/aerostack2_ws/install/as2_python_api/lib:/root/aerostack2_ws/install/as2_motion_controller/lib:/root/aerostack2_ws/install/as2_behaviors_trajectory_generation/lib:/root/aerostack2_ws/install/as2_behaviors_swarm_flocking/lib:/root/aerostack2_ws/install/as2_behaviors_motion/lib:/root/aerostack2_ws/install/as2_motion_reference_handlers/lib:/root/aerostack2_ws/install/as2_map_server/lib:/root/aerostack2_ws/install/as2_gazebo_assets/lib:/root/aerostack2_ws/install/as2_behaviors_perception/lib:/root/aerostack2_ws/install/as2_behaviors_path_planning/lib:/root/aerostack2_ws/install/as2_behavior_tree/lib:/opt/ros/humble/opt/rviz_ogre_vendor/lib:/opt/ros/humble/lib/x86_64-linux-gnu:/opt/ros/humble/lib /usr/bin/cmake --build /root/aerostack2_ws/build/as2_behaviors_motion -- -j8 -l8
[5.959s] INFO:colcon.colcon_ros.task.ament_cmake.build:Building ROS package in '/root/aerostack2_ws/src/aerostack2/as2_user_interfaces/as2_visualization/as2_rviz_plugins' with build type 'ament_cmake'
[5.959s] INFO:colcon.colcon_cmake.task.cmake.build:Building CMake package in '/root/aerostack2_ws/src/aerostack2/as2_user_interfaces/as2_visualization/as2_rviz_plugins'
[5.960s] INFO:colcon.colcon_core.shell:Skip shell extension 'powershell' for command environment: Not usable outside of PowerShell
[5.960s] DEBUG:colcon.colcon_core.shell:Skip shell extension 'dsv' for command environment
[5.977s] DEBUG:colcon.colcon_core.event_handler.log_command:Invoking command in '/root/aerostack2_ws/build/as2_behaviors_platform': CMAKE_PREFIX_PATH=/root/aerostack2_ws/install/as2_behavior:/root/aerostack2_ws/install/as2_core:/root/aerostack2_ws/install/as2_msgs:/root/aerostack2_ws/install/rmf_demos_gz_classic:/root/aerostack2_ws/install/rmf_demos_gz:/root/aerostack2_ws/install/rmf_demos:/root/aerostack2_ws/install/rmf_demos_maps:/root/aerostack2_ws/install/aerostack2:/root/aerostack2_ws/install/as2_usb_camera_interface:/root/aerostack2_ws/install/as2_state_estimator:/root/aerostack2_ws/install/as2_rviz_plugins:/root/aerostack2_ws/install/as2_realsense_interface:/root/aerostack2_ws/install/as2_platform_multirotor_simulator:/root/aerostack2_ws/install/as2_platform_gazebo:/root/aerostack2_ws/install/as2_motion_controller:/root/aerostack2_ws/install/as2_behaviors_trajectory_generation:/root/aerostack2_ws/install/as2_behaviors_swarm_flocking:/root/aerostack2_ws/install/as2_behaviors_motion:/root/aerostack2_ws/install/as2_motion_reference_handlers:/root/aerostack2_ws/install/as2_map_server:/root/aerostack2_ws/install/as2_geozones:/root/aerostack2_ws/install/as2_gazebo_assets:/root/aerostack2_ws/install/as2_external_object_to_tf:/root/aerostack2_ws/install/as2_behaviors_platform:/root/aerostack2_ws/install/as2_behaviors_perception:/root/aerostack2_ws/install/as2_behaviors_path_planning:/root/aerostack2_ws/install/as2_behavior_tree:/root/aerostack2_ws/install/as2_alphanumeric_viewer:/root/aerostack2_ws/install/as2_cli:/root/aerostack2_ws/install/rmf_demos_tasks:/root/aerostack2_ws/install/rmf_demos_panel:/root/aerostack2_ws/install/rmf_demos_fleet_adapter:/root/aerostack2_ws/install/rmf_demos_dashboard_resources:/root/aerostack2_ws/install/rmf_demos_bridges:/root/aerostack2_ws/install/rmf_demos_assets:/root/aerostack2_ws/install/as2_visualization:/root/aerostack2_ws/install/as2_swarm_perception:/root/aerostack2_ws/install/as2_swarm_fusion_ci:/root/aerostack2_ws/install/as2_swarm_ekf:/root/aerostack2_ws/install/as2_keyboard_teleoperation:/root/aerostack2_ws/install/as2_python_api:/root/aerostack2_ws/install/as2_project_bringup:/root/aerostack2_ws/install/as2_perception:/root/aerostack2_ws/install/as2_groundray_perception:/opt/ros/humble LD_LIBRARY_PATH=/root/aerostack2_ws/install/as2_behavior/lib:/root/aerostack2_ws/install/as2_core/lib:/root/aerostack2_ws/install/as2_msgs/lib:/root/aerostack2_ws/install/as2_state_estimator/lib:/root/aerostack2_ws/install/as2_python_api/lib:/root/aerostack2_ws/install/as2_motion_controller/lib:/root/aerostack2_ws/install/as2_behaviors_trajectory_generation/lib:/root/aerostack2_ws/install/as2_behaviors_swarm_flocking/lib:/root/aerostack2_ws/install/as2_behaviors_motion/lib:/root/aerostack2_ws/install/as2_motion_reference_handlers/lib:/root/aerostack2_ws/install/as2_map_server/lib:/root/aerostack2_ws/install/as2_gazebo_assets/lib:/root/aerostack2_ws/install/as2_behaviors_perception/lib:/root/aerostack2_ws/install/as2_behaviors_path_planning/lib:/root/aerostack2_ws/install/as2_behavior_tree/lib:/opt/ros/humble/opt/rviz_ogre_vendor/lib:/opt/ros/humble/lib/x86_64-linux-gnu:/opt/ros/humble/lib /usr/bin/cmake --build /root/aerostack2_ws/build/as2_behaviors_platform -- -j8 -l8
[5.981s] DEBUG:colcon.colcon_core.event_handler.log_command:Invoking command in '/root/aerostack2_ws/build/as2_behaviors_trajectory_generation': CMAKE_PREFIX_PATH=/root/aerostack2_ws/install/as2_motion_reference_handlers:/root/aerostack2_ws/install/as2_behavior:/root/aerostack2_ws/install/as2_core:/root/aerostack2_ws/install/as2_msgs:/root/aerostack2_ws/install/rmf_demos_gz_classic:/root/aerostack2_ws/install/rmf_demos_gz:/root/aerostack2_ws/install/rmf_demos:/root/aerostack2_ws/install/rmf_demos_maps:/root/aerostack2_ws/install/aerostack2:/root/aerostack2_ws/install/as2_usb_camera_interface:/root/aerostack2_ws/install/as2_state_estimator:/root/aerostack2_ws/install/as2_rviz_plugins:/root/aerostack2_ws/install/as2_realsense_interface:/root/aerostack2_ws/install/as2_platform_multirotor_simulator:/root/aerostack2_ws/install/as2_platform_gazebo:/root/aerostack2_ws/install/as2_motion_controller:/root/aerostack2_ws/install/as2_behaviors_trajectory_generation:/root/aerostack2_ws/install/as2_behaviors_swarm_flocking:/root/aerostack2_ws/install/as2_behaviors_motion:/root/aerostack2_ws/install/as2_map_server:/root/aerostack2_ws/install/as2_geozones:/root/aerostack2_ws/install/as2_gazebo_assets:/root/aerostack2_ws/install/as2_external_object_to_tf:/root/aerostack2_ws/install/as2_behaviors_platform:/root/aerostack2_ws/install/as2_behaviors_perception:/root/aerostack2_ws/install/as2_behaviors_path_planning:/root/aerostack2_ws/install/as2_behavior_tree:/root/aerostack2_ws/install/as2_alphanumeric_viewer:/root/aerostack2_ws/install/as2_cli:/root/aerostack2_ws/install/rmf_demos_tasks:/root/aerostack2_ws/install/rmf_demos_panel:/root/aerostack2_ws/install/rmf_demos_fleet_adapter:/root/aerostack2_ws/install/rmf_demos_dashboard_resources:/root/aerostack2_ws/install/rmf_demos_bridges:/root/aerostack2_ws/install/rmf_demos_assets:/root/aerostack2_ws/install/as2_visualization:/root/aerostack2_ws/install/as2_swarm_perception:/root/aerostack2_ws/install/as2_swarm_fusion_ci:/root/aerostack2_ws/install/as2_swarm_ekf:/root/aerostack2_ws/install/as2_keyboard_teleoperation:/root/aerostack2_ws/install/as2_python_api:/root/aerostack2_ws/install/as2_project_bringup:/root/aerostack2_ws/install/as2_perception:/root/aerostack2_ws/install/as2_groundray_perception:/opt/ros/humble LD_LIBRARY_PATH=/root/aerostack2_ws/install/as2_behavior/lib:/root/aerostack2_ws/install/as2_core/lib:/root/aerostack2_ws/install/as2_msgs/lib:/root/aerostack2_ws/install/as2_state_estimator/lib:/root/aerostack2_ws/install/as2_python_api/lib:/root/aerostack2_ws/install/as2_motion_controller/lib:/root/aerostack2_ws/install/as2_behaviors_trajectory_generation/lib:/root/aerostack2_ws/install/as2_behaviors_swarm_flocking/lib:/root/aerostack2_ws/install/as2_behaviors_motion/lib:/root/aerostack2_ws/install/as2_motion_reference_handlers/lib:/root/aerostack2_ws/install/as2_map_server/lib:/root/aerostack2_ws/install/as2_gazebo_assets/lib:/root/aerostack2_ws/install/as2_behaviors_perception/lib:/root/aerostack2_ws/install/as2_behaviors_path_planning/lib:/root/aerostack2_ws/install/as2_behavior_tree/lib:/opt/ros/humble/opt/rviz_ogre_vendor/lib:/opt/ros/humble/lib/x86_64-linux-gnu:/opt/ros/humble/lib /usr/bin/cmake --build /root/aerostack2_ws/build/as2_behaviors_trajectory_generation -- -j8 -l8
[5.990s] DEBUG:colcon.colcon_core.event_handler.log_command:Invoking command in '/root/aerostack2_ws/build/as2_motion_controller': CMAKE_PREFIX_PATH=/root/aerostack2_ws/install/as2_motion_reference_handlers:/root/aerostack2_ws/install/as2_core:/root/aerostack2_ws/install/as2_msgs:/root/aerostack2_ws/install/rmf_demos_gz_classic:/root/aerostack2_ws/install/rmf_demos_gz:/root/aerostack2_ws/install/rmf_demos:/root/aerostack2_ws/install/rmf_demos_maps:/root/aerostack2_ws/install/aerostack2:/root/aerostack2_ws/install/as2_usb_camera_interface:/root/aerostack2_ws/install/as2_state_estimator:/root/aerostack2_ws/install/as2_rviz_plugins:/root/aerostack2_ws/install/as2_realsense_interface:/root/aerostack2_ws/install/as2_platform_multirotor_simulator:/root/aerostack2_ws/install/as2_platform_gazebo:/root/aerostack2_ws/install/as2_motion_controller:/root/aerostack2_ws/install/as2_behaviors_trajectory_generation:/root/aerostack2_ws/install/as2_behaviors_swarm_flocking:/root/aerostack2_ws/install/as2_behaviors_motion:/root/aerostack2_ws/install/as2_map_server:/root/aerostack2_ws/install/as2_geozones:/root/aerostack2_ws/install/as2_gazebo_assets:/root/aerostack2_ws/install/as2_external_object_to_tf:/root/aerostack2_ws/install/as2_behaviors_platform:/root/aerostack2_ws/install/as2_behaviors_perception:/root/aerostack2_ws/install/as2_behaviors_path_planning:/root/aerostack2_ws/install/as2_behavior_tree:/root/aerostack2_ws/install/as2_behavior:/root/aerostack2_ws/install/as2_alphanumeric_viewer:/root/aerostack2_ws/install/as2_cli:/root/aerostack2_ws/install/rmf_demos_tasks:/root/aerostack2_ws/install/rmf_demos_panel:/root/aerostack2_ws/install/rmf_demos_fleet_adapter:/root/aerostack2_ws/install/rmf_demos_dashboard_resources:/root/aerostack2_ws/install/rmf_demos_bridges:/root/aerostack2_ws/install/rmf_demos_assets:/root/aerostack2_ws/install/as2_visualization:/root/aerostack2_ws/install/as2_swarm_perception:/root/aerostack2_ws/install/as2_swarm_fusion_ci:/root/aerostack2_ws/install/as2_swarm_ekf:/root/aerostack2_ws/install/as2_keyboard_teleoperation:/root/aerostack2_ws/install/as2_python_api:/root/aerostack2_ws/install/as2_project_bringup:/root/aerostack2_ws/install/as2_perception:/root/aerostack2_ws/install/as2_groundray_perception:/opt/ros/humble LD_LIBRARY_PATH=/root/aerostack2_ws/install/as2_core/lib:/root/aerostack2_ws/install/as2_msgs/lib:/root/aerostack2_ws/install/as2_state_estimator/lib:/root/aerostack2_ws/install/as2_python_api/lib:/root/aerostack2_ws/install/as2_motion_controller/lib:/root/aerostack2_ws/install/as2_behaviors_trajectory_generation/lib:/root/aerostack2_ws/install/as2_behaviors_swarm_flocking/lib:/root/aerostack2_ws/install/as2_behaviors_motion/lib:/root/aerostack2_ws/install/as2_motion_reference_handlers/lib:/root/aerostack2_ws/install/as2_map_server/lib:/root/aerostack2_ws/install/as2_gazebo_assets/lib:/root/aerostack2_ws/install/as2_behaviors_perception/lib:/root/aerostack2_ws/install/as2_behaviors_path_planning/lib:/root/aerostack2_ws/install/as2_behavior_tree/lib:/root/aerostack2_ws/install/as2_behavior/lib:/opt/ros/humble/opt/rviz_ogre_vendor/lib:/opt/ros/humble/lib/x86_64-linux-gnu:/opt/ros/humble/lib /usr/bin/cmake --build /root/aerostack2_ws/build/as2_motion_controller -- -j8 -l8
[6.003s] DEBUG:colcon.colcon_core.event_handler.log_command:Invoking command in '/root/aerostack2_ws/build/as2_platform_gazebo': CMAKE_PREFIX_PATH=/root/aerostack2_ws/install/as2_gazebo_assets:/root/aerostack2_ws/install/as2_core:/root/aerostack2_ws/install/as2_msgs:/root/aerostack2_ws/install/rmf_demos_gz_classic:/root/aerostack2_ws/install/rmf_demos_gz:/root/aerostack2_ws/install/rmf_demos:/root/aerostack2_ws/install/rmf_demos_maps:/root/aerostack2_ws/install/aerostack2:/root/aerostack2_ws/install/as2_usb_camera_interface:/root/aerostack2_ws/install/as2_state_estimator:/root/aerostack2_ws/install/as2_rviz_plugins:/root/aerostack2_ws/install/as2_realsense_interface:/root/aerostack2_ws/install/as2_platform_multirotor_simulator:/root/aerostack2_ws/install/as2_platform_gazebo:/root/aerostack2_ws/install/as2_motion_controller:/root/aerostack2_ws/install/as2_behaviors_trajectory_generation:/root/aerostack2_ws/install/as2_behaviors_swarm_flocking:/root/aerostack2_ws/install/as2_behaviors_motion:/root/aerostack2_ws/install/as2_motion_reference_handlers:/root/aerostack2_ws/install/as2_map_server:/root/aerostack2_ws/install/as2_geozones:/root/aerostack2_ws/install/as2_external_object_to_tf:/root/aerostack2_ws/install/as2_behaviors_platform:/root/aerostack2_ws/install/as2_behaviors_perception:/root/aerostack2_ws/install/as2_behaviors_path_planning:/root/aerostack2_ws/install/as2_behavior_tree:/root/aerostack2_ws/install/as2_behavior:/root/aerostack2_ws/install/as2_alphanumeric_viewer:/root/aerostack2_ws/install/as2_cli:/root/aerostack2_ws/install/rmf_demos_tasks:/root/aerostack2_ws/install/rmf_demos_panel:/root/aerostack2_ws/install/rmf_demos_fleet_adapter:/root/aerostack2_ws/install/rmf_demos_dashboard_resources:/root/aerostack2_ws/install/rmf_demos_bridges:/root/aerostack2_ws/install/rmf_demos_assets:/root/aerostack2_ws/install/as2_visualization:/root/aerostack2_ws/install/as2_swarm_perception:/root/aerostack2_ws/install/as2_swarm_fusion_ci:/root/aerostack2_ws/install/as2_swarm_ekf:/root/aerostack2_ws/install/as2_keyboard_teleoperation:/root/aerostack2_ws/install/as2_python_api:/root/aerostack2_ws/install/as2_project_bringup:/root/aerostack2_ws/install/as2_perception:/root/aerostack2_ws/install/as2_groundray_perception:/opt/ros/humble GZ_SIM_RESOURCE_PATH=/root/aerostack2_ws/install/as2_gazebo_assets/share/as2_ign_gazebo_assets/worlds:/root/aerostack2_ws/install/as2_gazebo_assets/share/as2_ign_gazebo_assets/models:${GZ_SIM_RESOURCE_PATH} GZ_VERSION=@GZ_VERSION@ LD_LIBRARY_PATH=/root/aerostack2_ws/install/as2_gazebo_assets/lib:/root/aerostack2_ws/install/as2_core/lib:/root/aerostack2_ws/install/as2_msgs/lib:/root/aerostack2_ws/install/as2_state_estimator/lib:/root/aerostack2_ws/install/as2_python_api/lib:/root/aerostack2_ws/install/as2_motion_controller/lib:/root/aerostack2_ws/install/as2_behaviors_trajectory_generation/lib:/root/aerostack2_ws/install/as2_behaviors_swarm_flocking/lib:/root/aerostack2_ws/install/as2_behaviors_motion/lib:/root/aerostack2_ws/install/as2_motion_reference_handlers/lib:/root/aerostack2_ws/install/as2_map_server/lib:/root/aerostack2_ws/install/as2_behaviors_perception/lib:/root/aerostack2_ws/install/as2_behaviors_path_planning/lib:/root/aerostack2_ws/install/as2_behavior_tree/lib:/root/aerostack2_ws/install/as2_behavior/lib:/opt/ros/humble/opt/rviz_ogre_vendor/lib:/opt/ros/humble/lib/x86_64-linux-gnu:/opt/ros/humble/lib /usr/bin/cmake --build /root/aerostack2_ws/build/as2_platform_gazebo -- -j8 -l8
[6.012s] DEBUG:colcon.colcon_core.event_handler.log_command:Invoking command in '/root/aerostack2_ws/build/as2_rviz_plugins': CMAKE_PREFIX_PATH=/root/aerostack2_ws/install/as2_motion_reference_handlers:/root/aerostack2_ws/install/as2_core:/root/aerostack2_ws/install/as2_msgs:/root/aerostack2_ws/install/rmf_demos_gz_classic:/root/aerostack2_ws/install/rmf_demos_gz:/root/aerostack2_ws/install/rmf_demos:/root/aerostack2_ws/install/rmf_demos_maps:/root/aerostack2_ws/install/aerostack2:/root/aerostack2_ws/install/as2_usb_camera_interface:/root/aerostack2_ws/install/as2_state_estimator:/root/aerostack2_ws/install/as2_rviz_plugins:/root/aerostack2_ws/install/as2_realsense_interface:/root/aerostack2_ws/install/as2_platform_multirotor_simulator:/root/aerostack2_ws/install/as2_platform_gazebo:/root/aerostack2_ws/install/as2_motion_controller:/root/aerostack2_ws/install/as2_behaviors_trajectory_generation:/root/aerostack2_ws/install/as2_behaviors_swarm_flocking:/root/aerostack2_ws/install/as2_behaviors_motion:/root/aerostack2_ws/install/as2_map_server:/root/aerostack2_ws/install/as2_geozones:/root/aerostack2_ws/install/as2_gazebo_assets:/root/aerostack2_ws/install/as2_external_object_to_tf:/root/aerostack2_ws/install/as2_behaviors_platform:/root/aerostack2_ws/install/as2_behaviors_perception:/root/aerostack2_ws/install/as2_behaviors_path_planning:/root/aerostack2_ws/install/as2_behavior_tree:/root/aerostack2_ws/install/as2_behavior:/root/aerostack2_ws/install/as2_alphanumeric_viewer:/root/aerostack2_ws/install/as2_cli:/root/aerostack2_ws/install/rmf_demos_tasks:/root/aerostack2_ws/install/rmf_demos_panel:/root/aerostack2_ws/install/rmf_demos_fleet_adapter:/root/aerostack2_ws/install/rmf_demos_dashboard_resources:/root/aerostack2_ws/install/rmf_demos_bridges:/root/aerostack2_ws/install/rmf_demos_assets:/root/aerostack2_ws/install/as2_visualization:/root/aerostack2_ws/install/as2_swarm_perception:/root/aerostack2_ws/install/as2_swarm_fusion_ci:/root/aerostack2_ws/install/as2_swarm_ekf:/root/aerostack2_ws/install/as2_keyboard_teleoperation:/root/aerostack2_ws/install/as2_python_api:/root/aerostack2_ws/install/as2_project_bringup:/root/aerostack2_ws/install/as2_perception:/root/aerostack2_ws/install/as2_groundray_perception:/opt/ros/humble LD_LIBRARY_PATH=/root/aerostack2_ws/install/as2_core/lib:/root/aerostack2_ws/install/as2_msgs/lib:/root/aerostack2_ws/install/as2_state_estimator/lib:/root/aerostack2_ws/install/as2_python_api/lib:/root/aerostack2_ws/install/as2_motion_controller/lib:/root/aerostack2_ws/install/as2_behaviors_trajectory_generation/lib:/root/aerostack2_ws/install/as2_behaviors_swarm_flocking/lib:/root/aerostack2_ws/install/as2_behaviors_motion/lib:/root/aerostack2_ws/install/as2_motion_reference_handlers/lib:/root/aerostack2_ws/install/as2_map_server/lib:/root/aerostack2_ws/install/as2_gazebo_assets/lib:/root/aerostack2_ws/install/as2_behaviors_perception/lib:/root/aerostack2_ws/install/as2_behaviors_path_planning/lib:/root/aerostack2_ws/install/as2_behavior_tree/lib:/root/aerostack2_ws/install/as2_behavior/lib:/opt/ros/humble/opt/rviz_ogre_vendor/lib:/opt/ros/humble/lib/x86_64-linux-gnu:/opt/ros/humble/lib /usr/bin/cmake --build /root/aerostack2_ws/build/as2_rviz_plugins -- -j8 -l8
[6.042s] DEBUG:colcon.colcon_core.event_handler.log_command:Invoked command in '/root/aerostack2_ws/build/as2_platform_multirotor_simulator' returned '0': CMAKE_PREFIX_PATH=/root/aerostack2_ws/install/as2_core:/root/aerostack2_ws/install/as2_msgs:/root/aerostack2_ws/install/rmf_demos_gz_classic:/root/aerostack2_ws/install/rmf_demos_gz:/root/aerostack2_ws/install/rmf_demos:/root/aerostack2_ws/install/rmf_demos_maps:/root/aerostack2_ws/install/aerostack2:/root/aerostack2_ws/install/as2_usb_camera_interface:/root/aerostack2_ws/install/as2_state_estimator:/root/aerostack2_ws/install/as2_rviz_plugins:/root/aerostack2_ws/install/as2_realsense_interface:/root/aerostack2_ws/install/as2_platform_multirotor_simulator:/root/aerostack2_ws/install/as2_platform_gazebo:/root/aerostack2_ws/install/as2_motion_controller:/root/aerostack2_ws/install/as2_behaviors_trajectory_generation:/root/aerostack2_ws/install/as2_behaviors_swarm_flocking:/root/aerostack2_ws/install/as2_behaviors_motion:/root/aerostack2_ws/install/as2_motion_reference_handlers:/root/aerostack2_ws/install/as2_map_server:/root/aerostack2_ws/install/as2_geozones:/root/aerostack2_ws/install/as2_gazebo_assets:/root/aerostack2_ws/install/as2_external_object_to_tf:/root/aerostack2_ws/install/as2_behaviors_platform:/root/aerostack2_ws/install/as2_behaviors_perception:/root/aerostack2_ws/install/as2_behaviors_path_planning:/root/aerostack2_ws/install/as2_behavior_tree:/root/aerostack2_ws/install/as2_behavior:/root/aerostack2_ws/install/as2_alphanumeric_viewer:/root/aerostack2_ws/install/as2_cli:/root/aerostack2_ws/install/rmf_demos_tasks:/root/aerostack2_ws/install/rmf_demos_panel:/root/aerostack2_ws/install/rmf_demos_fleet_adapter:/root/aerostack2_ws/install/rmf_demos_dashboard_resources:/root/aerostack2_ws/install/rmf_demos_bridges:/root/aerostack2_ws/install/rmf_demos_assets:/root/aerostack2_ws/install/as2_visualization:/root/aerostack2_ws/install/as2_swarm_perception:/root/aerostack2_ws/install/as2_swarm_fusion_ci:/root/aerostack2_ws/install/as2_swarm_ekf:/root/aerostack2_ws/install/as2_keyboard_teleoperation:/root/aerostack2_ws/install/as2_python_api:/root/aerostack2_ws/install/as2_project_bringup:/root/aerostack2_ws/install/as2_perception:/root/aerostack2_ws/install/as2_groundray_perception:/opt/ros/humble LD_LIBRARY_PATH=/root/aerostack2_ws/install/as2_core/lib:/root/aerostack2_ws/install/as2_msgs/lib:/root/aerostack2_ws/install/as2_state_estimator/lib:/root/aerostack2_ws/install/as2_python_api/lib:/root/aerostack2_ws/install/as2_motion_controller/lib:/root/aerostack2_ws/install/as2_behaviors_trajectory_generation/lib:/root/aerostack2_ws/install/as2_behaviors_swarm_flocking/lib:/root/aerostack2_ws/install/as2_behaviors_motion/lib:/root/aerostack2_ws/install/as2_motion_reference_handlers/lib:/root/aerostack2_ws/install/as2_map_server/lib:/root/aerostack2_ws/install/as2_gazebo_assets/lib:/root/aerostack2_ws/install/as2_behaviors_perception/lib:/root/aerostack2_ws/install/as2_behaviors_path_planning/lib:/root/aerostack2_ws/install/as2_behavior_tree/lib:/root/aerostack2_ws/install/as2_behavior/lib:/opt/ros/humble/opt/rviz_ogre_vendor/lib:/opt/ros/humble/lib/x86_64-linux-gnu:/opt/ros/humble/lib /usr/bin/cmake --build /root/aerostack2_ws/build/as2_platform_multirotor_simulator -- -j8 -l8
[6.047s] DEBUG:colcon.colcon_core.event_handler.log_command:Invoking command in '/root/aerostack2_ws/build/as2_platform_multirotor_simulator': CMAKE_PREFIX_PATH=/root/aerostack2_ws/install/as2_core:/root/aerostack2_ws/install/as2_msgs:/root/aerostack2_ws/install/rmf_demos_gz_classic:/root/aerostack2_ws/install/rmf_demos_gz:/root/aerostack2_ws/install/rmf_demos:/root/aerostack2_ws/install/rmf_demos_maps:/root/aerostack2_ws/install/aerostack2:/root/aerostack2_ws/install/as2_usb_camera_interface:/root/aerostack2_ws/install/as2_state_estimator:/root/aerostack2_ws/install/as2_rviz_plugins:/root/aerostack2_ws/install/as2_realsense_interface:/root/aerostack2_ws/install/as2_platform_multirotor_simulator:/root/aerostack2_ws/install/as2_platform_gazebo:/root/aerostack2_ws/install/as2_motion_controller:/root/aerostack2_ws/install/as2_behaviors_trajectory_generation:/root/aerostack2_ws/install/as2_behaviors_swarm_flocking:/root/aerostack2_ws/install/as2_behaviors_motion:/root/aerostack2_ws/install/as2_motion_reference_handlers:/root/aerostack2_ws/install/as2_map_server:/root/aerostack2_ws/install/as2_geozones:/root/aerostack2_ws/install/as2_gazebo_assets:/root/aerostack2_ws/install/as2_external_object_to_tf:/root/aerostack2_ws/install/as2_behaviors_platform:/root/aerostack2_ws/install/as2_behaviors_perception:/root/aerostack2_ws/install/as2_behaviors_path_planning:/root/aerostack2_ws/install/as2_behavior_tree:/root/aerostack2_ws/install/as2_behavior:/root/aerostack2_ws/install/as2_alphanumeric_viewer:/root/aerostack2_ws/install/as2_cli:/root/aerostack2_ws/install/rmf_demos_tasks:/root/aerostack2_ws/install/rmf_demos_panel:/root/aerostack2_ws/install/rmf_demos_fleet_adapter:/root/aerostack2_ws/install/rmf_demos_dashboard_resources:/root/aerostack2_ws/install/rmf_demos_bridges:/root/aerostack2_ws/install/rmf_demos_assets:/root/aerostack2_ws/install/as2_visualization:/root/aerostack2_ws/install/as2_swarm_perception:/root/aerostack2_ws/install/as2_swarm_fusion_ci:/root/aerostack2_ws/install/as2_swarm_ekf:/root/aerostack2_ws/install/as2_keyboard_teleoperation:/root/aerostack2_ws/install/as2_python_api:/root/aerostack2_ws/install/as2_project_bringup:/root/aerostack2_ws/install/as2_perception:/root/aerostack2_ws/install/as2_groundray_perception:/opt/ros/humble LD_LIBRARY_PATH=/root/aerostack2_ws/install/as2_core/lib:/root/aerostack2_ws/install/as2_msgs/lib:/root/aerostack2_ws/install/as2_state_estimator/lib:/root/aerostack2_ws/install/as2_python_api/lib:/root/aerostack2_ws/install/as2_motion_controller/lib:/root/aerostack2_ws/install/as2_behaviors_trajectory_generation/lib:/root/aerostack2_ws/install/as2_behaviors_swarm_flocking/lib:/root/aerostack2_ws/install/as2_behaviors_motion/lib:/root/aerostack2_ws/install/as2_motion_reference_handlers/lib:/root/aerostack2_ws/install/as2_map_server/lib:/root/aerostack2_ws/install/as2_gazebo_assets/lib:/root/aerostack2_ws/install/as2_behaviors_perception/lib:/root/aerostack2_ws/install/as2_behaviors_path_planning/lib:/root/aerostack2_ws/install/as2_behavior_tree/lib:/root/aerostack2_ws/install/as2_behavior/lib:/opt/ros/humble/opt/rviz_ogre_vendor/lib:/opt/ros/humble/lib/x86_64-linux-gnu:/opt/ros/humble/lib /usr/bin/cmake --install /root/aerostack2_ws/build/as2_platform_multirotor_simulator
[6.214s] DEBUG:colcon.colcon_core.event_handler.log_command:Invoked command in '/root/aerostack2_ws/build/as2_rviz_plugins' returned '0': CMAKE_PREFIX_PATH=/root/aerostack2_ws/install/as2_motion_reference_handlers:/root/aerostack2_ws/install/as2_core:/root/aerostack2_ws/install/as2_msgs:/root/aerostack2_ws/install/rmf_demos_gz_classic:/root/aerostack2_ws/install/rmf_demos_gz:/root/aerostack2_ws/install/rmf_demos:/root/aerostack2_ws/install/rmf_demos_maps:/root/aerostack2_ws/install/aerostack2:/root/aerostack2_ws/install/as2_usb_camera_interface:/root/aerostack2_ws/install/as2_state_estimator:/root/aerostack2_ws/install/as2_rviz_plugins:/root/aerostack2_ws/install/as2_realsense_interface:/root/aerostack2_ws/install/as2_platform_multirotor_simulator:/root/aerostack2_ws/install/as2_platform_gazebo:/root/aerostack2_ws/install/as2_motion_controller:/root/aerostack2_ws/install/as2_behaviors_trajectory_generation:/root/aerostack2_ws/install/as2_behaviors_swarm_flocking:/root/aerostack2_ws/install/as2_behaviors_motion:/root/aerostack2_ws/install/as2_map_server:/root/aerostack2_ws/install/as2_geozones:/root/aerostack2_ws/install/as2_gazebo_assets:/root/aerostack2_ws/install/as2_external_object_to_tf:/root/aerostack2_ws/install/as2_behaviors_platform:/root/aerostack2_ws/install/as2_behaviors_perception:/root/aerostack2_ws/install/as2_behaviors_path_planning:/root/aerostack2_ws/install/as2_behavior_tree:/root/aerostack2_ws/install/as2_behavior:/root/aerostack2_ws/install/as2_alphanumeric_viewer:/root/aerostack2_ws/install/as2_cli:/root/aerostack2_ws/install/rmf_demos_tasks:/root/aerostack2_ws/install/rmf_demos_panel:/root/aerostack2_ws/install/rmf_demos_fleet_adapter:/root/aerostack2_ws/install/rmf_demos_dashboard_resources:/root/aerostack2_ws/install/rmf_demos_bridges:/root/aerostack2_ws/install/rmf_demos_assets:/root/aerostack2_ws/install/as2_visualization:/root/aerostack2_ws/install/as2_swarm_perception:/root/aerostack2_ws/install/as2_swarm_fusion_ci:/root/aerostack2_ws/install/as2_swarm_ekf:/root/aerostack2_ws/install/as2_keyboard_teleoperation:/root/aerostack2_ws/install/as2_python_api:/root/aerostack2_ws/install/as2_project_bringup:/root/aerostack2_ws/install/as2_perception:/root/aerostack2_ws/install/as2_groundray_perception:/opt/ros/humble LD_LIBRARY_PATH=/root/aerostack2_ws/install/as2_core/lib:/root/aerostack2_ws/install/as2_msgs/lib:/root/aerostack2_ws/install/as2_state_estimator/lib:/root/aerostack2_ws/install/as2_python_api/lib:/root/aerostack2_ws/install/as2_motion_controller/lib:/root/aerostack2_ws/install/as2_behaviors_trajectory_generation/lib:/root/aerostack2_ws/install/as2_behaviors_swarm_flocking/lib:/root/aerostack2_ws/install/as2_behaviors_motion/lib:/root/aerostack2_ws/install/as2_motion_reference_handlers/lib:/root/aerostack2_ws/install/as2_map_server/lib:/root/aerostack2_ws/install/as2_gazebo_assets/lib:/root/aerostack2_ws/install/as2_behaviors_perception/lib:/root/aerostack2_ws/install/as2_behaviors_path_planning/lib:/root/aerostack2_ws/install/as2_behavior_tree/lib:/root/aerostack2_ws/install/as2_behavior/lib:/opt/ros/humble/opt/rviz_ogre_vendor/lib:/opt/ros/humble/lib/x86_64-linux-gnu:/opt/ros/humble/lib /usr/bin/cmake --build /root/aerostack2_ws/build/as2_rviz_plugins -- -j8 -l8
[6.221s] Level 1:colcon.colcon_core.environment:create_environment_scripts_only(as2_platform_multirotor_simulator)
[6.221s] Level 1:colcon.colcon_core.environment:checking '/root/aerostack2_ws/install/as2_platform_multirotor_simulator' for CMake module files
[6.222s] Level 1:colcon.colcon_core.environment:checking '/root/aerostack2_ws/install/as2_platform_multirotor_simulator' for CMake config files
[6.222s] Level 1:colcon.colcon_core.shell:create_environment_hook('as2_platform_multirotor_simulator', 'cmake_prefix_path')
[6.223s] INFO:colcon.colcon_core.shell:Creating environment hook '/root/aerostack2_ws/install/as2_platform_multirotor_simulator/share/as2_platform_multirotor_simulator/hook/cmake_prefix_path.ps1'
[6.225s] INFO:colcon.colcon_core.shell:Creating environment descriptor '/root/aerostack2_ws/install/as2_platform_multirotor_simulator/share/as2_platform_multirotor_simulator/hook/cmake_prefix_path.dsv'
[6.225s] INFO:colcon.colcon_core.shell:Creating environment hook '/root/aerostack2_ws/install/as2_platform_multirotor_simulator/share/as2_platform_multirotor_simulator/hook/cmake_prefix_path.sh'
[6.229s] Level 1:colcon.colcon_core.environment:checking '/root/aerostack2_ws/install/as2_platform_multirotor_simulator/lib'
[6.230s] Level 1:colcon.colcon_core.environment:checking '/root/aerostack2_ws/install/as2_platform_multirotor_simulator/bin'
[6.230s] Level 1:colcon.colcon_core.environment:checking '/root/aerostack2_ws/install/as2_platform_multirotor_simulator/lib/pkgconfig/as2_platform_multirotor_simulator.pc'
[6.230s] Level 1:colcon.colcon_core.environment:checking '/root/aerostack2_ws/install/as2_platform_multirotor_simulator/lib/python3.10/site-packages'
[6.231s] Level 1:colcon.colcon_core.environment:checking '/root/aerostack2_ws/install/as2_platform_multirotor_simulator/bin'
[6.229s] DEBUG:colcon.colcon_core.event_handler.log_command:Invoking command in '/root/aerostack2_ws/build/as2_rviz_plugins': CMAKE_PREFIX_PATH=/root/aerostack2_ws/install/as2_motion_reference_handlers:/root/aerostack2_ws/install/as2_core:/root/aerostack2_ws/install/as2_msgs:/root/aerostack2_ws/install/rmf_demos_gz_classic:/root/aerostack2_ws/install/rmf_demos_gz:/root/aerostack2_ws/install/rmf_demos:/root/aerostack2_ws/install/rmf_demos_maps:/root/aerostack2_ws/install/aerostack2:/root/aerostack2_ws/install/as2_usb_camera_interface:/root/aerostack2_ws/install/as2_state_estimator:/root/aerostack2_ws/install/as2_rviz_plugins:/root/aerostack2_ws/install/as2_realsense_interface:/root/aerostack2_ws/install/as2_platform_multirotor_simulator:/root/aerostack2_ws/install/as2_platform_gazebo:/root/aerostack2_ws/install/as2_motion_controller:/root/aerostack2_ws/install/as2_behaviors_trajectory_generation:/root/aerostack2_ws/install/as2_behaviors_swarm_flocking:/root/aerostack2_ws/install/as2_behaviors_motion:/root/aerostack2_ws/install/as2_map_server:/root/aerostack2_ws/install/as2_geozones:/root/aerostack2_ws/install/as2_gazebo_assets:/root/aerostack2_ws/install/as2_external_object_to_tf:/root/aerostack2_ws/install/as2_behaviors_platform:/root/aerostack2_ws/install/as2_behaviors_perception:/root/aerostack2_ws/install/as2_behaviors_path_planning:/root/aerostack2_ws/install/as2_behavior_tree:/root/aerostack2_ws/install/as2_behavior:/root/aerostack2_ws/install/as2_alphanumeric_viewer:/root/aerostack2_ws/install/as2_cli:/root/aerostack2_ws/install/rmf_demos_tasks:/root/aerostack2_ws/install/rmf_demos_panel:/root/aerostack2_ws/install/rmf_demos_fleet_adapter:/root/aerostack2_ws/install/rmf_demos_dashboard_resources:/root/aerostack2_ws/install/rmf_demos_bridges:/root/aerostack2_ws/install/rmf_demos_assets:/root/aerostack2_ws/install/as2_visualization:/root/aerostack2_ws/install/as2_swarm_perception:/root/aerostack2_ws/install/as2_swarm_fusion_ci:/root/aerostack2_ws/install/as2_swarm_ekf:/root/aerostack2_ws/install/as2_keyboard_teleoperation:/root/aerostack2_ws/install/as2_python_api:/root/aerostack2_ws/install/as2_project_bringup:/root/aerostack2_ws/install/as2_perception:/root/aerostack2_ws/install/as2_groundray_perception:/opt/ros/humble LD_LIBRARY_PATH=/root/aerostack2_ws/install/as2_core/lib:/root/aerostack2_ws/install/as2_msgs/lib:/root/aerostack2_ws/install/as2_state_estimator/lib:/root/aerostack2_ws/install/as2_python_api/lib:/root/aerostack2_ws/install/as2_motion_controller/lib:/root/aerostack2_ws/install/as2_behaviors_trajectory_generation/lib:/root/aerostack2_ws/install/as2_behaviors_swarm_flocking/lib:/root/aerostack2_ws/install/as2_behaviors_motion/lib:/root/aerostack2_ws/install/as2_motion_reference_handlers/lib:/root/aerostack2_ws/install/as2_map_server/lib:/root/aerostack2_ws/install/as2_gazebo_assets/lib:/root/aerostack2_ws/install/as2_behaviors_perception/lib:/root/aerostack2_ws/install/as2_behaviors_path_planning/lib:/root/aerostack2_ws/install/as2_behavior_tree/lib:/root/aerostack2_ws/install/as2_behavior/lib:/opt/ros/humble/opt/rviz_ogre_vendor/lib:/opt/ros/humble/lib/x86_64-linux-gnu:/opt/ros/humble/lib /usr/bin/cmake --install /root/aerostack2_ws/build/as2_rviz_plugins
[6.231s] INFO:colcon.colcon_core.shell:Creating package script '/root/aerostack2_ws/install/as2_platform_multirotor_simulator/share/as2_platform_multirotor_simulator/package.ps1'
[6.233s] INFO:colcon.colcon_core.shell:Creating package descriptor '/root/aerostack2_ws/install/as2_platform_multirotor_simulator/share/as2_platform_multirotor_simulator/package.dsv'
[6.237s] DEBUG:colcon.colcon_core.event_handler.log_command:Invoked command in '/root/aerostack2_ws/build/as2_platform_multirotor_simulator' returned '0': CMAKE_PREFIX_PATH=/root/aerostack2_ws/install/as2_core:/root/aerostack2_ws/install/as2_msgs:/root/aerostack2_ws/install/rmf_demos_gz_classic:/root/aerostack2_ws/install/rmf_demos_gz:/root/aerostack2_ws/install/rmf_demos:/root/aerostack2_ws/install/rmf_demos_maps:/root/aerostack2_ws/install/aerostack2:/root/aerostack2_ws/install/as2_usb_camera_interface:/root/aerostack2_ws/install/as2_state_estimator:/root/aerostack2_ws/install/as2_rviz_plugins:/root/aerostack2_ws/install/as2_realsense_interface:/root/aerostack2_ws/install/as2_platform_multirotor_simulator:/root/aerostack2_ws/install/as2_platform_gazebo:/root/aerostack2_ws/install/as2_motion_controller:/root/aerostack2_ws/install/as2_behaviors_trajectory_generation:/root/aerostack2_ws/install/as2_behaviors_swarm_flocking:/root/aerostack2_ws/install/as2_behaviors_motion:/root/aerostack2_ws/install/as2_motion_reference_handlers:/root/aerostack2_ws/install/as2_map_server:/root/aerostack2_ws/install/as2_geozones:/root/aerostack2_ws/install/as2_gazebo_assets:/root/aerostack2_ws/install/as2_external_object_to_tf:/root/aerostack2_ws/install/as2_behaviors_platform:/root/aerostack2_ws/install/as2_behaviors_perception:/root/aerostack2_ws/install/as2_behaviors_path_planning:/root/aerostack2_ws/install/as2_behavior_tree:/root/aerostack2_ws/install/as2_behavior:/root/aerostack2_ws/install/as2_alphanumeric_viewer:/root/aerostack2_ws/install/as2_cli:/root/aerostack2_ws/install/rmf_demos_tasks:/root/aerostack2_ws/install/rmf_demos_panel:/root/aerostack2_ws/install/rmf_demos_fleet_adapter:/root/aerostack2_ws/install/rmf_demos_dashboard_resources:/root/aerostack2_ws/install/rmf_demos_bridges:/root/aerostack2_ws/install/rmf_demos_assets:/root/aerostack2_ws/install/as2_visualization:/root/aerostack2_ws/install/as2_swarm_perception:/root/aerostack2_ws/install/as2_swarm_fusion_ci:/root/aerostack2_ws/install/as2_swarm_ekf:/root/aerostack2_ws/install/as2_keyboard_teleoperation:/root/aerostack2_ws/install/as2_python_api:/root/aerostack2_ws/install/as2_project_bringup:/root/aerostack2_ws/install/as2_perception:/root/aerostack2_ws/install/as2_groundray_perception:/opt/ros/humble LD_LIBRARY_PATH=/root/aerostack2_ws/install/as2_core/lib:/root/aerostack2_ws/install/as2_msgs/lib:/root/aerostack2_ws/install/as2_state_estimator/lib:/root/aerostack2_ws/install/as2_python_api/lib:/root/aerostack2_ws/install/as2_motion_controller/lib:/root/aerostack2_ws/install/as2_behaviors_trajectory_generation/lib:/root/aerostack2_ws/install/as2_behaviors_swarm_flocking/lib:/root/aerostack2_ws/install/as2_behaviors_motion/lib:/root/aerostack2_ws/install/as2_motion_reference_handlers/lib:/root/aerostack2_ws/install/as2_map_server/lib:/root/aerostack2_ws/install/as2_gazebo_assets/lib:/root/aerostack2_ws/install/as2_behaviors_perception/lib:/root/aerostack2_ws/install/as2_behaviors_path_planning/lib:/root/aerostack2_ws/install/as2_behavior_tree/lib:/root/aerostack2_ws/install/as2_behavior/lib:/opt/ros/humble/opt/rviz_ogre_vendor/lib:/opt/ros/humble/lib/x86_64-linux-gnu:/opt/ros/humble/lib /usr/bin/cmake --install /root/aerostack2_ws/build/as2_platform_multirotor_simulator
[6.240s] INFO:colcon.colcon_core.shell:Creating package script '/root/aerostack2_ws/install/as2_platform_multirotor_simulator/share/as2_platform_multirotor_simulator/package.sh'
[6.241s] INFO:colcon.colcon_core.shell:Creating package script '/root/aerostack2_ws/install/as2_platform_multirotor_simulator/share/as2_platform_multirotor_simulator/package.bash'
[6.242s] INFO:colcon.colcon_core.shell:Creating package script '/root/aerostack2_ws/install/as2_platform_multirotor_simulator/share/as2_platform_multirotor_simulator/package.zsh'
[6.242s] Level 1:colcon.colcon_core.environment:create_file_with_runtime_dependencies(/root/aerostack2_ws/install/as2_platform_multirotor_simulator/share/colcon-core/packages/as2_platform_multirotor_simulator)
[6.244s] Level 1:colcon.colcon_core.environment:create_environment_scripts_only(as2_platform_multirotor_simulator)
[6.244s] Level 1:colcon.colcon_core.environment:checking '/root/aerostack2_ws/install/as2_platform_multirotor_simulator' for CMake module files
[6.245s] Level 1:colcon.colcon_core.environment:checking '/root/aerostack2_ws/install/as2_platform_multirotor_simulator' for CMake config files
[6.245s] Level 1:colcon.colcon_core.shell:create_environment_hook('as2_platform_multirotor_simulator', 'cmake_prefix_path')
[6.245s] INFO:colcon.colcon_core.shell:Creating environment hook '/root/aerostack2_ws/install/as2_platform_multirotor_simulator/share/as2_platform_multirotor_simulator/hook/cmake_prefix_path.ps1'
[6.247s] INFO:colcon.colcon_core.shell:Creating environment descriptor '/root/aerostack2_ws/install/as2_platform_multirotor_simulator/share/as2_platform_multirotor_simulator/hook/cmake_prefix_path.dsv'
[6.248s] INFO:colcon.colcon_core.shell:Creating environment hook '/root/aerostack2_ws/install/as2_platform_multirotor_simulator/share/as2_platform_multirotor_simulator/hook/cmake_prefix_path.sh'
[6.249s] Level 1:colcon.colcon_core.environment:checking '/root/aerostack2_ws/install/as2_platform_multirotor_simulator/lib'
[6.249s] Level 1:colcon.colcon_core.environment:checking '/root/aerostack2_ws/install/as2_platform_multirotor_simulator/bin'
[6.249s] Level 1:colcon.colcon_core.environment:checking '/root/aerostack2_ws/install/as2_platform_multirotor_simulator/lib/pkgconfig/as2_platform_multirotor_simulator.pc'
[6.249s] Level 1:colcon.colcon_core.environment:checking '/root/aerostack2_ws/install/as2_platform_multirotor_simulator/lib/python3.10/site-packages'
[6.250s] Level 1:colcon.colcon_core.environment:checking '/root/aerostack2_ws/install/as2_platform_multirotor_simulator/bin'
[6.250s] INFO:colcon.colcon_core.shell:Creating package script '/root/aerostack2_ws/install/as2_platform_multirotor_simulator/share/as2_platform_multirotor_simulator/package.ps1'
[6.251s] INFO:colcon.colcon_core.shell:Creating package descriptor '/root/aerostack2_ws/install/as2_platform_multirotor_simulator/share/as2_platform_multirotor_simulator/package.dsv'
[6.251s] INFO:colcon.colcon_core.shell:Creating package script '/root/aerostack2_ws/install/as2_platform_multirotor_simulator/share/as2_platform_multirotor_simulator/package.sh'
[6.254s] INFO:colcon.colcon_core.shell:Creating package script '/root/aerostack2_ws/install/as2_platform_multirotor_simulator/share/as2_platform_multirotor_simulator/package.bash'
[6.256s] INFO:colcon.colcon_core.shell:Creating package script '/root/aerostack2_ws/install/as2_platform_multirotor_simulator/share/as2_platform_multirotor_simulator/package.zsh'
[6.259s] Level 1:colcon.colcon_core.environment:create_file_with_runtime_dependencies(/root/aerostack2_ws/install/as2_platform_multirotor_simulator/share/colcon-core/packages/as2_platform_multirotor_simulator)
[6.260s] INFO:colcon.colcon_ros.task.ament_python.build:Building ROS package in '/root/aerostack2_ws/src/aerostack2/as2_user_interfaces/as2_visualization/as2_visualization' with build type 'ament_python'
[6.261s] Level 1:colcon.colcon_core.shell:create_environment_hook('as2_visualization', 'ament_prefix_path')
[6.261s] INFO:colcon.colcon_core.shell:Creating environment hook '/root/aerostack2_ws/install/as2_visualization/share/as2_visualization/hook/ament_prefix_path.ps1'
[6.263s] INFO:colcon.colcon_core.shell:Creating environment descriptor '/root/aerostack2_ws/install/as2_visualization/share/as2_visualization/hook/ament_prefix_path.dsv'
[6.265s] INFO:colcon.colcon_core.shell:Creating environment hook '/root/aerostack2_ws/install/as2_visualization/share/as2_visualization/hook/ament_prefix_path.sh'
[6.266s] INFO:colcon.colcon_core.shell:Skip shell extension 'powershell' for command environment: Not usable outside of PowerShell
[6.266s] DEBUG:colcon.colcon_core.shell:Skip shell extension 'dsv' for command environment
[6.286s] Level 1:colcon.colcon_core.environment:create_environment_scripts_only(as2_rviz_plugins)
[6.286s] Level 1:colcon.colcon_core.environment:checking '/root/aerostack2_ws/install/as2_rviz_plugins' for CMake module files
[6.287s] Level 1:colcon.colcon_core.environment:checking '/root/aerostack2_ws/install/as2_rviz_plugins' for CMake config files
[6.288s] Level 1:colcon.colcon_core.shell:create_environment_hook('as2_rviz_plugins', 'cmake_prefix_path')
[6.288s] INFO:colcon.colcon_core.shell:Creating environment hook '/root/aerostack2_ws/install/as2_rviz_plugins/share/as2_rviz_plugins/hook/cmake_prefix_path.ps1'
[6.290s] DEBUG:colcon.colcon_core.event_handler.log_command:Invoked command in '/root/aerostack2_ws/build/as2_rviz_plugins' returned '0': CMAKE_PREFIX_PATH=/root/aerostack2_ws/install/as2_motion_reference_handlers:/root/aerostack2_ws/install/as2_core:/root/aerostack2_ws/install/as2_msgs:/root/aerostack2_ws/install/rmf_demos_gz_classic:/root/aerostack2_ws/install/rmf_demos_gz:/root/aerostack2_ws/install/rmf_demos:/root/aerostack2_ws/install/rmf_demos_maps:/root/aerostack2_ws/install/aerostack2:/root/aerostack2_ws/install/as2_usb_camera_interface:/root/aerostack2_ws/install/as2_state_estimator:/root/aerostack2_ws/install/as2_rviz_plugins:/root/aerostack2_ws/install/as2_realsense_interface:/root/aerostack2_ws/install/as2_platform_multirotor_simulator:/root/aerostack2_ws/install/as2_platform_gazebo:/root/aerostack2_ws/install/as2_motion_controller:/root/aerostack2_ws/install/as2_behaviors_trajectory_generation:/root/aerostack2_ws/install/as2_behaviors_swarm_flocking:/root/aerostack2_ws/install/as2_behaviors_motion:/root/aerostack2_ws/install/as2_map_server:/root/aerostack2_ws/install/as2_geozones:/root/aerostack2_ws/install/as2_gazebo_assets:/root/aerostack2_ws/install/as2_external_object_to_tf:/root/aerostack2_ws/install/as2_behaviors_platform:/root/aerostack2_ws/install/as2_behaviors_perception:/root/aerostack2_ws/install/as2_behaviors_path_planning:/root/aerostack2_ws/install/as2_behavior_tree:/root/aerostack2_ws/install/as2_behavior:/root/aerostack2_ws/install/as2_alphanumeric_viewer:/root/aerostack2_ws/install/as2_cli:/root/aerostack2_ws/install/rmf_demos_tasks:/root/aerostack2_ws/install/rmf_demos_panel:/root/aerostack2_ws/install/rmf_demos_fleet_adapter:/root/aerostack2_ws/install/rmf_demos_dashboard_resources:/root/aerostack2_ws/install/rmf_demos_bridges:/root/aerostack2_ws/install/rmf_demos_assets:/root/aerostack2_ws/install/as2_visualization:/root/aerostack2_ws/install/as2_swarm_perception:/root/aerostack2_ws/install/as2_swarm_fusion_ci:/root/aerostack2_ws/install/as2_swarm_ekf:/root/aerostack2_ws/install/as2_keyboard_teleoperation:/root/aerostack2_ws/install/as2_python_api:/root/aerostack2_ws/install/as2_project_bringup:/root/aerostack2_ws/install/as2_perception:/root/aerostack2_ws/install/as2_groundray_perception:/opt/ros/humble LD_LIBRARY_PATH=/root/aerostack2_ws/install/as2_core/lib:/root/aerostack2_ws/install/as2_msgs/lib:/root/aerostack2_ws/install/as2_state_estimator/lib:/root/aerostack2_ws/install/as2_python_api/lib:/root/aerostack2_ws/install/as2_motion_controller/lib:/root/aerostack2_ws/install/as2_behaviors_trajectory_generation/lib:/root/aerostack2_ws/install/as2_behaviors_swarm_flocking/lib:/root/aerostack2_ws/install/as2_behaviors_motion/lib:/root/aerostack2_ws/install/as2_motion_reference_handlers/lib:/root/aerostack2_ws/install/as2_map_server/lib:/root/aerostack2_ws/install/as2_gazebo_assets/lib:/root/aerostack2_ws/install/as2_behaviors_perception/lib:/root/aerostack2_ws/install/as2_behaviors_path_planning/lib:/root/aerostack2_ws/install/as2_behavior_tree/lib:/root/aerostack2_ws/install/as2_behavior/lib:/opt/ros/humble/opt/rviz_ogre_vendor/lib:/opt/ros/humble/lib/x86_64-linux-gnu:/opt/ros/humble/lib /usr/bin/cmake --install /root/aerostack2_ws/build/as2_rviz_plugins
[6.291s] INFO:colcon.colcon_core.shell:Creating environment descriptor '/root/aerostack2_ws/install/as2_rviz_plugins/share/as2_rviz_plugins/hook/cmake_prefix_path.dsv'
[6.292s] INFO:colcon.colcon_core.shell:Creating environment hook '/root/aerostack2_ws/install/as2_rviz_plugins/share/as2_rviz_plugins/hook/cmake_prefix_path.sh'
[6.294s] Level 1:colcon.colcon_core.environment:checking '/root/aerostack2_ws/install/as2_rviz_plugins/lib'
[6.294s] Level 1:colcon.colcon_core.environment:checking '/root/aerostack2_ws/install/as2_rviz_plugins/bin'
[6.294s] Level 1:colcon.colcon_core.environment:checking '/root/aerostack2_ws/install/as2_rviz_plugins/lib/pkgconfig/as2_rviz_plugins.pc'
[6.295s] Level 1:colcon.colcon_core.environment:checking '/root/aerostack2_ws/install/as2_rviz_plugins/lib/python3.10/site-packages'
[6.296s] Level 1:colcon.colcon_core.environment:checking '/root/aerostack2_ws/install/as2_rviz_plugins/bin'
[6.296s] INFO:colcon.colcon_core.shell:Creating package script '/root/aerostack2_ws/install/as2_rviz_plugins/share/as2_rviz_plugins/package.ps1'
[6.298s] INFO:colcon.colcon_core.shell:Creating package descriptor '/root/aerostack2_ws/install/as2_rviz_plugins/share/as2_rviz_plugins/package.dsv'
[6.299s] INFO:colcon.colcon_core.shell:Creating package script '/root/aerostack2_ws/install/as2_rviz_plugins/share/as2_rviz_plugins/package.sh'
[6.300s] INFO:colcon.colcon_core.shell:Creating package script '/root/aerostack2_ws/install/as2_rviz_plugins/share/as2_rviz_plugins/package.bash'
[6.302s] INFO:colcon.colcon_core.shell:Creating package script '/root/aerostack2_ws/install/as2_rviz_plugins/share/as2_rviz_plugins/package.zsh'
[6.303s] Level 1:colcon.colcon_core.environment:create_file_with_runtime_dependencies(/root/aerostack2_ws/install/as2_rviz_plugins/share/colcon-core/packages/as2_rviz_plugins)
[6.304s] Level 1:colcon.colcon_core.environment:create_environment_scripts_only(as2_rviz_plugins)
[6.305s] Level 1:colcon.colcon_core.environment:checking '/root/aerostack2_ws/install/as2_rviz_plugins' for CMake module files
[6.306s] Level 1:colcon.colcon_core.environment:checking '/root/aerostack2_ws/install/as2_rviz_plugins' for CMake config files
[6.307s] Level 1:colcon.colcon_core.shell:create_environment_hook('as2_rviz_plugins', 'cmake_prefix_path')
[6.307s] INFO:colcon.colcon_core.shell:Creating environment hook '/root/aerostack2_ws/install/as2_rviz_plugins/share/as2_rviz_plugins/hook/cmake_prefix_path.ps1'
[6.308s] INFO:colcon.colcon_core.shell:Creating environment descriptor '/root/aerostack2_ws/install/as2_rviz_plugins/share/as2_rviz_plugins/hook/cmake_prefix_path.dsv'
[6.309s] INFO:colcon.colcon_core.shell:Creating environment hook '/root/aerostack2_ws/install/as2_rviz_plugins/share/as2_rviz_plugins/hook/cmake_prefix_path.sh'
[6.310s] Level 1:colcon.colcon_core.environment:checking '/root/aerostack2_ws/install/as2_rviz_plugins/lib'
[6.310s] Level 1:colcon.colcon_core.environment:checking '/root/aerostack2_ws/install/as2_rviz_plugins/bin'
[6.310s] Level 1:colcon.colcon_core.environment:checking '/root/aerostack2_ws/install/as2_rviz_plugins/lib/pkgconfig/as2_rviz_plugins.pc'
[6.310s] Level 1:colcon.colcon_core.environment:checking '/root/aerostack2_ws/install/as2_rviz_plugins/lib/python3.10/site-packages'
[6.311s] Level 1:colcon.colcon_core.environment:checking '/root/aerostack2_ws/install/as2_rviz_plugins/bin'
[6.312s] INFO:colcon.colcon_core.shell:Creating package script '/root/aerostack2_ws/install/as2_rviz_plugins/share/as2_rviz_plugins/package.ps1'
[6.313s] INFO:colcon.colcon_core.shell:Creating package descriptor '/root/aerostack2_ws/install/as2_rviz_plugins/share/as2_rviz_plugins/package.dsv'
[6.313s] INFO:colcon.colcon_core.shell:Creating package script '/root/aerostack2_ws/install/as2_rviz_plugins/share/as2_rviz_plugins/package.sh'
[6.314s] INFO:colcon.colcon_core.shell:Creating package script '/root/aerostack2_ws/install/as2_rviz_plugins/share/as2_rviz_plugins/package.bash'
[6.314s] INFO:colcon.colcon_core.shell:Creating package script '/root/aerostack2_ws/install/as2_rviz_plugins/share/as2_rviz_plugins/package.zsh'
[6.315s] Level 1:colcon.colcon_core.environment:create_file_with_runtime_dependencies(/root/aerostack2_ws/install/as2_rviz_plugins/share/colcon-core/packages/as2_rviz_plugins)
[6.316s] INFO:colcon.colcon_ros.task.ament_cmake.build:Building ROS package in '/root/aerostack2_ws/src/aerostack2/as2_behaviors/as2_behaviors_swarm_flocking' with build type 'ament_cmake'
[6.316s] INFO:colcon.colcon_cmake.task.cmake.build:Building CMake package in '/root/aerostack2_ws/src/aerostack2/as2_behaviors/as2_behaviors_swarm_flocking'
[6.318s] INFO:colcon.colcon_core.shell:Skip shell extension 'powershell' for command environment: Not usable outside of PowerShell
[6.318s] DEBUG:colcon.colcon_core.shell:Skip shell extension 'dsv' for command environment
[6.749s] INFO:colcon.colcon_core.task.python.build:Building Python package in '/root/aerostack2_ws/src/aerostack2/as2_user_interfaces/as2_visualization/as2_visualization'
[6.750s] INFO:colcon.colcon_core.shell:Skip shell extension 'powershell' for command environment: Not usable outside of PowerShell
[6.750s] DEBUG:colcon.colcon_core.shell:Skip shell extension 'dsv' for command environment
[6.764s] DEBUG:colcon.colcon_core.event_handler.log_command:Invoking command in '/root/aerostack2_ws/build/as2_behaviors_swarm_flocking': CMAKE_PREFIX_PATH=/root/aerostack2_ws/install/as2_motion_reference_handlers:/root/aerostack2_ws/install/as2_behavior:/root/aerostack2_ws/install/as2_core:/root/aerostack2_ws/install/as2_msgs:/root/aerostack2_ws/install/rmf_demos_gz_classic:/root/aerostack2_ws/install/rmf_demos_gz:/root/aerostack2_ws/install/rmf_demos:/root/aerostack2_ws/install/rmf_demos_maps:/root/aerostack2_ws/install/aerostack2:/root/aerostack2_ws/install/as2_usb_camera_interface:/root/aerostack2_ws/install/as2_state_estimator:/root/aerostack2_ws/install/as2_rviz_plugins:/root/aerostack2_ws/install/as2_realsense_interface:/root/aerostack2_ws/install/as2_platform_multirotor_simulator:/root/aerostack2_ws/install/as2_platform_gazebo:/root/aerostack2_ws/install/as2_motion_controller:/root/aerostack2_ws/install/as2_behaviors_trajectory_generation:/root/aerostack2_ws/install/as2_behaviors_swarm_flocking:/root/aerostack2_ws/install/as2_behaviors_motion:/root/aerostack2_ws/install/as2_map_server:/root/aerostack2_ws/install/as2_geozones:/root/aerostack2_ws/install/as2_gazebo_assets:/root/aerostack2_ws/install/as2_external_object_to_tf:/root/aerostack2_ws/install/as2_behaviors_platform:/root/aerostack2_ws/install/as2_behaviors_perception:/root/aerostack2_ws/install/as2_behaviors_path_planning:/root/aerostack2_ws/install/as2_behavior_tree:/root/aerostack2_ws/install/as2_alphanumeric_viewer:/root/aerostack2_ws/install/as2_cli:/root/aerostack2_ws/install/rmf_demos_tasks:/root/aerostack2_ws/install/rmf_demos_panel:/root/aerostack2_ws/install/rmf_demos_fleet_adapter:/root/aerostack2_ws/install/rmf_demos_dashboard_resources:/root/aerostack2_ws/install/rmf_demos_bridges:/root/aerostack2_ws/install/rmf_demos_assets:/root/aerostack2_ws/install/as2_visualization:/root/aerostack2_ws/install/as2_swarm_perception:/root/aerostack2_ws/install/as2_swarm_fusion_ci:/root/aerostack2_ws/install/as2_swarm_ekf:/root/aerostack2_ws/install/as2_keyboard_teleoperation:/root/aerostack2_ws/install/as2_python_api:/root/aerostack2_ws/install/as2_project_bringup:/root/aerostack2_ws/install/as2_perception:/root/aerostack2_ws/install/as2_groundray_perception:/opt/ros/humble LD_LIBRARY_PATH=/root/aerostack2_ws/install/as2_behavior/lib:/root/aerostack2_ws/install/as2_core/lib:/root/aerostack2_ws/install/as2_msgs/lib:/root/aerostack2_ws/install/as2_state_estimator/lib:/root/aerostack2_ws/install/as2_python_api/lib:/root/aerostack2_ws/install/as2_motion_controller/lib:/root/aerostack2_ws/install/as2_behaviors_trajectory_generation/lib:/root/aerostack2_ws/install/as2_behaviors_swarm_flocking/lib:/root/aerostack2_ws/install/as2_behaviors_motion/lib:/root/aerostack2_ws/install/as2_motion_reference_handlers/lib:/root/aerostack2_ws/install/as2_map_server/lib:/root/aerostack2_ws/install/as2_gazebo_assets/lib:/root/aerostack2_ws/install/as2_behaviors_perception/lib:/root/aerostack2_ws/install/as2_behaviors_path_planning/lib:/root/aerostack2_ws/install/as2_behavior_tree/lib:/opt/ros/humble/opt/rviz_ogre_vendor/lib:/opt/ros/humble/lib/x86_64-linux-gnu:/opt/ros/humble/lib /usr/bin/cmake --build /root/aerostack2_ws/build/as2_behaviors_swarm_flocking -- -j8 -l8
[6.768s] DEBUG:colcon.colcon_core.event_handler.log_command:Invoking command in '/root/aerostack2_ws/src/aerostack2/as2_python_api': CMAKE_PREFIX_PATH=/root/aerostack2_ws/install/as2_motion_reference_handlers:/root/aerostack2_ws/install/as2_core:/root/aerostack2_ws/install/as2_msgs:/root/aerostack2_ws/install/rmf_demos_gz_classic:/root/aerostack2_ws/install/rmf_demos_gz:/root/aerostack2_ws/install/rmf_demos:/root/aerostack2_ws/install/rmf_demos_maps:/root/aerostack2_ws/install/aerostack2:/root/aerostack2_ws/install/as2_usb_camera_interface:/root/aerostack2_ws/install/as2_state_estimator:/root/aerostack2_ws/install/as2_rviz_plugins:/root/aerostack2_ws/install/as2_realsense_interface:/root/aerostack2_ws/install/as2_platform_multirotor_simulator:/root/aerostack2_ws/install/as2_platform_gazebo:/root/aerostack2_ws/install/as2_motion_controller:/root/aerostack2_ws/install/as2_behaviors_trajectory_generation:/root/aerostack2_ws/install/as2_behaviors_swarm_flocking:/root/aerostack2_ws/install/as2_behaviors_motion:/root/aerostack2_ws/install/as2_map_server:/root/aerostack2_ws/install/as2_geozones:/root/aerostack2_ws/install/as2_gazebo_assets:/root/aerostack2_ws/install/as2_external_object_to_tf:/root/aerostack2_ws/install/as2_behaviors_platform:/root/aerostack2_ws/install/as2_behaviors_perception:/root/aerostack2_ws/install/as2_behaviors_path_planning:/root/aerostack2_ws/install/as2_behavior_tree:/root/aerostack2_ws/install/as2_behavior:/root/aerostack2_ws/install/as2_alphanumeric_viewer:/root/aerostack2_ws/install/as2_cli LD_LIBRARY_PATH=/root/aerostack2_ws/install/as2_core/lib:/root/aerostack2_ws/install/as2_msgs/lib:/root/aerostack2_ws/install/as2_state_estimator/lib:/root/aerostack2_ws/install/as2_python_api/lib:/root/aerostack2_ws/install/as2_motion_controller/lib:/root/aerostack2_ws/install/as2_behaviors_trajectory_generation/lib:/root/aerostack2_ws/install/as2_behaviors_swarm_flocking/lib:/root/aerostack2_ws/install/as2_behaviors_motion/lib:/root/aerostack2_ws/install/as2_motion_reference_handlers/lib:/root/aerostack2_ws/install/as2_map_server/lib:/root/aerostack2_ws/install/as2_gazebo_assets/lib:/root/aerostack2_ws/install/as2_behaviors_perception/lib:/root/aerostack2_ws/install/as2_behaviors_path_planning/lib:/root/aerostack2_ws/install/as2_behavior_tree/lib:/root/aerostack2_ws/install/as2_behavior/lib:/opt/ros/humble/opt/rviz_ogre_vendor/lib:/opt/ros/humble/lib/x86_64-linux-gnu:/opt/ros/humble/lib PYTHONPATH=/root/aerostack2_ws/build/as2_python_api/prefix_override:/usr/lib/python3/dist-packages/colcon_core/task/python/colcon_distutils_commands:/root/aerostack2_ws/install/as2_python_api/lib/python3.10/site-packages:${PYTHONPATH} /usr/bin/python3 -W ignore:setup.py install is deprecated -W ignore:easy_install command is deprecated setup.py egg_info --egg-base ../../../build/as2_python_api build --build-base /root/aerostack2_ws/build/as2_python_api/build install --record /root/aerostack2_ws/build/as2_python_api/install.log --single-version-externally-managed install_data
[6.768s] DEBUG:colcon.colcon_core.event_handler.log_command:Invoked command in '/root/aerostack2_ws/build/as2_behaviors_platform' returned '0': CMAKE_PREFIX_PATH=/root/aerostack2_ws/install/as2_behavior:/root/aerostack2_ws/install/as2_core:/root/aerostack2_ws/install/as2_msgs:/root/aerostack2_ws/install/rmf_demos_gz_classic:/root/aerostack2_ws/install/rmf_demos_gz:/root/aerostack2_ws/install/rmf_demos:/root/aerostack2_ws/install/rmf_demos_maps:/root/aerostack2_ws/install/aerostack2:/root/aerostack2_ws/install/as2_usb_camera_interface:/root/aerostack2_ws/install/as2_state_estimator:/root/aerostack2_ws/install/as2_rviz_plugins:/root/aerostack2_ws/install/as2_realsense_interface:/root/aerostack2_ws/install/as2_platform_multirotor_simulator:/root/aerostack2_ws/install/as2_platform_gazebo:/root/aerostack2_ws/install/as2_motion_controller:/root/aerostack2_ws/install/as2_behaviors_trajectory_generation:/root/aerostack2_ws/install/as2_behaviors_swarm_flocking:/root/aerostack2_ws/install/as2_behaviors_motion:/root/aerostack2_ws/install/as2_motion_reference_handlers:/root/aerostack2_ws/install/as2_map_server:/root/aerostack2_ws/install/as2_geozones:/root/aerostack2_ws/install/as2_gazebo_assets:/root/aerostack2_ws/install/as2_external_object_to_tf:/root/aerostack2_ws/install/as2_behaviors_platform:/root/aerostack2_ws/install/as2_behaviors_perception:/root/aerostack2_ws/install/as2_behaviors_path_planning:/root/aerostack2_ws/install/as2_behavior_tree:/root/aerostack2_ws/install/as2_alphanumeric_viewer:/root/aerostack2_ws/install/as2_cli:/root/aerostack2_ws/install/rmf_demos_tasks:/root/aerostack2_ws/install/rmf_demos_panel:/root/aerostack2_ws/install/rmf_demos_fleet_adapter:/root/aerostack2_ws/install/rmf_demos_dashboard_resources:/root/aerostack2_ws/install/rmf_demos_bridges:/root/aerostack2_ws/install/rmf_demos_assets:/root/aerostack2_ws/install/as2_visualization:/root/aerostack2_ws/install/as2_swarm_perception:/root/aerostack2_ws/install/as2_swarm_fusion_ci:/root/aerostack2_ws/install/as2_swarm_ekf:/root/aerostack2_ws/install/as2_keyboard_teleoperation:/root/aerostack2_ws/install/as2_python_api:/root/aerostack2_ws/install/as2_project_bringup:/root/aerostack2_ws/install/as2_perception:/root/aerostack2_ws/install/as2_groundray_perception:/opt/ros/humble LD_LIBRARY_PATH=/root/aerostack2_ws/install/as2_behavior/lib:/root/aerostack2_ws/install/as2_core/lib:/root/aerostack2_ws/install/as2_msgs/lib:/root/aerostack2_ws/install/as2_state_estimator/lib:/root/aerostack2_ws/install/as2_python_api/lib:/root/aerostack2_ws/install/as2_motion_controller/lib:/root/aerostack2_ws/install/as2_behaviors_trajectory_generation/lib:/root/aerostack2_ws/install/as2_behaviors_swarm_flocking/lib:/root/aerostack2_ws/install/as2_behaviors_motion/lib:/root/aerostack2_ws/install/as2_motion_reference_handlers/lib:/root/aerostack2_ws/install/as2_map_server/lib:/root/aerostack2_ws/install/as2_gazebo_assets/lib:/root/aerostack2_ws/install/as2_behaviors_perception/lib:/root/aerostack2_ws/install/as2_behaviors_path_planning/lib:/root/aerostack2_ws/install/as2_behavior_tree/lib:/opt/ros/humble/opt/rviz_ogre_vendor/lib:/opt/ros/humble/lib/x86_64-linux-gnu:/opt/ros/humble/lib /usr/bin/cmake --build /root/aerostack2_ws/build/as2_behaviors_platform -- -j8 -l8
[6.768s] DEBUG:colcon.colcon_core.event_handler.log_command:Invoking command in '/root/aerostack2_ws/build/as2_behaviors_platform': CMAKE_PREFIX_PATH=/root/aerostack2_ws/install/as2_behavior:/root/aerostack2_ws/install/as2_core:/root/aerostack2_ws/install/as2_msgs:/root/aerostack2_ws/install/rmf_demos_gz_classic:/root/aerostack2_ws/install/rmf_demos_gz:/root/aerostack2_ws/install/rmf_demos:/root/aerostack2_ws/install/rmf_demos_maps:/root/aerostack2_ws/install/aerostack2:/root/aerostack2_ws/install/as2_usb_camera_interface:/root/aerostack2_ws/install/as2_state_estimator:/root/aerostack2_ws/install/as2_rviz_plugins:/root/aerostack2_ws/install/as2_realsense_interface:/root/aerostack2_ws/install/as2_platform_multirotor_simulator:/root/aerostack2_ws/install/as2_platform_gazebo:/root/aerostack2_ws/install/as2_motion_controller:/root/aerostack2_ws/install/as2_behaviors_trajectory_generation:/root/aerostack2_ws/install/as2_behaviors_swarm_flocking:/root/aerostack2_ws/install/as2_behaviors_motion:/root/aerostack2_ws/install/as2_motion_reference_handlers:/root/aerostack2_ws/install/as2_map_server:/root/aerostack2_ws/install/as2_geozones:/root/aerostack2_ws/install/as2_gazebo_assets:/root/aerostack2_ws/install/as2_external_object_to_tf:/root/aerostack2_ws/install/as2_behaviors_platform:/root/aerostack2_ws/install/as2_behaviors_perception:/root/aerostack2_ws/install/as2_behaviors_path_planning:/root/aerostack2_ws/install/as2_behavior_tree:/root/aerostack2_ws/install/as2_alphanumeric_viewer:/root/aerostack2_ws/install/as2_cli:/root/aerostack2_ws/install/rmf_demos_tasks:/root/aerostack2_ws/install/rmf_demos_panel:/root/aerostack2_ws/install/rmf_demos_fleet_adapter:/root/aerostack2_ws/install/rmf_demos_dashboard_resources:/root/aerostack2_ws/install/rmf_demos_bridges:/root/aerostack2_ws/install/rmf_demos_assets:/root/aerostack2_ws/install/as2_visualization:/root/aerostack2_ws/install/as2_swarm_perception:/root/aerostack2_ws/install/as2_swarm_fusion_ci:/root/aerostack2_ws/install/as2_swarm_ekf:/root/aerostack2_ws/install/as2_keyboard_teleoperation:/root/aerostack2_ws/install/as2_python_api:/root/aerostack2_ws/install/as2_project_bringup:/root/aerostack2_ws/install/as2_perception:/root/aerostack2_ws/install/as2_groundray_perception:/opt/ros/humble LD_LIBRARY_PATH=/root/aerostack2_ws/install/as2_behavior/lib:/root/aerostack2_ws/install/as2_core/lib:/root/aerostack2_ws/install/as2_msgs/lib:/root/aerostack2_ws/install/as2_state_estimator/lib:/root/aerostack2_ws/install/as2_python_api/lib:/root/aerostack2_ws/install/as2_motion_controller/lib:/root/aerostack2_ws/install/as2_behaviors_trajectory_generation/lib:/root/aerostack2_ws/install/as2_behaviors_swarm_flocking/lib:/root/aerostack2_ws/install/as2_behaviors_motion/lib:/root/aerostack2_ws/install/as2_motion_reference_handlers/lib:/root/aerostack2_ws/install/as2_map_server/lib:/root/aerostack2_ws/install/as2_gazebo_assets/lib:/root/aerostack2_ws/install/as2_behaviors_perception/lib:/root/aerostack2_ws/install/as2_behaviors_path_planning/lib:/root/aerostack2_ws/install/as2_behavior_tree/lib:/opt/ros/humble/opt/rviz_ogre_vendor/lib:/opt/ros/humble/lib/x86_64-linux-gnu:/opt/ros/humble/lib /usr/bin/cmake --install /root/aerostack2_ws/build/as2_behaviors_platform
[6.770s] DEBUG:colcon.colcon_core.event_handler.log_command:Invoked command in '/root/aerostack2_ws/build/as2_platform_gazebo' returned '0': CMAKE_PREFIX_PATH=/root/aerostack2_ws/install/as2_gazebo_assets:/root/aerostack2_ws/install/as2_core:/root/aerostack2_ws/install/as2_msgs:/root/aerostack2_ws/install/rmf_demos_gz_classic:/root/aerostack2_ws/install/rmf_demos_gz:/root/aerostack2_ws/install/rmf_demos:/root/aerostack2_ws/install/rmf_demos_maps:/root/aerostack2_ws/install/aerostack2:/root/aerostack2_ws/install/as2_usb_camera_interface:/root/aerostack2_ws/install/as2_state_estimator:/root/aerostack2_ws/install/as2_rviz_plugins:/root/aerostack2_ws/install/as2_realsense_interface:/root/aerostack2_ws/install/as2_platform_multirotor_simulator:/root/aerostack2_ws/install/as2_platform_gazebo:/root/aerostack2_ws/install/as2_motion_controller:/root/aerostack2_ws/install/as2_behaviors_trajectory_generation:/root/aerostack2_ws/install/as2_behaviors_swarm_flocking:/root/aerostack2_ws/install/as2_behaviors_motion:/root/aerostack2_ws/install/as2_motion_reference_handlers:/root/aerostack2_ws/install/as2_map_server:/root/aerostack2_ws/install/as2_geozones:/root/aerostack2_ws/install/as2_external_object_to_tf:/root/aerostack2_ws/install/as2_behaviors_platform:/root/aerostack2_ws/install/as2_behaviors_perception:/root/aerostack2_ws/install/as2_behaviors_path_planning:/root/aerostack2_ws/install/as2_behavior_tree:/root/aerostack2_ws/install/as2_behavior:/root/aerostack2_ws/install/as2_alphanumeric_viewer:/root/aerostack2_ws/install/as2_cli:/root/aerostack2_ws/install/rmf_demos_tasks:/root/aerostack2_ws/install/rmf_demos_panel:/root/aerostack2_ws/install/rmf_demos_fleet_adapter:/root/aerostack2_ws/install/rmf_demos_dashboard_resources:/root/aerostack2_ws/install/rmf_demos_bridges:/root/aerostack2_ws/install/rmf_demos_assets:/root/aerostack2_ws/install/as2_visualization:/root/aerostack2_ws/install/as2_swarm_perception:/root/aerostack2_ws/install/as2_swarm_fusion_ci:/root/aerostack2_ws/install/as2_swarm_ekf:/root/aerostack2_ws/install/as2_keyboard_teleoperation:/root/aerostack2_ws/install/as2_python_api:/root/aerostack2_ws/install/as2_project_bringup:/root/aerostack2_ws/install/as2_perception:/root/aerostack2_ws/install/as2_groundray_perception:/opt/ros/humble GZ_SIM_RESOURCE_PATH=/root/aerostack2_ws/install/as2_gazebo_assets/share/as2_ign_gazebo_assets/worlds:/root/aerostack2_ws/install/as2_gazebo_assets/share/as2_ign_gazebo_assets/models:${GZ_SIM_RESOURCE_PATH} GZ_VERSION=@GZ_VERSION@ LD_LIBRARY_PATH=/root/aerostack2_ws/install/as2_gazebo_assets/lib:/root/aerostack2_ws/install/as2_core/lib:/root/aerostack2_ws/install/as2_msgs/lib:/root/aerostack2_ws/install/as2_state_estimator/lib:/root/aerostack2_ws/install/as2_python_api/lib:/root/aerostack2_ws/install/as2_motion_controller/lib:/root/aerostack2_ws/install/as2_behaviors_trajectory_generation/lib:/root/aerostack2_ws/install/as2_behaviors_swarm_flocking/lib:/root/aerostack2_ws/install/as2_behaviors_motion/lib:/root/aerostack2_ws/install/as2_motion_reference_handlers/lib:/root/aerostack2_ws/install/as2_map_server/lib:/root/aerostack2_ws/install/as2_behaviors_perception/lib:/root/aerostack2_ws/install/as2_behaviors_path_planning/lib:/root/aerostack2_ws/install/as2_behavior_tree/lib:/root/aerostack2_ws/install/as2_behavior/lib:/opt/ros/humble/opt/rviz_ogre_vendor/lib:/opt/ros/humble/lib/x86_64-linux-gnu:/opt/ros/humble/lib /usr/bin/cmake --build /root/aerostack2_ws/build/as2_platform_gazebo -- -j8 -l8
[6.775s] DEBUG:colcon.colcon_core.event_handler.log_command:Invoking command in '/root/aerostack2_ws/build/as2_platform_gazebo': CMAKE_PREFIX_PATH=/root/aerostack2_ws/install/as2_gazebo_assets:/root/aerostack2_ws/install/as2_core:/root/aerostack2_ws/install/as2_msgs:/root/aerostack2_ws/install/rmf_demos_gz_classic:/root/aerostack2_ws/install/rmf_demos_gz:/root/aerostack2_ws/install/rmf_demos:/root/aerostack2_ws/install/rmf_demos_maps:/root/aerostack2_ws/install/aerostack2:/root/aerostack2_ws/install/as2_usb_camera_interface:/root/aerostack2_ws/install/as2_state_estimator:/root/aerostack2_ws/install/as2_rviz_plugins:/root/aerostack2_ws/install/as2_realsense_interface:/root/aerostack2_ws/install/as2_platform_multirotor_simulator:/root/aerostack2_ws/install/as2_platform_gazebo:/root/aerostack2_ws/install/as2_motion_controller:/root/aerostack2_ws/install/as2_behaviors_trajectory_generation:/root/aerostack2_ws/install/as2_behaviors_swarm_flocking:/root/aerostack2_ws/install/as2_behaviors_motion:/root/aerostack2_ws/install/as2_motion_reference_handlers:/root/aerostack2_ws/install/as2_map_server:/root/aerostack2_ws/install/as2_geozones:/root/aerostack2_ws/install/as2_external_object_to_tf:/root/aerostack2_ws/install/as2_behaviors_platform:/root/aerostack2_ws/install/as2_behaviors_perception:/root/aerostack2_ws/install/as2_behaviors_path_planning:/root/aerostack2_ws/install/as2_behavior_tree:/root/aerostack2_ws/install/as2_behavior:/root/aerostack2_ws/install/as2_alphanumeric_viewer:/root/aerostack2_ws/install/as2_cli:/root/aerostack2_ws/install/rmf_demos_tasks:/root/aerostack2_ws/install/rmf_demos_panel:/root/aerostack2_ws/install/rmf_demos_fleet_adapter:/root/aerostack2_ws/install/rmf_demos_dashboard_resources:/root/aerostack2_ws/install/rmf_demos_bridges:/root/aerostack2_ws/install/rmf_demos_assets:/root/aerostack2_ws/install/as2_visualization:/root/aerostack2_ws/install/as2_swarm_perception:/root/aerostack2_ws/install/as2_swarm_fusion_ci:/root/aerostack2_ws/install/as2_swarm_ekf:/root/aerostack2_ws/install/as2_keyboard_teleoperation:/root/aerostack2_ws/install/as2_python_api:/root/aerostack2_ws/install/as2_project_bringup:/root/aerostack2_ws/install/as2_perception:/root/aerostack2_ws/install/as2_groundray_perception:/opt/ros/humble GZ_SIM_RESOURCE_PATH=/root/aerostack2_ws/install/as2_gazebo_assets/share/as2_ign_gazebo_assets/worlds:/root/aerostack2_ws/install/as2_gazebo_assets/share/as2_ign_gazebo_assets/models:${GZ_SIM_RESOURCE_PATH} GZ_VERSION=@GZ_VERSION@ LD_LIBRARY_PATH=/root/aerostack2_ws/install/as2_gazebo_assets/lib:/root/aerostack2_ws/install/as2_core/lib:/root/aerostack2_ws/install/as2_msgs/lib:/root/aerostack2_ws/install/as2_state_estimator/lib:/root/aerostack2_ws/install/as2_python_api/lib:/root/aerostack2_ws/install/as2_motion_controller/lib:/root/aerostack2_ws/install/as2_behaviors_trajectory_generation/lib:/root/aerostack2_ws/install/as2_behaviors_swarm_flocking/lib:/root/aerostack2_ws/install/as2_behaviors_motion/lib:/root/aerostack2_ws/install/as2_motion_reference_handlers/lib:/root/aerostack2_ws/install/as2_map_server/lib:/root/aerostack2_ws/install/as2_behaviors_perception/lib:/root/aerostack2_ws/install/as2_behaviors_path_planning/lib:/root/aerostack2_ws/install/as2_behavior_tree/lib:/root/aerostack2_ws/install/as2_behavior/lib:/opt/ros/humble/opt/rviz_ogre_vendor/lib:/opt/ros/humble/lib/x86_64-linux-gnu:/opt/ros/humble/lib /usr/bin/cmake --install /root/aerostack2_ws/build/as2_platform_gazebo
[6.779s] DEBUG:colcon.colcon_core.event_handler.log_command:Invoked command in '/root/aerostack2_ws/build/as2_behaviors_motion' returned '0': CMAKE_PREFIX_PATH=/root/aerostack2_ws/install/as2_motion_reference_handlers:/root/aerostack2_ws/install/as2_behavior:/root/aerostack2_ws/install/as2_core:/root/aerostack2_ws/install/as2_msgs:/root/aerostack2_ws/install/rmf_demos_gz_classic:/root/aerostack2_ws/install/rmf_demos_gz:/root/aerostack2_ws/install/rmf_demos:/root/aerostack2_ws/install/rmf_demos_maps:/root/aerostack2_ws/install/aerostack2:/root/aerostack2_ws/install/as2_usb_camera_interface:/root/aerostack2_ws/install/as2_state_estimator:/root/aerostack2_ws/install/as2_rviz_plugins:/root/aerostack2_ws/install/as2_realsense_interface:/root/aerostack2_ws/install/as2_platform_multirotor_simulator:/root/aerostack2_ws/install/as2_platform_gazebo:/root/aerostack2_ws/install/as2_motion_controller:/root/aerostack2_ws/install/as2_behaviors_trajectory_generation:/root/aerostack2_ws/install/as2_behaviors_swarm_flocking:/root/aerostack2_ws/install/as2_behaviors_motion:/root/aerostack2_ws/install/as2_map_server:/root/aerostack2_ws/install/as2_geozones:/root/aerostack2_ws/install/as2_gazebo_assets:/root/aerostack2_ws/install/as2_external_object_to_tf:/root/aerostack2_ws/install/as2_behaviors_platform:/root/aerostack2_ws/install/as2_behaviors_perception:/root/aerostack2_ws/install/as2_behaviors_path_planning:/root/aerostack2_ws/install/as2_behavior_tree:/root/aerostack2_ws/install/as2_alphanumeric_viewer:/root/aerostack2_ws/install/as2_cli:/root/aerostack2_ws/install/rmf_demos_tasks:/root/aerostack2_ws/install/rmf_demos_panel:/root/aerostack2_ws/install/rmf_demos_fleet_adapter:/root/aerostack2_ws/install/rmf_demos_dashboard_resources:/root/aerostack2_ws/install/rmf_demos_bridges:/root/aerostack2_ws/install/rmf_demos_assets:/root/aerostack2_ws/install/as2_visualization:/root/aerostack2_ws/install/as2_swarm_perception:/root/aerostack2_ws/install/as2_swarm_fusion_ci:/root/aerostack2_ws/install/as2_swarm_ekf:/root/aerostack2_ws/install/as2_keyboard_teleoperation:/root/aerostack2_ws/install/as2_python_api:/root/aerostack2_ws/install/as2_project_bringup:/root/aerostack2_ws/install/as2_perception:/root/aerostack2_ws/install/as2_groundray_perception:/opt/ros/humble LD_LIBRARY_PATH=/root/aerostack2_ws/install/as2_behavior/lib:/root/aerostack2_ws/install/as2_core/lib:/root/aerostack2_ws/install/as2_msgs/lib:/root/aerostack2_ws/install/as2_state_estimator/lib:/root/aerostack2_ws/install/as2_python_api/lib:/root/aerostack2_ws/install/as2_motion_controller/lib:/root/aerostack2_ws/install/as2_behaviors_trajectory_generation/lib:/root/aerostack2_ws/install/as2_behaviors_swarm_flocking/lib:/root/aerostack2_ws/install/as2_behaviors_motion/lib:/root/aerostack2_ws/install/as2_motion_reference_handlers/lib:/root/aerostack2_ws/install/as2_map_server/lib:/root/aerostack2_ws/install/as2_gazebo_assets/lib:/root/aerostack2_ws/install/as2_behaviors_perception/lib:/root/aerostack2_ws/install/as2_behaviors_path_planning/lib:/root/aerostack2_ws/install/as2_behavior_tree/lib:/opt/ros/humble/opt/rviz_ogre_vendor/lib:/opt/ros/humble/lib/x86_64-linux-gnu:/opt/ros/humble/lib /usr/bin/cmake --build /root/aerostack2_ws/build/as2_behaviors_motion -- -j8 -l8
[6.783s] DEBUG:colcon.colcon_core.event_handler.log_command:Invoking command in '/root/aerostack2_ws/build/as2_behaviors_motion': CMAKE_PREFIX_PATH=/root/aerostack2_ws/install/as2_motion_reference_handlers:/root/aerostack2_ws/install/as2_behavior:/root/aerostack2_ws/install/as2_core:/root/aerostack2_ws/install/as2_msgs:/root/aerostack2_ws/install/rmf_demos_gz_classic:/root/aerostack2_ws/install/rmf_demos_gz:/root/aerostack2_ws/install/rmf_demos:/root/aerostack2_ws/install/rmf_demos_maps:/root/aerostack2_ws/install/aerostack2:/root/aerostack2_ws/install/as2_usb_camera_interface:/root/aerostack2_ws/install/as2_state_estimator:/root/aerostack2_ws/install/as2_rviz_plugins:/root/aerostack2_ws/install/as2_realsense_interface:/root/aerostack2_ws/install/as2_platform_multirotor_simulator:/root/aerostack2_ws/install/as2_platform_gazebo:/root/aerostack2_ws/install/as2_motion_controller:/root/aerostack2_ws/install/as2_behaviors_trajectory_generation:/root/aerostack2_ws/install/as2_behaviors_swarm_flocking:/root/aerostack2_ws/install/as2_behaviors_motion:/root/aerostack2_ws/install/as2_map_server:/root/aerostack2_ws/install/as2_geozones:/root/aerostack2_ws/install/as2_gazebo_assets:/root/aerostack2_ws/install/as2_external_object_to_tf:/root/aerostack2_ws/install/as2_behaviors_platform:/root/aerostack2_ws/install/as2_behaviors_perception:/root/aerostack2_ws/install/as2_behaviors_path_planning:/root/aerostack2_ws/install/as2_behavior_tree:/root/aerostack2_ws/install/as2_alphanumeric_viewer:/root/aerostack2_ws/install/as2_cli:/root/aerostack2_ws/install/rmf_demos_tasks:/root/aerostack2_ws/install/rmf_demos_panel:/root/aerostack2_ws/install/rmf_demos_fleet_adapter:/root/aerostack2_ws/install/rmf_demos_dashboard_resources:/root/aerostack2_ws/install/rmf_demos_bridges:/root/aerostack2_ws/install/rmf_demos_assets:/root/aerostack2_ws/install/as2_visualization:/root/aerostack2_ws/install/as2_swarm_perception:/root/aerostack2_ws/install/as2_swarm_fusion_ci:/root/aerostack2_ws/install/as2_swarm_ekf:/root/aerostack2_ws/install/as2_keyboard_teleoperation:/root/aerostack2_ws/install/as2_python_api:/root/aerostack2_ws/install/as2_project_bringup:/root/aerostack2_ws/install/as2_perception:/root/aerostack2_ws/install/as2_groundray_perception:/opt/ros/humble LD_LIBRARY_PATH=/root/aerostack2_ws/install/as2_behavior/lib:/root/aerostack2_ws/install/as2_core/lib:/root/aerostack2_ws/install/as2_msgs/lib:/root/aerostack2_ws/install/as2_state_estimator/lib:/root/aerostack2_ws/install/as2_python_api/lib:/root/aerostack2_ws/install/as2_motion_controller/lib:/root/aerostack2_ws/install/as2_behaviors_trajectory_generation/lib:/root/aerostack2_ws/install/as2_behaviors_swarm_flocking/lib:/root/aerostack2_ws/install/as2_behaviors_motion/lib:/root/aerostack2_ws/install/as2_motion_reference_handlers/lib:/root/aerostack2_ws/install/as2_map_server/lib:/root/aerostack2_ws/install/as2_gazebo_assets/lib:/root/aerostack2_ws/install/as2_behaviors_perception/lib:/root/aerostack2_ws/install/as2_behaviors_path_planning/lib:/root/aerostack2_ws/install/as2_behavior_tree/lib:/opt/ros/humble/opt/rviz_ogre_vendor/lib:/opt/ros/humble/lib/x86_64-linux-gnu:/opt/ros/humble/lib /usr/bin/cmake --install /root/aerostack2_ws/build/as2_behaviors_motion
[6.791s] Level 1:colcon.colcon_core.environment:create_environment_scripts_only(as2_behaviors_platform)
[6.792s] Level 1:colcon.colcon_core.environment:checking '/root/aerostack2_ws/install/as2_behaviors_platform' for CMake module files
[6.793s] Level 1:colcon.colcon_core.environment:checking '/root/aerostack2_ws/install/as2_behaviors_platform' for CMake config files
[6.793s] Level 1:colcon.colcon_core.shell:create_environment_hook('as2_behaviors_platform', 'cmake_prefix_path')
[6.793s] INFO:colcon.colcon_core.shell:Creating environment hook '/root/aerostack2_ws/install/as2_behaviors_platform/share/as2_behaviors_platform/hook/cmake_prefix_path.ps1'
[6.794s] INFO:colcon.colcon_core.shell:Creating environment descriptor '/root/aerostack2_ws/install/as2_behaviors_platform/share/as2_behaviors_platform/hook/cmake_prefix_path.dsv'
[6.800s] INFO:colcon.colcon_core.shell:Creating environment hook '/root/aerostack2_ws/install/as2_behaviors_platform/share/as2_behaviors_platform/hook/cmake_prefix_path.sh'
[6.801s] Level 1:colcon.colcon_core.environment:checking '/root/aerostack2_ws/install/as2_behaviors_platform/lib'
[6.802s] Level 1:colcon.colcon_core.environment:checking '/root/aerostack2_ws/install/as2_behaviors_platform/bin'
[6.802s] DEBUG:colcon.colcon_core.event_handler.log_command:Invoked command in '/root/aerostack2_ws/build/as2_behaviors_platform' returned '0': CMAKE_PREFIX_PATH=/root/aerostack2_ws/install/as2_behavior:/root/aerostack2_ws/install/as2_core:/root/aerostack2_ws/install/as2_msgs:/root/aerostack2_ws/install/rmf_demos_gz_classic:/root/aerostack2_ws/install/rmf_demos_gz:/root/aerostack2_ws/install/rmf_demos:/root/aerostack2_ws/install/rmf_demos_maps:/root/aerostack2_ws/install/aerostack2:/root/aerostack2_ws/install/as2_usb_camera_interface:/root/aerostack2_ws/install/as2_state_estimator:/root/aerostack2_ws/install/as2_rviz_plugins:/root/aerostack2_ws/install/as2_realsense_interface:/root/aerostack2_ws/install/as2_platform_multirotor_simulator:/root/aerostack2_ws/install/as2_platform_gazebo:/root/aerostack2_ws/install/as2_motion_controller:/root/aerostack2_ws/install/as2_behaviors_trajectory_generation:/root/aerostack2_ws/install/as2_behaviors_swarm_flocking:/root/aerostack2_ws/install/as2_behaviors_motion:/root/aerostack2_ws/install/as2_motion_reference_handlers:/root/aerostack2_ws/install/as2_map_server:/root/aerostack2_ws/install/as2_geozones:/root/aerostack2_ws/install/as2_gazebo_assets:/root/aerostack2_ws/install/as2_external_object_to_tf:/root/aerostack2_ws/install/as2_behaviors_platform:/root/aerostack2_ws/install/as2_behaviors_perception:/root/aerostack2_ws/install/as2_behaviors_path_planning:/root/aerostack2_ws/install/as2_behavior_tree:/root/aerostack2_ws/install/as2_alphanumeric_viewer:/root/aerostack2_ws/install/as2_cli:/root/aerostack2_ws/install/rmf_demos_tasks:/root/aerostack2_ws/install/rmf_demos_panel:/root/aerostack2_ws/install/rmf_demos_fleet_adapter:/root/aerostack2_ws/install/rmf_demos_dashboard_resources:/root/aerostack2_ws/install/rmf_demos_bridges:/root/aerostack2_ws/install/rmf_demos_assets:/root/aerostack2_ws/install/as2_visualization:/root/aerostack2_ws/install/as2_swarm_perception:/root/aerostack2_ws/install/as2_swarm_fusion_ci:/root/aerostack2_ws/install/as2_swarm_ekf:/root/aerostack2_ws/install/as2_keyboard_teleoperation:/root/aerostack2_ws/install/as2_python_api:/root/aerostack2_ws/install/as2_project_bringup:/root/aerostack2_ws/install/as2_perception:/root/aerostack2_ws/install/as2_groundray_perception:/opt/ros/humble LD_LIBRARY_PATH=/root/aerostack2_ws/install/as2_behavior/lib:/root/aerostack2_ws/install/as2_core/lib:/root/aerostack2_ws/install/as2_msgs/lib:/root/aerostack2_ws/install/as2_state_estimator/lib:/root/aerostack2_ws/install/as2_python_api/lib:/root/aerostack2_ws/install/as2_motion_controller/lib:/root/aerostack2_ws/install/as2_behaviors_trajectory_generation/lib:/root/aerostack2_ws/install/as2_behaviors_swarm_flocking/lib:/root/aerostack2_ws/install/as2_behaviors_motion/lib:/root/aerostack2_ws/install/as2_motion_reference_handlers/lib:/root/aerostack2_ws/install/as2_map_server/lib:/root/aerostack2_ws/install/as2_gazebo_assets/lib:/root/aerostack2_ws/install/as2_behaviors_perception/lib:/root/aerostack2_ws/install/as2_behaviors_path_planning/lib:/root/aerostack2_ws/install/as2_behavior_tree/lib:/opt/ros/humble/opt/rviz_ogre_vendor/lib:/opt/ros/humble/lib/x86_64-linux-gnu:/opt/ros/humble/lib /usr/bin/cmake --install /root/aerostack2_ws/build/as2_behaviors_platform
[6.802s] Level 1:colcon.colcon_core.environment:checking '/root/aerostack2_ws/install/as2_behaviors_platform/lib/pkgconfig/as2_behaviors_platform.pc'
[6.804s] Level 1:colcon.colcon_core.environment:checking '/root/aerostack2_ws/install/as2_behaviors_platform/lib/python3.10/site-packages'
[6.805s] Level 1:colcon.colcon_core.environment:checking '/root/aerostack2_ws/install/as2_behaviors_platform/bin'
[6.805s] INFO:colcon.colcon_core.shell:Creating package script '/root/aerostack2_ws/install/as2_behaviors_platform/share/as2_behaviors_platform/package.ps1'
[6.810s] INFO:colcon.colcon_core.shell:Creating package descriptor '/root/aerostack2_ws/install/as2_behaviors_platform/share/as2_behaviors_platform/package.dsv'
[6.811s] INFO:colcon.colcon_core.shell:Creating package script '/root/aerostack2_ws/install/as2_behaviors_platform/share/as2_behaviors_platform/package.sh'
[6.811s] INFO:colcon.colcon_core.shell:Creating package script '/root/aerostack2_ws/install/as2_behaviors_platform/share/as2_behaviors_platform/package.bash'
[6.815s] INFO:colcon.colcon_core.shell:Creating package script '/root/aerostack2_ws/install/as2_behaviors_platform/share/as2_behaviors_platform/package.zsh'
[6.815s] Level 1:colcon.colcon_core.environment:create_file_with_runtime_dependencies(/root/aerostack2_ws/install/as2_behaviors_platform/share/colcon-core/packages/as2_behaviors_platform)
[6.816s] Level 1:colcon.colcon_core.environment:create_environment_scripts_only(as2_behaviors_platform)
[6.817s] Level 1:colcon.colcon_core.environment:checking '/root/aerostack2_ws/install/as2_behaviors_platform' for CMake module files
[6.817s] Level 1:colcon.colcon_core.environment:checking '/root/aerostack2_ws/install/as2_behaviors_platform' for CMake config files
[6.818s] Level 1:colcon.colcon_core.shell:create_environment_hook('as2_behaviors_platform', 'cmake_prefix_path')
[6.818s] INFO:colcon.colcon_core.shell:Creating environment hook '/root/aerostack2_ws/install/as2_behaviors_platform/share/as2_behaviors_platform/hook/cmake_prefix_path.ps1'
[6.818s] INFO:colcon.colcon_core.shell:Creating environment descriptor '/root/aerostack2_ws/install/as2_behaviors_platform/share/as2_behaviors_platform/hook/cmake_prefix_path.dsv'
[6.819s] INFO:colcon.colcon_core.shell:Creating environment hook '/root/aerostack2_ws/install/as2_behaviors_platform/share/as2_behaviors_platform/hook/cmake_prefix_path.sh'
[6.820s] Level 1:colcon.colcon_core.environment:checking '/root/aerostack2_ws/install/as2_behaviors_platform/lib'
[6.820s] Level 1:colcon.colcon_core.environment:checking '/root/aerostack2_ws/install/as2_behaviors_platform/bin'
[6.820s] Level 1:colcon.colcon_core.environment:checking '/root/aerostack2_ws/install/as2_behaviors_platform/lib/pkgconfig/as2_behaviors_platform.pc'
[6.820s] Level 1:colcon.colcon_core.environment:checking '/root/aerostack2_ws/install/as2_behaviors_platform/lib/python3.10/site-packages'
[6.821s] Level 1:colcon.colcon_core.environment:checking '/root/aerostack2_ws/install/as2_behaviors_platform/bin'
[6.821s] INFO:colcon.colcon_core.shell:Creating package script '/root/aerostack2_ws/install/as2_behaviors_platform/share/as2_behaviors_platform/package.ps1'
[6.822s] INFO:colcon.colcon_core.shell:Creating package descriptor '/root/aerostack2_ws/install/as2_behaviors_platform/share/as2_behaviors_platform/package.dsv'
[6.823s] INFO:colcon.colcon_core.shell:Creating package script '/root/aerostack2_ws/install/as2_behaviors_platform/share/as2_behaviors_platform/package.sh'
[6.823s] INFO:colcon.colcon_core.shell:Creating package script '/root/aerostack2_ws/install/as2_behaviors_platform/share/as2_behaviors_platform/package.bash'
[6.824s] INFO:colcon.colcon_core.shell:Creating package script '/root/aerostack2_ws/install/as2_behaviors_platform/share/as2_behaviors_platform/package.zsh'
[6.824s] Level 1:colcon.colcon_core.environment:create_file_with_runtime_dependencies(/root/aerostack2_ws/install/as2_behaviors_platform/share/colcon-core/packages/as2_behaviors_platform)
[6.826s] Level 1:colcon.colcon_core.environment:create_environment_scripts_only(as2_platform_gazebo)
[6.827s] Level 1:colcon.colcon_core.environment:checking '/root/aerostack2_ws/install/as2_platform_gazebo' for CMake module files
[6.828s] Level 1:colcon.colcon_core.environment:checking '/root/aerostack2_ws/install/as2_platform_gazebo' for CMake config files
[6.828s] Level 1:colcon.colcon_core.shell:create_environment_hook('as2_platform_gazebo', 'cmake_prefix_path')
[6.828s] INFO:colcon.colcon_core.shell:Creating environment hook '/root/aerostack2_ws/install/as2_platform_gazebo/share/as2_platform_gazebo/hook/cmake_prefix_path.ps1'
[6.831s] DEBUG:colcon.colcon_core.event_handler.log_command:Invoked command in '/root/aerostack2_ws/build/as2_platform_gazebo' returned '0': CMAKE_PREFIX_PATH=/root/aerostack2_ws/install/as2_gazebo_assets:/root/aerostack2_ws/install/as2_core:/root/aerostack2_ws/install/as2_msgs:/root/aerostack2_ws/install/rmf_demos_gz_classic:/root/aerostack2_ws/install/rmf_demos_gz:/root/aerostack2_ws/install/rmf_demos:/root/aerostack2_ws/install/rmf_demos_maps:/root/aerostack2_ws/install/aerostack2:/root/aerostack2_ws/install/as2_usb_camera_interface:/root/aerostack2_ws/install/as2_state_estimator:/root/aerostack2_ws/install/as2_rviz_plugins:/root/aerostack2_ws/install/as2_realsense_interface:/root/aerostack2_ws/install/as2_platform_multirotor_simulator:/root/aerostack2_ws/install/as2_platform_gazebo:/root/aerostack2_ws/install/as2_motion_controller:/root/aerostack2_ws/install/as2_behaviors_trajectory_generation:/root/aerostack2_ws/install/as2_behaviors_swarm_flocking:/root/aerostack2_ws/install/as2_behaviors_motion:/root/aerostack2_ws/install/as2_motion_reference_handlers:/root/aerostack2_ws/install/as2_map_server:/root/aerostack2_ws/install/as2_geozones:/root/aerostack2_ws/install/as2_external_object_to_tf:/root/aerostack2_ws/install/as2_behaviors_platform:/root/aerostack2_ws/install/as2_behaviors_perception:/root/aerostack2_ws/install/as2_behaviors_path_planning:/root/aerostack2_ws/install/as2_behavior_tree:/root/aerostack2_ws/install/as2_behavior:/root/aerostack2_ws/install/as2_alphanumeric_viewer:/root/aerostack2_ws/install/as2_cli:/root/aerostack2_ws/install/rmf_demos_tasks:/root/aerostack2_ws/install/rmf_demos_panel:/root/aerostack2_ws/install/rmf_demos_fleet_adapter:/root/aerostack2_ws/install/rmf_demos_dashboard_resources:/root/aerostack2_ws/install/rmf_demos_bridges:/root/aerostack2_ws/install/rmf_demos_assets:/root/aerostack2_ws/install/as2_visualization:/root/aerostack2_ws/install/as2_swarm_perception:/root/aerostack2_ws/install/as2_swarm_fusion_ci:/root/aerostack2_ws/install/as2_swarm_ekf:/root/aerostack2_ws/install/as2_keyboard_teleoperation:/root/aerostack2_ws/install/as2_python_api:/root/aerostack2_ws/install/as2_project_bringup:/root/aerostack2_ws/install/as2_perception:/root/aerostack2_ws/install/as2_groundray_perception:/opt/ros/humble GZ_SIM_RESOURCE_PATH=/root/aerostack2_ws/install/as2_gazebo_assets/share/as2_ign_gazebo_assets/worlds:/root/aerostack2_ws/install/as2_gazebo_assets/share/as2_ign_gazebo_assets/models:${GZ_SIM_RESOURCE_PATH} GZ_VERSION=@GZ_VERSION@ LD_LIBRARY_PATH=/root/aerostack2_ws/install/as2_gazebo_assets/lib:/root/aerostack2_ws/install/as2_core/lib:/root/aerostack2_ws/install/as2_msgs/lib:/root/aerostack2_ws/install/as2_state_estimator/lib:/root/aerostack2_ws/install/as2_python_api/lib:/root/aerostack2_ws/install/as2_motion_controller/lib:/root/aerostack2_ws/install/as2_behaviors_trajectory_generation/lib:/root/aerostack2_ws/install/as2_behaviors_swarm_flocking/lib:/root/aerostack2_ws/install/as2_behaviors_motion/lib:/root/aerostack2_ws/install/as2_motion_reference_handlers/lib:/root/aerostack2_ws/install/as2_map_server/lib:/root/aerostack2_ws/install/as2_behaviors_perception/lib:/root/aerostack2_ws/install/as2_behaviors_path_planning/lib:/root/aerostack2_ws/install/as2_behavior_tree/lib:/root/aerostack2_ws/install/as2_behavior/lib:/opt/ros/humble/opt/rviz_ogre_vendor/lib:/opt/ros/humble/lib/x86_64-linux-gnu:/opt/ros/humble/lib /usr/bin/cmake --install /root/aerostack2_ws/build/as2_platform_gazebo
[6.831s] INFO:colcon.colcon_core.shell:Creating environment descriptor '/root/aerostack2_ws/install/as2_platform_gazebo/share/as2_platform_gazebo/hook/cmake_prefix_path.dsv'
[6.832s] INFO:colcon.colcon_core.shell:Creating environment hook '/root/aerostack2_ws/install/as2_platform_gazebo/share/as2_platform_gazebo/hook/cmake_prefix_path.sh'
[6.833s] Level 1:colcon.colcon_core.environment:checking '/root/aerostack2_ws/install/as2_platform_gazebo/lib'
[6.833s] Level 1:colcon.colcon_core.environment:checking '/root/aerostack2_ws/install/as2_platform_gazebo/bin'
[6.833s] Level 1:colcon.colcon_core.environment:checking '/root/aerostack2_ws/install/as2_platform_gazebo/lib/pkgconfig/as2_platform_gazebo.pc'
[6.833s] Level 1:colcon.colcon_core.environment:checking '/root/aerostack2_ws/install/as2_platform_gazebo/lib/python3.10/site-packages'
[6.834s] Level 1:colcon.colcon_core.environment:checking '/root/aerostack2_ws/install/as2_platform_gazebo/bin'
[6.834s] INFO:colcon.colcon_core.shell:Creating package script '/root/aerostack2_ws/install/as2_platform_gazebo/share/as2_platform_gazebo/package.ps1'
[6.835s] INFO:colcon.colcon_core.shell:Creating package descriptor '/root/aerostack2_ws/install/as2_platform_gazebo/share/as2_platform_gazebo/package.dsv'
[6.836s] INFO:colcon.colcon_core.shell:Creating package script '/root/aerostack2_ws/install/as2_platform_gazebo/share/as2_platform_gazebo/package.sh'
[6.836s] INFO:colcon.colcon_core.shell:Creating package script '/root/aerostack2_ws/install/as2_platform_gazebo/share/as2_platform_gazebo/package.bash'
[6.837s] INFO:colcon.colcon_core.shell:Creating package script '/root/aerostack2_ws/install/as2_platform_gazebo/share/as2_platform_gazebo/package.zsh'
[6.837s] Level 1:colcon.colcon_core.environment:create_file_with_runtime_dependencies(/root/aerostack2_ws/install/as2_platform_gazebo/share/colcon-core/packages/as2_platform_gazebo)
[6.837s] Level 1:colcon.colcon_core.environment:create_environment_scripts_only(as2_platform_gazebo)
[6.838s] Level 1:colcon.colcon_core.environment:checking '/root/aerostack2_ws/install/as2_platform_gazebo' for CMake module files
[6.838s] Level 1:colcon.colcon_core.environment:checking '/root/aerostack2_ws/install/as2_platform_gazebo' for CMake config files
[6.838s] Level 1:colcon.colcon_core.shell:create_environment_hook('as2_platform_gazebo', 'cmake_prefix_path')
[6.839s] INFO:colcon.colcon_core.shell:Creating environment hook '/root/aerostack2_ws/install/as2_platform_gazebo/share/as2_platform_gazebo/hook/cmake_prefix_path.ps1'
[6.840s] INFO:colcon.colcon_core.shell:Creating environment descriptor '/root/aerostack2_ws/install/as2_platform_gazebo/share/as2_platform_gazebo/hook/cmake_prefix_path.dsv'
[6.840s] INFO:colcon.colcon_core.shell:Creating environment hook '/root/aerostack2_ws/install/as2_platform_gazebo/share/as2_platform_gazebo/hook/cmake_prefix_path.sh'
[6.841s] Level 1:colcon.colcon_core.environment:checking '/root/aerostack2_ws/install/as2_platform_gazebo/lib'
[6.841s] Level 1:colcon.colcon_core.environment:checking '/root/aerostack2_ws/install/as2_platform_gazebo/bin'
[6.841s] Level 1:colcon.colcon_core.environment:checking '/root/aerostack2_ws/install/as2_platform_gazebo/lib/pkgconfig/as2_platform_gazebo.pc'
[6.841s] Level 1:colcon.colcon_core.environment:checking '/root/aerostack2_ws/install/as2_platform_gazebo/lib/python3.10/site-packages'
[6.842s] Level 1:colcon.colcon_core.environment:checking '/root/aerostack2_ws/install/as2_platform_gazebo/bin'
[6.842s] INFO:colcon.colcon_core.shell:Creating package script '/root/aerostack2_ws/install/as2_platform_gazebo/share/as2_platform_gazebo/package.ps1'
[6.844s] INFO:colcon.colcon_core.shell:Creating package descriptor '/root/aerostack2_ws/install/as2_platform_gazebo/share/as2_platform_gazebo/package.dsv'
[6.844s] INFO:colcon.colcon_core.shell:Creating package script '/root/aerostack2_ws/install/as2_platform_gazebo/share/as2_platform_gazebo/package.sh'
[6.845s] INFO:colcon.colcon_core.shell:Creating package script '/root/aerostack2_ws/install/as2_platform_gazebo/share/as2_platform_gazebo/package.bash'
[6.845s] INFO:colcon.colcon_core.shell:Creating package script '/root/aerostack2_ws/install/as2_platform_gazebo/share/as2_platform_gazebo/package.zsh'
[6.847s] Level 1:colcon.colcon_core.environment:create_file_with_runtime_dependencies(/root/aerostack2_ws/install/as2_platform_gazebo/share/colcon-core/packages/as2_platform_gazebo)
[6.847s] Level 1:colcon.colcon_core.environment:create_environment_scripts_only(as2_behaviors_motion)
[6.848s] Level 1:colcon.colcon_core.environment:checking '/root/aerostack2_ws/install/as2_behaviors_motion' for CMake module files
[6.850s] DEBUG:colcon.colcon_core.event_handler.log_command:Invoked command in '/root/aerostack2_ws/build/as2_behaviors_motion' returned '0': CMAKE_PREFIX_PATH=/root/aerostack2_ws/install/as2_motion_reference_handlers:/root/aerostack2_ws/install/as2_behavior:/root/aerostack2_ws/install/as2_core:/root/aerostack2_ws/install/as2_msgs:/root/aerostack2_ws/install/rmf_demos_gz_classic:/root/aerostack2_ws/install/rmf_demos_gz:/root/aerostack2_ws/install/rmf_demos:/root/aerostack2_ws/install/rmf_demos_maps:/root/aerostack2_ws/install/aerostack2:/root/aerostack2_ws/install/as2_usb_camera_interface:/root/aerostack2_ws/install/as2_state_estimator:/root/aerostack2_ws/install/as2_rviz_plugins:/root/aerostack2_ws/install/as2_realsense_interface:/root/aerostack2_ws/install/as2_platform_multirotor_simulator:/root/aerostack2_ws/install/as2_platform_gazebo:/root/aerostack2_ws/install/as2_motion_controller:/root/aerostack2_ws/install/as2_behaviors_trajectory_generation:/root/aerostack2_ws/install/as2_behaviors_swarm_flocking:/root/aerostack2_ws/install/as2_behaviors_motion:/root/aerostack2_ws/install/as2_map_server:/root/aerostack2_ws/install/as2_geozones:/root/aerostack2_ws/install/as2_gazebo_assets:/root/aerostack2_ws/install/as2_external_object_to_tf:/root/aerostack2_ws/install/as2_behaviors_platform:/root/aerostack2_ws/install/as2_behaviors_perception:/root/aerostack2_ws/install/as2_behaviors_path_planning:/root/aerostack2_ws/install/as2_behavior_tree:/root/aerostack2_ws/install/as2_alphanumeric_viewer:/root/aerostack2_ws/install/as2_cli:/root/aerostack2_ws/install/rmf_demos_tasks:/root/aerostack2_ws/install/rmf_demos_panel:/root/aerostack2_ws/install/rmf_demos_fleet_adapter:/root/aerostack2_ws/install/rmf_demos_dashboard_resources:/root/aerostack2_ws/install/rmf_demos_bridges:/root/aerostack2_ws/install/rmf_demos_assets:/root/aerostack2_ws/install/as2_visualization:/root/aerostack2_ws/install/as2_swarm_perception:/root/aerostack2_ws/install/as2_swarm_fusion_ci:/root/aerostack2_ws/install/as2_swarm_ekf:/root/aerostack2_ws/install/as2_keyboard_teleoperation:/root/aerostack2_ws/install/as2_python_api:/root/aerostack2_ws/install/as2_project_bringup:/root/aerostack2_ws/install/as2_perception:/root/aerostack2_ws/install/as2_groundray_perception:/opt/ros/humble LD_LIBRARY_PATH=/root/aerostack2_ws/install/as2_behavior/lib:/root/aerostack2_ws/install/as2_core/lib:/root/aerostack2_ws/install/as2_msgs/lib:/root/aerostack2_ws/install/as2_state_estimator/lib:/root/aerostack2_ws/install/as2_python_api/lib:/root/aerostack2_ws/install/as2_motion_controller/lib:/root/aerostack2_ws/install/as2_behaviors_trajectory_generation/lib:/root/aerostack2_ws/install/as2_behaviors_swarm_flocking/lib:/root/aerostack2_ws/install/as2_behaviors_motion/lib:/root/aerostack2_ws/install/as2_motion_reference_handlers/lib:/root/aerostack2_ws/install/as2_map_server/lib:/root/aerostack2_ws/install/as2_gazebo_assets/lib:/root/aerostack2_ws/install/as2_behaviors_perception/lib:/root/aerostack2_ws/install/as2_behaviors_path_planning/lib:/root/aerostack2_ws/install/as2_behavior_tree/lib:/opt/ros/humble/opt/rviz_ogre_vendor/lib:/opt/ros/humble/lib/x86_64-linux-gnu:/opt/ros/humble/lib /usr/bin/cmake --install /root/aerostack2_ws/build/as2_behaviors_motion
[6.850s] Level 1:colcon.colcon_core.environment:checking '/root/aerostack2_ws/install/as2_behaviors_motion' for CMake config files
[6.851s] Level 1:colcon.colcon_core.shell:create_environment_hook('as2_behaviors_motion', 'cmake_prefix_path')
[6.851s] INFO:colcon.colcon_core.shell:Creating environment hook '/root/aerostack2_ws/install/as2_behaviors_motion/share/as2_behaviors_motion/hook/cmake_prefix_path.ps1'
[6.852s] INFO:colcon.colcon_core.shell:Creating environment descriptor '/root/aerostack2_ws/install/as2_behaviors_motion/share/as2_behaviors_motion/hook/cmake_prefix_path.dsv'
[6.852s] INFO:colcon.colcon_core.shell:Creating environment hook '/root/aerostack2_ws/install/as2_behaviors_motion/share/as2_behaviors_motion/hook/cmake_prefix_path.sh'
[6.852s] Level 1:colcon.colcon_core.environment:checking '/root/aerostack2_ws/install/as2_behaviors_motion/lib'
[6.853s] Level 1:colcon.colcon_core.shell:create_environment_hook('as2_behaviors_motion', 'ld_library_path_lib')
[6.853s] INFO:colcon.colcon_core.shell:Creating environment hook '/root/aerostack2_ws/install/as2_behaviors_motion/share/as2_behaviors_motion/hook/ld_library_path_lib.ps1'
[6.853s] INFO:colcon.colcon_core.shell:Creating environment descriptor '/root/aerostack2_ws/install/as2_behaviors_motion/share/as2_behaviors_motion/hook/ld_library_path_lib.dsv'
[6.854s] INFO:colcon.colcon_core.shell:Creating environment hook '/root/aerostack2_ws/install/as2_behaviors_motion/share/as2_behaviors_motion/hook/ld_library_path_lib.sh'
[6.855s] Level 1:colcon.colcon_core.environment:checking '/root/aerostack2_ws/install/as2_behaviors_motion/bin'
[6.855s] Level 1:colcon.colcon_core.environment:checking '/root/aerostack2_ws/install/as2_behaviors_motion/lib/pkgconfig/as2_behaviors_motion.pc'
[6.855s] Level 1:colcon.colcon_core.environment:checking '/root/aerostack2_ws/install/as2_behaviors_motion/lib/python3.10/site-packages'
[6.856s] Level 1:colcon.colcon_core.environment:checking '/root/aerostack2_ws/install/as2_behaviors_motion/bin'
[6.857s] INFO:colcon.colcon_core.shell:Creating package script '/root/aerostack2_ws/install/as2_behaviors_motion/share/as2_behaviors_motion/package.ps1'
[6.857s] INFO:colcon.colcon_core.shell:Creating package descriptor '/root/aerostack2_ws/install/as2_behaviors_motion/share/as2_behaviors_motion/package.dsv'
[6.860s] INFO:colcon.colcon_core.shell:Creating package script '/root/aerostack2_ws/install/as2_behaviors_motion/share/as2_behaviors_motion/package.sh'
[6.861s] INFO:colcon.colcon_core.shell:Creating package script '/root/aerostack2_ws/install/as2_behaviors_motion/share/as2_behaviors_motion/package.bash'
[6.862s] INFO:colcon.colcon_core.shell:Creating package script '/root/aerostack2_ws/install/as2_behaviors_motion/share/as2_behaviors_motion/package.zsh'
[6.863s] Level 1:colcon.colcon_core.environment:create_file_with_runtime_dependencies(/root/aerostack2_ws/install/as2_behaviors_motion/share/colcon-core/packages/as2_behaviors_motion)
[6.864s] Level 1:colcon.colcon_core.environment:create_environment_scripts_only(as2_behaviors_motion)
[6.864s] Level 1:colcon.colcon_core.environment:checking '/root/aerostack2_ws/install/as2_behaviors_motion' for CMake module files
[6.865s] Level 1:colcon.colcon_core.environment:checking '/root/aerostack2_ws/install/as2_behaviors_motion' for CMake config files
[6.866s] Level 1:colcon.colcon_core.shell:create_environment_hook('as2_behaviors_motion', 'cmake_prefix_path')
[6.866s] INFO:colcon.colcon_core.shell:Creating environment hook '/root/aerostack2_ws/install/as2_behaviors_motion/share/as2_behaviors_motion/hook/cmake_prefix_path.ps1'
[6.868s] INFO:colcon.colcon_core.shell:Creating environment descriptor '/root/aerostack2_ws/install/as2_behaviors_motion/share/as2_behaviors_motion/hook/cmake_prefix_path.dsv'
[6.868s] INFO:colcon.colcon_core.shell:Creating environment hook '/root/aerostack2_ws/install/as2_behaviors_motion/share/as2_behaviors_motion/hook/cmake_prefix_path.sh'
[6.869s] Level 1:colcon.colcon_core.environment:checking '/root/aerostack2_ws/install/as2_behaviors_motion/lib'
[6.869s] Level 1:colcon.colcon_core.shell:create_environment_hook('as2_behaviors_motion', 'ld_library_path_lib')
[6.869s] INFO:colcon.colcon_core.shell:Creating environment hook '/root/aerostack2_ws/install/as2_behaviors_motion/share/as2_behaviors_motion/hook/ld_library_path_lib.ps1'
[6.870s] INFO:colcon.colcon_core.shell:Creating environment descriptor '/root/aerostack2_ws/install/as2_behaviors_motion/share/as2_behaviors_motion/hook/ld_library_path_lib.dsv'
[6.870s] INFO:colcon.colcon_core.shell:Creating environment hook '/root/aerostack2_ws/install/as2_behaviors_motion/share/as2_behaviors_motion/hook/ld_library_path_lib.sh'
[6.871s] Level 1:colcon.colcon_core.environment:checking '/root/aerostack2_ws/install/as2_behaviors_motion/bin'
[6.871s] Level 1:colcon.colcon_core.environment:checking '/root/aerostack2_ws/install/as2_behaviors_motion/lib/pkgconfig/as2_behaviors_motion.pc'
[6.871s] Level 1:colcon.colcon_core.environment:checking '/root/aerostack2_ws/install/as2_behaviors_motion/lib/python3.10/site-packages'
[6.872s] Level 1:colcon.colcon_core.environment:checking '/root/aerostack2_ws/install/as2_behaviors_motion/bin'
[6.872s] INFO:colcon.colcon_core.shell:Creating package script '/root/aerostack2_ws/install/as2_behaviors_motion/share/as2_behaviors_motion/package.ps1'
[6.873s] INFO:colcon.colcon_core.shell:Creating package descriptor '/root/aerostack2_ws/install/as2_behaviors_motion/share/as2_behaviors_motion/package.dsv'
[6.874s] INFO:colcon.colcon_core.shell:Creating package script '/root/aerostack2_ws/install/as2_behaviors_motion/share/as2_behaviors_motion/package.sh'
[6.874s] INFO:colcon.colcon_core.shell:Creating package script '/root/aerostack2_ws/install/as2_behaviors_motion/share/as2_behaviors_motion/package.bash'
[6.875s] INFO:colcon.colcon_core.shell:Creating package script '/root/aerostack2_ws/install/as2_behaviors_motion/share/as2_behaviors_motion/package.zsh'
[6.876s] Level 1:colcon.colcon_core.environment:create_file_with_runtime_dependencies(/root/aerostack2_ws/install/as2_behaviors_motion/share/colcon-core/packages/as2_behaviors_motion)
[6.879s] DEBUG:colcon.colcon_core.event_handler.log_command:Invoked command in '/root/aerostack2_ws/build/as2_motion_controller' returned '0': CMAKE_PREFIX_PATH=/root/aerostack2_ws/install/as2_motion_reference_handlers:/root/aerostack2_ws/install/as2_core:/root/aerostack2_ws/install/as2_msgs:/root/aerostack2_ws/install/rmf_demos_gz_classic:/root/aerostack2_ws/install/rmf_demos_gz:/root/aerostack2_ws/install/rmf_demos:/root/aerostack2_ws/install/rmf_demos_maps:/root/aerostack2_ws/install/aerostack2:/root/aerostack2_ws/install/as2_usb_camera_interface:/root/aerostack2_ws/install/as2_state_estimator:/root/aerostack2_ws/install/as2_rviz_plugins:/root/aerostack2_ws/install/as2_realsense_interface:/root/aerostack2_ws/install/as2_platform_multirotor_simulator:/root/aerostack2_ws/install/as2_platform_gazebo:/root/aerostack2_ws/install/as2_motion_controller:/root/aerostack2_ws/install/as2_behaviors_trajectory_generation:/root/aerostack2_ws/install/as2_behaviors_swarm_flocking:/root/aerostack2_ws/install/as2_behaviors_motion:/root/aerostack2_ws/install/as2_map_server:/root/aerostack2_ws/install/as2_geozones:/root/aerostack2_ws/install/as2_gazebo_assets:/root/aerostack2_ws/install/as2_external_object_to_tf:/root/aerostack2_ws/install/as2_behaviors_platform:/root/aerostack2_ws/install/as2_behaviors_perception:/root/aerostack2_ws/install/as2_behaviors_path_planning:/root/aerostack2_ws/install/as2_behavior_tree:/root/aerostack2_ws/install/as2_behavior:/root/aerostack2_ws/install/as2_alphanumeric_viewer:/root/aerostack2_ws/install/as2_cli:/root/aerostack2_ws/install/rmf_demos_tasks:/root/aerostack2_ws/install/rmf_demos_panel:/root/aerostack2_ws/install/rmf_demos_fleet_adapter:/root/aerostack2_ws/install/rmf_demos_dashboard_resources:/root/aerostack2_ws/install/rmf_demos_bridges:/root/aerostack2_ws/install/rmf_demos_assets:/root/aerostack2_ws/install/as2_visualization:/root/aerostack2_ws/install/as2_swarm_perception:/root/aerostack2_ws/install/as2_swarm_fusion_ci:/root/aerostack2_ws/install/as2_swarm_ekf:/root/aerostack2_ws/install/as2_keyboard_teleoperation:/root/aerostack2_ws/install/as2_python_api:/root/aerostack2_ws/install/as2_project_bringup:/root/aerostack2_ws/install/as2_perception:/root/aerostack2_ws/install/as2_groundray_perception:/opt/ros/humble LD_LIBRARY_PATH=/root/aerostack2_ws/install/as2_core/lib:/root/aerostack2_ws/install/as2_msgs/lib:/root/aerostack2_ws/install/as2_state_estimator/lib:/root/aerostack2_ws/install/as2_python_api/lib:/root/aerostack2_ws/install/as2_motion_controller/lib:/root/aerostack2_ws/install/as2_behaviors_trajectory_generation/lib:/root/aerostack2_ws/install/as2_behaviors_swarm_flocking/lib:/root/aerostack2_ws/install/as2_behaviors_motion/lib:/root/aerostack2_ws/install/as2_motion_reference_handlers/lib:/root/aerostack2_ws/install/as2_map_server/lib:/root/aerostack2_ws/install/as2_gazebo_assets/lib:/root/aerostack2_ws/install/as2_behaviors_perception/lib:/root/aerostack2_ws/install/as2_behaviors_path_planning/lib:/root/aerostack2_ws/install/as2_behavior_tree/lib:/root/aerostack2_ws/install/as2_behavior/lib:/opt/ros/humble/opt/rviz_ogre_vendor/lib:/opt/ros/humble/lib/x86_64-linux-gnu:/opt/ros/humble/lib /usr/bin/cmake --build /root/aerostack2_ws/build/as2_motion_controller -- -j8 -l8
[6.882s] DEBUG:colcon.colcon_core.event_handler.log_command:Invoking command in '/root/aerostack2_ws/build/as2_motion_controller': CMAKE_PREFIX_PATH=/root/aerostack2_ws/install/as2_motion_reference_handlers:/root/aerostack2_ws/install/as2_core:/root/aerostack2_ws/install/as2_msgs:/root/aerostack2_ws/install/rmf_demos_gz_classic:/root/aerostack2_ws/install/rmf_demos_gz:/root/aerostack2_ws/install/rmf_demos:/root/aerostack2_ws/install/rmf_demos_maps:/root/aerostack2_ws/install/aerostack2:/root/aerostack2_ws/install/as2_usb_camera_interface:/root/aerostack2_ws/install/as2_state_estimator:/root/aerostack2_ws/install/as2_rviz_plugins:/root/aerostack2_ws/install/as2_realsense_interface:/root/aerostack2_ws/install/as2_platform_multirotor_simulator:/root/aerostack2_ws/install/as2_platform_gazebo:/root/aerostack2_ws/install/as2_motion_controller:/root/aerostack2_ws/install/as2_behaviors_trajectory_generation:/root/aerostack2_ws/install/as2_behaviors_swarm_flocking:/root/aerostack2_ws/install/as2_behaviors_motion:/root/aerostack2_ws/install/as2_map_server:/root/aerostack2_ws/install/as2_geozones:/root/aerostack2_ws/install/as2_gazebo_assets:/root/aerostack2_ws/install/as2_external_object_to_tf:/root/aerostack2_ws/install/as2_behaviors_platform:/root/aerostack2_ws/install/as2_behaviors_perception:/root/aerostack2_ws/install/as2_behaviors_path_planning:/root/aerostack2_ws/install/as2_behavior_tree:/root/aerostack2_ws/install/as2_behavior:/root/aerostack2_ws/install/as2_alphanumeric_viewer:/root/aerostack2_ws/install/as2_cli:/root/aerostack2_ws/install/rmf_demos_tasks:/root/aerostack2_ws/install/rmf_demos_panel:/root/aerostack2_ws/install/rmf_demos_fleet_adapter:/root/aerostack2_ws/install/rmf_demos_dashboard_resources:/root/aerostack2_ws/install/rmf_demos_bridges:/root/aerostack2_ws/install/rmf_demos_assets:/root/aerostack2_ws/install/as2_visualization:/root/aerostack2_ws/install/as2_swarm_perception:/root/aerostack2_ws/install/as2_swarm_fusion_ci:/root/aerostack2_ws/install/as2_swarm_ekf:/root/aerostack2_ws/install/as2_keyboard_teleoperation:/root/aerostack2_ws/install/as2_python_api:/root/aerostack2_ws/install/as2_project_bringup:/root/aerostack2_ws/install/as2_perception:/root/aerostack2_ws/install/as2_groundray_perception:/opt/ros/humble LD_LIBRARY_PATH=/root/aerostack2_ws/install/as2_core/lib:/root/aerostack2_ws/install/as2_msgs/lib:/root/aerostack2_ws/install/as2_state_estimator/lib:/root/aerostack2_ws/install/as2_python_api/lib:/root/aerostack2_ws/install/as2_motion_controller/lib:/root/aerostack2_ws/install/as2_behaviors_trajectory_generation/lib:/root/aerostack2_ws/install/as2_behaviors_swarm_flocking/lib:/root/aerostack2_ws/install/as2_behaviors_motion/lib:/root/aerostack2_ws/install/as2_motion_reference_handlers/lib:/root/aerostack2_ws/install/as2_map_server/lib:/root/aerostack2_ws/install/as2_gazebo_assets/lib:/root/aerostack2_ws/install/as2_behaviors_perception/lib:/root/aerostack2_ws/install/as2_behaviors_path_planning/lib:/root/aerostack2_ws/install/as2_behavior_tree/lib:/root/aerostack2_ws/install/as2_behavior/lib:/opt/ros/humble/opt/rviz_ogre_vendor/lib:/opt/ros/humble/lib/x86_64-linux-gnu:/opt/ros/humble/lib /usr/bin/cmake --install /root/aerostack2_ws/build/as2_motion_controller
[6.906s] Level 1:colcon.colcon_core.environment:create_environment_scripts_only(as2_motion_controller)
[6.906s] Level 1:colcon.colcon_core.environment:checking '/root/aerostack2_ws/install/as2_motion_controller' for CMake module files
[6.907s] DEBUG:colcon.colcon_core.event_handler.log_command:Invoked command in '/root/aerostack2_ws/build/as2_motion_controller' returned '0': CMAKE_PREFIX_PATH=/root/aerostack2_ws/install/as2_motion_reference_handlers:/root/aerostack2_ws/install/as2_core:/root/aerostack2_ws/install/as2_msgs:/root/aerostack2_ws/install/rmf_demos_gz_classic:/root/aerostack2_ws/install/rmf_demos_gz:/root/aerostack2_ws/install/rmf_demos:/root/aerostack2_ws/install/rmf_demos_maps:/root/aerostack2_ws/install/aerostack2:/root/aerostack2_ws/install/as2_usb_camera_interface:/root/aerostack2_ws/install/as2_state_estimator:/root/aerostack2_ws/install/as2_rviz_plugins:/root/aerostack2_ws/install/as2_realsense_interface:/root/aerostack2_ws/install/as2_platform_multirotor_simulator:/root/aerostack2_ws/install/as2_platform_gazebo:/root/aerostack2_ws/install/as2_motion_controller:/root/aerostack2_ws/install/as2_behaviors_trajectory_generation:/root/aerostack2_ws/install/as2_behaviors_swarm_flocking:/root/aerostack2_ws/install/as2_behaviors_motion:/root/aerostack2_ws/install/as2_map_server:/root/aerostack2_ws/install/as2_geozones:/root/aerostack2_ws/install/as2_gazebo_assets:/root/aerostack2_ws/install/as2_external_object_to_tf:/root/aerostack2_ws/install/as2_behaviors_platform:/root/aerostack2_ws/install/as2_behaviors_perception:/root/aerostack2_ws/install/as2_behaviors_path_planning:/root/aerostack2_ws/install/as2_behavior_tree:/root/aerostack2_ws/install/as2_behavior:/root/aerostack2_ws/install/as2_alphanumeric_viewer:/root/aerostack2_ws/install/as2_cli:/root/aerostack2_ws/install/rmf_demos_tasks:/root/aerostack2_ws/install/rmf_demos_panel:/root/aerostack2_ws/install/rmf_demos_fleet_adapter:/root/aerostack2_ws/install/rmf_demos_dashboard_resources:/root/aerostack2_ws/install/rmf_demos_bridges:/root/aerostack2_ws/install/rmf_demos_assets:/root/aerostack2_ws/install/as2_visualization:/root/aerostack2_ws/install/as2_swarm_perception:/root/aerostack2_ws/install/as2_swarm_fusion_ci:/root/aerostack2_ws/install/as2_swarm_ekf:/root/aerostack2_ws/install/as2_keyboard_teleoperation:/root/aerostack2_ws/install/as2_python_api:/root/aerostack2_ws/install/as2_project_bringup:/root/aerostack2_ws/install/as2_perception:/root/aerostack2_ws/install/as2_groundray_perception:/opt/ros/humble LD_LIBRARY_PATH=/root/aerostack2_ws/install/as2_core/lib:/root/aerostack2_ws/install/as2_msgs/lib:/root/aerostack2_ws/install/as2_state_estimator/lib:/root/aerostack2_ws/install/as2_python_api/lib:/root/aerostack2_ws/install/as2_motion_controller/lib:/root/aerostack2_ws/install/as2_behaviors_trajectory_generation/lib:/root/aerostack2_ws/install/as2_behaviors_swarm_flocking/lib:/root/aerostack2_ws/install/as2_behaviors_motion/lib:/root/aerostack2_ws/install/as2_motion_reference_handlers/lib:/root/aerostack2_ws/install/as2_map_server/lib:/root/aerostack2_ws/install/as2_gazebo_assets/lib:/root/aerostack2_ws/install/as2_behaviors_perception/lib:/root/aerostack2_ws/install/as2_behaviors_path_planning/lib:/root/aerostack2_ws/install/as2_behavior_tree/lib:/root/aerostack2_ws/install/as2_behavior/lib:/opt/ros/humble/opt/rviz_ogre_vendor/lib:/opt/ros/humble/lib/x86_64-linux-gnu:/opt/ros/humble/lib /usr/bin/cmake --install /root/aerostack2_ws/build/as2_motion_controller
[6.908s] Level 1:colcon.colcon_core.environment:checking '/root/aerostack2_ws/install/as2_motion_controller' for CMake config files
[6.908s] Level 1:colcon.colcon_core.shell:create_environment_hook('as2_motion_controller', 'cmake_prefix_path')
[6.909s] INFO:colcon.colcon_core.shell:Creating environment hook '/root/aerostack2_ws/install/as2_motion_controller/share/as2_motion_controller/hook/cmake_prefix_path.ps1'
[6.909s] INFO:colcon.colcon_core.shell:Creating environment descriptor '/root/aerostack2_ws/install/as2_motion_controller/share/as2_motion_controller/hook/cmake_prefix_path.dsv'
[6.910s] INFO:colcon.colcon_core.shell:Creating environment hook '/root/aerostack2_ws/install/as2_motion_controller/share/as2_motion_controller/hook/cmake_prefix_path.sh'
[6.911s] Level 1:colcon.colcon_core.environment:checking '/root/aerostack2_ws/install/as2_motion_controller/lib'
[6.911s] Level 1:colcon.colcon_core.shell:create_environment_hook('as2_motion_controller', 'ld_library_path_lib')
[6.911s] INFO:colcon.colcon_core.shell:Creating environment hook '/root/aerostack2_ws/install/as2_motion_controller/share/as2_motion_controller/hook/ld_library_path_lib.ps1'
[6.912s] INFO:colcon.colcon_core.shell:Creating environment descriptor '/root/aerostack2_ws/install/as2_motion_controller/share/as2_motion_controller/hook/ld_library_path_lib.dsv'
[6.912s] INFO:colcon.colcon_core.shell:Creating environment hook '/root/aerostack2_ws/install/as2_motion_controller/share/as2_motion_controller/hook/ld_library_path_lib.sh'
[6.913s] Level 1:colcon.colcon_core.environment:checking '/root/aerostack2_ws/install/as2_motion_controller/bin'
[6.913s] Level 1:colcon.colcon_core.environment:checking '/root/aerostack2_ws/install/as2_motion_controller/lib/pkgconfig/as2_motion_controller.pc'
[6.913s] Level 1:colcon.colcon_core.environment:checking '/root/aerostack2_ws/install/as2_motion_controller/lib/python3.10/site-packages'
[6.914s] Level 1:colcon.colcon_core.environment:checking '/root/aerostack2_ws/install/as2_motion_controller/bin'
[6.915s] INFO:colcon.colcon_core.shell:Creating package script '/root/aerostack2_ws/install/as2_motion_controller/share/as2_motion_controller/package.ps1'
[6.916s] INFO:colcon.colcon_core.shell:Creating package descriptor '/root/aerostack2_ws/install/as2_motion_controller/share/as2_motion_controller/package.dsv'
[6.916s] INFO:colcon.colcon_core.shell:Creating package script '/root/aerostack2_ws/install/as2_motion_controller/share/as2_motion_controller/package.sh'
[6.917s] INFO:colcon.colcon_core.shell:Creating package script '/root/aerostack2_ws/install/as2_motion_controller/share/as2_motion_controller/package.bash'
[6.918s] INFO:colcon.colcon_core.shell:Creating package script '/root/aerostack2_ws/install/as2_motion_controller/share/as2_motion_controller/package.zsh'
[6.918s] Level 1:colcon.colcon_core.environment:create_file_with_runtime_dependencies(/root/aerostack2_ws/install/as2_motion_controller/share/colcon-core/packages/as2_motion_controller)
[6.919s] Level 1:colcon.colcon_core.environment:create_environment_scripts_only(as2_motion_controller)
[6.919s] Level 1:colcon.colcon_core.environment:checking '/root/aerostack2_ws/install/as2_motion_controller' for CMake module files
[6.920s] Level 1:colcon.colcon_core.environment:checking '/root/aerostack2_ws/install/as2_motion_controller' for CMake config files
[6.921s] Level 1:colcon.colcon_core.shell:create_environment_hook('as2_motion_controller', 'cmake_prefix_path')
[6.921s] INFO:colcon.colcon_core.shell:Creating environment hook '/root/aerostack2_ws/install/as2_motion_controller/share/as2_motion_controller/hook/cmake_prefix_path.ps1'
[6.921s] INFO:colcon.colcon_core.shell:Creating environment descriptor '/root/aerostack2_ws/install/as2_motion_controller/share/as2_motion_controller/hook/cmake_prefix_path.dsv'
[6.922s] INFO:colcon.colcon_core.shell:Creating environment hook '/root/aerostack2_ws/install/as2_motion_controller/share/as2_motion_controller/hook/cmake_prefix_path.sh'
[6.923s] Level 1:colcon.colcon_core.environment:checking '/root/aerostack2_ws/install/as2_motion_controller/lib'
[6.923s] Level 1:colcon.colcon_core.shell:create_environment_hook('as2_motion_controller', 'ld_library_path_lib')
[6.923s] INFO:colcon.colcon_core.shell:Creating environment hook '/root/aerostack2_ws/install/as2_motion_controller/share/as2_motion_controller/hook/ld_library_path_lib.ps1'
[6.924s] INFO:colcon.colcon_core.shell:Creating environment descriptor '/root/aerostack2_ws/install/as2_motion_controller/share/as2_motion_controller/hook/ld_library_path_lib.dsv'
[6.924s] INFO:colcon.colcon_core.shell:Creating environment hook '/root/aerostack2_ws/install/as2_motion_controller/share/as2_motion_controller/hook/ld_library_path_lib.sh'
[6.925s] Level 1:colcon.colcon_core.environment:checking '/root/aerostack2_ws/install/as2_motion_controller/bin'
[6.925s] Level 1:colcon.colcon_core.environment:checking '/root/aerostack2_ws/install/as2_motion_controller/lib/pkgconfig/as2_motion_controller.pc'
[6.925s] Level 1:colcon.colcon_core.environment:checking '/root/aerostack2_ws/install/as2_motion_controller/lib/python3.10/site-packages'
[6.926s] Level 1:colcon.colcon_core.environment:checking '/root/aerostack2_ws/install/as2_motion_controller/bin'
[6.926s] INFO:colcon.colcon_core.shell:Creating package script '/root/aerostack2_ws/install/as2_motion_controller/share/as2_motion_controller/package.ps1'
[6.927s] INFO:colcon.colcon_core.shell:Creating package descriptor '/root/aerostack2_ws/install/as2_motion_controller/share/as2_motion_controller/package.dsv'
[6.928s] INFO:colcon.colcon_core.shell:Creating package script '/root/aerostack2_ws/install/as2_motion_controller/share/as2_motion_controller/package.sh'
[6.929s] INFO:colcon.colcon_core.shell:Creating package script '/root/aerostack2_ws/install/as2_motion_controller/share/as2_motion_controller/package.bash'
[6.930s] INFO:colcon.colcon_core.shell:Creating package script '/root/aerostack2_ws/install/as2_motion_controller/share/as2_motion_controller/package.zsh'
[6.930s] Level 1:colcon.colcon_core.environment:create_file_with_runtime_dependencies(/root/aerostack2_ws/install/as2_motion_controller/share/colcon-core/packages/as2_motion_controller)
[7.078s] DEBUG:colcon.colcon_core.event_handler.log_command:Invoked command in '/root/aerostack2_ws/build/as2_behaviors_trajectory_generation' returned '0': CMAKE_PREFIX_PATH=/root/aerostack2_ws/install/as2_motion_reference_handlers:/root/aerostack2_ws/install/as2_behavior:/root/aerostack2_ws/install/as2_core:/root/aerostack2_ws/install/as2_msgs:/root/aerostack2_ws/install/rmf_demos_gz_classic:/root/aerostack2_ws/install/rmf_demos_gz:/root/aerostack2_ws/install/rmf_demos:/root/aerostack2_ws/install/rmf_demos_maps:/root/aerostack2_ws/install/aerostack2:/root/aerostack2_ws/install/as2_usb_camera_interface:/root/aerostack2_ws/install/as2_state_estimator:/root/aerostack2_ws/install/as2_rviz_plugins:/root/aerostack2_ws/install/as2_realsense_interface:/root/aerostack2_ws/install/as2_platform_multirotor_simulator:/root/aerostack2_ws/install/as2_platform_gazebo:/root/aerostack2_ws/install/as2_motion_controller:/root/aerostack2_ws/install/as2_behaviors_trajectory_generation:/root/aerostack2_ws/install/as2_behaviors_swarm_flocking:/root/aerostack2_ws/install/as2_behaviors_motion:/root/aerostack2_ws/install/as2_map_server:/root/aerostack2_ws/install/as2_geozones:/root/aerostack2_ws/install/as2_gazebo_assets:/root/aerostack2_ws/install/as2_external_object_to_tf:/root/aerostack2_ws/install/as2_behaviors_platform:/root/aerostack2_ws/install/as2_behaviors_perception:/root/aerostack2_ws/install/as2_behaviors_path_planning:/root/aerostack2_ws/install/as2_behavior_tree:/root/aerostack2_ws/install/as2_alphanumeric_viewer:/root/aerostack2_ws/install/as2_cli:/root/aerostack2_ws/install/rmf_demos_tasks:/root/aerostack2_ws/install/rmf_demos_panel:/root/aerostack2_ws/install/rmf_demos_fleet_adapter:/root/aerostack2_ws/install/rmf_demos_dashboard_resources:/root/aerostack2_ws/install/rmf_demos_bridges:/root/aerostack2_ws/install/rmf_demos_assets:/root/aerostack2_ws/install/as2_visualization:/root/aerostack2_ws/install/as2_swarm_perception:/root/aerostack2_ws/install/as2_swarm_fusion_ci:/root/aerostack2_ws/install/as2_swarm_ekf:/root/aerostack2_ws/install/as2_keyboard_teleoperation:/root/aerostack2_ws/install/as2_python_api:/root/aerostack2_ws/install/as2_project_bringup:/root/aerostack2_ws/install/as2_perception:/root/aerostack2_ws/install/as2_groundray_perception:/opt/ros/humble LD_LIBRARY_PATH=/root/aerostack2_ws/install/as2_behavior/lib:/root/aerostack2_ws/install/as2_core/lib:/root/aerostack2_ws/install/as2_msgs/lib:/root/aerostack2_ws/install/as2_state_estimator/lib:/root/aerostack2_ws/install/as2_python_api/lib:/root/aerostack2_ws/install/as2_motion_controller/lib:/root/aerostack2_ws/install/as2_behaviors_trajectory_generation/lib:/root/aerostack2_ws/install/as2_behaviors_swarm_flocking/lib:/root/aerostack2_ws/install/as2_behaviors_motion/lib:/root/aerostack2_ws/install/as2_motion_reference_handlers/lib:/root/aerostack2_ws/install/as2_map_server/lib:/root/aerostack2_ws/install/as2_gazebo_assets/lib:/root/aerostack2_ws/install/as2_behaviors_perception/lib:/root/aerostack2_ws/install/as2_behaviors_path_planning/lib:/root/aerostack2_ws/install/as2_behavior_tree/lib:/opt/ros/humble/opt/rviz_ogre_vendor/lib:/opt/ros/humble/lib/x86_64-linux-gnu:/opt/ros/humble/lib /usr/bin/cmake --build /root/aerostack2_ws/build/as2_behaviors_trajectory_generation -- -j8 -l8
[7.081s] DEBUG:colcon.colcon_core.event_handler.log_command:Invoking command in '/root/aerostack2_ws/build/as2_behaviors_trajectory_generation': CMAKE_PREFIX_PATH=/root/aerostack2_ws/install/as2_motion_reference_handlers:/root/aerostack2_ws/install/as2_behavior:/root/aerostack2_ws/install/as2_core:/root/aerostack2_ws/install/as2_msgs:/root/aerostack2_ws/install/rmf_demos_gz_classic:/root/aerostack2_ws/install/rmf_demos_gz:/root/aerostack2_ws/install/rmf_demos:/root/aerostack2_ws/install/rmf_demos_maps:/root/aerostack2_ws/install/aerostack2:/root/aerostack2_ws/install/as2_usb_camera_interface:/root/aerostack2_ws/install/as2_state_estimator:/root/aerostack2_ws/install/as2_rviz_plugins:/root/aerostack2_ws/install/as2_realsense_interface:/root/aerostack2_ws/install/as2_platform_multirotor_simulator:/root/aerostack2_ws/install/as2_platform_gazebo:/root/aerostack2_ws/install/as2_motion_controller:/root/aerostack2_ws/install/as2_behaviors_trajectory_generation:/root/aerostack2_ws/install/as2_behaviors_swarm_flocking:/root/aerostack2_ws/install/as2_behaviors_motion:/root/aerostack2_ws/install/as2_map_server:/root/aerostack2_ws/install/as2_geozones:/root/aerostack2_ws/install/as2_gazebo_assets:/root/aerostack2_ws/install/as2_external_object_to_tf:/root/aerostack2_ws/install/as2_behaviors_platform:/root/aerostack2_ws/install/as2_behaviors_perception:/root/aerostack2_ws/install/as2_behaviors_path_planning:/root/aerostack2_ws/install/as2_behavior_tree:/root/aerostack2_ws/install/as2_alphanumeric_viewer:/root/aerostack2_ws/install/as2_cli:/root/aerostack2_ws/install/rmf_demos_tasks:/root/aerostack2_ws/install/rmf_demos_panel:/root/aerostack2_ws/install/rmf_demos_fleet_adapter:/root/aerostack2_ws/install/rmf_demos_dashboard_resources:/root/aerostack2_ws/install/rmf_demos_bridges:/root/aerostack2_ws/install/rmf_demos_assets:/root/aerostack2_ws/install/as2_visualization:/root/aerostack2_ws/install/as2_swarm_perception:/root/aerostack2_ws/install/as2_swarm_fusion_ci:/root/aerostack2_ws/install/as2_swarm_ekf:/root/aerostack2_ws/install/as2_keyboard_teleoperation:/root/aerostack2_ws/install/as2_python_api:/root/aerostack2_ws/install/as2_project_bringup:/root/aerostack2_ws/install/as2_perception:/root/aerostack2_ws/install/as2_groundray_perception:/opt/ros/humble LD_LIBRARY_PATH=/root/aerostack2_ws/install/as2_behavior/lib:/root/aerostack2_ws/install/as2_core/lib:/root/aerostack2_ws/install/as2_msgs/lib:/root/aerostack2_ws/install/as2_state_estimator/lib:/root/aerostack2_ws/install/as2_python_api/lib:/root/aerostack2_ws/install/as2_motion_controller/lib:/root/aerostack2_ws/install/as2_behaviors_trajectory_generation/lib:/root/aerostack2_ws/install/as2_behaviors_swarm_flocking/lib:/root/aerostack2_ws/install/as2_behaviors_motion/lib:/root/aerostack2_ws/install/as2_motion_reference_handlers/lib:/root/aerostack2_ws/install/as2_map_server/lib:/root/aerostack2_ws/install/as2_gazebo_assets/lib:/root/aerostack2_ws/install/as2_behaviors_perception/lib:/root/aerostack2_ws/install/as2_behaviors_path_planning/lib:/root/aerostack2_ws/install/as2_behavior_tree/lib:/opt/ros/humble/opt/rviz_ogre_vendor/lib:/opt/ros/humble/lib/x86_64-linux-gnu:/opt/ros/humble/lib /usr/bin/cmake --install /root/aerostack2_ws/build/as2_behaviors_trajectory_generation
[7.101s] Level 1:colcon.colcon_core.environment:create_environment_scripts_only(as2_behaviors_trajectory_generation)
[7.102s] Level 1:colcon.colcon_core.environment:checking '/root/aerostack2_ws/install/as2_behaviors_trajectory_generation' for CMake module files
[7.102s] DEBUG:colcon.colcon_core.event_handler.log_command:Invoked command in '/root/aerostack2_ws/build/as2_behaviors_trajectory_generation' returned '0': CMAKE_PREFIX_PATH=/root/aerostack2_ws/install/as2_motion_reference_handlers:/root/aerostack2_ws/install/as2_behavior:/root/aerostack2_ws/install/as2_core:/root/aerostack2_ws/install/as2_msgs:/root/aerostack2_ws/install/rmf_demos_gz_classic:/root/aerostack2_ws/install/rmf_demos_gz:/root/aerostack2_ws/install/rmf_demos:/root/aerostack2_ws/install/rmf_demos_maps:/root/aerostack2_ws/install/aerostack2:/root/aerostack2_ws/install/as2_usb_camera_interface:/root/aerostack2_ws/install/as2_state_estimator:/root/aerostack2_ws/install/as2_rviz_plugins:/root/aerostack2_ws/install/as2_realsense_interface:/root/aerostack2_ws/install/as2_platform_multirotor_simulator:/root/aerostack2_ws/install/as2_platform_gazebo:/root/aerostack2_ws/install/as2_motion_controller:/root/aerostack2_ws/install/as2_behaviors_trajectory_generation:/root/aerostack2_ws/install/as2_behaviors_swarm_flocking:/root/aerostack2_ws/install/as2_behaviors_motion:/root/aerostack2_ws/install/as2_map_server:/root/aerostack2_ws/install/as2_geozones:/root/aerostack2_ws/install/as2_gazebo_assets:/root/aerostack2_ws/install/as2_external_object_to_tf:/root/aerostack2_ws/install/as2_behaviors_platform:/root/aerostack2_ws/install/as2_behaviors_perception:/root/aerostack2_ws/install/as2_behaviors_path_planning:/root/aerostack2_ws/install/as2_behavior_tree:/root/aerostack2_ws/install/as2_alphanumeric_viewer:/root/aerostack2_ws/install/as2_cli:/root/aerostack2_ws/install/rmf_demos_tasks:/root/aerostack2_ws/install/rmf_demos_panel:/root/aerostack2_ws/install/rmf_demos_fleet_adapter:/root/aerostack2_ws/install/rmf_demos_dashboard_resources:/root/aerostack2_ws/install/rmf_demos_bridges:/root/aerostack2_ws/install/rmf_demos_assets:/root/aerostack2_ws/install/as2_visualization:/root/aerostack2_ws/install/as2_swarm_perception:/root/aerostack2_ws/install/as2_swarm_fusion_ci:/root/aerostack2_ws/install/as2_swarm_ekf:/root/aerostack2_ws/install/as2_keyboard_teleoperation:/root/aerostack2_ws/install/as2_python_api:/root/aerostack2_ws/install/as2_project_bringup:/root/aerostack2_ws/install/as2_perception:/root/aerostack2_ws/install/as2_groundray_perception:/opt/ros/humble LD_LIBRARY_PATH=/root/aerostack2_ws/install/as2_behavior/lib:/root/aerostack2_ws/install/as2_core/lib:/root/aerostack2_ws/install/as2_msgs/lib:/root/aerostack2_ws/install/as2_state_estimator/lib:/root/aerostack2_ws/install/as2_python_api/lib:/root/aerostack2_ws/install/as2_motion_controller/lib:/root/aerostack2_ws/install/as2_behaviors_trajectory_generation/lib:/root/aerostack2_ws/install/as2_behaviors_swarm_flocking/lib:/root/aerostack2_ws/install/as2_behaviors_motion/lib:/root/aerostack2_ws/install/as2_motion_reference_handlers/lib:/root/aerostack2_ws/install/as2_map_server/lib:/root/aerostack2_ws/install/as2_gazebo_assets/lib:/root/aerostack2_ws/install/as2_behaviors_perception/lib:/root/aerostack2_ws/install/as2_behaviors_path_planning/lib:/root/aerostack2_ws/install/as2_behavior_tree/lib:/opt/ros/humble/opt/rviz_ogre_vendor/lib:/opt/ros/humble/lib/x86_64-linux-gnu:/opt/ros/humble/lib /usr/bin/cmake --install /root/aerostack2_ws/build/as2_behaviors_trajectory_generation
[7.103s] Level 1:colcon.colcon_core.environment:checking '/root/aerostack2_ws/install/as2_behaviors_trajectory_generation' for CMake config files
[7.103s] Level 1:colcon.colcon_core.shell:create_environment_hook('as2_behaviors_trajectory_generation', 'cmake_prefix_path')
[7.104s] INFO:colcon.colcon_core.shell:Creating environment hook '/root/aerostack2_ws/install/as2_behaviors_trajectory_generation/share/as2_behaviors_trajectory_generation/hook/cmake_prefix_path.ps1'
[7.104s] INFO:colcon.colcon_core.shell:Creating environment descriptor '/root/aerostack2_ws/install/as2_behaviors_trajectory_generation/share/as2_behaviors_trajectory_generation/hook/cmake_prefix_path.dsv'
[7.105s] INFO:colcon.colcon_core.shell:Creating environment hook '/root/aerostack2_ws/install/as2_behaviors_trajectory_generation/share/as2_behaviors_trajectory_generation/hook/cmake_prefix_path.sh'
[7.106s] Level 1:colcon.colcon_core.environment:checking '/root/aerostack2_ws/install/as2_behaviors_trajectory_generation/lib'
[7.106s] Level 1:colcon.colcon_core.shell:create_environment_hook('as2_behaviors_trajectory_generation', 'ld_library_path_lib')
[7.106s] INFO:colcon.colcon_core.shell:Creating environment hook '/root/aerostack2_ws/install/as2_behaviors_trajectory_generation/share/as2_behaviors_trajectory_generation/hook/ld_library_path_lib.ps1'
[7.107s] INFO:colcon.colcon_core.shell:Creating environment descriptor '/root/aerostack2_ws/install/as2_behaviors_trajectory_generation/share/as2_behaviors_trajectory_generation/hook/ld_library_path_lib.dsv'
[7.107s] INFO:colcon.colcon_core.shell:Creating environment hook '/root/aerostack2_ws/install/as2_behaviors_trajectory_generation/share/as2_behaviors_trajectory_generation/hook/ld_library_path_lib.sh'
[7.107s] Level 1:colcon.colcon_core.environment:checking '/root/aerostack2_ws/install/as2_behaviors_trajectory_generation/bin'
[7.108s] Level 1:colcon.colcon_core.environment:checking '/root/aerostack2_ws/install/as2_behaviors_trajectory_generation/lib/pkgconfig/as2_behaviors_trajectory_generation.pc'
[7.108s] Level 1:colcon.colcon_core.environment:checking '/root/aerostack2_ws/install/as2_behaviors_trajectory_generation/lib/python3.10/site-packages'
[7.108s] Level 1:colcon.colcon_core.environment:checking '/root/aerostack2_ws/install/as2_behaviors_trajectory_generation/bin'
[7.109s] INFO:colcon.colcon_core.shell:Creating package script '/root/aerostack2_ws/install/as2_behaviors_trajectory_generation/share/as2_behaviors_trajectory_generation/package.ps1'
[7.110s] INFO:colcon.colcon_core.shell:Creating package descriptor '/root/aerostack2_ws/install/as2_behaviors_trajectory_generation/share/as2_behaviors_trajectory_generation/package.dsv'
[7.110s] INFO:colcon.colcon_core.shell:Creating package script '/root/aerostack2_ws/install/as2_behaviors_trajectory_generation/share/as2_behaviors_trajectory_generation/package.sh'
[7.111s] INFO:colcon.colcon_core.shell:Creating package script '/root/aerostack2_ws/install/as2_behaviors_trajectory_generation/share/as2_behaviors_trajectory_generation/package.bash'
[7.112s] INFO:colcon.colcon_core.shell:Creating package script '/root/aerostack2_ws/install/as2_behaviors_trajectory_generation/share/as2_behaviors_trajectory_generation/package.zsh'
[7.112s] Level 1:colcon.colcon_core.environment:create_file_with_runtime_dependencies(/root/aerostack2_ws/install/as2_behaviors_trajectory_generation/share/colcon-core/packages/as2_behaviors_trajectory_generation)
[7.113s] Level 1:colcon.colcon_core.environment:create_environment_scripts_only(as2_behaviors_trajectory_generation)
[7.114s] Level 1:colcon.colcon_core.environment:checking '/root/aerostack2_ws/install/as2_behaviors_trajectory_generation' for CMake module files
[7.114s] Level 1:colcon.colcon_core.environment:checking '/root/aerostack2_ws/install/as2_behaviors_trajectory_generation' for CMake config files
[7.115s] Level 1:colcon.colcon_core.shell:create_environment_hook('as2_behaviors_trajectory_generation', 'cmake_prefix_path')
[7.115s] INFO:colcon.colcon_core.shell:Creating environment hook '/root/aerostack2_ws/install/as2_behaviors_trajectory_generation/share/as2_behaviors_trajectory_generation/hook/cmake_prefix_path.ps1'
[7.116s] INFO:colcon.colcon_core.shell:Creating environment descriptor '/root/aerostack2_ws/install/as2_behaviors_trajectory_generation/share/as2_behaviors_trajectory_generation/hook/cmake_prefix_path.dsv'
[7.116s] INFO:colcon.colcon_core.shell:Creating environment hook '/root/aerostack2_ws/install/as2_behaviors_trajectory_generation/share/as2_behaviors_trajectory_generation/hook/cmake_prefix_path.sh'
[7.117s] Level 1:colcon.colcon_core.environment:checking '/root/aerostack2_ws/install/as2_behaviors_trajectory_generation/lib'
[7.117s] Level 1:colcon.colcon_core.shell:create_environment_hook('as2_behaviors_trajectory_generation', 'ld_library_path_lib')
[7.117s] INFO:colcon.colcon_core.shell:Creating environment hook '/root/aerostack2_ws/install/as2_behaviors_trajectory_generation/share/as2_behaviors_trajectory_generation/hook/ld_library_path_lib.ps1'
[7.118s] INFO:colcon.colcon_core.shell:Creating environment descriptor '/root/aerostack2_ws/install/as2_behaviors_trajectory_generation/share/as2_behaviors_trajectory_generation/hook/ld_library_path_lib.dsv'
[7.118s] INFO:colcon.colcon_core.shell:Creating environment hook '/root/aerostack2_ws/install/as2_behaviors_trajectory_generation/share/as2_behaviors_trajectory_generation/hook/ld_library_path_lib.sh'
[7.119s] Level 1:colcon.colcon_core.environment:checking '/root/aerostack2_ws/install/as2_behaviors_trajectory_generation/bin'
[7.119s] Level 1:colcon.colcon_core.environment:checking '/root/aerostack2_ws/install/as2_behaviors_trajectory_generation/lib/pkgconfig/as2_behaviors_trajectory_generation.pc'
[7.119s] Level 1:colcon.colcon_core.environment:checking '/root/aerostack2_ws/install/as2_behaviors_trajectory_generation/lib/python3.10/site-packages'
[7.120s] Level 1:colcon.colcon_core.environment:checking '/root/aerostack2_ws/install/as2_behaviors_trajectory_generation/bin'
[7.120s] INFO:colcon.colcon_core.shell:Creating package script '/root/aerostack2_ws/install/as2_behaviors_trajectory_generation/share/as2_behaviors_trajectory_generation/package.ps1'
[7.121s] INFO:colcon.colcon_core.shell:Creating package descriptor '/root/aerostack2_ws/install/as2_behaviors_trajectory_generation/share/as2_behaviors_trajectory_generation/package.dsv'
[7.122s] INFO:colcon.colcon_core.shell:Creating package script '/root/aerostack2_ws/install/as2_behaviors_trajectory_generation/share/as2_behaviors_trajectory_generation/package.sh'
[7.122s] INFO:colcon.colcon_core.shell:Creating package script '/root/aerostack2_ws/install/as2_behaviors_trajectory_generation/share/as2_behaviors_trajectory_generation/package.bash'
[7.123s] INFO:colcon.colcon_core.shell:Creating package script '/root/aerostack2_ws/install/as2_behaviors_trajectory_generation/share/as2_behaviors_trajectory_generation/package.zsh'
[7.124s] Level 1:colcon.colcon_core.environment:create_file_with_runtime_dependencies(/root/aerostack2_ws/install/as2_behaviors_trajectory_generation/share/colcon-core/packages/as2_behaviors_trajectory_generation)
[7.209s] Level 1:colcon.colcon_core.environment:checking '/root/aerostack2_ws/install/as2_python_api' for CMake module files
[7.210s] DEBUG:colcon.colcon_core.event_handler.log_command:Invoked command in '/root/aerostack2_ws/src/aerostack2/as2_python_api' returned '0': CMAKE_PREFIX_PATH=/root/aerostack2_ws/install/as2_motion_reference_handlers:/root/aerostack2_ws/install/as2_core:/root/aerostack2_ws/install/as2_msgs:/root/aerostack2_ws/install/rmf_demos_gz_classic:/root/aerostack2_ws/install/rmf_demos_gz:/root/aerostack2_ws/install/rmf_demos:/root/aerostack2_ws/install/rmf_demos_maps:/root/aerostack2_ws/install/aerostack2:/root/aerostack2_ws/install/as2_usb_camera_interface:/root/aerostack2_ws/install/as2_state_estimator:/root/aerostack2_ws/install/as2_rviz_plugins:/root/aerostack2_ws/install/as2_realsense_interface:/root/aerostack2_ws/install/as2_platform_multirotor_simulator:/root/aerostack2_ws/install/as2_platform_gazebo:/root/aerostack2_ws/install/as2_motion_controller:/root/aerostack2_ws/install/as2_behaviors_trajectory_generation:/root/aerostack2_ws/install/as2_behaviors_swarm_flocking:/root/aerostack2_ws/install/as2_behaviors_motion:/root/aerostack2_ws/install/as2_map_server:/root/aerostack2_ws/install/as2_geozones:/root/aerostack2_ws/install/as2_gazebo_assets:/root/aerostack2_ws/install/as2_external_object_to_tf:/root/aerostack2_ws/install/as2_behaviors_platform:/root/aerostack2_ws/install/as2_behaviors_perception:/root/aerostack2_ws/install/as2_behaviors_path_planning:/root/aerostack2_ws/install/as2_behavior_tree:/root/aerostack2_ws/install/as2_behavior:/root/aerostack2_ws/install/as2_alphanumeric_viewer:/root/aerostack2_ws/install/as2_cli LD_LIBRARY_PATH=/root/aerostack2_ws/install/as2_core/lib:/root/aerostack2_ws/install/as2_msgs/lib:/root/aerostack2_ws/install/as2_state_estimator/lib:/root/aerostack2_ws/install/as2_python_api/lib:/root/aerostack2_ws/install/as2_motion_controller/lib:/root/aerostack2_ws/install/as2_behaviors_trajectory_generation/lib:/root/aerostack2_ws/install/as2_behaviors_swarm_flocking/lib:/root/aerostack2_ws/install/as2_behaviors_motion/lib:/root/aerostack2_ws/install/as2_motion_reference_handlers/lib:/root/aerostack2_ws/install/as2_map_server/lib:/root/aerostack2_ws/install/as2_gazebo_assets/lib:/root/aerostack2_ws/install/as2_behaviors_perception/lib:/root/aerostack2_ws/install/as2_behaviors_path_planning/lib:/root/aerostack2_ws/install/as2_behavior_tree/lib:/root/aerostack2_ws/install/as2_behavior/lib:/opt/ros/humble/opt/rviz_ogre_vendor/lib:/opt/ros/humble/lib/x86_64-linux-gnu:/opt/ros/humble/lib PYTHONPATH=/root/aerostack2_ws/build/as2_python_api/prefix_override:/usr/lib/python3/dist-packages/colcon_core/task/python/colcon_distutils_commands:/root/aerostack2_ws/install/as2_python_api/lib/python3.10/site-packages:${PYTHONPATH} /usr/bin/python3 -W ignore:setup.py install is deprecated -W ignore:easy_install command is deprecated setup.py egg_info --egg-base ../../../build/as2_python_api build --build-base /root/aerostack2_ws/build/as2_python_api/build install --record /root/aerostack2_ws/build/as2_python_api/install.log --single-version-externally-managed install_data
[7.210s] Level 1:colcon.colcon_core.environment:checking '/root/aerostack2_ws/install/as2_python_api' for CMake config files
[7.211s] Level 1:colcon.colcon_core.environment:checking '/root/aerostack2_ws/install/as2_python_api/lib'
[7.212s] Level 1:colcon.colcon_core.environment:checking '/root/aerostack2_ws/install/as2_python_api/bin'
[7.212s] Level 1:colcon.colcon_core.environment:checking '/root/aerostack2_ws/install/as2_python_api/lib/pkgconfig/as2_python_api.pc'
[7.212s] Level 1:colcon.colcon_core.environment:checking '/root/aerostack2_ws/install/as2_python_api/lib/python3.10/site-packages'
[7.212s] Level 1:colcon.colcon_core.shell:create_environment_hook('as2_python_api', 'pythonpath')
[7.212s] INFO:colcon.colcon_core.shell:Creating environment hook '/root/aerostack2_ws/install/as2_python_api/share/as2_python_api/hook/pythonpath.ps1'
[7.213s] INFO:colcon.colcon_core.shell:Creating environment descriptor '/root/aerostack2_ws/install/as2_python_api/share/as2_python_api/hook/pythonpath.dsv'
[7.214s] INFO:colcon.colcon_core.shell:Creating environment hook '/root/aerostack2_ws/install/as2_python_api/share/as2_python_api/hook/pythonpath.sh'
[7.215s] Level 1:colcon.colcon_core.environment:checking '/root/aerostack2_ws/install/as2_python_api/bin'
[7.215s] Level 1:colcon.colcon_core.environment:create_environment_scripts_only(as2_python_api)
[7.215s] INFO:colcon.colcon_core.shell:Creating package script '/root/aerostack2_ws/install/as2_python_api/share/as2_python_api/package.ps1'
[7.216s] INFO:colcon.colcon_core.shell:Creating package descriptor '/root/aerostack2_ws/install/as2_python_api/share/as2_python_api/package.dsv'
[7.216s] INFO:colcon.colcon_core.shell:Creating package script '/root/aerostack2_ws/install/as2_python_api/share/as2_python_api/package.sh'
[7.217s] INFO:colcon.colcon_core.shell:Creating package script '/root/aerostack2_ws/install/as2_python_api/share/as2_python_api/package.bash'
[7.217s] INFO:colcon.colcon_core.shell:Creating package script '/root/aerostack2_ws/install/as2_python_api/share/as2_python_api/package.zsh'
[7.218s] Level 1:colcon.colcon_core.environment:create_file_with_runtime_dependencies(/root/aerostack2_ws/install/as2_python_api/share/colcon-core/packages/as2_python_api)
[7.218s] INFO:colcon.colcon_ros.task.ament_python.build:Building ROS package in '/root/aerostack2_ws/src/aerostack2/as2_user_interfaces/as2_keyboard_teleoperation' with build type 'ament_python'
[7.218s] Level 1:colcon.colcon_core.shell:create_environment_hook('as2_keyboard_teleoperation', 'ament_prefix_path')
[7.219s] INFO:colcon.colcon_core.shell:Creating environment hook '/root/aerostack2_ws/install/as2_keyboard_teleoperation/share/as2_keyboard_teleoperation/hook/ament_prefix_path.ps1'
[7.220s] INFO:colcon.colcon_core.shell:Creating environment descriptor '/root/aerostack2_ws/install/as2_keyboard_teleoperation/share/as2_keyboard_teleoperation/hook/ament_prefix_path.dsv'
[7.221s] INFO:colcon.colcon_core.shell:Creating environment hook '/root/aerostack2_ws/install/as2_keyboard_teleoperation/share/as2_keyboard_teleoperation/hook/ament_prefix_path.sh'
[7.222s] INFO:colcon.colcon_core.shell:Skip shell extension 'powershell' for command environment: Not usable outside of PowerShell
[7.222s] DEBUG:colcon.colcon_core.shell:Skip shell extension 'dsv' for command environment
[7.597s] INFO:colcon.colcon_core.task.python.build:Building Python package in '/root/aerostack2_ws/src/aerostack2/as2_user_interfaces/as2_keyboard_teleoperation'
[7.597s] INFO:colcon.colcon_core.shell:Skip shell extension 'powershell' for command environment: Not usable outside of PowerShell
[7.597s] DEBUG:colcon.colcon_core.shell:Skip shell extension 'dsv' for command environment
[7.606s] DEBUG:colcon.colcon_core.event_handler.log_command:Invoking command in '/root/aerostack2_ws/src/aerostack2/as2_user_interfaces/as2_visualization/as2_visualization': CMAKE_PREFIX_PATH=/root/aerostack2_ws/install/as2_gazebo_assets:/root/aerostack2_ws/install/as2_core:/root/aerostack2_ws/install/as2_msgs:/root/aerostack2_ws/install/rmf_demos_gz_classic:/root/aerostack2_ws/install/rmf_demos_gz:/root/aerostack2_ws/install/rmf_demos:/root/aerostack2_ws/install/rmf_demos_maps:/root/aerostack2_ws/install/aerostack2:/root/aerostack2_ws/install/as2_usb_camera_interface:/root/aerostack2_ws/install/as2_state_estimator:/root/aerostack2_ws/install/as2_rviz_plugins:/root/aerostack2_ws/install/as2_realsense_interface:/root/aerostack2_ws/install/as2_platform_multirotor_simulator:/root/aerostack2_ws/install/as2_platform_gazebo:/root/aerostack2_ws/install/as2_motion_controller:/root/aerostack2_ws/install/as2_behaviors_trajectory_generation:/root/aerostack2_ws/install/as2_behaviors_swarm_flocking:/root/aerostack2_ws/install/as2_behaviors_motion:/root/aerostack2_ws/install/as2_motion_reference_handlers:/root/aerostack2_ws/install/as2_map_server:/root/aerostack2_ws/install/as2_geozones:/root/aerostack2_ws/install/as2_external_object_to_tf:/root/aerostack2_ws/install/as2_behaviors_platform:/root/aerostack2_ws/install/as2_behaviors_perception:/root/aerostack2_ws/install/as2_behaviors_path_planning:/root/aerostack2_ws/install/as2_behavior_tree:/root/aerostack2_ws/install/as2_behavior:/root/aerostack2_ws/install/as2_alphanumeric_viewer:/root/aerostack2_ws/install/as2_cli GZ_SIM_RESOURCE_PATH=/root/aerostack2_ws/install/as2_gazebo_assets/share/as2_ign_gazebo_assets/worlds:/root/aerostack2_ws/install/as2_gazebo_assets/share/as2_ign_gazebo_assets/models:${GZ_SIM_RESOURCE_PATH} GZ_VERSION=@GZ_VERSION@ LD_LIBRARY_PATH=/root/aerostack2_ws/install/as2_gazebo_assets/lib:/root/aerostack2_ws/install/as2_core/lib:/root/aerostack2_ws/install/as2_msgs/lib:/root/aerostack2_ws/install/as2_state_estimator/lib:/root/aerostack2_ws/install/as2_python_api/lib:/root/aerostack2_ws/install/as2_motion_controller/lib:/root/aerostack2_ws/install/as2_behaviors_trajectory_generation/lib:/root/aerostack2_ws/install/as2_behaviors_swarm_flocking/lib:/root/aerostack2_ws/install/as2_behaviors_motion/lib:/root/aerostack2_ws/install/as2_motion_reference_handlers/lib:/root/aerostack2_ws/install/as2_map_server/lib:/root/aerostack2_ws/install/as2_behaviors_perception/lib:/root/aerostack2_ws/install/as2_behaviors_path_planning/lib:/root/aerostack2_ws/install/as2_behavior_tree/lib:/root/aerostack2_ws/install/as2_behavior/lib:/opt/ros/humble/opt/rviz_ogre_vendor/lib:/opt/ros/humble/lib/x86_64-linux-gnu:/opt/ros/humble/lib PYTHONPATH=/root/aerostack2_ws/build/as2_visualization/prefix_override:/usr/lib/python3/dist-packages/colcon_core/task/python/colcon_distutils_commands:/root/aerostack2_ws/install/as2_visualization/lib/python3.10/site-packages:${PYTHONPATH} /usr/bin/python3 -W ignore:setup.py install is deprecated -W ignore:easy_install command is deprecated setup.py egg_info --egg-base ../../../../../build/as2_visualization build --build-base /root/aerostack2_ws/build/as2_visualization/build install --record /root/aerostack2_ws/build/as2_visualization/install.log --single-version-externally-managed install_data
[7.607s] DEBUG:colcon.colcon_core.event_handler.log_command:Invoked command in '/root/aerostack2_ws/build/as2_behaviors_swarm_flocking' returned '0': CMAKE_PREFIX_PATH=/root/aerostack2_ws/install/as2_motion_reference_handlers:/root/aerostack2_ws/install/as2_behavior:/root/aerostack2_ws/install/as2_core:/root/aerostack2_ws/install/as2_msgs:/root/aerostack2_ws/install/rmf_demos_gz_classic:/root/aerostack2_ws/install/rmf_demos_gz:/root/aerostack2_ws/install/rmf_demos:/root/aerostack2_ws/install/rmf_demos_maps:/root/aerostack2_ws/install/aerostack2:/root/aerostack2_ws/install/as2_usb_camera_interface:/root/aerostack2_ws/install/as2_state_estimator:/root/aerostack2_ws/install/as2_rviz_plugins:/root/aerostack2_ws/install/as2_realsense_interface:/root/aerostack2_ws/install/as2_platform_multirotor_simulator:/root/aerostack2_ws/install/as2_platform_gazebo:/root/aerostack2_ws/install/as2_motion_controller:/root/aerostack2_ws/install/as2_behaviors_trajectory_generation:/root/aerostack2_ws/install/as2_behaviors_swarm_flocking:/root/aerostack2_ws/install/as2_behaviors_motion:/root/aerostack2_ws/install/as2_map_server:/root/aerostack2_ws/install/as2_geozones:/root/aerostack2_ws/install/as2_gazebo_assets:/root/aerostack2_ws/install/as2_external_object_to_tf:/root/aerostack2_ws/install/as2_behaviors_platform:/root/aerostack2_ws/install/as2_behaviors_perception:/root/aerostack2_ws/install/as2_behaviors_path_planning:/root/aerostack2_ws/install/as2_behavior_tree:/root/aerostack2_ws/install/as2_alphanumeric_viewer:/root/aerostack2_ws/install/as2_cli:/root/aerostack2_ws/install/rmf_demos_tasks:/root/aerostack2_ws/install/rmf_demos_panel:/root/aerostack2_ws/install/rmf_demos_fleet_adapter:/root/aerostack2_ws/install/rmf_demos_dashboard_resources:/root/aerostack2_ws/install/rmf_demos_bridges:/root/aerostack2_ws/install/rmf_demos_assets:/root/aerostack2_ws/install/as2_visualization:/root/aerostack2_ws/install/as2_swarm_perception:/root/aerostack2_ws/install/as2_swarm_fusion_ci:/root/aerostack2_ws/install/as2_swarm_ekf:/root/aerostack2_ws/install/as2_keyboard_teleoperation:/root/aerostack2_ws/install/as2_python_api:/root/aerostack2_ws/install/as2_project_bringup:/root/aerostack2_ws/install/as2_perception:/root/aerostack2_ws/install/as2_groundray_perception:/opt/ros/humble LD_LIBRARY_PATH=/root/aerostack2_ws/install/as2_behavior/lib:/root/aerostack2_ws/install/as2_core/lib:/root/aerostack2_ws/install/as2_msgs/lib:/root/aerostack2_ws/install/as2_state_estimator/lib:/root/aerostack2_ws/install/as2_python_api/lib:/root/aerostack2_ws/install/as2_motion_controller/lib:/root/aerostack2_ws/install/as2_behaviors_trajectory_generation/lib:/root/aerostack2_ws/install/as2_behaviors_swarm_flocking/lib:/root/aerostack2_ws/install/as2_behaviors_motion/lib:/root/aerostack2_ws/install/as2_motion_reference_handlers/lib:/root/aerostack2_ws/install/as2_map_server/lib:/root/aerostack2_ws/install/as2_gazebo_assets/lib:/root/aerostack2_ws/install/as2_behaviors_perception/lib:/root/aerostack2_ws/install/as2_behaviors_path_planning/lib:/root/aerostack2_ws/install/as2_behavior_tree/lib:/opt/ros/humble/opt/rviz_ogre_vendor/lib:/opt/ros/humble/lib/x86_64-linux-gnu:/opt/ros/humble/lib /usr/bin/cmake --build /root/aerostack2_ws/build/as2_behaviors_swarm_flocking -- -j8 -l8
[7.609s] DEBUG:colcon.colcon_core.event_handler.log_command:Invoking command in '/root/aerostack2_ws/build/as2_behaviors_swarm_flocking': CMAKE_PREFIX_PATH=/root/aerostack2_ws/install/as2_motion_reference_handlers:/root/aerostack2_ws/install/as2_behavior:/root/aerostack2_ws/install/as2_core:/root/aerostack2_ws/install/as2_msgs:/root/aerostack2_ws/install/rmf_demos_gz_classic:/root/aerostack2_ws/install/rmf_demos_gz:/root/aerostack2_ws/install/rmf_demos:/root/aerostack2_ws/install/rmf_demos_maps:/root/aerostack2_ws/install/aerostack2:/root/aerostack2_ws/install/as2_usb_camera_interface:/root/aerostack2_ws/install/as2_state_estimator:/root/aerostack2_ws/install/as2_rviz_plugins:/root/aerostack2_ws/install/as2_realsense_interface:/root/aerostack2_ws/install/as2_platform_multirotor_simulator:/root/aerostack2_ws/install/as2_platform_gazebo:/root/aerostack2_ws/install/as2_motion_controller:/root/aerostack2_ws/install/as2_behaviors_trajectory_generation:/root/aerostack2_ws/install/as2_behaviors_swarm_flocking:/root/aerostack2_ws/install/as2_behaviors_motion:/root/aerostack2_ws/install/as2_map_server:/root/aerostack2_ws/install/as2_geozones:/root/aerostack2_ws/install/as2_gazebo_assets:/root/aerostack2_ws/install/as2_external_object_to_tf:/root/aerostack2_ws/install/as2_behaviors_platform:/root/aerostack2_ws/install/as2_behaviors_perception:/root/aerostack2_ws/install/as2_behaviors_path_planning:/root/aerostack2_ws/install/as2_behavior_tree:/root/aerostack2_ws/install/as2_alphanumeric_viewer:/root/aerostack2_ws/install/as2_cli:/root/aerostack2_ws/install/rmf_demos_tasks:/root/aerostack2_ws/install/rmf_demos_panel:/root/aerostack2_ws/install/rmf_demos_fleet_adapter:/root/aerostack2_ws/install/rmf_demos_dashboard_resources:/root/aerostack2_ws/install/rmf_demos_bridges:/root/aerostack2_ws/install/rmf_demos_assets:/root/aerostack2_ws/install/as2_visualization:/root/aerostack2_ws/install/as2_swarm_perception:/root/aerostack2_ws/install/as2_swarm_fusion_ci:/root/aerostack2_ws/install/as2_swarm_ekf:/root/aerostack2_ws/install/as2_keyboard_teleoperation:/root/aerostack2_ws/install/as2_python_api:/root/aerostack2_ws/install/as2_project_bringup:/root/aerostack2_ws/install/as2_perception:/root/aerostack2_ws/install/as2_groundray_perception:/opt/ros/humble LD_LIBRARY_PATH=/root/aerostack2_ws/install/as2_behavior/lib:/root/aerostack2_ws/install/as2_core/lib:/root/aerostack2_ws/install/as2_msgs/lib:/root/aerostack2_ws/install/as2_state_estimator/lib:/root/aerostack2_ws/install/as2_python_api/lib:/root/aerostack2_ws/install/as2_motion_controller/lib:/root/aerostack2_ws/install/as2_behaviors_trajectory_generation/lib:/root/aerostack2_ws/install/as2_behaviors_swarm_flocking/lib:/root/aerostack2_ws/install/as2_behaviors_motion/lib:/root/aerostack2_ws/install/as2_motion_reference_handlers/lib:/root/aerostack2_ws/install/as2_map_server/lib:/root/aerostack2_ws/install/as2_gazebo_assets/lib:/root/aerostack2_ws/install/as2_behaviors_perception/lib:/root/aerostack2_ws/install/as2_behaviors_path_planning/lib:/root/aerostack2_ws/install/as2_behavior_tree/lib:/opt/ros/humble/opt/rviz_ogre_vendor/lib:/opt/ros/humble/lib/x86_64-linux-gnu:/opt/ros/humble/lib /usr/bin/cmake --install /root/aerostack2_ws/build/as2_behaviors_swarm_flocking
[7.627s] Level 1:colcon.colcon_core.environment:create_environment_scripts_only(as2_behaviors_swarm_flocking)
[7.628s] Level 1:colcon.colcon_core.environment:checking '/root/aerostack2_ws/install/as2_behaviors_swarm_flocking' for CMake module files
[7.629s] DEBUG:colcon.colcon_core.event_handler.log_command:Invoked command in '/root/aerostack2_ws/build/as2_behaviors_swarm_flocking' returned '0': CMAKE_PREFIX_PATH=/root/aerostack2_ws/install/as2_motion_reference_handlers:/root/aerostack2_ws/install/as2_behavior:/root/aerostack2_ws/install/as2_core:/root/aerostack2_ws/install/as2_msgs:/root/aerostack2_ws/install/rmf_demos_gz_classic:/root/aerostack2_ws/install/rmf_demos_gz:/root/aerostack2_ws/install/rmf_demos:/root/aerostack2_ws/install/rmf_demos_maps:/root/aerostack2_ws/install/aerostack2:/root/aerostack2_ws/install/as2_usb_camera_interface:/root/aerostack2_ws/install/as2_state_estimator:/root/aerostack2_ws/install/as2_rviz_plugins:/root/aerostack2_ws/install/as2_realsense_interface:/root/aerostack2_ws/install/as2_platform_multirotor_simulator:/root/aerostack2_ws/install/as2_platform_gazebo:/root/aerostack2_ws/install/as2_motion_controller:/root/aerostack2_ws/install/as2_behaviors_trajectory_generation:/root/aerostack2_ws/install/as2_behaviors_swarm_flocking:/root/aerostack2_ws/install/as2_behaviors_motion:/root/aerostack2_ws/install/as2_map_server:/root/aerostack2_ws/install/as2_geozones:/root/aerostack2_ws/install/as2_gazebo_assets:/root/aerostack2_ws/install/as2_external_object_to_tf:/root/aerostack2_ws/install/as2_behaviors_platform:/root/aerostack2_ws/install/as2_behaviors_perception:/root/aerostack2_ws/install/as2_behaviors_path_planning:/root/aerostack2_ws/install/as2_behavior_tree:/root/aerostack2_ws/install/as2_alphanumeric_viewer:/root/aerostack2_ws/install/as2_cli:/root/aerostack2_ws/install/rmf_demos_tasks:/root/aerostack2_ws/install/rmf_demos_panel:/root/aerostack2_ws/install/rmf_demos_fleet_adapter:/root/aerostack2_ws/install/rmf_demos_dashboard_resources:/root/aerostack2_ws/install/rmf_demos_bridges:/root/aerostack2_ws/install/rmf_demos_assets:/root/aerostack2_ws/install/as2_visualization:/root/aerostack2_ws/install/as2_swarm_perception:/root/aerostack2_ws/install/as2_swarm_fusion_ci:/root/aerostack2_ws/install/as2_swarm_ekf:/root/aerostack2_ws/install/as2_keyboard_teleoperation:/root/aerostack2_ws/install/as2_python_api:/root/aerostack2_ws/install/as2_project_bringup:/root/aerostack2_ws/install/as2_perception:/root/aerostack2_ws/install/as2_groundray_perception:/opt/ros/humble LD_LIBRARY_PATH=/root/aerostack2_ws/install/as2_behavior/lib:/root/aerostack2_ws/install/as2_core/lib:/root/aerostack2_ws/install/as2_msgs/lib:/root/aerostack2_ws/install/as2_state_estimator/lib:/root/aerostack2_ws/install/as2_python_api/lib:/root/aerostack2_ws/install/as2_motion_controller/lib:/root/aerostack2_ws/install/as2_behaviors_trajectory_generation/lib:/root/aerostack2_ws/install/as2_behaviors_swarm_flocking/lib:/root/aerostack2_ws/install/as2_behaviors_motion/lib:/root/aerostack2_ws/install/as2_motion_reference_handlers/lib:/root/aerostack2_ws/install/as2_map_server/lib:/root/aerostack2_ws/install/as2_gazebo_assets/lib:/root/aerostack2_ws/install/as2_behaviors_perception/lib:/root/aerostack2_ws/install/as2_behaviors_path_planning/lib:/root/aerostack2_ws/install/as2_behavior_tree/lib:/opt/ros/humble/opt/rviz_ogre_vendor/lib:/opt/ros/humble/lib/x86_64-linux-gnu:/opt/ros/humble/lib /usr/bin/cmake --install /root/aerostack2_ws/build/as2_behaviors_swarm_flocking
[7.630s] Level 1:colcon.colcon_core.environment:checking '/root/aerostack2_ws/install/as2_behaviors_swarm_flocking' for CMake config files
[7.630s] Level 1:colcon.colcon_core.shell:create_environment_hook('as2_behaviors_swarm_flocking', 'cmake_prefix_path')
[7.630s] INFO:colcon.colcon_core.shell:Creating environment hook '/root/aerostack2_ws/install/as2_behaviors_swarm_flocking/share/as2_behaviors_swarm_flocking/hook/cmake_prefix_path.ps1'
[7.631s] INFO:colcon.colcon_core.shell:Creating environment descriptor '/root/aerostack2_ws/install/as2_behaviors_swarm_flocking/share/as2_behaviors_swarm_flocking/hook/cmake_prefix_path.dsv'
[7.631s] INFO:colcon.colcon_core.shell:Creating environment hook '/root/aerostack2_ws/install/as2_behaviors_swarm_flocking/share/as2_behaviors_swarm_flocking/hook/cmake_prefix_path.sh'
[7.632s] Level 1:colcon.colcon_core.environment:checking '/root/aerostack2_ws/install/as2_behaviors_swarm_flocking/lib'
[7.632s] Level 1:colcon.colcon_core.shell:create_environment_hook('as2_behaviors_swarm_flocking', 'ld_library_path_lib')
[7.633s] INFO:colcon.colcon_core.shell:Creating environment hook '/root/aerostack2_ws/install/as2_behaviors_swarm_flocking/share/as2_behaviors_swarm_flocking/hook/ld_library_path_lib.ps1'
[7.633s] INFO:colcon.colcon_core.shell:Creating environment descriptor '/root/aerostack2_ws/install/as2_behaviors_swarm_flocking/share/as2_behaviors_swarm_flocking/hook/ld_library_path_lib.dsv'
[7.634s] INFO:colcon.colcon_core.shell:Creating environment hook '/root/aerostack2_ws/install/as2_behaviors_swarm_flocking/share/as2_behaviors_swarm_flocking/hook/ld_library_path_lib.sh'
[7.634s] Level 1:colcon.colcon_core.environment:checking '/root/aerostack2_ws/install/as2_behaviors_swarm_flocking/bin'
[7.635s] Level 1:colcon.colcon_core.environment:checking '/root/aerostack2_ws/install/as2_behaviors_swarm_flocking/lib/pkgconfig/as2_behaviors_swarm_flocking.pc'
[7.635s] Level 1:colcon.colcon_core.environment:checking '/root/aerostack2_ws/install/as2_behaviors_swarm_flocking/lib/python3.10/site-packages'
[7.635s] Level 1:colcon.colcon_core.environment:checking '/root/aerostack2_ws/install/as2_behaviors_swarm_flocking/bin'
[7.635s] INFO:colcon.colcon_core.shell:Creating package script '/root/aerostack2_ws/install/as2_behaviors_swarm_flocking/share/as2_behaviors_swarm_flocking/package.ps1'
[7.636s] INFO:colcon.colcon_core.shell:Creating package descriptor '/root/aerostack2_ws/install/as2_behaviors_swarm_flocking/share/as2_behaviors_swarm_flocking/package.dsv'
[7.636s] INFO:colcon.colcon_core.shell:Creating package script '/root/aerostack2_ws/install/as2_behaviors_swarm_flocking/share/as2_behaviors_swarm_flocking/package.sh'
[7.637s] INFO:colcon.colcon_core.shell:Creating package script '/root/aerostack2_ws/install/as2_behaviors_swarm_flocking/share/as2_behaviors_swarm_flocking/package.bash'
[7.637s] INFO:colcon.colcon_core.shell:Creating package script '/root/aerostack2_ws/install/as2_behaviors_swarm_flocking/share/as2_behaviors_swarm_flocking/package.zsh'
[7.637s] Level 1:colcon.colcon_core.environment:create_file_with_runtime_dependencies(/root/aerostack2_ws/install/as2_behaviors_swarm_flocking/share/colcon-core/packages/as2_behaviors_swarm_flocking)
[7.638s] Level 1:colcon.colcon_core.environment:create_environment_scripts_only(as2_behaviors_swarm_flocking)
[7.638s] Level 1:colcon.colcon_core.environment:checking '/root/aerostack2_ws/install/as2_behaviors_swarm_flocking' for CMake module files
[7.639s] Level 1:colcon.colcon_core.environment:checking '/root/aerostack2_ws/install/as2_behaviors_swarm_flocking' for CMake config files
[7.639s] Level 1:colcon.colcon_core.shell:create_environment_hook('as2_behaviors_swarm_flocking', 'cmake_prefix_path')
[7.639s] INFO:colcon.colcon_core.shell:Creating environment hook '/root/aerostack2_ws/install/as2_behaviors_swarm_flocking/share/as2_behaviors_swarm_flocking/hook/cmake_prefix_path.ps1'
[7.639s] INFO:colcon.colcon_core.shell:Creating environment descriptor '/root/aerostack2_ws/install/as2_behaviors_swarm_flocking/share/as2_behaviors_swarm_flocking/hook/cmake_prefix_path.dsv'
[7.640s] INFO:colcon.colcon_core.shell:Creating environment hook '/root/aerostack2_ws/install/as2_behaviors_swarm_flocking/share/as2_behaviors_swarm_flocking/hook/cmake_prefix_path.sh'
[7.640s] Level 1:colcon.colcon_core.environment:checking '/root/aerostack2_ws/install/as2_behaviors_swarm_flocking/lib'
[7.640s] Level 1:colcon.colcon_core.shell:create_environment_hook('as2_behaviors_swarm_flocking', 'ld_library_path_lib')
[7.640s] INFO:colcon.colcon_core.shell:Creating environment hook '/root/aerostack2_ws/install/as2_behaviors_swarm_flocking/share/as2_behaviors_swarm_flocking/hook/ld_library_path_lib.ps1'
[7.641s] INFO:colcon.colcon_core.shell:Creating environment descriptor '/root/aerostack2_ws/install/as2_behaviors_swarm_flocking/share/as2_behaviors_swarm_flocking/hook/ld_library_path_lib.dsv'
[7.641s] INFO:colcon.colcon_core.shell:Creating environment hook '/root/aerostack2_ws/install/as2_behaviors_swarm_flocking/share/as2_behaviors_swarm_flocking/hook/ld_library_path_lib.sh'
[7.641s] Level 1:colcon.colcon_core.environment:checking '/root/aerostack2_ws/install/as2_behaviors_swarm_flocking/bin'
[7.641s] Level 1:colcon.colcon_core.environment:checking '/root/aerostack2_ws/install/as2_behaviors_swarm_flocking/lib/pkgconfig/as2_behaviors_swarm_flocking.pc'
[7.641s] Level 1:colcon.colcon_core.environment:checking '/root/aerostack2_ws/install/as2_behaviors_swarm_flocking/lib/python3.10/site-packages'
[7.642s] Level 1:colcon.colcon_core.environment:checking '/root/aerostack2_ws/install/as2_behaviors_swarm_flocking/bin'
[7.642s] INFO:colcon.colcon_core.shell:Creating package script '/root/aerostack2_ws/install/as2_behaviors_swarm_flocking/share/as2_behaviors_swarm_flocking/package.ps1'
[7.643s] INFO:colcon.colcon_core.shell:Creating package descriptor '/root/aerostack2_ws/install/as2_behaviors_swarm_flocking/share/as2_behaviors_swarm_flocking/package.dsv'
[7.643s] INFO:colcon.colcon_core.shell:Creating package script '/root/aerostack2_ws/install/as2_behaviors_swarm_flocking/share/as2_behaviors_swarm_flocking/package.sh'
[7.644s] INFO:colcon.colcon_core.shell:Creating package script '/root/aerostack2_ws/install/as2_behaviors_swarm_flocking/share/as2_behaviors_swarm_flocking/package.bash'
[7.644s] INFO:colcon.colcon_core.shell:Creating package script '/root/aerostack2_ws/install/as2_behaviors_swarm_flocking/share/as2_behaviors_swarm_flocking/package.zsh'
[7.644s] Level 1:colcon.colcon_core.environment:create_file_with_runtime_dependencies(/root/aerostack2_ws/install/as2_behaviors_swarm_flocking/share/colcon-core/packages/as2_behaviors_swarm_flocking)
[7.941s] Level 1:colcon.colcon_core.environment:checking '/root/aerostack2_ws/install/as2_visualization' for CMake module files
[7.942s] DEBUG:colcon.colcon_core.event_handler.log_command:Invoked command in '/root/aerostack2_ws/src/aerostack2/as2_user_interfaces/as2_visualization/as2_visualization' returned '0': CMAKE_PREFIX_PATH=/root/aerostack2_ws/install/as2_gazebo_assets:/root/aerostack2_ws/install/as2_core:/root/aerostack2_ws/install/as2_msgs:/root/aerostack2_ws/install/rmf_demos_gz_classic:/root/aerostack2_ws/install/rmf_demos_gz:/root/aerostack2_ws/install/rmf_demos:/root/aerostack2_ws/install/rmf_demos_maps:/root/aerostack2_ws/install/aerostack2:/root/aerostack2_ws/install/as2_usb_camera_interface:/root/aerostack2_ws/install/as2_state_estimator:/root/aerostack2_ws/install/as2_rviz_plugins:/root/aerostack2_ws/install/as2_realsense_interface:/root/aerostack2_ws/install/as2_platform_multirotor_simulator:/root/aerostack2_ws/install/as2_platform_gazebo:/root/aerostack2_ws/install/as2_motion_controller:/root/aerostack2_ws/install/as2_behaviors_trajectory_generation:/root/aerostack2_ws/install/as2_behaviors_swarm_flocking:/root/aerostack2_ws/install/as2_behaviors_motion:/root/aerostack2_ws/install/as2_motion_reference_handlers:/root/aerostack2_ws/install/as2_map_server:/root/aerostack2_ws/install/as2_geozones:/root/aerostack2_ws/install/as2_external_object_to_tf:/root/aerostack2_ws/install/as2_behaviors_platform:/root/aerostack2_ws/install/as2_behaviors_perception:/root/aerostack2_ws/install/as2_behaviors_path_planning:/root/aerostack2_ws/install/as2_behavior_tree:/root/aerostack2_ws/install/as2_behavior:/root/aerostack2_ws/install/as2_alphanumeric_viewer:/root/aerostack2_ws/install/as2_cli GZ_SIM_RESOURCE_PATH=/root/aerostack2_ws/install/as2_gazebo_assets/share/as2_ign_gazebo_assets/worlds:/root/aerostack2_ws/install/as2_gazebo_assets/share/as2_ign_gazebo_assets/models:${GZ_SIM_RESOURCE_PATH} GZ_VERSION=@GZ_VERSION@ LD_LIBRARY_PATH=/root/aerostack2_ws/install/as2_gazebo_assets/lib:/root/aerostack2_ws/install/as2_core/lib:/root/aerostack2_ws/install/as2_msgs/lib:/root/aerostack2_ws/install/as2_state_estimator/lib:/root/aerostack2_ws/install/as2_python_api/lib:/root/aerostack2_ws/install/as2_motion_controller/lib:/root/aerostack2_ws/install/as2_behaviors_trajectory_generation/lib:/root/aerostack2_ws/install/as2_behaviors_swarm_flocking/lib:/root/aerostack2_ws/install/as2_behaviors_motion/lib:/root/aerostack2_ws/install/as2_motion_reference_handlers/lib:/root/aerostack2_ws/install/as2_map_server/lib:/root/aerostack2_ws/install/as2_behaviors_perception/lib:/root/aerostack2_ws/install/as2_behaviors_path_planning/lib:/root/aerostack2_ws/install/as2_behavior_tree/lib:/root/aerostack2_ws/install/as2_behavior/lib:/opt/ros/humble/opt/rviz_ogre_vendor/lib:/opt/ros/humble/lib/x86_64-linux-gnu:/opt/ros/humble/lib PYTHONPATH=/root/aerostack2_ws/build/as2_visualization/prefix_override:/usr/lib/python3/dist-packages/colcon_core/task/python/colcon_distutils_commands:/root/aerostack2_ws/install/as2_visualization/lib/python3.10/site-packages:${PYTHONPATH} /usr/bin/python3 -W ignore:setup.py install is deprecated -W ignore:easy_install command is deprecated setup.py egg_info --egg-base ../../../../../build/as2_visualization build --build-base /root/aerostack2_ws/build/as2_visualization/build install --record /root/aerostack2_ws/build/as2_visualization/install.log --single-version-externally-managed install_data
[7.942s] Level 1:colcon.colcon_core.environment:checking '/root/aerostack2_ws/install/as2_visualization' for CMake config files
[7.943s] Level 1:colcon.colcon_core.environment:checking '/root/aerostack2_ws/install/as2_visualization/lib'
[7.943s] Level 1:colcon.colcon_core.environment:checking '/root/aerostack2_ws/install/as2_visualization/bin'
[7.943s] Level 1:colcon.colcon_core.environment:checking '/root/aerostack2_ws/install/as2_visualization/lib/pkgconfig/as2_visualization.pc'
[7.943s] Level 1:colcon.colcon_core.environment:checking '/root/aerostack2_ws/install/as2_visualization/lib/python3.10/site-packages'
[7.943s] Level 1:colcon.colcon_core.shell:create_environment_hook('as2_visualization', 'pythonpath')
[7.943s] INFO:colcon.colcon_core.shell:Creating environment hook '/root/aerostack2_ws/install/as2_visualization/share/as2_visualization/hook/pythonpath.ps1'
[7.944s] INFO:colcon.colcon_core.shell:Creating environment descriptor '/root/aerostack2_ws/install/as2_visualization/share/as2_visualization/hook/pythonpath.dsv'
[7.944s] INFO:colcon.colcon_core.shell:Creating environment hook '/root/aerostack2_ws/install/as2_visualization/share/as2_visualization/hook/pythonpath.sh'
[7.945s] Level 1:colcon.colcon_core.environment:checking '/root/aerostack2_ws/install/as2_visualization/bin'
[7.945s] Level 1:colcon.colcon_core.environment:create_environment_scripts_only(as2_visualization)
[7.945s] INFO:colcon.colcon_core.shell:Creating package script '/root/aerostack2_ws/install/as2_visualization/share/as2_visualization/package.ps1'
[7.946s] INFO:colcon.colcon_core.shell:Creating package descriptor '/root/aerostack2_ws/install/as2_visualization/share/as2_visualization/package.dsv'
[7.946s] INFO:colcon.colcon_core.shell:Creating package script '/root/aerostack2_ws/install/as2_visualization/share/as2_visualization/package.sh'
[7.947s] INFO:colcon.colcon_core.shell:Creating package script '/root/aerostack2_ws/install/as2_visualization/share/as2_visualization/package.bash'
[7.947s] INFO:colcon.colcon_core.shell:Creating package script '/root/aerostack2_ws/install/as2_visualization/share/as2_visualization/package.zsh'
[7.948s] Level 1:colcon.colcon_core.environment:create_file_with_runtime_dependencies(/root/aerostack2_ws/install/as2_visualization/share/colcon-core/packages/as2_visualization)
[8.044s] DEBUG:colcon.colcon_core.event_handler.log_command:Invoking command in '/root/aerostack2_ws/src/aerostack2/as2_user_interfaces/as2_keyboard_teleoperation': AMENT_PREFIX_PATH=/root/aerostack2_ws/install/as2_python_api:/root/aerostack2_ws/install/rmf_demos_gz_classic:/root/aerostack2_ws/install/rmf_demos_gz:/root/aerostack2_ws/install/rmf_demos:/root/aerostack2_ws/install/rmf_demos_tasks:/root/aerostack2_ws/install/rmf_demos_panel:/root/aerostack2_ws/install/rmf_demos_maps:/root/aerostack2_ws/install/rmf_demos_fleet_adapter:/root/aerostack2_ws/install/rmf_demos_dashboard_resources:/root/aerostack2_ws/install/rmf_demos_bridges:/root/aerostack2_ws/install/rmf_demos_assets:/root/aerostack2_ws/install/aerostack2:/root/aerostack2_ws/install/as2_visualization:/root/aerostack2_ws/install/as2_usb_camera_interface:/root/aerostack2_ws/install/as2_swarm_perception:/root/aerostack2_ws/install/as2_swarm_fusion_ci:/root/aerostack2_ws/install/as2_swarm_ekf:/root/aerostack2_ws/install/as2_state_estimator:/root/aerostack2_ws/install/as2_rviz_plugins:/root/aerostack2_ws/install/as2_realsense_interface:/root/aerostack2_ws/install/as2_keyboard_teleoperation:/root/aerostack2_ws/install/as2_project_bringup:/root/aerostack2_ws/install/as2_platform_multirotor_simulator:/root/aerostack2_ws/install/as2_platform_gazebo:/root/aerostack2_ws/install/as2_perception:/root/aerostack2_ws/install/as2_motion_controller:/root/aerostack2_ws/install/as2_behaviors_trajectory_generation:/root/aerostack2_ws/install/as2_behaviors_swarm_flocking:/root/aerostack2_ws/install/as2_behaviors_motion:/root/aerostack2_ws/install/as2_motion_reference_handlers:/root/aerostack2_ws/install/as2_map_server:/root/aerostack2_ws/install/as2_geozones:/root/aerostack2_ws/install/as2_gazebo_assets:/root/aerostack2_ws/install/as2_external_object_to_tf:/root/aerostack2_ws/install/as2_behaviors_platform:/root/aerostack2_ws/install/as2_behaviors_perception:/root/aerostack2_ws/install/as2_behaviors_path_planning:/root/aerostack2_ws/install/as2_behavior_tree:/root/aerostack2_ws/install/as2_behavior:/root/aerostack2_ws/install/as2_alphanumeric_viewer:/root/aerostack2_ws/install/as2_core:/root/aerostack2_ws/install/as2_msgs:/root/aerostack2_ws/install/as2_groundray_perception:/root/aerostack2_ws/install/as2_cli:/opt/ros/humble CMAKE_PREFIX_PATH=/root/aerostack2_ws/install/as2_motion_reference_handlers:/root/aerostack2_ws/install/as2_core:/root/aerostack2_ws/install/as2_msgs:/root/aerostack2_ws/install/rmf_demos_gz_classic:/root/aerostack2_ws/install/rmf_demos_gz:/root/aerostack2_ws/install/rmf_demos:/root/aerostack2_ws/install/rmf_demos_maps:/root/aerostack2_ws/install/aerostack2:/root/aerostack2_ws/install/as2_usb_camera_interface:/root/aerostack2_ws/install/as2_state_estimator:/root/aerostack2_ws/install/as2_rviz_plugins:/root/aerostack2_ws/install/as2_realsense_interface:/root/aerostack2_ws/install/as2_platform_multirotor_simulator:/root/aerostack2_ws/install/as2_platform_gazebo:/root/aerostack2_ws/install/as2_motion_controller:/root/aerostack2_ws/install/as2_behaviors_trajectory_generation:/root/aerostack2_ws/install/as2_behaviors_swarm_flocking:/root/aerostack2_ws/install/as2_behaviors_motion:/root/aerostack2_ws/install/as2_map_server:/root/aerostack2_ws/install/as2_geozones:/root/aerostack2_ws/install/as2_gazebo_assets:/root/aerostack2_ws/install/as2_external_object_to_tf:/root/aerostack2_ws/install/as2_behaviors_platform:/root/aerostack2_ws/install/as2_behaviors_perception:/root/aerostack2_ws/install/as2_behaviors_path_planning:/root/aerostack2_ws/install/as2_behavior_tree:/root/aerostack2_ws/install/as2_behavior:/root/aerostack2_ws/install/as2_alphanumeric_viewer:/root/aerostack2_ws/install/as2_cli LD_LIBRARY_PATH=/root/aerostack2_ws/install/as2_core/lib:/root/aerostack2_ws/install/as2_msgs/lib:/root/aerostack2_ws/install/as2_state_estimator/lib:/root/aerostack2_ws/install/as2_python_api/lib:/root/aerostack2_ws/install/as2_motion_controller/lib:/root/aerostack2_ws/install/as2_behaviors_trajectory_generation/lib:/root/aerostack2_ws/install/as2_behaviors_swarm_flocking/lib:/root/aerostack2_ws/install/as2_behaviors_motion/lib:/root/aerostack2_ws/install/as2_motion_reference_handlers/lib:/root/aerostack2_ws/install/as2_map_server/lib:/root/aerostack2_ws/install/as2_gazebo_assets/lib:/root/aerostack2_ws/install/as2_behaviors_perception/lib:/root/aerostack2_ws/install/as2_behaviors_path_planning/lib:/root/aerostack2_ws/install/as2_behavior_tree/lib:/root/aerostack2_ws/install/as2_behavior/lib:/opt/ros/humble/opt/rviz_ogre_vendor/lib:/opt/ros/humble/lib/x86_64-linux-gnu:/opt/ros/humble/lib PYTHONPATH=/root/aerostack2_ws/build/as2_keyboard_teleoperation/prefix_override:/usr/lib/python3/dist-packages/colcon_core/task/python/colcon_distutils_commands:/root/aerostack2_ws/install/as2_keyboard_teleoperation/lib/python3.10/site-packages:/root/aerostack2_ws/install/as2_python_api/lib/python3.10/site-packages:/root/aerostack2_ws/install/rmf_demos_tasks/lib/python3.10/site-packages:/root/aerostack2_ws/install/rmf_demos_panel/lib/python3.10/site-packages:/root/aerostack2_ws/install/rmf_demos_fleet_adapter/lib/python3.10/site-packages:/root/aerostack2_ws/install/rmf_demos_bridges/lib/python3.10/site-packages:/root/aerostack2_ws/install/as2_visualization/lib/python3.10/site-packages:/root/aerostack2_ws/install/as2_swarm_perception/lib/python3.10/site-packages:/root/aerostack2_ws/install/as2_swarm_fusion_ci/lib/python3.10/site-packages:/root/aerostack2_ws/install/as2_swarm_ekf/lib/python3.10/site-packages:/root/aerostack2_ws/install/as2_keyboard_teleoperation/lib/python3.10/site-packages:/root/aerostack2_ws/install/as2_project_bringup/lib/python3.10/site-packages:/root/aerostack2_ws/install/as2_perception/lib/python3.10/site-packages:/root/aerostack2_ws/install/as2_motion_reference_handlers/local/lib/python3.10/dist-packages:/root/aerostack2_ws/install/as2_gazebo_assets/local/lib/python3.10/dist-packages:/root/aerostack2_ws/install/as2_core/local/lib/python3.10/dist-packages:/root/aerostack2_ws/install/as2_msgs/local/lib/python3.10/dist-packages:/root/aerostack2_ws/install/as2_groundray_perception/lib/python3.10/site-packages:/opt/ros/humble/lib/python3.10/site-packages:/opt/ros/humble/local/lib/python3.10/dist-packages /usr/bin/python3 -W ignore:setup.py install is deprecated -W ignore:easy_install command is deprecated setup.py egg_info --egg-base ../../../../build/as2_keyboard_teleoperation build --build-base /root/aerostack2_ws/build/as2_keyboard_teleoperation/build install --record /root/aerostack2_ws/build/as2_keyboard_teleoperation/install.log --single-version-externally-managed install_data
[8.370s] Level 1:colcon.colcon_core.environment:checking '/root/aerostack2_ws/install/as2_keyboard_teleoperation' for CMake module files
[8.370s] DEBUG:colcon.colcon_core.event_handler.log_command:Invoked command in '/root/aerostack2_ws/src/aerostack2/as2_user_interfaces/as2_keyboard_teleoperation' returned '0': AMENT_PREFIX_PATH=/root/aerostack2_ws/install/as2_python_api:/root/aerostack2_ws/install/rmf_demos_gz_classic:/root/aerostack2_ws/install/rmf_demos_gz:/root/aerostack2_ws/install/rmf_demos:/root/aerostack2_ws/install/rmf_demos_tasks:/root/aerostack2_ws/install/rmf_demos_panel:/root/aerostack2_ws/install/rmf_demos_maps:/root/aerostack2_ws/install/rmf_demos_fleet_adapter:/root/aerostack2_ws/install/rmf_demos_dashboard_resources:/root/aerostack2_ws/install/rmf_demos_bridges:/root/aerostack2_ws/install/rmf_demos_assets:/root/aerostack2_ws/install/aerostack2:/root/aerostack2_ws/install/as2_visualization:/root/aerostack2_ws/install/as2_usb_camera_interface:/root/aerostack2_ws/install/as2_swarm_perception:/root/aerostack2_ws/install/as2_swarm_fusion_ci:/root/aerostack2_ws/install/as2_swarm_ekf:/root/aerostack2_ws/install/as2_state_estimator:/root/aerostack2_ws/install/as2_rviz_plugins:/root/aerostack2_ws/install/as2_realsense_interface:/root/aerostack2_ws/install/as2_keyboard_teleoperation:/root/aerostack2_ws/install/as2_project_bringup:/root/aerostack2_ws/install/as2_platform_multirotor_simulator:/root/aerostack2_ws/install/as2_platform_gazebo:/root/aerostack2_ws/install/as2_perception:/root/aerostack2_ws/install/as2_motion_controller:/root/aerostack2_ws/install/as2_behaviors_trajectory_generation:/root/aerostack2_ws/install/as2_behaviors_swarm_flocking:/root/aerostack2_ws/install/as2_behaviors_motion:/root/aerostack2_ws/install/as2_motion_reference_handlers:/root/aerostack2_ws/install/as2_map_server:/root/aerostack2_ws/install/as2_geozones:/root/aerostack2_ws/install/as2_gazebo_assets:/root/aerostack2_ws/install/as2_external_object_to_tf:/root/aerostack2_ws/install/as2_behaviors_platform:/root/aerostack2_ws/install/as2_behaviors_perception:/root/aerostack2_ws/install/as2_behaviors_path_planning:/root/aerostack2_ws/install/as2_behavior_tree:/root/aerostack2_ws/install/as2_behavior:/root/aerostack2_ws/install/as2_alphanumeric_viewer:/root/aerostack2_ws/install/as2_core:/root/aerostack2_ws/install/as2_msgs:/root/aerostack2_ws/install/as2_groundray_perception:/root/aerostack2_ws/install/as2_cli:/opt/ros/humble CMAKE_PREFIX_PATH=/root/aerostack2_ws/install/as2_motion_reference_handlers:/root/aerostack2_ws/install/as2_core:/root/aerostack2_ws/install/as2_msgs:/root/aerostack2_ws/install/rmf_demos_gz_classic:/root/aerostack2_ws/install/rmf_demos_gz:/root/aerostack2_ws/install/rmf_demos:/root/aerostack2_ws/install/rmf_demos_maps:/root/aerostack2_ws/install/aerostack2:/root/aerostack2_ws/install/as2_usb_camera_interface:/root/aerostack2_ws/install/as2_state_estimator:/root/aerostack2_ws/install/as2_rviz_plugins:/root/aerostack2_ws/install/as2_realsense_interface:/root/aerostack2_ws/install/as2_platform_multirotor_simulator:/root/aerostack2_ws/install/as2_platform_gazebo:/root/aerostack2_ws/install/as2_motion_controller:/root/aerostack2_ws/install/as2_behaviors_trajectory_generation:/root/aerostack2_ws/install/as2_behaviors_swarm_flocking:/root/aerostack2_ws/install/as2_behaviors_motion:/root/aerostack2_ws/install/as2_map_server:/root/aerostack2_ws/install/as2_geozones:/root/aerostack2_ws/install/as2_gazebo_assets:/root/aerostack2_ws/install/as2_external_object_to_tf:/root/aerostack2_ws/install/as2_behaviors_platform:/root/aerostack2_ws/install/as2_behaviors_perception:/root/aerostack2_ws/install/as2_behaviors_path_planning:/root/aerostack2_ws/install/as2_behavior_tree:/root/aerostack2_ws/install/as2_behavior:/root/aerostack2_ws/install/as2_alphanumeric_viewer:/root/aerostack2_ws/install/as2_cli LD_LIBRARY_PATH=/root/aerostack2_ws/install/as2_core/lib:/root/aerostack2_ws/install/as2_msgs/lib:/root/aerostack2_ws/install/as2_state_estimator/lib:/root/aerostack2_ws/install/as2_python_api/lib:/root/aerostack2_ws/install/as2_motion_controller/lib:/root/aerostack2_ws/install/as2_behaviors_trajectory_generation/lib:/root/aerostack2_ws/install/as2_behaviors_swarm_flocking/lib:/root/aerostack2_ws/install/as2_behaviors_motion/lib:/root/aerostack2_ws/install/as2_motion_reference_handlers/lib:/root/aerostack2_ws/install/as2_map_server/lib:/root/aerostack2_ws/install/as2_gazebo_assets/lib:/root/aerostack2_ws/install/as2_behaviors_perception/lib:/root/aerostack2_ws/install/as2_behaviors_path_planning/lib:/root/aerostack2_ws/install/as2_behavior_tree/lib:/root/aerostack2_ws/install/as2_behavior/lib:/opt/ros/humble/opt/rviz_ogre_vendor/lib:/opt/ros/humble/lib/x86_64-linux-gnu:/opt/ros/humble/lib PYTHONPATH=/root/aerostack2_ws/build/as2_keyboard_teleoperation/prefix_override:/usr/lib/python3/dist-packages/colcon_core/task/python/colcon_distutils_commands:/root/aerostack2_ws/install/as2_keyboard_teleoperation/lib/python3.10/site-packages:/root/aerostack2_ws/install/as2_python_api/lib/python3.10/site-packages:/root/aerostack2_ws/install/rmf_demos_tasks/lib/python3.10/site-packages:/root/aerostack2_ws/install/rmf_demos_panel/lib/python3.10/site-packages:/root/aerostack2_ws/install/rmf_demos_fleet_adapter/lib/python3.10/site-packages:/root/aerostack2_ws/install/rmf_demos_bridges/lib/python3.10/site-packages:/root/aerostack2_ws/install/as2_visualization/lib/python3.10/site-packages:/root/aerostack2_ws/install/as2_swarm_perception/lib/python3.10/site-packages:/root/aerostack2_ws/install/as2_swarm_fusion_ci/lib/python3.10/site-packages:/root/aerostack2_ws/install/as2_swarm_ekf/lib/python3.10/site-packages:/root/aerostack2_ws/install/as2_keyboard_teleoperation/lib/python3.10/site-packages:/root/aerostack2_ws/install/as2_project_bringup/lib/python3.10/site-packages:/root/aerostack2_ws/install/as2_perception/lib/python3.10/site-packages:/root/aerostack2_ws/install/as2_motion_reference_handlers/local/lib/python3.10/dist-packages:/root/aerostack2_ws/install/as2_gazebo_assets/local/lib/python3.10/dist-packages:/root/aerostack2_ws/install/as2_core/local/lib/python3.10/dist-packages:/root/aerostack2_ws/install/as2_msgs/local/lib/python3.10/dist-packages:/root/aerostack2_ws/install/as2_groundray_perception/lib/python3.10/site-packages:/opt/ros/humble/lib/python3.10/site-packages:/opt/ros/humble/local/lib/python3.10/dist-packages /usr/bin/python3 -W ignore:setup.py install is deprecated -W ignore:easy_install command is deprecated setup.py egg_info --egg-base ../../../../build/as2_keyboard_teleoperation build --build-base /root/aerostack2_ws/build/as2_keyboard_teleoperation/build install --record /root/aerostack2_ws/build/as2_keyboard_teleoperation/install.log --single-version-externally-managed install_data
[8.371s] Level 1:colcon.colcon_core.environment:checking '/root/aerostack2_ws/install/as2_keyboard_teleoperation' for CMake config files
[8.371s] Level 1:colcon.colcon_core.environment:checking '/root/aerostack2_ws/install/as2_keyboard_teleoperation/lib'
[8.371s] Level 1:colcon.colcon_core.environment:checking '/root/aerostack2_ws/install/as2_keyboard_teleoperation/bin'
[8.371s] Level 1:colcon.colcon_core.environment:checking '/root/aerostack2_ws/install/as2_keyboard_teleoperation/lib/pkgconfig/as2_keyboard_teleoperation.pc'
[8.372s] Level 1:colcon.colcon_core.environment:checking '/root/aerostack2_ws/install/as2_keyboard_teleoperation/lib/python3.10/site-packages'
[8.372s] Level 1:colcon.colcon_core.shell:create_environment_hook('as2_keyboard_teleoperation', 'pythonpath')
[8.372s] INFO:colcon.colcon_core.shell:Creating environment hook '/root/aerostack2_ws/install/as2_keyboard_teleoperation/share/as2_keyboard_teleoperation/hook/pythonpath.ps1'
[8.372s] INFO:colcon.colcon_core.shell:Creating environment descriptor '/root/aerostack2_ws/install/as2_keyboard_teleoperation/share/as2_keyboard_teleoperation/hook/pythonpath.dsv'
[8.373s] INFO:colcon.colcon_core.shell:Creating environment hook '/root/aerostack2_ws/install/as2_keyboard_teleoperation/share/as2_keyboard_teleoperation/hook/pythonpath.sh'
[8.373s] Level 1:colcon.colcon_core.environment:checking '/root/aerostack2_ws/install/as2_keyboard_teleoperation/bin'
[8.373s] Level 1:colcon.colcon_core.environment:create_environment_scripts_only(as2_keyboard_teleoperation)
[8.374s] INFO:colcon.colcon_core.shell:Creating package script '/root/aerostack2_ws/install/as2_keyboard_teleoperation/share/as2_keyboard_teleoperation/package.ps1'
[8.374s] INFO:colcon.colcon_core.shell:Creating package descriptor '/root/aerostack2_ws/install/as2_keyboard_teleoperation/share/as2_keyboard_teleoperation/package.dsv'
[8.374s] INFO:colcon.colcon_core.shell:Creating package script '/root/aerostack2_ws/install/as2_keyboard_teleoperation/share/as2_keyboard_teleoperation/package.sh'
[8.375s] INFO:colcon.colcon_core.shell:Creating package script '/root/aerostack2_ws/install/as2_keyboard_teleoperation/share/as2_keyboard_teleoperation/package.bash'
[8.375s] INFO:colcon.colcon_core.shell:Creating package script '/root/aerostack2_ws/install/as2_keyboard_teleoperation/share/as2_keyboard_teleoperation/package.zsh'
[8.376s] Level 1:colcon.colcon_core.environment:create_file_with_runtime_dependencies(/root/aerostack2_ws/install/as2_keyboard_teleoperation/share/colcon-core/packages/as2_keyboard_teleoperation)
[8.376s] INFO:colcon.colcon_ros.task.ament_cmake.build:Building ROS package in '/root/aerostack2_ws/src/aerostack2/aerostack2' with build type 'ament_cmake'
[8.376s] INFO:colcon.colcon_cmake.task.cmake.build:Building CMake package in '/root/aerostack2_ws/src/aerostack2/aerostack2'
[8.376s] INFO:colcon.colcon_core.shell:Skip shell extension 'powershell' for command environment: Not usable outside of PowerShell
[8.376s] DEBUG:colcon.colcon_core.shell:Skip shell extension 'dsv' for command environment
[8.429s] DEBUG:colcon.colcon_core.event_handler.log_command:Invoking command in '/root/aerostack2_ws/build/aerostack2': AMENT_PREFIX_PATH=/root/aerostack2_ws/install/as2_keyboard_teleoperation:/root/aerostack2_ws/install/as2_visualization:/root/aerostack2_ws/install/as2_python_api:/root/aerostack2_ws/install/rmf_demos_gz_classic:/root/aerostack2_ws/install/rmf_demos_gz:/root/aerostack2_ws/install/rmf_demos:/root/aerostack2_ws/install/rmf_demos_tasks:/root/aerostack2_ws/install/rmf_demos_panel:/root/aerostack2_ws/install/rmf_demos_maps:/root/aerostack2_ws/install/rmf_demos_fleet_adapter:/root/aerostack2_ws/install/rmf_demos_dashboard_resources:/root/aerostack2_ws/install/rmf_demos_bridges:/root/aerostack2_ws/install/rmf_demos_assets:/root/aerostack2_ws/install/aerostack2:/root/aerostack2_ws/install/as2_usb_camera_interface:/root/aerostack2_ws/install/as2_swarm_perception:/root/aerostack2_ws/install/as2_swarm_fusion_ci:/root/aerostack2_ws/install/as2_swarm_ekf:/root/aerostack2_ws/install/as2_state_estimator:/root/aerostack2_ws/install/as2_rviz_plugins:/root/aerostack2_ws/install/as2_realsense_interface:/root/aerostack2_ws/install/as2_project_bringup:/root/aerostack2_ws/install/as2_platform_multirotor_simulator:/root/aerostack2_ws/install/as2_platform_gazebo:/root/aerostack2_ws/install/as2_perception:/root/aerostack2_ws/install/as2_motion_controller:/root/aerostack2_ws/install/as2_behaviors_trajectory_generation:/root/aerostack2_ws/install/as2_behaviors_swarm_flocking:/root/aerostack2_ws/install/as2_behaviors_motion:/root/aerostack2_ws/install/as2_motion_reference_handlers:/root/aerostack2_ws/install/as2_map_server:/root/aerostack2_ws/install/as2_geozones:/root/aerostack2_ws/install/as2_gazebo_assets:/root/aerostack2_ws/install/as2_external_object_to_tf:/root/aerostack2_ws/install/as2_behaviors_platform:/root/aerostack2_ws/install/as2_behaviors_perception:/root/aerostack2_ws/install/as2_behaviors_path_planning:/root/aerostack2_ws/install/as2_behavior_tree:/root/aerostack2_ws/install/as2_behavior:/root/aerostack2_ws/install/as2_alphanumeric_viewer:/root/aerostack2_ws/install/as2_core:/root/aerostack2_ws/install/as2_msgs:/root/aerostack2_ws/install/as2_groundray_perception:/root/aerostack2_ws/install/as2_cli:/opt/ros/humble CMAKE_PREFIX_PATH=/root/aerostack2_ws/install/as2_rviz_plugins:/root/aerostack2_ws/install/as2_platform_gazebo:/root/aerostack2_ws/install/as2_motion_controller:/root/aerostack2_ws/install/as2_behaviors_trajectory_generation:/root/aerostack2_ws/install/as2_behaviors_platform:/root/aerostack2_ws/install/as2_behaviors_perception:/root/aerostack2_ws/install/as2_behaviors_path_planning:/root/aerostack2_ws/install/as2_behaviors_motion:/root/aerostack2_ws/install/as2_usb_camera_interface:/root/aerostack2_ws/install/as2_state_estimator:/root/aerostack2_ws/install/as2_realsense_interface:/root/aerostack2_ws/install/as2_platform_multirotor_simulator:/root/aerostack2_ws/install/as2_motion_reference_handlers:/root/aerostack2_ws/install/as2_map_server:/root/aerostack2_ws/install/as2_geozones:/root/aerostack2_ws/install/as2_gazebo_assets:/root/aerostack2_ws/install/as2_external_object_to_tf:/root/aerostack2_ws/install/as2_behavior_tree:/root/aerostack2_ws/install/as2_behavior:/root/aerostack2_ws/install/as2_alphanumeric_viewer:/root/aerostack2_ws/install/as2_core:/root/aerostack2_ws/install/as2_msgs:/root/aerostack2_ws/install/as2_cli:/root/aerostack2_ws/install/rmf_demos_gz_classic:/root/aerostack2_ws/install/rmf_demos_gz:/root/aerostack2_ws/install/rmf_demos:/root/aerostack2_ws/install/rmf_demos_maps:/root/aerostack2_ws/install/aerostack2:/root/aerostack2_ws/install/as2_behaviors_swarm_flocking:/root/aerostack2_ws/install/rmf_demos_tasks:/root/aerostack2_ws/install/rmf_demos_panel:/root/aerostack2_ws/install/rmf_demos_fleet_adapter:/root/aerostack2_ws/install/rmf_demos_dashboard_resources:/root/aerostack2_ws/install/rmf_demos_bridges:/root/aerostack2_ws/install/rmf_demos_assets:/root/aerostack2_ws/install/as2_visualization:/root/aerostack2_ws/install/as2_swarm_perception:/root/aerostack2_ws/install/as2_swarm_fusion_ci:/root/aerostack2_ws/install/as2_swarm_ekf:/root/aerostack2_ws/install/as2_keyboard_teleoperation:/root/aerostack2_ws/install/as2_python_api:/root/aerostack2_ws/install/as2_project_bringup:/root/aerostack2_ws/install/as2_perception:/root/aerostack2_ws/install/as2_groundray_perception:/opt/ros/humble GZ_SIM_RESOURCE_PATH=/root/aerostack2_ws/install/as2_gazebo_assets/share/as2_ign_gazebo_assets/worlds:/root/aerostack2_ws/install/as2_gazebo_assets/share/as2_ign_gazebo_assets/models:${GZ_SIM_RESOURCE_PATH} GZ_VERSION=@GZ_VERSION@ LD_LIBRARY_PATH=/root/aerostack2_ws/install/as2_motion_controller/lib:/root/aerostack2_ws/install/as2_behaviors_trajectory_generation/lib:/root/aerostack2_ws/install/as2_behaviors_perception/lib:/root/aerostack2_ws/install/as2_behaviors_path_planning/lib:/root/aerostack2_ws/install/as2_behaviors_motion/lib:/root/aerostack2_ws/install/as2_state_estimator/lib:/root/aerostack2_ws/install/as2_map_server/lib:/root/aerostack2_ws/install/as2_gazebo_assets/lib:/root/aerostack2_ws/install/as2_behavior_tree/lib:/root/aerostack2_ws/install/as2_behavior/lib:/root/aerostack2_ws/install/as2_core/lib:/root/aerostack2_ws/install/as2_msgs/lib:/root/aerostack2_ws/install/as2_python_api/lib:/root/aerostack2_ws/install/as2_behaviors_swarm_flocking/lib:/root/aerostack2_ws/install/as2_motion_reference_handlers/lib:/opt/ros/humble/opt/rviz_ogre_vendor/lib:/opt/ros/humble/lib/x86_64-linux-gnu:/opt/ros/humble/lib PYTHONPATH=/root/aerostack2_ws/install/as2_keyboard_teleoperation/lib/python3.10/site-packages:/root/aerostack2_ws/install/as2_visualization/lib/python3.10/site-packages:/root/aerostack2_ws/install/as2_python_api/lib/python3.10/site-packages:/root/aerostack2_ws/install/rmf_demos_tasks/lib/python3.10/site-packages:/root/aerostack2_ws/install/rmf_demos_panel/lib/python3.10/site-packages:/root/aerostack2_ws/install/rmf_demos_fleet_adapter/lib/python3.10/site-packages:/root/aerostack2_ws/install/rmf_demos_bridges/lib/python3.10/site-packages:/root/aerostack2_ws/install/as2_swarm_perception/lib/python3.10/site-packages:/root/aerostack2_ws/install/as2_swarm_fusion_ci/lib/python3.10/site-packages:/root/aerostack2_ws/install/as2_swarm_ekf/lib/python3.10/site-packages:/root/aerostack2_ws/install/as2_project_bringup/lib/python3.10/site-packages:/root/aerostack2_ws/install/as2_perception/lib/python3.10/site-packages:/root/aerostack2_ws/install/as2_motion_reference_handlers/local/lib/python3.10/dist-packages:/root/aerostack2_ws/install/as2_gazebo_assets/local/lib/python3.10/dist-packages:/root/aerostack2_ws/install/as2_core/local/lib/python3.10/dist-packages:/root/aerostack2_ws/install/as2_msgs/local/lib/python3.10/dist-packages:/root/aerostack2_ws/install/as2_groundray_perception/lib/python3.10/site-packages:/opt/ros/humble/lib/python3.10/site-packages:/opt/ros/humble/local/lib/python3.10/dist-packages /usr/bin/cmake --build /root/aerostack2_ws/build/aerostack2 -- -j8 -l8
[8.475s] DEBUG:colcon.colcon_core.event_handler.log_command:Invoked command in '/root/aerostack2_ws/build/aerostack2' returned '0': AMENT_PREFIX_PATH=/root/aerostack2_ws/install/as2_keyboard_teleoperation:/root/aerostack2_ws/install/as2_visualization:/root/aerostack2_ws/install/as2_python_api:/root/aerostack2_ws/install/rmf_demos_gz_classic:/root/aerostack2_ws/install/rmf_demos_gz:/root/aerostack2_ws/install/rmf_demos:/root/aerostack2_ws/install/rmf_demos_tasks:/root/aerostack2_ws/install/rmf_demos_panel:/root/aerostack2_ws/install/rmf_demos_maps:/root/aerostack2_ws/install/rmf_demos_fleet_adapter:/root/aerostack2_ws/install/rmf_demos_dashboard_resources:/root/aerostack2_ws/install/rmf_demos_bridges:/root/aerostack2_ws/install/rmf_demos_assets:/root/aerostack2_ws/install/aerostack2:/root/aerostack2_ws/install/as2_usb_camera_interface:/root/aerostack2_ws/install/as2_swarm_perception:/root/aerostack2_ws/install/as2_swarm_fusion_ci:/root/aerostack2_ws/install/as2_swarm_ekf:/root/aerostack2_ws/install/as2_state_estimator:/root/aerostack2_ws/install/as2_rviz_plugins:/root/aerostack2_ws/install/as2_realsense_interface:/root/aerostack2_ws/install/as2_project_bringup:/root/aerostack2_ws/install/as2_platform_multirotor_simulator:/root/aerostack2_ws/install/as2_platform_gazebo:/root/aerostack2_ws/install/as2_perception:/root/aerostack2_ws/install/as2_motion_controller:/root/aerostack2_ws/install/as2_behaviors_trajectory_generation:/root/aerostack2_ws/install/as2_behaviors_swarm_flocking:/root/aerostack2_ws/install/as2_behaviors_motion:/root/aerostack2_ws/install/as2_motion_reference_handlers:/root/aerostack2_ws/install/as2_map_server:/root/aerostack2_ws/install/as2_geozones:/root/aerostack2_ws/install/as2_gazebo_assets:/root/aerostack2_ws/install/as2_external_object_to_tf:/root/aerostack2_ws/install/as2_behaviors_platform:/root/aerostack2_ws/install/as2_behaviors_perception:/root/aerostack2_ws/install/as2_behaviors_path_planning:/root/aerostack2_ws/install/as2_behavior_tree:/root/aerostack2_ws/install/as2_behavior:/root/aerostack2_ws/install/as2_alphanumeric_viewer:/root/aerostack2_ws/install/as2_core:/root/aerostack2_ws/install/as2_msgs:/root/aerostack2_ws/install/as2_groundray_perception:/root/aerostack2_ws/install/as2_cli:/opt/ros/humble CMAKE_PREFIX_PATH=/root/aerostack2_ws/install/as2_rviz_plugins:/root/aerostack2_ws/install/as2_platform_gazebo:/root/aerostack2_ws/install/as2_motion_controller:/root/aerostack2_ws/install/as2_behaviors_trajectory_generation:/root/aerostack2_ws/install/as2_behaviors_platform:/root/aerostack2_ws/install/as2_behaviors_perception:/root/aerostack2_ws/install/as2_behaviors_path_planning:/root/aerostack2_ws/install/as2_behaviors_motion:/root/aerostack2_ws/install/as2_usb_camera_interface:/root/aerostack2_ws/install/as2_state_estimator:/root/aerostack2_ws/install/as2_realsense_interface:/root/aerostack2_ws/install/as2_platform_multirotor_simulator:/root/aerostack2_ws/install/as2_motion_reference_handlers:/root/aerostack2_ws/install/as2_map_server:/root/aerostack2_ws/install/as2_geozones:/root/aerostack2_ws/install/as2_gazebo_assets:/root/aerostack2_ws/install/as2_external_object_to_tf:/root/aerostack2_ws/install/as2_behavior_tree:/root/aerostack2_ws/install/as2_behavior:/root/aerostack2_ws/install/as2_alphanumeric_viewer:/root/aerostack2_ws/install/as2_core:/root/aerostack2_ws/install/as2_msgs:/root/aerostack2_ws/install/as2_cli:/root/aerostack2_ws/install/rmf_demos_gz_classic:/root/aerostack2_ws/install/rmf_demos_gz:/root/aerostack2_ws/install/rmf_demos:/root/aerostack2_ws/install/rmf_demos_maps:/root/aerostack2_ws/install/aerostack2:/root/aerostack2_ws/install/as2_behaviors_swarm_flocking:/root/aerostack2_ws/install/rmf_demos_tasks:/root/aerostack2_ws/install/rmf_demos_panel:/root/aerostack2_ws/install/rmf_demos_fleet_adapter:/root/aerostack2_ws/install/rmf_demos_dashboard_resources:/root/aerostack2_ws/install/rmf_demos_bridges:/root/aerostack2_ws/install/rmf_demos_assets:/root/aerostack2_ws/install/as2_visualization:/root/aerostack2_ws/install/as2_swarm_perception:/root/aerostack2_ws/install/as2_swarm_fusion_ci:/root/aerostack2_ws/install/as2_swarm_ekf:/root/aerostack2_ws/install/as2_keyboard_teleoperation:/root/aerostack2_ws/install/as2_python_api:/root/aerostack2_ws/install/as2_project_bringup:/root/aerostack2_ws/install/as2_perception:/root/aerostack2_ws/install/as2_groundray_perception:/opt/ros/humble GZ_SIM_RESOURCE_PATH=/root/aerostack2_ws/install/as2_gazebo_assets/share/as2_ign_gazebo_assets/worlds:/root/aerostack2_ws/install/as2_gazebo_assets/share/as2_ign_gazebo_assets/models:${GZ_SIM_RESOURCE_PATH} GZ_VERSION=@GZ_VERSION@ LD_LIBRARY_PATH=/root/aerostack2_ws/install/as2_motion_controller/lib:/root/aerostack2_ws/install/as2_behaviors_trajectory_generation/lib:/root/aerostack2_ws/install/as2_behaviors_perception/lib:/root/aerostack2_ws/install/as2_behaviors_path_planning/lib:/root/aerostack2_ws/install/as2_behaviors_motion/lib:/root/aerostack2_ws/install/as2_state_estimator/lib:/root/aerostack2_ws/install/as2_map_server/lib:/root/aerostack2_ws/install/as2_gazebo_assets/lib:/root/aerostack2_ws/install/as2_behavior_tree/lib:/root/aerostack2_ws/install/as2_behavior/lib:/root/aerostack2_ws/install/as2_core/lib:/root/aerostack2_ws/install/as2_msgs/lib:/root/aerostack2_ws/install/as2_python_api/lib:/root/aerostack2_ws/install/as2_behaviors_swarm_flocking/lib:/root/aerostack2_ws/install/as2_motion_reference_handlers/lib:/opt/ros/humble/opt/rviz_ogre_vendor/lib:/opt/ros/humble/lib/x86_64-linux-gnu:/opt/ros/humble/lib PYTHONPATH=/root/aerostack2_ws/install/as2_keyboard_teleoperation/lib/python3.10/site-packages:/root/aerostack2_ws/install/as2_visualization/lib/python3.10/site-packages:/root/aerostack2_ws/install/as2_python_api/lib/python3.10/site-packages:/root/aerostack2_ws/install/rmf_demos_tasks/lib/python3.10/site-packages:/root/aerostack2_ws/install/rmf_demos_panel/lib/python3.10/site-packages:/root/aerostack2_ws/install/rmf_demos_fleet_adapter/lib/python3.10/site-packages:/root/aerostack2_ws/install/rmf_demos_bridges/lib/python3.10/site-packages:/root/aerostack2_ws/install/as2_swarm_perception/lib/python3.10/site-packages:/root/aerostack2_ws/install/as2_swarm_fusion_ci/lib/python3.10/site-packages:/root/aerostack2_ws/install/as2_swarm_ekf/lib/python3.10/site-packages:/root/aerostack2_ws/install/as2_project_bringup/lib/python3.10/site-packages:/root/aerostack2_ws/install/as2_perception/lib/python3.10/site-packages:/root/aerostack2_ws/install/as2_motion_reference_handlers/local/lib/python3.10/dist-packages:/root/aerostack2_ws/install/as2_gazebo_assets/local/lib/python3.10/dist-packages:/root/aerostack2_ws/install/as2_core/local/lib/python3.10/dist-packages:/root/aerostack2_ws/install/as2_msgs/local/lib/python3.10/dist-packages:/root/aerostack2_ws/install/as2_groundray_perception/lib/python3.10/site-packages:/opt/ros/humble/lib/python3.10/site-packages:/opt/ros/humble/local/lib/python3.10/dist-packages /usr/bin/cmake --build /root/aerostack2_ws/build/aerostack2 -- -j8 -l8
[8.476s] DEBUG:colcon.colcon_core.event_handler.log_command:Invoking command in '/root/aerostack2_ws/build/aerostack2': AMENT_PREFIX_PATH=/root/aerostack2_ws/install/as2_keyboard_teleoperation:/root/aerostack2_ws/install/as2_visualization:/root/aerostack2_ws/install/as2_python_api:/root/aerostack2_ws/install/rmf_demos_gz_classic:/root/aerostack2_ws/install/rmf_demos_gz:/root/aerostack2_ws/install/rmf_demos:/root/aerostack2_ws/install/rmf_demos_tasks:/root/aerostack2_ws/install/rmf_demos_panel:/root/aerostack2_ws/install/rmf_demos_maps:/root/aerostack2_ws/install/rmf_demos_fleet_adapter:/root/aerostack2_ws/install/rmf_demos_dashboard_resources:/root/aerostack2_ws/install/rmf_demos_bridges:/root/aerostack2_ws/install/rmf_demos_assets:/root/aerostack2_ws/install/aerostack2:/root/aerostack2_ws/install/as2_usb_camera_interface:/root/aerostack2_ws/install/as2_swarm_perception:/root/aerostack2_ws/install/as2_swarm_fusion_ci:/root/aerostack2_ws/install/as2_swarm_ekf:/root/aerostack2_ws/install/as2_state_estimator:/root/aerostack2_ws/install/as2_rviz_plugins:/root/aerostack2_ws/install/as2_realsense_interface:/root/aerostack2_ws/install/as2_project_bringup:/root/aerostack2_ws/install/as2_platform_multirotor_simulator:/root/aerostack2_ws/install/as2_platform_gazebo:/root/aerostack2_ws/install/as2_perception:/root/aerostack2_ws/install/as2_motion_controller:/root/aerostack2_ws/install/as2_behaviors_trajectory_generation:/root/aerostack2_ws/install/as2_behaviors_swarm_flocking:/root/aerostack2_ws/install/as2_behaviors_motion:/root/aerostack2_ws/install/as2_motion_reference_handlers:/root/aerostack2_ws/install/as2_map_server:/root/aerostack2_ws/install/as2_geozones:/root/aerostack2_ws/install/as2_gazebo_assets:/root/aerostack2_ws/install/as2_external_object_to_tf:/root/aerostack2_ws/install/as2_behaviors_platform:/root/aerostack2_ws/install/as2_behaviors_perception:/root/aerostack2_ws/install/as2_behaviors_path_planning:/root/aerostack2_ws/install/as2_behavior_tree:/root/aerostack2_ws/install/as2_behavior:/root/aerostack2_ws/install/as2_alphanumeric_viewer:/root/aerostack2_ws/install/as2_core:/root/aerostack2_ws/install/as2_msgs:/root/aerostack2_ws/install/as2_groundray_perception:/root/aerostack2_ws/install/as2_cli:/opt/ros/humble CMAKE_PREFIX_PATH=/root/aerostack2_ws/install/as2_rviz_plugins:/root/aerostack2_ws/install/as2_platform_gazebo:/root/aerostack2_ws/install/as2_motion_controller:/root/aerostack2_ws/install/as2_behaviors_trajectory_generation:/root/aerostack2_ws/install/as2_behaviors_platform:/root/aerostack2_ws/install/as2_behaviors_perception:/root/aerostack2_ws/install/as2_behaviors_path_planning:/root/aerostack2_ws/install/as2_behaviors_motion:/root/aerostack2_ws/install/as2_usb_camera_interface:/root/aerostack2_ws/install/as2_state_estimator:/root/aerostack2_ws/install/as2_realsense_interface:/root/aerostack2_ws/install/as2_platform_multirotor_simulator:/root/aerostack2_ws/install/as2_motion_reference_handlers:/root/aerostack2_ws/install/as2_map_server:/root/aerostack2_ws/install/as2_geozones:/root/aerostack2_ws/install/as2_gazebo_assets:/root/aerostack2_ws/install/as2_external_object_to_tf:/root/aerostack2_ws/install/as2_behavior_tree:/root/aerostack2_ws/install/as2_behavior:/root/aerostack2_ws/install/as2_alphanumeric_viewer:/root/aerostack2_ws/install/as2_core:/root/aerostack2_ws/install/as2_msgs:/root/aerostack2_ws/install/as2_cli:/root/aerostack2_ws/install/rmf_demos_gz_classic:/root/aerostack2_ws/install/rmf_demos_gz:/root/aerostack2_ws/install/rmf_demos:/root/aerostack2_ws/install/rmf_demos_maps:/root/aerostack2_ws/install/aerostack2:/root/aerostack2_ws/install/as2_behaviors_swarm_flocking:/root/aerostack2_ws/install/rmf_demos_tasks:/root/aerostack2_ws/install/rmf_demos_panel:/root/aerostack2_ws/install/rmf_demos_fleet_adapter:/root/aerostack2_ws/install/rmf_demos_dashboard_resources:/root/aerostack2_ws/install/rmf_demos_bridges:/root/aerostack2_ws/install/rmf_demos_assets:/root/aerostack2_ws/install/as2_visualization:/root/aerostack2_ws/install/as2_swarm_perception:/root/aerostack2_ws/install/as2_swarm_fusion_ci:/root/aerostack2_ws/install/as2_swarm_ekf:/root/aerostack2_ws/install/as2_keyboard_teleoperation:/root/aerostack2_ws/install/as2_python_api:/root/aerostack2_ws/install/as2_project_bringup:/root/aerostack2_ws/install/as2_perception:/root/aerostack2_ws/install/as2_groundray_perception:/opt/ros/humble GZ_SIM_RESOURCE_PATH=/root/aerostack2_ws/install/as2_gazebo_assets/share/as2_ign_gazebo_assets/worlds:/root/aerostack2_ws/install/as2_gazebo_assets/share/as2_ign_gazebo_assets/models:${GZ_SIM_RESOURCE_PATH} GZ_VERSION=@GZ_VERSION@ LD_LIBRARY_PATH=/root/aerostack2_ws/install/as2_motion_controller/lib:/root/aerostack2_ws/install/as2_behaviors_trajectory_generation/lib:/root/aerostack2_ws/install/as2_behaviors_perception/lib:/root/aerostack2_ws/install/as2_behaviors_path_planning/lib:/root/aerostack2_ws/install/as2_behaviors_motion/lib:/root/aerostack2_ws/install/as2_state_estimator/lib:/root/aerostack2_ws/install/as2_map_server/lib:/root/aerostack2_ws/install/as2_gazebo_assets/lib:/root/aerostack2_ws/install/as2_behavior_tree/lib:/root/aerostack2_ws/install/as2_behavior/lib:/root/aerostack2_ws/install/as2_core/lib:/root/aerostack2_ws/install/as2_msgs/lib:/root/aerostack2_ws/install/as2_python_api/lib:/root/aerostack2_ws/install/as2_behaviors_swarm_flocking/lib:/root/aerostack2_ws/install/as2_motion_reference_handlers/lib:/opt/ros/humble/opt/rviz_ogre_vendor/lib:/opt/ros/humble/lib/x86_64-linux-gnu:/opt/ros/humble/lib PYTHONPATH=/root/aerostack2_ws/install/as2_keyboard_teleoperation/lib/python3.10/site-packages:/root/aerostack2_ws/install/as2_visualization/lib/python3.10/site-packages:/root/aerostack2_ws/install/as2_python_api/lib/python3.10/site-packages:/root/aerostack2_ws/install/rmf_demos_tasks/lib/python3.10/site-packages:/root/aerostack2_ws/install/rmf_demos_panel/lib/python3.10/site-packages:/root/aerostack2_ws/install/rmf_demos_fleet_adapter/lib/python3.10/site-packages:/root/aerostack2_ws/install/rmf_demos_bridges/lib/python3.10/site-packages:/root/aerostack2_ws/install/as2_swarm_perception/lib/python3.10/site-packages:/root/aerostack2_ws/install/as2_swarm_fusion_ci/lib/python3.10/site-packages:/root/aerostack2_ws/install/as2_swarm_ekf/lib/python3.10/site-packages:/root/aerostack2_ws/install/as2_project_bringup/lib/python3.10/site-packages:/root/aerostack2_ws/install/as2_perception/lib/python3.10/site-packages:/root/aerostack2_ws/install/as2_motion_reference_handlers/local/lib/python3.10/dist-packages:/root/aerostack2_ws/install/as2_gazebo_assets/local/lib/python3.10/dist-packages:/root/aerostack2_ws/install/as2_core/local/lib/python3.10/dist-packages:/root/aerostack2_ws/install/as2_msgs/local/lib/python3.10/dist-packages:/root/aerostack2_ws/install/as2_groundray_perception/lib/python3.10/site-packages:/opt/ros/humble/lib/python3.10/site-packages:/opt/ros/humble/local/lib/python3.10/dist-packages /usr/bin/cmake --install /root/aerostack2_ws/build/aerostack2
[8.486s] Level 1:colcon.colcon_core.environment:create_environment_scripts_only(aerostack2)
[8.487s] Level 1:colcon.colcon_core.environment:checking '/root/aerostack2_ws/install/aerostack2' for CMake module files
[8.487s] DEBUG:colcon.colcon_core.event_handler.log_command:Invoked command in '/root/aerostack2_ws/build/aerostack2' returned '0': AMENT_PREFIX_PATH=/root/aerostack2_ws/install/as2_keyboard_teleoperation:/root/aerostack2_ws/install/as2_visualization:/root/aerostack2_ws/install/as2_python_api:/root/aerostack2_ws/install/rmf_demos_gz_classic:/root/aerostack2_ws/install/rmf_demos_gz:/root/aerostack2_ws/install/rmf_demos:/root/aerostack2_ws/install/rmf_demos_tasks:/root/aerostack2_ws/install/rmf_demos_panel:/root/aerostack2_ws/install/rmf_demos_maps:/root/aerostack2_ws/install/rmf_demos_fleet_adapter:/root/aerostack2_ws/install/rmf_demos_dashboard_resources:/root/aerostack2_ws/install/rmf_demos_bridges:/root/aerostack2_ws/install/rmf_demos_assets:/root/aerostack2_ws/install/aerostack2:/root/aerostack2_ws/install/as2_usb_camera_interface:/root/aerostack2_ws/install/as2_swarm_perception:/root/aerostack2_ws/install/as2_swarm_fusion_ci:/root/aerostack2_ws/install/as2_swarm_ekf:/root/aerostack2_ws/install/as2_state_estimator:/root/aerostack2_ws/install/as2_rviz_plugins:/root/aerostack2_ws/install/as2_realsense_interface:/root/aerostack2_ws/install/as2_project_bringup:/root/aerostack2_ws/install/as2_platform_multirotor_simulator:/root/aerostack2_ws/install/as2_platform_gazebo:/root/aerostack2_ws/install/as2_perception:/root/aerostack2_ws/install/as2_motion_controller:/root/aerostack2_ws/install/as2_behaviors_trajectory_generation:/root/aerostack2_ws/install/as2_behaviors_swarm_flocking:/root/aerostack2_ws/install/as2_behaviors_motion:/root/aerostack2_ws/install/as2_motion_reference_handlers:/root/aerostack2_ws/install/as2_map_server:/root/aerostack2_ws/install/as2_geozones:/root/aerostack2_ws/install/as2_gazebo_assets:/root/aerostack2_ws/install/as2_external_object_to_tf:/root/aerostack2_ws/install/as2_behaviors_platform:/root/aerostack2_ws/install/as2_behaviors_perception:/root/aerostack2_ws/install/as2_behaviors_path_planning:/root/aerostack2_ws/install/as2_behavior_tree:/root/aerostack2_ws/install/as2_behavior:/root/aerostack2_ws/install/as2_alphanumeric_viewer:/root/aerostack2_ws/install/as2_core:/root/aerostack2_ws/install/as2_msgs:/root/aerostack2_ws/install/as2_groundray_perception:/root/aerostack2_ws/install/as2_cli:/opt/ros/humble CMAKE_PREFIX_PATH=/root/aerostack2_ws/install/as2_rviz_plugins:/root/aerostack2_ws/install/as2_platform_gazebo:/root/aerostack2_ws/install/as2_motion_controller:/root/aerostack2_ws/install/as2_behaviors_trajectory_generation:/root/aerostack2_ws/install/as2_behaviors_platform:/root/aerostack2_ws/install/as2_behaviors_perception:/root/aerostack2_ws/install/as2_behaviors_path_planning:/root/aerostack2_ws/install/as2_behaviors_motion:/root/aerostack2_ws/install/as2_usb_camera_interface:/root/aerostack2_ws/install/as2_state_estimator:/root/aerostack2_ws/install/as2_realsense_interface:/root/aerostack2_ws/install/as2_platform_multirotor_simulator:/root/aerostack2_ws/install/as2_motion_reference_handlers:/root/aerostack2_ws/install/as2_map_server:/root/aerostack2_ws/install/as2_geozones:/root/aerostack2_ws/install/as2_gazebo_assets:/root/aerostack2_ws/install/as2_external_object_to_tf:/root/aerostack2_ws/install/as2_behavior_tree:/root/aerostack2_ws/install/as2_behavior:/root/aerostack2_ws/install/as2_alphanumeric_viewer:/root/aerostack2_ws/install/as2_core:/root/aerostack2_ws/install/as2_msgs:/root/aerostack2_ws/install/as2_cli:/root/aerostack2_ws/install/rmf_demos_gz_classic:/root/aerostack2_ws/install/rmf_demos_gz:/root/aerostack2_ws/install/rmf_demos:/root/aerostack2_ws/install/rmf_demos_maps:/root/aerostack2_ws/install/aerostack2:/root/aerostack2_ws/install/as2_behaviors_swarm_flocking:/root/aerostack2_ws/install/rmf_demos_tasks:/root/aerostack2_ws/install/rmf_demos_panel:/root/aerostack2_ws/install/rmf_demos_fleet_adapter:/root/aerostack2_ws/install/rmf_demos_dashboard_resources:/root/aerostack2_ws/install/rmf_demos_bridges:/root/aerostack2_ws/install/rmf_demos_assets:/root/aerostack2_ws/install/as2_visualization:/root/aerostack2_ws/install/as2_swarm_perception:/root/aerostack2_ws/install/as2_swarm_fusion_ci:/root/aerostack2_ws/install/as2_swarm_ekf:/root/aerostack2_ws/install/as2_keyboard_teleoperation:/root/aerostack2_ws/install/as2_python_api:/root/aerostack2_ws/install/as2_project_bringup:/root/aerostack2_ws/install/as2_perception:/root/aerostack2_ws/install/as2_groundray_perception:/opt/ros/humble GZ_SIM_RESOURCE_PATH=/root/aerostack2_ws/install/as2_gazebo_assets/share/as2_ign_gazebo_assets/worlds:/root/aerostack2_ws/install/as2_gazebo_assets/share/as2_ign_gazebo_assets/models:${GZ_SIM_RESOURCE_PATH} GZ_VERSION=@GZ_VERSION@ LD_LIBRARY_PATH=/root/aerostack2_ws/install/as2_motion_controller/lib:/root/aerostack2_ws/install/as2_behaviors_trajectory_generation/lib:/root/aerostack2_ws/install/as2_behaviors_perception/lib:/root/aerostack2_ws/install/as2_behaviors_path_planning/lib:/root/aerostack2_ws/install/as2_behaviors_motion/lib:/root/aerostack2_ws/install/as2_state_estimator/lib:/root/aerostack2_ws/install/as2_map_server/lib:/root/aerostack2_ws/install/as2_gazebo_assets/lib:/root/aerostack2_ws/install/as2_behavior_tree/lib:/root/aerostack2_ws/install/as2_behavior/lib:/root/aerostack2_ws/install/as2_core/lib:/root/aerostack2_ws/install/as2_msgs/lib:/root/aerostack2_ws/install/as2_python_api/lib:/root/aerostack2_ws/install/as2_behaviors_swarm_flocking/lib:/root/aerostack2_ws/install/as2_motion_reference_handlers/lib:/opt/ros/humble/opt/rviz_ogre_vendor/lib:/opt/ros/humble/lib/x86_64-linux-gnu:/opt/ros/humble/lib PYTHONPATH=/root/aerostack2_ws/install/as2_keyboard_teleoperation/lib/python3.10/site-packages:/root/aerostack2_ws/install/as2_visualization/lib/python3.10/site-packages:/root/aerostack2_ws/install/as2_python_api/lib/python3.10/site-packages:/root/aerostack2_ws/install/rmf_demos_tasks/lib/python3.10/site-packages:/root/aerostack2_ws/install/rmf_demos_panel/lib/python3.10/site-packages:/root/aerostack2_ws/install/rmf_demos_fleet_adapter/lib/python3.10/site-packages:/root/aerostack2_ws/install/rmf_demos_bridges/lib/python3.10/site-packages:/root/aerostack2_ws/install/as2_swarm_perception/lib/python3.10/site-packages:/root/aerostack2_ws/install/as2_swarm_fusion_ci/lib/python3.10/site-packages:/root/aerostack2_ws/install/as2_swarm_ekf/lib/python3.10/site-packages:/root/aerostack2_ws/install/as2_project_bringup/lib/python3.10/site-packages:/root/aerostack2_ws/install/as2_perception/lib/python3.10/site-packages:/root/aerostack2_ws/install/as2_motion_reference_handlers/local/lib/python3.10/dist-packages:/root/aerostack2_ws/install/as2_gazebo_assets/local/lib/python3.10/dist-packages:/root/aerostack2_ws/install/as2_core/local/lib/python3.10/dist-packages:/root/aerostack2_ws/install/as2_msgs/local/lib/python3.10/dist-packages:/root/aerostack2_ws/install/as2_groundray_perception/lib/python3.10/site-packages:/opt/ros/humble/lib/python3.10/site-packages:/opt/ros/humble/local/lib/python3.10/dist-packages /usr/bin/cmake --install /root/aerostack2_ws/build/aerostack2
[8.487s] Level 1:colcon.colcon_core.environment:checking '/root/aerostack2_ws/install/aerostack2' for CMake config files
[8.487s] Level 1:colcon.colcon_core.shell:create_environment_hook('aerostack2', 'cmake_prefix_path')
[8.488s] INFO:colcon.colcon_core.shell:Creating environment hook '/root/aerostack2_ws/install/aerostack2/share/aerostack2/hook/cmake_prefix_path.ps1'
[8.488s] INFO:colcon.colcon_core.shell:Creating environment descriptor '/root/aerostack2_ws/install/aerostack2/share/aerostack2/hook/cmake_prefix_path.dsv'
[8.488s] INFO:colcon.colcon_core.shell:Creating environment hook '/root/aerostack2_ws/install/aerostack2/share/aerostack2/hook/cmake_prefix_path.sh'
[8.489s] Level 1:colcon.colcon_core.environment:checking '/root/aerostack2_ws/install/aerostack2/bin'
[8.489s] Level 1:colcon.colcon_core.environment:checking '/root/aerostack2_ws/install/aerostack2/lib/pkgconfig/aerostack2.pc'
[8.489s] Level 1:colcon.colcon_core.environment:checking '/root/aerostack2_ws/install/aerostack2/lib/python3.10/site-packages'
[8.489s] Level 1:colcon.colcon_core.environment:checking '/root/aerostack2_ws/install/aerostack2/bin'
[8.490s] INFO:colcon.colcon_core.shell:Creating package script '/root/aerostack2_ws/install/aerostack2/share/aerostack2/package.ps1'
[8.490s] INFO:colcon.colcon_core.shell:Creating package descriptor '/root/aerostack2_ws/install/aerostack2/share/aerostack2/package.dsv'
[8.491s] INFO:colcon.colcon_core.shell:Creating package script '/root/aerostack2_ws/install/aerostack2/share/aerostack2/package.sh'
[8.491s] INFO:colcon.colcon_core.shell:Creating package script '/root/aerostack2_ws/install/aerostack2/share/aerostack2/package.bash'
[8.491s] INFO:colcon.colcon_core.shell:Creating package script '/root/aerostack2_ws/install/aerostack2/share/aerostack2/package.zsh'
[8.491s] Level 1:colcon.colcon_core.environment:create_file_with_runtime_dependencies(/root/aerostack2_ws/install/aerostack2/share/colcon-core/packages/aerostack2)
[8.492s] Level 1:colcon.colcon_core.environment:create_environment_scripts_only(aerostack2)
[8.492s] Level 1:colcon.colcon_core.environment:checking '/root/aerostack2_ws/install/aerostack2' for CMake module files
[8.492s] Level 1:colcon.colcon_core.environment:checking '/root/aerostack2_ws/install/aerostack2' for CMake config files
[8.493s] Level 1:colcon.colcon_core.shell:create_environment_hook('aerostack2', 'cmake_prefix_path')
[8.493s] INFO:colcon.colcon_core.shell:Creating environment hook '/root/aerostack2_ws/install/aerostack2/share/aerostack2/hook/cmake_prefix_path.ps1'
[8.493s] INFO:colcon.colcon_core.shell:Creating environment descriptor '/root/aerostack2_ws/install/aerostack2/share/aerostack2/hook/cmake_prefix_path.dsv'
[8.494s] INFO:colcon.colcon_core.shell:Creating environment hook '/root/aerostack2_ws/install/aerostack2/share/aerostack2/hook/cmake_prefix_path.sh'
[8.494s] Level 1:colcon.colcon_core.environment:checking '/root/aerostack2_ws/install/aerostack2/bin'
[8.494s] Level 1:colcon.colcon_core.environment:checking '/root/aerostack2_ws/install/aerostack2/lib/pkgconfig/aerostack2.pc'
[8.495s] Level 1:colcon.colcon_core.environment:checking '/root/aerostack2_ws/install/aerostack2/lib/python3.10/site-packages'
[8.495s] Level 1:colcon.colcon_core.environment:checking '/root/aerostack2_ws/install/aerostack2/bin'
[8.495s] INFO:colcon.colcon_core.shell:Creating package script '/root/aerostack2_ws/install/aerostack2/share/aerostack2/package.ps1'
[8.496s] INFO:colcon.colcon_core.shell:Creating package descriptor '/root/aerostack2_ws/install/aerostack2/share/aerostack2/package.dsv'
[8.496s] INFO:colcon.colcon_core.shell:Creating package script '/root/aerostack2_ws/install/aerostack2/share/aerostack2/package.sh'
[8.496s] INFO:colcon.colcon_core.shell:Creating package script '/root/aerostack2_ws/install/aerostack2/share/aerostack2/package.bash'
[8.497s] INFO:colcon.colcon_core.shell:Creating package script '/root/aerostack2_ws/install/aerostack2/share/aerostack2/package.zsh'
[8.497s] Level 1:colcon.colcon_core.environment:create_file_with_runtime_dependencies(/root/aerostack2_ws/install/aerostack2/share/colcon-core/packages/aerostack2)
[8.498s] DEBUG:colcon.colcon_parallel_executor.executor.parallel:closing loop
[8.498s] DEBUG:colcon.colcon_parallel_executor.executor.parallel:loop closed
[8.498s] DEBUG:colcon.colcon_parallel_executor.executor.parallel:run_until_complete finished with '0'
[8.498s] DEBUG:colcon.colcon_core.event_reactor:joining thread
[8.505s] INFO:colcon.colcon_core.plugin_system:Skipping extension 'colcon_notification.desktop_notification.notify_send': Could not find 'notify-send'
[8.505s] INFO:colcon.colcon_core.plugin_system:Skipping extension 'colcon_notification.desktop_notification.terminal_notifier': Not used on non-Darwin systems
[8.505s] INFO:colcon.colcon_core.plugin_system:Skipping extension 'colcon_notification.desktop_notification.win32': Not used on non-Windows systems
[8.506s] INFO:colcon.colcon_notification.desktop_notification:Sending desktop notification using 'notify2'
[8.508s] DEBUG:colcon.colcon_notification.desktop_notification.notify2:Failed to initialize notify2: org.freedesktop.DBus.Error.Spawn.ExecFailed: /usr/bin/dbus-launch terminated abnormally without any error message
[8.508s] DEBUG:colcon.colcon_core.event_reactor:joined thread
[8.509s] INFO:colcon.colcon_core.shell:Creating prefix script '/root/aerostack2_ws/install/local_setup.ps1'
[8.510s] INFO:colcon.colcon_core.shell:Creating prefix util module '/root/aerostack2_ws/install/_local_setup_util_ps1.py'
[8.511s] INFO:colcon.colcon_core.shell:Creating prefix chain script '/root/aerostack2_ws/install/setup.ps1'
[8.515s] INFO:colcon.colcon_core.shell:Creating prefix script '/root/aerostack2_ws/install/local_setup.sh'
[8.515s] INFO:colcon.colcon_core.shell:Creating prefix util module '/root/aerostack2_ws/install/_local_setup_util_sh.py'
[8.516s] INFO:colcon.colcon_core.shell:Creating prefix chain script '/root/aerostack2_ws/install/setup.sh'
[8.519s] INFO:colcon.colcon_core.shell:Creating prefix script '/root/aerostack2_ws/install/local_setup.bash'
[8.519s] INFO:colcon.colcon_core.shell:Creating prefix chain script '/root/aerostack2_ws/install/setup.bash'
[8.521s] INFO:colcon.colcon_core.shell:Creating prefix script '/root/aerostack2_ws/install/local_setup.zsh'
[8.522s] INFO:colcon.colcon_core.shell:Creating prefix chain script '/root/aerostack2_ws/install/setup.zsh'
