[0.727s] Invoking command in '/root/aerostack2_ws/build/as2_msgs': CMAKE_PREFIX_PATH=${CMAKE_PREFIX_PATH}:/root/aerostack2_ws/install/as2_swarm_perception:/root/aerostack2_ws/install/as2_project_bringup:/root/aerostack2_ws/install/rmf_demos_tasks:/root/aerostack2_ws/install/rmf_demos_panel:/root/aerostack2_ws/install/rmf_demos_fleet_adapter:/root/aerostack2_ws/install/rmf_demos_dashboard_resources:/root/aerostack2_ws/install/rmf_demos_bridges:/root/aerostack2_ws/install/rmf_demos_assets:/root/aerostack2_ws/install/as2_visualization:/root/aerostack2_ws/install/as2_keyboard_teleoperation:/root/aerostack2_ws/install/as2_python_api:/root/aerostack2_ws/install/as2_perception:/opt/ros/humble /usr/bin/cmake --build /root/aerostack2_ws/build/as2_msgs -- -j8 -l8
[4.198s] [  0%] Built target as2_msgs__cpp
[4.199s] [  0%] Built target ament_cmake_python_copy_as2_msgs
[4.199s] [ 13%] Built target as2_msgs__rosidl_typesupport_introspection_cpp
[4.200s] running egg_info
[4.200s] writing as2_msgs.egg-info/PKG-INFO
[4.201s] writing dependency_links to as2_msgs.egg-info/dependency_links.txt
[4.201s] writing top-level names to as2_msgs.egg-info/top_level.txt
[4.201s] reading manifest file 'as2_msgs.egg-info/SOURCES.txt'
[4.201s] writing manifest file 'as2_msgs.egg-info/SOURCES.txt'
[4.201s] [ 13%] Built target ament_cmake_python_build_as2_msgs_egg
[4.495s] [ 25%] Built target as2_msgs__rosidl_typesupport_fastrtps_cpp
[4.895s] [ 37%] Built target as2_msgs__rosidl_typesupport_cpp
[4.960s] [ 49%] Built target as2_msgs__rosidl_generator_c
[5.167s] [ 62%] Built target as2_msgs__rosidl_typesupport_fastrtps_c
[5.377s] [ 75%] Built target as2_msgs__rosidl_typesupport_c
[5.601s] [ 88%] Built target as2_msgs__rosidl_typesupport_introspection_c
[5.776s] [ 88%] Built target as2_msgs
[5.920s] [ 88%] Built target as2_msgs__py
[6.518s] [100%] Built target as2_msgs__rosidl_generator_py
[6.787s] [100%] Built target as2_msgs__rosidl_typesupport_fastrtps_c__pyext
[7.052s] [100%] Built target as2_msgs__rosidl_typesupport_c__pyext
[7.252s] [100%] Built target as2_msgs__rosidl_typesupport_introspection_c__pyext
[7.408s] Invoked command in '/root/aerostack2_ws/build/as2_msgs' returned '0': CMAKE_PREFIX_PATH=${CMAKE_PREFIX_PATH}:/root/aerostack2_ws/install/as2_swarm_perception:/root/aerostack2_ws/install/as2_project_bringup:/root/aerostack2_ws/install/rmf_demos_tasks:/root/aerostack2_ws/install/rmf_demos_panel:/root/aerostack2_ws/install/rmf_demos_fleet_adapter:/root/aerostack2_ws/install/rmf_demos_dashboard_resources:/root/aerostack2_ws/install/rmf_demos_bridges:/root/aerostack2_ws/install/rmf_demos_assets:/root/aerostack2_ws/install/as2_visualization:/root/aerostack2_ws/install/as2_keyboard_teleoperation:/root/aerostack2_ws/install/as2_python_api:/root/aerostack2_ws/install/as2_perception:/opt/ros/humble /usr/bin/cmake --build /root/aerostack2_ws/build/as2_msgs -- -j8 -l8
[7.414s] Invoking command in '/root/aerostack2_ws/build/as2_msgs': CMAKE_PREFIX_PATH=${CMAKE_PREFIX_PATH}:/root/aerostack2_ws/install/as2_swarm_perception:/root/aerostack2_ws/install/as2_project_bringup:/root/aerostack2_ws/install/rmf_demos_tasks:/root/aerostack2_ws/install/rmf_demos_panel:/root/aerostack2_ws/install/rmf_demos_fleet_adapter:/root/aerostack2_ws/install/rmf_demos_dashboard_resources:/root/aerostack2_ws/install/rmf_demos_bridges:/root/aerostack2_ws/install/rmf_demos_assets:/root/aerostack2_ws/install/as2_visualization:/root/aerostack2_ws/install/as2_keyboard_teleoperation:/root/aerostack2_ws/install/as2_python_api:/root/aerostack2_ws/install/as2_perception:/opt/ros/humble /usr/bin/cmake --install /root/aerostack2_ws/build/as2_msgs
[7.606s] -- Install configuration: ""
[7.607s] -- Up-to-date: /root/aerostack2_ws/install/as2_msgs/share/ament_index/resource_index/rosidl_interfaces/as2_msgs
[7.607s] -- Up-to-date: /root/aerostack2_ws/install/as2_msgs/include/as2_msgs/as2_msgs
[7.609s] -- Up-to-date: /root/aerostack2_ws/install/as2_msgs/include/as2_msgs/as2_msgs/msg
[7.611s] -- Up-to-date: /root/aerostack2_ws/install/as2_msgs/include/as2_msgs/as2_msgs/msg/speed.h
[7.611s] -- Up-to-date: /root/aerostack2_ws/install/as2_msgs/include/as2_msgs/as2_msgs/msg/mission_event.h
[7.611s] -- Up-to-date: /root/aerostack2_ws/install/as2_msgs/include/as2_msgs/as2_msgs/msg/detail
[7.611s] -- Up-to-date: /root/aerostack2_ws/install/as2_msgs/include/as2_msgs/as2_msgs/msg/detail/behavior_status__struct.h
[7.612s] -- Up-to-date: /root/aerostack2_ws/install/as2_msgs/include/as2_msgs/as2_msgs/msg/detail/polygon_list__functions.c
[7.612s] -- Up-to-date: /root/aerostack2_ws/install/as2_msgs/include/as2_msgs/as2_msgs/msg/detail/mission_event__functions.c
[7.612s] -- Up-to-date: /root/aerostack2_ws/install/as2_msgs/include/as2_msgs/as2_msgs/msg/detail/mission_update__functions.c
[7.612s] -- Up-to-date: /root/aerostack2_ws/install/as2_msgs/include/as2_msgs/as2_msgs/msg/detail/alert_event__type_support.h
[7.612s] -- Up-to-date: /root/aerostack2_ws/install/as2_msgs/include/as2_msgs/as2_msgs/msg/detail/yaw_mode__type_support.h
[7.612s] -- Up-to-date: /root/aerostack2_ws/install/as2_msgs/include/as2_msgs/as2_msgs/msg/detail/trajectory_point__type_support.h
[7.612s] -- Up-to-date: /root/aerostack2_ws/install/as2_msgs/include/as2_msgs/as2_msgs/msg/detail/platform_state_machine_event__type_support.h
[7.612s] -- Up-to-date: /root/aerostack2_ws/install/as2_msgs/include/as2_msgs/as2_msgs/msg/detail/acro__struct.h
[7.612s] -- Up-to-date: /root/aerostack2_ws/install/as2_msgs/include/as2_msgs/as2_msgs/msg/detail/geozone__struct.h
[7.612s] -- Up-to-date: /root/aerostack2_ws/install/as2_msgs/include/as2_msgs/as2_msgs/msg/detail/mission_event__struct.h
[7.612s] -- Up-to-date: /root/aerostack2_ws/install/as2_msgs/include/as2_msgs/as2_msgs/msg/detail/node_status__struct.h
[7.612s] -- Up-to-date: /root/aerostack2_ws/install/as2_msgs/include/as2_msgs/as2_msgs/msg/detail/follow_target_info__struct.h
[7.629s] -- Up-to-date: /root/aerostack2_ws/install/as2_msgs/include/as2_msgs/as2_msgs/msg/detail/polygon_list__type_support.h
[7.633s] -- Up-to-date: /root/aerostack2_ws/install/as2_msgs/include/as2_msgs/as2_msgs/msg/detail/traj_gen_info__type_support.h
[7.634s] -- Up-to-date: /root/aerostack2_ws/install/as2_msgs/include/as2_msgs/as2_msgs/msg/detail/mission_event__functions.h
[7.634s] -- Up-to-date: /root/aerostack2_ws/install/as2_msgs/include/as2_msgs/as2_msgs/msg/detail/yaw_mode__struct.h
[7.635s] -- Up-to-date: /root/aerostack2_ws/install/as2_msgs/include/as2_msgs/as2_msgs/msg/detail/pose_stamped_with_id__functions.h
[7.638s] -- Up-to-date: /root/aerostack2_ws/install/as2_msgs/include/as2_msgs/as2_msgs/msg/detail/pose_stamped_with_id_array__struct.h
[7.638s] -- Up-to-date: /root/aerostack2_ws/install/as2_msgs/include/as2_msgs/as2_msgs/msg/detail/platform_status__struct.h
[7.638s] -- Up-to-date: /root/aerostack2_ws/install/as2_msgs/include/as2_msgs/as2_msgs/msg/detail/behavior_status__functions.h
[7.638s] -- Up-to-date: /root/aerostack2_ws/install/as2_msgs/include/as2_msgs/as2_msgs/msg/detail/platform_state_machine_event__struct.h
[7.638s] -- Up-to-date: /root/aerostack2_ws/install/as2_msgs/include/as2_msgs/as2_msgs/msg/detail/controller_info__functions.c
[7.638s] -- Up-to-date: /root/aerostack2_ws/install/as2_msgs/include/as2_msgs/as2_msgs/msg/detail/platform_status__type_support.h
[7.638s] -- Up-to-date: /root/aerostack2_ws/install/as2_msgs/include/as2_msgs/as2_msgs/msg/detail/control_mode__struct.h
[7.638s] -- Up-to-date: /root/aerostack2_ws/install/as2_msgs/include/as2_msgs/as2_msgs/msg/detail/geozone__type_support.h
[7.638s] -- Up-to-date: /root/aerostack2_ws/install/as2_msgs/include/as2_msgs/as2_msgs/msg/detail/polygon_list__functions.h
[7.638s] -- Up-to-date: /root/aerostack2_ws/install/as2_msgs/include/as2_msgs/as2_msgs/msg/detail/mission_event__type_support.h
[7.639s] -- Up-to-date: /root/aerostack2_ws/install/as2_msgs/include/as2_msgs/as2_msgs/msg/detail/geozone__functions.c
[7.639s] -- Up-to-date: /root/aerostack2_ws/install/as2_msgs/include/as2_msgs/as2_msgs/msg/detail/u_int16_multi_array_stamped__struct.h
[7.639s] -- Up-to-date: /root/aerostack2_ws/install/as2_msgs/include/as2_msgs/as2_msgs/msg/detail/platform_state_machine_event__functions.c
[7.639s] -- Up-to-date: /root/aerostack2_ws/install/as2_msgs/include/as2_msgs/as2_msgs/msg/detail/gimbal_control__functions.h
[7.643s] -- Up-to-date: /root/aerostack2_ws/install/as2_msgs/include/as2_msgs/as2_msgs/msg/detail/traj_gen_info__functions.h
[7.644s] -- Up-to-date: /root/aerostack2_ws/install/as2_msgs/include/as2_msgs/as2_msgs/msg/detail/pose_with_id__type_support.h
[7.650s] -- Up-to-date: /root/aerostack2_ws/install/as2_msgs/include/as2_msgs/as2_msgs/msg/detail/platform_info__struct.h
[7.650s] -- Up-to-date: /root/aerostack2_ws/install/as2_msgs/include/as2_msgs/as2_msgs/msg/detail/geozone__functions.h
[7.650s] -- Up-to-date: /root/aerostack2_ws/install/as2_msgs/include/as2_msgs/as2_msgs/msg/detail/gimbal_control__type_support.h
[7.650s] -- Up-to-date: /root/aerostack2_ws/install/as2_msgs/include/as2_msgs/as2_msgs/msg/detail/node_status__functions.c
[7.650s] -- Up-to-date: /root/aerostack2_ws/install/as2_msgs/include/as2_msgs/as2_msgs/msg/detail/pose_with_id__struct.h
[7.650s] -- Up-to-date: /root/aerostack2_ws/install/as2_msgs/include/as2_msgs/as2_msgs/msg/detail/traj_gen_info__struct.h
[7.650s] -- Up-to-date: /root/aerostack2_ws/install/as2_msgs/include/as2_msgs/as2_msgs/msg/detail/control_mode__functions.c
[7.650s] -- Up-to-date: /root/aerostack2_ws/install/as2_msgs/include/as2_msgs/as2_msgs/msg/detail/gimbal_control__functions.c
[7.650s] -- Up-to-date: /root/aerostack2_ws/install/as2_msgs/include/as2_msgs/as2_msgs/msg/detail/trajectory_setpoints__functions.h
[7.650s] -- Up-to-date: /root/aerostack2_ws/install/as2_msgs/include/as2_msgs/as2_msgs/msg/detail/acro__functions.h
[7.651s] -- Up-to-date: /root/aerostack2_ws/install/as2_msgs/include/as2_msgs/as2_msgs/msg/detail/controller_info__functions.h
[7.651s] -- Up-to-date: /root/aerostack2_ws/install/as2_msgs/include/as2_msgs/as2_msgs/msg/detail/platform_status__functions.c
[7.651s] -- Up-to-date: /root/aerostack2_ws/install/as2_msgs/include/as2_msgs/as2_msgs/msg/detail/alert_event__functions.c
[7.651s] -- Up-to-date: /root/aerostack2_ws/install/as2_msgs/include/as2_msgs/as2_msgs/msg/detail/pose_with_id_array__type_support.h
[7.651s] -- Up-to-date: /root/aerostack2_ws/install/as2_msgs/include/as2_msgs/as2_msgs/msg/detail/pose_with_id__functions.c
[7.652s] -- Up-to-date: /root/aerostack2_ws/install/as2_msgs/include/as2_msgs/as2_msgs/msg/detail/alert_event__struct.h
[7.652s] -- Up-to-date: /root/aerostack2_ws/install/as2_msgs/include/as2_msgs/as2_msgs/msg/detail/thrust__struct.h
[7.657s] -- Up-to-date: /root/aerostack2_ws/install/as2_msgs/include/as2_msgs/as2_msgs/msg/detail/polygon_list__struct.h
[7.658s] -- Up-to-date: /root/aerostack2_ws/install/as2_msgs/include/as2_msgs/as2_msgs/msg/detail/platform_info__type_support.h
[7.669s] -- Up-to-date: /root/aerostack2_ws/install/as2_msgs/include/as2_msgs/as2_msgs/msg/detail/traj_gen_info__functions.c
[7.669s] -- Up-to-date: /root/aerostack2_ws/install/as2_msgs/include/as2_msgs/as2_msgs/msg/detail/pose_with_id_array__struct.h
[7.669s] -- Up-to-date: /root/aerostack2_ws/install/as2_msgs/include/as2_msgs/as2_msgs/msg/detail/thrust__type_support.h
[7.669s] -- Up-to-date: /root/aerostack2_ws/install/as2_msgs/include/as2_msgs/as2_msgs/msg/detail/control_mode__type_support.h
[7.673s] -- Up-to-date: /root/aerostack2_ws/install/as2_msgs/include/as2_msgs/as2_msgs/msg/detail/pose_stamped_with_id__struct.h
[7.673s] -- Up-to-date: /root/aerostack2_ws/install/as2_msgs/include/as2_msgs/as2_msgs/msg/detail/trajectory_point__functions.c
[7.673s] -- Up-to-date: /root/aerostack2_ws/install/as2_msgs/include/as2_msgs/as2_msgs/msg/detail/pose_stamped_with_id_array__type_support.h
[7.673s] -- Up-to-date: /root/aerostack2_ws/install/as2_msgs/include/as2_msgs/as2_msgs/msg/detail/platform_state_machine_event__functions.h
[7.673s] -- Up-to-date: /root/aerostack2_ws/install/as2_msgs/include/as2_msgs/as2_msgs/msg/detail/thrust__functions.h
[7.673s] -- Up-to-date: /root/aerostack2_ws/install/as2_msgs/include/as2_msgs/as2_msgs/msg/detail/platform_info__functions.h
[7.673s] -- Up-to-date: /root/aerostack2_ws/install/as2_msgs/include/as2_msgs/as2_msgs/msg/detail/thrust__functions.c
[7.674s] -- Up-to-date: /root/aerostack2_ws/install/as2_msgs/include/as2_msgs/as2_msgs/msg/detail/mission_update__struct.h
[7.674s] -- Up-to-date: /root/aerostack2_ws/install/as2_msgs/include/as2_msgs/as2_msgs/msg/detail/follow_target_info__functions.c
[7.674s] -- Up-to-date: /root/aerostack2_ws/install/as2_msgs/include/as2_msgs/as2_msgs/msg/detail/pose_stamped_with_id_array__functions.c
[7.674s] -- Up-to-date: /root/aerostack2_ws/install/as2_msgs/include/as2_msgs/as2_msgs/msg/detail/trajectory_setpoints__type_support.h
[7.674s] -- Up-to-date: /root/aerostack2_ws/install/as2_msgs/include/as2_msgs/as2_msgs/msg/detail/follow_target_info__functions.h
[7.674s] -- Up-to-date: /root/aerostack2_ws/install/as2_msgs/include/as2_msgs/as2_msgs/msg/detail/trajectory_point__struct.h
[7.674s] -- Up-to-date: /root/aerostack2_ws/install/as2_msgs/include/as2_msgs/as2_msgs/msg/detail/u_int16_multi_array_stamped__functions.h
[7.674s] -- Up-to-date: /root/aerostack2_ws/install/as2_msgs/include/as2_msgs/as2_msgs/msg/detail/node_status__type_support.h
[7.674s] -- Up-to-date: /root/aerostack2_ws/install/as2_msgs/include/as2_msgs/as2_msgs/msg/detail/follow_target_info__type_support.h
[7.674s] -- Up-to-date: /root/aerostack2_ws/install/as2_msgs/include/as2_msgs/as2_msgs/msg/detail/controller_info__struct.h
[7.674s] -- Up-to-date: /root/aerostack2_ws/install/as2_msgs/include/as2_msgs/as2_msgs/msg/detail/behavior_status__functions.c
[7.674s] -- Up-to-date: /root/aerostack2_ws/install/as2_msgs/include/as2_msgs/as2_msgs/msg/detail/pose_with_id_array__functions.c
[7.674s] -- Up-to-date: /root/aerostack2_ws/install/as2_msgs/include/as2_msgs/as2_msgs/msg/detail/yaw_mode__functions.c
[7.674s] -- Up-to-date: /root/aerostack2_ws/install/as2_msgs/include/as2_msgs/as2_msgs/msg/detail/trajectory_point__functions.h
[7.675s] -- Up-to-date: /root/aerostack2_ws/install/as2_msgs/include/as2_msgs/as2_msgs/msg/detail/acro__type_support.h
[7.675s] -- Up-to-date: /root/aerostack2_ws/install/as2_msgs/include/as2_msgs/as2_msgs/msg/detail/behavior_status__type_support.h
[7.675s] -- Up-to-date: /root/aerostack2_ws/install/as2_msgs/include/as2_msgs/as2_msgs/msg/detail/controller_info__type_support.h
[7.675s] -- Up-to-date: /root/aerostack2_ws/install/as2_msgs/include/as2_msgs/as2_msgs/msg/detail/control_mode__functions.h
[7.675s] -- Up-to-date: /root/aerostack2_ws/install/as2_msgs/include/as2_msgs/as2_msgs/msg/detail/acro__functions.c
[7.675s] -- Up-to-date: /root/aerostack2_ws/install/as2_msgs/include/as2_msgs/as2_msgs/msg/detail/trajectory_setpoints__struct.h
[7.675s] -- Up-to-date: /root/aerostack2_ws/install/as2_msgs/include/as2_msgs/as2_msgs/msg/detail/u_int16_multi_array_stamped__functions.c
[7.693s] -- Up-to-date: /root/aerostack2_ws/install/as2_msgs/include/as2_msgs/as2_msgs/msg/detail/u_int16_multi_array_stamped__type_support.h
[7.695s] -- Up-to-date: /root/aerostack2_ws/install/as2_msgs/include/as2_msgs/as2_msgs/msg/detail/speed__type_support.h
[7.696s] -- Up-to-date: /root/aerostack2_ws/install/as2_msgs/include/as2_msgs/as2_msgs/msg/detail/yaw_mode__functions.h
[7.698s] -- Up-to-date: /root/aerostack2_ws/install/as2_msgs/include/as2_msgs/as2_msgs/msg/detail/pose_stamped_with_id__type_support.h
[7.705s] -- Up-to-date: /root/aerostack2_ws/install/as2_msgs/include/as2_msgs/as2_msgs/msg/detail/platform_info__functions.c
[7.707s] -- Up-to-date: /root/aerostack2_ws/install/as2_msgs/include/as2_msgs/as2_msgs/msg/detail/pose_stamped_with_id_array__functions.h
[7.708s] -- Up-to-date: /root/aerostack2_ws/install/as2_msgs/include/as2_msgs/as2_msgs/msg/detail/gimbal_control__struct.h
[7.708s] -- Up-to-date: /root/aerostack2_ws/install/as2_msgs/include/as2_msgs/as2_msgs/msg/detail/alert_event__functions.h
[7.708s] -- Up-to-date: /root/aerostack2_ws/install/as2_msgs/include/as2_msgs/as2_msgs/msg/detail/speed__functions.c
[7.708s] -- Up-to-date: /root/aerostack2_ws/install/as2_msgs/include/as2_msgs/as2_msgs/msg/detail/pose_with_id__functions.h
[7.708s] -- Up-to-date: /root/aerostack2_ws/install/as2_msgs/include/as2_msgs/as2_msgs/msg/detail/speed__struct.h
[7.708s] -- Up-to-date: /root/aerostack2_ws/install/as2_msgs/include/as2_msgs/as2_msgs/msg/detail/speed__functions.h
[7.708s] -- Up-to-date: /root/aerostack2_ws/install/as2_msgs/include/as2_msgs/as2_msgs/msg/detail/pose_stamped_with_id__functions.c
[7.708s] -- Up-to-date: /root/aerostack2_ws/install/as2_msgs/include/as2_msgs/as2_msgs/msg/detail/platform_status__functions.h
[7.709s] -- Up-to-date: /root/aerostack2_ws/install/as2_msgs/include/as2_msgs/as2_msgs/msg/detail/mission_update__type_support.h
[7.709s] -- Up-to-date: /root/aerostack2_ws/install/as2_msgs/include/as2_msgs/as2_msgs/msg/detail/pose_with_id_array__functions.h
[7.709s] -- Up-to-date: /root/aerostack2_ws/install/as2_msgs/include/as2_msgs/as2_msgs/msg/detail/node_status__functions.h
[7.709s] -- Up-to-date: /root/aerostack2_ws/install/as2_msgs/include/as2_msgs/as2_msgs/msg/detail/trajectory_setpoints__functions.c
[7.709s] -- Up-to-date: /root/aerostack2_ws/install/as2_msgs/include/as2_msgs/as2_msgs/msg/detail/mission_update__functions.h
[7.709s] -- Up-to-date: /root/aerostack2_ws/install/as2_msgs/include/as2_msgs/as2_msgs/msg/pose_stamped_with_id_array.h
[7.709s] -- Up-to-date: /root/aerostack2_ws/install/as2_msgs/include/as2_msgs/as2_msgs/msg/platform_status.h
[7.709s] -- Up-to-date: /root/aerostack2_ws/install/as2_msgs/include/as2_msgs/as2_msgs/msg/behavior_status.h
[7.709s] -- Up-to-date: /root/aerostack2_ws/install/as2_msgs/include/as2_msgs/as2_msgs/msg/yaw_mode.h
[7.709s] -- Up-to-date: /root/aerostack2_ws/install/as2_msgs/include/as2_msgs/as2_msgs/msg/alert_event.h
[7.709s] -- Up-to-date: /root/aerostack2_ws/install/as2_msgs/include/as2_msgs/as2_msgs/msg/platform_state_machine_event.h
[7.709s] -- Up-to-date: /root/aerostack2_ws/install/as2_msgs/include/as2_msgs/as2_msgs/msg/rosidl_generator_c__visibility_control.h
[7.709s] -- Up-to-date: /root/aerostack2_ws/install/as2_msgs/include/as2_msgs/as2_msgs/msg/u_int16_multi_array_stamped.h
[7.716s] -- Up-to-date: /root/aerostack2_ws/install/as2_msgs/include/as2_msgs/as2_msgs/msg/node_status.h
[7.722s] -- Up-to-date: /root/aerostack2_ws/install/as2_msgs/include/as2_msgs/as2_msgs/msg/pose_stamped_with_id.h
[7.727s] -- Up-to-date: /root/aerostack2_ws/install/as2_msgs/include/as2_msgs/as2_msgs/msg/trajectory_setpoints.h
[7.727s] -- Up-to-date: /root/aerostack2_ws/install/as2_msgs/include/as2_msgs/as2_msgs/msg/pose_with_id.h
[7.728s] -- Up-to-date: /root/aerostack2_ws/install/as2_msgs/include/as2_msgs/as2_msgs/msg/thrust.h
[7.728s] -- Up-to-date: /root/aerostack2_ws/install/as2_msgs/include/as2_msgs/as2_msgs/msg/acro.h
[7.728s] -- Up-to-date: /root/aerostack2_ws/install/as2_msgs/include/as2_msgs/as2_msgs/msg/polygon_list.h
[7.728s] -- Up-to-date: /root/aerostack2_ws/install/as2_msgs/include/as2_msgs/as2_msgs/msg/pose_with_id_array.h
[7.728s] -- Up-to-date: /root/aerostack2_ws/install/as2_msgs/include/as2_msgs/as2_msgs/msg/traj_gen_info.h
[7.728s] -- Up-to-date: /root/aerostack2_ws/install/as2_msgs/include/as2_msgs/as2_msgs/msg/mission_update.h
[7.728s] -- Up-to-date: /root/aerostack2_ws/install/as2_msgs/include/as2_msgs/as2_msgs/msg/follow_target_info.h
[7.728s] -- Up-to-date: /root/aerostack2_ws/install/as2_msgs/include/as2_msgs/as2_msgs/msg/control_mode.h
[7.728s] -- Up-to-date: /root/aerostack2_ws/install/as2_msgs/include/as2_msgs/as2_msgs/msg/trajectory_point.h
[7.728s] -- Up-to-date: /root/aerostack2_ws/install/as2_msgs/include/as2_msgs/as2_msgs/msg/platform_info.h
[7.728s] -- Up-to-date: /root/aerostack2_ws/install/as2_msgs/include/as2_msgs/as2_msgs/msg/controller_info.h
[7.729s] -- Up-to-date: /root/aerostack2_ws/install/as2_msgs/include/as2_msgs/as2_msgs/msg/gimbal_control.h
[7.729s] -- Up-to-date: /root/aerostack2_ws/install/as2_msgs/include/as2_msgs/as2_msgs/msg/geozone.h
[7.738s] -- Up-to-date: /root/aerostack2_ws/install/as2_msgs/include/as2_msgs/as2_msgs/action
[7.738s] -- Up-to-date: /root/aerostack2_ws/install/as2_msgs/include/as2_msgs/as2_msgs/action/detail
[7.738s] -- Up-to-date: /root/aerostack2_ws/install/as2_msgs/include/as2_msgs/as2_msgs/action/detail/point_gimbal__struct.h
[7.738s] -- Up-to-date: /root/aerostack2_ws/install/as2_msgs/include/as2_msgs/as2_msgs/action/detail/follow_reference__functions.c
[7.741s] -- Up-to-date: /root/aerostack2_ws/install/as2_msgs/include/as2_msgs/as2_msgs/action/detail/go_to_waypoint__type_support.h
[7.743s] -- Up-to-date: /root/aerostack2_ws/install/as2_msgs/include/as2_msgs/as2_msgs/action/detail/set_offboard_mode__functions.h
[7.745s] -- Up-to-date: /root/aerostack2_ws/install/as2_msgs/include/as2_msgs/as2_msgs/action/detail/generate_polynomial_trajectory__functions.h
[7.745s] -- Up-to-date: /root/aerostack2_ws/install/as2_msgs/include/as2_msgs/as2_msgs/action/detail/generate_polynomial_trajectory__type_support.h
[7.746s] -- Up-to-date: /root/aerostack2_ws/install/as2_msgs/include/as2_msgs/as2_msgs/action/detail/land__functions.h
[7.747s] -- Up-to-date: /root/aerostack2_ws/install/as2_msgs/include/as2_msgs/as2_msgs/action/detail/follow_path__struct.h
[7.751s] -- Up-to-date: /root/aerostack2_ws/install/as2_msgs/include/as2_msgs/as2_msgs/action/detail/swarm_flocking__functions.h
[7.758s] -- Up-to-date: /root/aerostack2_ws/install/as2_msgs/include/as2_msgs/as2_msgs/action/detail/navigate_to_point__type_support.h
[7.758s] -- Up-to-date: /root/aerostack2_ws/install/as2_msgs/include/as2_msgs/as2_msgs/action/detail/navigate_to_point__functions.h
[7.758s] -- Up-to-date: /root/aerostack2_ws/install/as2_msgs/include/as2_msgs/as2_msgs/action/detail/takeoff__functions.h
[7.758s] -- Up-to-date: /root/aerostack2_ws/install/as2_msgs/include/as2_msgs/as2_msgs/action/detail/detect_aruco_markers__functions.c
[7.758s] -- Up-to-date: /root/aerostack2_ws/install/as2_msgs/include/as2_msgs/as2_msgs/action/detail/follow_reference__functions.h
[7.758s] -- Up-to-date: /root/aerostack2_ws/install/as2_msgs/include/as2_msgs/as2_msgs/action/detail/detect_aruco_markers__type_support.h
[7.758s] -- Up-to-date: /root/aerostack2_ws/install/as2_msgs/include/as2_msgs/as2_msgs/action/detail/swarm_flocking__type_support.h
[7.758s] -- Up-to-date: /root/aerostack2_ws/install/as2_msgs/include/as2_msgs/as2_msgs/action/detail/swarm_flocking__struct.h
[7.758s] -- Up-to-date: /root/aerostack2_ws/install/as2_msgs/include/as2_msgs/as2_msgs/action/detail/set_offboard_mode__struct.h
[7.758s] -- Up-to-date: /root/aerostack2_ws/install/as2_msgs/include/as2_msgs/as2_msgs/action/detail/follow_path__functions.h
[7.758s] -- Up-to-date: /root/aerostack2_ws/install/as2_msgs/include/as2_msgs/as2_msgs/action/detail/go_to_waypoint__functions.h
[7.758s] -- Up-to-date: /root/aerostack2_ws/install/as2_msgs/include/as2_msgs/as2_msgs/action/detail/set_offboard_mode__functions.c
[7.759s] -- Up-to-date: /root/aerostack2_ws/install/as2_msgs/include/as2_msgs/as2_msgs/action/detail/point_gimbal__functions.h
[7.759s] -- Up-to-date: /root/aerostack2_ws/install/as2_msgs/include/as2_msgs/as2_msgs/action/detail/follow_path__functions.c
[7.759s] -- Up-to-date: /root/aerostack2_ws/install/as2_msgs/include/as2_msgs/as2_msgs/action/detail/set_arming_state__type_support.h
[7.759s] -- Up-to-date: /root/aerostack2_ws/install/as2_msgs/include/as2_msgs/as2_msgs/action/detail/go_to_waypoint__functions.c
[7.759s] -- Up-to-date: /root/aerostack2_ws/install/as2_msgs/include/as2_msgs/as2_msgs/action/detail/generate_polynomial_trajectory__struct.h
[7.759s] -- Up-to-date: /root/aerostack2_ws/install/as2_msgs/include/as2_msgs/as2_msgs/action/detail/set_offboard_mode__type_support.h
[7.759s] -- Up-to-date: /root/aerostack2_ws/install/as2_msgs/include/as2_msgs/as2_msgs/action/detail/follow_reference__type_support.h
[7.759s] -- Up-to-date: /root/aerostack2_ws/install/as2_msgs/include/as2_msgs/as2_msgs/action/detail/point_gimbal__type_support.h
[7.759s] -- Up-to-date: /root/aerostack2_ws/install/as2_msgs/include/as2_msgs/as2_msgs/action/detail/navigate_to_point__struct.h
[7.759s] -- Up-to-date: /root/aerostack2_ws/install/as2_msgs/include/as2_msgs/as2_msgs/action/detail/swarm_flocking__functions.c
[7.759s] -- Up-to-date: /root/aerostack2_ws/install/as2_msgs/include/as2_msgs/as2_msgs/action/detail/follow_reference__struct.h
[7.759s] -- Up-to-date: /root/aerostack2_ws/install/as2_msgs/include/as2_msgs/as2_msgs/action/detail/land__struct.h
[7.769s] -- Up-to-date: /root/aerostack2_ws/install/as2_msgs/include/as2_msgs/as2_msgs/action/detail/set_arming_state__functions.c
[7.773s] -- Up-to-date: /root/aerostack2_ws/install/as2_msgs/include/as2_msgs/as2_msgs/action/detail/set_arming_state__struct.h
[7.774s] -- Up-to-date: /root/aerostack2_ws/install/as2_msgs/include/as2_msgs/as2_msgs/action/detail/land__functions.c
[7.776s] -- Up-to-date: /root/aerostack2_ws/install/as2_msgs/include/as2_msgs/as2_msgs/action/detail/set_arming_state__functions.h
[7.779s] -- Up-to-date: /root/aerostack2_ws/install/as2_msgs/include/as2_msgs/as2_msgs/action/detail/land__type_support.h
[7.779s] -- Up-to-date: /root/aerostack2_ws/install/as2_msgs/include/as2_msgs/as2_msgs/action/detail/point_gimbal__functions.c
[7.779s] -- Up-to-date: /root/aerostack2_ws/install/as2_msgs/include/as2_msgs/as2_msgs/action/detail/follow_path__type_support.h
[7.779s] -- Up-to-date: /root/aerostack2_ws/install/as2_msgs/include/as2_msgs/as2_msgs/action/detail/navigate_to_point__functions.c
[7.779s] -- Up-to-date: /root/aerostack2_ws/install/as2_msgs/include/as2_msgs/as2_msgs/action/detail/detect_aruco_markers__functions.h
[7.779s] -- Up-to-date: /root/aerostack2_ws/install/as2_msgs/include/as2_msgs/as2_msgs/action/detail/go_to_waypoint__struct.h
[7.779s] -- Up-to-date: /root/aerostack2_ws/install/as2_msgs/include/as2_msgs/as2_msgs/action/detail/takeoff__struct.h
[7.779s] -- Up-to-date: /root/aerostack2_ws/install/as2_msgs/include/as2_msgs/as2_msgs/action/detail/generate_polynomial_trajectory__functions.c
[7.779s] -- Up-to-date: /root/aerostack2_ws/install/as2_msgs/include/as2_msgs/as2_msgs/action/detail/takeoff__functions.c
[7.779s] -- Up-to-date: /root/aerostack2_ws/install/as2_msgs/include/as2_msgs/as2_msgs/action/detail/detect_aruco_markers__struct.h
[7.779s] -- Up-to-date: /root/aerostack2_ws/install/as2_msgs/include/as2_msgs/as2_msgs/action/detail/takeoff__type_support.h
[7.779s] -- Up-to-date: /root/aerostack2_ws/install/as2_msgs/include/as2_msgs/as2_msgs/action/land.h
[7.780s] -- Up-to-date: /root/aerostack2_ws/install/as2_msgs/include/as2_msgs/as2_msgs/action/point_gimbal.h
[7.780s] -- Up-to-date: /root/aerostack2_ws/install/as2_msgs/include/as2_msgs/as2_msgs/action/follow_path.h
[7.780s] -- Up-to-date: /root/aerostack2_ws/install/as2_msgs/include/as2_msgs/as2_msgs/action/takeoff.h
[7.780s] -- Up-to-date: /root/aerostack2_ws/install/as2_msgs/include/as2_msgs/as2_msgs/action/detect_aruco_markers.h
[7.780s] -- Up-to-date: /root/aerostack2_ws/install/as2_msgs/include/as2_msgs/as2_msgs/action/set_offboard_mode.h
[7.789s] -- Up-to-date: /root/aerostack2_ws/install/as2_msgs/include/as2_msgs/as2_msgs/action/set_arming_state.h
[7.790s] -- Up-to-date: /root/aerostack2_ws/install/as2_msgs/include/as2_msgs/as2_msgs/action/follow_reference.h
[7.790s] -- Up-to-date: /root/aerostack2_ws/install/as2_msgs/include/as2_msgs/as2_msgs/action/generate_polynomial_trajectory.h
[7.791s] -- Up-to-date: /root/aerostack2_ws/install/as2_msgs/include/as2_msgs/as2_msgs/action/go_to_waypoint.h
[7.791s] -- Up-to-date: /root/aerostack2_ws/install/as2_msgs/include/as2_msgs/as2_msgs/action/swarm_flocking.h
[7.791s] -- Up-to-date: /root/aerostack2_ws/install/as2_msgs/include/as2_msgs/as2_msgs/action/navigate_to_point.h
[7.791s] -- Up-to-date: /root/aerostack2_ws/install/as2_msgs/include/as2_msgs/as2_msgs/srv
[7.791s] -- Up-to-date: /root/aerostack2_ws/install/as2_msgs/include/as2_msgs/as2_msgs/srv/detail
[7.794s] -- Up-to-date: /root/aerostack2_ws/install/as2_msgs/include/as2_msgs/as2_msgs/srv/detail/get_origin__functions.c
[7.794s] -- Up-to-date: /root/aerostack2_ws/install/as2_msgs/include/as2_msgs/as2_msgs/srv/detail/list_control_modes__functions.c
[7.794s] -- Up-to-date: /root/aerostack2_ws/install/as2_msgs/include/as2_msgs/as2_msgs/srv/detail/set_origin__struct.h
[7.794s] -- Up-to-date: /root/aerostack2_ws/install/as2_msgs/include/as2_msgs/as2_msgs/srv/detail/set_speed__struct.h
[7.795s] -- Up-to-date: /root/aerostack2_ws/install/as2_msgs/include/as2_msgs/as2_msgs/srv/detail/set_control_mode__struct.h
[7.795s] -- Up-to-date: /root/aerostack2_ws/install/as2_msgs/include/as2_msgs/as2_msgs/srv/detail/set_origin__functions.h
[7.796s] -- Up-to-date: /root/aerostack2_ws/install/as2_msgs/include/as2_msgs/as2_msgs/srv/detail/path_to_geopath__functions.c
[7.805s] -- Up-to-date: /root/aerostack2_ws/install/as2_msgs/include/as2_msgs/as2_msgs/srv/detail/dynamic_follower__struct.h
[7.805s] -- Up-to-date: /root/aerostack2_ws/install/as2_msgs/include/as2_msgs/as2_msgs/srv/detail/set_geozone__type_support.h
[7.805s] -- Up-to-date: /root/aerostack2_ws/install/as2_msgs/include/as2_msgs/as2_msgs/srv/detail/list_control_modes__struct.h
[7.805s] -- Up-to-date: /root/aerostack2_ws/install/as2_msgs/include/as2_msgs/as2_msgs/srv/detail/modify_swarm__functions.c
[7.805s] -- Up-to-date: /root/aerostack2_ws/install/as2_msgs/include/as2_msgs/as2_msgs/srv/detail/set_control_mode__functions.c
[7.807s] -- Up-to-date: /root/aerostack2_ws/install/as2_msgs/include/as2_msgs/as2_msgs/srv/detail/add_static_transform__type_support.h
[7.807s] -- Up-to-date: /root/aerostack2_ws/install/as2_msgs/include/as2_msgs/as2_msgs/srv/detail/package_un_pick__type_support.h
[7.807s] -- Up-to-date: /root/aerostack2_ws/install/as2_msgs/include/as2_msgs/as2_msgs/srv/detail/dynamic_land__functions.c
[7.807s] -- Up-to-date: /root/aerostack2_ws/install/as2_msgs/include/as2_msgs/as2_msgs/srv/detail/get_origin__struct.h
[7.808s] -- Up-to-date: /root/aerostack2_ws/install/as2_msgs/include/as2_msgs/as2_msgs/srv/detail/add_static_transform_gps__type_support.h
[7.808s] -- Up-to-date: /root/aerostack2_ws/install/as2_msgs/include/as2_msgs/as2_msgs/srv/detail/modify_swarm__struct.h
[7.808s] -- Up-to-date: /root/aerostack2_ws/install/as2_msgs/include/as2_msgs/as2_msgs/srv/detail/set_origin__type_support.h
[7.808s] -- Up-to-date: /root/aerostack2_ws/install/as2_msgs/include/as2_msgs/as2_msgs/srv/detail/add_static_transform_gps__functions.h
[7.808s] -- Up-to-date: /root/aerostack2_ws/install/as2_msgs/include/as2_msgs/as2_msgs/srv/detail/set_geozone__struct.h
[7.814s] -- Up-to-date: /root/aerostack2_ws/install/as2_msgs/include/as2_msgs/as2_msgs/srv/detail/set_platform_state_machine_event__functions.h
[7.814s] -- Up-to-date: /root/aerostack2_ws/install/as2_msgs/include/as2_msgs/as2_msgs/srv/detail/modify_swarm__type_support.h
[7.814s] -- Up-to-date: /root/aerostack2_ws/install/as2_msgs/include/as2_msgs/as2_msgs/srv/detail/set_platform_state_machine_event__struct.h
[7.814s] -- Up-to-date: /root/aerostack2_ws/install/as2_msgs/include/as2_msgs/as2_msgs/srv/detail/add_static_transform_gps__functions.c
[7.814s] -- Up-to-date: /root/aerostack2_ws/install/as2_msgs/include/as2_msgs/as2_msgs/srv/detail/get_geozone__struct.h
[7.814s] -- Up-to-date: /root/aerostack2_ws/install/as2_msgs/include/as2_msgs/as2_msgs/srv/detail/geopath_to_path__functions.h
[7.814s] -- Up-to-date: /root/aerostack2_ws/install/as2_msgs/include/as2_msgs/as2_msgs/srv/detail/set_origin__functions.c
[7.814s] -- Up-to-date: /root/aerostack2_ws/install/as2_msgs/include/as2_msgs/as2_msgs/srv/detail/path_to_geopath__functions.h
[7.814s] -- Up-to-date: /root/aerostack2_ws/install/as2_msgs/include/as2_msgs/as2_msgs/srv/detail/geopath_to_path__type_support.h
[7.817s] -- Up-to-date: /root/aerostack2_ws/install/as2_msgs/include/as2_msgs/as2_msgs/srv/detail/get_geozone__functions.c
[7.817s] -- Up-to-date: /root/aerostack2_ws/install/as2_msgs/include/as2_msgs/as2_msgs/srv/detail/package_un_pick__functions.h
[7.817s] -- Up-to-date: /root/aerostack2_ws/install/as2_msgs/include/as2_msgs/as2_msgs/srv/detail/set_geozone__functions.c
[7.817s] -- Up-to-date: /root/aerostack2_ws/install/as2_msgs/include/as2_msgs/as2_msgs/srv/detail/get_origin__functions.h
[7.817s] -- Up-to-date: /root/aerostack2_ws/install/as2_msgs/include/as2_msgs/as2_msgs/srv/detail/package_pick_up__struct.h
[7.818s] -- Up-to-date: /root/aerostack2_ws/install/as2_msgs/include/as2_msgs/as2_msgs/srv/detail/dynamic_land__type_support.h
[7.819s] -- Up-to-date: /root/aerostack2_ws/install/as2_msgs/include/as2_msgs/as2_msgs/srv/detail/list_control_modes__functions.h
[7.819s] -- Up-to-date: /root/aerostack2_ws/install/as2_msgs/include/as2_msgs/as2_msgs/srv/detail/set_control_mode__type_support.h
[7.819s] -- Up-to-date: /root/aerostack2_ws/install/as2_msgs/include/as2_msgs/as2_msgs/srv/detail/get_origin__type_support.h
[7.819s] -- Up-to-date: /root/aerostack2_ws/install/as2_msgs/include/as2_msgs/as2_msgs/srv/detail/set_control_mode__functions.h
[7.819s] -- Up-to-date: /root/aerostack2_ws/install/as2_msgs/include/as2_msgs/as2_msgs/srv/detail/package_pick_up__functions.c
[7.819s] -- Up-to-date: /root/aerostack2_ws/install/as2_msgs/include/as2_msgs/as2_msgs/srv/detail/dynamic_follower__functions.c
[7.819s] -- Up-to-date: /root/aerostack2_ws/install/as2_msgs/include/as2_msgs/as2_msgs/srv/detail/package_un_pick__struct.h
[7.819s] -- Up-to-date: /root/aerostack2_ws/install/as2_msgs/include/as2_msgs/as2_msgs/srv/detail/modify_swarm__functions.h
[7.819s] -- Up-to-date: /root/aerostack2_ws/install/as2_msgs/include/as2_msgs/as2_msgs/srv/detail/path_to_geopath__type_support.h
[7.819s] -- Up-to-date: /root/aerostack2_ws/install/as2_msgs/include/as2_msgs/as2_msgs/srv/detail/get_geozone__type_support.h
[7.820s] -- Up-to-date: /root/aerostack2_ws/install/as2_msgs/include/as2_msgs/as2_msgs/srv/detail/add_static_transform__functions.h
[7.820s] -- Up-to-date: /root/aerostack2_ws/install/as2_msgs/include/as2_msgs/as2_msgs/srv/detail/geopath_to_path__functions.c
[7.820s] -- Up-to-date: /root/aerostack2_ws/install/as2_msgs/include/as2_msgs/as2_msgs/srv/detail/set_speed__type_support.h
[7.820s] -- Up-to-date: /root/aerostack2_ws/install/as2_msgs/include/as2_msgs/as2_msgs/srv/detail/add_static_transform_gps__struct.h
[7.820s] -- Up-to-date: /root/aerostack2_ws/install/as2_msgs/include/as2_msgs/as2_msgs/srv/detail/dynamic_follower__type_support.h
[7.820s] -- Up-to-date: /root/aerostack2_ws/install/as2_msgs/include/as2_msgs/as2_msgs/srv/detail/add_static_transform__struct.h
[7.825s] -- Up-to-date: /root/aerostack2_ws/install/as2_msgs/include/as2_msgs/as2_msgs/srv/detail/list_control_modes__type_support.h
[7.825s] -- Up-to-date: /root/aerostack2_ws/install/as2_msgs/include/as2_msgs/as2_msgs/srv/detail/geopath_to_path__struct.h
[7.825s] -- Up-to-date: /root/aerostack2_ws/install/as2_msgs/include/as2_msgs/as2_msgs/srv/detail/dynamic_land__struct.h
[7.825s] -- Up-to-date: /root/aerostack2_ws/install/as2_msgs/include/as2_msgs/as2_msgs/srv/detail/set_platform_state_machine_event__functions.c
[7.825s] -- Up-to-date: /root/aerostack2_ws/install/as2_msgs/include/as2_msgs/as2_msgs/srv/detail/set_speed__functions.c
[7.825s] -- Up-to-date: /root/aerostack2_ws/install/as2_msgs/include/as2_msgs/as2_msgs/srv/detail/package_pick_up__functions.h
[7.825s] -- Up-to-date: /root/aerostack2_ws/install/as2_msgs/include/as2_msgs/as2_msgs/srv/detail/get_geozone__functions.h
[7.825s] -- Up-to-date: /root/aerostack2_ws/install/as2_msgs/include/as2_msgs/as2_msgs/srv/detail/set_platform_state_machine_event__type_support.h
[7.825s] -- Up-to-date: /root/aerostack2_ws/install/as2_msgs/include/as2_msgs/as2_msgs/srv/detail/path_to_geopath__struct.h
[7.825s] -- Up-to-date: /root/aerostack2_ws/install/as2_msgs/include/as2_msgs/as2_msgs/srv/detail/package_un_pick__functions.c
[7.826s] -- Up-to-date: /root/aerostack2_ws/install/as2_msgs/include/as2_msgs/as2_msgs/srv/detail/set_geozone__functions.h
[7.826s] -- Up-to-date: /root/aerostack2_ws/install/as2_msgs/include/as2_msgs/as2_msgs/srv/detail/add_static_transform__functions.c
[7.826s] -- Up-to-date: /root/aerostack2_ws/install/as2_msgs/include/as2_msgs/as2_msgs/srv/detail/dynamic_land__functions.h
[7.826s] -- Up-to-date: /root/aerostack2_ws/install/as2_msgs/include/as2_msgs/as2_msgs/srv/detail/package_pick_up__type_support.h
[7.826s] -- Up-to-date: /root/aerostack2_ws/install/as2_msgs/include/as2_msgs/as2_msgs/srv/detail/dynamic_follower__functions.h
[7.826s] -- Up-to-date: /root/aerostack2_ws/install/as2_msgs/include/as2_msgs/as2_msgs/srv/detail/set_speed__functions.h
[7.826s] -- Up-to-date: /root/aerostack2_ws/install/as2_msgs/include/as2_msgs/as2_msgs/srv/modify_swarm.h
[7.826s] -- Up-to-date: /root/aerostack2_ws/install/as2_msgs/include/as2_msgs/as2_msgs/srv/add_static_transform_gps.h
[7.826s] -- Up-to-date: /root/aerostack2_ws/install/as2_msgs/include/as2_msgs/as2_msgs/srv/dynamic_follower.h
[7.826s] -- Up-to-date: /root/aerostack2_ws/install/as2_msgs/include/as2_msgs/as2_msgs/srv/set_speed.h
[7.826s] -- Up-to-date: /root/aerostack2_ws/install/as2_msgs/include/as2_msgs/as2_msgs/srv/set_origin.h
[7.826s] -- Up-to-date: /root/aerostack2_ws/install/as2_msgs/include/as2_msgs/as2_msgs/srv/add_static_transform.h
[7.827s] -- Up-to-date: /root/aerostack2_ws/install/as2_msgs/include/as2_msgs/as2_msgs/srv/set_control_mode.h
[7.827s] -- Up-to-date: /root/aerostack2_ws/install/as2_msgs/include/as2_msgs/as2_msgs/srv/package_un_pick.h
[7.827s] -- Up-to-date: /root/aerostack2_ws/install/as2_msgs/include/as2_msgs/as2_msgs/srv/package_pick_up.h
[7.827s] -- Up-to-date: /root/aerostack2_ws/install/as2_msgs/include/as2_msgs/as2_msgs/srv/get_geozone.h
[7.827s] -- Up-to-date: /root/aerostack2_ws/install/as2_msgs/include/as2_msgs/as2_msgs/srv/dynamic_land.h
[7.827s] -- Up-to-date: /root/aerostack2_ws/install/as2_msgs/include/as2_msgs/as2_msgs/srv/list_control_modes.h
[7.827s] -- Up-to-date: /root/aerostack2_ws/install/as2_msgs/include/as2_msgs/as2_msgs/srv/set_geozone.h
[7.827s] -- Up-to-date: /root/aerostack2_ws/install/as2_msgs/include/as2_msgs/as2_msgs/srv/set_platform_state_machine_event.h
[7.827s] -- Up-to-date: /root/aerostack2_ws/install/as2_msgs/include/as2_msgs/as2_msgs/srv/path_to_geopath.h
[7.827s] -- Up-to-date: /root/aerostack2_ws/install/as2_msgs/include/as2_msgs/as2_msgs/srv/get_origin.h
[7.827s] -- Up-to-date: /root/aerostack2_ws/install/as2_msgs/include/as2_msgs/as2_msgs/srv/geopath_to_path.h
[7.827s] -- Up-to-date: /root/aerostack2_ws/install/as2_msgs/share/as2_msgs/environment/library_path.sh
[7.828s] -- Up-to-date: /root/aerostack2_ws/install/as2_msgs/share/as2_msgs/environment/library_path.dsv
[7.828s] -- Up-to-date: /root/aerostack2_ws/install/as2_msgs/lib/libas2_msgs__rosidl_generator_c.so
[7.828s] -- Up-to-date: /root/aerostack2_ws/install/as2_msgs/include/as2_msgs/as2_msgs
[7.828s] -- Up-to-date: /root/aerostack2_ws/install/as2_msgs/include/as2_msgs/as2_msgs/msg
[7.828s] -- Up-to-date: /root/aerostack2_ws/install/as2_msgs/include/as2_msgs/as2_msgs/msg/rosidl_typesupport_fastrtps_c__visibility_control.h
[7.828s] -- Up-to-date: /root/aerostack2_ws/install/as2_msgs/include/as2_msgs/as2_msgs/msg/detail
[7.829s] -- Up-to-date: /root/aerostack2_ws/install/as2_msgs/include/as2_msgs/as2_msgs/msg/detail/pose_stamped_with_id__rosidl_typesupport_fastrtps_c.h
[7.829s] -- Up-to-date: /root/aerostack2_ws/install/as2_msgs/include/as2_msgs/as2_msgs/msg/detail/pose_with_id__rosidl_typesupport_fastrtps_c.h
[7.830s] -- Up-to-date: /root/aerostack2_ws/install/as2_msgs/include/as2_msgs/as2_msgs/msg/detail/mission_event__rosidl_typesupport_fastrtps_c.h
[7.830s] -- Up-to-date: /root/aerostack2_ws/install/as2_msgs/include/as2_msgs/as2_msgs/msg/detail/follow_target_info__rosidl_typesupport_fastrtps_c.h
[7.830s] -- Up-to-date: /root/aerostack2_ws/install/as2_msgs/include/as2_msgs/as2_msgs/msg/detail/geozone__rosidl_typesupport_fastrtps_c.h
[7.830s] -- Up-to-date: /root/aerostack2_ws/install/as2_msgs/include/as2_msgs/as2_msgs/msg/detail/trajectory_setpoints__rosidl_typesupport_fastrtps_c.h
[7.830s] -- Up-to-date: /root/aerostack2_ws/install/as2_msgs/include/as2_msgs/as2_msgs/msg/detail/platform_state_machine_event__rosidl_typesupport_fastrtps_c.h
[7.831s] -- Up-to-date: /root/aerostack2_ws/install/as2_msgs/include/as2_msgs/as2_msgs/msg/detail/thrust__rosidl_typesupport_fastrtps_c.h
[7.831s] -- Up-to-date: /root/aerostack2_ws/install/as2_msgs/include/as2_msgs/as2_msgs/msg/detail/mission_update__rosidl_typesupport_fastrtps_c.h
[7.831s] -- Up-to-date: /root/aerostack2_ws/install/as2_msgs/include/as2_msgs/as2_msgs/msg/detail/pose_stamped_with_id_array__rosidl_typesupport_fastrtps_c.h
[7.831s] -- Up-to-date: /root/aerostack2_ws/install/as2_msgs/include/as2_msgs/as2_msgs/msg/detail/node_status__rosidl_typesupport_fastrtps_c.h
[7.831s] -- Up-to-date: /root/aerostack2_ws/install/as2_msgs/include/as2_msgs/as2_msgs/msg/detail/speed__rosidl_typesupport_fastrtps_c.h
[7.831s] -- Up-to-date: /root/aerostack2_ws/install/as2_msgs/include/as2_msgs/as2_msgs/msg/detail/gimbal_control__rosidl_typesupport_fastrtps_c.h
[7.831s] -- Up-to-date: /root/aerostack2_ws/install/as2_msgs/include/as2_msgs/as2_msgs/msg/detail/yaw_mode__rosidl_typesupport_fastrtps_c.h
[7.831s] -- Up-to-date: /root/aerostack2_ws/install/as2_msgs/include/as2_msgs/as2_msgs/msg/detail/trajectory_point__rosidl_typesupport_fastrtps_c.h
[7.831s] -- Up-to-date: /root/aerostack2_ws/install/as2_msgs/include/as2_msgs/as2_msgs/msg/detail/control_mode__rosidl_typesupport_fastrtps_c.h
[7.831s] -- Up-to-date: /root/aerostack2_ws/install/as2_msgs/include/as2_msgs/as2_msgs/msg/detail/behavior_status__rosidl_typesupport_fastrtps_c.h
[7.831s] -- Up-to-date: /root/aerostack2_ws/install/as2_msgs/include/as2_msgs/as2_msgs/msg/detail/platform_status__rosidl_typesupport_fastrtps_c.h
[7.831s] -- Up-to-date: /root/aerostack2_ws/install/as2_msgs/include/as2_msgs/as2_msgs/msg/detail/u_int16_multi_array_stamped__rosidl_typesupport_fastrtps_c.h
[7.832s] -- Up-to-date: /root/aerostack2_ws/install/as2_msgs/include/as2_msgs/as2_msgs/msg/detail/pose_with_id_array__rosidl_typesupport_fastrtps_c.h
[7.832s] -- Up-to-date: /root/aerostack2_ws/install/as2_msgs/include/as2_msgs/as2_msgs/msg/detail/platform_info__rosidl_typesupport_fastrtps_c.h
[7.832s] -- Up-to-date: /root/aerostack2_ws/install/as2_msgs/include/as2_msgs/as2_msgs/msg/detail/polygon_list__rosidl_typesupport_fastrtps_c.h
[7.832s] -- Up-to-date: /root/aerostack2_ws/install/as2_msgs/include/as2_msgs/as2_msgs/msg/detail/alert_event__rosidl_typesupport_fastrtps_c.h
[7.832s] -- Up-to-date: /root/aerostack2_ws/install/as2_msgs/include/as2_msgs/as2_msgs/msg/detail/controller_info__rosidl_typesupport_fastrtps_c.h
[7.832s] -- Up-to-date: /root/aerostack2_ws/install/as2_msgs/include/as2_msgs/as2_msgs/msg/detail/acro__rosidl_typesupport_fastrtps_c.h
[7.832s] -- Up-to-date: /root/aerostack2_ws/install/as2_msgs/include/as2_msgs/as2_msgs/msg/detail/traj_gen_info__rosidl_typesupport_fastrtps_c.h
[7.832s] -- Up-to-date: /root/aerostack2_ws/install/as2_msgs/include/as2_msgs/as2_msgs/action
[7.832s] -- Up-to-date: /root/aerostack2_ws/install/as2_msgs/include/as2_msgs/as2_msgs/action/detail
[7.832s] -- Up-to-date: /root/aerostack2_ws/install/as2_msgs/include/as2_msgs/as2_msgs/action/detail/go_to_waypoint__rosidl_typesupport_fastrtps_c.h
[7.832s] -- Up-to-date: /root/aerostack2_ws/install/as2_msgs/include/as2_msgs/as2_msgs/action/detail/follow_reference__rosidl_typesupport_fastrtps_c.h
[7.833s] -- Up-to-date: /root/aerostack2_ws/install/as2_msgs/include/as2_msgs/as2_msgs/action/detail/point_gimbal__rosidl_typesupport_fastrtps_c.h
[7.833s] -- Up-to-date: /root/aerostack2_ws/install/as2_msgs/include/as2_msgs/as2_msgs/action/detail/set_arming_state__rosidl_typesupport_fastrtps_c.h
[7.833s] -- Up-to-date: /root/aerostack2_ws/install/as2_msgs/include/as2_msgs/as2_msgs/action/detail/navigate_to_point__rosidl_typesupport_fastrtps_c.h
[7.833s] -- Up-to-date: /root/aerostack2_ws/install/as2_msgs/include/as2_msgs/as2_msgs/action/detail/set_offboard_mode__rosidl_typesupport_fastrtps_c.h
[7.833s] -- Up-to-date: /root/aerostack2_ws/install/as2_msgs/include/as2_msgs/as2_msgs/action/detail/detect_aruco_markers__rosidl_typesupport_fastrtps_c.h
[7.833s] -- Up-to-date: /root/aerostack2_ws/install/as2_msgs/include/as2_msgs/as2_msgs/action/detail/land__rosidl_typesupport_fastrtps_c.h
[7.833s] -- Up-to-date: /root/aerostack2_ws/install/as2_msgs/include/as2_msgs/as2_msgs/action/detail/generate_polynomial_trajectory__rosidl_typesupport_fastrtps_c.h
[7.833s] -- Up-to-date: /root/aerostack2_ws/install/as2_msgs/include/as2_msgs/as2_msgs/action/detail/swarm_flocking__rosidl_typesupport_fastrtps_c.h
[7.833s] -- Up-to-date: /root/aerostack2_ws/install/as2_msgs/include/as2_msgs/as2_msgs/action/detail/takeoff__rosidl_typesupport_fastrtps_c.h
[7.834s] -- Up-to-date: /root/aerostack2_ws/install/as2_msgs/include/as2_msgs/as2_msgs/action/detail/follow_path__rosidl_typesupport_fastrtps_c.h
[7.834s] -- Up-to-date: /root/aerostack2_ws/install/as2_msgs/include/as2_msgs/as2_msgs/srv
[7.834s] -- Up-to-date: /root/aerostack2_ws/install/as2_msgs/include/as2_msgs/as2_msgs/srv/detail
[7.834s] -- Up-to-date: /root/aerostack2_ws/install/as2_msgs/include/as2_msgs/as2_msgs/srv/detail/set_geozone__rosidl_typesupport_fastrtps_c.h
[7.834s] -- Up-to-date: /root/aerostack2_ws/install/as2_msgs/include/as2_msgs/as2_msgs/srv/detail/list_control_modes__rosidl_typesupport_fastrtps_c.h
[7.834s] -- Up-to-date: /root/aerostack2_ws/install/as2_msgs/include/as2_msgs/as2_msgs/srv/detail/dynamic_follower__rosidl_typesupport_fastrtps_c.h
[7.834s] -- Up-to-date: /root/aerostack2_ws/install/as2_msgs/include/as2_msgs/as2_msgs/srv/detail/set_platform_state_machine_event__rosidl_typesupport_fastrtps_c.h
[7.834s] -- Up-to-date: /root/aerostack2_ws/install/as2_msgs/include/as2_msgs/as2_msgs/srv/detail/package_un_pick__rosidl_typesupport_fastrtps_c.h
[7.834s] -- Up-to-date: /root/aerostack2_ws/install/as2_msgs/include/as2_msgs/as2_msgs/srv/detail/add_static_transform_gps__rosidl_typesupport_fastrtps_c.h
[7.834s] -- Up-to-date: /root/aerostack2_ws/install/as2_msgs/include/as2_msgs/as2_msgs/srv/detail/geopath_to_path__rosidl_typesupport_fastrtps_c.h
[7.834s] -- Up-to-date: /root/aerostack2_ws/install/as2_msgs/include/as2_msgs/as2_msgs/srv/detail/modify_swarm__rosidl_typesupport_fastrtps_c.h
[7.835s] -- Up-to-date: /root/aerostack2_ws/install/as2_msgs/include/as2_msgs/as2_msgs/srv/detail/path_to_geopath__rosidl_typesupport_fastrtps_c.h
[7.835s] -- Up-to-date: /root/aerostack2_ws/install/as2_msgs/include/as2_msgs/as2_msgs/srv/detail/set_control_mode__rosidl_typesupport_fastrtps_c.h
[7.835s] -- Up-to-date: /root/aerostack2_ws/install/as2_msgs/include/as2_msgs/as2_msgs/srv/detail/package_pick_up__rosidl_typesupport_fastrtps_c.h
[7.835s] -- Up-to-date: /root/aerostack2_ws/install/as2_msgs/include/as2_msgs/as2_msgs/srv/detail/set_origin__rosidl_typesupport_fastrtps_c.h
[7.835s] -- Up-to-date: /root/aerostack2_ws/install/as2_msgs/include/as2_msgs/as2_msgs/srv/detail/add_static_transform__rosidl_typesupport_fastrtps_c.h
[7.835s] -- Up-to-date: /root/aerostack2_ws/install/as2_msgs/include/as2_msgs/as2_msgs/srv/detail/set_speed__rosidl_typesupport_fastrtps_c.h
[7.835s] -- Up-to-date: /root/aerostack2_ws/install/as2_msgs/include/as2_msgs/as2_msgs/srv/detail/get_geozone__rosidl_typesupport_fastrtps_c.h
[7.838s] -- Up-to-date: /root/aerostack2_ws/install/as2_msgs/include/as2_msgs/as2_msgs/srv/detail/dynamic_land__rosidl_typesupport_fastrtps_c.h
[7.839s] -- Up-to-date: /root/aerostack2_ws/install/as2_msgs/include/as2_msgs/as2_msgs/srv/detail/get_origin__rosidl_typesupport_fastrtps_c.h
[7.840s] -- Up-to-date: /root/aerostack2_ws/install/as2_msgs/lib/libas2_msgs__rosidl_typesupport_fastrtps_c.so
[7.840s] -- Up-to-date: /root/aerostack2_ws/install/as2_msgs/include/as2_msgs/as2_msgs
[7.840s] -- Up-to-date: /root/aerostack2_ws/install/as2_msgs/include/as2_msgs/as2_msgs/msg
[7.840s] -- Up-to-date: /root/aerostack2_ws/install/as2_msgs/include/as2_msgs/as2_msgs/msg/detail
[7.840s] -- Up-to-date: /root/aerostack2_ws/install/as2_msgs/include/as2_msgs/as2_msgs/msg/detail/controller_info__rosidl_typesupport_introspection_c.h
[7.840s] -- Up-to-date: /root/aerostack2_ws/install/as2_msgs/include/as2_msgs/as2_msgs/msg/detail/mission_update__rosidl_typesupport_introspection_c.h
[7.841s] -- Up-to-date: /root/aerostack2_ws/install/as2_msgs/include/as2_msgs/as2_msgs/msg/detail/trajectory_point__rosidl_typesupport_introspection_c.h
[7.841s] -- Up-to-date: /root/aerostack2_ws/install/as2_msgs/include/as2_msgs/as2_msgs/msg/detail/pose_with_id_array__rosidl_typesupport_introspection_c.h
[7.841s] -- Up-to-date: /root/aerostack2_ws/install/as2_msgs/include/as2_msgs/as2_msgs/msg/detail/traj_gen_info__type_support.c
[7.841s] -- Up-to-date: /root/aerostack2_ws/install/as2_msgs/include/as2_msgs/as2_msgs/msg/detail/platform_status__type_support.c
[7.841s] -- Up-to-date: /root/aerostack2_ws/install/as2_msgs/include/as2_msgs/as2_msgs/msg/detail/control_mode__rosidl_typesupport_introspection_c.h
[7.841s] -- Up-to-date: /root/aerostack2_ws/install/as2_msgs/include/as2_msgs/as2_msgs/msg/detail/behavior_status__rosidl_typesupport_introspection_c.h
[7.841s] -- Up-to-date: /root/aerostack2_ws/install/as2_msgs/include/as2_msgs/as2_msgs/msg/detail/platform_state_machine_event__type_support.c
[7.841s] -- Up-to-date: /root/aerostack2_ws/install/as2_msgs/include/as2_msgs/as2_msgs/msg/detail/controller_info__type_support.c
[7.841s] -- Up-to-date: /root/aerostack2_ws/install/as2_msgs/include/as2_msgs/as2_msgs/msg/detail/gimbal_control__rosidl_typesupport_introspection_c.h
[7.842s] -- Up-to-date: /root/aerostack2_ws/install/as2_msgs/include/as2_msgs/as2_msgs/msg/detail/node_status__type_support.c
[7.842s] -- Up-to-date: /root/aerostack2_ws/install/as2_msgs/include/as2_msgs/as2_msgs/msg/detail/node_status__rosidl_typesupport_introspection_c.h
[7.842s] -- Up-to-date: /root/aerostack2_ws/install/as2_msgs/include/as2_msgs/as2_msgs/msg/detail/acro__type_support.c
[7.842s] -- Up-to-date: /root/aerostack2_ws/install/as2_msgs/include/as2_msgs/as2_msgs/msg/detail/thrust__type_support.c
[7.842s] -- Up-to-date: /root/aerostack2_ws/install/as2_msgs/include/as2_msgs/as2_msgs/msg/detail/acro__rosidl_typesupport_introspection_c.h
[7.842s] -- Up-to-date: /root/aerostack2_ws/install/as2_msgs/include/as2_msgs/as2_msgs/msg/detail/control_mode__type_support.c
[7.842s] -- Up-to-date: /root/aerostack2_ws/install/as2_msgs/include/as2_msgs/as2_msgs/msg/detail/trajectory_setpoints__rosidl_typesupport_introspection_c.h
[7.842s] -- Up-to-date: /root/aerostack2_ws/install/as2_msgs/include/as2_msgs/as2_msgs/msg/detail/geozone__rosidl_typesupport_introspection_c.h
[7.843s] -- Up-to-date: /root/aerostack2_ws/install/as2_msgs/include/as2_msgs/as2_msgs/msg/detail/polygon_list__type_support.c
[7.843s] -- Up-to-date: /root/aerostack2_ws/install/as2_msgs/include/as2_msgs/as2_msgs/msg/detail/alert_event__rosidl_typesupport_introspection_c.h
[7.843s] -- Up-to-date: /root/aerostack2_ws/install/as2_msgs/include/as2_msgs/as2_msgs/msg/detail/pose_with_id_array__type_support.c
[7.843s] -- Up-to-date: /root/aerostack2_ws/install/as2_msgs/include/as2_msgs/as2_msgs/msg/detail/trajectory_point__type_support.c
[7.843s] -- Up-to-date: /root/aerostack2_ws/install/as2_msgs/include/as2_msgs/as2_msgs/msg/detail/speed__type_support.c
[7.843s] -- Up-to-date: /root/aerostack2_ws/install/as2_msgs/include/as2_msgs/as2_msgs/msg/detail/yaw_mode__type_support.c
[7.843s] -- Up-to-date: /root/aerostack2_ws/install/as2_msgs/include/as2_msgs/as2_msgs/msg/detail/pose_stamped_with_id_array__rosidl_typesupport_introspection_c.h
[7.843s] -- Up-to-date: /root/aerostack2_ws/install/as2_msgs/include/as2_msgs/as2_msgs/msg/detail/platform_info__rosidl_typesupport_introspection_c.h
[7.843s] -- Up-to-date: /root/aerostack2_ws/install/as2_msgs/include/as2_msgs/as2_msgs/msg/detail/traj_gen_info__rosidl_typesupport_introspection_c.h
[7.844s] -- Up-to-date: /root/aerostack2_ws/install/as2_msgs/include/as2_msgs/as2_msgs/msg/detail/trajectory_setpoints__type_support.c
[7.844s] -- Up-to-date: /root/aerostack2_ws/install/as2_msgs/include/as2_msgs/as2_msgs/msg/detail/pose_with_id__rosidl_typesupport_introspection_c.h
[7.844s] -- Up-to-date: /root/aerostack2_ws/install/as2_msgs/include/as2_msgs/as2_msgs/msg/detail/pose_stamped_with_id__rosidl_typesupport_introspection_c.h
[7.844s] -- Up-to-date: /root/aerostack2_ws/install/as2_msgs/include/as2_msgs/as2_msgs/msg/detail/mission_event__rosidl_typesupport_introspection_c.h
[7.844s] -- Up-to-date: /root/aerostack2_ws/install/as2_msgs/include/as2_msgs/as2_msgs/msg/detail/polygon_list__rosidl_typesupport_introspection_c.h
[7.844s] -- Up-to-date: /root/aerostack2_ws/install/as2_msgs/include/as2_msgs/as2_msgs/msg/detail/gimbal_control__type_support.c
[7.844s] -- Up-to-date: /root/aerostack2_ws/install/as2_msgs/include/as2_msgs/as2_msgs/msg/detail/mission_event__type_support.c
[7.844s] -- Up-to-date: /root/aerostack2_ws/install/as2_msgs/include/as2_msgs/as2_msgs/msg/detail/platform_state_machine_event__rosidl_typesupport_introspection_c.h
[7.845s] -- Up-to-date: /root/aerostack2_ws/install/as2_msgs/include/as2_msgs/as2_msgs/msg/detail/u_int16_multi_array_stamped__type_support.c
[7.845s] -- Up-to-date: /root/aerostack2_ws/install/as2_msgs/include/as2_msgs/as2_msgs/msg/detail/mission_update__type_support.c
[7.845s] -- Up-to-date: /root/aerostack2_ws/install/as2_msgs/include/as2_msgs/as2_msgs/msg/detail/alert_event__type_support.c
[7.845s] -- Up-to-date: /root/aerostack2_ws/install/as2_msgs/include/as2_msgs/as2_msgs/msg/detail/pose_stamped_with_id__type_support.c
[7.845s] -- Up-to-date: /root/aerostack2_ws/install/as2_msgs/include/as2_msgs/as2_msgs/msg/detail/speed__rosidl_typesupport_introspection_c.h
[7.845s] -- Up-to-date: /root/aerostack2_ws/install/as2_msgs/include/as2_msgs/as2_msgs/msg/detail/geozone__type_support.c
[7.846s] -- Up-to-date: /root/aerostack2_ws/install/as2_msgs/include/as2_msgs/as2_msgs/msg/detail/thrust__rosidl_typesupport_introspection_c.h
[7.846s] -- Up-to-date: /root/aerostack2_ws/install/as2_msgs/include/as2_msgs/as2_msgs/msg/detail/behavior_status__type_support.c
[7.846s] -- Up-to-date: /root/aerostack2_ws/install/as2_msgs/include/as2_msgs/as2_msgs/msg/detail/yaw_mode__rosidl_typesupport_introspection_c.h
[7.846s] -- Up-to-date: /root/aerostack2_ws/install/as2_msgs/include/as2_msgs/as2_msgs/msg/detail/pose_stamped_with_id_array__type_support.c
[7.846s] -- Up-to-date: /root/aerostack2_ws/install/as2_msgs/include/as2_msgs/as2_msgs/msg/detail/platform_info__type_support.c
[7.846s] -- Up-to-date: /root/aerostack2_ws/install/as2_msgs/include/as2_msgs/as2_msgs/msg/detail/follow_target_info__rosidl_typesupport_introspection_c.h
[7.846s] -- Up-to-date: /root/aerostack2_ws/install/as2_msgs/include/as2_msgs/as2_msgs/msg/detail/u_int16_multi_array_stamped__rosidl_typesupport_introspection_c.h
[7.846s] -- Up-to-date: /root/aerostack2_ws/install/as2_msgs/include/as2_msgs/as2_msgs/msg/detail/pose_with_id__type_support.c
[7.846s] -- Up-to-date: /root/aerostack2_ws/install/as2_msgs/include/as2_msgs/as2_msgs/msg/detail/follow_target_info__type_support.c
[7.846s] -- Up-to-date: /root/aerostack2_ws/install/as2_msgs/include/as2_msgs/as2_msgs/msg/detail/platform_status__rosidl_typesupport_introspection_c.h
[7.846s] -- Up-to-date: /root/aerostack2_ws/install/as2_msgs/include/as2_msgs/as2_msgs/msg/rosidl_typesupport_introspection_c__visibility_control.h
[7.847s] -- Up-to-date: /root/aerostack2_ws/install/as2_msgs/include/as2_msgs/as2_msgs/action
[7.847s] -- Up-to-date: /root/aerostack2_ws/install/as2_msgs/include/as2_msgs/as2_msgs/action/detail
[7.847s] -- Up-to-date: /root/aerostack2_ws/install/as2_msgs/include/as2_msgs/as2_msgs/action/detail/generate_polynomial_trajectory__rosidl_typesupport_introspection_c.h
[7.847s] -- Up-to-date: /root/aerostack2_ws/install/as2_msgs/include/as2_msgs/as2_msgs/action/detail/point_gimbal__rosidl_typesupport_introspection_c.h
[7.847s] -- Up-to-date: /root/aerostack2_ws/install/as2_msgs/include/as2_msgs/as2_msgs/action/detail/takeoff__type_support.c
[7.847s] -- Up-to-date: /root/aerostack2_ws/install/as2_msgs/include/as2_msgs/as2_msgs/action/detail/detect_aruco_markers__rosidl_typesupport_introspection_c.h
[7.847s] -- Up-to-date: /root/aerostack2_ws/install/as2_msgs/include/as2_msgs/as2_msgs/action/detail/swarm_flocking__rosidl_typesupport_introspection_c.h
[7.847s] -- Up-to-date: /root/aerostack2_ws/install/as2_msgs/include/as2_msgs/as2_msgs/action/detail/set_offboard_mode__type_support.c
[7.847s] -- Up-to-date: /root/aerostack2_ws/install/as2_msgs/include/as2_msgs/as2_msgs/action/detail/point_gimbal__type_support.c
[7.848s] -- Up-to-date: /root/aerostack2_ws/install/as2_msgs/include/as2_msgs/as2_msgs/action/detail/set_offboard_mode__rosidl_typesupport_introspection_c.h
[7.848s] -- Up-to-date: /root/aerostack2_ws/install/as2_msgs/include/as2_msgs/as2_msgs/action/detail/generate_polynomial_trajectory__type_support.c
[7.848s] -- Up-to-date: /root/aerostack2_ws/install/as2_msgs/include/as2_msgs/as2_msgs/action/detail/detect_aruco_markers__type_support.c
[7.848s] -- Up-to-date: /root/aerostack2_ws/install/as2_msgs/include/as2_msgs/as2_msgs/action/detail/follow_reference__rosidl_typesupport_introspection_c.h
[7.848s] -- Up-to-date: /root/aerostack2_ws/install/as2_msgs/include/as2_msgs/as2_msgs/action/detail/go_to_waypoint__type_support.c
[7.848s] -- Up-to-date: /root/aerostack2_ws/install/as2_msgs/include/as2_msgs/as2_msgs/action/detail/navigate_to_point__rosidl_typesupport_introspection_c.h
[7.848s] -- Up-to-date: /root/aerostack2_ws/install/as2_msgs/include/as2_msgs/as2_msgs/action/detail/follow_reference__type_support.c
[7.848s] -- Up-to-date: /root/aerostack2_ws/install/as2_msgs/include/as2_msgs/as2_msgs/action/detail/follow_path__type_support.c
[7.848s] -- Up-to-date: /root/aerostack2_ws/install/as2_msgs/include/as2_msgs/as2_msgs/action/detail/follow_path__rosidl_typesupport_introspection_c.h
[7.848s] -- Up-to-date: /root/aerostack2_ws/install/as2_msgs/include/as2_msgs/as2_msgs/action/detail/set_arming_state__type_support.c
[7.849s] -- Up-to-date: /root/aerostack2_ws/install/as2_msgs/include/as2_msgs/as2_msgs/action/detail/land__type_support.c
[7.849s] -- Up-to-date: /root/aerostack2_ws/install/as2_msgs/include/as2_msgs/as2_msgs/action/detail/swarm_flocking__type_support.c
[7.849s] -- Up-to-date: /root/aerostack2_ws/install/as2_msgs/include/as2_msgs/as2_msgs/action/detail/set_arming_state__rosidl_typesupport_introspection_c.h
[7.849s] -- Up-to-date: /root/aerostack2_ws/install/as2_msgs/include/as2_msgs/as2_msgs/action/detail/takeoff__rosidl_typesupport_introspection_c.h
[7.849s] -- Up-to-date: /root/aerostack2_ws/install/as2_msgs/include/as2_msgs/as2_msgs/action/detail/land__rosidl_typesupport_introspection_c.h
[7.849s] -- Up-to-date: /root/aerostack2_ws/install/as2_msgs/include/as2_msgs/as2_msgs/action/detail/navigate_to_point__type_support.c
[7.849s] -- Up-to-date: /root/aerostack2_ws/install/as2_msgs/include/as2_msgs/as2_msgs/action/detail/go_to_waypoint__rosidl_typesupport_introspection_c.h
[7.849s] -- Up-to-date: /root/aerostack2_ws/install/as2_msgs/include/as2_msgs/as2_msgs/srv
[7.849s] -- Up-to-date: /root/aerostack2_ws/install/as2_msgs/include/as2_msgs/as2_msgs/srv/detail
[7.850s] -- Up-to-date: /root/aerostack2_ws/install/as2_msgs/include/as2_msgs/as2_msgs/srv/detail/package_un_pick__rosidl_typesupport_introspection_c.h
[7.850s] -- Up-to-date: /root/aerostack2_ws/install/as2_msgs/include/as2_msgs/as2_msgs/srv/detail/set_geozone__type_support.c
[7.850s] -- Up-to-date: /root/aerostack2_ws/install/as2_msgs/include/as2_msgs/as2_msgs/srv/detail/set_platform_state_machine_event__type_support.c
[7.850s] -- Up-to-date: /root/aerostack2_ws/install/as2_msgs/include/as2_msgs/as2_msgs/srv/detail/add_static_transform_gps__type_support.c
[7.850s] -- Up-to-date: /root/aerostack2_ws/install/as2_msgs/include/as2_msgs/as2_msgs/srv/detail/modify_swarm__type_support.c
[7.850s] -- Up-to-date: /root/aerostack2_ws/install/as2_msgs/include/as2_msgs/as2_msgs/srv/detail/add_static_transform_gps__rosidl_typesupport_introspection_c.h
[7.850s] -- Up-to-date: /root/aerostack2_ws/install/as2_msgs/include/as2_msgs/as2_msgs/srv/detail/package_pick_up__type_support.c
[7.850s] -- Up-to-date: /root/aerostack2_ws/install/as2_msgs/include/as2_msgs/as2_msgs/srv/detail/set_speed__type_support.c
[7.850s] -- Up-to-date: /root/aerostack2_ws/install/as2_msgs/include/as2_msgs/as2_msgs/srv/detail/get_geozone__rosidl_typesupport_introspection_c.h
[7.850s] -- Up-to-date: /root/aerostack2_ws/install/as2_msgs/include/as2_msgs/as2_msgs/srv/detail/add_static_transform__type_support.c
[7.850s] -- Up-to-date: /root/aerostack2_ws/install/as2_msgs/include/as2_msgs/as2_msgs/srv/detail/dynamic_land__type_support.c
[7.850s] -- Up-to-date: /root/aerostack2_ws/install/as2_msgs/include/as2_msgs/as2_msgs/srv/detail/path_to_geopath__rosidl_typesupport_introspection_c.h
[7.851s] -- Up-to-date: /root/aerostack2_ws/install/as2_msgs/include/as2_msgs/as2_msgs/srv/detail/dynamic_follower__rosidl_typesupport_introspection_c.h
[7.851s] -- Up-to-date: /root/aerostack2_ws/install/as2_msgs/include/as2_msgs/as2_msgs/srv/detail/set_control_mode__type_support.c
[7.851s] -- Up-to-date: /root/aerostack2_ws/install/as2_msgs/include/as2_msgs/as2_msgs/srv/detail/list_control_modes__type_support.c
[7.851s] -- Up-to-date: /root/aerostack2_ws/install/as2_msgs/include/as2_msgs/as2_msgs/srv/detail/get_geozone__type_support.c
[7.851s] -- Up-to-date: /root/aerostack2_ws/install/as2_msgs/include/as2_msgs/as2_msgs/srv/detail/set_geozone__rosidl_typesupport_introspection_c.h
[7.851s] -- Up-to-date: /root/aerostack2_ws/install/as2_msgs/include/as2_msgs/as2_msgs/srv/detail/modify_swarm__rosidl_typesupport_introspection_c.h
[7.851s] -- Up-to-date: /root/aerostack2_ws/install/as2_msgs/include/as2_msgs/as2_msgs/srv/detail/set_speed__rosidl_typesupport_introspection_c.h
[7.851s] -- Up-to-date: /root/aerostack2_ws/install/as2_msgs/include/as2_msgs/as2_msgs/srv/detail/dynamic_follower__type_support.c
[7.851s] -- Up-to-date: /root/aerostack2_ws/install/as2_msgs/include/as2_msgs/as2_msgs/srv/detail/get_origin__type_support.c
[7.851s] -- Up-to-date: /root/aerostack2_ws/install/as2_msgs/include/as2_msgs/as2_msgs/srv/detail/dynamic_land__rosidl_typesupport_introspection_c.h
[7.851s] -- Up-to-date: /root/aerostack2_ws/install/as2_msgs/include/as2_msgs/as2_msgs/srv/detail/set_platform_state_machine_event__rosidl_typesupport_introspection_c.h
[7.851s] -- Up-to-date: /root/aerostack2_ws/install/as2_msgs/include/as2_msgs/as2_msgs/srv/detail/get_origin__rosidl_typesupport_introspection_c.h
[7.852s] -- Up-to-date: /root/aerostack2_ws/install/as2_msgs/include/as2_msgs/as2_msgs/srv/detail/set_origin__type_support.c
[7.852s] -- Up-to-date: /root/aerostack2_ws/install/as2_msgs/include/as2_msgs/as2_msgs/srv/detail/set_control_mode__rosidl_typesupport_introspection_c.h
[7.855s] -- Up-to-date: /root/aerostack2_ws/install/as2_msgs/include/as2_msgs/as2_msgs/srv/detail/add_static_transform__rosidl_typesupport_introspection_c.h
[7.855s] -- Up-to-date: /root/aerostack2_ws/install/as2_msgs/include/as2_msgs/as2_msgs/srv/detail/geopath_to_path__rosidl_typesupport_introspection_c.h
[7.855s] -- Up-to-date: /root/aerostack2_ws/install/as2_msgs/include/as2_msgs/as2_msgs/srv/detail/geopath_to_path__type_support.c
[7.855s] -- Up-to-date: /root/aerostack2_ws/install/as2_msgs/include/as2_msgs/as2_msgs/srv/detail/list_control_modes__rosidl_typesupport_introspection_c.h
[7.856s] -- Up-to-date: /root/aerostack2_ws/install/as2_msgs/include/as2_msgs/as2_msgs/srv/detail/set_origin__rosidl_typesupport_introspection_c.h
[7.856s] -- Up-to-date: /root/aerostack2_ws/install/as2_msgs/include/as2_msgs/as2_msgs/srv/detail/package_pick_up__rosidl_typesupport_introspection_c.h
[7.856s] -- Up-to-date: /root/aerostack2_ws/install/as2_msgs/include/as2_msgs/as2_msgs/srv/detail/package_un_pick__type_support.c
[7.856s] -- Up-to-date: /root/aerostack2_ws/install/as2_msgs/include/as2_msgs/as2_msgs/srv/detail/path_to_geopath__type_support.c
[7.856s] -- Up-to-date: /root/aerostack2_ws/install/as2_msgs/lib/libas2_msgs__rosidl_typesupport_introspection_c.so
[7.856s] -- Up-to-date: /root/aerostack2_ws/install/as2_msgs/lib/libas2_msgs__rosidl_typesupport_c.so
[7.856s] -- Up-to-date: /root/aerostack2_ws/install/as2_msgs/include/as2_msgs/as2_msgs
[7.856s] -- Up-to-date: /root/aerostack2_ws/install/as2_msgs/include/as2_msgs/as2_msgs/msg
[7.856s] -- Up-to-date: /root/aerostack2_ws/install/as2_msgs/include/as2_msgs/as2_msgs/msg/yaw_mode.hpp
[7.857s] -- Up-to-date: /root/aerostack2_ws/install/as2_msgs/include/as2_msgs/as2_msgs/msg/detail
[7.857s] -- Up-to-date: /root/aerostack2_ws/install/as2_msgs/include/as2_msgs/as2_msgs/msg/detail/platform_state_machine_event__type_support.hpp
[7.857s] -- Up-to-date: /root/aerostack2_ws/install/as2_msgs/include/as2_msgs/as2_msgs/msg/detail/yaw_mode__traits.hpp
[7.857s] -- Up-to-date: /root/aerostack2_ws/install/as2_msgs/include/as2_msgs/as2_msgs/msg/detail/u_int16_multi_array_stamped__builder.hpp
[7.857s] -- Up-to-date: /root/aerostack2_ws/install/as2_msgs/include/as2_msgs/as2_msgs/msg/detail/alert_event__builder.hpp
[7.857s] -- Up-to-date: /root/aerostack2_ws/install/as2_msgs/include/as2_msgs/as2_msgs/msg/detail/follow_target_info__type_support.hpp
[7.857s] -- Up-to-date: /root/aerostack2_ws/install/as2_msgs/include/as2_msgs/as2_msgs/msg/detail/follow_target_info__struct.hpp
[7.857s] -- Up-to-date: /root/aerostack2_ws/install/as2_msgs/include/as2_msgs/as2_msgs/msg/detail/node_status__struct.hpp
[7.857s] -- Up-to-date: /root/aerostack2_ws/install/as2_msgs/include/as2_msgs/as2_msgs/msg/detail/trajectory_setpoints__traits.hpp
[7.857s] -- Up-to-date: /root/aerostack2_ws/install/as2_msgs/include/as2_msgs/as2_msgs/msg/detail/pose_with_id_array__traits.hpp
[7.857s] -- Up-to-date: /root/aerostack2_ws/install/as2_msgs/include/as2_msgs/as2_msgs/msg/detail/alert_event__struct.hpp
[7.858s] -- Up-to-date: /root/aerostack2_ws/install/as2_msgs/include/as2_msgs/as2_msgs/msg/detail/pose_stamped_with_id_array__builder.hpp
[7.858s] -- Up-to-date: /root/aerostack2_ws/install/as2_msgs/include/as2_msgs/as2_msgs/msg/detail/mission_event__builder.hpp
[7.858s] -- Up-to-date: /root/aerostack2_ws/install/as2_msgs/include/as2_msgs/as2_msgs/msg/detail/behavior_status__type_support.hpp
[7.858s] -- Up-to-date: /root/aerostack2_ws/install/as2_msgs/include/as2_msgs/as2_msgs/msg/detail/thrust__type_support.hpp
[7.858s] -- Up-to-date: /root/aerostack2_ws/install/as2_msgs/include/as2_msgs/as2_msgs/msg/detail/speed__type_support.hpp
[7.858s] -- Up-to-date: /root/aerostack2_ws/install/as2_msgs/include/as2_msgs/as2_msgs/msg/detail/trajectory_setpoints__builder.hpp
[7.858s] -- Up-to-date: /root/aerostack2_ws/install/as2_msgs/include/as2_msgs/as2_msgs/msg/detail/pose_stamped_with_id_array__traits.hpp
[7.858s] -- Up-to-date: /root/aerostack2_ws/install/as2_msgs/include/as2_msgs/as2_msgs/msg/detail/platform_info__type_support.hpp
[7.858s] -- Up-to-date: /root/aerostack2_ws/install/as2_msgs/include/as2_msgs/as2_msgs/msg/detail/pose_stamped_with_id_array__type_support.hpp
[7.858s] -- Up-to-date: /root/aerostack2_ws/install/as2_msgs/include/as2_msgs/as2_msgs/msg/detail/thrust__builder.hpp
[7.858s] -- Up-to-date: /root/aerostack2_ws/install/as2_msgs/include/as2_msgs/as2_msgs/msg/detail/mission_event__type_support.hpp
[7.858s] -- Up-to-date: /root/aerostack2_ws/install/as2_msgs/include/as2_msgs/as2_msgs/msg/detail/node_status__traits.hpp
[7.859s] -- Up-to-date: /root/aerostack2_ws/install/as2_msgs/include/as2_msgs/as2_msgs/msg/detail/traj_gen_info__traits.hpp
[7.859s] -- Up-to-date: /root/aerostack2_ws/install/as2_msgs/include/as2_msgs/as2_msgs/msg/detail/platform_status__type_support.hpp
[7.859s] -- Up-to-date: /root/aerostack2_ws/install/as2_msgs/include/as2_msgs/as2_msgs/msg/detail/mission_update__traits.hpp
[7.859s] -- Up-to-date: /root/aerostack2_ws/install/as2_msgs/include/as2_msgs/as2_msgs/msg/detail/control_mode__type_support.hpp
[7.859s] -- Up-to-date: /root/aerostack2_ws/install/as2_msgs/include/as2_msgs/as2_msgs/msg/detail/mission_event__struct.hpp
[7.859s] -- Up-to-date: /root/aerostack2_ws/install/as2_msgs/include/as2_msgs/as2_msgs/msg/detail/platform_status__traits.hpp
[7.859s] -- Up-to-date: /root/aerostack2_ws/install/as2_msgs/include/as2_msgs/as2_msgs/msg/detail/pose_with_id_array__builder.hpp
[7.859s] -- Up-to-date: /root/aerostack2_ws/install/as2_msgs/include/as2_msgs/as2_msgs/msg/detail/platform_state_machine_event__struct.hpp
[7.859s] -- Up-to-date: /root/aerostack2_ws/install/as2_msgs/include/as2_msgs/as2_msgs/msg/detail/controller_info__builder.hpp
[7.859s] -- Up-to-date: /root/aerostack2_ws/install/as2_msgs/include/as2_msgs/as2_msgs/msg/detail/behavior_status__builder.hpp
[7.859s] -- Up-to-date: /root/aerostack2_ws/install/as2_msgs/include/as2_msgs/as2_msgs/msg/detail/trajectory_setpoints__type_support.hpp
[7.859s] -- Up-to-date: /root/aerostack2_ws/install/as2_msgs/include/as2_msgs/as2_msgs/msg/detail/pose_stamped_with_id__struct.hpp
[7.860s] -- Up-to-date: /root/aerostack2_ws/install/as2_msgs/include/as2_msgs/as2_msgs/msg/detail/polygon_list__type_support.hpp
[7.860s] -- Up-to-date: /root/aerostack2_ws/install/as2_msgs/include/as2_msgs/as2_msgs/msg/detail/pose_stamped_with_id__builder.hpp
[7.860s] -- Up-to-date: /root/aerostack2_ws/install/as2_msgs/include/as2_msgs/as2_msgs/msg/detail/control_mode__builder.hpp
[7.860s] -- Up-to-date: /root/aerostack2_ws/install/as2_msgs/include/as2_msgs/as2_msgs/msg/detail/gimbal_control__type_support.hpp
[7.860s] -- Up-to-date: /root/aerostack2_ws/install/as2_msgs/include/as2_msgs/as2_msgs/msg/detail/pose_with_id_array__type_support.hpp
[7.860s] -- Up-to-date: /root/aerostack2_ws/install/as2_msgs/include/as2_msgs/as2_msgs/msg/detail/yaw_mode__type_support.hpp
[7.860s] -- Up-to-date: /root/aerostack2_ws/install/as2_msgs/include/as2_msgs/as2_msgs/msg/detail/yaw_mode__builder.hpp
[7.860s] -- Up-to-date: /root/aerostack2_ws/install/as2_msgs/include/as2_msgs/as2_msgs/msg/detail/behavior_status__traits.hpp
[7.860s] -- Up-to-date: /root/aerostack2_ws/install/as2_msgs/include/as2_msgs/as2_msgs/msg/detail/u_int16_multi_array_stamped__traits.hpp
[7.860s] -- Up-to-date: /root/aerostack2_ws/install/as2_msgs/include/as2_msgs/as2_msgs/msg/detail/mission_event__traits.hpp
[7.860s] -- Up-to-date: /root/aerostack2_ws/install/as2_msgs/include/as2_msgs/as2_msgs/msg/detail/platform_state_machine_event__traits.hpp
[7.860s] -- Up-to-date: /root/aerostack2_ws/install/as2_msgs/include/as2_msgs/as2_msgs/msg/detail/geozone__traits.hpp
[7.861s] -- Up-to-date: /root/aerostack2_ws/install/as2_msgs/include/as2_msgs/as2_msgs/msg/detail/mission_update__type_support.hpp
[7.861s] -- Up-to-date: /root/aerostack2_ws/install/as2_msgs/include/as2_msgs/as2_msgs/msg/detail/u_int16_multi_array_stamped__type_support.hpp
[7.863s] -- Up-to-date: /root/aerostack2_ws/install/as2_msgs/include/as2_msgs/as2_msgs/msg/detail/trajectory_point__type_support.hpp
[7.865s] -- Up-to-date: /root/aerostack2_ws/install/as2_msgs/include/as2_msgs/as2_msgs/msg/detail/polygon_list__struct.hpp
[7.865s] -- Up-to-date: /root/aerostack2_ws/install/as2_msgs/include/as2_msgs/as2_msgs/msg/detail/node_status__type_support.hpp
[7.866s] -- Up-to-date: /root/aerostack2_ws/install/as2_msgs/include/as2_msgs/as2_msgs/msg/detail/pose_stamped_with_id_array__struct.hpp
[7.866s] -- Up-to-date: /root/aerostack2_ws/install/as2_msgs/include/as2_msgs/as2_msgs/msg/detail/mission_update__builder.hpp
[7.866s] -- Up-to-date: /root/aerostack2_ws/install/as2_msgs/include/as2_msgs/as2_msgs/msg/detail/pose_with_id__builder.hpp
[7.866s] -- Up-to-date: /root/aerostack2_ws/install/as2_msgs/include/as2_msgs/as2_msgs/msg/detail/acro__type_support.hpp
[7.867s] -- Up-to-date: /root/aerostack2_ws/install/as2_msgs/include/as2_msgs/as2_msgs/msg/detail/platform_info__builder.hpp
[7.867s] -- Up-to-date: /root/aerostack2_ws/install/as2_msgs/include/as2_msgs/as2_msgs/msg/detail/speed__builder.hpp
[7.868s] -- Up-to-date: /root/aerostack2_ws/install/as2_msgs/include/as2_msgs/as2_msgs/msg/detail/gimbal_control__traits.hpp
[7.868s] -- Up-to-date: /root/aerostack2_ws/install/as2_msgs/include/as2_msgs/as2_msgs/msg/detail/platform_status__struct.hpp
[7.868s] -- Up-to-date: /root/aerostack2_ws/install/as2_msgs/include/as2_msgs/as2_msgs/msg/detail/control_mode__traits.hpp
[7.868s] -- Up-to-date: /root/aerostack2_ws/install/as2_msgs/include/as2_msgs/as2_msgs/msg/detail/platform_info__traits.hpp
[7.869s] -- Up-to-date: /root/aerostack2_ws/install/as2_msgs/include/as2_msgs/as2_msgs/msg/detail/geozone__struct.hpp
[7.869s] -- Up-to-date: /root/aerostack2_ws/install/as2_msgs/include/as2_msgs/as2_msgs/msg/detail/acro__builder.hpp
[7.869s] -- Up-to-date: /root/aerostack2_ws/install/as2_msgs/include/as2_msgs/as2_msgs/msg/detail/trajectory_point__struct.hpp
[7.869s] -- Up-to-date: /root/aerostack2_ws/install/as2_msgs/include/as2_msgs/as2_msgs/msg/detail/yaw_mode__struct.hpp
[7.870s] -- Up-to-date: /root/aerostack2_ws/install/as2_msgs/include/as2_msgs/as2_msgs/msg/detail/controller_info__struct.hpp
[7.871s] -- Up-to-date: /root/aerostack2_ws/install/as2_msgs/include/as2_msgs/as2_msgs/msg/detail/pose_with_id__traits.hpp
[7.871s] -- Up-to-date: /root/aerostack2_ws/install/as2_msgs/include/as2_msgs/as2_msgs/msg/detail/traj_gen_info__builder.hpp
[7.871s] -- Up-to-date: /root/aerostack2_ws/install/as2_msgs/include/as2_msgs/as2_msgs/msg/detail/trajectory_setpoints__struct.hpp
[7.871s] -- Up-to-date: /root/aerostack2_ws/install/as2_msgs/include/as2_msgs/as2_msgs/msg/detail/trajectory_point__traits.hpp
[7.872s] -- Up-to-date: /root/aerostack2_ws/install/as2_msgs/include/as2_msgs/as2_msgs/msg/detail/thrust__struct.hpp
[7.872s] -- Up-to-date: /root/aerostack2_ws/install/as2_msgs/include/as2_msgs/as2_msgs/msg/detail/geozone__type_support.hpp
[7.872s] -- Up-to-date: /root/aerostack2_ws/install/as2_msgs/include/as2_msgs/as2_msgs/msg/detail/u_int16_multi_array_stamped__struct.hpp
[7.873s] -- Up-to-date: /root/aerostack2_ws/install/as2_msgs/include/as2_msgs/as2_msgs/msg/detail/gimbal_control__struct.hpp
[7.873s] -- Up-to-date: /root/aerostack2_ws/install/as2_msgs/include/as2_msgs/as2_msgs/msg/detail/acro__traits.hpp
[7.873s] -- Up-to-date: /root/aerostack2_ws/install/as2_msgs/include/as2_msgs/as2_msgs/msg/detail/thrust__traits.hpp
[7.873s] -- Up-to-date: /root/aerostack2_ws/install/as2_msgs/include/as2_msgs/as2_msgs/msg/detail/controller_info__traits.hpp
[7.873s] -- Up-to-date: /root/aerostack2_ws/install/as2_msgs/include/as2_msgs/as2_msgs/msg/detail/polygon_list__builder.hpp
[7.873s] -- Up-to-date: /root/aerostack2_ws/install/as2_msgs/include/as2_msgs/as2_msgs/msg/detail/trajectory_point__builder.hpp
[7.873s] -- Up-to-date: /root/aerostack2_ws/install/as2_msgs/include/as2_msgs/as2_msgs/msg/detail/mission_update__struct.hpp
[7.874s] -- Up-to-date: /root/aerostack2_ws/install/as2_msgs/include/as2_msgs/as2_msgs/msg/detail/behavior_status__struct.hpp
[7.874s] -- Up-to-date: /root/aerostack2_ws/install/as2_msgs/include/as2_msgs/as2_msgs/msg/detail/platform_state_machine_event__builder.hpp
[7.874s] -- Up-to-date: /root/aerostack2_ws/install/as2_msgs/include/as2_msgs/as2_msgs/msg/detail/speed__struct.hpp
[7.874s] -- Up-to-date: /root/aerostack2_ws/install/as2_msgs/include/as2_msgs/as2_msgs/msg/detail/speed__traits.hpp
[7.874s] -- Up-to-date: /root/aerostack2_ws/install/as2_msgs/include/as2_msgs/as2_msgs/msg/detail/pose_stamped_with_id__traits.hpp
[7.874s] -- Up-to-date: /root/aerostack2_ws/install/as2_msgs/include/as2_msgs/as2_msgs/msg/detail/acro__struct.hpp
[7.874s] -- Up-to-date: /root/aerostack2_ws/install/as2_msgs/include/as2_msgs/as2_msgs/msg/detail/gimbal_control__builder.hpp
[7.874s] -- Up-to-date: /root/aerostack2_ws/install/as2_msgs/include/as2_msgs/as2_msgs/msg/detail/pose_with_id__struct.hpp
[7.874s] -- Up-to-date: /root/aerostack2_ws/install/as2_msgs/include/as2_msgs/as2_msgs/msg/detail/alert_event__type_support.hpp
[7.875s] -- Up-to-date: /root/aerostack2_ws/install/as2_msgs/include/as2_msgs/as2_msgs/msg/detail/follow_target_info__builder.hpp
[7.875s] -- Up-to-date: /root/aerostack2_ws/install/as2_msgs/include/as2_msgs/as2_msgs/msg/detail/pose_with_id_array__struct.hpp
[7.875s] -- Up-to-date: /root/aerostack2_ws/install/as2_msgs/include/as2_msgs/as2_msgs/msg/detail/pose_stamped_with_id__type_support.hpp
[7.875s] -- Up-to-date: /root/aerostack2_ws/install/as2_msgs/include/as2_msgs/as2_msgs/msg/detail/node_status__builder.hpp
[7.876s] -- Up-to-date: /root/aerostack2_ws/install/as2_msgs/include/as2_msgs/as2_msgs/msg/detail/alert_event__traits.hpp
[7.876s] -- Up-to-date: /root/aerostack2_ws/install/as2_msgs/include/as2_msgs/as2_msgs/msg/detail/geozone__builder.hpp
[7.876s] -- Up-to-date: /root/aerostack2_ws/install/as2_msgs/include/as2_msgs/as2_msgs/msg/detail/controller_info__type_support.hpp
[7.876s] -- Up-to-date: /root/aerostack2_ws/install/as2_msgs/include/as2_msgs/as2_msgs/msg/detail/control_mode__struct.hpp
[7.876s] -- Up-to-date: /root/aerostack2_ws/install/as2_msgs/include/as2_msgs/as2_msgs/msg/detail/pose_with_id__type_support.hpp
[7.877s] -- Up-to-date: /root/aerostack2_ws/install/as2_msgs/include/as2_msgs/as2_msgs/msg/detail/traj_gen_info__type_support.hpp
[7.877s] -- Up-to-date: /root/aerostack2_ws/install/as2_msgs/include/as2_msgs/as2_msgs/msg/detail/platform_info__struct.hpp
[7.877s] -- Up-to-date: /root/aerostack2_ws/install/as2_msgs/include/as2_msgs/as2_msgs/msg/detail/platform_status__builder.hpp
[7.877s] -- Up-to-date: /root/aerostack2_ws/install/as2_msgs/include/as2_msgs/as2_msgs/msg/detail/traj_gen_info__struct.hpp
[7.878s] -- Up-to-date: /root/aerostack2_ws/install/as2_msgs/include/as2_msgs/as2_msgs/msg/detail/follow_target_info__traits.hpp
[7.878s] -- Up-to-date: /root/aerostack2_ws/install/as2_msgs/include/as2_msgs/as2_msgs/msg/detail/polygon_list__traits.hpp
[7.878s] -- Up-to-date: /root/aerostack2_ws/install/as2_msgs/include/as2_msgs/as2_msgs/msg/alert_event.hpp
[7.878s] -- Up-to-date: /root/aerostack2_ws/install/as2_msgs/include/as2_msgs/as2_msgs/msg/rosidl_generator_cpp__visibility_control.hpp
[7.878s] -- Up-to-date: /root/aerostack2_ws/install/as2_msgs/include/as2_msgs/as2_msgs/msg/polygon_list.hpp
[7.879s] -- Up-to-date: /root/aerostack2_ws/install/as2_msgs/include/as2_msgs/as2_msgs/msg/trajectory_setpoints.hpp
[7.879s] -- Up-to-date: /root/aerostack2_ws/install/as2_msgs/include/as2_msgs/as2_msgs/msg/control_mode.hpp
[7.879s] -- Up-to-date: /root/aerostack2_ws/install/as2_msgs/include/as2_msgs/as2_msgs/msg/u_int16_multi_array_stamped.hpp
[7.879s] -- Up-to-date: /root/aerostack2_ws/install/as2_msgs/include/as2_msgs/as2_msgs/msg/follow_target_info.hpp
[7.879s] -- Up-to-date: /root/aerostack2_ws/install/as2_msgs/include/as2_msgs/as2_msgs/msg/pose_with_id_array.hpp
[7.879s] -- Up-to-date: /root/aerostack2_ws/install/as2_msgs/include/as2_msgs/as2_msgs/msg/trajectory_point.hpp
[7.879s] -- Up-to-date: /root/aerostack2_ws/install/as2_msgs/include/as2_msgs/as2_msgs/msg/pose_with_id.hpp
[7.879s] -- Up-to-date: /root/aerostack2_ws/install/as2_msgs/include/as2_msgs/as2_msgs/msg/gimbal_control.hpp
[7.879s] -- Up-to-date: /root/aerostack2_ws/install/as2_msgs/include/as2_msgs/as2_msgs/msg/acro.hpp
[7.879s] -- Up-to-date: /root/aerostack2_ws/install/as2_msgs/include/as2_msgs/as2_msgs/msg/behavior_status.hpp
[7.879s] -- Up-to-date: /root/aerostack2_ws/install/as2_msgs/include/as2_msgs/as2_msgs/msg/traj_gen_info.hpp
[7.880s] -- Up-to-date: /root/aerostack2_ws/install/as2_msgs/include/as2_msgs/as2_msgs/msg/pose_stamped_with_id_array.hpp
[7.880s] -- Up-to-date: /root/aerostack2_ws/install/as2_msgs/include/as2_msgs/as2_msgs/msg/platform_info.hpp
[7.880s] -- Up-to-date: /root/aerostack2_ws/install/as2_msgs/include/as2_msgs/as2_msgs/msg/platform_status.hpp
[7.880s] -- Up-to-date: /root/aerostack2_ws/install/as2_msgs/include/as2_msgs/as2_msgs/msg/mission_update.hpp
[7.880s] -- Up-to-date: /root/aerostack2_ws/install/as2_msgs/include/as2_msgs/as2_msgs/msg/speed.hpp
[7.884s] -- Up-to-date: /root/aerostack2_ws/install/as2_msgs/include/as2_msgs/as2_msgs/msg/controller_info.hpp
[7.885s] -- Up-to-date: /root/aerostack2_ws/install/as2_msgs/include/as2_msgs/as2_msgs/msg/pose_stamped_with_id.hpp
[7.885s] -- Up-to-date: /root/aerostack2_ws/install/as2_msgs/include/as2_msgs/as2_msgs/msg/node_status.hpp
[7.885s] -- Up-to-date: /root/aerostack2_ws/install/as2_msgs/include/as2_msgs/as2_msgs/msg/platform_state_machine_event.hpp
[7.885s] -- Up-to-date: /root/aerostack2_ws/install/as2_msgs/include/as2_msgs/as2_msgs/msg/thrust.hpp
[7.885s] -- Up-to-date: /root/aerostack2_ws/install/as2_msgs/include/as2_msgs/as2_msgs/msg/mission_event.hpp
[7.885s] -- Up-to-date: /root/aerostack2_ws/install/as2_msgs/include/as2_msgs/as2_msgs/msg/geozone.hpp
[7.885s] -- Up-to-date: /root/aerostack2_ws/install/as2_msgs/include/as2_msgs/as2_msgs/action
[7.885s] -- Up-to-date: /root/aerostack2_ws/install/as2_msgs/include/as2_msgs/as2_msgs/action/detail
[7.885s] -- Up-to-date: /root/aerostack2_ws/install/as2_msgs/include/as2_msgs/as2_msgs/action/detail/follow_path__builder.hpp
[7.886s] -- Up-to-date: /root/aerostack2_ws/install/as2_msgs/include/as2_msgs/as2_msgs/action/detail/takeoff__type_support.hpp
[7.886s] -- Up-to-date: /root/aerostack2_ws/install/as2_msgs/include/as2_msgs/as2_msgs/action/detail/generate_polynomial_trajectory__struct.hpp
[7.886s] -- Up-to-date: /root/aerostack2_ws/install/as2_msgs/include/as2_msgs/as2_msgs/action/detail/go_to_waypoint__builder.hpp
[7.886s] -- Up-to-date: /root/aerostack2_ws/install/as2_msgs/include/as2_msgs/as2_msgs/action/detail/point_gimbal__type_support.hpp
[7.886s] -- Up-to-date: /root/aerostack2_ws/install/as2_msgs/include/as2_msgs/as2_msgs/action/detail/navigate_to_point__builder.hpp
[7.886s] -- Up-to-date: /root/aerostack2_ws/install/as2_msgs/include/as2_msgs/as2_msgs/action/detail/go_to_waypoint__type_support.hpp
[7.886s] -- Up-to-date: /root/aerostack2_ws/install/as2_msgs/include/as2_msgs/as2_msgs/action/detail/land__traits.hpp
[7.886s] -- Up-to-date: /root/aerostack2_ws/install/as2_msgs/include/as2_msgs/as2_msgs/action/detail/follow_reference__traits.hpp
[7.886s] -- Up-to-date: /root/aerostack2_ws/install/as2_msgs/include/as2_msgs/as2_msgs/action/detail/takeoff__traits.hpp
[7.886s] -- Up-to-date: /root/aerostack2_ws/install/as2_msgs/include/as2_msgs/as2_msgs/action/detail/detect_aruco_markers__builder.hpp
[7.887s] -- Up-to-date: /root/aerostack2_ws/install/as2_msgs/include/as2_msgs/as2_msgs/action/detail/follow_path__struct.hpp
[7.887s] -- Up-to-date: /root/aerostack2_ws/install/as2_msgs/include/as2_msgs/as2_msgs/action/detail/follow_path__type_support.hpp
[7.887s] -- Up-to-date: /root/aerostack2_ws/install/as2_msgs/include/as2_msgs/as2_msgs/action/detail/set_offboard_mode__builder.hpp
[7.887s] -- Up-to-date: /root/aerostack2_ws/install/as2_msgs/include/as2_msgs/as2_msgs/action/detail/follow_reference__builder.hpp
[7.887s] -- Up-to-date: /root/aerostack2_ws/install/as2_msgs/include/as2_msgs/as2_msgs/action/detail/swarm_flocking__traits.hpp
[7.887s] -- Up-to-date: /root/aerostack2_ws/install/as2_msgs/include/as2_msgs/as2_msgs/action/detail/set_arming_state__type_support.hpp
[7.887s] -- Up-to-date: /root/aerostack2_ws/install/as2_msgs/include/as2_msgs/as2_msgs/action/detail/generate_polynomial_trajectory__builder.hpp
[7.887s] -- Up-to-date: /root/aerostack2_ws/install/as2_msgs/include/as2_msgs/as2_msgs/action/detail/generate_polynomial_trajectory__type_support.hpp
[7.887s] -- Up-to-date: /root/aerostack2_ws/install/as2_msgs/include/as2_msgs/as2_msgs/action/detail/follow_reference__type_support.hpp
[7.887s] -- Up-to-date: /root/aerostack2_ws/install/as2_msgs/include/as2_msgs/as2_msgs/action/detail/point_gimbal__struct.hpp
[7.887s] -- Up-to-date: /root/aerostack2_ws/install/as2_msgs/include/as2_msgs/as2_msgs/action/detail/swarm_flocking__builder.hpp
[7.887s] -- Up-to-date: /root/aerostack2_ws/install/as2_msgs/include/as2_msgs/as2_msgs/action/detail/detect_aruco_markers__type_support.hpp
[7.888s] -- Up-to-date: /root/aerostack2_ws/install/as2_msgs/include/as2_msgs/as2_msgs/action/detail/navigate_to_point__struct.hpp
[7.888s] -- Up-to-date: /root/aerostack2_ws/install/as2_msgs/include/as2_msgs/as2_msgs/action/detail/swarm_flocking__type_support.hpp
[7.888s] -- Up-to-date: /root/aerostack2_ws/install/as2_msgs/include/as2_msgs/as2_msgs/action/detail/land__type_support.hpp
[7.888s] -- Up-to-date: /root/aerostack2_ws/install/as2_msgs/include/as2_msgs/as2_msgs/action/detail/takeoff__struct.hpp
[7.888s] -- Up-to-date: /root/aerostack2_ws/install/as2_msgs/include/as2_msgs/as2_msgs/action/detail/point_gimbal__builder.hpp
[7.888s] -- Up-to-date: /root/aerostack2_ws/install/as2_msgs/include/as2_msgs/as2_msgs/action/detail/navigate_to_point__traits.hpp
[7.888s] -- Up-to-date: /root/aerostack2_ws/install/as2_msgs/include/as2_msgs/as2_msgs/action/detail/takeoff__builder.hpp
[7.888s] -- Up-to-date: /root/aerostack2_ws/install/as2_msgs/include/as2_msgs/as2_msgs/action/detail/set_arming_state__traits.hpp
[7.888s] -- Up-to-date: /root/aerostack2_ws/install/as2_msgs/include/as2_msgs/as2_msgs/action/detail/set_offboard_mode__traits.hpp
[7.888s] -- Up-to-date: /root/aerostack2_ws/install/as2_msgs/include/as2_msgs/as2_msgs/action/detail/set_offboard_mode__type_support.hpp
[7.888s] -- Up-to-date: /root/aerostack2_ws/install/as2_msgs/include/as2_msgs/as2_msgs/action/detail/detect_aruco_markers__struct.hpp
[7.888s] -- Up-to-date: /root/aerostack2_ws/install/as2_msgs/include/as2_msgs/as2_msgs/action/detail/set_arming_state__struct.hpp
[7.889s] -- Up-to-date: /root/aerostack2_ws/install/as2_msgs/include/as2_msgs/as2_msgs/action/detail/detect_aruco_markers__traits.hpp
[7.889s] -- Up-to-date: /root/aerostack2_ws/install/as2_msgs/include/as2_msgs/as2_msgs/action/detail/go_to_waypoint__traits.hpp
[7.889s] -- Up-to-date: /root/aerostack2_ws/install/as2_msgs/include/as2_msgs/as2_msgs/action/detail/swarm_flocking__struct.hpp
[7.889s] -- Up-to-date: /root/aerostack2_ws/install/as2_msgs/include/as2_msgs/as2_msgs/action/detail/navigate_to_point__type_support.hpp
[7.889s] -- Up-to-date: /root/aerostack2_ws/install/as2_msgs/include/as2_msgs/as2_msgs/action/detail/point_gimbal__traits.hpp
[7.889s] -- Up-to-date: /root/aerostack2_ws/install/as2_msgs/include/as2_msgs/as2_msgs/action/detail/land__builder.hpp
[7.889s] -- Up-to-date: /root/aerostack2_ws/install/as2_msgs/include/as2_msgs/as2_msgs/action/detail/set_arming_state__builder.hpp
[7.889s] -- Up-to-date: /root/aerostack2_ws/install/as2_msgs/include/as2_msgs/as2_msgs/action/detail/set_offboard_mode__struct.hpp
[7.889s] -- Up-to-date: /root/aerostack2_ws/install/as2_msgs/include/as2_msgs/as2_msgs/action/detail/follow_reference__struct.hpp
[7.889s] -- Up-to-date: /root/aerostack2_ws/install/as2_msgs/include/as2_msgs/as2_msgs/action/detail/generate_polynomial_trajectory__traits.hpp
[7.889s] -- Up-to-date: /root/aerostack2_ws/install/as2_msgs/include/as2_msgs/as2_msgs/action/detail/follow_path__traits.hpp
[7.890s] -- Up-to-date: /root/aerostack2_ws/install/as2_msgs/include/as2_msgs/as2_msgs/action/detail/go_to_waypoint__struct.hpp
[7.890s] -- Up-to-date: /root/aerostack2_ws/install/as2_msgs/include/as2_msgs/as2_msgs/action/detail/land__struct.hpp
[7.890s] -- Up-to-date: /root/aerostack2_ws/install/as2_msgs/include/as2_msgs/as2_msgs/action/point_gimbal.hpp
[7.890s] -- Up-to-date: /root/aerostack2_ws/install/as2_msgs/include/as2_msgs/as2_msgs/action/swarm_flocking.hpp
[7.890s] -- Up-to-date: /root/aerostack2_ws/install/as2_msgs/include/as2_msgs/as2_msgs/action/navigate_to_point.hpp
[7.890s] -- Up-to-date: /root/aerostack2_ws/install/as2_msgs/include/as2_msgs/as2_msgs/action/detect_aruco_markers.hpp
[7.891s] -- Up-to-date: /root/aerostack2_ws/install/as2_msgs/include/as2_msgs/as2_msgs/action/set_offboard_mode.hpp
[7.891s] -- Up-to-date: /root/aerostack2_ws/install/as2_msgs/include/as2_msgs/as2_msgs/action/takeoff.hpp
[7.891s] -- Up-to-date: /root/aerostack2_ws/install/as2_msgs/include/as2_msgs/as2_msgs/action/set_arming_state.hpp
[7.891s] -- Up-to-date: /root/aerostack2_ws/install/as2_msgs/include/as2_msgs/as2_msgs/action/follow_path.hpp
[7.891s] -- Up-to-date: /root/aerostack2_ws/install/as2_msgs/include/as2_msgs/as2_msgs/action/land.hpp
[7.895s] -- Up-to-date: /root/aerostack2_ws/install/as2_msgs/include/as2_msgs/as2_msgs/action/go_to_waypoint.hpp
[7.895s] -- Up-to-date: /root/aerostack2_ws/install/as2_msgs/include/as2_msgs/as2_msgs/action/follow_reference.hpp
[7.895s] -- Up-to-date: /root/aerostack2_ws/install/as2_msgs/include/as2_msgs/as2_msgs/action/generate_polynomial_trajectory.hpp
[7.895s] -- Up-to-date: /root/aerostack2_ws/install/as2_msgs/include/as2_msgs/as2_msgs/srv
[7.895s] -- Up-to-date: /root/aerostack2_ws/install/as2_msgs/include/as2_msgs/as2_msgs/srv/detail
[7.895s] -- Up-to-date: /root/aerostack2_ws/install/as2_msgs/include/as2_msgs/as2_msgs/srv/detail/set_geozone__builder.hpp
[7.895s] -- Up-to-date: /root/aerostack2_ws/install/as2_msgs/include/as2_msgs/as2_msgs/srv/detail/set_control_mode__traits.hpp
[7.895s] -- Up-to-date: /root/aerostack2_ws/install/as2_msgs/include/as2_msgs/as2_msgs/srv/detail/get_geozone__struct.hpp
[7.895s] -- Up-to-date: /root/aerostack2_ws/install/as2_msgs/include/as2_msgs/as2_msgs/srv/detail/add_static_transform_gps__struct.hpp
[7.895s] -- Up-to-date: /root/aerostack2_ws/install/as2_msgs/include/as2_msgs/as2_msgs/srv/detail/set_platform_state_machine_event__traits.hpp
[7.895s] -- Up-to-date: /root/aerostack2_ws/install/as2_msgs/include/as2_msgs/as2_msgs/srv/detail/package_un_pick__struct.hpp
[7.896s] -- Up-to-date: /root/aerostack2_ws/install/as2_msgs/include/as2_msgs/as2_msgs/srv/detail/get_origin__traits.hpp
[7.896s] -- Up-to-date: /root/aerostack2_ws/install/as2_msgs/include/as2_msgs/as2_msgs/srv/detail/set_speed__struct.hpp
[7.896s] -- Up-to-date: /root/aerostack2_ws/install/as2_msgs/include/as2_msgs/as2_msgs/srv/detail/dynamic_follower__struct.hpp
[7.896s] -- Up-to-date: /root/aerostack2_ws/install/as2_msgs/include/as2_msgs/as2_msgs/srv/detail/list_control_modes__struct.hpp
[7.896s] -- Up-to-date: /root/aerostack2_ws/install/as2_msgs/include/as2_msgs/as2_msgs/srv/detail/add_static_transform_gps__traits.hpp
[7.896s] -- Up-to-date: /root/aerostack2_ws/install/as2_msgs/include/as2_msgs/as2_msgs/srv/detail/get_origin__builder.hpp
[7.896s] -- Up-to-date: /root/aerostack2_ws/install/as2_msgs/include/as2_msgs/as2_msgs/srv/detail/geopath_to_path__struct.hpp
[7.896s] -- Up-to-date: /root/aerostack2_ws/install/as2_msgs/include/as2_msgs/as2_msgs/srv/detail/geopath_to_path__traits.hpp
[7.896s] -- Up-to-date: /root/aerostack2_ws/install/as2_msgs/include/as2_msgs/as2_msgs/srv/detail/set_origin__traits.hpp
[7.896s] -- Up-to-date: /root/aerostack2_ws/install/as2_msgs/include/as2_msgs/as2_msgs/srv/detail/get_origin__struct.hpp
[7.896s] -- Up-to-date: /root/aerostack2_ws/install/as2_msgs/include/as2_msgs/as2_msgs/srv/detail/set_geozone__traits.hpp
[7.896s] -- Up-to-date: /root/aerostack2_ws/install/as2_msgs/include/as2_msgs/as2_msgs/srv/detail/dynamic_follower__builder.hpp
[7.896s] -- Up-to-date: /root/aerostack2_ws/install/as2_msgs/include/as2_msgs/as2_msgs/srv/detail/add_static_transform__builder.hpp
[7.896s] -- Up-to-date: /root/aerostack2_ws/install/as2_msgs/include/as2_msgs/as2_msgs/srv/detail/set_origin__builder.hpp
[7.897s] -- Up-to-date: /root/aerostack2_ws/install/as2_msgs/include/as2_msgs/as2_msgs/srv/detail/dynamic_land__type_support.hpp
[7.897s] -- Up-to-date: /root/aerostack2_ws/install/as2_msgs/include/as2_msgs/as2_msgs/srv/detail/list_control_modes__builder.hpp
[7.897s] -- Up-to-date: /root/aerostack2_ws/install/as2_msgs/include/as2_msgs/as2_msgs/srv/detail/dynamic_land__builder.hpp
[7.897s] -- Up-to-date: /root/aerostack2_ws/install/as2_msgs/include/as2_msgs/as2_msgs/srv/detail/path_to_geopath__type_support.hpp
[7.897s] -- Up-to-date: /root/aerostack2_ws/install/as2_msgs/include/as2_msgs/as2_msgs/srv/detail/list_control_modes__type_support.hpp
[7.897s] -- Up-to-date: /root/aerostack2_ws/install/as2_msgs/include/as2_msgs/as2_msgs/srv/detail/get_geozone__traits.hpp
[7.897s] -- Up-to-date: /root/aerostack2_ws/install/as2_msgs/include/as2_msgs/as2_msgs/srv/detail/package_un_pick__traits.hpp
[7.897s] -- Up-to-date: /root/aerostack2_ws/install/as2_msgs/include/as2_msgs/as2_msgs/srv/detail/package_pick_up__type_support.hpp
[7.897s] -- Up-to-date: /root/aerostack2_ws/install/as2_msgs/include/as2_msgs/as2_msgs/srv/detail/package_un_pick__type_support.hpp
[7.897s] -- Up-to-date: /root/aerostack2_ws/install/as2_msgs/include/as2_msgs/as2_msgs/srv/detail/package_pick_up__traits.hpp
[7.897s] -- Up-to-date: /root/aerostack2_ws/install/as2_msgs/include/as2_msgs/as2_msgs/srv/detail/dynamic_follower__traits.hpp
[7.897s] -- Up-to-date: /root/aerostack2_ws/install/as2_msgs/include/as2_msgs/as2_msgs/srv/detail/add_static_transform__type_support.hpp
[7.917s] -- Up-to-date: /root/aerostack2_ws/install/as2_msgs/include/as2_msgs/as2_msgs/srv/detail/package_pick_up__struct.hpp
[7.917s] -- Up-to-date: /root/aerostack2_ws/install/as2_msgs/include/as2_msgs/as2_msgs/srv/detail/add_static_transform__struct.hpp
[7.917s] -- Up-to-date: /root/aerostack2_ws/install/as2_msgs/include/as2_msgs/as2_msgs/srv/detail/dynamic_land__traits.hpp
[7.917s] -- Up-to-date: /root/aerostack2_ws/install/as2_msgs/include/as2_msgs/as2_msgs/srv/detail/package_pick_up__builder.hpp
[7.918s] -- Up-to-date: /root/aerostack2_ws/install/as2_msgs/include/as2_msgs/as2_msgs/srv/detail/set_platform_state_machine_event__type_support.hpp
[7.918s] -- Up-to-date: /root/aerostack2_ws/install/as2_msgs/include/as2_msgs/as2_msgs/srv/detail/add_static_transform_gps__builder.hpp
[7.918s] -- Up-to-date: /root/aerostack2_ws/install/as2_msgs/include/as2_msgs/as2_msgs/srv/detail/dynamic_follower__type_support.hpp
[7.918s] -- Up-to-date: /root/aerostack2_ws/install/as2_msgs/include/as2_msgs/as2_msgs/srv/detail/geopath_to_path__type_support.hpp
[7.918s] -- Up-to-date: /root/aerostack2_ws/install/as2_msgs/include/as2_msgs/as2_msgs/srv/detail/list_control_modes__traits.hpp
[7.918s] -- Up-to-date: /root/aerostack2_ws/install/as2_msgs/include/as2_msgs/as2_msgs/srv/detail/geopath_to_path__builder.hpp
[7.918s] -- Up-to-date: /root/aerostack2_ws/install/as2_msgs/include/as2_msgs/as2_msgs/srv/detail/get_geozone__type_support.hpp
[7.918s] -- Up-to-date: /root/aerostack2_ws/install/as2_msgs/include/as2_msgs/as2_msgs/srv/detail/set_control_mode__struct.hpp
[7.918s] -- Up-to-date: /root/aerostack2_ws/install/as2_msgs/include/as2_msgs/as2_msgs/srv/detail/modify_swarm__type_support.hpp
[7.918s] -- Up-to-date: /root/aerostack2_ws/install/as2_msgs/include/as2_msgs/as2_msgs/srv/detail/set_speed__builder.hpp
[7.918s] -- Up-to-date: /root/aerostack2_ws/install/as2_msgs/include/as2_msgs/as2_msgs/srv/detail/path_to_geopath__struct.hpp
[7.918s] -- Up-to-date: /root/aerostack2_ws/install/as2_msgs/include/as2_msgs/as2_msgs/srv/detail/modify_swarm__builder.hpp
[7.919s] -- Up-to-date: /root/aerostack2_ws/install/as2_msgs/include/as2_msgs/as2_msgs/srv/detail/path_to_geopath__builder.hpp
[7.919s] -- Up-to-date: /root/aerostack2_ws/install/as2_msgs/include/as2_msgs/as2_msgs/srv/detail/modify_swarm__struct.hpp
[7.935s] -- Up-to-date: /root/aerostack2_ws/install/as2_msgs/include/as2_msgs/as2_msgs/srv/detail/set_platform_state_machine_event__struct.hpp
[7.935s] -- Up-to-date: /root/aerostack2_ws/install/as2_msgs/include/as2_msgs/as2_msgs/srv/detail/dynamic_land__struct.hpp
[7.935s] -- Up-to-date: /root/aerostack2_ws/install/as2_msgs/include/as2_msgs/as2_msgs/srv/detail/set_platform_state_machine_event__builder.hpp
[7.935s] -- Up-to-date: /root/aerostack2_ws/install/as2_msgs/include/as2_msgs/as2_msgs/srv/detail/get_geozone__builder.hpp
[7.935s] -- Up-to-date: /root/aerostack2_ws/install/as2_msgs/include/as2_msgs/as2_msgs/srv/detail/set_origin__type_support.hpp
[7.936s] -- Up-to-date: /root/aerostack2_ws/install/as2_msgs/include/as2_msgs/as2_msgs/srv/detail/set_geozone__type_support.hpp
[7.936s] -- Up-to-date: /root/aerostack2_ws/install/as2_msgs/include/as2_msgs/as2_msgs/srv/detail/package_un_pick__builder.hpp
[7.936s] -- Up-to-date: /root/aerostack2_ws/install/as2_msgs/include/as2_msgs/as2_msgs/srv/detail/set_geozone__struct.hpp
[7.936s] -- Up-to-date: /root/aerostack2_ws/install/as2_msgs/include/as2_msgs/as2_msgs/srv/detail/set_speed__type_support.hpp
[7.936s] -- Up-to-date: /root/aerostack2_ws/install/as2_msgs/include/as2_msgs/as2_msgs/srv/detail/get_origin__type_support.hpp
[7.936s] -- Up-to-date: /root/aerostack2_ws/install/as2_msgs/include/as2_msgs/as2_msgs/srv/detail/set_control_mode__builder.hpp
[7.936s] -- Up-to-date: /root/aerostack2_ws/install/as2_msgs/include/as2_msgs/as2_msgs/srv/detail/set_speed__traits.hpp
[7.936s] -- Up-to-date: /root/aerostack2_ws/install/as2_msgs/include/as2_msgs/as2_msgs/srv/detail/path_to_geopath__traits.hpp
[7.936s] -- Up-to-date: /root/aerostack2_ws/install/as2_msgs/include/as2_msgs/as2_msgs/srv/detail/set_origin__struct.hpp
[7.936s] -- Up-to-date: /root/aerostack2_ws/install/as2_msgs/include/as2_msgs/as2_msgs/srv/detail/modify_swarm__traits.hpp
[7.936s] -- Up-to-date: /root/aerostack2_ws/install/as2_msgs/include/as2_msgs/as2_msgs/srv/detail/add_static_transform_gps__type_support.hpp
[7.936s] -- Up-to-date: /root/aerostack2_ws/install/as2_msgs/include/as2_msgs/as2_msgs/srv/detail/add_static_transform__traits.hpp
[7.936s] -- Up-to-date: /root/aerostack2_ws/install/as2_msgs/include/as2_msgs/as2_msgs/srv/detail/set_control_mode__type_support.hpp
[7.936s] -- Up-to-date: /root/aerostack2_ws/install/as2_msgs/include/as2_msgs/as2_msgs/srv/set_origin.hpp
[7.937s] -- Up-to-date: /root/aerostack2_ws/install/as2_msgs/include/as2_msgs/as2_msgs/srv/geopath_to_path.hpp
[7.937s] -- Up-to-date: /root/aerostack2_ws/install/as2_msgs/include/as2_msgs/as2_msgs/srv/dynamic_follower.hpp
[7.937s] -- Up-to-date: /root/aerostack2_ws/install/as2_msgs/include/as2_msgs/as2_msgs/srv/path_to_geopath.hpp
[7.937s] -- Up-to-date: /root/aerostack2_ws/install/as2_msgs/include/as2_msgs/as2_msgs/srv/add_static_transform_gps.hpp
[7.937s] -- Up-to-date: /root/aerostack2_ws/install/as2_msgs/include/as2_msgs/as2_msgs/srv/package_pick_up.hpp
[7.937s] -- Up-to-date: /root/aerostack2_ws/install/as2_msgs/include/as2_msgs/as2_msgs/srv/get_geozone.hpp
[7.937s] -- Up-to-date: /root/aerostack2_ws/install/as2_msgs/include/as2_msgs/as2_msgs/srv/set_control_mode.hpp
[7.937s] -- Up-to-date: /root/aerostack2_ws/install/as2_msgs/include/as2_msgs/as2_msgs/srv/get_origin.hpp
[7.937s] -- Up-to-date: /root/aerostack2_ws/install/as2_msgs/include/as2_msgs/as2_msgs/srv/modify_swarm.hpp
[7.937s] -- Up-to-date: /root/aerostack2_ws/install/as2_msgs/include/as2_msgs/as2_msgs/srv/set_speed.hpp
[7.937s] -- Up-to-date: /root/aerostack2_ws/install/as2_msgs/include/as2_msgs/as2_msgs/srv/list_control_modes.hpp
[7.945s] -- Up-to-date: /root/aerostack2_ws/install/as2_msgs/include/as2_msgs/as2_msgs/srv/package_un_pick.hpp
[7.945s] -- Up-to-date: /root/aerostack2_ws/install/as2_msgs/include/as2_msgs/as2_msgs/srv/set_platform_state_machine_event.hpp
[7.945s] -- Up-to-date: /root/aerostack2_ws/install/as2_msgs/include/as2_msgs/as2_msgs/srv/add_static_transform.hpp
[7.945s] -- Up-to-date: /root/aerostack2_ws/install/as2_msgs/include/as2_msgs/as2_msgs/srv/set_geozone.hpp
[7.945s] -- Up-to-date: /root/aerostack2_ws/install/as2_msgs/include/as2_msgs/as2_msgs/srv/dynamic_land.hpp
[7.957s] -- Up-to-date: /root/aerostack2_ws/install/as2_msgs/include/as2_msgs/as2_msgs
[7.957s] -- Up-to-date: /root/aerostack2_ws/install/as2_msgs/include/as2_msgs/as2_msgs/msg
[7.957s] -- Up-to-date: /root/aerostack2_ws/install/as2_msgs/include/as2_msgs/as2_msgs/msg/detail
[7.957s] -- Up-to-date: /root/aerostack2_ws/install/as2_msgs/include/as2_msgs/as2_msgs/msg/detail/traj_gen_info__rosidl_typesupport_fastrtps_cpp.hpp
[7.957s] -- Up-to-date: /root/aerostack2_ws/install/as2_msgs/include/as2_msgs/as2_msgs/msg/detail/speed__rosidl_typesupport_fastrtps_cpp.hpp
[7.957s] -- Up-to-date: /root/aerostack2_ws/install/as2_msgs/include/as2_msgs/as2_msgs/msg/detail/mission_update__rosidl_typesupport_fastrtps_cpp.hpp
[7.957s] -- Up-to-date: /root/aerostack2_ws/install/as2_msgs/include/as2_msgs/as2_msgs/msg/detail/pose_stamped_with_id__rosidl_typesupport_fastrtps_cpp.hpp
[7.957s] -- Up-to-date: /root/aerostack2_ws/install/as2_msgs/include/as2_msgs/as2_msgs/msg/detail/pose_with_id__rosidl_typesupport_fastrtps_cpp.hpp
[7.957s] -- Up-to-date: /root/aerostack2_ws/install/as2_msgs/include/as2_msgs/as2_msgs/msg/detail/alert_event__rosidl_typesupport_fastrtps_cpp.hpp
[7.957s] -- Up-to-date: /root/aerostack2_ws/install/as2_msgs/include/as2_msgs/as2_msgs/msg/detail/pose_with_id_array__rosidl_typesupport_fastrtps_cpp.hpp
[7.958s] -- Up-to-date: /root/aerostack2_ws/install/as2_msgs/include/as2_msgs/as2_msgs/msg/detail/node_status__rosidl_typesupport_fastrtps_cpp.hpp
[7.958s] -- Up-to-date: /root/aerostack2_ws/install/as2_msgs/include/as2_msgs/as2_msgs/msg/detail/dds_fastrtps
[7.958s] -- Up-to-date: /root/aerostack2_ws/install/as2_msgs/include/as2_msgs/as2_msgs/msg/detail/geozone__rosidl_typesupport_fastrtps_cpp.hpp
[7.958s] -- Up-to-date: /root/aerostack2_ws/install/as2_msgs/include/as2_msgs/as2_msgs/msg/detail/pose_stamped_with_id_array__rosidl_typesupport_fastrtps_cpp.hpp
[7.958s] -- Up-to-date: /root/aerostack2_ws/install/as2_msgs/include/as2_msgs/as2_msgs/msg/detail/acro__rosidl_typesupport_fastrtps_cpp.hpp
[7.958s] -- Up-to-date: /root/aerostack2_ws/install/as2_msgs/include/as2_msgs/as2_msgs/msg/detail/controller_info__rosidl_typesupport_fastrtps_cpp.hpp
[7.958s] -- Up-to-date: /root/aerostack2_ws/install/as2_msgs/include/as2_msgs/as2_msgs/msg/detail/trajectory_setpoints__rosidl_typesupport_fastrtps_cpp.hpp
[7.958s] -- Up-to-date: /root/aerostack2_ws/install/as2_msgs/include/as2_msgs/as2_msgs/msg/detail/thrust__rosidl_typesupport_fastrtps_cpp.hpp
[7.958s] -- Up-to-date: /root/aerostack2_ws/install/as2_msgs/include/as2_msgs/as2_msgs/msg/detail/follow_target_info__rosidl_typesupport_fastrtps_cpp.hpp
[7.958s] -- Up-to-date: /root/aerostack2_ws/install/as2_msgs/include/as2_msgs/as2_msgs/msg/detail/platform_status__rosidl_typesupport_fastrtps_cpp.hpp
[7.958s] -- Up-to-date: /root/aerostack2_ws/install/as2_msgs/include/as2_msgs/as2_msgs/msg/detail/trajectory_point__rosidl_typesupport_fastrtps_cpp.hpp
[7.958s] -- Up-to-date: /root/aerostack2_ws/install/as2_msgs/include/as2_msgs/as2_msgs/msg/detail/polygon_list__rosidl_typesupport_fastrtps_cpp.hpp
[7.958s] -- Up-to-date: /root/aerostack2_ws/install/as2_msgs/include/as2_msgs/as2_msgs/msg/detail/yaw_mode__rosidl_typesupport_fastrtps_cpp.hpp
[7.958s] -- Up-to-date: /root/aerostack2_ws/install/as2_msgs/include/as2_msgs/as2_msgs/msg/detail/platform_info__rosidl_typesupport_fastrtps_cpp.hpp
[7.959s] -- Up-to-date: /root/aerostack2_ws/install/as2_msgs/include/as2_msgs/as2_msgs/msg/detail/behavior_status__rosidl_typesupport_fastrtps_cpp.hpp
[7.959s] -- Up-to-date: /root/aerostack2_ws/install/as2_msgs/include/as2_msgs/as2_msgs/msg/detail/u_int16_multi_array_stamped__rosidl_typesupport_fastrtps_cpp.hpp
[7.959s] -- Up-to-date: /root/aerostack2_ws/install/as2_msgs/include/as2_msgs/as2_msgs/msg/detail/control_mode__rosidl_typesupport_fastrtps_cpp.hpp
[7.959s] -- Up-to-date: /root/aerostack2_ws/install/as2_msgs/include/as2_msgs/as2_msgs/msg/detail/gimbal_control__rosidl_typesupport_fastrtps_cpp.hpp
[7.959s] -- Up-to-date: /root/aerostack2_ws/install/as2_msgs/include/as2_msgs/as2_msgs/msg/detail/platform_state_machine_event__rosidl_typesupport_fastrtps_cpp.hpp
[7.959s] -- Up-to-date: /root/aerostack2_ws/install/as2_msgs/include/as2_msgs/as2_msgs/msg/detail/mission_event__rosidl_typesupport_fastrtps_cpp.hpp
[7.959s] -- Up-to-date: /root/aerostack2_ws/install/as2_msgs/include/as2_msgs/as2_msgs/msg/rosidl_typesupport_fastrtps_cpp__visibility_control.h
[7.959s] -- Up-to-date: /root/aerostack2_ws/install/as2_msgs/include/as2_msgs/as2_msgs/action
[7.959s] -- Up-to-date: /root/aerostack2_ws/install/as2_msgs/include/as2_msgs/as2_msgs/action/detail
[7.959s] -- Up-to-date: /root/aerostack2_ws/install/as2_msgs/include/as2_msgs/as2_msgs/action/detail/land__rosidl_typesupport_fastrtps_cpp.hpp
[7.959s] -- Up-to-date: /root/aerostack2_ws/install/as2_msgs/include/as2_msgs/as2_msgs/action/detail/follow_path__rosidl_typesupport_fastrtps_cpp.hpp
[7.959s] -- Up-to-date: /root/aerostack2_ws/install/as2_msgs/include/as2_msgs/as2_msgs/action/detail/dds_fastrtps
[7.959s] -- Up-to-date: /root/aerostack2_ws/install/as2_msgs/include/as2_msgs/as2_msgs/action/detail/swarm_flocking__rosidl_typesupport_fastrtps_cpp.hpp
[7.960s] -- Up-to-date: /root/aerostack2_ws/install/as2_msgs/include/as2_msgs/as2_msgs/action/detail/generate_polynomial_trajectory__rosidl_typesupport_fastrtps_cpp.hpp
[7.960s] -- Up-to-date: /root/aerostack2_ws/install/as2_msgs/include/as2_msgs/as2_msgs/action/detail/set_arming_state__rosidl_typesupport_fastrtps_cpp.hpp
[7.960s] -- Up-to-date: /root/aerostack2_ws/install/as2_msgs/include/as2_msgs/as2_msgs/action/detail/go_to_waypoint__rosidl_typesupport_fastrtps_cpp.hpp
[7.960s] -- Up-to-date: /root/aerostack2_ws/install/as2_msgs/include/as2_msgs/as2_msgs/action/detail/point_gimbal__rosidl_typesupport_fastrtps_cpp.hpp
[7.960s] -- Up-to-date: /root/aerostack2_ws/install/as2_msgs/include/as2_msgs/as2_msgs/action/detail/navigate_to_point__rosidl_typesupport_fastrtps_cpp.hpp
[7.960s] -- Up-to-date: /root/aerostack2_ws/install/as2_msgs/include/as2_msgs/as2_msgs/action/detail/detect_aruco_markers__rosidl_typesupport_fastrtps_cpp.hpp
[7.960s] -- Up-to-date: /root/aerostack2_ws/install/as2_msgs/include/as2_msgs/as2_msgs/action/detail/follow_reference__rosidl_typesupport_fastrtps_cpp.hpp
[7.960s] -- Up-to-date: /root/aerostack2_ws/install/as2_msgs/include/as2_msgs/as2_msgs/action/detail/takeoff__rosidl_typesupport_fastrtps_cpp.hpp
[7.960s] -- Up-to-date: /root/aerostack2_ws/install/as2_msgs/include/as2_msgs/as2_msgs/action/detail/set_offboard_mode__rosidl_typesupport_fastrtps_cpp.hpp
[7.960s] -- Up-to-date: /root/aerostack2_ws/install/as2_msgs/include/as2_msgs/as2_msgs/srv
[7.960s] -- Up-to-date: /root/aerostack2_ws/install/as2_msgs/include/as2_msgs/as2_msgs/srv/detail
[7.960s] -- Up-to-date: /root/aerostack2_ws/install/as2_msgs/include/as2_msgs/as2_msgs/srv/detail/modify_swarm__rosidl_typesupport_fastrtps_cpp.hpp
[7.960s] -- Up-to-date: /root/aerostack2_ws/install/as2_msgs/include/as2_msgs/as2_msgs/srv/detail/package_pick_up__rosidl_typesupport_fastrtps_cpp.hpp
[7.990s] -- Up-to-date: /root/aerostack2_ws/install/as2_msgs/include/as2_msgs/as2_msgs/srv/detail/package_un_pick__rosidl_typesupport_fastrtps_cpp.hpp
[7.990s] -- Up-to-date: /root/aerostack2_ws/install/as2_msgs/include/as2_msgs/as2_msgs/srv/detail/get_geozone__rosidl_typesupport_fastrtps_cpp.hpp
[7.990s] -- Up-to-date: /root/aerostack2_ws/install/as2_msgs/include/as2_msgs/as2_msgs/srv/detail/dds_fastrtps
[7.990s] -- Up-to-date: /root/aerostack2_ws/install/as2_msgs/include/as2_msgs/as2_msgs/srv/detail/add_static_transform_gps__rosidl_typesupport_fastrtps_cpp.hpp
[7.990s] -- Up-to-date: /root/aerostack2_ws/install/as2_msgs/include/as2_msgs/as2_msgs/srv/detail/path_to_geopath__rosidl_typesupport_fastrtps_cpp.hpp
[7.990s] -- Up-to-date: /root/aerostack2_ws/install/as2_msgs/include/as2_msgs/as2_msgs/srv/detail/set_speed__rosidl_typesupport_fastrtps_cpp.hpp
[7.990s] -- Up-to-date: /root/aerostack2_ws/install/as2_msgs/include/as2_msgs/as2_msgs/srv/detail/set_origin__rosidl_typesupport_fastrtps_cpp.hpp
[7.990s] -- Up-to-date: /root/aerostack2_ws/install/as2_msgs/include/as2_msgs/as2_msgs/srv/detail/dynamic_follower__rosidl_typesupport_fastrtps_cpp.hpp
[7.990s] -- Up-to-date: /root/aerostack2_ws/install/as2_msgs/include/as2_msgs/as2_msgs/srv/detail/add_static_transform__rosidl_typesupport_fastrtps_cpp.hpp
[7.990s] -- Up-to-date: /root/aerostack2_ws/install/as2_msgs/include/as2_msgs/as2_msgs/srv/detail/set_platform_state_machine_event__rosidl_typesupport_fastrtps_cpp.hpp
[7.990s] -- Up-to-date: /root/aerostack2_ws/install/as2_msgs/include/as2_msgs/as2_msgs/srv/detail/set_control_mode__rosidl_typesupport_fastrtps_cpp.hpp
[7.991s] -- Up-to-date: /root/aerostack2_ws/install/as2_msgs/include/as2_msgs/as2_msgs/srv/detail/set_geozone__rosidl_typesupport_fastrtps_cpp.hpp
[7.991s] -- Up-to-date: /root/aerostack2_ws/install/as2_msgs/include/as2_msgs/as2_msgs/srv/detail/dynamic_land__rosidl_typesupport_fastrtps_cpp.hpp
[7.991s] -- Up-to-date: /root/aerostack2_ws/install/as2_msgs/include/as2_msgs/as2_msgs/srv/detail/get_origin__rosidl_typesupport_fastrtps_cpp.hpp
[7.991s] -- Up-to-date: /root/aerostack2_ws/install/as2_msgs/include/as2_msgs/as2_msgs/srv/detail/list_control_modes__rosidl_typesupport_fastrtps_cpp.hpp
[7.991s] -- Up-to-date: /root/aerostack2_ws/install/as2_msgs/include/as2_msgs/as2_msgs/srv/detail/geopath_to_path__rosidl_typesupport_fastrtps_cpp.hpp
[7.991s] -- Up-to-date: /root/aerostack2_ws/install/as2_msgs/lib/libas2_msgs__rosidl_typesupport_fastrtps_cpp.so
[7.991s] -- Up-to-date: /root/aerostack2_ws/install/as2_msgs/include/as2_msgs/as2_msgs
[7.991s] -- Up-to-date: /root/aerostack2_ws/install/as2_msgs/include/as2_msgs/as2_msgs/msg
[7.991s] -- Up-to-date: /root/aerostack2_ws/install/as2_msgs/include/as2_msgs/as2_msgs/msg/detail
[7.991s] -- Up-to-date: /root/aerostack2_ws/install/as2_msgs/include/as2_msgs/as2_msgs/msg/detail/pose_with_id_array__type_support.cpp
[7.991s] -- Up-to-date: /root/aerostack2_ws/install/as2_msgs/include/as2_msgs/as2_msgs/msg/detail/speed__rosidl_typesupport_introspection_cpp.hpp
[7.991s] -- Up-to-date: /root/aerostack2_ws/install/as2_msgs/include/as2_msgs/as2_msgs/msg/detail/alert_event__rosidl_typesupport_introspection_cpp.hpp
[7.991s] -- Up-to-date: /root/aerostack2_ws/install/as2_msgs/include/as2_msgs/as2_msgs/msg/detail/yaw_mode__rosidl_typesupport_introspection_cpp.hpp
[7.991s] -- Up-to-date: /root/aerostack2_ws/install/as2_msgs/include/as2_msgs/as2_msgs/msg/detail/platform_state_machine_event__rosidl_typesupport_introspection_cpp.hpp
[7.991s] -- Up-to-date: /root/aerostack2_ws/install/as2_msgs/include/as2_msgs/as2_msgs/msg/detail/platform_status__type_support.cpp
[7.992s] -- Up-to-date: /root/aerostack2_ws/install/as2_msgs/include/as2_msgs/as2_msgs/msg/detail/acro__rosidl_typesupport_introspection_cpp.hpp
[7.992s] -- Up-to-date: /root/aerostack2_ws/install/as2_msgs/include/as2_msgs/as2_msgs/msg/detail/traj_gen_info__rosidl_typesupport_introspection_cpp.hpp
[7.992s] -- Up-to-date: /root/aerostack2_ws/install/as2_msgs/include/as2_msgs/as2_msgs/msg/detail/polygon_list__rosidl_typesupport_introspection_cpp.hpp
[7.996s] -- Up-to-date: /root/aerostack2_ws/install/as2_msgs/include/as2_msgs/as2_msgs/msg/detail/platform_info__type_support.cpp
[7.996s] -- Up-to-date: /root/aerostack2_ws/install/as2_msgs/include/as2_msgs/as2_msgs/msg/detail/mission_event__rosidl_typesupport_introspection_cpp.hpp
[7.996s] -- Up-to-date: /root/aerostack2_ws/install/as2_msgs/include/as2_msgs/as2_msgs/msg/detail/geozone__rosidl_typesupport_introspection_cpp.hpp
[7.996s] -- Up-to-date: /root/aerostack2_ws/install/as2_msgs/include/as2_msgs/as2_msgs/msg/detail/controller_info__rosidl_typesupport_introspection_cpp.hpp
[7.996s] -- Up-to-date: /root/aerostack2_ws/install/as2_msgs/include/as2_msgs/as2_msgs/msg/detail/pose_with_id__rosidl_typesupport_introspection_cpp.hpp
[7.996s] -- Up-to-date: /root/aerostack2_ws/install/as2_msgs/include/as2_msgs/as2_msgs/msg/detail/trajectory_setpoints__rosidl_typesupport_introspection_cpp.hpp
[7.996s] -- Up-to-date: /root/aerostack2_ws/install/as2_msgs/include/as2_msgs/as2_msgs/msg/detail/yaw_mode__type_support.cpp
[7.996s] -- Up-to-date: /root/aerostack2_ws/install/as2_msgs/include/as2_msgs/as2_msgs/msg/detail/pose_with_id__type_support.cpp
[7.996s] -- Up-to-date: /root/aerostack2_ws/install/as2_msgs/include/as2_msgs/as2_msgs/msg/detail/speed__type_support.cpp
[7.996s] -- Up-to-date: /root/aerostack2_ws/install/as2_msgs/include/as2_msgs/as2_msgs/msg/detail/geozone__type_support.cpp
[7.997s] -- Up-to-date: /root/aerostack2_ws/install/as2_msgs/include/as2_msgs/as2_msgs/msg/detail/behavior_status__rosidl_typesupport_introspection_cpp.hpp
[7.997s] -- Up-to-date: /root/aerostack2_ws/install/as2_msgs/include/as2_msgs/as2_msgs/msg/detail/alert_event__type_support.cpp
[7.997s] -- Up-to-date: /root/aerostack2_ws/install/as2_msgs/include/as2_msgs/as2_msgs/msg/detail/platform_info__rosidl_typesupport_introspection_cpp.hpp
[7.997s] -- Up-to-date: /root/aerostack2_ws/install/as2_msgs/include/as2_msgs/as2_msgs/msg/detail/thrust__type_support.cpp
[7.997s] -- Up-to-date: /root/aerostack2_ws/install/as2_msgs/include/as2_msgs/as2_msgs/msg/detail/acro__type_support.cpp
[7.997s] -- Up-to-date: /root/aerostack2_ws/install/as2_msgs/include/as2_msgs/as2_msgs/msg/detail/thrust__rosidl_typesupport_introspection_cpp.hpp
[7.997s] -- Up-to-date: /root/aerostack2_ws/install/as2_msgs/include/as2_msgs/as2_msgs/msg/detail/pose_stamped_with_id_array__rosidl_typesupport_introspection_cpp.hpp
[7.997s] -- Up-to-date: /root/aerostack2_ws/install/as2_msgs/include/as2_msgs/as2_msgs/msg/detail/mission_update__rosidl_typesupport_introspection_cpp.hpp
[7.997s] -- Up-to-date: /root/aerostack2_ws/install/as2_msgs/include/as2_msgs/as2_msgs/msg/detail/traj_gen_info__type_support.cpp
[7.997s] -- Up-to-date: /root/aerostack2_ws/install/as2_msgs/include/as2_msgs/as2_msgs/msg/detail/pose_stamped_with_id__rosidl_typesupport_introspection_cpp.hpp
[7.997s] -- Up-to-date: /root/aerostack2_ws/install/as2_msgs/include/as2_msgs/as2_msgs/msg/detail/mission_update__type_support.cpp
[7.997s] -- Up-to-date: /root/aerostack2_ws/install/as2_msgs/include/as2_msgs/as2_msgs/msg/detail/trajectory_point__rosidl_typesupport_introspection_cpp.hpp
[7.997s] -- Up-to-date: /root/aerostack2_ws/install/as2_msgs/include/as2_msgs/as2_msgs/msg/detail/control_mode__type_support.cpp
[7.998s] -- Up-to-date: /root/aerostack2_ws/install/as2_msgs/include/as2_msgs/as2_msgs/msg/detail/follow_target_info__rosidl_typesupport_introspection_cpp.hpp
[7.998s] -- Up-to-date: /root/aerostack2_ws/install/as2_msgs/include/as2_msgs/as2_msgs/msg/detail/trajectory_point__type_support.cpp
[7.998s] -- Up-to-date: /root/aerostack2_ws/install/as2_msgs/include/as2_msgs/as2_msgs/msg/detail/u_int16_multi_array_stamped__rosidl_typesupport_introspection_cpp.hpp
[7.998s] -- Up-to-date: /root/aerostack2_ws/install/as2_msgs/include/as2_msgs/as2_msgs/msg/detail/trajectory_setpoints__type_support.cpp
[7.998s] -- Up-to-date: /root/aerostack2_ws/install/as2_msgs/include/as2_msgs/as2_msgs/msg/detail/platform_status__rosidl_typesupport_introspection_cpp.hpp
[7.998s] -- Up-to-date: /root/aerostack2_ws/install/as2_msgs/include/as2_msgs/as2_msgs/msg/detail/controller_info__type_support.cpp
[7.998s] -- Up-to-date: /root/aerostack2_ws/install/as2_msgs/include/as2_msgs/as2_msgs/msg/detail/u_int16_multi_array_stamped__type_support.cpp
[7.998s] -- Up-to-date: /root/aerostack2_ws/install/as2_msgs/include/as2_msgs/as2_msgs/msg/detail/pose_stamped_with_id__type_support.cpp
[7.998s] -- Up-to-date: /root/aerostack2_ws/install/as2_msgs/include/as2_msgs/as2_msgs/msg/detail/gimbal_control__rosidl_typesupport_introspection_cpp.hpp
[7.998s] -- Up-to-date: /root/aerostack2_ws/install/as2_msgs/include/as2_msgs/as2_msgs/msg/detail/follow_target_info__type_support.cpp
[7.998s] -- Up-to-date: /root/aerostack2_ws/install/as2_msgs/include/as2_msgs/as2_msgs/msg/detail/platform_state_machine_event__type_support.cpp
[7.998s] -- Up-to-date: /root/aerostack2_ws/install/as2_msgs/include/as2_msgs/as2_msgs/msg/detail/behavior_status__type_support.cpp
[7.999s] -- Up-to-date: /root/aerostack2_ws/install/as2_msgs/include/as2_msgs/as2_msgs/msg/detail/control_mode__rosidl_typesupport_introspection_cpp.hpp
[7.999s] -- Up-to-date: /root/aerostack2_ws/install/as2_msgs/include/as2_msgs/as2_msgs/msg/detail/polygon_list__type_support.cpp
[8.001s] -- Up-to-date: /root/aerostack2_ws/install/as2_msgs/include/as2_msgs/as2_msgs/msg/detail/pose_stamped_with_id_array__type_support.cpp
[8.001s] -- Up-to-date: /root/aerostack2_ws/install/as2_msgs/include/as2_msgs/as2_msgs/msg/detail/pose_with_id_array__rosidl_typesupport_introspection_cpp.hpp
[8.001s] -- Up-to-date: /root/aerostack2_ws/install/as2_msgs/include/as2_msgs/as2_msgs/msg/detail/node_status__rosidl_typesupport_introspection_cpp.hpp
[8.001s] -- Up-to-date: /root/aerostack2_ws/install/as2_msgs/include/as2_msgs/as2_msgs/msg/detail/mission_event__type_support.cpp
[8.001s] -- Up-to-date: /root/aerostack2_ws/install/as2_msgs/include/as2_msgs/as2_msgs/msg/detail/node_status__type_support.cpp
[8.001s] -- Up-to-date: /root/aerostack2_ws/install/as2_msgs/include/as2_msgs/as2_msgs/msg/detail/gimbal_control__type_support.cpp
[8.002s] -- Up-to-date: /root/aerostack2_ws/install/as2_msgs/include/as2_msgs/as2_msgs/action
[8.002s] -- Up-to-date: /root/aerostack2_ws/install/as2_msgs/include/as2_msgs/as2_msgs/action/detail
[8.002s] -- Up-to-date: /root/aerostack2_ws/install/as2_msgs/include/as2_msgs/as2_msgs/action/detail/navigate_to_point__rosidl_typesupport_introspection_cpp.hpp
[8.002s] -- Up-to-date: /root/aerostack2_ws/install/as2_msgs/include/as2_msgs/as2_msgs/action/detail/follow_path__rosidl_typesupport_introspection_cpp.hpp
[8.002s] -- Up-to-date: /root/aerostack2_ws/install/as2_msgs/include/as2_msgs/as2_msgs/action/detail/go_to_waypoint__type_support.cpp
[8.002s] -- Up-to-date: /root/aerostack2_ws/install/as2_msgs/include/as2_msgs/as2_msgs/action/detail/detect_aruco_markers__type_support.cpp
[8.002s] -- Up-to-date: /root/aerostack2_ws/install/as2_msgs/include/as2_msgs/as2_msgs/action/detail/set_offboard_mode__type_support.cpp
[8.002s] -- Up-to-date: /root/aerostack2_ws/install/as2_msgs/include/as2_msgs/as2_msgs/action/detail/point_gimbal__type_support.cpp
[8.002s] -- Up-to-date: /root/aerostack2_ws/install/as2_msgs/include/as2_msgs/as2_msgs/action/detail/swarm_flocking__rosidl_typesupport_introspection_cpp.hpp
[8.002s] -- Up-to-date: /root/aerostack2_ws/install/as2_msgs/include/as2_msgs/as2_msgs/action/detail/set_offboard_mode__rosidl_typesupport_introspection_cpp.hpp
[8.002s] -- Up-to-date: /root/aerostack2_ws/install/as2_msgs/include/as2_msgs/as2_msgs/action/detail/swarm_flocking__type_support.cpp
[8.002s] -- Up-to-date: /root/aerostack2_ws/install/as2_msgs/include/as2_msgs/as2_msgs/action/detail/takeoff__type_support.cpp
[8.002s] -- Up-to-date: /root/aerostack2_ws/install/as2_msgs/include/as2_msgs/as2_msgs/action/detail/navigate_to_point__type_support.cpp
[8.005s] -- Up-to-date: /root/aerostack2_ws/install/as2_msgs/include/as2_msgs/as2_msgs/action/detail/detect_aruco_markers__rosidl_typesupport_introspection_cpp.hpp
[8.006s] -- Up-to-date: /root/aerostack2_ws/install/as2_msgs/include/as2_msgs/as2_msgs/action/detail/follow_reference__rosidl_typesupport_introspection_cpp.hpp
[8.006s] -- Up-to-date: /root/aerostack2_ws/install/as2_msgs/include/as2_msgs/as2_msgs/action/detail/takeoff__rosidl_typesupport_introspection_cpp.hpp
[8.006s] -- Up-to-date: /root/aerostack2_ws/install/as2_msgs/include/as2_msgs/as2_msgs/action/detail/set_arming_state__rosidl_typesupport_introspection_cpp.hpp
[8.006s] -- Up-to-date: /root/aerostack2_ws/install/as2_msgs/include/as2_msgs/as2_msgs/action/detail/go_to_waypoint__rosidl_typesupport_introspection_cpp.hpp
[8.006s] -- Up-to-date: /root/aerostack2_ws/install/as2_msgs/include/as2_msgs/as2_msgs/action/detail/set_arming_state__type_support.cpp
[8.006s] -- Up-to-date: /root/aerostack2_ws/install/as2_msgs/include/as2_msgs/as2_msgs/action/detail/land__rosidl_typesupport_introspection_cpp.hpp
[8.006s] -- Up-to-date: /root/aerostack2_ws/install/as2_msgs/include/as2_msgs/as2_msgs/action/detail/land__type_support.cpp
[8.006s] -- Up-to-date: /root/aerostack2_ws/install/as2_msgs/include/as2_msgs/as2_msgs/action/detail/generate_polynomial_trajectory__rosidl_typesupport_introspection_cpp.hpp
[8.006s] -- Up-to-date: /root/aerostack2_ws/install/as2_msgs/include/as2_msgs/as2_msgs/action/detail/point_gimbal__rosidl_typesupport_introspection_cpp.hpp
[8.006s] -- Up-to-date: /root/aerostack2_ws/install/as2_msgs/include/as2_msgs/as2_msgs/action/detail/generate_polynomial_trajectory__type_support.cpp
[8.006s] -- Up-to-date: /root/aerostack2_ws/install/as2_msgs/include/as2_msgs/as2_msgs/action/detail/follow_path__type_support.cpp
[8.006s] -- Up-to-date: /root/aerostack2_ws/install/as2_msgs/include/as2_msgs/as2_msgs/action/detail/follow_reference__type_support.cpp
[8.006s] -- Up-to-date: /root/aerostack2_ws/install/as2_msgs/include/as2_msgs/as2_msgs/srv
[8.006s] -- Up-to-date: /root/aerostack2_ws/install/as2_msgs/include/as2_msgs/as2_msgs/srv/detail
[8.007s] -- Up-to-date: /root/aerostack2_ws/install/as2_msgs/include/as2_msgs/as2_msgs/srv/detail/set_geozone__type_support.cpp
[8.007s] -- Up-to-date: /root/aerostack2_ws/install/as2_msgs/include/as2_msgs/as2_msgs/srv/detail/package_pick_up__rosidl_typesupport_introspection_cpp.hpp
[8.015s] -- Up-to-date: /root/aerostack2_ws/install/as2_msgs/include/as2_msgs/as2_msgs/srv/detail/package_un_pick__rosidl_typesupport_introspection_cpp.hpp
[8.015s] -- Up-to-date: /root/aerostack2_ws/install/as2_msgs/include/as2_msgs/as2_msgs/srv/detail/set_speed__type_support.cpp
[8.015s] -- Up-to-date: /root/aerostack2_ws/install/as2_msgs/include/as2_msgs/as2_msgs/srv/detail/modify_swarm__type_support.cpp
[8.015s] -- Up-to-date: /root/aerostack2_ws/install/as2_msgs/include/as2_msgs/as2_msgs/srv/detail/set_platform_state_machine_event__rosidl_typesupport_introspection_cpp.hpp
[8.015s] -- Up-to-date: /root/aerostack2_ws/install/as2_msgs/include/as2_msgs/as2_msgs/srv/detail/dynamic_follower__type_support.cpp
[8.015s] -- Up-to-date: /root/aerostack2_ws/install/as2_msgs/include/as2_msgs/as2_msgs/srv/detail/package_un_pick__type_support.cpp
[8.015s] -- Up-to-date: /root/aerostack2_ws/install/as2_msgs/include/as2_msgs/as2_msgs/srv/detail/set_origin__rosidl_typesupport_introspection_cpp.hpp
[8.015s] -- Up-to-date: /root/aerostack2_ws/install/as2_msgs/include/as2_msgs/as2_msgs/srv/detail/add_static_transform_gps__rosidl_typesupport_introspection_cpp.hpp
[8.015s] -- Up-to-date: /root/aerostack2_ws/install/as2_msgs/include/as2_msgs/as2_msgs/srv/detail/geopath_to_path__type_support.cpp
[8.016s] -- Up-to-date: /root/aerostack2_ws/install/as2_msgs/include/as2_msgs/as2_msgs/srv/detail/get_origin__type_support.cpp
[8.016s] -- Up-to-date: /root/aerostack2_ws/install/as2_msgs/include/as2_msgs/as2_msgs/srv/detail/dynamic_follower__rosidl_typesupport_introspection_cpp.hpp
[8.016s] -- Up-to-date: /root/aerostack2_ws/install/as2_msgs/include/as2_msgs/as2_msgs/srv/detail/set_platform_state_machine_event__type_support.cpp
[8.016s] -- Up-to-date: /root/aerostack2_ws/install/as2_msgs/include/as2_msgs/as2_msgs/srv/detail/add_static_transform__type_support.cpp
[8.016s] -- Up-to-date: /root/aerostack2_ws/install/as2_msgs/include/as2_msgs/as2_msgs/srv/detail/set_control_mode__rosidl_typesupport_introspection_cpp.hpp
[8.016s] -- Up-to-date: /root/aerostack2_ws/install/as2_msgs/include/as2_msgs/as2_msgs/srv/detail/dynamic_land__rosidl_typesupport_introspection_cpp.hpp
[8.016s] -- Up-to-date: /root/aerostack2_ws/install/as2_msgs/include/as2_msgs/as2_msgs/srv/detail/get_geozone__type_support.cpp
[8.016s] -- Up-to-date: /root/aerostack2_ws/install/as2_msgs/include/as2_msgs/as2_msgs/srv/detail/package_pick_up__type_support.cpp
[8.016s] -- Up-to-date: /root/aerostack2_ws/install/as2_msgs/include/as2_msgs/as2_msgs/srv/detail/list_control_modes__rosidl_typesupport_introspection_cpp.hpp
[8.016s] -- Up-to-date: /root/aerostack2_ws/install/as2_msgs/include/as2_msgs/as2_msgs/srv/detail/add_static_transform_gps__type_support.cpp
[8.016s] -- Up-to-date: /root/aerostack2_ws/install/as2_msgs/include/as2_msgs/as2_msgs/srv/detail/set_control_mode__type_support.cpp
[8.016s] -- Up-to-date: /root/aerostack2_ws/install/as2_msgs/include/as2_msgs/as2_msgs/srv/detail/dynamic_land__type_support.cpp
[8.022s] -- Up-to-date: /root/aerostack2_ws/install/as2_msgs/include/as2_msgs/as2_msgs/srv/detail/add_static_transform__rosidl_typesupport_introspection_cpp.hpp
[8.023s] -- Up-to-date: /root/aerostack2_ws/install/as2_msgs/include/as2_msgs/as2_msgs/srv/detail/set_geozone__rosidl_typesupport_introspection_cpp.hpp
[8.023s] -- Up-to-date: /root/aerostack2_ws/install/as2_msgs/include/as2_msgs/as2_msgs/srv/detail/get_origin__rosidl_typesupport_introspection_cpp.hpp
[8.023s] -- Up-to-date: /root/aerostack2_ws/install/as2_msgs/include/as2_msgs/as2_msgs/srv/detail/path_to_geopath__rosidl_typesupport_introspection_cpp.hpp
[8.023s] -- Up-to-date: /root/aerostack2_ws/install/as2_msgs/include/as2_msgs/as2_msgs/srv/detail/get_geozone__rosidl_typesupport_introspection_cpp.hpp
[8.023s] -- Up-to-date: /root/aerostack2_ws/install/as2_msgs/include/as2_msgs/as2_msgs/srv/detail/geopath_to_path__rosidl_typesupport_introspection_cpp.hpp
[8.023s] -- Up-to-date: /root/aerostack2_ws/install/as2_msgs/include/as2_msgs/as2_msgs/srv/detail/list_control_modes__type_support.cpp
[8.023s] -- Up-to-date: /root/aerostack2_ws/install/as2_msgs/include/as2_msgs/as2_msgs/srv/detail/path_to_geopath__type_support.cpp
[8.023s] -- Up-to-date: /root/aerostack2_ws/install/as2_msgs/include/as2_msgs/as2_msgs/srv/detail/modify_swarm__rosidl_typesupport_introspection_cpp.hpp
[8.023s] -- Up-to-date: /root/aerostack2_ws/install/as2_msgs/include/as2_msgs/as2_msgs/srv/detail/set_origin__type_support.cpp
[8.023s] -- Up-to-date: /root/aerostack2_ws/install/as2_msgs/include/as2_msgs/as2_msgs/srv/detail/set_speed__rosidl_typesupport_introspection_cpp.hpp
[8.023s] -- Up-to-date: /root/aerostack2_ws/install/as2_msgs/lib/libas2_msgs__rosidl_typesupport_introspection_cpp.so
[8.023s] -- Up-to-date: /root/aerostack2_ws/install/as2_msgs/lib/libas2_msgs__rosidl_typesupport_cpp.so
[8.023s] -- Up-to-date: /root/aerostack2_ws/install/as2_msgs/share/as2_msgs/environment/pythonpath.sh
[8.024s] -- Up-to-date: /root/aerostack2_ws/install/as2_msgs/share/as2_msgs/environment/pythonpath.dsv
[8.024s] -- Up-to-date: /root/aerostack2_ws/install/as2_msgs/local/lib/python3.10/dist-packages/as2_msgs-1.1.3-py3.10.egg-info
[8.024s] -- Installing: /root/aerostack2_ws/install/as2_msgs/local/lib/python3.10/dist-packages/as2_msgs-1.1.3-py3.10.egg-info/SOURCES.txt
[8.024s] -- Installing: /root/aerostack2_ws/install/as2_msgs/local/lib/python3.10/dist-packages/as2_msgs-1.1.3-py3.10.egg-info/dependency_links.txt
[8.024s] -- Installing: /root/aerostack2_ws/install/as2_msgs/local/lib/python3.10/dist-packages/as2_msgs-1.1.3-py3.10.egg-info/PKG-INFO
[8.024s] -- Installing: /root/aerostack2_ws/install/as2_msgs/local/lib/python3.10/dist-packages/as2_msgs-1.1.3-py3.10.egg-info/top_level.txt
[8.024s] -- Up-to-date: /root/aerostack2_ws/install/as2_msgs/local/lib/python3.10/dist-packages/as2_msgs
[8.024s] -- Up-to-date: /root/aerostack2_ws/install/as2_msgs/local/lib/python3.10/dist-packages/as2_msgs/msg
[8.024s] -- Up-to-date: /root/aerostack2_ws/install/as2_msgs/local/lib/python3.10/dist-packages/as2_msgs/msg/_trajectory_point.py
[8.033s] -- Up-to-date: /root/aerostack2_ws/install/as2_msgs/local/lib/python3.10/dist-packages/as2_msgs/msg/_trajectory_point_s.c
[8.033s] -- Up-to-date: /root/aerostack2_ws/install/as2_msgs/local/lib/python3.10/dist-packages/as2_msgs/msg/_thrust.py
[8.033s] -- Up-to-date: /root/aerostack2_ws/install/as2_msgs/local/lib/python3.10/dist-packages/as2_msgs/msg/_acro.py
[8.033s] -- Up-to-date: /root/aerostack2_ws/install/as2_msgs/local/lib/python3.10/dist-packages/as2_msgs/msg/_polygon_list.py
[8.033s] -- Up-to-date: /root/aerostack2_ws/install/as2_msgs/local/lib/python3.10/dist-packages/as2_msgs/msg/_platform_state_machine_event_s.c
[8.033s] -- Up-to-date: /root/aerostack2_ws/install/as2_msgs/local/lib/python3.10/dist-packages/as2_msgs/msg/_pose_stamped_with_id_array_s.c
[8.033s] -- Up-to-date: /root/aerostack2_ws/install/as2_msgs/local/lib/python3.10/dist-packages/as2_msgs/msg/_platform_status.py
[8.033s] -- Up-to-date: /root/aerostack2_ws/install/as2_msgs/local/lib/python3.10/dist-packages/as2_msgs/msg/_trajectory_setpoints_s.c
[8.033s] -- Up-to-date: /root/aerostack2_ws/install/as2_msgs/local/lib/python3.10/dist-packages/as2_msgs/msg/_traj_gen_info_s.c
[8.033s] -- Up-to-date: /root/aerostack2_ws/install/as2_msgs/local/lib/python3.10/dist-packages/as2_msgs/msg/_control_mode_s.c
[8.033s] -- Up-to-date: /root/aerostack2_ws/install/as2_msgs/local/lib/python3.10/dist-packages/as2_msgs/msg/__init__.py
[8.034s] -- Up-to-date: /root/aerostack2_ws/install/as2_msgs/local/lib/python3.10/dist-packages/as2_msgs/msg/_controller_info.py
[8.034s] -- Up-to-date: /root/aerostack2_ws/install/as2_msgs/local/lib/python3.10/dist-packages/as2_msgs/msg/_pose_with_id_array.py
[8.034s] -- Up-to-date: /root/aerostack2_ws/install/as2_msgs/local/lib/python3.10/dist-packages/as2_msgs/msg/_pose_with_id.py
[8.034s] -- Up-to-date: /root/aerostack2_ws/install/as2_msgs/local/lib/python3.10/dist-packages/as2_msgs/msg/_pose_stamped_with_id_array.py
[8.034s] -- Up-to-date: /root/aerostack2_ws/install/as2_msgs/local/lib/python3.10/dist-packages/as2_msgs/msg/_node_status.py
[8.034s] -- Up-to-date: /root/aerostack2_ws/install/as2_msgs/local/lib/python3.10/dist-packages/as2_msgs/msg/_gimbal_control_s.c
[8.034s] -- Up-to-date: /root/aerostack2_ws/install/as2_msgs/local/lib/python3.10/dist-packages/as2_msgs/msg/_platform_status_s.c
[8.034s] -- Up-to-date: /root/aerostack2_ws/install/as2_msgs/local/lib/python3.10/dist-packages/as2_msgs/msg/_follow_target_info_s.c
[8.034s] -- Up-to-date: /root/aerostack2_ws/install/as2_msgs/local/lib/python3.10/dist-packages/as2_msgs/msg/_behavior_status.py
[8.034s] -- Up-to-date: /root/aerostack2_ws/install/as2_msgs/local/lib/python3.10/dist-packages/as2_msgs/msg/_alert_event.py
[8.034s] -- Up-to-date: /root/aerostack2_ws/install/as2_msgs/local/lib/python3.10/dist-packages/as2_msgs/msg/_pose_with_id_s.c
[8.034s] -- Up-to-date: /root/aerostack2_ws/install/as2_msgs/local/lib/python3.10/dist-packages/as2_msgs/msg/_polygon_list_s.c
[8.034s] -- Up-to-date: /root/aerostack2_ws/install/as2_msgs/local/lib/python3.10/dist-packages/as2_msgs/msg/_node_status_s.c
[8.034s] -- Up-to-date: /root/aerostack2_ws/install/as2_msgs/local/lib/python3.10/dist-packages/as2_msgs/msg/_u_int16_multi_array_stamped_s.c
[8.078s] -- Up-to-date: /root/aerostack2_ws/install/as2_msgs/local/lib/python3.10/dist-packages/as2_msgs/msg/_pose_stamped_with_id_s.c
[8.078s] -- Up-to-date: /root/aerostack2_ws/install/as2_msgs/local/lib/python3.10/dist-packages/as2_msgs/msg/_platform_state_machine_event.py
[8.078s] -- Up-to-date: /root/aerostack2_ws/install/as2_msgs/local/lib/python3.10/dist-packages/as2_msgs/msg/_trajectory_setpoints.py
[8.078s] -- Up-to-date: /root/aerostack2_ws/install/as2_msgs/local/lib/python3.10/dist-packages/as2_msgs/msg/_geozone.py
[8.079s] -- Up-to-date: /root/aerostack2_ws/install/as2_msgs/local/lib/python3.10/dist-packages/as2_msgs/msg/_yaw_mode.py
[8.079s] -- Up-to-date: /root/aerostack2_ws/install/as2_msgs/local/lib/python3.10/dist-packages/as2_msgs/msg/_mission_event.py
[8.079s] -- Up-to-date: /root/aerostack2_ws/install/as2_msgs/local/lib/python3.10/dist-packages/as2_msgs/msg/_acro_s.c
[8.079s] -- Up-to-date: /root/aerostack2_ws/install/as2_msgs/local/lib/python3.10/dist-packages/as2_msgs/msg/_behavior_status_s.c
[8.079s] -- Up-to-date: /root/aerostack2_ws/install/as2_msgs/local/lib/python3.10/dist-packages/as2_msgs/msg/_pose_with_id_array_s.c
[8.079s] -- Up-to-date: /root/aerostack2_ws/install/as2_msgs/local/lib/python3.10/dist-packages/as2_msgs/msg/_controller_info_s.c
[8.079s] -- Up-to-date: /root/aerostack2_ws/install/as2_msgs/local/lib/python3.10/dist-packages/as2_msgs/msg/_platform_info_s.c
[8.079s] -- Up-to-date: /root/aerostack2_ws/install/as2_msgs/local/lib/python3.10/dist-packages/as2_msgs/msg/_speed_s.c
[8.079s] -- Up-to-date: /root/aerostack2_ws/install/as2_msgs/local/lib/python3.10/dist-packages/as2_msgs/msg/_pose_stamped_with_id.py
[8.079s] -- Up-to-date: /root/aerostack2_ws/install/as2_msgs/local/lib/python3.10/dist-packages/as2_msgs/msg/_speed.py
[8.079s] -- Up-to-date: /root/aerostack2_ws/install/as2_msgs/local/lib/python3.10/dist-packages/as2_msgs/msg/_alert_event_s.c
[8.079s] -- Up-to-date: /root/aerostack2_ws/install/as2_msgs/local/lib/python3.10/dist-packages/as2_msgs/msg/_platform_info.py
[8.079s] -- Up-to-date: /root/aerostack2_ws/install/as2_msgs/local/lib/python3.10/dist-packages/as2_msgs/msg/_traj_gen_info.py
[8.082s] -- Up-to-date: /root/aerostack2_ws/install/as2_msgs/local/lib/python3.10/dist-packages/as2_msgs/msg/_thrust_s.c
[8.082s] -- Up-to-date: /root/aerostack2_ws/install/as2_msgs/local/lib/python3.10/dist-packages/as2_msgs/msg/_mission_update.py
[8.088s] -- Up-to-date: /root/aerostack2_ws/install/as2_msgs/local/lib/python3.10/dist-packages/as2_msgs/msg/_control_mode.py
[8.088s] -- Up-to-date: /root/aerostack2_ws/install/as2_msgs/local/lib/python3.10/dist-packages/as2_msgs/msg/_geozone_s.c
[8.088s] -- Up-to-date: /root/aerostack2_ws/install/as2_msgs/local/lib/python3.10/dist-packages/as2_msgs/msg/_mission_event_s.c
[8.088s] -- Up-to-date: /root/aerostack2_ws/install/as2_msgs/local/lib/python3.10/dist-packages/as2_msgs/msg/_yaw_mode_s.c
[8.088s] -- Up-to-date: /root/aerostack2_ws/install/as2_msgs/local/lib/python3.10/dist-packages/as2_msgs/msg/_u_int16_multi_array_stamped.py
[8.088s] -- Up-to-date: /root/aerostack2_ws/install/as2_msgs/local/lib/python3.10/dist-packages/as2_msgs/msg/_mission_update_s.c
[8.088s] -- Up-to-date: /root/aerostack2_ws/install/as2_msgs/local/lib/python3.10/dist-packages/as2_msgs/msg/_follow_target_info.py
[8.088s] -- Up-to-date: /root/aerostack2_ws/install/as2_msgs/local/lib/python3.10/dist-packages/as2_msgs/msg/_gimbal_control.py
[8.088s] -- Up-to-date: /root/aerostack2_ws/install/as2_msgs/local/lib/python3.10/dist-packages/as2_msgs/__init__.py
[8.088s] -- Up-to-date: /root/aerostack2_ws/install/as2_msgs/local/lib/python3.10/dist-packages/as2_msgs/_as2_msgs_s.ep.rosidl_typesupport_introspection_c.c
[8.088s] -- Up-to-date: /root/aerostack2_ws/install/as2_msgs/local/lib/python3.10/dist-packages/as2_msgs/_as2_msgs_s.ep.rosidl_typesupport_fastrtps_c.c
[8.111s] -- Up-to-date: /root/aerostack2_ws/install/as2_msgs/local/lib/python3.10/dist-packages/as2_msgs/libas2_msgs__rosidl_generator_py.so
[8.123s] -- Up-to-date: /root/aerostack2_ws/install/as2_msgs/local/lib/python3.10/dist-packages/as2_msgs/action
[8.123s] -- Up-to-date: /root/aerostack2_ws/install/as2_msgs/local/lib/python3.10/dist-packages/as2_msgs/action/_go_to_waypoint.py
[8.123s] -- Up-to-date: /root/aerostack2_ws/install/as2_msgs/local/lib/python3.10/dist-packages/as2_msgs/action/_follow_path_s.c
[8.123s] -- Up-to-date: /root/aerostack2_ws/install/as2_msgs/local/lib/python3.10/dist-packages/as2_msgs/action/_set_arming_state.py
[8.123s] -- Up-to-date: /root/aerostack2_ws/install/as2_msgs/local/lib/python3.10/dist-packages/as2_msgs/action/_takeoff.py
[8.123s] -- Up-to-date: /root/aerostack2_ws/install/as2_msgs/local/lib/python3.10/dist-packages/as2_msgs/action/__init__.py
[8.123s] -- Up-to-date: /root/aerostack2_ws/install/as2_msgs/local/lib/python3.10/dist-packages/as2_msgs/action/_generate_polynomial_trajectory_s.c
[8.123s] -- Up-to-date: /root/aerostack2_ws/install/as2_msgs/local/lib/python3.10/dist-packages/as2_msgs/action/_swarm_flocking_s.c
[8.123s] -- Up-to-date: /root/aerostack2_ws/install/as2_msgs/local/lib/python3.10/dist-packages/as2_msgs/action/_set_offboard_mode_s.c
[8.123s] -- Up-to-date: /root/aerostack2_ws/install/as2_msgs/local/lib/python3.10/dist-packages/as2_msgs/action/_point_gimbal.py
[8.124s] -- Up-to-date: /root/aerostack2_ws/install/as2_msgs/local/lib/python3.10/dist-packages/as2_msgs/action/_go_to_waypoint_s.c
[8.124s] -- Up-to-date: /root/aerostack2_ws/install/as2_msgs/local/lib/python3.10/dist-packages/as2_msgs/action/_follow_reference_s.c
[8.124s] -- Up-to-date: /root/aerostack2_ws/install/as2_msgs/local/lib/python3.10/dist-packages/as2_msgs/action/_follow_reference.py
[8.124s] -- Up-to-date: /root/aerostack2_ws/install/as2_msgs/local/lib/python3.10/dist-packages/as2_msgs/action/_set_arming_state_s.c
[8.124s] -- Up-to-date: /root/aerostack2_ws/install/as2_msgs/local/lib/python3.10/dist-packages/as2_msgs/action/_navigate_to_point.py
[8.124s] -- Up-to-date: /root/aerostack2_ws/install/as2_msgs/local/lib/python3.10/dist-packages/as2_msgs/action/_generate_polynomial_trajectory.py
[8.124s] -- Up-to-date: /root/aerostack2_ws/install/as2_msgs/local/lib/python3.10/dist-packages/as2_msgs/action/_set_offboard_mode.py
[8.124s] -- Up-to-date: /root/aerostack2_ws/install/as2_msgs/local/lib/python3.10/dist-packages/as2_msgs/action/_navigate_to_point_s.c
[8.124s] -- Up-to-date: /root/aerostack2_ws/install/as2_msgs/local/lib/python3.10/dist-packages/as2_msgs/action/_takeoff_s.c
[8.124s] -- Up-to-date: /root/aerostack2_ws/install/as2_msgs/local/lib/python3.10/dist-packages/as2_msgs/action/_detect_aruco_markers.py
[8.124s] -- Up-to-date: /root/aerostack2_ws/install/as2_msgs/local/lib/python3.10/dist-packages/as2_msgs/action/_point_gimbal_s.c
[8.124s] -- Up-to-date: /root/aerostack2_ws/install/as2_msgs/local/lib/python3.10/dist-packages/as2_msgs/action/_follow_path.py
[8.124s] -- Up-to-date: /root/aerostack2_ws/install/as2_msgs/local/lib/python3.10/dist-packages/as2_msgs/action/_swarm_flocking.py
[8.124s] -- Up-to-date: /root/aerostack2_ws/install/as2_msgs/local/lib/python3.10/dist-packages/as2_msgs/action/_detect_aruco_markers_s.c
[8.125s] -- Up-to-date: /root/aerostack2_ws/install/as2_msgs/local/lib/python3.10/dist-packages/as2_msgs/action/_land.py
[8.125s] -- Up-to-date: /root/aerostack2_ws/install/as2_msgs/local/lib/python3.10/dist-packages/as2_msgs/action/_land_s.c
[8.125s] -- Up-to-date: /root/aerostack2_ws/install/as2_msgs/local/lib/python3.10/dist-packages/as2_msgs/as2_msgs_s__rosidl_typesupport_fastrtps_c.cpython-310-x86_64-linux-gnu.so
[8.125s] -- Up-to-date: /root/aerostack2_ws/install/as2_msgs/local/lib/python3.10/dist-packages/as2_msgs/as2_msgs_s__rosidl_typesupport_c.cpython-310-x86_64-linux-gnu.so
[8.125s] -- Up-to-date: /root/aerostack2_ws/install/as2_msgs/local/lib/python3.10/dist-packages/as2_msgs/srv
[8.125s] -- Up-to-date: /root/aerostack2_ws/install/as2_msgs/local/lib/python3.10/dist-packages/as2_msgs/srv/_dynamic_land_s.c
[8.125s] -- Up-to-date: /root/aerostack2_ws/install/as2_msgs/local/lib/python3.10/dist-packages/as2_msgs/srv/_add_static_transform.py
[8.125s] -- Up-to-date: /root/aerostack2_ws/install/as2_msgs/local/lib/python3.10/dist-packages/as2_msgs/srv/_set_platform_state_machine_event_s.c
[8.125s] -- Up-to-date: /root/aerostack2_ws/install/as2_msgs/local/lib/python3.10/dist-packages/as2_msgs/srv/_get_origin.py
[8.125s] -- Up-to-date: /root/aerostack2_ws/install/as2_msgs/local/lib/python3.10/dist-packages/as2_msgs/srv/_package_un_pick.py
[8.125s] -- Up-to-date: /root/aerostack2_ws/install/as2_msgs/local/lib/python3.10/dist-packages/as2_msgs/srv/__init__.py
[8.125s] -- Up-to-date: /root/aerostack2_ws/install/as2_msgs/local/lib/python3.10/dist-packages/as2_msgs/srv/_set_speed_s.c
[8.125s] -- Up-to-date: /root/aerostack2_ws/install/as2_msgs/local/lib/python3.10/dist-packages/as2_msgs/srv/_modify_swarm.py
[8.125s] -- Up-to-date: /root/aerostack2_ws/install/as2_msgs/local/lib/python3.10/dist-packages/as2_msgs/srv/_add_static_transform_s.c
[8.133s] -- Up-to-date: /root/aerostack2_ws/install/as2_msgs/local/lib/python3.10/dist-packages/as2_msgs/srv/_set_origin.py
[8.133s] -- Up-to-date: /root/aerostack2_ws/install/as2_msgs/local/lib/python3.10/dist-packages/as2_msgs/srv/_dynamic_land.py
[8.133s] -- Up-to-date: /root/aerostack2_ws/install/as2_msgs/local/lib/python3.10/dist-packages/as2_msgs/srv/_path_to_geopath_s.c
[8.133s] -- Up-to-date: /root/aerostack2_ws/install/as2_msgs/local/lib/python3.10/dist-packages/as2_msgs/srv/_dynamic_follower_s.c
[8.133s] -- Up-to-date: /root/aerostack2_ws/install/as2_msgs/local/lib/python3.10/dist-packages/as2_msgs/srv/_package_pick_up_s.c
[8.133s] -- Up-to-date: /root/aerostack2_ws/install/as2_msgs/local/lib/python3.10/dist-packages/as2_msgs/srv/_dynamic_follower.py
[8.133s] -- Up-to-date: /root/aerostack2_ws/install/as2_msgs/local/lib/python3.10/dist-packages/as2_msgs/srv/_set_geozone_s.c
[8.133s] -- Up-to-date: /root/aerostack2_ws/install/as2_msgs/local/lib/python3.10/dist-packages/as2_msgs/srv/_geopath_to_path.py
[8.133s] -- Up-to-date: /root/aerostack2_ws/install/as2_msgs/local/lib/python3.10/dist-packages/as2_msgs/srv/_geopath_to_path_s.c
[8.133s] -- Up-to-date: /root/aerostack2_ws/install/as2_msgs/local/lib/python3.10/dist-packages/as2_msgs/srv/_package_un_pick_s.c
[8.134s] -- Up-to-date: /root/aerostack2_ws/install/as2_msgs/local/lib/python3.10/dist-packages/as2_msgs/srv/_get_geozone_s.c
[8.134s] -- Up-to-date: /root/aerostack2_ws/install/as2_msgs/local/lib/python3.10/dist-packages/as2_msgs/srv/_set_platform_state_machine_event.py
[8.134s] -- Up-to-date: /root/aerostack2_ws/install/as2_msgs/local/lib/python3.10/dist-packages/as2_msgs/srv/_modify_swarm_s.c
[8.134s] -- Up-to-date: /root/aerostack2_ws/install/as2_msgs/local/lib/python3.10/dist-packages/as2_msgs/srv/_set_origin_s.c
[8.134s] -- Up-to-date: /root/aerostack2_ws/install/as2_msgs/local/lib/python3.10/dist-packages/as2_msgs/srv/_add_static_transform_gps_s.c
[8.134s] -- Up-to-date: /root/aerostack2_ws/install/as2_msgs/local/lib/python3.10/dist-packages/as2_msgs/srv/_set_control_mode_s.c
[8.134s] -- Up-to-date: /root/aerostack2_ws/install/as2_msgs/local/lib/python3.10/dist-packages/as2_msgs/srv/_get_geozone.py
[8.134s] -- Up-to-date: /root/aerostack2_ws/install/as2_msgs/local/lib/python3.10/dist-packages/as2_msgs/srv/_list_control_modes.py
[8.134s] -- Up-to-date: /root/aerostack2_ws/install/as2_msgs/local/lib/python3.10/dist-packages/as2_msgs/srv/_list_control_modes_s.c
[8.134s] -- Up-to-date: /root/aerostack2_ws/install/as2_msgs/local/lib/python3.10/dist-packages/as2_msgs/srv/_package_pick_up.py
[8.134s] -- Up-to-date: /root/aerostack2_ws/install/as2_msgs/local/lib/python3.10/dist-packages/as2_msgs/srv/_set_control_mode.py
[8.134s] -- Up-to-date: /root/aerostack2_ws/install/as2_msgs/local/lib/python3.10/dist-packages/as2_msgs/srv/_set_geozone.py
[8.135s] -- Up-to-date: /root/aerostack2_ws/install/as2_msgs/local/lib/python3.10/dist-packages/as2_msgs/srv/_get_origin_s.c
[8.135s] -- Up-to-date: /root/aerostack2_ws/install/as2_msgs/local/lib/python3.10/dist-packages/as2_msgs/srv/_add_static_transform_gps.py
[8.135s] -- Up-to-date: /root/aerostack2_ws/install/as2_msgs/local/lib/python3.10/dist-packages/as2_msgs/srv/_path_to_geopath.py
[8.135s] -- Up-to-date: /root/aerostack2_ws/install/as2_msgs/local/lib/python3.10/dist-packages/as2_msgs/srv/_set_speed.py
[8.135s] -- Up-to-date: /root/aerostack2_ws/install/as2_msgs/local/lib/python3.10/dist-packages/as2_msgs/as2_msgs_s__rosidl_typesupport_introspection_c.cpython-310-x86_64-linux-gnu.so
[8.135s] -- Up-to-date: /root/aerostack2_ws/install/as2_msgs/local/lib/python3.10/dist-packages/as2_msgs/_as2_msgs_s.ep.rosidl_typesupport_c.c
[8.251s] Listing '/root/aerostack2_ws/install/as2_msgs/local/lib/python3.10/dist-packages/as2_msgs'...
[8.251s] Listing '/root/aerostack2_ws/install/as2_msgs/local/lib/python3.10/dist-packages/as2_msgs/action'...
[8.251s] Listing '/root/aerostack2_ws/install/as2_msgs/local/lib/python3.10/dist-packages/as2_msgs/msg'...
[8.252s] Listing '/root/aerostack2_ws/install/as2_msgs/local/lib/python3.10/dist-packages/as2_msgs/srv'...
[8.263s] -- Up-to-date: /root/aerostack2_ws/install/as2_msgs/local/lib/python3.10/dist-packages/as2_msgs/as2_msgs_s__rosidl_typesupport_fastrtps_c.cpython-310-x86_64-linux-gnu.so
[8.269s] -- Up-to-date: /root/aerostack2_ws/install/as2_msgs/local/lib/python3.10/dist-packages/as2_msgs/as2_msgs_s__rosidl_typesupport_introspection_c.cpython-310-x86_64-linux-gnu.so
[8.277s] -- Up-to-date: /root/aerostack2_ws/install/as2_msgs/local/lib/python3.10/dist-packages/as2_msgs/as2_msgs_s__rosidl_typesupport_c.cpython-310-x86_64-linux-gnu.so
[8.277s] -- Up-to-date: /root/aerostack2_ws/install/as2_msgs/lib/libas2_msgs__rosidl_generator_py.so
[8.277s] -- Up-to-date: /root/aerostack2_ws/install/as2_msgs/share/as2_msgs/msg/Acro.idl
[8.281s] -- Up-to-date: /root/aerostack2_ws/install/as2_msgs/share/as2_msgs/msg/AlertEvent.idl
[8.281s] -- Up-to-date: /root/aerostack2_ws/install/as2_msgs/share/as2_msgs/msg/BehaviorStatus.idl
[8.281s] -- Up-to-date: /root/aerostack2_ws/install/as2_msgs/share/as2_msgs/msg/ControlMode.idl
[8.281s] -- Up-to-date: /root/aerostack2_ws/install/as2_msgs/share/as2_msgs/msg/ControllerInfo.idl
[8.281s] -- Up-to-date: /root/aerostack2_ws/install/as2_msgs/share/as2_msgs/msg/FollowTargetInfo.idl
[8.282s] -- Up-to-date: /root/aerostack2_ws/install/as2_msgs/share/as2_msgs/msg/Geozone.idl
[8.284s] -- Up-to-date: /root/aerostack2_ws/install/as2_msgs/share/as2_msgs/msg/GimbalControl.idl
[8.290s] -- Up-to-date: /root/aerostack2_ws/install/as2_msgs/share/as2_msgs/msg/MissionEvent.idl
[8.291s] -- Up-to-date: /root/aerostack2_ws/install/as2_msgs/share/as2_msgs/msg/MissionUpdate.idl
[8.291s] -- Up-to-date: /root/aerostack2_ws/install/as2_msgs/share/as2_msgs/msg/NodeStatus.idl
[8.292s] -- Up-to-date: /root/aerostack2_ws/install/as2_msgs/share/as2_msgs/msg/PlatformInfo.idl
[8.298s] -- Up-to-date: /root/aerostack2_ws/install/as2_msgs/share/as2_msgs/msg/PlatformStateMachineEvent.idl
[8.298s] -- Up-to-date: /root/aerostack2_ws/install/as2_msgs/share/as2_msgs/msg/PlatformStatus.idl
[8.300s] -- Up-to-date: /root/aerostack2_ws/install/as2_msgs/share/as2_msgs/msg/PolygonList.idl
[8.300s] -- Up-to-date: /root/aerostack2_ws/install/as2_msgs/share/as2_msgs/msg/PoseStampedWithID.idl
[8.300s] -- Up-to-date: /root/aerostack2_ws/install/as2_msgs/share/as2_msgs/msg/PoseStampedWithIDArray.idl
[8.300s] -- Up-to-date: /root/aerostack2_ws/install/as2_msgs/share/as2_msgs/msg/PoseWithID.idl
[8.303s] -- Up-to-date: /root/aerostack2_ws/install/as2_msgs/share/as2_msgs/msg/PoseWithIDArray.idl
[8.303s] -- Up-to-date: /root/aerostack2_ws/install/as2_msgs/share/as2_msgs/msg/Speed.idl
[8.309s] -- Up-to-date: /root/aerostack2_ws/install/as2_msgs/share/as2_msgs/msg/Thrust.idl
[8.310s] -- Up-to-date: /root/aerostack2_ws/install/as2_msgs/share/as2_msgs/msg/TrajGenInfo.idl
[8.310s] -- Up-to-date: /root/aerostack2_ws/install/as2_msgs/share/as2_msgs/msg/TrajectoryPoint.idl
[8.313s] -- Up-to-date: /root/aerostack2_ws/install/as2_msgs/share/as2_msgs/msg/TrajectorySetpoints.idl
[8.314s] -- Up-to-date: /root/aerostack2_ws/install/as2_msgs/share/as2_msgs/msg/UInt16MultiArrayStamped.idl
[8.314s] -- Up-to-date: /root/aerostack2_ws/install/as2_msgs/share/as2_msgs/msg/YawMode.idl
[8.314s] -- Up-to-date: /root/aerostack2_ws/install/as2_msgs/share/as2_msgs/srv/AddStaticTransform.idl
[8.314s] -- Up-to-date: /root/aerostack2_ws/install/as2_msgs/share/as2_msgs/srv/AddStaticTransformGps.idl
[8.314s] -- Up-to-date: /root/aerostack2_ws/install/as2_msgs/share/as2_msgs/srv/DynamicFollower.idl
[8.314s] -- Up-to-date: /root/aerostack2_ws/install/as2_msgs/share/as2_msgs/srv/DynamicLand.idl
[8.315s] -- Up-to-date: /root/aerostack2_ws/install/as2_msgs/share/as2_msgs/srv/GeopathToPath.idl
[8.318s] -- Up-to-date: /root/aerostack2_ws/install/as2_msgs/share/as2_msgs/srv/GetGeozone.idl
[8.320s] -- Up-to-date: /root/aerostack2_ws/install/as2_msgs/share/as2_msgs/srv/GetOrigin.idl
[8.322s] -- Up-to-date: /root/aerostack2_ws/install/as2_msgs/share/as2_msgs/srv/ListControlModes.idl
[8.323s] -- Up-to-date: /root/aerostack2_ws/install/as2_msgs/share/as2_msgs/srv/ModifySwarm.idl
[8.327s] -- Up-to-date: /root/aerostack2_ws/install/as2_msgs/share/as2_msgs/srv/PackagePickUp.idl
[8.327s] -- Up-to-date: /root/aerostack2_ws/install/as2_msgs/share/as2_msgs/srv/PackageUnPick.idl
[8.327s] -- Up-to-date: /root/aerostack2_ws/install/as2_msgs/share/as2_msgs/srv/PathToGeopath.idl
[8.329s] -- Up-to-date: /root/aerostack2_ws/install/as2_msgs/share/as2_msgs/srv/SetControlMode.idl
[8.329s] -- Up-to-date: /root/aerostack2_ws/install/as2_msgs/share/as2_msgs/srv/SetGeozone.idl
[8.331s] -- Up-to-date: /root/aerostack2_ws/install/as2_msgs/share/as2_msgs/srv/SetOrigin.idl
[8.331s] -- Up-to-date: /root/aerostack2_ws/install/as2_msgs/share/as2_msgs/srv/SetPlatformStateMachineEvent.idl
[8.332s] -- Up-to-date: /root/aerostack2_ws/install/as2_msgs/share/as2_msgs/srv/SetSpeed.idl
[8.359s] -- Up-to-date: /root/aerostack2_ws/install/as2_msgs/share/as2_msgs/action/DetectArucoMarkers.idl
[8.359s] -- Up-to-date: /root/aerostack2_ws/install/as2_msgs/share/as2_msgs/action/FollowPath.idl
[8.364s] -- Up-to-date: /root/aerostack2_ws/install/as2_msgs/share/as2_msgs/action/FollowReference.idl
[8.372s] -- Up-to-date: /root/aerostack2_ws/install/as2_msgs/share/as2_msgs/action/GeneratePolynomialTrajectory.idl
[8.376s] -- Up-to-date: /root/aerostack2_ws/install/as2_msgs/share/as2_msgs/action/GoToWaypoint.idl
[8.377s] -- Up-to-date: /root/aerostack2_ws/install/as2_msgs/share/as2_msgs/action/Land.idl
[8.377s] -- Up-to-date: /root/aerostack2_ws/install/as2_msgs/share/as2_msgs/action/NavigateToPoint.idl
[8.377s] -- Up-to-date: /root/aerostack2_ws/install/as2_msgs/share/as2_msgs/action/PointGimbal.idl
[8.377s] -- Up-to-date: /root/aerostack2_ws/install/as2_msgs/share/as2_msgs/action/SetArmingState.idl
[8.382s] -- Up-to-date: /root/aerostack2_ws/install/as2_msgs/share/as2_msgs/action/SetOffboardMode.idl
[8.383s] -- Up-to-date: /root/aerostack2_ws/install/as2_msgs/share/as2_msgs/action/SwarmFlocking.idl
[8.383s] -- Up-to-date: /root/aerostack2_ws/install/as2_msgs/share/as2_msgs/action/Takeoff.idl
[8.389s] -- Up-to-date: /root/aerostack2_ws/install/as2_msgs/share/as2_msgs/msg/Acro.msg
[8.389s] -- Up-to-date: /root/aerostack2_ws/install/as2_msgs/share/as2_msgs/msg/AlertEvent.msg
[8.389s] -- Up-to-date: /root/aerostack2_ws/install/as2_msgs/share/as2_msgs/msg/BehaviorStatus.msg
[8.389s] -- Up-to-date: /root/aerostack2_ws/install/as2_msgs/share/as2_msgs/msg/ControlMode.msg
[8.401s] -- Up-to-date: /root/aerostack2_ws/install/as2_msgs/share/as2_msgs/msg/ControllerInfo.msg
[8.401s] -- Up-to-date: /root/aerostack2_ws/install/as2_msgs/share/as2_msgs/msg/FollowTargetInfo.msg
[8.401s] -- Up-to-date: /root/aerostack2_ws/install/as2_msgs/share/as2_msgs/msg/Geozone.msg
[8.402s] -- Up-to-date: /root/aerostack2_ws/install/as2_msgs/share/as2_msgs/msg/GimbalControl.msg
[8.402s] -- Up-to-date: /root/aerostack2_ws/install/as2_msgs/share/as2_msgs/msg/MissionEvent.msg
[8.402s] -- Up-to-date: /root/aerostack2_ws/install/as2_msgs/share/as2_msgs/msg/MissionUpdate.msg
[8.402s] -- Up-to-date: /root/aerostack2_ws/install/as2_msgs/share/as2_msgs/msg/NodeStatus.msg
[8.402s] -- Up-to-date: /root/aerostack2_ws/install/as2_msgs/share/as2_msgs/msg/PlatformInfo.msg
[8.402s] -- Up-to-date: /root/aerostack2_ws/install/as2_msgs/share/as2_msgs/msg/PlatformStateMachineEvent.msg
[8.407s] -- Up-to-date: /root/aerostack2_ws/install/as2_msgs/share/as2_msgs/msg/PlatformStatus.msg
[8.408s] -- Up-to-date: /root/aerostack2_ws/install/as2_msgs/share/as2_msgs/msg/PolygonList.msg
[8.408s] -- Up-to-date: /root/aerostack2_ws/install/as2_msgs/share/as2_msgs/msg/PoseStampedWithID.msg
[8.414s] -- Up-to-date: /root/aerostack2_ws/install/as2_msgs/share/as2_msgs/msg/PoseStampedWithIDArray.msg
[8.415s] -- Up-to-date: /root/aerostack2_ws/install/as2_msgs/share/as2_msgs/msg/PoseWithID.msg
[8.415s] -- Up-to-date: /root/aerostack2_ws/install/as2_msgs/share/as2_msgs/msg/PoseWithIDArray.msg
[8.415s] -- Up-to-date: /root/aerostack2_ws/install/as2_msgs/share/as2_msgs/msg/Speed.msg
[8.419s] -- Up-to-date: /root/aerostack2_ws/install/as2_msgs/share/as2_msgs/msg/Thrust.msg
[8.419s] -- Up-to-date: /root/aerostack2_ws/install/as2_msgs/share/as2_msgs/msg/TrajGenInfo.msg
[8.419s] -- Up-to-date: /root/aerostack2_ws/install/as2_msgs/share/as2_msgs/msg/TrajectoryPoint.msg
[8.428s] -- Up-to-date: /root/aerostack2_ws/install/as2_msgs/share/as2_msgs/msg/TrajectorySetpoints.msg
[8.428s] -- Up-to-date: /root/aerostack2_ws/install/as2_msgs/share/as2_msgs/msg/UInt16MultiArrayStamped.msg
[8.428s] -- Up-to-date: /root/aerostack2_ws/install/as2_msgs/share/as2_msgs/msg/YawMode.msg
[8.434s] -- Up-to-date: /root/aerostack2_ws/install/as2_msgs/share/as2_msgs/srv/AddStaticTransform.srv
[8.434s] -- Up-to-date: /root/aerostack2_ws/install/as2_msgs/share/as2_msgs/srv/AddStaticTransform_Request.msg
[8.450s] -- Up-to-date: /root/aerostack2_ws/install/as2_msgs/share/as2_msgs/srv/AddStaticTransform_Response.msg
[8.450s] -- Up-to-date: /root/aerostack2_ws/install/as2_msgs/share/as2_msgs/srv/AddStaticTransformGps.srv
[8.450s] -- Up-to-date: /root/aerostack2_ws/install/as2_msgs/share/as2_msgs/srv/AddStaticTransformGps_Request.msg
[8.454s] -- Up-to-date: /root/aerostack2_ws/install/as2_msgs/share/as2_msgs/srv/AddStaticTransformGps_Response.msg
[8.464s] -- Up-to-date: /root/aerostack2_ws/install/as2_msgs/share/as2_msgs/srv/DynamicFollower.srv
[8.464s] -- Up-to-date: /root/aerostack2_ws/install/as2_msgs/share/as2_msgs/srv/DynamicFollower_Request.msg
[8.473s] -- Up-to-date: /root/aerostack2_ws/install/as2_msgs/share/as2_msgs/srv/DynamicFollower_Response.msg
[8.473s] -- Up-to-date: /root/aerostack2_ws/install/as2_msgs/share/as2_msgs/srv/DynamicLand.srv
[8.474s] -- Up-to-date: /root/aerostack2_ws/install/as2_msgs/share/as2_msgs/srv/DynamicLand_Request.msg
[8.476s] -- Up-to-date: /root/aerostack2_ws/install/as2_msgs/share/as2_msgs/srv/DynamicLand_Response.msg
[8.478s] -- Up-to-date: /root/aerostack2_ws/install/as2_msgs/share/as2_msgs/srv/GeopathToPath.srv
[8.479s] -- Up-to-date: /root/aerostack2_ws/install/as2_msgs/share/as2_msgs/srv/GeopathToPath_Request.msg
[8.480s] -- Up-to-date: /root/aerostack2_ws/install/as2_msgs/share/as2_msgs/srv/GeopathToPath_Response.msg
[8.482s] -- Up-to-date: /root/aerostack2_ws/install/as2_msgs/share/as2_msgs/srv/GetGeozone.srv
[8.486s] -- Up-to-date: /root/aerostack2_ws/install/as2_msgs/share/as2_msgs/srv/GetGeozone_Request.msg
[8.486s] -- Up-to-date: /root/aerostack2_ws/install/as2_msgs/share/as2_msgs/srv/GetGeozone_Response.msg
[8.486s] -- Up-to-date: /root/aerostack2_ws/install/as2_msgs/share/as2_msgs/srv/GetOrigin.srv
[8.486s] -- Up-to-date: /root/aerostack2_ws/install/as2_msgs/share/as2_msgs/srv/GetOrigin_Request.msg
[8.486s] -- Up-to-date: /root/aerostack2_ws/install/as2_msgs/share/as2_msgs/srv/GetOrigin_Response.msg
[8.486s] -- Up-to-date: /root/aerostack2_ws/install/as2_msgs/share/as2_msgs/srv/ListControlModes.srv
[8.502s] -- Up-to-date: /root/aerostack2_ws/install/as2_msgs/share/as2_msgs/srv/ListControlModes_Request.msg
[8.502s] -- Up-to-date: /root/aerostack2_ws/install/as2_msgs/share/as2_msgs/srv/ListControlModes_Response.msg
[8.502s] -- Up-to-date: /root/aerostack2_ws/install/as2_msgs/share/as2_msgs/srv/ModifySwarm.srv
[8.502s] -- Up-to-date: /root/aerostack2_ws/install/as2_msgs/share/as2_msgs/srv/ModifySwarm_Request.msg
[8.511s] -- Up-to-date: /root/aerostack2_ws/install/as2_msgs/share/as2_msgs/srv/ModifySwarm_Response.msg
[8.512s] -- Up-to-date: /root/aerostack2_ws/install/as2_msgs/share/as2_msgs/srv/PackagePickUp.srv
[8.512s] -- Up-to-date: /root/aerostack2_ws/install/as2_msgs/share/as2_msgs/srv/PackagePickUp_Request.msg
[8.514s] -- Up-to-date: /root/aerostack2_ws/install/as2_msgs/share/as2_msgs/srv/PackagePickUp_Response.msg
[8.514s] -- Up-to-date: /root/aerostack2_ws/install/as2_msgs/share/as2_msgs/srv/PackageUnPick.srv
[8.516s] -- Up-to-date: /root/aerostack2_ws/install/as2_msgs/share/as2_msgs/srv/PackageUnPick_Request.msg
[8.517s] -- Up-to-date: /root/aerostack2_ws/install/as2_msgs/share/as2_msgs/srv/PackageUnPick_Response.msg
[8.517s] -- Up-to-date: /root/aerostack2_ws/install/as2_msgs/share/as2_msgs/srv/PathToGeopath.srv
[8.529s] -- Up-to-date: /root/aerostack2_ws/install/as2_msgs/share/as2_msgs/srv/PathToGeopath_Request.msg
[8.529s] -- Up-to-date: /root/aerostack2_ws/install/as2_msgs/share/as2_msgs/srv/PathToGeopath_Response.msg
[8.529s] -- Up-to-date: /root/aerostack2_ws/install/as2_msgs/share/as2_msgs/srv/SetControlMode.srv
[8.536s] -- Up-to-date: /root/aerostack2_ws/install/as2_msgs/share/as2_msgs/srv/SetControlMode_Request.msg
[8.537s] -- Up-to-date: /root/aerostack2_ws/install/as2_msgs/share/as2_msgs/srv/SetControlMode_Response.msg
[8.543s] -- Up-to-date: /root/aerostack2_ws/install/as2_msgs/share/as2_msgs/srv/SetGeozone.srv
[8.547s] -- Up-to-date: /root/aerostack2_ws/install/as2_msgs/share/as2_msgs/srv/SetGeozone_Request.msg
[8.547s] -- Up-to-date: /root/aerostack2_ws/install/as2_msgs/share/as2_msgs/srv/SetGeozone_Response.msg
[8.548s] -- Up-to-date: /root/aerostack2_ws/install/as2_msgs/share/as2_msgs/srv/SetOrigin.srv
[8.548s] -- Up-to-date: /root/aerostack2_ws/install/as2_msgs/share/as2_msgs/srv/SetOrigin_Request.msg
[8.548s] -- Up-to-date: /root/aerostack2_ws/install/as2_msgs/share/as2_msgs/srv/SetOrigin_Response.msg
[8.548s] -- Up-to-date: /root/aerostack2_ws/install/as2_msgs/share/as2_msgs/srv/SetPlatformStateMachineEvent.srv
[8.548s] -- Up-to-date: /root/aerostack2_ws/install/as2_msgs/share/as2_msgs/srv/SetPlatformStateMachineEvent_Request.msg
[8.551s] -- Up-to-date: /root/aerostack2_ws/install/as2_msgs/share/as2_msgs/srv/SetPlatformStateMachineEvent_Response.msg
[8.565s] -- Up-to-date: /root/aerostack2_ws/install/as2_msgs/share/as2_msgs/srv/SetSpeed.srv
[8.570s] -- Up-to-date: /root/aerostack2_ws/install/as2_msgs/share/as2_msgs/srv/SetSpeed_Request.msg
[8.570s] -- Up-to-date: /root/aerostack2_ws/install/as2_msgs/share/as2_msgs/srv/SetSpeed_Response.msg
[8.570s] -- Up-to-date: /root/aerostack2_ws/install/as2_msgs/share/as2_msgs/action/DetectArucoMarkers.action
[8.570s] -- Up-to-date: /root/aerostack2_ws/install/as2_msgs/share/as2_msgs/action/FollowPath.action
[8.570s] -- Up-to-date: /root/aerostack2_ws/install/as2_msgs/share/as2_msgs/action/FollowReference.action
[8.571s] -- Up-to-date: /root/aerostack2_ws/install/as2_msgs/share/as2_msgs/action/GeneratePolynomialTrajectory.action
[8.571s] -- Up-to-date: /root/aerostack2_ws/install/as2_msgs/share/as2_msgs/action/GoToWaypoint.action
[8.571s] -- Up-to-date: /root/aerostack2_ws/install/as2_msgs/share/as2_msgs/action/Land.action
[8.571s] -- Up-to-date: /root/aerostack2_ws/install/as2_msgs/share/as2_msgs/action/NavigateToPoint.action
[8.571s] -- Up-to-date: /root/aerostack2_ws/install/as2_msgs/share/as2_msgs/action/PointGimbal.action
[8.587s] -- Up-to-date: /root/aerostack2_ws/install/as2_msgs/share/as2_msgs/action/SetArmingState.action
[8.588s] -- Up-to-date: /root/aerostack2_ws/install/as2_msgs/share/as2_msgs/action/SetOffboardMode.action
[8.588s] -- Up-to-date: /root/aerostack2_ws/install/as2_msgs/share/as2_msgs/action/SwarmFlocking.action
[8.588s] -- Up-to-date: /root/aerostack2_ws/install/as2_msgs/share/as2_msgs/action/Takeoff.action
[8.588s] -- Up-to-date: /root/aerostack2_ws/install/as2_msgs/share/ament_index/resource_index/package_run_dependencies/as2_msgs
[8.588s] -- Up-to-date: /root/aerostack2_ws/install/as2_msgs/share/ament_index/resource_index/parent_prefix_path/as2_msgs
[8.588s] -- Up-to-date: /root/aerostack2_ws/install/as2_msgs/share/as2_msgs/environment/ament_prefix_path.sh
[8.588s] -- Up-to-date: /root/aerostack2_ws/install/as2_msgs/share/as2_msgs/environment/ament_prefix_path.dsv
[8.603s] -- Up-to-date: /root/aerostack2_ws/install/as2_msgs/share/as2_msgs/environment/path.sh
[8.615s] -- Up-to-date: /root/aerostack2_ws/install/as2_msgs/share/as2_msgs/environment/path.dsv
[8.616s] -- Up-to-date: /root/aerostack2_ws/install/as2_msgs/share/as2_msgs/local_setup.bash
[8.616s] -- Up-to-date: /root/aerostack2_ws/install/as2_msgs/share/as2_msgs/local_setup.sh
[8.616s] -- Up-to-date: /root/aerostack2_ws/install/as2_msgs/share/as2_msgs/local_setup.zsh
[8.616s] -- Up-to-date: /root/aerostack2_ws/install/as2_msgs/share/as2_msgs/local_setup.dsv
[8.616s] -- Installing: /root/aerostack2_ws/install/as2_msgs/share/as2_msgs/package.dsv
[8.616s] -- Up-to-date: /root/aerostack2_ws/install/as2_msgs/share/ament_index/resource_index/packages/as2_msgs
[8.616s] -- Up-to-date: /root/aerostack2_ws/install/as2_msgs/share/as2_msgs/cmake/export_as2_msgs__rosidl_generator_cExport.cmake
[8.622s] -- Up-to-date: /root/aerostack2_ws/install/as2_msgs/share/as2_msgs/cmake/export_as2_msgs__rosidl_generator_cExport-noconfig.cmake
[8.622s] -- Up-to-date: /root/aerostack2_ws/install/as2_msgs/share/as2_msgs/cmake/export_as2_msgs__rosidl_typesupport_fastrtps_cExport.cmake
[8.639s] -- Up-to-date: /root/aerostack2_ws/install/as2_msgs/share/as2_msgs/cmake/export_as2_msgs__rosidl_typesupport_fastrtps_cExport-noconfig.cmake
[8.656s] -- Up-to-date: /root/aerostack2_ws/install/as2_msgs/share/as2_msgs/cmake/as2_msgs__rosidl_typesupport_introspection_cExport.cmake
[8.656s] -- Up-to-date: /root/aerostack2_ws/install/as2_msgs/share/as2_msgs/cmake/as2_msgs__rosidl_typesupport_introspection_cExport-noconfig.cmake
[8.656s] -- Up-to-date: /root/aerostack2_ws/install/as2_msgs/share/as2_msgs/cmake/as2_msgs__rosidl_typesupport_cExport.cmake
[8.656s] -- Up-to-date: /root/aerostack2_ws/install/as2_msgs/share/as2_msgs/cmake/as2_msgs__rosidl_typesupport_cExport-noconfig.cmake
[8.657s] -- Up-to-date: /root/aerostack2_ws/install/as2_msgs/share/as2_msgs/cmake/export_as2_msgs__rosidl_generator_cppExport.cmake
[8.657s] -- Up-to-date: /root/aerostack2_ws/install/as2_msgs/share/as2_msgs/cmake/export_as2_msgs__rosidl_typesupport_fastrtps_cppExport.cmake
[8.665s] -- Up-to-date: /root/aerostack2_ws/install/as2_msgs/share/as2_msgs/cmake/export_as2_msgs__rosidl_typesupport_fastrtps_cppExport-noconfig.cmake
[8.683s] -- Up-to-date: /root/aerostack2_ws/install/as2_msgs/share/as2_msgs/cmake/as2_msgs__rosidl_typesupport_introspection_cppExport.cmake
[8.683s] -- Up-to-date: /root/aerostack2_ws/install/as2_msgs/share/as2_msgs/cmake/as2_msgs__rosidl_typesupport_introspection_cppExport-noconfig.cmake
[8.705s] -- Up-to-date: /root/aerostack2_ws/install/as2_msgs/share/as2_msgs/cmake/as2_msgs__rosidl_typesupport_cppExport.cmake
[8.705s] -- Up-to-date: /root/aerostack2_ws/install/as2_msgs/share/as2_msgs/cmake/as2_msgs__rosidl_typesupport_cppExport-noconfig.cmake
[8.705s] -- Up-to-date: /root/aerostack2_ws/install/as2_msgs/share/as2_msgs/cmake/export_as2_msgs__rosidl_generator_pyExport.cmake
[8.722s] -- Up-to-date: /root/aerostack2_ws/install/as2_msgs/share/as2_msgs/cmake/export_as2_msgs__rosidl_generator_pyExport-noconfig.cmake
[8.723s] -- Up-to-date: /root/aerostack2_ws/install/as2_msgs/share/as2_msgs/cmake/rosidl_cmake-extras.cmake
[8.723s] -- Up-to-date: /root/aerostack2_ws/install/as2_msgs/share/as2_msgs/cmake/ament_cmake_export_dependencies-extras.cmake
[8.723s] -- Up-to-date: /root/aerostack2_ws/install/as2_msgs/share/as2_msgs/cmake/ament_cmake_export_include_directories-extras.cmake
[8.723s] -- Up-to-date: /root/aerostack2_ws/install/as2_msgs/share/as2_msgs/cmake/ament_cmake_export_libraries-extras.cmake
[8.723s] -- Up-to-date: /root/aerostack2_ws/install/as2_msgs/share/as2_msgs/cmake/ament_cmake_export_targets-extras.cmake
[8.723s] -- Up-to-date: /root/aerostack2_ws/install/as2_msgs/share/as2_msgs/cmake/rosidl_cmake_export_typesupport_targets-extras.cmake
[8.732s] -- Up-to-date: /root/aerostack2_ws/install/as2_msgs/share/as2_msgs/cmake/rosidl_cmake_export_typesupport_libraries-extras.cmake
[8.753s] -- Up-to-date: /root/aerostack2_ws/install/as2_msgs/share/as2_msgs/cmake/as2_msgsConfig.cmake
[8.753s] -- Up-to-date: /root/aerostack2_ws/install/as2_msgs/share/as2_msgs/cmake/as2_msgsConfig-version.cmake
[8.753s] -- Up-to-date: /root/aerostack2_ws/install/as2_msgs/share/as2_msgs/package.xml
[8.786s] Invoked command in '/root/aerostack2_ws/build/as2_msgs' returned '0': CMAKE_PREFIX_PATH=${CMAKE_PREFIX_PATH}:/root/aerostack2_ws/install/as2_swarm_perception:/root/aerostack2_ws/install/as2_project_bringup:/root/aerostack2_ws/install/rmf_demos_tasks:/root/aerostack2_ws/install/rmf_demos_panel:/root/aerostack2_ws/install/rmf_demos_fleet_adapter:/root/aerostack2_ws/install/rmf_demos_dashboard_resources:/root/aerostack2_ws/install/rmf_demos_bridges:/root/aerostack2_ws/install/rmf_demos_assets:/root/aerostack2_ws/install/as2_visualization:/root/aerostack2_ws/install/as2_keyboard_teleoperation:/root/aerostack2_ws/install/as2_python_api:/root/aerostack2_ws/install/as2_perception:/opt/ros/humble /usr/bin/cmake --install /root/aerostack2_ws/build/as2_msgs
